TCGA-44-8120-01A;TCGA-78-8640-01A;TCGA-L4-A4E6-01A;TCGA-44-7671-01A;TCGA-05-4425-01A;TCGA-95-8494-01A;TCGA-69-7980-01A;TCGA-05-4249-01A;TCGA-78-7153-01A;TCGA-55-A490-01A;TCGA-05-4249-01A;TCGA-78-7167-01A;TCGA-80-5608-01A;TCGA-55-8511-01A;TCGA-55-6987-01A;TCGA-62-A46O-01A;TCGA-69-8255-01A;TCGA-86-8671-01A;TCGA-49-AARO-01A;TCGA-55-7574-01A;TCGA-55-7574-01A;TCGA-49-AAR4-01A;TCGA-05-5715-01A;TCGA-05-4420-01A;TCGA-78-8655-01A;TCGA-44-2661-01A;TCGA-97-A4M1-01A;TCGA-78-7160-01A;TCGA-50-5049-01A;TCGA-55-8301-01A;TCGA-69-7973-01A;TCGA-69-7765-01A;TCGA-05-4425-01A;TCGA-86-8280-01A;TCGA-69-8253-01A;TCGA-64-5775-01A;TCGA-97-A4M3-01A;TCGA-55-8204-01A;TCGA-44-2666-01B;TCGA-50-5045-01A;TCGA-50-5942-01A;TCGA-55-7911-01A;TCGA-55-7727-01A;TCGA-75-5146-01A;TCGA-NJ-A4YP-01A;TCGA-44-6146-01B;TCGA-55-7728-01A;TCGA-75-6206-01A;TCGA-64-5781-01A;TCGA-55-7903-01A;TCGA-MP-A4TF-01A;TCGA-55-7995-01A;TCGA-97-A4M1-01A;TCGA-44-7672-01A;TCGA-78-7633-01A;TCGA-38-4631-01A;TCGA-05-5425-01A;TCGA-75-7030-01A;TCGA-MN-A4N5-01A;TCGA-55-6979-11A;TCGA-91-6831-11A;TCGA-44-6777-11A;TCGA-44-3396-11A;TCGA-49-6742-11A;TCGA-50-5931-11A;TCGA-44-6147-11A;TCGA-55-6969-11A;TCGA-49-6761-11A;TCGA-44-5645-11A;TCGA-91-6836-11A;TCGA-44-3398-11B;TCGA-55-6984-11A;TCGA-49-4490-11A;TCGA-49-6745-11A;TCGA-55-6971-11A;TCGA-44-2655-11A;TCGA-44-2665-11A;TCGA-73-4676-11A;TCGA-38-4625-11A;TCGA-55-6986-11A;TCGA-55-6983-11A;TCGA-49-4512-11A;TCGA-44-2661-11A;TCGA-38-4627-11A;TCGA-49-6743-11A;TCGA-44-6776-11A;TCGA-50-5936-11A;TCGA-91-6828-11A;TCGA-44-6146-11A;TCGA-44-6144-11A;TCGA-50-5930-11A;TCGA-50-5932-11A;TCGA-38-4626-11A;TCGA-50-5935-11A;TCGA-38-4632-11A;TCGA-91-6847-11A;TCGA-55-6975-11A;TCGA-50-5933-11A;TCGA-44-6778-11A;TCGA-91-6835-11A;TCGA-44-2657-11A;TCGA-50-5939-11A;TCGA-49-6744-11A;TCGA-55-6968-11A;TCGA-55-6985-11A;TCGA-50-6595-11A;TCGA-55-6982-11A;TCGA-44-6148-11A;TCGA-44-2662-11A;TCGA-91-6829-11A;TCGA-55-6981-11A;TCGA-55-6978-11A;TCGA-44-2668-11A;TCGA-55-6972-11A;TCGA-55-6980-11A;TCGA-55-6970-11A;TCGA-44-6145-11A;TCGA-91-6849-11A
12.064405961891042;10.324180546618742;10.37937836707126;11.00982861736811;10.988684686772164;12.13827180017222;11.405141463136344;11.07347215397646;10.7047682393626;10.523561956057012;11.07347215397646;11.452241240430816;12.059006395201113;11.080817527608328;10.846273911349906;8.851749041416058;10.18239435340453;11.13249972962851;10.583082767502932;10.10459875356437;10.10459875356437;10.78953364497036;10.698704666770343;12.798471801101618;10.513727595952435;11.178664851006472;11.293471648838134;9.554588851677638;10.61194694181998;10.34207466799914;11.28886607416582;9.41574176829009;10.988684686772164;11.196602126523173;10.702172685365548;10.090112419664289;10.96650545190574;10.91737207947684;7.22881869049588;11.85681455250301;10.258566033889933;10.63390340934852;7.247927513443585;11.505315356136236;12.07112712494831;6.554588851677638;11.763627351727628;9.987264012072538;11.121533517340032;10.510764167917891;9.642051692927977;11.627533884472792;11.293471648838134;11.3157156580222;11.189824558880018;10.861862340059153;10.71338651493703;9.955649907528374;10.192292814470768;9.581200581924955;9.116343961237469;10.266786540694902;11.312882955284357;10.492854620174748;10.217957697864112;9.958552715431011;10.030667136246942;10.187352073200495;11.034798962577268;9.853309555403674;11.24852060493843;11.519636252843211;11.009128789539256;11.29748950116098;9.987264012072538;11.75112558336727;11.552188759557149;10.352043425795433;11.714245517666123;11.609640474436812;9.61654884377899;10.839203788096944;11.118941072723509;11.61056350392504;10.337621901992508;9.80896417491926;10.00842862207058;10.232420927176076;9.884170519108435;10.527477006060396;9.915879378835774;9.689997971419446;11.4812949046311;10.14210705730255;10.125413470483316;10.303780748177102;9.873444112515376;9.828136484194108;10.1006623390052;10.31628153174622;10.85642552862553;9.918863237274596;9.705632387361415;10.34207466799914;10.63662462054365;11.12670447284319;9.73809225962049;10.746514321138465;11.244958393151132;10.205793249397155;9.700439718141093;10.224001674198105;11.01262453886506;9.951284714966972;9.936637939002573;9.344295907915816;10.072802534544207;10.048486873992337
7.977279923499917;9.94104760634058;6.339850002884624;8.027905996569885;7.442943495848728;8.707359132080883;8.714245517666123;7.734709620225838;7.330916878114617;8.848622940429339;7.734709620225838;5.044394119358453;8.686500527183219;8.94251450533924;9.967226258835993;9.810571634741146;10.167418145831736;8.672425341971495;7.774787059601174;7.118941072723508;7.118941072723508;8.169925001442312;7.276124405274237;10.232420927176076;6.3750394313469245;7.383704292474052;6.554588851677638;7.787902559391432;7.936637939002571;9.025139562278508;9.754887502163468;6.832890014164741;7.442943495848728;8.471675214392045;6.149747119504682;6.832890014164741;6.491853096329675;9.620219825507489;6.189824558880018;8.103287808412022;5.247927513443585;8.794415866350105;7.839203788096944;6.20945336562895;9.958552715431011;4.906890595608519;8.353146825498083;5.614709844115208;8.184875342908283;9.273795599214264;7.707359132080882;9.614709844115207;6.554588851677638;8.96289600533726;8.103287808412022;7.86418614465428;8.247927513443585;5.20945336562895;9.283088353024002;4.954196310386875;3.169925001442312;5.954196310386875;6.569855608330948;6.20945336562895;4.087462841250339;6.918863237274595;6.189824558880018;5.285402218862249;6.3750394313469245;4.169925001442312;7.076815597050831;5.285402218862249;4.643856189774724;5.087462841250339;5.129283016944966;6.754887502163468;5.643856189774724;5.584962500721156;4.857980995127572;6.475733430966398;5.247927513443585;4.0;6.285402218862249;5.614709844115208;4.087462841250339;4.087462841250339;5.459431618637297;5.087462841250339;5.087462841250339;5.977279923499917;4.807354922057604;5.044394119358453;6.189824558880018;5.044394119358453;6.0;4.0;5.357552004618084;4.584962500721156;5.672425341971495;5.129283016944966;8.618385502258606;4.754887502163468;4.857980995127572;5.491853096329675;6.22881869049588;6.285402218862249;5.700439718141092;5.643856189774724;5.614709844115208;6.727920454563199;4.643856189774724;5.087462841250339;8.055282435501189;5.584962500721156;4.643856189774724;5.700439718141092;5.169925001442312;4.700439718141092
10.961449694398196;6.807354922057604;10.364134655008051;9.405141463136344;7.936637939002571;6.285402218862249;9.43879185257826;9.958552715431011;7.409390936137702;7.3750394313469245;9.958552715431011;9.753216749178955;7.442943495848728;8.243173983472952;11.857980995127573;6.266786540694901;10.499845887083206;9.052568050804153;7.643856189774724;9.226412192788786;9.226412192788786;7.169925001442312;7.906890595608519;10.164906926675688;8.312882955284355;9.853309555403674;9.43879185257826;9.49585502688717;9.726218159332198;9.038918989292302;9.909893083770042;9.99435343685886;7.936637939002571;10.096715154488535;8.86418614465428;8.682994583681683;9.038918989292302;8.813781191217037;10.517669388133813;10.157346935362844;10.380461065088973;8.308339030139408;8.451211111832329;8.873444112515376;8.988684686772165;10.527477006060396;8.558420713268664;9.144658242831882;7.409390936137702;10.496853777388042;5.857980995127572;8.888743248898258;9.43879185257826;8.936637939002571;9.862637357558794;7.330916878114617;8.845490050944376;8.86418614465428;8.59618975614441;8.76487159073609;9.702172685365548;9.988684686772164;11.345959596404112;8.876516946565;9.366322214245816;9.974414589805528;9.709083812550343;9.247927513443583;9.847057346091336;8.971543553950772;11.061371192659813;9.899356922923111;9.467605550082997;8.693486957499324;9.60733031374961;11.044394119358454;10.828136484194108;9.509775004326936;9.932214751968385;10.50084187955693;8.129283016944967;9.61654884377899;10.700439718141093;11.270879295328784;10.443979542601252;8.703903573444663;10.328674927327947;9.13699111208023;10.088788238716909;9.571752643503546;8.936637939002571;9.99859042974533;9.381542951184583;8.927777962082342;9.211888294546004;8.113742166049189;9.519636252843211;10.44086916761087;10.251482410620213;9.899356922923111;9.154818109052105;10.565102078360312;10.264442600226602;8.558420713268664;11.14274527675153;10.513727595952435;9.69522829149575;10.965784284662089;10.581200581924955;8.861086905995395;9.388017285345136;9.25974326369078;10.214319120800766;9.13699111208023;9.08214904135387;9.91288933622996;8.954196310386875;9.08214904135387
10.964340867792416;9.930737337562888;10.052568050804153;10.68650052718322;10.884933647949762;9.184875342908285;11.98370619265935;12.193525360501216;10.372865060112588;10.271463027904376;12.193525360501216;10.140829770773;11.06339508128851;10.757390009366638;11.339850002884624;9.59245703726808;11.274960472140602;11.106562940444883;9.7515440590891;9.278449458220482;9.278449458220482;9.826548487290914;9.813781191217036;12.227916724201489;10.048486873992337;11.047123912114026;10.403012023574997;9.900866807980748;10.541096615349524;11.066089190457772;10.659103963473662;9.333155350310616;10.884933647949762;11.548340287676147;10.239598529249124;9.658211482751796;10.108524456778168;11.159871336778387;8.59245703726808;11.145295334933598;9.483815777264256;10.13699111208023;9.4241662888181;10.303780748177102;12.61194694181998;6.894817763307944;11.3066313617125;9.226412192788786;11.732167425663384;10.169925001442312;10.562242424221072;11.511258495502268;10.403012023574997;10.95492329203032;10.948367231584678;10.800090987624994;11.90651484484695;9.34207466799914;11.287135186086704;9.044394119358454;8.353146825498083;9.445014845868425;10.947636937951827;9.417852514885896;8.442943495848729;10.13699111208023;9.098032082960527;8.321928094887362;9.84862294042934;8.761551232444479;10.197216693110052;10.130570562805426;9.426264754702098;9.497851836951115;8.876516946565;10.352043425795433;10.428360172704291;9.139551352398794;10.496853777388042;9.987264012072538;8.714245517666123;9.605479518061667;10.071462362556623;10.832098846039134;9.26209484537018;8.483815777264256;8.787902559391432;9.105908508571158;8.614709844115207;9.43879185257826;8.83605035505807;8.491853096329674;11.263269200372662;9.167418145831736;9.850186837645774;8.804131021183318;8.243173983472952;9.118941072723509;9.45532722030456;9.066089190457772;10.12023787734196;9.226412192788786;8.64745842645492;9.481799431665753;10.040289721025715;9.7431513941125;9.187352073200495;9.471675214392045;9.758223214726724;10.108524456778168;8.927777962082342;9.197216693110052;11.34207466799914;8.76487159073609;8.79766152585376;9.131856960608792;9.285402218862249;8.672425341971495
12.342630298678408;10.34318571544788;10.66622400280318;11.406205005418856;11.74188827273525;10.90839262077375;10.91737207947684;11.645208082774683;11.313449940963055;12.493855449240822;11.645208082774683;11.502831804066744;11.116343961237469;10.144658242831882;11.874981347653774;11.676397887044764;12.442165972229322;10.357552004618084;10.51175265376738;10.544964432789238;10.544964432789238;9.878050912728536;9.407267764244732;11.795227966028678;9.961449694398196;10.5401280385821;10.450180247164754;10.532355925288847;10.523561956057012;11.080151309614088;10.24436383512051;10.778077129535358;11.74188827273525;11.397674632948268;11.144020869266893;10.510764167917891;10.388017285345136;11.82456102997028;11.413098984915264;10.23840473932508;10.800090987624994;10.681238411777803;10.852529509404196;9.726218159332198;12.539401179028111;11.993646060016596;11.004922678569043;10.98584193700334;10.470658874060552;11.626165319904498;11.194756854422248;12.298921740969751;10.450180247164754;11.081483438093674;11.978710459106358;10.79766152585376;11.017504401109417;9.987264012072538;11.282509306240836;10.25974326369078;9.850186837645774;10.30149619498255;11.808562029957525;10.7047682393626;10.205793249397155;10.08746284125034;10.197216693110052;10.1357092861044;10.773963368433558;10.508785162064513;11.399277924508969;11.243173983472952;9.815383295813538;9.929258408636972;10.61378946447258;11.187352073200495;11.280770770130603;10.026523442519766;11.544964432789238;11.63026712502677;10.330916878114618;9.946906274456396;10.871905237659186;10.19598729802851;10.4189067312579;10.611024797307351;10.72451385311995;10.57553924683453;10.365228849251544;10.688250309133178;10.567956075415466;10.370687406807216;11.653740778706569;10.45532722030456;10.14338321398982;10.174925682500678;10.157346935362844;10.422064766172811;10.573647187493322;10.263269200372662;10.567005370247031;10.638435913990472;10.84313591111135;10.084808387804362;11.66622400280318;11.488844346457336;10.414685235807214;11.14274527675153;10.801708358916462;11.105253779700885;9.984418458801136;10.353146825498085;11.456354415108288;9.935165049603697;9.667111542075029;10.428360172704291;10.462502272597265;10.177419537989236
11.908017261062804;9.411510988012072;10.755722153642282;10.599912842187129;10.395534135462302;9.915879378835774;10.159871336778387;10.553629293916364;10.371776644337924;9.30149619498255;10.553629293916364;10.585901449690772;11.096715154488535;10.62296694479051;11.486332252768664;9.066089190457772;11.532355925288847;11.13699111208023;10.50084187955693;10.547858506058416;10.547858506058416;10.740624044489412;9.060695931687556;10.972979786066292;9.688250309133178;10.828929827651486;11.011926066306808;10.055282435501187;10.253847484987404;11.298062567719017;10.794415866350104;9.824958740528524;10.395534135462302;11.149111990706889;10.794415866350104;9.86418614465428;10.060695931687556;10.095397022792556;8.67595703294175;11.004922678569043;9.60733031374961;10.067434360756522;8.977279923499916;9.927777962082342;12.88264304936184;8.361943773735241;11.568906154502084;9.537218400538595;9.411510988012072;10.918863237274596;9.14974711950468;10.63026712502677;11.011926066306808;10.825753832883112;10.16867211813223;9.038918989292302;9.611024797307351;9.388017285345136;11.0;9.39660478118186;9.627533884472792;9.978710459106358;11.443461612227392;9.54882190845875;10.215532999745657;11.693051295397;10.169925001442312;10.285402218862249;11.263856019596082;9.807354922057604;11.437231901039478;11.207014320177532;10.572700226487292;10.494855584491198;10.338736382573916;11.60130652612184;11.278449458220482;10.161131882984307;11.25797705856398;11.651051691178928;9.428360172704291;9.335390354693924;11.014717929860009;10.906890595608518;10.276124405274238;10.211888294546004;9.86573327085176;10.371776644337924;10.266786540694902;10.51175265376738;10.091435386323608;9.94251450533924;11.50382573799575;9.871905237659186;9.611024797307351;10.074141462752506;9.726218159332198;10.064742764750257;10.737247343027738;9.878050912728536;10.567956075415466;10.10459875356437;10.00842862207058;10.328674927327947;10.959277505720502;11.593391122791736;10.328674927327947;10.693486957499324;11.247334178028728;10.38586240064146;10.032045726930807;10.129283016944967;11.567956075415466;10.706496018061188;10.306061689428342;10.071462362556623;10.617467465294196;10.658211482751796
8.618385502258606;8.778077129535358;7.78135971352466;8.0;7.754887502163468;5.672425341971495;8.159871336778389;8.400879436282183;8.219168520462162;8.266786540694902;8.400879436282183;8.357552004618084;7.787902559391432;7.651051691178928;9.94104760634058;9.407267764244732;9.019590728357882;8.527477006060396;8.614709844115207;8.243173983472952;8.243173983472952;8.076815597050832;6.714245517666122;8.59245703726808;7.05528243550119;9.159871336778387;7.383704292474052;9.94397991434374;9.179909090014934;8.144658242831882;9.162391328756906;7.679480099505446;7.754887502163468;8.857980995127573;7.507794640198696;6.426264754702098;7.994353436858858;9.98299357469431;8.005624549193879;9.61654884377899;8.483815777264256;6.7414669864011465;6.599912842187128;7.409390936137702;9.36194377373524;8.67595703294175;8.954196310386875;7.857980995127572;7.066089190457772;6.20945336562895;5.954196310386875;10.084808387804362;7.383704292474052;8.94251450533924;8.88264304936184;9.98299357469431;8.94251450533924;8.60733031374961;7.348728154231077;7.392317422778761;8.238404739325079;8.370687406807217;9.96289600533726;8.686500527183219;8.08214904135387;8.098032082960527;7.285402218862249;7.108524456778169;9.558420713268664;8.011227255423254;9.507794640198696;9.189824558880018;9.016808287686557;8.96289600533726;7.686500527183218;10.127994320976391;8.76487159073609;9.13699111208023;9.403012023574997;10.804937672051908;6.977279923499917;7.960001932068081;9.187352073200495;9.147204924942228;8.194756854422248;8.224001674198105;8.823367240046235;8.72451385311995;8.308339030139408;7.94251450533924;7.774787059601174;8.03342300153745;9.002815015607053;8.303780748177102;6.794415866350106;8.280770770130603;7.651051691178928;8.03342300153745;8.550746785383243;9.428360172704291;8.930737337562887;8.665335917185176;9.364134655008051;7.851749041416057;9.49585502688717;9.62935662007961;8.968666793195208;9.820178962415188;9.306061689428342;7.622051819456376;8.005624549193879;8.442943495848729;7.076815597050831;8.124121311829187;8.016808287686555;8.271463027904375;7.714245517666122;8.848622940429339
12.999119179995295;11.915879378835774;12.12023787734196;12.394462694610317;11.468624042918018;11.823367240046236;12.624567018674917;12.792180232254807;11.825753832883112;12.688905930612714;12.792180232254807;11.66222330531784;13.060358182642142;13.450051337274044;12.372048825272772;12.516931121998695;14.028165078018167;12.018200178813226;11.806952328210736;11.36468185586456;11.36468185586456;11.584492796975876;11.554588851677638;12.753216749178955;11.508289986140348;12.443461612227392;12.950191349972702;11.722807531169549;11.199672344836364;12.566291930007871;13.129926933510394;11.269711121142782;11.468624042918018;12.867085646616836;12.174925682500678;11.71639078949768;11.788718332690458;12.117643101389092;9.717676423066395;11.37232095486726;11.648357582009666;11.671541066711884;10.344295907915816;11.774787059601174;12.83605035505807;9.08746284125034;12.203348002979762;11.04916787237217;10.83368074865474;12.33901486825008;11.263269200372662;13.152918576136624;12.950191349972702;12.587308728333545;12.782793498733351;11.163020639580791;11.83289001416474;11.074810461160451;11.743992861060176;11.088125692188209;10.409390936137704;11.544481522310791;12.783816759320182;11.71037597120447;11.489847960439295;11.723660944409984;11.556984957594462;11.40992124124968;12.269418929741096;11.376125389276174;12.485577770903188;12.454813348512523;11.188588845707349;11.350939181546432;11.60917873814198;12.697184783224516;12.929073435876813;11.16427843830117;12.646108641506103;12.65127597334664;11.20212382383046;10.727069558023706;12.296916206879288;11.768184324776929;11.64250302878052;11.443461612227392;11.637077657143664;11.538673953082668;11.262682142362165;11.828136484194108;11.543031820255235;11.229419688230417;12.730894646541673;11.348728154231075;11.163649676015824;11.57553924683453;11.127349541059118;11.696098170955864;11.508289986140348;11.51717725268954;12.2103669456326;11.618844301766652;11.43567026093655;11.532842910961282;12.255323690008137;12.475226777742266;11.326429487122304;12.041316915829444;12.52772134428452;11.677719641641009;11.180530807344482;11.304921669581672;12.691961564216788;11.42259043389256;11.121533517340032;11.177419537989236;11.571752643503546;11.38747886584238
11.544964432789238;11.549303368513575;11.506307581100309;11.6142497276894;10.843921051289035;11.151650829973422;11.991521846075695;11.477758266443889;11.98192398731734;10.556506054671928;11.477758266443889;11.105908508571158;12.424953571261042;11.250298417906333;12.111135670234708;9.59245703726808;12.28106067167702;11.578372691360803;11.374496145691516;10.372865060112588;10.372865060112588;11.548340287676147;10.985130373466898;11.859534786382651;10.909893083770042;11.375582512490508;11.28424574982967;10.30035256032822;11.530893981193922;11.811374693509942;12.532355925288847;9.859534786382651;10.843921051289035;11.804937672051908;12.564387696052629;11.415213598765286;10.92851837525789;11.932214751968385;8.618385502258606;12.053247125912426;10.236014191900084;11.24555270625568;8.727920454563199;10.7431513941125;12.576248129843252;7.312882955284356;12.407267764244732;10.296916206879288;11.302638923787551;11.270879295328784;10.562242424221072;12.081483438093674;11.28424574982967;12.119265383175788;11.219773550892874;11.849405100947758;10.913637428049103;10.390168956200185;11.537703747907644;10.60917873814198;9.560332834212442;10.614709844115207;11.806952328210736;11.03342300153745;10.199672344836364;10.314016703901355;10.599912842187129;10.478769619475765;10.94617524072356;10.558420713268664;11.458406613236534;11.179909090014934;9.81698362325538;10.353146825498085;10.306061689428342;11.378836713210614;11.807757403589267;10.550746785383245;11.97333862080036;11.272046524389935;10.253847484987404;9.952741247186488;11.191676146352428;11.493355121494906;10.461479447286155;10.118941072723509;10.50481898763284;10.01262453886506;9.72451385311995;11.175549550636193;10.328674927327947;9.805743872151618;12.461990950585571;10.542064542283445;10.62844554013718;9.681238411777803;9.7632123668144;10.377210530388552;10.452241240430816;10.615629636968098;11.545929769085468;10.337621901992508;10.189824558880018;11.130570562805426;11.718104713121756;11.162391328756906;10.224001674198105;10.646558710154547;11.086136225027309;11.451726268074506;10.0566377151132;10.328674927327947;11.7553048882624;9.9901039638575;9.531381460516313;10.296916206879288;10.929258408636972;10.034798962577268
12.1705510353167;10.278449458220482;12.66222330531784;12.358925869154714;12.11178773580101;11.935901682267588;12.333155350310616;10.678600139099458;9.451211111832327;10.643856189774723;10.678600139099458;10.22881869049588;13.753947941699854;11.972261848733291;11.064742764750257;11.328674927327947;12.611255388699336;11.015415052386688;12.407267764244732;12.519636252843211;12.519636252843211;11.20945336562895;9.731319031025064;12.335390354693924;10.827342704234116;11.404609397837712;10.664447284547972;11.353146825498085;11.30890780406394;10.804937672051908;11.559377090526684;10.230020435705637;12.11178773580101;12.07815080773465;13.2103669456326;12.147840893672337;12.599680430581166;10.79603960882977;8.184875342908283;12.515946179109518;10.577428828035748;11.1331422124006;7.787902559391432;9.717676423066395;11.550746785383245;8.303780748177102;11.97656412341533;9.820178962415188;12.495105510007784;11.324180546618742;10.61286849729104;10.922584402713664;10.664447284547972;11.11178773580101;10.94251450533924;11.219168520462162;11.766114757586722;12.028596777067108;10.98370619265935;13.089781488353998;13.41758884038258;10.774787059601174;13.675846798363596;12.341240820538747;14.380055148544896;14.798421172228954;12.43149760425805;11.744413410557655;11.944346034137832;11.642954223480332;12.66644593881483;11.929628283024565;11.914758838941856;11.1705510353167;12.057314877782703;14.160265375794546;14.134506539022745;12.862637357558794;13.22836777783683;12.92184093707449;11.573173784686484;10.452241240430816;12.108197722535827;13.09984089900072;12.606405212697783;12.35397382181817;12.487840033823051;12.89519657256334;12.450953464712992;12.553149275598548;12.971184272404678;12.02271457304476;13.583200322609205;11.378836713210614;11.91737207947684;11.275542556086725;12.400612641082;15.265798155172575;13.976116567946908;10.466586337719244;11.925925264972856;13.216139556425135;11.11699367754698;10.4757334309664;13.62445278651674;12.702172685365548;10.323054760341646;12.00562454919388;15.285438343586272;10.193525360501216;12.239598529249124;11.843528534611089;13.25502856981873;10.822570830950168;10.286557761607956;11.51668494930961;13.622623840811512;13.134426320220928
13.12605911607068;12.35837648032824;12.59128857924609;13.41969688830598;12.465821455643775;11.975847968006784;12.878050912728536;13.248075809176962;12.4542992936199;13.73312127365905;13.248075809176962;12.991876099003417;12.771902080697716;12.949644356585717;13.225809940623543;14.931707061400584;13.118941072723509;12.3701424794954;11.818981539432444;11.826945650415484;11.826945650415484;12.242578689451346;12.307485448589476;13.890929222895348;11.74777340052679;12.538431462950005;12.399544966627433;12.808763116450413;12.493104892539137;12.682775179067027;13.526743742999686;12.619990662606378;12.465821455643775;13.263269200372662;13.501464025860455;12.725792271494155;11.477758266443889;13.437622047084371;12.282798858683533;12.294333559671829;12.568906154502084;12.227916724201489;12.34955768662052;12.396069557639867;13.455455659658384;12.565816107100892;12.282219695672588;12.35149140932002;11.174925682500678;12.612638163604773;11.889503963411476;13.78166707319082;12.399544966627433;12.953650833649307;13.950738136047423;11.595723694101627;11.90388184573618;11.632086412835182;12.379919817646538;11.826945650415484;11.677719641641009;12.322773176454564;13.81977993183848;12.393122273589531;12.186114239541643;12.985486199104637;12.162076570374312;11.955649907528374;12.806952328210736;12.246146774635864;13.429929741353272;13.234068951183083;12.261507309202056;11.965423565810127;12.537461094633018;13.380190466749834;13.248224089668474;12.084808387804362;13.151016538892248;13.584022940257542;12.076147528022505;12.240791332161956;12.96000193206808;12.64092273517345;12.340406490853294;12.39901083295199;12.575066464578656;12.46352437327118;12.512740462803498;12.557463701597824;12.607099094093552;12.434628227636724;13.223700075986306;12.624110035762987;11.85369942030022;12.253552062637464;11.863411958941638;12.70433597118232;12.43827205612483;12.489597122389307;12.544240006441658;12.47015043527436;12.746514321138465;11.923327485419192;13.14242620231898;13.460711852141213;12.459687756239548;13.183015000882756;12.869208250550829;12.639340708652233;11.798471801101618;12.3151495622563;13.606983470367512;12.048486873992337;11.83289001416474;12.21856323619027;12.428883552010191;12.194449079479025
11.240195053979924;10.493855449240822;10.977279923499916;11.067434360756522;10.536247215688128;9.310612781659527;11.655977862486942;11.817383427897232;10.213104219641906;10.93810932621924;11.817383427897232;12.081483438093674;11.42678889459556;11.1357092861044;11.71639078949768;10.91513244895065;11.146568675740786;10.891024190149498;10.699572453287267;10.419960177847887;10.419960177847887;10.735556023911537;10.413627929024171;11.86611979330307;10.573647187493322;11.122827994807666;10.818582177480858;10.977995368612962;10.732167425663384;11.00982861736811;12.677499433285108;10.842350343413807;10.536247215688128;11.465056167831175;11.215532999745657;11.47015043527436;10.801708358916462;11.29978040285854;11.1006623390052;11.231221180711186;10.874981347653774;10.889503963411476;10.507794640198696;9.930737337562888;11.552188759557149;11.382624026574916;11.072132604167232;10.293471648838134;10.076815597050832;10.81698362325538;10.565102078360312;12.808360915432784;10.818582177480858;11.698270577692032;11.5473765634981;9.569855608330949;10.189824558880018;10.0566377151132;11.598517810612622;10.468624042918018;10.433585441150496;10.509775004326936;12.07648160120702;10.834471049984222;10.560332834212442;11.40886043602476;10.515699838284045;10.319672120946995;11.335390354693924;10.679480099505446;11.68431031112435;11.639792893279312;10.422064766172811;10.375039431346924;11.002815015607052;11.98299357469431;11.52258153125483;9.975847968006784;11.233619676759702;12.026869205263395;10.459431618637296;10.076815597050832;11.32755264408124;10.474719946526482;10.821773981970567;11.019590728357882;11.175549550636193;10.872674880270605;11.018895621121649;10.809768128710411;10.85096815098244;10.871905237659186;11.321364432039449;10.823367240046236;9.94397991434374;10.568906154502084;10.368506461507693;11.25502856981873;11.353698209048035;10.709083812550343;10.667111542075029;11.1879705919842;11.355351096424812;10.12670447284319;11.674633661767269;11.923327485419192;10.8193807908646;11.603626344986193;11.12605911607068;10.752380646552892;10.566054038171092;10.651948610723446;11.490349505739289;10.547858506058416;10.205793249397155;10.851749041416058;10.59245703726808;10.73978060977326
11.89178370321831;10.838416075797335;11.447083226209651;11.463013413449692;10.895575282380683;10.24555270625568;11.935901682267588;12.007027266893967;10.66622400280318;10.970105890612182;12.007027266893967;11.437231901039478;11.214926187942435;10.734709620225836;12.59269061535341;10.562242424221072;12.480285320936373;11.873828574886977;10.987974524296153;11.183015000882756;11.183015000882756;10.874981347653774;9.710806433699352;11.894817763307945;10.619302955415687;11.676838606474153;10.984418458801136;11.250298417906333;11.54061240824953;11.802516365121225;11.588714635582264;11.122180901259751;10.895575282380683;11.841564347730577;11.51717725268954;11.448116305409464;10.52845411076479;11.564625862795372;11.34207466799914;11.51224664282918;10.884170519108435;11.41679752760606;10.834471049984222;10.08746284125034;12.227615943414223;11.783816759320182;11.893301530860564;10.434628227636724;10.371776644337924;10.845490050944376;10.932214751968385;12.27699673929712;10.984418458801136;11.970465440779996;11.44449728710381;10.356451970221755;11.567005370247031;10.430452551665532;11.715961990255144;10.654636028527968;10.82097669262124;11.055960234452296;12.396337194231098;10.381542951184583;10.78053976747196;11.253847484987404;11.047123912114026;10.689997971419446;11.811374693509942;11.243173983472952;12.236313227042803;11.584022940257542;10.63662462054365;10.634811050171718;11.29117069932186;12.135388651579046;11.546894459887636;10.253847484987404;11.78749449969676;12.595024318613635;10.684748620421626;10.216745858195306;11.619761463298424;10.991521846075695;10.59245703726808;10.934428040626804;11.466586337719244;11.032045726930807;11.2246046815385;11.496853777388042;10.778077129535358;11.030667136246942;11.952377251967985;10.873444112515376;10.699572453287267;10.489847960439295;10.657318449581288;11.12088584278779;11.900866807980748;10.405141463136344;11.901244032467376;11.141468555393084;11.201511344500146;10.984418458801136;12.213711798105672;12.422853195944263;11.471675214392045;11.94397991434374;11.434106928609957;11.63662462054365;10.794415866350104;11.049848549450562;11.884933647949762;11.144020869266893;10.668884984266247;11.496853777388042;11.002111776479852;10.734709620225836
9.583082767502932;10.726218159332198;8.787902559391432;9.868822554775;9.36194377373524;10.64565843240871;11.594791118089264;8.88264304936184;9.7632123668144;8.839203788096944;8.88264304936184;7.614709844115208;10.975847968006784;10.139551352398794;10.52061868055628;10.80332391904149;10.975847968006784;8.965784284662087;9.768184324776929;8.405141463136344;8.405141463136344;10.134426320220928;8.199672344836364;11.746094383705463;8.400879436282183;8.62935662007961;9.095397022792556;7.954196310386875;9.355351096424812;10.67065624911844;10.594324603924848;7.087462841250339;9.36194377373524;10.103287808412022;8.308339030139408;9.605479518061667;8.876516946565;8.751544059089099;7.734709620225838;9.403012023574997;6.794415866350106;10.250298417906333;9.049848549450562;7.906890595608519;11.365228849251544;4.754887502163468;9.049848549450562;8.751544059089099;10.08214904135387;10.501837184902296;9.154818109052105;12.681018739902102;9.095397022792556;10.562242424221072;10.930737337562888;10.91139198784346;10.967946705812707;6.7414669864011465;10.618385502258606;8.370687406807217;6.247927513443585;7.988684686772165;9.174925682500678;8.885696373339394;8.011227255423254;9.116343961237469;8.499845887083206;8.071462362556623;9.038918989292302;7.475733430966398;8.951284714966972;9.139551352398794;8.353146825498083;7.98299357469431;8.285402218862249;8.985841937003341;8.665335917185176;7.845490050944375;8.103287808412022;8.558420713268664;7.936637939002571;7.86418614465428;8.558420713268664;8.622051819456376;6.965784284662087;7.622051819456376;7.700439718141092;7.451211111832329;7.826548487290915;8.912889336229961;7.78135971352466;7.78135971352466;8.622051819456376;7.820178962415188;8.174925682500678;8.108524456778168;7.832890014164741;7.839203788096944;7.546894459887636;7.876516946564999;9.047123912114026;8.044394119358454;7.348728154231077;8.366322214245816;8.266786540694902;8.918863237274595;7.599912842187128;8.344295907915816;9.092757140919852;8.665335917185176;7.60733031374961;8.060695931687555;9.550746785383245;8.092757140919852;7.851749041416057;7.679480099505446;8.164906926675688;7.622051819456376
13.310328758616798;12.019590728357882;11.321928094887362;12.410186320725094;11.189206834597025;10.76983784362944;12.719174882328078;11.916625922211235;11.225207436943505;12.233919208586975;11.916625922211235;12.19383333254655;12.925739864337649;12.881305185414046;11.89026427702111;11.82137539237254;11.685624839726357;11.565578136784328;12.022367813028454;10.278449458220482;10.278449458220482;11.798471801101618;11.515207030408751;13.305919236202762;11.271463027904376;11.556984957594462;11.988329649231089;10.934428040626804;11.369052007001388;11.749869427396844;12.434628227636724;11.150381968817848;11.189206834597025;12.233619676759702;12.057991722759176;11.14338321398982;11.135067945777816;11.619761463298424;8.7714894695006;11.992938336165814;11.11829223302699;10.868050853745158;10.90312867681232;10.880348808156027;12.90275194485016;9.20945336562895;13.140829770773;11.41256984680521;11.000704269011246;11.191676146352428;10.725366257895642;13.078984687326034;11.988329649231089;12.206098613995795;12.714030814928783;11.690434556395054;11.710806433699352;11.26209484537018;12.099347810403192;10.605479518061667;10.61194694181998;11.600377553107844;12.924626959905329;11.592924155627635;11.980853606379736;11.834471049984222;11.174925682500678;11.553629293916364;12.846665681899738;11.3437409184722;12.946540803893104;12.239896822445862;11.991521846075695;11.752798758435516;11.203348002979762;13.36468185586456;12.57530287507339;11.617008227651963;12.687375683437468;13.202736043250168;10.623881490013458;11.214319120800766;12.434628227636724;12.333155350310616;11.776433032444732;11.532355925288847;11.719816603018126;11.461990950585571;11.461990950585571;11.968666793195208;11.144658242831882;11.56081046872794;12.342630298678408;11.724940118462358;10.985130373466898;11.470658874060552;11.06406908038551;11.624795455860236;11.728345714710976;11.70865283568653;11.8668925276766;11.807354922057604;11.482303782323182;10.977995368612962;12.233919208586975;12.85584179604994;11.46096776257042;12.208843990734614;12.672646326124626;11.105253779700885;11.231821178657404;11.480790201095816;12.047123912114026;11.545447181678094;11.277287400130357;11.347067657165873;11.452241240430816;11.57790083688697
12.584492796975876;12.961992230928898;12.072132604167232;12.778487861222372;11.93110683302934;11.491853096329674;13.416401708396236;13.043198208900224;11.851358649033513;12.609640474436812;13.043198208900224;12.690652799348484;12.648582283363735;11.84313591111135;12.914945656040324;13.02288792180326;12.843724806299154;12.362491806046062;11.74188827273525;11.787086324551616;11.787086324551616;12.4207497582968;11.31741261376487;12.52135506255826;11.7279204545632;12.165849146176395;12.297202882496904;11.60733031374961;12.097702963524654;12.674633661767269;13.251926157496388;11.366322214245816;11.93110683302934;12.897278247411265;13.491226790680209;12.003166506665169;12.30206767252652;12.282219695672588;11.214926187942435;12.44190670454224;11.750706986224948;12.154818109052105;9.842350343413807;11.582141981658776;13.237209960755022;10.250298417906333;12.664225040837929;11.577428828035748;12.24852060493843;12.465311308877183;12.041316915829444;14.248001663215703;12.297202882496904;12.314583244274194;12.66200071871848;12.109177703355275;12.565816107100892;11.071462362556623;12.312032058744862;10.92035285541508;10.33427328530719;11.375582512490508;12.91214085629572;11.68255574108031;11.26209484537018;11.793603309279408;11.63117705570398;11.01262453886506;12.097044499322951;11.326429487122304;12.734497941692572;12.550025257465784;11.208843990734614;11.32755264408124;11.649705265471413;12.81317994301459;12.761343456100647;10.806549621985962;12.690652799348484;12.963076692298594;11.184875342908285;11.014020470314934;12.2246046815385;11.9683067944308;11.29174628083394;11.413627929024171;11.611024797307351;11.571752643503546;11.53818893205242;11.539643506238036;11.279030136449649;11.166163082646111;12.651724433108065;11.401412878714178;11.23840473932508;11.466586337719244;11.418379719364957;11.7515440590891;11.536247215688128;11.915879378835774;12.278449458220482;11.505811553919594;11.255618749839597;11.61056350392504;12.169298695792843;12.33147682185962;11.585901449690772;12.286846502735887;12.516192477879368;11.515699838284045;11.311180660053354;11.40886043602476;12.59269061535341;11.381002109550924;11.286557761607956;11.312882955284357;11.64745842645492;11.362491806046062
10.030667136246942;11.310612781659527;10.17367713630342;8.447083226209653;10.30035256032822;9.734709620225836;12.081483438093674;10.19598729802851;7.965784284662087;9.684748620421626;10.19598729802851;9.266786540694902;9.68650052718322;10.948367231584678;12.543756853375896;7.569855608330948;12.35974956032233;12.292033985499543;11.345959596404112;11.1879705919842;11.1879705919842;11.416269744523207;8.487840033823051;10.96000193206808;9.569855608330949;10.92184093707449;10.19598729802851;10.330916878114618;10.617467465294196;11.547858506058416;10.51175265376738;10.43149760425805;10.30035256032822;11.178664851006472;10.095397022792556;9.368506461507693;9.64745842645492;10.147204924942228;9.111135670234708;10.635718120331047;8.479780264029099;10.85642552862553;9.933690654952231;8.823367240046235;11.618385502258606;7.918863237274595;11.573173784686484;9.052568050804153;9.731319031025064;10.50084187955693;9.164906926675688;12.40992124124968;10.19598729802851;11.396069557639867;7.672425341971495;9.505811553919594;10.145932145820517;9.430452551665532;11.421538906848276;8.848622940429339;8.339850002884624;8.804131021183318;10.44190670454224;7.839203788096944;7.523561956057013;9.390168956200185;9.306061689428342;8.005624549193879;8.897845456005511;8.707359132080883;9.674192268145683;8.643856189774725;7.888743248898259;7.426264754702098;8.459431618637296;9.184875342908285;9.273795599214264;7.734709620225838;8.189824558880018;9.970105890612182;8.774787059601174;8.016808287686555;9.252665432450248;8.800899899920305;7.562242424221073;7.870364719583405;8.640244936222345;8.204571144249204;8.550746785383243;9.098032082960527;7.960001932068081;7.686500527183218;8.839203788096944;8.31741261376487;8.29920801838728;7.312882955284356;8.651051691178928;8.957102041562287;9.556506054671928;9.044394119358454;11.407267764244732;7.918863237274595;7.554588851677638;10.025139562278508;9.705632387361415;10.08746284125034;9.92184093707449;9.079484783826816;9.562242424221072;8.103287808412022;8.539158811108031;8.823367240046235;9.684748620421626;9.041659151637214;8.703903573444663;9.78135971352466;8.90388184573618;7.569855608330948
5.727920454563199;6.3750394313469245;5.672425341971495;6.491853096329675;4.321928094887363;6.066089190457772;7.965784284662087;5.954196310386875;5.807354922057604;5.807354922057604;5.954196310386875;5.700439718141092;5.78135971352466;6.426264754702098;6.491853096329675;4.247927513443585;5.832890014164741;5.754887502163468;5.643856189774724;4.754887502163468;4.754887502163468;5.087462841250339;4.392317422778761;6.044394119358453;6.066089190457772;5.285402218862249;6.507794640198696;5.554588851677638;5.0;5.954196310386875;6.321928094887363;5.643856189774724;4.321928094887363;5.554588851677638;7.129283016944966;5.882643049361842;5.977279923499917;6.285402218862249;4.087462841250339;6.169925001442312;4.321928094887363;5.700439718141092;4.906890595608519;3.584962500721156;7.888743248898259;3.169925001442312;6.700439718141092;4.321928094887363;4.643856189774724;6.149747119504682;5.459431618637297;5.20945336562895;6.507794640198696;6.3750394313469245;5.584962500721156;2.584962500721156;4.169925001442312;4.459431618637297;6.7414669864011465;4.523561956057013;2.0;5.129283016944966;4.954196310386875;4.807354922057604;4.321928094887363;3.584962500721156;4.754887502163468;4.807354922057604;4.906890595608519;3.700439718141092;5.523561956057013;5.78135971352466;3.807354922057604;3.807354922057604;4.392317422778761;5.169925001442312;5.20945336562895;3.321928094887362;4.954196310386875;5.727920454563199;3.169925001442312;4.392317422778761;4.807354922057604;5.0;3.584962500721156;3.807354922057604;3.906890595608519;3.906890595608519;3.584962500721156;4.169925001442312;3.584962500721156;3.906890595608519;5.044394119358453;4.087462841250339;3.700439718141092;4.643856189774724;4.087462841250339;3.584962500721156;2.807354922057604;4.954196310386875;4.700439718141092;4.087462841250339;4.584962500721156;4.754887502163468;5.285402218862249;5.169925001442312;4.700439718141092;4.954196310386875;4.700439718141092;5.044394119358453;3.4594316186372973;4.459431618637297;5.247927513443585;3.700439718141092;4.392317422778761;4.459431618637297;4.247927513443585;3.807354922057604
11.365775635326267;11.524051918717824;10.46352437327118;11.047805554007589;8.92481250360578;9.273795599214264;10.567956075415466;9.121533517340032;10.018200178813226;7.900866807980749;9.121533517340032;10.606405212697783;9.250298417906333;11.207624468226758;11.840384550711669;10.478769619475765;12.905198945962804;10.302638923787551;10.253847484987404;9.451211111832327;9.451211111832327;9.264442600226602;8.134426320220927;10.76983784362944;9.799281621521924;9.321928094887362;9.51175265376738;10.015415052386688;10.733862719678545;10.215532999745657;10.4757334309664;8.954196310386875;8.92481250360578;10.894817763307945;9.041659151637214;11.630722162103838;8.531381460516313;12.071462362556623;10.706496018061188;10.215532999745657;9.211888294546004;9.044394119358454;8.672425341971495;9.442943495848729;10.411510988012072;12.58660526060361;10.407267764244732;9.970105890612182;10.63662462054365;8.897845456005511;9.99859042974533;10.157346935362844;9.51175265376738;10.530406337099068;9.89026427702111;9.91737207947684;10.812177305514448;10.462502272597265;10.18239435340453;9.823367240046236;10.105908508571158;9.674192268145683;11.834866038362016;9.74819284958946;9.91139198784346;10.210671343785622;9.731319031025064;10.00562454919388;10.98370619265935;9.845490050944376;11.539643506238036;11.559855041513623;10.308339030139408;9.995767150877802;10.31741261376487;11.757390009366638;11.423641195075856;9.422064766172811;9.927777962082342;11.690434556395054;9.381542951184583;9.594324603924848;11.38586240064146;10.271463027904376;10.395534135462302;9.923327485419192;10.625708843064466;10.049848549450562;10.187352073200495;10.320800548881635;9.719388820942084;10.247927513443583;9.571752643503546;10.69522829149575;9.328674927327947;10.17617314910749;9.722807531169549;10.20212382383046;10.852529509404196;10.605479518061667;10.310612781659527;10.970105890612182;10.375039431346924;9.08746284125034;11.208843990734614;11.269126679149418;10.779719355143405;11.045759661382682;10.91288933622996;9.499845887083206;10.380461065088973;9.987264012072538;9.965784284662089;9.961449694398196;9.807354922057604;10.709945380232496;9.961449694398196;10.358651200892886
12.651948610723446;12.716605141335364;11.814582465906277;12.677939816390142;8.991521846075695;15.524419281544802;13.554229092303954;14.86326675285819;10.657318449581288;13.59362454970607;14.86326675285819;14.17804232886482;10.646558710154547;13.29189014033856;13.280915728185574;13.650603022215307;12.66644593881483;12.349281228817452;14.239598529249124;11.955649907528374;11.955649907528374;13.040974598817304;10.355351096424812;12.450438032395652;11.207624468226758;11.561287945164828;12.183015000882756;12.3409627642517;11.037546953962178;12.986375379435334;10.321928094887362;14.888362741170644;8.991521846075695;13.849307354070056;14.371027881885118;13.664891669286089;12.871520262329112;13.576366243154618;12.07815080773465;13.072300115928336;13.745359198941893;10.42940674151398;13.727069558023706;9.78953364497036;13.36591229947082;13.212648367816252;12.35424938194524;10.946906274456396;12.61171646094388;14.99603206810105;13.19244694032326;13.04916787237217;12.183015000882756;14.212496385193948;14.005273656563938;16.18820246817996;12.210975677726395;12.145932145820517;13.844117269587995;11.735132884139947;10.680359523513712;11.919608238603251;12.81358080298963;13.176640671134011;11.381542951184583;12.25089053572334;11.889884170302828;11.661778097771988;12.165535141377925;12.393658591454772;13.136670762341843;13.356864581418872;11.945077995107816;11.112439506781552;12.486332252768664;13.17367713630342;12.442684367865834;10.854089179870574;12.85369942030022;12.861862340059153;12.250298417906333;12.580258567499788;12.127994320976391;10.975847968006784;12.00982861736811;12.570330101030798;12.412834440119273;12.21856323619027;12.400078902622012;11.972979786066292;11.894817763307945;11.81977993183848;12.101975670949232;12.105908508571158;11.160501747555688;11.81177605532666;12.49160260669611;13.068946179648783;11.727069558023706;13.05273784954982;11.99081307915361;12.1373113907009;12.119589620741122;11.629811944382231;12.855452509744048;12.741677644945858;12.158294103604035;12.647008638441648;11.825356341479337;10.8193807908646;11.564149489985732;11.413098984915264;12.720885503593724;11.15608307628868;12.00982861736811;11.657318449581288;11.687375683437468;11.240195053979924
14.688195660558732;12.474719946526482;12.731106854388033;14.16679075071818;13.12670447284319;12.9947069952581;14.409854963769895;13.626393504173995;12.824163209744158;14.20074537950159;13.626393504173995;14.207471955404491;13.013497154291704;12.971184272404678;13.467605550082997;11.014020470314934;13.198598511485049;12.326429487122304;13.571278618514595;13.429537509249478;13.429537509249478;13.43567026093655;13.229269462266736;14.410451351503994;14.04601555668135;13.279465491793964;13.630835898951302;13.85350450102128;13.28424574982967;13.559138055642384;15.11658763914378;13.78759652544136;13.12670447284319;13.694684350366172;15.091476709489836;14.036087735292774;13.235415935602528;13.451211111832327;12.154501693864765;13.702713811001422;13.153076966106688;15.206213109058822;12.2659080092311;13.44785810495403;14.836296965380011;12.82316817898474;12.86321834758244;13.069785394983302;13.84588203438406;15.066509690924445;15.606029220884432;11.4542992936199;13.630835898951302;14.194218205175453;13.83772647454919;10.414685235807214;12.06339508128851;12.863411958941638;13.984863446633817;11.98477446004684;12.978531719709377;13.773551346428505;14.51422090935813;14.156557153199971;13.879296060392983;14.10909606370718;12.964521373897238;14.065668567392636;14.53818893205242;12.66222330531784;14.241163880915709;14.484067622432198;12.843921051289035;13.181462881270017;13.24347153839633;14.760979775479091;12.979425195331473;12.553149275598548;12.924441392339196;15.216480632522918;12.31373335026382;12.522091068887065;14.102631888854969;13.588011853215088;12.994883741970837;13.20197072837312;13.687047562051522;13.117318426010003;13.173833263682058;14.544360769430126;13.15718901351485;13.78269113274609;13.074308741440255;14.310186726124348;11.062720767165043;13.560093957642495;12.149111990706889;13.109177703355275;13.416137768578286;13.745674324002136;12.95746484680521;13.595956743943162;13.00965369223411;12.644757592516257;13.40274562249569;14.607792641919213;13.593857938858225;13.550626555786868;14.271390074247517;13.340684654363438;12.264149339723328;13.468369487109523;13.49597990851814;13.38221871823094;12.616319096976865;13.213863652749346;13.617926556798752;13.930922097125269
10.861862340059153;10.785452468158542;9.61286849729104;11.332596057789214;9.264442600226602;9.436711542137214;11.237209960755022;10.715104009236168;9.707359132080883;10.188588845707349;10.715104009236168;10.397674632948268;9.936637939002573;10.42940674151398;11.271463027904376;10.591522346570734;11.70865283568653;9.73640193131829;9.957102041562289;9.49585502688717;9.49585502688717;9.881113960675096;8.804131021183318;11.715961990255144;10.406205005418856;10.1006623390052;9.383704292474052;10.929258408636972;9.603626344986193;10.389093521904474;11.51175265376738;10.079484783826816;9.264442600226602;10.393390457443989;11.390706372872774;10.187352073200495;10.653740778706569;10.7047682393626;9.59245703726808;10.169925001442312;8.707359132080883;10.590587049915037;9.7515440590891;8.554588851677638;11.894438854562262;8.948367231584678;10.33427328530719;9.958552715431011;10.052568050804153;10.491853096329674;10.492854620174748;11.495355392235982;9.383704292474052;10.634811050171718;11.285980105928212;9.179909090014934;10.51865315567339;8.968666793195208;11.360298426618046;8.39231742277876;7.977279923499917;8.442943495848729;10.352043425795433;8.88264304936184;8.179909090014934;10.026523442519766;8.665335917185176;7.515699838284043;8.519636252843213;8.483815777264256;9.44086916761087;8.741466986401146;8.087462841250339;7.426264754702098;8.60733031374961;9.247927513443583;9.79603960882977;7.994353436858858;9.002815015607053;8.933690654952233;8.566054038171092;7.546894459887636;9.398743691938192;8.861086905995395;8.487840033823051;7.651051691178928;8.531381460516313;8.366322214245816;8.523561956057012;8.581200581924957;8.400879436282183;8.214319120800766;9.909893083770042;8.734709620225837;8.90388184573618;7.139551352398794;8.174925682500678;9.005624549193879;9.172427508645482;8.43879185257826;9.310612781659527;8.658211482751796;8.727920454563199;8.558420713268664;9.483815777264256;9.35974956032233;8.573647187493322;8.906890595608518;8.851749041416058;9.3151495622563;8.20945336562895;8.312882955284355;10.5401280385821;7.761551232444479;7.562242424221073;8.710806433699352;9.290018846932618;7.906890595608519
12.097702963524654;10.603626344986193;11.11699367754698;11.957827560833744;10.972261848733291;10.468624042918018;12.59362454970607;12.30035256032822;10.513727595952435;11.111135670234708;12.30035256032822;12.476239906323851;11.84979602224561;11.219168520462162;12.31938987600021;11.949097155729207;12.449922415863757;11.206403913973848;11.105908508571158;10.7632123668144;10.7632123668144;10.799281621521924;10.62113611327464;12.340406490853294;10.929258408636972;11.11504365016171;10.86418614465428;11.786269627648466;11.029287226968243;11.63117705570398;12.931291545281164;11.458406613236534;10.972261848733291;11.693486957499324;11.813380386924727;11.287712379549449;11.320800548881635;11.78463484555752;11.835260918627489;10.658211482751796;11.261507309202056;11.411510988012072;10.910642730469624;10.804937672051908;12.391780606013166;12.38720958071964;11.466076461396252;11.130570562805426;10.28424574982967;11.285402218862249;11.501339618061396;12.602698865017963;10.86418614465428;11.360298426618046;12.634811050171718;10.271463027904376;10.836839359748716;10.569855608330949;11.830515206976838;10.66622400280318;10.642954223480332;10.485829308701904;12.064405961891042;10.821773981970567;10.667998535672528;10.521600439723729;10.683871868622605;10.51175265376738;11.270879295328784;10.62296694479051;11.84862294042934;11.619761463298424;9.824958740528524;10.167418145831736;11.019590728357882;12.020285500844649;11.539643506238036;9.776433032444732;11.022367813028454;12.29318423075951;10.729620743553038;9.535275376620802;11.424691191512954;10.26209484537018;10.67595703294175;11.015415052386688;11.348174867535556;11.192292814470768;11.23421867823847;10.932952892194717;10.470658874060552;10.875749351420056;11.036860446673046;10.99435343685886;9.977279923499916;10.582141981658776;10.721953612801386;11.399811959325683;11.46352437327118;11.055960234452296;10.810571634741146;11.18239435340453;11.342630298678408;10.294620748891628;11.961449694398196;12.050868963290736;11.286557761607956;11.797256217509783;11.183635381473218;10.64745842645492;10.69261550169458;10.818582177480858;11.124121311829189;10.589651146514786;10.367414751246828;11.249113452713727;10.543031820255235;10.81698362325538
11.67991987851842;10.356451970221755;9.73640193131829;9.868822554775;11.10459875356437;10.881878707600446;10.711666973564348;10.987264012072538;10.78953364497036;12.369597346278676;10.987264012072538;10.130570562805426;10.095397022792556;10.326429487122304;10.572700226487292;7.679480099505446;9.390168956200185;9.98584193700334;11.125413470483316;10.164906926675688;10.164906926675688;11.107870914279614;9.710806433699352;11.101975670949232;9.933690654952231;10.14210705730255;9.20945336562895;9.243173983472952;10.040289721025715;10.309476353841106;10.480790201095816;10.63662462054365;11.10459875356437;11.231221180711186;11.140829770773;13.610102062999664;10.026523442519766;11.869593843240784;8.826548487290914;12.366595426071438;8.968666793195208;12.215229625747924;11.506803437795648;8.861086905995395;10.485829308701904;8.885696373339394;10.219168520462162;8.939579214314692;10.554588851677638;11.717676423066395;10.946906274456396;9.541096615349524;9.20945336562895;11.165535141377925;9.016808287686557;8.94251450533924;9.932214751968385;10.921097088106793;10.51865315567339;9.226412192788786;9.96000193206808;9.214319120800766;11.279610581052484;9.98584193700334;10.15608307628868;12.628217680223434;8.76487159073609;8.754887502163468;9.477758266443889;8.784634845557521;11.43827205612483;10.391243589427445;10.370687406807216;9.38586240064146;9.60733031374961;9.905387005018133;10.902375114486023;9.807354922057604;10.377210530388552;10.569855608330949;8.845490050944376;8.90388184573618;9.533329732305834;10.743992861060176;10.428360172704291;8.988684686772165;9.111135670234708;9.59618975614441;9.417852514885896;9.066089190457772;9.005624549193879;9.407267764244732;10.725366257895642;8.79766152585376;9.52943055414615;7.994353436858858;9.94397991434374;12.045759661382682;11.108524456778168;10.276124405274238;9.44086916761087;9.902375114486023;9.13699111208023;8.965784284662087;11.059344460824423;10.096715154488535;8.800899899920305;9.754887502163468;11.28828934218097;8.581200581924957;9.172427508645482;9.08746284125034;10.877284133523196;8.839203788096944;8.164906926675688;8.854868383260236;10.729620743553038;9.4241662888181
10.576484346796851;9.642051692927977;10.507794640198696;10.556506054671928;9.192292814470768;7.442943495848728;10.494855584491198;9.658211482751796;9.76487159073609;9.417852514885896;9.658211482751796;9.705632387361415;9.83289001416474;9.224001674198105;11.549303368513575;8.022367813028454;9.577428828035748;10.377210530388552;9.584962500721156;10.192292814470768;10.192292814470768;8.945443836377912;8.94251450533924;9.411510988012072;8.479780264029099;9.663558104217271;9.69522829149575;10.179909090014934;10.192292814470768;10.001408194392807;10.89633240390994;10.384783750093352;9.192292814470768;10.674192268145683;9.805743872151618;12.463013413449692;9.546894459887636;10.070120944476823;10.643856189774723;10.353146825498085;10.002815015607052;9.192292814470768;8.63662462054365;8.76487159073609;11.079484783826816;11.090112419664289;9.29920801838728;9.084808387804362;8.81698362325538;8.693486957499324;8.499845887083206;10.44604940671655;9.69522829149575;10.640244936222343;10.274960472140602;9.405141463136344;8.997179480937621;9.778077129535358;8.945443836377912;9.831307243802051;10.24436383512051;10.818582177480858;12.153552031708111;10.468624042918018;10.338736382573916;11.543515216152167;10.161131882984307;9.733015321685963;11.237807473723135;10.450180247164754;12.105908508571158;11.532355925288847;10.709945380232496;10.24555270625568;10.644757592516257;12.155766938445652;11.889503963411476;9.918863237274596;11.147840893672337;12.123798091251857;9.759888183221834;9.7714894695006;11.62844554013718;10.82097669262124;11.193525360501216;10.696098170955864;10.712527000439824;10.821773981970567;10.93810932621924;10.61654884377899;10.544964432789238;10.824163209744158;10.434628227636724;11.094737505048093;9.118941072723509;10.208234358339787;10.0566377151132;10.909893083770042;11.40832974076739;10.759888183221834;10.207014320177532;11.30435132166324;11.3701424794954;9.487840033823051;11.35424938194524;12.072802534544207;10.801708358916462;11.610102062999664;11.26502894245816;9.847057346091336;10.71681946132995;10.407267764244732;11.007027266893967;10.581200581924955;10.252665432450248;10.814582465906277;10.729620743553038;10.93147623388679
11.292896755409172;11.419433550705378;10.371776644337924;10.93737382019215;10.753216749178955;8.614709844115207;12.085472459181284;11.366322214245816;8.784634845557521;9.658211482751796;11.366322214245816;10.00842862207058;10.047123912114026;10.886458695703706;12.486583659067268;9.041659151637214;11.013322673425447;10.57553924683453;9.54882190845875;10.03342300153745;10.03342300153745;10.430452551665532;10.810571634741146;11.4983506079296;10.664447284547972;9.627533884472792;11.237807473723135;9.845490050944376;10.526499239136566;10.82097669262124;10.77313920671969;9.189824558880018;10.753216749178955;11.173052457774116;10.816183681432342;9.368506461507693;9.974414589805528;11.54399845013454;9.731319031025064;10.474719946526482;9.853309555403674;8.845490050944376;9.35974956032233;9.754887502163468;11.595257481449035;8.954196310386875;9.65284497300198;8.727920454563199;8.988684686772165;10.425215903299383;8.471675214392045;12.37531099747307;11.237807473723135;10.178664851006472;10.885696373339394;7.948367231584678;9.988684686772164;10.152284842306582;11.705200378063116;9.7515440590891;11.076147528022505;10.59898297103609;12.964882318367694;11.24198314969433;10.764042217306589;9.99717948093762;10.42940674151398;11.19537220740274;11.556506054671928;10.400879436282183;11.016111838220512;10.324180546618742;11.452241240430816;10.090112419664289;10.380461065088973;11.619302955415687;11.952013164889486;10.113742166049189;11.758223214726724;11.930367747438952;9.99435343685886;9.710806433699352;11.524541715035848;10.923327485419192;11.967226258835993;11.03823313473178;9.744833837499543;11.664447284547972;10.214319120800766;11.581200581924955;10.595257481449035;10.752380646552892;11.488844346457336;11.183015000882756;10.263269200372662;9.86727873970966;10.30149619498255;11.391780606013166;11.074141462752506;10.380461065088973;10.849405100947758;11.844705764411938;11.807757403589267;10.004220466318197;11.653292945382814;12.681897226786235;10.231221180711186;10.871135184243045;11.820178962415188;10.144658242831882;10.153552031708111;10.296916206879288;10.923327485419192;11.214926187942435;9.280770770130603;11.047805554007589;11.56652978262417;12.140829770773
11.723660944409984;11.17804232886482;11.02997734658958;12.440609666748422;10.052568050804153;9.162391328756906;12.102631888854969;12.415477707697994;10.37937836707126;10.5980525001616;12.415477707697994;12.862056133469462;12.144020869266893;11.14274527675153;12.156399144871584;10.50084187955693;10.99435343685886;11.03960451795376;10.335390354693924;11.555547771647063;11.555547771647063;10.320800548881635;10.838416075797335;10.172427508645482;10.051208940914766;10.632995197142955;11.24852060493843;11.619761463298424;10.721099188707186;11.669770888525518;11.84979602224561;11.432019846812493;10.052568050804153;12.231521210875703;12.19567978549598;11.180530807344482;10.109830654278792;11.966144913345602;11.133784409179908;10.634811050171718;11.12670447284319;9.857980995127573;10.4189067312579;10.17367713630342;11.468114886378098;12.123798091251857;11.644757592516257;10.698704666770343;9.214319120800766;10.659103963473662;10.07815080773465;13.070624122430266;11.24852060493843;11.502831804066744;11.834866038362016;9.164906926675688;10.452241240430816;11.46352437327118;11.3437409184722;11.00842862207058;10.964340867792416;10.971543553950772;13.627305880514848;11.590119174107176;11.648357582009666;12.750288267591651;10.967226258835993;11.172427508645482;11.60733031374961;10.992230264965889;12.40381093178603;12.077149515589731;10.757390009366638;10.437752072323605;11.370687406807216;12.576484346796851;12.811976694370289;11.734709620225836;11.926666629347284;12.886649213371976;10.95637615724967;10.564149489985732;11.905010862390297;11.177419537989236;10.94104760634058;12.16804526822409;11.62935662007961;11.71896091198421;11.674192268145683;11.791162888555018;11.92072501975118;11.81698362325538;11.536247215688128;11.728770849542665;10.41256984680521;11.40992124124968;10.953468962228849;12.494355603532846;11.366322214245816;11.567480801143043;11.076815597050832;11.749869427396844;12.907454038318624;10.400879436282183;11.992230264965889;12.58261245126702;11.564625862795372;12.60246690183057;12.611255388699336;10.82097669262124;10.900112062977456;11.519144787997414;12.102631888854969;10.968666793195208;11.034111146096592;11.604553229079038;11.69522829149575;11.90275194485016
11.20945336562895;9.782998208920414;9.821773981970567;10.893301530860564;8.654636028527968;9.324180546618742;11.573173784686484;10.67595703294175;9.39660478118186;10.092757140919852;10.67595703294175;11.092096414990792;10.152284842306582;10.198445041452365;11.204571144249204;10.782179193831208;10.328674927327947;9.900866807980748;9.560332834212442;9.874981347653774;9.874981347653774;9.618385502258606;8.870364719583405;10.904634621668151;9.59245703726808;10.001408194392807;9.888743248898258;10.43254190038826;10.203348002979762;10.26795708440284;10.894059846274022;10.567005370247031;8.654636028527968;10.477758266443889;10.492854620174748;11.236014191900084;9.546894459887636;10.783816759320182;10.7714894695006;10.18239435340453;10.17367713630342;10.24198314969433;9.868822554775;9.243173983472952;11.174301544467632;11.530406337099068;10.1357092861044;10.148476582178278;9.847057346091336;9.820178962415188;10.06204613772049;12.088125692188209;9.888743248898258;10.366322214245816;11.101319154423276;9.824958740528524;9.884170519108435;9.552669097514272;10.225207436943505;9.73640193131829;9.971543553950772;9.842350343413807;11.49235394515987;9.939579214314692;9.98299357469431;10.698704666770343;9.74819284958946;9.39231742277876;10.471675214392045;10.027905996569883;11.109177703355275;11.094077685671904;9.91139198784346;9.734709620225836;10.31174831500496;11.36139553316589;10.855647166027266;9.543031820255235;10.799281621521924;11.588246152044816;9.853309555403674;9.64745842645492;10.7657004876511;10.179909090014934;10.366322214245816;10.383704292474052;10.719388820942084;10.514714054138487;10.43879185257826;10.198445041452365;9.992938336165814;10.295768934420508;10.591522346570734;10.30149619498255;9.39660478118186;9.91737207947684;9.820178962415188;10.286557761607956;10.7714894695006;9.971543553950772;10.070120944476823;10.651051691178928;10.658211482751796;9.493855449240822;11.208843990734614;11.312315746690109;10.264442600226602;10.980853606379736;10.52943055414615;10.052568050804153;9.902375114486023;10.116343961237469;10.620219825507489;10.051208940914766;9.67595703294175;10.304921669581672;9.78953364497036;10.06339508128851
10.01262453886506;8.951284714966972;9.992938336165814;10.703903573444665;10.555547771647063;10.164906926675688;10.221587121264806;10.406205005418856;9.731319031025064;9.052568050804153;10.406205005418856;10.658211482751796;9.61654884377899;9.236014191900084;10.757390009366638;9.79603960882977;10.332036548361652;9.779719355143405;9.027905996569883;9.550746785383245;9.550746785383245;8.909893083770042;8.632995197142957;11.092757140919852;9.124121311829189;10.95492329203032;10.125413470483316;9.786269627648466;9.845490050944376;9.854868383260236;11.184255495405347;9.791162888555018;10.555547771647063;10.557463701597824;10.79603960882977;9.977279923499916;9.837627933171404;9.521600439723729;11.193525360501216;10.226412192788786;10.50084187955693;10.747353829478062;9.328674927327947;9.405141463136344;10.78463484555752;10.824163209744158;9.86573327085176;9.926295994781112;9.005624549193879;10.090112419664289;9.50382573799575;10.116343961237469;10.125413470483316;10.029287226968243;11.471167133724393;8.857980995127573;9.839203788096944;9.038918989292302;10.109830654278792;9.434628227636724;9.731319031025064;9.52552080909507;11.0566377151132;9.642051692927977;9.69522829149575;10.357552004618084;9.614709844115207;9.131856960608792;10.086136225027309;9.76487159073609;10.659995892429976;10.71853287606922;10.007027266893967;10.107217075591382;10.157346935362844;10.846273911349906;10.507794640198696;9.413627929024171;10.62844554013718;11.163649676015824;9.501837184902296;9.473705749619416;10.250298417906333;10.462502272597265;9.9901039638575;9.958552715431011;10.17617314910749;10.27262978497637;10.064742764750257;9.981567281903017;9.651051691178928;9.915879378835774;10.643856189774723;9.888743248898258;9.719388820942084;9.541096615349524;9.594324603924848;10.25974326369078;10.370687406807216;9.851749041416058;9.733015321685963;10.178664851006472;10.3409627642517;9.226412192788786;10.733015321685963;10.98655314975666;10.041659151637214;10.64745842645492;9.98584193700334;9.834471049984222;9.539158811108033;9.78135971352466;10.281930026955443;9.533329732305834;9.407267764244732;10.066089190457772;9.68650052718322;9.79603960882977
13.237359362198834;11.598517810612622;11.67065624911844;12.389093521904474;11.027214885159834;11.620219825507489;12.143702076857933;12.685843811426082;10.61286849729104;11.36796070964157;12.685843811426082;12.425478187645329;11.940680648424092;11.281350514981035;12.2476308762387;10.729620743553038;12.094737505048093;12.35947504884954;12.365502268193117;11.87305954766147;11.87305954766147;12.158294103604035;9.43879185257826;12.621822947394202;11.199058823653022;11.265615046484458;12.016808287686557;11.002111776479852;11.714674827308002;12.19537220740274;12.74188827273525;10.92851837525789;11.027214885159834;12.939579214314692;11.726643921483994;12.009128789539256;11.817783121774534;11.393926675640415;10.847057346091336;11.212496385193948;11.283088353024002;11.49735289347705;10.014020470314934;9.57553924683453;12.637530551525307;10.29117069932186;12.246740598493144;11.381002109550924;10.403012023574997;11.5401280385821;12.322209843748894;13.25650356743304;12.016808287686557;11.757390009366638;12.2103669456326;9.86727873970966;11.08214904135387;10.79766152585376;11.886077584873094;10.480790201095816;10.59898297103609;10.91214085629572;12.725153203912992;10.69522829149575;10.535275376620802;11.06204613772049;11.109830654278792;10.798471801101618;11.972620862058744;10.839991070539886;12.14242620231898;11.214319120800766;10.158609688214478;10.398743691938192;10.991521846075695;12.693922488081014;12.414949441474263;10.499845887083206;11.337621901992508;12.581671358578143;9.952741247186488;9.38586240064146;11.914011328541257;10.721953612801386;10.80332391904149;11.51717725268954;11.083479327331842;10.926295994781112;11.441388029346689;11.887982133058454;11.059344460824423;11.269126679149418;10.91513244895065;11.461990950585571;9.719388820942084;10.651948610723446;10.445014845868425;10.710806433699352;11.649256177517314;11.2836671674915;11.4893462407191;11.433585441150496;11.530406337099068;10.723660944409984;12.069449767427784;12.561287945164828;11.525031345124;11.880731435141664;11.889123656294238;10.654636028527968;11.325867580575418;11.058668250340572;11.228217442293436;11.60177078840771;11.042343379793692;11.34318571544788;10.749031382040204;11.281930026955443
13.31444163003694;11.140190703191836;12.554828641429854;13.920445905499983;12.68365259739475;11.79766152585376;13.40181283113763;12.50308035175293;11.077483356859508;12.90048948483465;12.50308035175293;10.978710459106358;12.774581180893598;12.624338545312986;12.976743106734322;11.348728154231075;11.978710459106358;12.079818085212354;12.63594479878872;12.015066533230293;12.015066533230293;11.623881490013458;12.098690096673591;12.801708358916462;12.350662988372257;12.330076554797458;10.622051819456376;12.279320387942608;11.984418458801136;12.136029849385553;12.753216749178955;10.776433032444732;12.68365259739475;12.136670762341843;13.442554786418684;11.907641803665529;12.660887270302569;13.26136038776592;9.971543553950772;13.514714054138487;10.52258153125483;12.562003863651553;10.019590728357882;9.794415866350104;12.702822011777029;10.842350343413807;13.592924155627635;11.709945380232496;12.443979542601252;11.938844457466171;13.047123912114026;12.457380879072534;10.622051819456376;12.592223421359405;11.609640474436812;10.897845456005513;12.31797782240712;12.93147623388679;12.196602126523173;12.723234300893376;12.977816540594027;12.217048913556338;14.285402218862249;13.448116305409464;13.090939415984376;15.242913572562475;11.869208250550829;11.527477006060396;11.210671343785622;11.940680648424092;13.467987569161329;13.056299014550335;12.663335723478353;11.98370619265935;11.952741247186488;12.880731435141664;13.939946452458686;12.456354415108288;13.71177450496535;13.085140461701762;11.938844457466171;10.754887502163468;12.80996904717615;13.303067213842914;14.176874375344823;12.107870914279614;12.312599378862627;13.45211251457386;12.56271942704932;12.19075064966236;12.26209484537018;12.255618749839597;14.371572474933018;11.960364008877834;12.324180546618742;11.055282435501187;12.43905168059173;14.755826451133084;14.173989374166537;12.483815777264256;13.047805554007589;13.481547190203289;11.88760142450871;11.65284497300198;13.922770209274663;12.137951734715358;11.386940245324311;12.0003521774803;15.259596162488425;12.368233611380942;11.971902746045467;11.373952655370193;14.291026768056126;11.325867580575418;10.382624026574916;12.445014845868425;14.29117069932186;12.96108788999733
10.52061868055628;9.417852514885896;11.815783544128184;10.650154213675094;11.076815597050832;9.257387842692651;11.3157156580222;11.562242424221072;10.178664851006472;10.86418614465428;11.562242424221072;9.851749041416058;10.108524456778168;10.526499239136566;12.219773550892874;8.78135971352466;11.113742166049189;12.13859179463752;10.892542816648552;10.43879185257826;10.43879185257826;10.591522346570734;10.193525360501216;11.00982861736811;10.314016703901355;11.054604317960672;10.972979786066292;10.673309075561695;11.360847084179664;11.416269744523207;10.227615943414223;10.124121311829189;11.076815597050832;11.533329732305834;11.04507705193494;9.79603960882977;9.603626344986193;10.404077136241234;9.052568050804153;11.526010107061737;10.530406337099068;10.513727595952435;9.357552004618084;9.744833837499543;12.007027266893967;8.794415866350105;11.74188827273525;9.909893083770042;10.075479149488016;10.566054038171092;9.400879436282183;12.085804380278086;10.972979786066292;11.57459352733761;9.7714894695006;8.787902559391432;10.573647187493322;9.946906274456396;10.760719947465624;10.766528908598865;9.815383295813538;10.93147623388679;12.389900172773064;10.74819284958946;10.543031820255235;11.184255495405347;10.681238411777803;10.22881869049588;11.41256984680521;10.879583249612784;12.037890085142507;11.488844346457336;10.41256984680521;10.14210705730255;10.967226258835993;11.91737207947684;11.850577547205614;10.468624042918018;12.04507705193494;11.962173031109709;10.578372691360803;10.473705749619416;11.74104557700984;11.080151309614088;10.595257481449035;10.398743691938192;10.88340698638837;10.53818893205242;10.759888183221834;11.145295334933598;11.032734528586714;10.582141981658776;12.1373113907009;10.773963368433558;10.400879436282183;10.269126679149418;9.98584193700334;11.04507705193494;11.113742166049189;10.91139198784346;11.80292019858527;10.73893668167614;10.758223214726724;11.020285500844649;11.62113611327464;11.879200317947392;11.07815080773465;11.469133019829592;11.627989784315703;11.778487861222372;10.448116305409464;10.620219825507489;12.491352073563435;10.589651146514786;10.477758266443889;10.668884984266247;10.970824901362615;10.386940245324311
3.321928094887362;5.727920454563199;3.169925001442312;1.0;4.807354922057604;1.0;2.0;3.4594316186372973;1.584962500721156;3.169925001442312;3.4594316186372973;2.321928094887362;1.584962500721156;3.321928094887362;5.247927513443585;3.584962500721156;5.0;5.930737337562887;5.321928094887363;3.700439718141092;3.700439718141092;4.087462841250339;0.0;3.4594316186372973;2.0;4.169925001442312;2.584962500721156;2.0;3.584962500721156;5.672425341971495;2.321928094887362;1.584962500721156;4.807354922057604;4.392317422778761;3.0;1.584962500721156;3.0;3.321928094887362;4.321928094887363;3.700439718141092;0.0;3.584962500721156;1.584962500721156;0.0;6.475733430966398;2.584962500721156;8.543031820255237;0.0;2.584962500721156;3.169925001442312;4.643856189774724;3.321928094887362;2.584962500721156;2.584962500721156;1.0;7.787902559391432;0.0;3.0;4.523561956057013;2.0;0.0;0.0;2.584962500721156;0.0;1.0;4.169925001442312;2.321928094887362;0.0;1.0;1.0;1.584962500721156;3.906890595608519;1.584962500721156;1.584962500721156;1.0;1.0;1.0;0.0;1.0;3.700439718141092;1.584962500721156;0.0;1.0;0.0;1.584962500721156;1.0;1.0;2.0;0.0;1.0;0.0;0.0;1.0;1.0;0.0;0.0;1.0;4.0;3.807354922057604;2.807354922057604;0.0;0.0;2.0;2.0;2.0;0.0;1.584962500721156;2.0;0.0;1.0;1.0;1.0;2.0;3.321928094887362;2.321928094887362;1.584962500721156;2.321928094887362;1.0
12.62113611327464;12.60293079091524;12.161446847518008;12.496354488564617;11.701306461958623;12.709514660706716;12.81478271506211;12.782179193831208;12.12573632939501;12.219471067394355;12.782179193831208;12.241387363998935;12.921097088106793;12.594324603924848;13.35974956032233;11.34318571544788;13.585901449690772;12.398209261466851;11.729620743553038;11.63662462054365;11.63662462054365;12.151650829973422;11.683871868622605;13.728133100306216;11.99435343685886;12.316564385396942;12.619761463298424;11.458406613236534;11.935165049603697;12.336506559810257;12.895575282380683;11.339293300180094;11.701306461958623;12.24555270625568;12.64430696154558;12.510269670898175;11.804534402995223;12.560093957642495;9.400879436282183;12.880540134333732;11.70865283568653;12.210671343785622;9.717676423066395;11.24198314969433;13.942331224510577;8.335390354693924;13.32263236389861;11.067434360756522;12.501339618061396;12.750916299978076;11.445014845868425;13.020632761657708;12.619761463298424;12.810973220002165;12.23840473932508;10.857203471508166;11.97906787148051;11.279610581052484;12.863411958941638;11.128638812852598;10.01262453886506;11.474212937193943;12.557942286787448;11.746094383705463;11.395534135462302;11.68650052718322;11.541096615349524;11.34207466799914;12.13699111208023;11.204571144249204;12.570567288872004;12.47294463377961;11.189824558880018;11.358651200892886;11.51175265376738;12.728983369988049;12.84764464308332;11.106562940444883;12.75676478940414;12.659326997414103;11.108524456778168;11.032045726930807;12.282219695672588;12.144020869266893;11.35149140932002;11.10459875356437;11.430975172588068;11.439311461818846;11.158609688214478;11.810973220002165;11.23661220021575;10.935165049603697;12.919608238603251;11.29117069932186;11.371776644337924;11.356451970221755;11.070791809423062;11.481799431665753;11.350386742312844;11.5401280385821;12.278159031437236;11.341518823245243;10.987974524296153;11.65687172561398;12.085804380278086;12.29232163280204;11.363587246524578;11.957827560833744;12.42600261332936;11.752798758435516;11.151650829973422;11.207624468226758;12.638888382252262;11.220982851081777;11.11309098344238;10.997885127829113;11.571278618514595;11.251482410620213
8.199672344836364;9.9901039638575;9.642051692927977;10.874212934830874;9.366322214245816;9.49585502688717;11.2603315185576;10.34318571544788;9.78135971352466;9.030667136246942;10.34318571544788;10.52845411076479;11.847057346091336;9.199672344836364;9.579315937580017;5.78135971352466;7.60733031374961;10.011227255423254;8.252665432450248;9.927777962082342;9.927777962082342;8.614709844115207;9.407267764244732;11.145932145820517;10.384783750093352;9.59245703726808;8.721099188707186;9.194756854422248;9.564149489985732;9.303780748177102;11.107217075591382;7.20945336562895;9.366322214245816;9.733015321685963;12.862831046897997;5.392317422778761;10.344295907915816;7.894817763307944;5.807354922057604;9.971543553950772;8.839203788096944;9.324180546618742;6.285402218862249;8.977279923499916;9.250298417906333;4.169925001442312;10.28424574982967;8.954196310386875;9.350939181546432;8.823367240046235;8.566054038171092;11.45994384837493;8.721099188707186;10.50481898763284;9.285402218862249;8.238404739325079;9.231221180711186;8.696967526234287;8.774787059601174;7.679480099505446;7.857980995127572;7.118941072723508;9.73809225962049;8.74819284958946;9.857980995127573;8.507794640198696;8.348728154231077;8.405141463136344;9.1006623390052;7.577428828035749;9.995767150877802;8.459431618637296;9.204571144249204;8.543031820255237;9.321928094887362;9.207014320177532;10.01262453886506;9.105908508571158;9.661778097771988;10.355351096424812;8.46352437327118;6.7414669864011465;7.918863237274595;9.290018846932618;7.515699838284043;7.219168520462161;6.658211482751795;8.29920801838728;8.060695931687555;9.436711542137214;9.207014320177532;7.665335917185176;10.038918989292302;8.179909090014934;8.618385502258606;8.933690654952233;7.78135971352466;10.302638923787551;8.491853096329674;8.546894459887637;8.071462362556623;8.154818109052105;7.366322214245816;8.618385502258606;9.419960177847887;9.717676423066395;7.870364719583405;9.840777923595054;8.238404739325079;8.238404739325079;8.31741261376487;9.271463027904376;8.89178370321831;7.409390936137702;7.839203788096944;7.076815597050831;9.240791332161956;8.807354922057604
13.43879185257826;12.08214904135387;12.093087390444218;12.716176405807428;11.96108788999733;11.3297963382207;12.926295994781112;13.055960234452296;12.001408194392807;12.121533517340032;13.055960234452296;13.227766341646404;12.39231742277876;12.081483438093674;13.131535468676343;12.165535141377925;13.483185971936717;12.16333519208196;11.980139577639155;11.602234901341063;11.602234901341063;11.675074920385445;11.080817527608328;13.27873982655011;11.936269857602207;12.357826882210777;12.009128789539256;11.62662165235837;11.737247343027738;12.727282329212189;12.639792893279312;12.244958393151132;11.96108788999733;12.708221730038352;12.628217680223434;12.61378946447258;12.324743110494415;11.971902746045467;11.556506054671928;12.333155350310616;11.798471801101618;12.10459875356437;11.700873155140265;11.347621368568134;13.643292526926809;11.313449940963055;12.813981551614678;12.072802534544207;10.997885127829113;13.043027283594547;11.169925001442312;12.690871009292314;12.009128789539256;12.15069928874454;12.949097155729207;11.383704292474052;11.950555897047511;11.274960472140602;12.674192268145683;11.350386742312844;11.004220466318197;11.50481898763284;12.954741580960002;12.015066533230293;11.710806433699352;12.410716333604269;11.647908074281808;11.292896755409172;12.324743110494415;11.624338545312986;12.79603960882977;12.762382038710392;11.760304125286382;11.7710767402628;11.919980595048962;12.837825009196694;12.731955373771934;11.382624026574916;12.578608560737752;13.161919165427248;11.390168956200185;11.10000522442272;12.36932470240734;11.965784284662089;11.777666280880757;11.795227966028678;11.743572188935634;12.039947160169094;11.739358707433396;11.97333862080036;11.760719947465624;11.522091068887065;12.660218788535618;11.588714635582264;11.28424574982967;11.651948610723446;11.434628227636724;12.276124405274238;12.152284842306582;11.937005926516589;12.071797522284209;11.81016993766466;11.743572188935634;11.533329732305834;12.630722162103838;12.689779629377275;11.71295682169755;12.467605550082997;12.36139553316589;11.929998062609029;11.422064766172811;11.729195859132094;12.735556023911537;11.582141981658776;11.382083590141969;11.584962500721156;11.921097088106793;11.846273911349906
10.696098170955864;9.388017285345136;9.749869427396844;10.968666793195208;8.622051819456376;8.543031820255237;10.965784284662089;10.4655664048094;8.573647187493322;9.620219825507489;10.4655664048094;10.554588851677638;10.14210705730255;9.381542951184583;10.309476353841106;12.40832974076739;11.169298695792843;9.321928094887362;9.61286849729104;8.851749041416058;8.851749041416058;9.221587121264806;9.426264754702098;10.191059214531656;8.707359132080883;9.68650052718322;10.482807956726669;10.08214904135387;9.531381460516313;9.91139198784346;10.026523442519766;8.92481250360578;8.622051819456376;10.257387842692651;10.910642730469624;8.94251450533924;10.65284497300198;9.851749041416058;7.826548487290915;10.121533517340032;8.741466986401146;9.03342300153745;8.199672344836364;9.556506054671928;11.335390354693924;8.51175265376738;10.231221180711186;9.567956075415466;10.281930026955443;9.52943055414615;10.40832974076739;9.894817763307945;10.482807956726669;9.719388820942084;10.950555897047511;9.86573327085176;11.101319154423276;8.475733430966399;10.243173983472952;8.842350343413807;8.661778097771988;8.888743248898258;10.480790201095816;9.73809225962049;9.257387842692651;9.187352073200495;9.111135670234708;8.45532722030456;9.804131021183318;9.131856960608792;10.372865060112588;10.193525360501216;9.409390936137704;9.285402218862249;9.348728154231075;10.285402218862249;10.60917873814198;8.714245517666123;10.417852514885896;10.568906154502084;8.994353436858859;8.661778097771988;9.65642486327778;9.409390936137704;9.659995892429976;9.124121311829189;9.027905996569883;9.471675214392045;8.948367231584678;8.696967526234287;8.945443836377912;9.134426320220928;11.222191138456331;8.842350343413807;8.90388184573618;9.330916878114618;8.968666793195208;9.731319031025064;9.586839787961829;9.821773981970567;9.878050912728536;9.41574176829009;8.679480099505446;9.20212382383046;10.24436383512051;10.059344460824423;8.951284714966972;9.946906274456396;9.59245703726808;9.94251450533924;9.269126679149418;9.192292814470768;10.30720080914081;9.0;8.76487159073609;9.014020470314934;9.930737337562888;9.285402218862249
11.647008638441648;10.700439718141093;10.849405100947758;12.410981267043796;11.793196859060943;12.790959333698824;12.95764621521841;13.885982291432663;11.13249972962851;12.353698209048035;13.885982291432663;12.585666769732402;12.346513733165636;10.134426320220928;12.327833296750327;12.524296837662623;11.956013078088098;10.589651146514786;10.870364719583405;11.276706019892432;11.276706019892432;10.73047013718422;11.210671343785622;12.494855584491198;11.376125389276174;11.105908508571158;10.568906154502084;11.615169813843602;10.813781191217036;11.3409627642517;13.275688040384823;11.145932145820517;11.793196859060943;11.663113308455806;12.138911718142744;11.972261848733291;11.657765035265363;11.42678889459556;10.981567281903017;11.682994583681683;10.122827994807666;12.564149489985732;10.492854620174748;11.450695771572915;12.497851836951115;12.762382038710392;11.91026795581084;10.961449694398196;10.707359132080883;11.626165319904498;15.497571202479644;12.827541190172502;10.568906154502084;12.788718332690458;12.172740017049366;11.025831668332026;10.918117851031772;10.603626344986193;12.873636356508053;10.079484783826816;10.827342704234116;10.34318571544788;11.932214751968385;10.4797802640291;10.852529509404196;11.675074920385445;10.393390457443989;10.159871336778387;10.790348496751914;10.395534135462302;11.405673332281866;11.532842910961282;10.972261848733291;10.488844346457336;10.919608238603251;11.407798850221974;11.341518823245243;10.336506559810257;11.228217442293436;11.651051691178928;10.414685235807214;10.505811553919594;10.94104760634058;10.978710459106358;10.637530551525307;10.61378946447258;10.693486957499324;11.031356596255709;10.7431513941125;10.51668494930961;10.586839787961829;10.543031820255235;11.756973226165448;10.561287945164828;10.230020435705637;10.517669388133813;10.346513733165636;11.521109643651332;11.243173983472952;10.330916878114618;10.69522829149575;10.923327485419192;10.81698362325538;10.227615943414223;11.632995197142955;11.813781191217036;10.635718120331047;11.1006623390052;10.82097669262124;10.606405212697783;10.3151495622563;10.535275376620802;11.784225860426252;10.535275376620802;9.847057346091336;10.674192268145683;10.80896417491926;10.814582465906277
10.091435386323608;9.766528908598865;10.558420713268664;9.76155123244448;11.216139556425135;9.172427508645482;10.227615943414223;10.484822894262146;8.88264304936184;9.092757140919852;10.484822894262146;10.346513733165636;9.681238411777803;9.521600439723729;10.533329732305834;9.41574176829009;11.398743691938192;10.470658874060552;10.28424574982967;9.586839787961829;9.586839787961829;10.51865315567339;9.328674927327947;10.67595703294175;9.853309555403674;10.53818893205242;10.068778277985412;9.144658242831882;9.826548487290914;10.29117069932186;10.993646060016596;8.92184093707449;11.216139556425135;10.348728154231075;10.27262978497637;9.257387842692651;9.264442600226602;10.344295907915816;9.902375114486023;10.366322214245816;10.125413470483316;11.531868775177552;9.339850002884624;10.542064542283445;10.881878707600446;8.758223214726724;11.36468185586456;9.1006623390052;8.577428828035748;10.250298417906333;9.52552080909507;12.03376711484639;10.068778277985412;10.902375114486023;10.051208940914766;10.17367713630342;9.26209484537018;9.383704292474052;10.52258153125483;9.99859042974533;9.030667136246942;9.651051691178928;10.824958740528524;10.632995197142955;9.162391328756906;9.20212382383046;9.7714894695006;9.326429487122304;9.799281621521924;10.0;10.878817284614229;10.469641817239516;9.084808387804362;9.544964432789238;9.778077129535358;10.489847960439295;10.46454575033394;9.625708843064466;10.707359132080883;10.866506212226202;9.116343961237469;9.269126679149418;10.460455896309636;9.871905237659186;9.988684686772164;9.823367240046236;9.350939181546432;9.29920801838728;9.381542951184583;9.909893083770042;9.333155350310616;9.319672120946995;11.043710863347156;9.554588851677638;9.076815597050832;8.912889336229961;9.321928094887362;9.702172685365548;9.523561956057012;10.413627929024171;10.338736382573916;9.491853096329674;9.497851836951115;9.894817763307945;10.967946705812707;10.498849206531723;9.717676423066395;10.4231159101471;9.995767150877802;10.25502856981873;9.157346935362844;9.60917873814198;10.271463027904376;9.45532722030456;9.30149619498255;9.787902559391432;9.845490050944376;9.62935662007961
11.810973220002165;12.155134454857755;10.967226258835993;11.452756029032496;11.249706056969703;11.975847968006784;13.1373113907009;12.051208940914766;11.690871009292314;11.341518823245243;12.051208940914766;11.494355603532846;11.861862340059153;11.450180247164754;12.19537220740274;11.112439506781552;13.296772847705832;11.298635406734242;13.648694620918077;10.559377090526684;10.559377090526684;10.93810932621924;10.910642730469624;14.26781081836724;11.101975670949232;11.743992861060176;11.129283016944967;10.826548487290914;11.647908074281808;11.817383427897232;13.098032082960527;11.434106928609957;11.249706056969703;11.700006150882864;11.322491537597468;12.573647187493322;11.080151309614088;11.715961990255144;8.977279923499916;12.477252323937952;11.003517912108602;11.64565843240871;10.224001674198105;11.696098170955864;12.562003863651553;7.622051819456376;11.298062567719017;10.954196310386877;11.200285605224298;11.940313597145968;11.022367813028454;12.760096169244092;11.129283016944967;13.107870914279614;11.68255574108031;12.43149760425805;13.040632200562252;10.179909090014934;15.80034382144224;9.831307243802051;9.26209484537018;10.4757334309664;11.475226777742266;10.709083812550343;10.234817431117325;10.51865315567339;10.24198314969433;10.1331422124006;11.040974598817304;10.263269200372662;11.4797802640291;11.004220466318197;11.359200485133632;11.151016538892248;10.32755264408124;11.834075953434883;11.733862719678545;10.43149760425805;11.839597483021176;11.27786854617684;9.873444112515376;10.904634621668151;11.428883552010191;11.705200378063116;10.982280604558284;10.19598729802851;10.4189067312579;10.18239435340453;10.151016538892248;10.812177305514448;10.30720080914081;10.088788238716909;11.674633661767269;10.226412192788786;10.934428040626804;10.072802534544207;9.992938336165814;10.30149619498255;10.57553924683453;10.580258567499788;11.38424412224308;10.323054760341646;10.352043425795433;10.773963368433558;10.923327485419192;11.147840893672337;10.00562454919388;10.642954223480332;11.116343961237469;10.276124405274238;9.726218159332198;9.946906274456396;11.3157156580222;10.018200178813226;9.85642552862553;9.933690654952231;10.1357092861044;9.926295994781112
8.741466986401146;10.353146825498085;7.392317422778761;10.930737337562888;9.588714635582264;8.968666793195208;8.0;9.189824558880018;7.442943495848728;5.169925001442312;9.189824558880018;11.011926066306808;6.870364719583405;5.0;10.049848549450562;10.151016538892248;10.002815015607052;8.523561956057012;8.03342300153745;5.857980995127572;5.857980995127572;8.854868383260236;10.047123912114026;7.839203788096944;7.483815777264256;7.417852514885898;7.451211111832329;9.26209484537018;2.807354922057604;8.224001674198105;7.011227255423254;6.539158811108031;9.588714635582264;8.622051819456376;9.409390936137704;4.392317422778761;9.430452551665532;5.169925001442312;5.0;7.988684686772165;6.108524456778169;6.714245517666122;7.523561956057013;7.787902559391432;7.554588851677638;4.392317422778761;5.554588851677638;7.693486957499325;7.409390936137702;7.960001932068081;6.6865005271832185;12.721312842175312;7.451211111832329;5.426264754702098;10.627533884472792;3.584962500721156;6.643856189774724;6.22881869049588;8.804131021183318;5.523561956057013;5.954196310386875;6.066089190457772;6.954196310386875;6.906890595608519;5.285402218862249;6.129283016944966;6.7414669864011465;6.189824558880018;6.066089190457772;6.357552004618084;6.303780748177103;6.614709844115208;4.459431618637297;4.754887502163468;7.303780748177103;5.321928094887363;6.523561956057013;5.882643049361842;6.832890014164741;5.727920454563199;6.7414669864011465;4.906890595608519;5.087462841250339;6.475733430966398;5.807354922057604;7.426264754702098;6.727920454563199;6.285402218862249;5.087462841250339;6.965784284662087;6.266786540694901;4.584962500721156;7.285402218862249;5.321928094887363;6.918863237274595;5.554588851677638;6.599912842187128;6.357552004618084;6.108524456778169;5.754887502163468;6.459431618637297;4.954196310386875;6.807354922057604;6.6293566200796095;8.103287808412022;6.554588851677638;4.754887502163468;6.321928094887363;6.169925001442312;6.906890595608519;4.954196310386875;4.857980995127572;7.761551232444479;5.247927513443585;5.20945336562895;6.7414669864011465;7.417852514885898;5.0
11.386401423640775;10.729620743553038;11.002815015607052;12.372048825272772;10.65642486327778;10.451211111832327;11.33706433868474;12.202736043250168;10.737247343027738;9.65642486327778;12.202736043250168;12.205793249397155;11.817383427897232;10.181152256865566;12.044394119358454;10.7632123668144;10.428360172704291;10.806549621985962;10.092757140919852;10.689997971419446;10.689997971419446;10.025139562278508;10.52258153125483;12.40832974076739;10.86727873970966;12.017504401109417;10.43254190038826;11.199672344836364;11.863024710236886;10.60733031374961;11.952377251967985;11.30035256032822;10.65642486327778;11.3157156580222;11.82137539237254;11.595257481449035;10.977279923499916;12.424428764037762;11.67991987851842;11.817783121774534;10.71338651493703;11.681238411777803;10.383704292474052;10.78135971352466;12.3063465536885;11.4983506079296;10.849405100947758;10.485829308701904;10.303780748177102;10.894817763307945;10.164906926675688;11.778077129535358;10.43254190038826;11.31797782240712;12.24436383512051;10.364134655008051;10.94397991434374;10.325305455089682;11.545929769085468;10.213104219641906;10.89633240390994;10.746514321138465;12.388017285345136;10.830515206976838;11.006326078524934;11.50332885662666;10.496853777388042;10.79766152585376;11.333155350310616;10.679480099505446;11.706496018061188;11.43879185257826;11.3297963382207;11.08746284125034;10.79197682089869;12.133784409179908;11.659103963473662;10.901621158346112;11.649256177517314;12.275251543470327;10.491853096329674;10.660887270302569;11.318542809702723;11.841957399099549;11.03960451795376;11.12347479824414;11.207624468226758;11.1879705919842;10.72451385311995;11.3151495622563;10.456354415108288;11.003517912108602;11.709083812550343;11.041659151637214;11.106562940444883;10.350939181546432;10.332036548361652;11.58261245126702;11.60130652612184;10.699572453287267;11.055282435501187;11.225207436943505;11.470658874060552;10.34318571544788;11.841957399099549;12.225809940623543;10.97656412341533;11.595723694101627;11.138911718142744;10.80332391904149;10.561287945164828;10.977279923499916;11.587308728333545;10.79603960882977;10.161131882984307;11.215532999745657;10.878817284614229;10.918863237274596
11.549303368513575;10.127994320976391;10.72451385311995;11.667998535672528;9.964340867792416;10.113742166049189;11.43567026093655;12.07347215397646;10.691743519171276;11.040289721025715;12.07347215397646;11.447083226209651;11.24555270625568;10.293471648838134;11.400879436282183;10.274960472140602;10.821773981970567;10.7714894695006;10.281930026955443;10.157346935362844;10.157346935362844;9.649256177517314;9.674192268145683;10.53818893205242;9.918863237274596;10.614709844115207;10.874981347653774;10.434628227636724;10.152284842306582;10.370687406807216;11.134426320220928;10.749869427396844;9.964340867792416;11.215532999745657;11.150381968817848;10.166163082646111;10.358651200892886;10.743992861060176;10.308339030139408;10.07815080773465;10.646558710154547;10.875749351420056;10.484822894262146;9.684748620421626;11.986908624697694;10.62113611327464;11.148476582178278;10.987264012072538;9.159871336778387;10.886458695703706;9.829722735086058;11.957827560833744;10.874981347653774;10.50382573799575;11.256798386079389;8.915879378835774;9.991521846075695;9.78953364497036;11.326429487122304;9.850186837645774;9.159871336778387;10.181152256865566;11.800090987624994;10.570804437724496;10.121533517340032;10.490850876740298;10.153552031708111;9.968666793195208;10.71338651493703;9.99859042974533;11.3297963382207;11.400879436282183;9.459431618637296;9.4797802640291;10.583082767502932;11.576956664706092;11.47826403158172;9.303780748177102;10.887982133058454;11.90839262077375;10.360847084179664;9.537218400538595;10.922584402713664;9.754887502163468;9.818582177480858;10.687375683437468;10.71853287606922;10.597121428789569;10.4757334309664;10.555547771647063;10.608254821977908;10.233619676759702;10.929258408636972;10.634811050171718;9.63117705570398;10.290018846932618;10.08746284125034;10.508785162064513;10.368506461507693;10.43567026093655;10.573647187493322;10.690871009292314;10.740624044489412;10.347621368568134;11.128638812852598;11.46352437327118;10.494855584491198;11.367414751246828;10.90312867681232;10.43149760425805;9.845490050944376;10.355351096424812;11.345405246717796;10.35974956032233;10.148476582178278;10.33427328530719;10.650154213675094;10.406205005418856
11.653292945382814;10.638435913990472;11.060020354507852;12.678380065109115;11.090112419664289;11.08746284125034;11.15608307628868;13.020979938904212;12.865153292938064;9.224001674198105;13.020979938904212;12.60733031374961;11.548340287676147;10.210671343785622;12.30035256032822;9.469641817239516;10.91139198784346;11.471167133724393;11.52943055414615;10.499845887083206;10.499845887083206;10.65642486327778;11.096056239180946;12.257682480708766;11.613329054371054;11.420486612825774;12.037203741151972;12.19567978549598;10.66266837551754;12.409390936137704;13.413495711176774;10.145932145820517;11.090112419664289;12.225508720236;12.776227388507262;11.900866807980748;12.314866431053176;10.841564347730577;9.965784284662089;11.167418145831736;11.59898297103609;11.25089053572334;9.37937836707126;10.542064542283445;13.378565810000564;9.154818109052105;11.93258386928929;10.985130373466898;10.304921669581672;12.022367813028454;10.750706986224948;12.801304186049023;12.037203741151972;12.044394119358454;12.442425193331609;7.159871336778389;9.556506054671928;10.62844554013718;10.253847484987404;10.338736382573916;9.372865060112588;10.603626344986193;11.627533884472792;11.014020470314934;10.224001674198105;10.257387842692651;10.719388820942084;10.488844346457336;11.131856960608792;10.30720080914081;11.65687172561398;11.437752072323605;10.214319120800766;10.203348002979762;10.524541715035848;12.043027283594547;11.748612176736982;10.015415052386688;11.354800344350595;11.714245517666123;10.295768934420508;10.346513733165636;11.591522346570734;10.840777923595054;10.66266837551754;10.294620748891628;10.696098170955864;10.24436383512051;10.498849206531723;10.668884984266247;10.321928094887362;10.215532999745657;11.320800548881635;10.599912842187129;10.498849206531723;10.213104219641906;10.257387842692651;10.502831804066744;10.671541066711884;11.036860446673046;11.634811050171718;10.41679752760606;10.358651200892886;10.644757592516257;11.405673332281866;11.37232095486726;10.499845887083206;11.040289721025715;10.787902559391432;10.717676423066395;10.20945336562895;10.080817527608328;11.303209948944776;10.183635381473218;10.283088353024002;10.109830654278792;10.108524456778168;10.030667136246942
16.32094154033456;14.129765981310651;12.654188473059545;15.14700612720716;12.804937672051908;13.874981347653774;15.337308299146876;14.879822530299462;13.40686932142308;15.023624421742532;14.879822530299462;15.222455316477769;15.013104542663925;14.62816070962138;13.940221819733114;12.593157658103;12.75884780310832;12.760512051357347;13.541338657970826;12.411510988012072;12.411510988012072;14.02167404285837;14.041488043881468;14.784890402400322;13.958915156091347;13.095397022792556;13.584257887744569;13.08994696349794;13.609986679703654;13.790450320871722;14.674247449734205;13.179287104646004;12.804937672051908;13.909986810912573;14.82137539237254;11.87843414955929;13.598285174146604;13.2404932238768;11.709945380232496;12.7255792804196;13.24347153839633;14.197523878257789;12.595723694101627;13.278449458220482;15.155134454857755;11.696967526234287;13.935165049603697;13.80292019858527;13.03221795817806;15.304886029441825;12.673750739438065;14.55542794150115;13.584257887744569;14.34249141106907;15.33207152405873;11.53818893205242;13.445661533333144;12.486583659067268;15.192909219112012;12.026177596889225;11.210671343785622;12.528698283574188;13.81277897162766;13.198751965193736;12.61378946447258;12.138911718142744;12.19567978549598;12.103615656394544;13.241685287601625;11.99929538702341;13.695445810537382;13.947636937951827;11.42783660345852;12.380731612682997;12.727707777472686;13.863411958941638;13.601654736841796;11.510269670898175;13.228217442293436;14.20876780077178;12.098361127332096;11.789941128390916;13.394328708537234;12.16867211813223;12.095397022792556;12.34179677239183;12.552188759557149;12.858952310750938;12.536732889835417;12.727282329212189;12.4542992936199;12.283377789285558;12.911953675621971;12.498849206531723;11.26502894245816;13.066761932386909;12.073137383110383;12.812177305514448;12.102631888854969;13.466713778648694;12.879391796485187;12.3437409184722;12.416269744523207;12.12023787734196;13.191521938128146;13.622852585863663;12.884170519108435;13.488844346457336;13.302781701267095;12.168358727223886;12.12023787734196;12.452241240430816;12.98655314975666;12.351215321855609;12.154501693864765;11.968666793195208;12.50928016808786;12.588480412829758
13.438661921021376;11.868436755858168;12.84136778188234;13.606058146810808;12.338736382573916;12.901621158346112;13.248224089668474;13.902092427105698;12.563911244581693;12.65642486327778;13.902092427105698;14.184720405997767;14.04874228605654;12.952195219914133;13.486960686389653;12.388017285345136;12.90388184573618;12.91606605089929;13.083479327331842;12.1526017440192;12.1526017440192;13.03977584923368;11.982280604558284;13.36796070964157;12.460455896309636;12.85642552862553;13.403544678202014;12.355901638328415;12.379649117760035;13.433715830688374;13.754365599672196;11.61286849729104;12.338736382573916;13.818981539432444;13.788820271926742;12.932030157887027;12.732167425663384;12.872674880270605;10.667998535672528;12.581671358578143;12.347067657165873;12.35837648032824;10.400879436282183;11.763627351727628;14.151333719291657;9.682994583681683;13.344989344622697;12.227916724201489;12.173364830849035;12.841564347730577;13.270879295328784;14.762278214087925;13.403544678202014;13.4993476328766;13.337203749714552;11.47826403158172;12.401412878714178;11.861086905995396;13.47636649738618;11.912515144802397;11.270879295328784;12.407267764244732;13.646446206154732;12.671098725748465;12.293759009667864;12.861086905995396;12.373408960228696;12.26209484537018;13.032390168866524;12.0515488384404;13.327131562682846;13.192909219112012;12.073806847178492;12.11178773580101;12.552188759557149;13.603394530887376;13.66622400280318;12.01227534485612;13.376396751082842;13.36796070964157;12.066425600635556;11.852919585123995;13.07112712494831;12.882260929099804;12.346790721750702;12.310896748797711;12.55434902206344;12.515699838284045;12.233020426474496;12.796242448203165;12.51051694059471;12.02997734658958;13.332596057789214;12.263269200372662;12.070120944476823;12.335948565202298;12.075813377461454;12.59245703726808;12.344018439881326;12.091765938516804;12.786678033890652;12.488593333835407;12.319672120946995;12.371232128369622;12.76983784362944;13.34568244818678;12.200285605224298;12.86785786397283;13.33343491528405;12.323899182397296;12.05697633617822;12.249409785269128;13.537582426371948;12.200592137689254;12.08214904135387;11.977995368612962;12.465311308877183;12.127671967038982
6.022367813028454;4.169925001442312;7.03342300153745;4.087462841250339;7.451211111832329;0.0;4.392317422778761;7.169925001442312;3.0;0.0;7.169925001442312;4.392317422778761;5.832890014164741;1.584962500721156;6.0;0.0;5.087462841250339;7.562242424221073;3.169925001442312;5.357552004618084;5.357552004618084;2.0;5.20945336562895;0.0;4.523561956057013;5.129283016944966;9.169925001442312;5.285402218862249;2.807354922057604;4.087462841250339;5.392317422778761;4.247927513443585;7.451211111832329;7.0;6.22881869049588;1.584962500721156;3.321928094887362;3.169925001442312;3.4594316186372973;5.321928094887363;9.271463027904376;5.523561956057013;4.857980995127572;4.807354922057604;3.0;3.906890595608519;5.491853096329675;3.169925001442312;0.0;4.321928094887363;4.087462841250339;6.189824558880018;9.169925001442312;3.584962500721156;5.754887502163468;1.584962500721156;4.643856189774724;4.700439718141092;4.754887502163468;5.727920454563199;7.467605550082998;8.294620748891628;9.019590728357882;7.977279923499917;8.768184324776927;7.483815777264256;6.882643049361842;8.422064766172813;9.65284497300198;7.312882955284356;8.366322214245816;7.977279923499917;8.577428828035748;7.679480099505446;7.076815597050831;9.558420713268664;8.558420713268664;8.228818690495881;8.379378367071261;9.640244936222343;7.276124405274237;7.442943495848728;8.266786540694902;8.154818109052105;7.294620748891627;8.459431618637296;8.422064766172813;7.60733031374961;6.357552004618084;8.43879185257826;6.700439718141092;7.577428828035749;8.194756854422248;7.108524456778169;7.0;6.614709844115208;6.6293566200796095;7.179909090014935;8.980139577639157;5.727920454563199;8.257387842692651;8.092757140919852;8.252665432450248;7.636624620543649;9.019590728357882;9.344295907915816;7.330916878114617;8.810571634741146;9.121533517340032;7.348728154231077;6.3750394313469245;7.108524456778169;6.459431618637297;8.326429487122303;7.614709844115208;7.721099188707186;7.366322214245816;7.924812503605781
12.322209843748894;12.993469161599249;12.319107575824985;11.810571634741146;12.33147682185962;12.020979938904212;13.897467341721892;14.362286318324758;11.752380646552892;12.766735939529964;14.362286318324758;12.742098869778308;12.92351319630841;13.100333819126542;12.98299357469431;12.401946123976536;14.041659151637214;12.33399388276136;12.601074338941668;11.493855449240822;11.493855449240822;12.203653885529596;13.193063279130408;13.42639580752872;12.984240425230125;12.719174882328078;12.42757474756509;11.95310515059134;12.061033601681112;12.269126679149418;13.84960057483748;12.609640474436812;12.33147682185962;13.213863652749346;12.456354415108288;12.007027266893967;12.068778277985412;12.65306897657993;12.73047013718422;12.015066533230293;12.98744167293612;12.358101707440849;13.065584428061502;11.46096776257042;12.489847960439295;12.52135506255826;13.409656113059851;11.330356716957944;10.3409627642517;13.091600671887274;11.61056350392504;14.102877893637029;12.42757474756509;12.635264656539514;12.1901333218648;11.582141981658776;11.74777340052679;10.902375114486023;13.053925881531104;11.480285320936373;11.040289721025715;11.482303782323182;13.127994320976391;12.206403913973848;11.240195053979924;12.59269061535341;11.831307243802051;10.83368074865474;11.746934136372298;11.847448903982432;12.61171646094388;12.643630751061728;10.90312867681232;11.147204924942228;12.295481973695368;12.269126679149418;12.779924501967908;10.824958740528524;12.554109152574004;12.44475608969503;11.88760142450871;10.847057346091336;12.13859179463752;11.519636252843211;11.851749041416058;11.279610581052484;11.843528534611089;11.706496018061188;11.3009244909763;11.804534402995223;11.3297963382207;11.480285320936373;12.901809684323627;11.684748620421626;10.935901682267588;11.326991174900815;11.66622400280318;12.191676146352428;11.792790294301064;11.25915476886684;12.01017840402054;11.706496018061188;11.752380646552892;11.914758838941856;12.960545013211664;12.416269744523207;11.65954999687987;12.072132604167232;11.70173963867435;13.105744854207543;11.572226512793694;11.559377090526684;13.253256579781151;11.1357092861044;11.10000522442272;11.806146803320525;12.2940463132715;11.076147528022505
13.294907880953652;9.831307243802051;11.319672120946995;12.175549550636193;10.871135184243045;10.477758266443889;11.477252323937952;11.759472121202831;11.615169813843602;10.644757592516257;11.759472121202831;11.860311054919482;11.10459875356437;11.281930026955443;11.92184093707449;9.459431618637296;11.1357092861044;11.642954223480332;10.166163082646111;11.565102078360312;11.565102078360312;10.639340708652233;10.107217075591382;10.861086905995396;10.576484346796851;11.181773438808808;11.17367713630342;11.474719946526482;11.4757334309664;11.151016538892248;11.87536540064177;11.229419688230417;10.871135184243045;12.256208688527389;12.12347479824414;11.212496385193948;10.665335917185176;11.960364008877834;12.154501693864765;11.078817949961978;11.4542992936199;11.535275376620802;10.54399845013454;10.80332391904149;11.406205005418856;12.004571615167656;11.29634268469289;10.99506046703272;9.221587121264806;11.096056239180946;10.134426320220928;11.783816759320182;11.17367713630342;11.572226512793694;12.12638183054264;9.273795599214264;10.364134655008051;11.279610581052484;10.934428040626804;11.191676146352428;11.032045726930807;11.655977862486942;13.516438734607949;11.190442018782823;11.06204613772049;11.635718120331047;10.909143047339898;11.101975670949232;12.269418929741096;11.199058823653022;12.846273911349906;12.324461855977315;12.269418929741096;11.4993476328766;11.647908074281808;13.090277856857394;12.136350341454156;11.375582512490508;12.605942439625368;13.091765938516804;10.5401280385821;11.227014193649133;12.06305796362349;12.0;11.534789211480266;12.19537220740274;11.813781191217036;11.075479149488016;12.32558654521057;12.26209484537018;12.06305796362349;12.374496145691516;11.264442600226602;12.182083929510725;10.813781191217036;11.428883552010191;11.200898605038445;11.466586337719244;12.064405961891042;11.912515144802397;11.485829308701904;11.856036399819155;13.13699111208023;11.00982861736811;12.392585756275468;12.956920604721088;11.960725994839056;12.746094383705463;12.276124405274238;11.37232095486726;11.074141462752506;11.483815777264256;11.94800213097767;11.42678889459556;11.56843119316746;11.773551346428505;11.483815777264256;11.778898476008376
13.052907628313289;8.985841937003341;11.81016993766466;12.52943055414615;12.147204924942228;13.619646849988262;13.219319801859132;13.728133100306216;10.60917873814198;14.258566033889933;13.728133100306216;12.333155350310616;11.292896755409172;12.954196310386877;11.584962500721156;13.119589620741122;14.64622117183188;11.958190183693738;12.82356627364535;11.075479149488016;11.075479149488016;11.81498293642679;11.602234901341063;12.355901638328415;12.179909090014934;12.65127597334664;12.846861527286707;11.533329732305834;10.722807531169549;13.15212636534252;12.677719641641009;12.919608238603251;12.147204924942228;13.999823879015723;11.768184324776929;12.617237864746103;11.011227255423254;13.558420713268664;12.478011171176044;12.141787841671004;13.87536540064177;12.017852331905962;12.070791809423062;10.285402218862249;11.850577547205614;12.250298417906333;11.189824558880018;11.989394499844732;12.03960451795376;12.862056133469462;14.095644264238574;12.894438854562262;12.846861527286707;12.833483105659584;12.4655664048094;9.64745842645492;11.795227966028678;11.499845887083206;12.943613701614042;11.590119174107176;11.640244936222343;11.936637939002573;13.412172865823786;12.961992230928898;12.676397887044764;12.893301530860564;11.95492329203032;11.643405277115674;12.583787954502338;11.889503963411476;13.223247560417468;13.444108996147117;11.4231159101471;11.45994384837493;12.602698865017963;13.17617314910749;12.81177605532666;11.24436383512051;12.294333559671829;13.5907039951622;12.000704269011246;11.642051692927977;12.615399743725495;10.812177305514448;12.04916787237217;12.74756363025512;12.693269142893206;12.366048950670628;12.539401179028111;12.219168520462162;12.304066063127284;12.413892328372643;12.088457003486226;12.562957869334118;10.821773981970567;12.32755264408124;12.429929741353272;13.01297364837454;12.171489577065657;12.7714894695006;11.917745013443216;12.627989784315703;12.965243172556892;11.491853096329674;12.82097669262124;13.446178674674243;12.510022358813766;13.306204128589329;12.7238742188639;11.521600439723729;11.79400964502097;12.037546953962178;12.567005370247031;12.042685372219353;11.963618617443972;12.06373212019692;12.429145170478744;12.533329732305834
11.749869427396844;12.015066533230293;6.357552004618084;7.94251450533924;6.870364719583405;10.022367813028454;6.614709844115208;10.007027266893967;7.339850002884624;7.562242424221073;10.007027266893967;8.731319031025064;8.252665432450248;10.584022940257542;7.257387842692652;3.700439718141092;11.422064766172811;6.965784284662087;10.428360172704291;6.700439718141092;6.700439718141092;7.022367813028454;5.0;9.011227255423254;4.954196310386875;6.714245517666122;8.353146825498083;7.129283016944966;8.219168520462162;12.230320715661112;6.266786540694901;7.266786540694901;6.870364719583405;7.294620748891627;6.539158811108031;13.312741174040973;8.813781191217037;10.079484783826816;6.78135971352466;8.951284714966972;8.257387842692651;9.280770770130603;10.651051691178928;9.240791332161956;9.306061689428342;6.339850002884624;8.08214904135387;6.754887502163468;11.65687172561398;8.800899899920305;4.857980995127572;13.369733648894952;8.353146825498083;9.419960177847887;6.78135971352466;10.673309075561695;8.915879378835774;7.734709620225838;11.36796070964157;5.882643049361842;6.022367813028454;6.426264754702098;8.897845456005511;6.169925001442312;6.409390936137702;6.22881869049588;5.584962500721156;6.108524456778169;6.339850002884624;5.78135971352466;7.894817763307944;6.94251450533924;7.467605550082998;6.285402218862249;6.044394119358453;7.721099188707186;6.475733430966398;5.584962500721156;7.442943495848728;7.348728154231077;5.727920454563199;6.3750394313469245;7.149747119504682;6.727920454563199;5.459431618637297;5.807354922057604;5.672425341971495;5.459431618637297;5.087462841250339;5.727920454563199;4.523561956057013;5.857980995127572;7.257387842692652;6.442943495848728;4.459431618637297;4.857980995127572;5.0;5.357552004618084;5.700439718141092;7.832890014164741;7.285402218862249;6.754887502163468;6.20945336562895;6.569855608330948;7.584962500721156;7.303780748177103;6.807354922057604;6.149747119504682;6.108524456778169;6.357552004618084;5.491853096329675;6.066089190457772;6.658211482751795;4.523561956057013;4.807354922057604;5.044394119358453;6.426264754702098;5.78135971352466
12.439311461818846;9.881113960675096;9.94104760634058;9.987264012072538;12.025139562278508;11.239598529249124;12.881305185414046;11.964701857420447;9.853309555403674;12.527232626447567;11.964701857420447;9.353146825498085;10.038918989292302;10.610102062999664;10.27262978497637;8.92481250360578;12.545205827425605;10.497851836951115;11.080151309614088;9.457380879072534;9.457380879072534;10.048486873992337;8.734709620225837;8.566054038171092;11.041659151637214;9.905387005018133;10.40832974076739;9.428360172704291;9.310612781659527;9.469641817239516;10.602698865017963;11.184255495405347;12.025139562278508;10.63662462054365;10.447083226209651;12.567480801143043;8.562242424221072;9.544964432789238;13.01017840402054;9.957102041562289;12.248224089668474;11.731743290707842;10.279610581052484;8.422064766172813;10.8649599151426;11.997885127829113;11.954559846999834;8.353146825498083;9.20212382383046;12.290594888082572;9.632995197142955;9.794415866350104;10.40832974076739;10.731319031025064;10.200898605038445;8.754887502163468;10.302638923787551;10.051208940914766;10.181152256865566;8.491853096329674;9.287712379549449;9.971543553950772;11.44449728710381;9.654636028527968;9.915879378835774;10.352043425795433;9.517669388133813;9.30149619498255;10.447083226209651;9.810571634741146;11.35424938194524;10.450180247164754;9.14210705730255;8.954196310386875;10.330916878114618;11.397674632948268;11.027905996569883;9.113742166049189;10.720244258287568;11.423641195075856;9.859534786382651;8.951284714966972;10.830515206976838;9.722807531169549;10.256208688527389;10.13827180017222;10.580258567499788;9.77313920671969;10.325305455089682;10.06339508128851;9.951284714966972;10.356451970221755;9.847057346091336;10.328674927327947;8.535275376620802;9.7431513941125;10.287712379549449;10.595257481449035;10.274960472140602;10.715961990255144;10.217957697864112;10.641148597411233;10.932952892194717;9.689997971419446;10.929258408636972;11.350386742312844;9.719388820942084;11.197830998012195;11.004220466318197;9.94104760634058;9.859534786382651;9.957102041562289;10.843921051289035;9.859534786382651;9.682994583681683;10.226412192788786;10.00982861736811;9.90839262077375
4.321928094887363;5.044394119358453;3.0;4.392317422778761;4.954196310386875;8.479780264029099;6.820178962415188;4.247927513443585;6.768184324776926;7.400879436282184;4.247927513443585;6.672425341971495;4.392317422778761;3.321928094887362;6.0;4.169925001442312;6.108524456778169;5.321928094887363;7.851749041416057;7.60733031374961;7.60733031374961;7.539158811108031;2.321928094887362;4.643856189774724;3.169925001442312;6.20945336562895;6.20945336562895;3.700439718141092;5.321928094887363;7.948367231584678;7.066089190457772;5.169925001442312;4.954196310386875;6.0;5.247927513443585;2.584962500721156;7.285402218862249;4.321928094887363;4.459431618637297;6.321928094887363;3.906890595608519;7.0;4.523561956057013;3.321928094887362;5.832890014164741;4.321928094887363;5.392317422778761;2.321928094887362;5.129283016944966;5.614709844115208;4.0;5.554588851677638;6.20945336562895;7.727920454563199;1.0;5.247927513443585;3.4594316186372973;4.392317422778761;6.3750394313469245;1.0;2.0;4.169925001442312;4.392317422778761;3.321928094887362;3.4594316186372973;2.584962500721156;3.321928094887362;1.0;4.169925001442312;2.0;5.20945336562895;4.857980995127572;2.0;2.584962500721156;3.4594316186372973;4.807354922057604;2.807354922057604;0.0;3.321928094887362;5.087462841250339;3.169925001442312;2.807354922057604;4.584962500721156;3.4594316186372973;2.321928094887362;3.0;3.169925001442312;1.584962500721156;2.807354922057604;2.321928094887362;2.584962500721156;3.169925001442312;2.584962500721156;3.807354922057604;2.0;3.321928094887362;2.321928094887362;3.169925001442312;4.643856189774724;3.906890595608519;4.0;2.321928094887362;2.807354922057604;2.807354922057604;4.0;4.169925001442312;3.807354922057604;6.882643049361842;3.0;2.584962500721156;5.554588851677638;2.807354922057604;3.169925001442312;3.321928094887362;2.0;3.169925001442312;2.0;3.584962500721156
11.452756029032496;9.854868383260236;10.584962500721156;10.51175265376738;9.802516365121225;10.982280604558284;11.025831668332026;10.795227966028678;10.357552004618084;10.737247343027738;10.795227966028678;11.642051692927977;10.681238411777803;10.682994583681683;11.482807956726669;10.545929769085468;11.240791332161956;10.13827180017222;10.368506461507693;10.040289721025715;10.040289721025715;10.277287400130357;9.366322214245816;11.160501747555688;9.868822554775;9.86418614465428;10.588714635582264;10.109830654278792;10.074141462752506;10.800899899920305;11.360847084179664;11.095397022792556;9.802516365121225;11.61378946447258;11.156715144224702;10.210671343785622;10.82097669262124;10.411510988012072;11.967946705812707;9.791162888555018;10.709945380232496;10.627533884472792;10.705632387361415;9.749869427396844;11.39231742277876;11.86379910372885;10.183635381473218;10.1331422124006;9.12670447284319;11.1357092861044;10.152284842306582;10.953468962228849;10.588714635582264;10.298062567719017;11.217957697864112;8.900866807980748;9.779719355143405;9.627533884472792;10.590587049915037;9.821773981970567;10.148476582178278;9.661778097771988;11.303209948944776;9.868822554775;10.281930026955443;11.483815777264256;10.026523442519766;9.845490050944376;10.58777751632821;10.08214904135387;10.91737207947684;10.910642730469624;9.477758266443889;9.381542951184583;10.514714054138487;11.03342300153745;10.936637939002573;9.330916878114618;10.319672120946995;11.494855584491198;9.792790294301064;9.167418145831736;10.490850876740298;9.493855449240822;9.845490050944376;10.489847960439295;10.181152256865566;10.562242424221072;10.226412192788786;10.386940245324311;10.12023787734196;10.191059214531656;10.4231159101471;9.958552715431011;9.055282435501187;10.161131882984307;9.73640193131829;11.40992124124968;10.619302955415687;10.14338321398982;10.154818109052105;10.382624026574916;10.559377090526684;9.566054038171092;11.081483438093674;11.247927513443583;10.232420927176076;11.046441948007311;10.510764167917891;9.826548487290914;9.89178370321831;10.0566377151132;10.99717948093762;10.06339508128851;9.84862294042934;10.161131882984307;10.34207466799914;10.250298417906333
11.273795599214264;10.935165049603697;9.67065624911844;9.89026427702111;8.682994583681683;12.648132845652658;12.212800334429431;11.85836959985474;8.703903573444663;10.295768934420508;11.85836959985474;10.023754353299417;10.955649907528374;7.357552004618084;9.266786540694902;7.098032082960526;7.592457037268081;8.861086905995395;12.973697366305352;8.375039431346925;8.375039431346925;9.67595703294175;10.773963368433558;13.846175952087204;10.057991722759176;10.249113452713727;9.090112419664289;9.584962500721156;9.7632123668144;10.421012855779226;12.967586527296072;12.29318423075951;8.682994583681683;10.273795599214264;10.947636937951827;8.721099188707186;10.239598529249124;11.876133200043016;9.52552080909507;11.1331422124006;9.247927513443583;10.92184093707449;8.832890014164741;11.31741261376487;9.59618975614441;10.642051692927977;11.328674927327947;8.807354922057604;10.541096615349524;13.596539203897333;10.677719641641009;11.721099188707186;9.090112419664289;9.79603960882977;10.644757592516257;5.832890014164741;9.172427508645482;10.325305455089682;11.946906274456396;8.558420713268664;8.149747119504681;8.826548487290914;10.381542951184583;9.517669388133813;9.219168520462162;9.60733031374961;8.479780264029099;8.43879185257826;9.14974711950468;8.689997971419446;9.59245703726808;10.252665432450248;8.92481250360578;9.303780748177102;9.271463027904376;9.705632387361415;9.729620743553038;9.164906926675688;9.79766152585376;10.378294855911893;8.693486957499324;9.084808387804362;9.642051692927977;9.57553924683453;8.930737337562887;8.459431618637296;8.665335917185176;9.419960177847887;8.721099188707186;8.98299357469431;9.189824558880018;8.734709620225837;10.1331422124006;9.264442600226602;8.832890014164741;9.0;8.174925682500678;10.043027283594547;8.83605035505807;9.308339030139408;9.26209484537018;8.912889336229961;9.002815015607053;8.611024797307353;9.72451385311995;9.794415866350104;9.118941072723509;9.442943495848729;9.523561956057012;9.06339508128851;7.727920454563199;8.994353436858859;9.878050912728536;8.46352437327118;8.224001674198105;8.710806433699352;9.372865060112588;8.829722735086058
7.383704292474052;3.906890595608519;5.954196310386875;7.20945336562895;3.321928094887362;3.906890595608519;6.906890595608519;8.948367231584678;10.854868383260236;6.643856189774724;8.948367231584678;6.357552004618084;11.7279204545632;5.129283016944966;5.906890595608519;5.0;4.247927513443585;5.20945336562895;5.700439718141092;6.149747119504682;6.149747119504682;4.523561956057013;3.807354922057604;9.59245703726808;5.044394119358453;6.409390936137702;6.643856189774724;5.807354922057604;6.285402218862249;11.015415052386688;13.392183237312366;6.0;3.321928094887362;7.658211482751795;6.266786540694901;4.087462841250339;7.330916878114617;6.491853096329675;7.392317422778761;6.584962500721156;6.149747119504682;4.169925001442312;5.087462841250339;8.076815597050832;7.087462841250339;6.6865005271832185;6.426264754702098;6.022367813028454;4.584962500721156;4.392317422778761;6.169925001442312;7.794415866350106;6.643856189774724;6.22881869049588;6.807354922057604;3.906890595608519;5.247927513443585;6.392317422778761;7.787902559391432;4.0;6.087462841250339;6.189824558880018;8.507794640198696;6.022367813028454;4.807354922057604;5.491853096329675;5.357552004618084;5.357552004618084;5.614709844115208;5.754887502163468;6.044394119358453;5.727920454563199;4.321928094887363;4.392317422778761;6.066089190457772;6.409390936137702;7.139551352398794;4.087462841250339;7.087462841250339;6.321928094887363;4.459431618637297;4.169925001442312;7.266786540694901;5.930737337562887;5.882643049361842;5.459431618637297;7.734709620225838;4.954196310386875;5.044394119358453;5.930737337562887;3.906890595608519;4.087462841250339;5.247927513443585;5.523561956057013;4.584962500721156;4.754887502163468;6.149747119504682;5.392317422778761;6.584962500721156;6.807354922057604;5.906890595608519;5.727920454563199;6.6293566200796095;7.554588851677638;8.087462841250339;6.614709844115208;4.857980995127572;7.515699838284043;5.78135971352466;5.044394119358453;6.321928094887363;4.247927513443585;6.614709844115208;4.459431618637297;4.087462841250339;5.754887502163468;3.584962500721156;5.930737337562887
10.101975670949232;8.071462362556623;10.13827180017222;9.60917873814198;9.634811050171718;8.909893083770042;10.197216693110052;11.409390936137704;8.139551352398794;8.353146825498083;11.409390936137704;8.86418614465428;8.599912842187127;9.7632123668144;11.923698883295073;6.129283016944966;10.519636252843211;11.230620933129869;9.36194377373524;10.471675214392045;10.471675214392045;9.7632123668144;8.087462841250339;8.754887502163468;8.83605035505807;10.271463027904376;9.252665432450248;10.27029532647204;10.814582465906277;10.542064542283445;9.984418458801136;9.26209484537018;9.634811050171718;10.77313920671969;9.405141463136344;7.577428828035749;7.924812503605781;9.527477006060396;9.51175265376738;10.700439718141093;9.483815777264256;9.839203788096944;9.567956075415466;8.689997971419446;9.370687406807216;8.721099188707186;11.011926066306808;8.45532722030456;7.74819284958946;8.930737337562887;7.189824558880018;11.9947069952581;9.252665432450248;10.965784284662089;9.792790294301064;6.918863237274595;9.707359132080883;9.459431618637296;9.221587121264806;9.485829308701904;9.430452551665532;9.884170519108435;11.420486612825774;8.219168520462162;9.296916206879288;10.488844346457336;10.094077685671904;9.26209484537018;10.557463701597824;9.654636028527968;11.222794902868111;9.900866807980748;9.417852514885896;8.810571634741146;9.451211111832327;10.767356854125683;9.971543553950772;9.533329732305834;10.191059214531656;10.961449694398196;8.971543553950772;9.250298417906333;10.281930026955443;10.068778277985412;9.312882955284357;9.493855449240822;10.092757140919852;9.469641817239516;10.034798962577268;10.269126679149418;9.746514321138465;9.915879378835774;9.86727873970966;9.63662462054365;10.06339508128851;8.614709844115207;9.759888183221834;10.395534135462302;10.682994583681683;9.409390936137704;11.530893981193922;10.181152256865566;10.066089190457772;9.719388820942084;10.63390340934852;10.806549621985962;9.987264012072538;10.94251450533924;11.106562940444883;10.225207436943505;9.388017285345136;10.029287226968243;10.344295907915816;9.76983784362944;9.403012023574997;10.51175265376738;9.59618975614441;9.357552004618084
5.930737337562887;4.0;5.754887502163468;7.044394119358453;5.807354922057604;4.321928094887363;6.066089190457772;4.643856189774724;6.491853096329675;5.129283016944966;4.643856189774724;4.169925001442312;6.584962500721156;5.426264754702098;7.257387842692652;3.584962500721156;6.442943495848728;7.159871336778389;5.392317422778761;7.807354922057604;7.807354922057604;5.459431618637297;5.129283016944966;5.700439718141092;4.857980995127572;5.954196310386875;5.700439718141092;6.0;6.321928094887363;7.22881869049588;11.129926933510394;6.9886846867721655;5.807354922057604;7.159871336778389;6.22881869049588;5.459431618637297;7.774787059601174;6.491853096329675;5.977279923499917;6.0;5.169925001442312;7.321928094887363;5.357552004618084;5.426264754702098;9.147204924942228;5.614709844115208;6.169925001442312;5.321928094887363;6.339850002884624;5.285402218862249;4.392317422778761;9.226412192788786;5.700439718141092;6.442943495848728;6.066089190457772;5.247927513443585;6.087462841250339;5.614709844115208;6.266786540694901;4.807354922057604;5.426264754702098;5.20945336562895;7.2384047393250786;6.339850002884624;4.0;6.3750394313469245;5.044394119358453;4.247927513443585;5.643856189774724;5.129283016944966;6.3750394313469245;5.882643049361842;5.247927513443585;4.807354922057604;6.0;6.727920454563199;6.285402218862249;4.906890595608519;4.954196310386875;7.523561956057013;4.954196310386875;5.0;6.066089190457772;5.727920454563199;5.523561956057013;4.954196310386875;5.491853096329675;5.247927513443585;5.78135971352466;5.700439718141092;4.857980995127572;5.857980995127572;4.954196310386875;6.303780748177103;3.906890595608519;5.20945336562895;4.087462841250339;5.954196310386875;6.189824558880018;5.954196310386875;6.044394119358453;5.700439718141092;6.0;5.129283016944966;6.700439718141092;6.768184324776926;6.321928094887363;7.787902559391432;5.857980995127572;4.321928094887363;7.098032082960526;5.285402218862249;6.129283016944966;5.0;5.044394119358453;6.672425341971495;5.321928094887363;6.247927513443585
14.723234300893376;13.76963125738424;13.56961830344664;15.263415927557215;14.128477716873324;13.027733249752831;14.26642055093143;15.050443878564808;13.787698543971324;14.428883552010191;15.050443878564808;14.798319909153117;14.959594487007932;14.205182326228645;14.81052142872277;13.249261626599845;14.191830338095308;13.755826451133084;13.08381170725288;13.372729053038164;13.372729053038164;13.140350496628438;13.866313015702191;14.549243194792856;13.313024722595518;13.798370541579494;13.473832563230088;13.68923362965805;13.35974956032233;13.73375682214549;15.170824839736468;13.955740708739398;14.128477716873324;14.366458826626095;14.820228833478016;12.302638923787551;13.893111889711308;14.30185339497469;12.687375683437468;13.45571250406727;13.999823879015723;14.133061917699544;13.314300001897534;13.713171684314805;15.176251079967246;12.659995892429976;13.50432244829189;13.951557926792594;12.987086329328193;14.147522944350744;13.027214885159834;15.33511116842486;13.473832563230088;13.964250606270138;15.411444783526784;12.568193653850074;13.297776062894147;13.11423036019097;14.446114042143224;13.065079488999862;13.183015000882756;13.524296837662623;15.24692611833406;13.81518313000803;13.7632123668144;14.945626722229823;13.357002092264985;13.28439035916582;13.853212072715648;13.36468185586456;14.490474864825336;14.24399211188512;13.006852001748774;13.193217322699065;13.675626303935395;14.702226807063484;15.034369115706737;13.162706018482416;14.214091404749327;14.680359523513712;13.657430108963014;12.532112370794998;14.16765334867565;13.547858506058416;13.62490966089025;13.70336289396418;13.817982927195652;14.072802534544207;13.46569393586282;13.898979204622512;13.870653692051247;13.4812949046311;14.252517607762288;13.804231877210546;13.204418308289435;13.422459034917935;13.433455039827054;15.036602922195364;13.969206622964236;13.737247343027738;13.968396802543932;13.833977162388804;13.951740039269596;13.522336320913306;14.2205294822913;14.54182262142417;13.462885645213246;14.16105313110564;14.40161286878555;13.294333559671829;13.155292601751954;13.536611486625777;15.099060097540992;13.30035256032822;13.060695931687556;13.48721198320981;14.072886253972108;13.553989202871929
11.693922488081014;11.230620933129869;11.233020426474496;12.091765938516804;11.55170826162069;11.349834091457248;11.756139298372927;12.224001674198105;10.674192268145683;10.386940245324311;12.224001674198105;11.698270577692032;11.673750739438065;11.4797802640291;12.607561496354206;11.627077840517394;12.684967725143876;11.070120944476823;10.849405100947758;10.661778097771988;10.661778097771988;10.75905593916017;10.847057346091336;12.94104760634058;11.025831668332026;11.858758099935422;10.98370619265935;11.884552133987237;11.44190670454224;12.106890045092218;11.935533412950749;11.574120435009748;11.55170826162069;12.335390354693924;12.44759985827995;12.373952655370193;10.60177078840771;11.948732239819616;9.799281621521924;11.947636937951827;11.466586337719244;11.607792641919213;10.419960177847887;10.823367240046236;12.571515650477815;10.091435386323608;11.36139553316589;11.127349541059118;10.98655314975666;11.390706372872774;12.236911111444602;12.261801107195309;10.98370619265935;11.701306461958623;12.262975701227942;10.509775004326936;11.448116305409464;10.66622400280318;11.918490592292311;10.595257481449035;10.30035256032822;11.009128789539256;12.684529482418489;11.321928094887362;11.101975670949232;11.725792271494155;10.605479518061667;10.675074920385445;11.594791118089264;10.767356854125683;12.096715154488535;12.057314877782703;11.060020354507852;10.95492329203032;11.139551352398794;12.156715144224702;12.365228849251544;10.967946705812707;12.194449079479025;11.967946705812707;10.728770849542665;10.808159772868375;11.892163309861964;11.45994384837493;11.198445041452365;10.847840355630714;11.118941072723509;11.060695931687556;10.884933647949762;11.040289721025715;11.150381968817848;10.980853606379736;12.479527669256347;11.078817949961978;10.735556023911537;10.85642552862553;10.471675214392045;11.687813062564931;11.194756854422248;10.506803437795648;11.62935662007961;11.154818109052105;11.101975670949232;10.965784284662089;11.639340708652233;11.94251450533924;10.94178124227853;11.567956075415466;11.685624839726357;11.51717725268954;10.53818893205242;10.576484346796851;12.673529924401144;10.550746785383245;10.330916878114618;10.866506212226202;11.590587049915037;10.99435343685886
14.009916071982198;12.867471806961992;12.64430696154558;14.041402482392792;12.608947814565514;11.373408960228696;13.556625795307005;13.857592285697526;12.587308728333545;13.212800334429431;13.857592285697526;14.088871035643148;14.06936584833746;13.506431561252567;13.658769347899648;13.69152544116604;13.766114757586722;12.273795599214264;12.119265383175788;12.468624042918018;12.468624042918018;12.015066533230293;12.340128273700588;14.735926169433249;12.210671343785622;12.67065624911844;12.47040467706564;13.640018932455783;13.105090051046009;13.031356596255709;14.69854189867169;13.208234358339787;12.608947814565514;13.199058823653022;13.514097596819836;12.639114563179414;12.95583150423588;13.623424289869911;12.986375379435334;12.84901407369482;13.043539998771736;13.228217442293436;12.914385132155443;12.554109152574004;13.861086905995396;13.761135649828644;12.999823879015723;13.226863716982413;12.252074042796185;13.578490630869627;13.321928094887362;13.5980525001616;12.47040467706564;13.530650179750014;14.495355392235982;12.201511344500146;12.94617524072356;12.121533517340032;13.55877942904049;12.226713224618962;12.660441650209172;12.682116764950074;14.189052362190337;12.770250927394864;12.942697762886755;13.677499433285108;12.42259043389256;12.404609397837712;13.273795599214264;12.691089186236532;13.620219825507489;13.632654470109475;12.765286098723683;12.69522829149575;12.795227966028678;14.108034327661551;13.586018775355935;12.238703279427725;13.313024722595518;14.322773176454564;12.488844346457336;12.43514933836693;13.236014191900084;13.015589280397393;12.894817763307945;12.998237821888049;13.203500952361397;13.28699085163199;12.867085646616836;12.97656412341533;12.47851684767645;12.830317129810208;13.297776062894147;13.040632200562252;12.095067301607054;12.664447284547972;12.492854620174748;13.418247936305638;13.291026768056126;12.555547771647063;12.53649007319916;13.31741261376487;13.363860976729532;12.185494924210866;13.666113021993024;13.979335872665384;12.822969090453288;13.615744569853312;13.167104482379932;12.62296694479051;12.428360172704291;13.000704269011246;13.42940674151398;12.54182262142417;12.133784409179908;12.878050912728536;12.79685079526716;12.847057346091336
3.906890595608519;2.584962500721156;7.507794640198696;3.0;4.392317422778761;0.0;3.584962500721156;4.954196310386875;2.0;3.321928094887362;4.954196310386875;3.0;7.076815597050831;3.169925001442312;5.087462841250339;3.0;3.807354922057604;6.94251450533924;4.0;4.584962500721156;4.584962500721156;4.087462841250339;6.044394119358453;4.0;6.0;4.169925001442312;4.392317422778761;5.285402218862249;5.044394119358453;4.169925001442312;7.636624620543649;4.247927513443585;4.392317422778761;4.700439718141092;4.459431618637297;9.03342300153745;2.321928094887362;1.0;6.954196310386875;6.523561956057013;2.0;4.523561956057013;3.321928094887362;3.807354922057604;4.0;5.523561956057013;7.219168520462161;3.321928094887362;3.906890595608519;5.20945336562895;4.523561956057013;5.643856189774724;4.392317422778761;5.977279923499917;3.700439718141092;3.169925001442312;4.807354922057604;1.584962500721156;5.643856189774724;4.169925001442312;2.321928094887362;3.321928094887362;4.807354922057604;3.0;4.584962500721156;3.0;5.491853096329675;4.643856189774724;5.882643049361842;6.754887502163468;3.4594316186372973;5.129283016944966;0.0;3.0;5.0;3.4594316186372973;4.247927513443585;3.700439718141092;6.044394119358453;5.832890014164741;4.459431618637297;2.321928094887362;4.0;4.459431618637297;2.584962500721156;4.584962500721156;4.169925001442312;3.4594316186372973;3.321928094887362;6.409390936137702;3.0;3.169925001442312;5.392317422778761;4.321928094887363;5.807354922057604;2.321928094887362;2.321928094887362;4.087462841250339;4.321928094887363;2.0;4.459431618637297;4.807354922057604;3.807354922057604;1.584962500721156;5.672425341971495;5.247927513443585;2.584962500721156;3.0;3.700439718141092;4.523561956057013;3.584962500721156;3.0;4.954196310386875;3.807354922057604;2.321928094887362;3.906890595608519;3.321928094887362;3.321928094887362
10.80896417491926;9.328674927327947;11.145932145820517;10.17617314910749;9.813781191217036;9.611024797307351;11.421538906848276;11.457380879072534;8.707359132080883;9.73809225962049;11.457380879072534;11.037546953962178;9.556506054671928;11.009128789539256;12.49909844122888;7.499845887083206;11.963257356633047;12.121533517340032;10.95492329203032;10.60733031374961;10.60733031374961;11.44759985827995;10.471675214392045;9.92184093707449;9.86418614465428;11.191059214531656;10.898601387403938;10.50481898763284;11.047123912114026;11.31741261376487;10.580258567499788;10.107217075591382;9.813781191217036;11.389631339260522;10.64565843240871;11.16867211813223;10.121533517340032;11.08214904135387;9.08746284125034;11.2836671674915;10.31174831500496;11.325867580575418;9.584962500721156;9.955649907528374;11.917745013443216;7.761551232444479;12.020632761657708;10.020979938904212;9.721099188707186;10.878817284614229;9.623881490013458;12.27350423396216;10.898601387403938;11.41256984680521;10.304921669581672;8.543031820255237;9.971543553950772;9.567956075415466;12.01297364837454;10.023754353299417;9.1006623390052;10.187352073200495;11.295768934420508;9.308339030139408;9.179909090014934;10.40832974076739;10.057991722759176;9.507794640198696;10.768184324776929;10.303780748177102;11.547858506058416;10.672425341971495;8.721099188707186;9.29920801838728;10.26795708440284;11.077483356859508;10.809768128710411;8.894817763307943;10.71338651493703;11.56843119316746;9.539158811108033;8.980139577639157;11.1767964781476;9.957102041562289;9.449148645375436;9.333155350310616;10.314016703901355;9.99717948093762;10.546894459887636;10.287712379549449;9.355351096424812;9.622051819456376;11.161131882984307;9.60177078840771;9.91288933622996;9.509775004326936;9.89178370321831;10.08746284125034;11.019590728357882;10.445014845868425;11.862637357558794;10.067434360756522;9.285402218862249;10.52552080909507;11.044394119358454;11.349834091457248;10.7515440590891;11.044394119358454;11.088125692188209;10.488844346457336;9.54882190845875;10.188588845707349;10.881878707600446;10.118941072723509;9.78463484555752;10.632086412835182;9.556506054671928;9.556506054671928
12.192909219112012;11.029287226968243;11.655977862486942;11.801304186049023;10.00982861736811;10.862637357558794;11.709083812550343;12.430975172588068;11.47826403158172;12.219773550892874;12.430975172588068;12.439311461818846;11.742730476519174;11.067434360756522;12.489847960439295;11.386940245324311;12.204265456136843;11.973697366305352;11.269711121142782;11.437231901039478;11.437231901039478;11.646558710154547;10.954196310386877;11.971184272404678;10.63026712502677;11.66266837551754;11.789126046425231;11.38316426063511;11.376668061857668;11.598517810612622;12.340128273700588;11.30435132166324;10.00982861736811;11.96000193206808;12.500094949671809;11.326429487122304;11.352043425795433;10.97513145692134;10.265615046484458;11.827342704234116;11.586839787961829;11.980139577639155;10.553629293916364;10.776433032444732;12.735767547266637;10.41256984680521;12.183325224524612;10.658211482751796;10.743992861060176;11.565578136784328;11.131856960608792;12.789329860092431;11.789126046425231;11.947271652460348;12.71639078949768;10.1357092861044;10.62844554013718;10.687375683437468;11.645208082774683;10.802516365121225;11.032734528586714;11.44086916761087;13.035314609824391;11.305491792110685;11.533816389433364;12.081816278109198;11.28828934218097;11.016808287686557;12.225508720236;11.310612781659527;12.77704978843883;12.13827180017222;11.484319423644267;11.084808387804362;11.5980525001616;12.943430560383598;12.53430288245463;11.027214885159834;12.438531977761585;12.902375114486023;10.88340698638837;10.694357887221452;12.377210530388552;11.655977862486942;11.563672959827514;11.505315356136236;11.778077129535358;11.56843119316746;11.693922488081014;11.652396861477678;11.322491537597468;11.433585441150496;12.12573632939501;11.556026992724677;10.689124404913258;11.213711798105672;11.255618749839597;11.96000193206808;12.101319154423276;11.484822894262146;12.011227255423254;11.81257844413538;11.837233700339088;11.194756854422248;12.378294855911893;12.73956967402599;11.580729651598958;12.416533660199583;12.35837648032824;11.293471648838134;11.24436383512051;11.41415667927414;12.368233611380942;11.513727595952435;11.3009244909763;11.522091068887065;11.442425193331609;11.376125389276174
11.563196272216738;9.177419537989236;9.970105890612182;11.571278618514595;10.183635381473218;10.049848549450562;10.851749041416058;10.31174831500496;10.519636252843211;10.199672344836364;10.31174831500496;11.436190995481416;11.646558710154547;10.070120944476823;10.159871336778387;8.294620748891628;11.578844391558205;9.909893083770042;10.074141462752506;9.643856189774723;9.643856189774723;11.154818109052105;8.945443836377912;12.270879295328784;10.164906926675688;9.562242424221072;10.118941072723509;8.59245703726808;9.69522829149575;10.178664851006472;10.99435343685886;8.339850002884624;10.183635381473218;10.129283016944967;11.530406337099068;11.29748950116098;10.705632387361415;11.33147682185962;7.189824558880018;10.564149489985732;8.643856189774725;10.383704292474052;7.651051691178928;9.800899899920305;11.703903573444665;6.6865005271832185;11.54882190845875;9.377210530388552;9.614709844115207;9.531381460516313;10.060695931687556;10.434628227636724;10.118941072723509;10.26209484537018;10.421012855779226;9.174925682500678;8.614709844115207;9.134426320220928;10.93147623388679;8.679480099505446;8.262094845370179;9.535275376620802;10.749869427396844;9.577428828035748;9.481799431665753;10.083479327331842;9.278449458220482;9.116343961237469;10.286557761607956;8.707359132080883;10.393390457443989;10.47269083924278;9.533329732305834;10.011227255423254;9.25974326369078;10.772314573921651;10.589651146514786;9.54882190845875;10.371776644337924;10.810571634741146;8.829722735086058;9.5980525001616;10.083479327331842;10.404077136241234;9.266786540694902;9.355351096424812;9.177419537989236;9.577428828035748;9.124121311829189;9.847057346091336;9.45532722030456;9.014020470314934;10.594324603924848;9.34207466799914;8.672425341971495;9.776433032444732;8.247927513443585;9.226412192788786;9.37937836707126;9.564149489985732;9.899356922923111;9.442943495848729;8.823367240046235;9.579315937580017;10.004220466318197;10.4542992936199;9.276124405274238;9.845490050944376;10.30035256032822;9.651051691178928;9.14210705730255;9.519636252843211;10.490850876740298;9.447083226209651;8.997179480937621;8.603626344986193;9.59245703726808;9.674192268145683
13.840384550711669;13.121371625958965;13.748821794614704;13.305491792110685;13.108524456778168;12.819181178959626;13.591171681377784;13.765596901577398;12.594091290260412;13.335669486946104;13.765596901577398;13.34623669139025;13.106890045092218;13.241387363998935;14.429995103004249;12.554109152574004;14.595956743943162;13.287568102831404;12.8107724413447;12.170238052336648;12.170238052336648;12.877475866534429;12.34485068394299;13.682775179067027;13.141149198437516;13.30049556424774;12.964160339100337;12.80715363917749;13.41415667927414;13.474212937193943;13.358239100426132;12.781564627244329;13.108524456778168;13.339432495996776;13.60848585649532;12.828929827651486;12.508785162064513;13.36043561057107;10.79685079526716;13.535882852751254;12.236911111444602;13.575657418193968;11.99859042974533;12.091435386323608;13.951740039269596;10.987264012072538;13.835458318236594;12.423378576518491;12.33063682472329;13.480032814583948;12.559138055642384;14.287351660697492;12.964160339100337;13.654859754207394;13.796242448203165;12.136670762341843;12.787902559391432;11.772314573921651;13.215987941161384;12.578372691360803;11.71037597120447;12.780334708123895;14.12145257392032;13.044223335689608;12.469641817239516;12.587308728333545;12.685843811426082;12.414420981746416;13.289298471903477;12.815983626652724;13.83387836457737;13.687156944138907;12.445014845868425;12.279610581052484;12.933137368256713;13.769217996126503;13.761031735466885;12.43280285635187;13.993646060016596;13.788616386250752;12.566054038171092;12.482303782323182;13.409523530691436;13.18750672775828;12.488342277532524;12.328674927327947;12.894059846274022;12.47192918764169;12.544240006441658;13.16867211813223;12.796242448203165;12.549303368513575;14.218638910613478;12.591522346570734;12.868629668212655;12.396069557639867;12.246740598493144;12.8107724413447;12.863411958941638;12.314583244274194;13.513850940118791;12.859534786382651;12.6142497276894;12.872867226786576;13.5980525001616;13.714782134760236;12.646558710154547;13.297346198946718;13.290882822429577;13.637077657143664;12.36468185586456;12.414420981746416;14.15718901351485;12.37531099747307;12.165535141377925;12.52258153125483;12.821176056269854;12.206403913973848
12.506555530751324;11.919980595048962;12.306061689428342;13.552549028017228;11.402479172214964;11.802516365121225;12.511258495502268;13.11488102884148;12.302353326431202;11.911017407796985;13.11488102884148;13.155608843542105;12.01297364837454;12.605248001565805;12.743361806865863;11.230620933129869;11.537218400538595;12.654636028527968;11.531381460516313;11.448632567730552;11.448632567730552;11.545447181678094;9.968666793195208;12.162391328756906;10.969386521342283;11.65150022065274;12.646333693380967;11.91214085629572;11.556026992724677;12.244958393151132;11.536247215688128;11.61654884377899;11.402479172214964;12.481547190203289;13.725046665121754;11.184875342908285;12.71037597120447;12.522091068887065;10.74819284958946;11.65954999687987;12.171802288682985;11.208234358339787;10.469641817239516;10.433585441150496;13.360847084179664;9.702172685365548;12.804131021183318;12.169925001442312;11.757806672197228;12.183635381473218;10.381542951184583;13.628559456599865;12.646333693380967;12.042001306279133;13.437882085845152;9.605479518061667;11.429929741353272;10.862637357558794;13.693160223256983;11.705632387361415;10.732167425663384;12.157978449945432;13.431367014075487;12.196602126523173;12.054265139625764;12.049508251055096;12.149429590056744;11.818582177480858;13.062383491876334;11.967586527296072;13.279465491793964;13.161604304002845;11.1331422124006;11.585901449690772;12.155134454857755;13.727707777472686;13.35024859944484;10.860311054919482;13.059851410770802;13.692942359312008;11.767770648776704;10.98370619265935;12.940313597145968;11.859534786382651;11.82097669262124;12.009478745888066;12.501588422932391;12.085472459181284;12.323054760341646;12.199365616857982;11.812979471251484;12.004571615167656;12.959277505720502;12.313166475977198;11.50084187955693;12.189824558880018;11.909518114296617;12.159556028058768;12.344295907915816;12.202429966015352;12.502334580197996;12.548340287676147;12.172114932533136;12.000704269011246;12.641825972041826;13.33525076831281;12.279610581052484;13.106562940444883;13.101483311565277;12.199365616857982;12.03857610276879;12.013671614058635;13.115531404166768;12.076815597050832;11.977279923499916;11.971902746045467;12.188588845707349;12.185185166820329
8.335390354693924;7.888743248898259;8.243173983472952;9.571752643503546;7.599912842187128;7.285402218862249;7.303780748177103;7.807354922057604;9.603626344986193;7.076815597050831;7.807354922057604;8.344295907915816;8.330916878114618;7.339850002884624;8.483815777264256;5.727920454563199;8.839203788096944;7.876516946564999;6.9886846867721655;6.882643049361842;6.882643049361842;8.159871336778389;7.303780748177103;8.960001932068081;6.7414669864011465;8.968666793195208;8.800899899920305;7.592457037268081;7.266786540694901;9.169925001442312;7.614709844115208;6.392317422778761;7.599912842187128;8.60733031374961;8.134426320220927;7.076815597050831;8.49585502688717;7.475733430966398;9.377210530388552;7.531381460516312;7.679480099505446;8.29920801838728;7.734709620225838;6.954196310386875;9.9901039638575;7.924812503605781;9.179909090014934;6.643856189774724;6.409390936137702;7.78135971352466;6.392317422778761;8.022367813028454;8.800899899920305;7.330916878114617;9.79766152585376;5.523561956057013;6.392317422778761;7.179909090014935;8.076815597050832;7.22881869049588;6.392317422778761;6.794415866350106;8.199672344836364;7.693486957499325;7.044394119358453;7.546894459887636;7.614709844115208;7.199672344836364;7.189824558880018;7.499845887083206;8.214319120800766;8.375039431346925;6.857980995127572;7.383704292474052;7.451211111832329;8.467605550082997;8.087462841250339;7.303780748177103;8.247927513443585;8.76487159073609;7.400879436282184;6.930737337562887;7.807354922057604;7.276124405274237;7.129283016944966;7.546894459887636;7.417852514885898;7.276124405274237;7.066089190457772;8.224001674198105;6.882643049361842;6.6865005271832185;8.357552004618084;6.94251450533924;7.199672344836364;7.066089190457772;7.022367813028454;7.20945336562895;7.321928094887363;7.257387842692652;7.882643049361842;6.7414669864011465;7.475733430966398;7.357552004618084;8.409390936137703;7.948367231584678;6.965784284662087;7.761551232444479;7.727920454563199;7.761551232444479;7.011227255423254;7.118941072723508;8.060695931687555;6.794415866350106;6.857980995127572;7.189824558880018;7.321928094887363;6.894817763307944
10.336506559810257;9.419960177847887;10.719388820942084;10.266786540694902;9.546894459887636;8.76487159073609;10.488844346457336;12.578136783414749;8.599912842187127;9.124121311829189;12.578136783414749;10.632995197142955;9.550746785383245;10.308339030139408;12.357826882210777;8.7714894695006;11.607792641919213;11.533329732305834;10.667998535672528;10.78053976747196;10.78053976747196;10.225207436943505;9.485829308701904;9.447083226209651;9.144658242831882;10.732167425663384;11.12023787734196;10.145932145820517;10.977995368612962;11.358651200892886;10.600842114387302;10.325305455089682;9.546894459887636;11.183015000882756;10.62113611327464;8.103287808412022;9.86418614465428;11.116343961237469;10.088788238716909;11.16427843830117;10.332036548361652;9.894817763307945;9.541096615349524;9.036173612553483;10.46454575033394;8.845490050944376;11.901244032467376;9.06339508128851;8.991521846075695;9.197216693110052;9.57553924683453;11.151016538892248;11.12023787734196;11.653740778706569;10.69261550169458;8.519636252843213;9.558420713268664;9.703903573444665;9.588714635582264;10.041659151637214;9.786269627648466;10.407267764244732;11.98477446004684;10.3151495622563;9.980139577639155;10.58777751632821;10.482807956726669;9.805743872151618;10.897089128312755;10.345405246717796;11.278449458220482;10.543031820255235;9.731319031025064;9.477758266443889;9.94251450533924;11.957102041562289;11.12605911607068;9.7632123668144;11.451211111832327;11.59898297103609;9.533329732305834;9.147204924942228;11.06339508128851;10.12023787734196;10.560332834212442;9.936637939002573;10.368506461507693;10.471675214392045;9.988684686772164;10.30720080914081;9.791162888555018;10.26209484537018;11.274378153246364;10.12023787734196;9.59618975614441;9.519636252843211;9.945443836377912;10.624795455860236;10.7714894695006;9.868822554775;12.036173612553483;10.788718332690458;10.545929769085468;10.546894459887636;11.477758266443889;11.349834091457248;10.303780748177102;10.907641803665529;11.042343379793692;11.094737505048093;10.226412192788786;10.074141462752506;11.198445041452365;10.122827994807666;9.879583249612784;10.646558710154547;10.330916878114618;9.489847960439295
12.52772134428452;11.141468555393084;11.397674632948268;12.01297364837454;11.082814337672271;10.373952655370193;12.483059977871669;12.260625556068227;10.448116305409464;11.214319120800766;12.260625556068227;12.414685235807214;11.547858506058416;11.202736043250168;11.419433550705378;11.069449767427784;12.171176797651771;11.36139553316589;11.310612781659527;10.78135971352466;10.78135971352466;10.858758099935422;10.62296694479051;12.7714894695006;11.661778097771988;11.588714635582264;11.985486199104637;10.715961990255144;10.855647166027266;11.354800344350595;11.966144913345602;10.651948610723446;11.082814337672271;12.368233611380942;11.307770031890705;11.539643506238036;11.19537220740274;11.229419688230417;10.14974711950468;11.554588851677638;10.50481898763284;10.73640193131829;10.096715154488535;11.185494924210866;12.734709620225836;9.041659151637214;11.99964773652837;11.09077405464075;10.719388820942084;11.640696837570092;11.611024797307351;12.15608307628868;11.985486199104637;11.389093521904474;12.388286419762649;10.79766152585376;11.96686590038754;10.111135670234708;12.159871336778387;10.1357092861044;9.714245517666123;10.34207466799914;11.671098725748465;10.519636252843211;10.437752072323605;10.61194694181998;10.606405212697783;10.253847484987404;11.473198383677529;10.200898605038445;11.778898476008376;11.711236767793784;10.651051691178928;10.827342704234116;10.72451385311995;12.03857610276879;11.510764167917891;10.177419537989236;11.714674827308002;12.189515729800194;10.225207436943505;10.346513733165636;11.353146825498085;11.037546953962178;10.43879185257826;10.594324603924848;10.687375683437468;10.676838606474153;10.595257481449035;10.700439718141093;10.353146825498085;10.31741261376487;11.561287945164828;10.372865060112588;9.946906274456396;10.478769619475765;10.352043425795433;10.639340708652233;11.066089190457772;10.89178370321831;11.107870914279614;10.696098170955864;10.467605550082997;10.565102078360312;11.441388029346689;11.60408986146918;10.675074920385445;11.417852514885896;11.347621368568134;10.64565843240871;10.543031820255235;10.483815777264256;11.200898605038445;10.870364719583405;10.635718120331047;10.611024797307351;10.657318449581288;10.722807531169549
13.107217075591382;12.735767547266637;11.495355392235982;12.245255580306557;11.590119174107176;11.30720080914081;12.49735289347705;12.350386742312844;11.274378153246364;11.926666629347284;12.350386742312844;11.407267764244732;11.8356556908398;11.588246152044816;12.666667840690357;12.544240006441658;12.940313597145968;10.886458695703706;11.25502856981873;10.69522829149575;10.69522829149575;11.344295907915816;10.147204924942228;13.906702732460795;11.646108641506103;12.546412195119352;11.169298695792843;11.452756029032496;12.41732511767992;11.829326335841666;12.159871336778387;11.646108641506103;11.590119174107176;11.921469060531413;12.288000889707574;12.438531977761585;11.29117069932186;12.685186796595348;11.08214904135387;12.1999790076159;10.810571634741146;11.586370695113963;11.4797802640291;12.047123912114026;12.770250927394864;11.622509454683335;11.338179249900112;10.506803437795648;10.806549621985962;11.846665681899738;12.097702963524654;11.794821973331224;11.169298695792843;11.91513244895065;12.594091290260412;12.679480099505446;12.28164030006605;10.52061868055628;11.65642486327778;10.663558104217271;10.838416075797335;10.705632387361415;12.356176830516356;11.162391328756906;11.395534135462302;12.293471648838134;10.840777923595054;10.709945380232496;11.292896755409172;10.834471049984222;11.800495500466813;11.947271652460348;11.878050912728536;11.43149760425805;10.902375114486023;12.065079488999862;11.981567281903017;11.250298417906333;11.92072501975118;12.107544031975989;10.747353829478062;11.394998514501673;11.535761377986656;12.057314877782703;11.521600439723729;11.018895621121649;11.21006248324023;11.108524456778168;10.916625922211235;11.068778277985412;10.703903573444665;10.838416075797335;12.401412878714178;11.246146774635864;11.64250302878052;10.519636252843211;10.696098170955864;11.841957399099549;11.71681946132995;10.881878707600446;11.281350514981035;11.208843990734614;11.352595231134304;10.535275376620802;11.813781191217036;11.93110683302934;10.901621158346112;11.31174831500496;11.386940245324311;11.007027266893967;10.76983784362944;10.940313597145968;12.173364830849035;10.859534786382651;10.27029532647204;11.070120944476823;11.177419537989236;11.252665432450248
11.024447124040648;9.405141463136344;11.180530807344482;10.881113960675096;11.285980105928212;10.016808287686557;11.53818893205242;12.655977862486942;10.383704292474052;11.080151309614088;12.655977862486942;12.445532219028312;10.624795455860236;10.694357887221452;12.66289085913906;9.14210705730255;11.453785055496157;12.12605911607068;10.556506054671928;10.60917873814198;10.60917873814198;11.050528905530555;10.82097669262124;10.378294855911893;11.837233700339088;11.790755750118311;11.45532722030456;11.10000522442272;11.597121428789569;11.75112558336727;11.718104713121756;11.545929769085468;11.285980105928212;12.136350341454156;11.445014845868425;7.960001932068081;9.23840473932508;11.11504365016171;10.57553924683453;11.505315356136236;11.86611979330307;10.97513145692134;10.693486957499324;10.7279204545632;11.382083590141969;9.799281621521924;12.131535468676343;10.894817763307945;10.015415052386688;11.330916878114618;10.084808387804362;11.926295994781112;11.45532722030456;12.080817527608328;10.722807531169549;8.588714635582264;10.94617524072356;10.48683502156305;10.497851836951115;10.94104760634058;10.583082767502932;11.371776644337924;12.289730740083757;11.725792271494155;11.239001757765582;11.59898297103609;11.023061249735337;10.41679752760606;11.81658370778757;11.172427508645482;12.45763738099176;12.390975006155534;10.509775004326936;10.839991070539886;11.590587049915037;12.080817527608328;11.952741247186488;10.447083226209651;12.350110443347928;12.17617314910749;10.960725994839056;10.356451970221755;11.804131021183318;11.21856323619027;11.487840033823051;10.473705749619416;11.506307581100309;11.292896755409172;11.533816389433364;10.935165049603697;10.757390009366638;11.321928094887362;12.588246152044816;10.807354922057604;10.644757592516257;11.057314877782703;11.35149140932002;12.18766136573912;11.807354922057604;11.086799685623452;12.261801107195309;11.605479518061667;10.801708358916462;11.41732511767992;12.188588845707349;12.398743691938192;11.55170826162069;11.960725994839056;11.862249900851513;11.642051692927977;10.836839359748716;11.139551352398794;12.079818085212354;10.89633240390994;10.83368074865474;11.222794902868111;11.436190995481416;10.79197682089869
