SYN-SAMPLE-491;SYN-SAMPLE-242;SYN-SAMPLE-377;SYN-SAMPLE-116;SYN-SAMPLE-271;SYN-SAMPLE-293;SYN-SAMPLE-297;SYN-SAMPLE-195;SYN-SAMPLE-285;SYN-SAMPLE-185;SYN-SAMPLE-57;SYN-SAMPLE-501;SYN-SAMPLE-72;SYN-SAMPLE-84;SYN-SAMPLE-182;SYN-SAMPLE-470;SYN-SAMPLE-238;SYN-SAMPLE-68;SYN-SAMPLE-286;SYN-SAMPLE-200;SYN-SAMPLE-72;SYN-SAMPLE-79;SYN-SAMPLE-180;SYN-SAMPLE-351;SYN-SAMPLE-106;SYN-SAMPLE-360;SYN-SAMPLE-90;SYN-SAMPLE-513;SYN-SAMPLE-344;SYN-SAMPLE-374;SYN-SAMPLE-150;SYN-SAMPLE-132;SYN-SAMPLE-379;SYN-SAMPLE-208;SYN-SAMPLE-285;SYN-SAMPLE-147;SYN-SAMPLE-95;SYN-SAMPLE-4;SYN-SAMPLE-131;SYN-SAMPLE-72;SYN-SAMPLE-278;SYN-SAMPLE-111;SYN-SAMPLE-309;SYN-SAMPLE-363;SYN-SAMPLE-177;SYN-SAMPLE-358;SYN-SAMPLE-449;SYN-SAMPLE-91;SYN-SAMPLE-482;SYN-SAMPLE-115;SYN-SAMPLE-300;SYN-SAMPLE-285;SYN-SAMPLE-335;SYN-SAMPLE-377;SYN-SAMPLE-72;SYN-SAMPLE-394;SYN-SAMPLE-236;SYN-SAMPLE-159;SYN-SAMPLE-162;TCGA-55-6979-11A;TCGA-91-6831-11A;TCGA-44-6777-11A;TCGA-44-3396-11A;TCGA-49-6742-11A;TCGA-50-5931-11A;TCGA-44-6147-11A;TCGA-55-6969-11A;TCGA-49-6761-11A;TCGA-44-5645-11A;TCGA-91-6836-11A;TCGA-44-3398-11B;TCGA-55-6984-11A;TCGA-49-4490-11A;TCGA-49-6745-11A;TCGA-55-6971-11A;TCGA-44-2655-11A;TCGA-44-2665-11A;TCGA-73-4676-11A;TCGA-38-4625-11A;TCGA-55-6986-11A;TCGA-55-6983-11A;TCGA-49-4512-11A;TCGA-44-2661-11A;TCGA-38-4627-11A;TCGA-49-6743-11A;TCGA-44-6776-11A;TCGA-50-5936-11A;TCGA-91-6828-11A;TCGA-44-6146-11A;TCGA-44-6144-11A;TCGA-50-5930-11A;TCGA-50-5932-11A;TCGA-38-4626-11A;TCGA-50-5935-11A;TCGA-38-4632-11A;TCGA-91-6847-11A;TCGA-55-6975-11A;TCGA-50-5933-11A;TCGA-44-6778-11A;TCGA-91-6835-11A;TCGA-44-2657-11A;TCGA-50-5939-11A;TCGA-49-6744-11A;TCGA-55-6968-11A;TCGA-55-6985-11A;TCGA-50-6595-11A;TCGA-55-6982-11A;TCGA-44-6148-11A;TCGA-44-2662-11A;TCGA-91-6829-11A;TCGA-55-6981-11A;TCGA-55-6978-11A;TCGA-44-2668-11A;TCGA-55-6972-11A;TCGA-55-6980-11A;TCGA-55-6970-11A;TCGA-44-6145-11A;TCGA-91-6849-11A
9.697260856628418;11.661172866821287;11.510490417480469;10.305248260498049;11.050297737121582;11.473801612854004;11.078508377075195;10.791791915893556;10.301643371582031;11.705215454101562;10.013874053955078;11.439659118652344;9.61032772064209;9.82779312133789;9.60318660736084;9.796700477600098;9.61717700958252;9.604520797729492;10.491979598999023;11.397845268249512;9.61032772064209;10.809215545654297;10.658652305603027;11.6956787109375;11.708208084106444;9.736741065979004;9.669116973876951;9.89003562927246;10.909883499145508;11.701586723327637;9.669557571411133;9.607277870178224;11.66071891784668;11.707022666931152;10.301643371582031;9.604764938354492;11.33199691772461;9.821784019470217;11.694931030273438;9.61032772064209;9.603363037109377;10.067708015441896;11.525897979736328;11.708178520202637;11.655478477478027;11.652176856994627;10.832512855529783;11.64223861694336;11.704313278198242;11.5742769241333;9.647900581359863;10.301643371582031;11.70266056060791;11.510490417480469;9.61032772064209;10.49161148071289;9.78624439239502;11.226789474487305;10.344736099243164;9.581200581924955;9.116343961237469;10.266786540694902;11.312882955284357;10.492854620174748;10.217957697864112;9.958552715431011;10.030667136246942;10.187352073200495;11.034798962577268;9.853309555403674;11.24852060493843;11.519636252843211;11.009128789539256;11.29748950116098;9.987264012072538;11.75112558336727;11.552188759557149;10.352043425795433;11.714245517666123;11.609640474436812;9.61654884377899;10.839203788096944;11.118941072723509;11.61056350392504;10.337621901992508;9.80896417491926;10.00842862207058;10.232420927176076;9.884170519108435;10.527477006060396;9.915879378835774;9.689997971419446;11.4812949046311;10.14210705730255;10.125413470483316;10.303780748177102;9.873444112515376;9.828136484194108;10.1006623390052;10.31628153174622;10.85642552862553;9.918863237274596;9.705632387361415;10.34207466799914;10.63662462054365;11.12670447284319;9.73809225962049;10.746514321138465;11.244958393151132;10.205793249397155;9.700439718141093;10.224001674198105;11.01262453886506;9.951284714966972;9.936637939002573;9.344295907915816;10.072802534544207;10.048486873992337
9.29749584197998;9.194252967834473;8.842584609985352;6.737924098968506;7.413906574249268;9.31241512298584;9.31232452392578;8.342018127441406;9.309852600097656;8.42300033569336;6.7376909255981445;9.302525520324709;6.830595970153809;6.740699291229248;6.738597393035889;7.309846878051758;7.485335350036621;7.217991828918457;9.304269790649414;9.31226634979248;6.830595970153809;8.939226150512695;9.180179595947266;8.919052124023438;8.967206954956055;6.772788047790527;9.310136795043944;7.003365516662598;9.16652011871338;6.785789012908936;7.090634822845459;6.742413520812988;8.828862190246582;6.741964340209961;9.309852600097656;9.30154037475586;8.005280494689941;8.181723594665527;6.739354610443115;6.830595970153809;8.180091857910156;6.978173732757568;8.993016242980957;9.243792533874512;9.192402839660645;9.309969902038574;6.737784385681152;7.539144992828369;6.742812633514404;9.18185043334961;8.855367660522461;9.309852600097656;9.265019416809082;8.842584609985352;6.830595970153809;6.78816556930542;6.743441104888916;9.126784324645996;9.311880111694336;4.954196310386875;3.169925001442312;5.954196310386875;6.569855608330948;6.20945336562895;4.087462841250339;6.918863237274595;6.189824558880018;5.285402218862249;6.3750394313469245;4.169925001442312;7.076815597050831;5.285402218862249;4.643856189774724;5.087462841250339;5.129283016944966;6.754887502163468;5.643856189774724;5.584962500721156;4.857980995127572;6.475733430966398;5.247927513443585;4.0;6.285402218862249;5.614709844115208;4.087462841250339;4.087462841250339;5.459431618637297;5.087462841250339;5.087462841250339;5.977279923499917;4.807354922057604;5.044394119358453;6.189824558880018;5.044394119358453;6.0;4.0;5.357552004618084;4.584962500721156;5.672425341971495;5.129283016944966;8.618385502258606;4.754887502163468;4.857980995127572;5.491853096329675;6.22881869049588;6.285402218862249;5.700439718141092;5.643856189774724;5.614709844115208;6.727920454563199;4.643856189774724;5.087462841250339;8.055282435501189;5.584962500721156;4.643856189774724;5.700439718141092;5.169925001442312;4.700439718141092
10.044347763061523;7.682277202606201;7.781997203826904;10.128178596496582;10.072137832641602;7.410501480102539;7.497268676757812;7.411633014678955;7.812619686126709;7.95019006729126;7.410086631774902;9.473852157592772;8.956697463989258;7.561356067657471;7.523055076599121;7.428986549377441;7.410120964050293;7.410083293914795;7.474900722503662;10.004286766052246;8.956697463989258;7.410500049591064;7.410386562347412;9.155179977416992;10.14816665649414;7.410080909729004;7.799107551574707;7.410092353820801;9.289328575134276;7.410450458526611;7.410146236419678;10.17139720916748;9.287276268005373;10.169966697692873;7.812619686126709;7.412895202636719;10.1716890335083;8.470195770263672;10.172174453735352;8.956697463989258;10.171984672546388;7.412972450256348;10.166068077087402;7.665557861328125;9.929851531982422;10.145057678222656;10.172124862670898;7.458902359008789;8.177528381347656;10.170432090759276;10.148941040039062;7.812619686126709;7.415951728820801;7.781997203826904;8.956697463989258;10.036117553710938;10.171616554260254;10.148094177246094;7.41070032119751;8.76487159073609;9.702172685365548;9.988684686772164;11.345959596404112;8.876516946565;9.366322214245816;9.974414589805528;9.709083812550343;9.247927513443583;9.847057346091336;8.971543553950772;11.061371192659813;9.899356922923111;9.467605550082997;8.693486957499324;9.60733031374961;11.044394119358454;10.828136484194108;9.509775004326936;9.932214751968385;10.50084187955693;8.129283016944967;9.61654884377899;10.700439718141093;11.270879295328784;10.443979542601252;8.703903573444663;10.328674927327947;9.13699111208023;10.088788238716909;9.571752643503546;8.936637939002571;9.99859042974533;9.381542951184583;8.927777962082342;9.211888294546004;8.113742166049189;9.519636252843211;10.44086916761087;10.251482410620213;9.899356922923111;9.154818109052105;10.565102078360312;10.264442600226602;8.558420713268664;11.14274527675153;10.513727595952435;9.69522829149575;10.965784284662089;10.581200581924955;8.861086905995395;9.388017285345136;9.25974326369078;10.214319120800766;9.13699111208023;9.08214904135387;9.91288933622996;8.954196310386875;9.08214904135387
11.21621799468994;9.549077987670898;11.459918975830078;9.60389804840088;9.714150428771973;11.408392906188965;11.367534637451172;11.181013107299805;11.463356971740724;9.542016983032228;9.542035102844238;11.11382293701172;9.543581008911133;9.574419021606444;9.542017936706545;9.543277740478516;9.541953086853027;10.703177452087402;9.542672157287598;11.465843200683594;9.543581008911133;11.45971965789795;9.73306655883789;9.566106796264648;11.104735374450684;9.542753219604492;11.45818042755127;9.555006980895996;11.357924461364746;9.592005729675291;10.57070255279541;9.719283103942873;11.419182777404783;11.43928050994873;11.463356971740724;11.271095275878906;10.66934585571289;9.638078689575195;11.46505069732666;9.543581008911133;9.596782684326172;11.464323043823242;11.380074501037598;11.465994834899902;11.344574928283691;11.45578956604004;9.999110221862791;11.25482177734375;10.357590675354004;11.465678215026855;11.435684204101562;11.463356971740724;11.465959548950195;11.459918975830078;9.543581008911133;11.092328071594238;9.98416233062744;11.361727714538574;11.465862274169922;9.044394119358454;8.353146825498083;9.445014845868425;10.947636937951827;9.417852514885896;8.442943495848729;10.13699111208023;9.098032082960527;8.321928094887362;9.84862294042934;8.761551232444479;10.197216693110052;10.130570562805426;9.426264754702098;9.497851836951115;8.876516946565;10.352043425795433;10.428360172704291;9.139551352398794;10.496853777388042;9.987264012072538;8.714245517666123;9.605479518061667;10.071462362556623;10.832098846039134;9.26209484537018;8.483815777264256;8.787902559391432;9.105908508571158;8.614709844115207;9.43879185257826;8.83605035505807;8.491853096329674;11.263269200372662;9.167418145831736;9.850186837645774;8.804131021183318;8.243173983472952;9.118941072723509;9.45532722030456;9.066089190457772;10.12023787734196;9.226412192788786;8.64745842645492;9.481799431665753;10.040289721025715;9.7431513941125;9.187352073200495;9.471675214392045;9.758223214726724;10.108524456778168;8.927777962082342;9.197216693110052;11.34207466799914;8.76487159073609;8.79766152585376;9.131856960608792;9.285402218862249;8.672425341971495
11.74714183807373;10.183171272277832;11.840889930725098;10.337945938110352;11.692138671875;11.700324058532717;11.823349952697754;11.818120002746582;11.813311576843262;10.17473602294922;11.37597370147705;10.290931701660156;10.169553756713867;10.169543266296388;11.705673217773438;10.222172737121582;10.169413566589355;11.799104690551758;10.18543815612793;11.83700942993164;10.169553756713867;11.840734481811523;10.184769630432127;10.289134979248049;10.16945743560791;10.175253868103027;11.571917533874512;10.171834945678713;11.071389198303224;10.178550720214844;11.840574264526367;11.384033203125;11.83629035949707;10.31894302368164;11.813311576843262;11.837653160095217;11.454830169677734;10.169665336608888;11.776402473449709;10.169553756713867;11.840132713317873;10.490684509277344;10.26755142211914;11.841113090515137;11.797972679138184;11.17140293121338;10.169651985168455;10.169464111328123;10.169415473937988;11.840009689331056;11.840232849121094;11.813311576843262;11.234288215637209;11.840889930725098;10.169553756713867;10.169466018676758;11.66098976135254;10.725584030151367;11.835169792175291;10.25974326369078;9.850186837645774;10.30149619498255;11.808562029957525;10.7047682393626;10.205793249397155;10.08746284125034;10.197216693110052;10.1357092861044;10.773963368433558;10.508785162064513;11.399277924508969;11.243173983472952;9.815383295813538;9.929258408636972;10.61378946447258;11.187352073200495;11.280770770130603;10.026523442519766;11.544964432789238;11.63026712502677;10.330916878114618;9.946906274456396;10.871905237659186;10.19598729802851;10.4189067312579;10.611024797307351;10.72451385311995;10.57553924683453;10.365228849251544;10.688250309133178;10.567956075415466;10.370687406807216;11.653740778706569;10.45532722030456;10.14338321398982;10.174925682500678;10.157346935362844;10.422064766172811;10.573647187493322;10.263269200372662;10.567005370247031;10.638435913990472;10.84313591111135;10.084808387804362;11.66622400280318;11.488844346457336;10.414685235807214;11.14274527675153;10.801708358916462;11.105253779700885;9.984418458801136;10.353146825498085;11.456354415108288;9.935165049603697;9.667111542075029;10.428360172704291;10.462502272597265;10.177419537989236
10.55870246887207;11.014252662658691;10.330724716186523;9.646883964538574;11.011045455932615;10.467228889465332;9.780058860778809;10.980690956115724;9.590970993041992;9.422683715820312;9.473158836364746;10.972119331359863;9.68961238861084;9.422662734985352;9.42257022857666;10.69068431854248;9.422785758972168;9.471172332763672;11.015912055969238;9.518120765686035;9.68961238861084;9.460949897766112;9.594060897827148;11.02395248413086;11.01728630065918;9.422585487365724;9.423332214355469;9.42603874206543;9.430621147155762;9.46091651916504;11.012998580932615;9.42527961730957;10.843701362609863;10.975791931152344;9.590970993041992;9.46798610687256;10.348566055297852;9.422647476196287;11.00247287750244;9.68961238861084;9.449758529663086;9.505252838134766;9.71160888671875;11.02397632598877;10.40086269378662;9.435484886169434;9.428788185119627;10.739635467529297;10.892210960388184;9.769927024841309;10.931325912475586;9.590970993041992;10.91798973083496;10.330724716186523;9.68961238861084;9.914098739624023;10.991652488708496;11.02265739440918;9.946003913879396;9.39660478118186;9.627533884472792;9.978710459106358;11.443461612227392;9.54882190845875;10.215532999745657;11.693051295397;10.169925001442312;10.285402218862249;11.263856019596082;9.807354922057604;11.437231901039478;11.207014320177532;10.572700226487292;10.494855584491198;10.338736382573916;11.60130652612184;11.278449458220482;10.161131882984307;11.25797705856398;11.651051691178928;9.428360172704291;9.335390354693924;11.014717929860009;10.906890595608518;10.276124405274238;10.211888294546004;9.86573327085176;10.371776644337924;10.266786540694902;10.51175265376738;10.091435386323608;9.94251450533924;11.50382573799575;9.871905237659186;9.611024797307351;10.074141462752506;9.726218159332198;10.064742764750257;10.737247343027738;9.878050912728536;10.567956075415466;10.10459875356437;10.00842862207058;10.328674927327947;10.959277505720502;11.593391122791736;10.328674927327947;10.693486957499324;11.247334178028728;10.38586240064146;10.032045726930807;10.129283016944967;11.567956075415466;10.706496018061188;10.306061689428342;10.071462362556623;10.617467465294196;10.658211482751796
9.221392631530762;7.319441795349121;7.1035237312316895;7.102287292480469;7.10964822769165;8.321353912353516;7.683385848999023;7.113404750823975;8.057635307312012;7.107470512390137;7.095379829406738;8.335617065429688;7.756096363067627;8.790860176086426;7.100325107574463;7.13105058670044;7.097819805145264;7.095554828643799;7.100037097930908;9.243600845336914;7.756096363067627;7.0956220626831055;7.162546634674072;7.09797477722168;9.242985725402832;7.117430686950684;9.22787094116211;7.100462436676025;9.072226524353027;7.096018314361572;7.095391750335693;8.57110595703125;7.134781360626221;9.221375465393066;8.057635307312012;7.547111511230469;8.490591049194336;9.235498428344728;9.059743881225586;7.756096363067627;9.194806098937988;8.099905967712402;9.245353698730469;9.198164939880373;7.676875591278076;9.244667053222656;9.10524559020996;9.182822227478027;7.129079818725586;9.24319553375244;9.222926139831545;8.057635307312012;8.94007396697998;7.1035237312316895;7.756096363067627;7.496766567230225;9.192276000976562;9.228515625;7.120770454406738;7.392317422778761;8.238404739325079;8.370687406807217;9.96289600533726;8.686500527183219;8.08214904135387;8.098032082960527;7.285402218862249;7.108524456778169;9.558420713268664;8.011227255423254;9.507794640198696;9.189824558880018;9.016808287686557;8.96289600533726;7.686500527183218;10.127994320976391;8.76487159073609;9.13699111208023;9.403012023574997;10.804937672051908;6.977279923499917;7.960001932068081;9.187352073200495;9.147204924942228;8.194756854422248;8.224001674198105;8.823367240046235;8.72451385311995;8.308339030139408;7.94251450533924;7.774787059601174;8.03342300153745;9.002815015607053;8.303780748177102;6.794415866350106;8.280770770130603;7.651051691178928;8.03342300153745;8.550746785383243;9.428360172704291;8.930737337562887;8.665335917185176;9.364134655008051;7.851749041416057;9.49585502688717;9.62935662007961;8.968666793195208;9.820178962415188;9.306061689428342;7.622051819456376;8.005624549193879;8.442943495848729;7.076815597050831;8.124121311829187;8.016808287686555;8.271463027904375;7.714245517666122;8.848622940429339
11.55348300933838;12.69650650024414;11.267871856689451;11.293542861938477;11.63956356048584;12.651243209838867;11.945257186889648;12.711487770080566;10.983623504638672;12.68564796447754;12.718378067016602;11.032866477966309;10.979411125183104;10.997660636901855;10.97702407836914;12.68743133544922;10.97859001159668;11.202914237976074;12.324974060058594;12.324771881103516;10.979411125183104;11.373809814453123;11.267976760864258;12.533731460571287;12.718306541442873;11.22760772705078;12.45357608795166;10.982322692871094;11.98302173614502;11.235081672668455;12.240767478942873;11.176621437072754;11.576189994812012;12.720335960388184;10.983623504638672;11.128914833068848;11.388047218322754;11.623488426208496;12.607337951660156;10.979411125183104;11.193543434143066;11.442002296447754;12.707792282104492;12.72032356262207;11.14806079864502;12.64431095123291;12.55317497253418;12.263073921203612;11.690471649169922;12.691109657287598;12.446829795837402;10.983623504638672;11.747445106506348;11.267871856689451;10.979411125183104;10.996223449707031;12.37217903137207;12.423498153686523;11.018168449401855;11.088125692188209;10.409390936137704;11.544481522310791;12.783816759320182;11.71037597120447;11.489847960439295;11.723660944409984;11.556984957594462;11.40992124124968;12.269418929741096;11.376125389276174;12.485577770903188;12.454813348512523;11.188588845707349;11.350939181546432;11.60917873814198;12.697184783224516;12.929073435876813;11.16427843830117;12.646108641506103;12.65127597334664;11.20212382383046;10.727069558023706;12.296916206879288;11.768184324776929;11.64250302878052;11.443461612227392;11.637077657143664;11.538673953082668;11.262682142362165;11.828136484194108;11.543031820255235;11.229419688230417;12.730894646541673;11.348728154231075;11.163649676015824;11.57553924683453;11.127349541059118;11.696098170955864;11.508289986140348;11.51717725268954;12.2103669456326;11.618844301766652;11.43567026093655;11.532842910961282;12.255323690008137;12.475226777742266;11.326429487122304;12.041316915829444;12.52772134428452;11.677719641641009;11.180530807344482;11.304921669581672;12.691961564216788;11.42259043389256;11.121533517340032;11.177419537989236;11.571752643503546;11.38747886584238
12.01630973815918;11.622106552124023;10.44837760925293;12.011548042297363;11.908913612365724;12.08375358581543;10.352758407592772;12.153975486755373;10.535955429077148;10.325298309326172;12.157411575317385;10.770825386047363;10.45639705657959;10.32453441619873;10.324295997619627;12.15788745880127;10.3695650100708;11.83601188659668;12.15078067779541;11.928216934204102;10.45639705657959;11.331036567687988;12.016313552856444;11.967411994934082;10.847776412963867;10.529523849487305;11.932303428649902;10.507716178894045;10.326419830322266;10.365808486938477;12.125510215759276;10.328461647033691;10.35513687133789;12.15936279296875;10.535955429077148;10.498735427856444;10.42259120941162;10.330734252929688;10.753840446472168;10.45639705657959;10.367471694946287;10.81633186340332;11.285341262817385;12.160202980041504;10.328396797180176;10.401263236999512;10.731128692626951;11.438233375549316;11.643672943115234;11.049979209899902;12.048673629760742;10.535955429077148;10.85366916656494;10.44837760925293;10.45639705657959;12.00655460357666;11.791533470153809;12.149179458618164;11.7146577835083;10.60917873814198;9.560332834212442;10.614709844115207;11.806952328210736;11.03342300153745;10.199672344836364;10.314016703901355;10.599912842187129;10.478769619475765;10.94617524072356;10.558420713268664;11.458406613236534;11.179909090014934;9.81698362325538;10.353146825498085;10.306061689428342;11.378836713210614;11.807757403589267;10.550746785383245;11.97333862080036;11.272046524389935;10.253847484987404;9.952741247186488;11.191676146352428;11.493355121494906;10.461479447286155;10.118941072723509;10.50481898763284;10.01262453886506;9.72451385311995;11.175549550636193;10.328674927327947;9.805743872151618;12.461990950585571;10.542064542283445;10.62844554013718;9.681238411777803;9.7632123668144;10.377210530388552;10.452241240430816;10.615629636968098;11.545929769085468;10.337621901992508;10.189824558880018;11.130570562805426;11.718104713121756;11.162391328756906;10.224001674198105;10.646558710154547;11.086136225027309;11.451726268074506;10.0566377151132;10.328674927327947;11.7553048882624;9.9901039638575;9.531381460516313;10.296916206879288;10.929258408636972;10.034798962577268
12.317036628723145;12.261245727539062;10.12010383605957;12.329516410827637;12.269001007080078;10.031182289123535;10.049067497253418;12.289820671081545;10.243839263916016;10.024893760681152;10.190634727478027;10.653708457946776;10.872718811035156;10.061488151550291;10.024724006652832;12.318336486816406;10.026382446289062;10.074712753295898;12.09631633758545;11.71999454498291;10.872718811035156;10.125454902648926;10.039915084838867;10.110870361328123;12.33389949798584;10.024821281433104;10.036084175109863;10.588781356811523;10.695219993591309;10.024742126464844;12.244476318359377;10.063798904418944;10.060528755187988;12.335030555725098;10.243839263916016;10.151477813720703;10.223034858703612;10.113966941833496;12.331854820251465;10.872718811035156;12.168875694274902;12.132265090942385;12.18252182006836;12.321610450744627;10.084579467773438;12.053126335144045;12.334478378295898;12.253870010375977;11.95407009124756;10.025033950805664;12.313191413879396;10.243839263916016;11.15156364440918;10.12010383605957;10.872718811035156;12.294572830200195;12.334982872009276;12.334522247314451;10.15436553955078;13.089781488353998;13.41758884038258;10.774787059601174;13.675846798363596;12.341240820538747;14.380055148544896;14.798421172228954;12.43149760425805;11.744413410557655;11.944346034137832;11.642954223480332;12.66644593881483;11.929628283024565;11.914758838941856;11.1705510353167;12.057314877782703;14.160265375794546;14.134506539022745;12.862637357558794;13.22836777783683;12.92184093707449;11.573173784686484;10.452241240430816;12.108197722535827;13.09984089900072;12.606405212697783;12.35397382181817;12.487840033823051;12.89519657256334;12.450953464712992;12.553149275598548;12.971184272404678;12.02271457304476;13.583200322609205;11.378836713210614;11.91737207947684;11.275542556086725;12.400612641082;15.265798155172575;13.976116567946908;10.466586337719244;11.925925264972856;13.216139556425135;11.11699367754698;10.4757334309664;13.62445278651674;12.702172685365548;10.323054760341646;12.00562454919388;15.285438343586272;10.193525360501216;12.239598529249124;11.843528534611089;13.25502856981873;10.822570830950168;10.286557761607956;11.51668494930961;13.622623840811512;13.134426320220928
13.36133861541748;12.05507469177246;13.34610366821289;13.05381965637207;12.002723693847656;12.888466835021973;11.980900764465332;11.89372730255127;13.266645431518556;13.363529205322266;11.871313095092772;12.051512718200684;11.893134117126465;11.87167739868164;11.909042358398438;11.884593963623049;11.87944793701172;11.87147045135498;12.371254920959473;13.366759300231934;11.893134117126465;12.12480354309082;11.881624221801758;11.88340950012207;12.28850269317627;11.871726989746094;13.323036193847656;11.962578773498535;13.276920318603516;11.874902725219728;11.876224517822266;12.357464790344238;12.006957054138184;12.549662590026855;13.266645431518556;11.88960075378418;13.364267349243164;11.883755683898926;13.35980987548828;11.893134117126465;13.347058296203612;11.873554229736328;13.363532066345217;13.36676788330078;13.352957725524902;13.366215705871582;11.933401107788086;11.875229835510254;11.872446060180664;13.36677074432373;13.360658645629885;13.266645431518556;13.12416934967041;13.34610366821289;11.893134117126465;11.885046005249023;13.221455574035645;13.32487678527832;11.966259956359863;11.826945650415484;11.677719641641009;12.322773176454564;13.81977993183848;12.393122273589531;12.186114239541643;12.985486199104637;12.162076570374312;11.955649907528374;12.806952328210736;12.246146774635864;13.429929741353272;13.234068951183083;12.261507309202056;11.965423565810127;12.537461094633018;13.380190466749834;13.248224089668474;12.084808387804362;13.151016538892248;13.584022940257542;12.076147528022505;12.240791332161956;12.96000193206808;12.64092273517345;12.340406490853294;12.39901083295199;12.575066464578656;12.46352437327118;12.512740462803498;12.557463701597824;12.607099094093552;12.434628227636724;13.223700075986306;12.624110035762987;11.85369942030022;12.253552062637464;11.863411958941638;12.70433597118232;12.43827205612483;12.489597122389307;12.544240006441658;12.47015043527436;12.746514321138465;11.923327485419192;13.14242620231898;13.460711852141213;12.459687756239548;13.183015000882756;12.869208250550829;12.639340708652233;11.798471801101618;12.3151495622563;13.606983470367512;12.048486873992337;11.83289001416474;12.21856323619027;12.428883552010191;12.194449079479025
11.7239990234375;11.592022895812988;11.404759407043455;10.258767127990724;11.204221725463867;10.457284927368164;11.181743621826172;10.41567611694336;10.26487922668457;10.4404935836792;10.254661560058594;11.13015365600586;10.31959629058838;10.249160766601562;10.343372344970703;10.256077766418455;10.246944427490234;10.24838638305664;11.197063446044922;11.346681594848633;10.31959629058838;10.550881385803224;10.246990203857422;11.623592376708984;11.676318168640137;10.246789932250977;11.717472076416016;10.246796607971191;10.616815567016602;10.24710178375244;10.723230361938477;11.749174118041992;11.685674667358398;11.749338150024414;10.26487922668457;10.256589889526367;10.374229431152344;10.54973316192627;11.749603271484377;10.31959629058838;11.679497718811035;10.249791145324709;11.746891975402832;11.74970245361328;10.353277206420898;11.269887924194336;10.847084999084473;10.251728057861328;10.258580207824709;11.749688148498535;11.728555679321287;10.26487922668457;10.365270614624023;11.404759407043455;10.31959629058838;10.270381927490234;11.669737815856934;11.708762168884276;10.510531425476074;10.468624042918018;10.433585441150496;10.509775004326936;12.07648160120702;10.834471049984222;10.560332834212442;11.40886043602476;10.515699838284045;10.319672120946995;11.335390354693924;10.679480099505446;11.68431031112435;11.639792893279312;10.422064766172811;10.375039431346924;11.002815015607052;11.98299357469431;11.52258153125483;9.975847968006784;11.233619676759702;12.026869205263395;10.459431618637296;10.076815597050832;11.32755264408124;10.474719946526482;10.821773981970567;11.019590728357882;11.175549550636193;10.872674880270605;11.018895621121649;10.809768128710411;10.85096815098244;10.871905237659186;11.321364432039449;10.823367240046236;9.94397991434374;10.568906154502084;10.368506461507693;11.25502856981873;11.353698209048035;10.709083812550343;10.667111542075029;11.1879705919842;11.355351096424812;10.12670447284319;11.674633661767269;11.923327485419192;10.8193807908646;11.603626344986193;11.12605911607068;10.752380646552892;10.566054038171092;10.651948610723446;11.490349505739289;10.547858506058416;10.205793249397155;10.851749041416058;10.59245703726808;10.73978060977326
11.919236183166504;10.633023262023926;11.90720558166504;11.0464506149292;11.919235229492188;11.73147678375244;10.86635398864746;10.497275352478027;11.819293975830078;10.424407958984377;10.450204849243164;11.911632537841797;10.701632499694824;10.417136192321776;10.4171142578125;11.553143501281738;10.417121887207031;10.417574882507324;11.655890464782717;11.904582977294922;10.701632499694824;10.95866870880127;10.549358367919922;11.920893669128418;10.692936897277832;10.417118072509766;11.86617660522461;10.41742992401123;10.425830841064451;10.419384956359863;11.03147315979004;11.217275619506836;11.821433067321776;10.457788467407228;11.819293975830078;11.244756698608398;11.90685749053955;10.420367240905762;11.868941307067873;10.701632499694824;11.920212745666504;10.421661376953123;11.82894515991211;11.9120454788208;11.715388298034668;11.17592430114746;10.417767524719238;10.418442726135254;10.687828063964844;11.920940399169922;11.920835494995115;11.819293975830078;10.965795516967772;11.90720558166504;10.701632499694824;10.452216148376465;11.861320495605469;11.891578674316406;11.86612033843994;10.654636028527968;10.82097669262124;11.055960234452296;12.396337194231098;10.381542951184583;10.78053976747196;11.253847484987404;11.047123912114026;10.689997971419446;11.811374693509942;11.243173983472952;12.236313227042803;11.584022940257542;10.63662462054365;10.634811050171718;11.29117069932186;12.135388651579046;11.546894459887636;10.253847484987404;11.78749449969676;12.595024318613635;10.684748620421626;10.216745858195306;11.619761463298424;10.991521846075695;10.59245703726808;10.934428040626804;11.466586337719244;11.032045726930807;11.2246046815385;11.496853777388042;10.778077129535358;11.030667136246942;11.952377251967985;10.873444112515376;10.699572453287267;10.489847960439295;10.657318449581288;11.12088584278779;11.900866807980748;10.405141463136344;11.901244032467376;11.141468555393084;11.201511344500146;10.984418458801136;12.213711798105672;12.422853195944263;11.471675214392045;11.94397991434374;11.434106928609957;11.63662462054365;10.794415866350104;11.049848549450562;11.884933647949762;11.144020869266893;10.668884984266247;11.496853777388042;11.002111776479852;10.734709620225836
10.985712051391602;11.040011405944824;10.73060131072998;8.310985565185547;8.639243125915527;11.040199279785156;11.038235664367676;9.183417320251465;11.032112121582031;8.365665435791016;8.310964584350586;11.037313461303713;8.44099235534668;8.559985160827637;8.312369346618652;8.449617385864258;10.351034164428713;8.754528999328613;11.038423538208008;11.036206245422363;8.44099235534668;10.690296173095703;10.835664749145508;10.688287734985352;11.03892421722412;8.318659782409668;11.037628173828123;10.667441368103027;11.019970893859863;8.523871421813965;8.83749771118164;8.311165809631348;9.919509887695312;8.315207481384277;11.032112121582031;11.030238151550291;8.359636306762695;10.96794605255127;8.320769309997559;8.44099235534668;8.332404136657715;10.958888053894045;10.977676391601562;11.036158561706545;10.846755027770996;11.026988983154297;8.311468124389648;11.03265380859375;9.65086269378662;10.89393138885498;9.2351655960083;11.032112121582031;11.03992748260498;10.73060131072998;8.44099235534668;8.607964515686035;8.312836647033691;10.279857635498049;11.039383888244627;8.370687406807217;6.247927513443585;7.988684686772165;9.174925682500678;8.885696373339394;8.011227255423254;9.116343961237469;8.499845887083206;8.071462362556623;9.038918989292302;7.475733430966398;8.951284714966972;9.139551352398794;8.353146825498083;7.98299357469431;8.285402218862249;8.985841937003341;8.665335917185176;7.845490050944375;8.103287808412022;8.558420713268664;7.936637939002571;7.86418614465428;8.558420713268664;8.622051819456376;6.965784284662087;7.622051819456376;7.700439718141092;7.451211111832329;7.826548487290915;8.912889336229961;7.78135971352466;7.78135971352466;8.622051819456376;7.820178962415188;8.174925682500678;8.108524456778168;7.832890014164741;7.839203788096944;7.546894459887636;7.876516946564999;9.047123912114026;8.044394119358454;7.348728154231077;8.366322214245816;8.266786540694902;8.918863237274595;7.599912842187128;8.344295907915816;9.092757140919852;8.665335917185176;7.60733031374961;8.060695931687555;9.550746785383245;8.092757140919852;7.851749041416057;7.679480099505446;8.164906926675688;7.622051819456376
11.899751663208008;11.018573760986328;12.553030967712402;11.155929565429688;10.951984405517578;11.835193634033203;12.119245529174805;12.015738487243652;12.248085021972656;12.135112762451172;10.69705295562744;11.569452285766602;10.726032257080078;10.702770233154297;10.696885108947754;10.722020149230955;10.697260856628418;10.696880340576172;10.719049453735352;12.53471851348877;10.726032257080078;12.21442985534668;10.79030990600586;12.30557918548584;12.557589530944824;10.69700813293457;12.146714210510254;10.704724311828612;12.548965454101562;11.134976387023926;10.70373249053955;10.709270477294922;12.531543731689451;12.552303314208984;12.248085021972656;10.697339057922363;12.54359531402588;10.79523468017578;12.55743408203125;10.726032257080078;10.743106842041016;10.707842826843262;12.556227684020996;12.556729316711426;12.556391716003418;12.555221557617188;12.170770645141602;12.517229080200195;11.79222297668457;12.557242393493652;11.59600067138672;12.248085021972656;12.557106971740724;12.553030967712402;10.726032257080078;10.896771430969238;11.73184585571289;12.55146312713623;11.901761054992676;10.605479518061667;10.61194694181998;11.600377553107844;12.924626959905329;11.592924155627635;11.980853606379736;11.834471049984222;11.174925682500678;11.553629293916364;12.846665681899738;11.3437409184722;12.946540803893104;12.239896822445862;11.991521846075695;11.752798758435516;11.203348002979762;13.36468185586456;12.57530287507339;11.617008227651963;12.687375683437468;13.202736043250168;10.623881490013458;11.214319120800766;12.434628227636724;12.333155350310616;11.776433032444732;11.532355925288847;11.719816603018126;11.461990950585571;11.461990950585571;11.968666793195208;11.144658242831882;11.56081046872794;12.342630298678408;11.724940118462358;10.985130373466898;11.470658874060552;11.06406908038551;11.624795455860236;11.728345714710976;11.70865283568653;11.8668925276766;11.807354922057604;11.482303782323182;10.977995368612962;12.233919208586975;12.85584179604994;11.46096776257042;12.208843990734614;12.672646326124626;11.105253779700885;11.231821178657404;11.480790201095816;12.047123912114026;11.545447181678094;11.277287400130357;11.347067657165873;11.452241240430816;11.57790083688697
12.937707901000977;13.00895881652832;12.968328475952148;12.3580904006958;12.323046684265137;12.725682258605955;11.675228118896484;12.989364624023438;12.08833122253418;13.02142333984375;11.425667762756348;11.43143367767334;11.429725646972656;11.411347389221191;11.410736083984377;12.845197677612305;11.42247486114502;11.420059204101562;13.005983352661133;13.026456832885742;11.429725646972656;11.763638496398926;11.512978553771973;12.843332290649414;13.016186714172363;11.410928726196287;12.717998504638672;11.525983810424805;12.748313903808594;11.413202285766602;12.865262985229492;11.410778045654297;11.436622619628906;13.025360107421877;12.08833122253418;12.140127182006836;13.002123832702637;11.45993709564209;12.196398735046388;11.429725646972656;11.929450035095217;11.82314109802246;12.955065727233888;13.027393341064451;13.008013725280762;13.024982452392578;11.631779670715332;12.932525634765623;12.15004539489746;12.975675582885742;13.004501342773438;12.08833122253418;13.017333984375;12.968328475952148;11.429725646972656;11.44683074951172;12.925585746765137;13.013189315795898;11.880615234375;10.92035285541508;10.33427328530719;11.375582512490508;12.91214085629572;11.68255574108031;11.26209484537018;11.793603309279408;11.63117705570398;11.01262453886506;12.097044499322951;11.326429487122304;12.734497941692572;12.550025257465784;11.208843990734614;11.32755264408124;11.649705265471413;12.81317994301459;12.761343456100647;10.806549621985962;12.690652799348484;12.963076692298594;11.184875342908285;11.014020470314934;12.2246046815385;11.9683067944308;11.29174628083394;11.413627929024171;11.611024797307351;11.571752643503546;11.53818893205242;11.539643506238036;11.279030136449649;11.166163082646111;12.651724433108065;11.401412878714178;11.23840473932508;11.466586337719244;11.418379719364957;11.7515440590891;11.536247215688128;11.915879378835774;12.278449458220482;11.505811553919594;11.255618749839597;11.61056350392504;12.169298695792843;12.33147682185962;11.585901449690772;12.286846502735887;12.516192477879368;11.515699838284045;11.311180660053354;11.40886043602476;12.59269061535341;11.381002109550924;11.286557761607956;11.312882955284357;11.64745842645492;11.362491806046062
10.79817008972168;10.860021591186523;10.500200271606444;10.851417541503906;11.228368759155272;11.14197826385498;11.228476524353027;9.855570793151855;10.83288860321045;11.218622207641602;9.762669563293455;11.224407196044922;9.180320739746094;9.171775817871094;9.171416282653809;11.222397804260254;9.171415328979492;9.17147731781006;10.847372055053713;9.8220796585083;9.180320739746094;9.441455841064451;9.35897159576416;11.228496551513672;11.227067947387695;9.17142105102539;9.496882438659668;9.171499252319336;10.968063354492188;9.189035415649414;9.766411781311035;11.016653060913086;11.225247383117676;11.21600341796875;10.83288860321045;11.17965030670166;11.222412109375;9.18576431274414;10.964516639709473;9.180320739746094;11.22847843170166;9.341144561767578;9.515432357788086;9.171606063842772;11.202119827270508;11.120859146118164;10.638592720031738;9.17812442779541;10.65235710144043;9.34618091583252;11.22732162475586;10.83288860321045;9.18820095062256;10.500200271606444;9.180320739746094;9.1790189743042;11.222075462341309;11.016594886779783;10.986079216003418;8.848622940429339;8.339850002884624;8.804131021183318;10.44190670454224;7.839203788096944;7.523561956057013;9.390168956200185;9.306061689428342;8.005624549193879;8.897845456005511;8.707359132080883;9.674192268145683;8.643856189774725;7.888743248898259;7.426264754702098;8.459431618637296;9.184875342908285;9.273795599214264;7.734709620225838;8.189824558880018;9.970105890612182;8.774787059601174;8.016808287686555;9.252665432450248;8.800899899920305;7.562242424221073;7.870364719583405;8.640244936222345;8.204571144249204;8.550746785383243;9.098032082960527;7.960001932068081;7.686500527183218;8.839203788096944;8.31741261376487;8.29920801838728;7.312882955284356;8.651051691178928;8.957102041562287;9.556506054671928;9.044394119358454;11.407267764244732;7.918863237274595;7.554588851677638;10.025139562278508;9.705632387361415;10.08746284125034;9.92184093707449;9.079484783826816;9.562242424221072;8.103287808412022;8.539158811108031;8.823367240046235;9.684748620421626;9.041659151637214;8.703903573444663;9.78135971352466;8.90388184573618;7.569855608330948
5.6728925704956055;6.407712459564209;6.370290756225586;5.738664627075195;6.310134410858154;4.578272819519043;4.5649094581604;5.929646968841553;4.616567134857178;6.239140510559082;6.399078369140625;4.56974458694458;4.625274181365967;4.556995391845703;4.55692195892334;4.870293617248535;6.169862747192383;6.251698017120361;6.400372505187988;6.3986124992370605;4.625274181365967;5.834404945373535;5.172134399414063;6.356544494628906;4.75537633895874;4.564122676849365;4.642698287963867;6.396659851074219;4.559705257415772;4.87129020690918;6.412665367126465;4.5571608543396;4.565005302429199;6.413199424743652;4.616567134857178;4.692102909088135;4.616097927093506;4.569482326507568;5.670413970947266;4.625274181365967;4.557126045227051;5.598685264587402;5.533551216125488;6.415855407714844;5.221133232116699;5.785494327545166;4.558566570281982;6.230535507202148;5.756347179412842;4.792148590087891;4.670197010040283;4.616567134857178;6.388291358947754;6.370290756225586;4.625274181365967;5.299808025360107;5.658567428588867;6.398197650909424;5.917107105255127;4.523561956057013;2.0;5.129283016944966;4.954196310386875;4.807354922057604;4.321928094887363;3.584962500721156;4.754887502163468;4.807354922057604;4.906890595608519;3.700439718141092;5.523561956057013;5.78135971352466;3.807354922057604;3.807354922057604;4.392317422778761;5.169925001442312;5.20945336562895;3.321928094887362;4.954196310386875;5.727920454563199;3.169925001442312;4.392317422778761;4.807354922057604;5.0;3.584962500721156;3.807354922057604;3.906890595608519;3.906890595608519;3.584962500721156;4.169925001442312;3.584962500721156;3.906890595608519;5.044394119358453;4.087462841250339;3.700439718141092;4.643856189774724;4.087462841250339;3.584962500721156;2.807354922057604;4.954196310386875;4.700439718141092;4.087462841250339;4.584962500721156;4.754887502163468;5.285402218862249;5.169925001442312;4.700439718141092;4.954196310386875;4.700439718141092;5.044394119358453;3.4594316186372973;4.459431618637297;5.247927513443585;3.700439718141092;4.392317422778761;4.459431618637297;4.247927513443585;3.807354922057604
11.439385414123535;11.05787467956543;11.343328475952148;8.852038383483887;10.617886543273926;11.329968452453612;8.818649291992188;9.441147804260254;11.42868709564209;8.794127464294434;8.791472434997559;10.981642723083496;11.33518886566162;9.892691612243652;8.79154109954834;11.409453392028809;8.845495223999023;8.799899101257324;9.845897674560549;11.438767433166504;11.33518886566162;8.890398025512695;10.118109703063965;9.756285667419434;9.069129943847656;8.793098449707031;11.409598350524902;10.833996772766112;9.327882766723633;8.791505813598633;9.110153198242188;8.803557395935059;8.793909072875977;8.79157543182373;11.42868709564209;11.43916130065918;10.3777437210083;11.398397445678713;9.184618949890137;11.33518886566162;11.439912796020508;11.286237716674805;11.418858528137209;9.008711814880373;10.756529808044434;11.36424446105957;8.791987419128418;10.819334030151367;8.847936630249023;11.43482780456543;11.439931869506836;11.42868709564209;11.410128593444824;11.343328475952148;11.33518886566162;8.797574996948242;11.439091682434082;11.406898498535156;11.077770233154297;9.823367240046236;10.105908508571158;9.674192268145683;11.834866038362016;9.74819284958946;9.91139198784346;10.210671343785622;9.731319031025064;10.00562454919388;10.98370619265935;9.845490050944376;11.539643506238036;11.559855041513623;10.308339030139408;9.995767150877802;10.31741261376487;11.757390009366638;11.423641195075856;9.422064766172811;9.927777962082342;11.690434556395054;9.381542951184583;9.594324603924848;11.38586240064146;10.271463027904376;10.395534135462302;9.923327485419192;10.625708843064466;10.049848549450562;10.187352073200495;10.320800548881635;9.719388820942084;10.247927513443583;9.571752643503546;10.69522829149575;9.328674927327947;10.17617314910749;9.722807531169549;10.20212382383046;10.852529509404196;10.605479518061667;10.310612781659527;10.970105890612182;10.375039431346924;9.08746284125034;11.208843990734614;11.269126679149418;10.779719355143405;11.045759661382682;10.91288933622996;9.499845887083206;10.380461065088973;9.987264012072538;9.965784284662089;9.961449694398196;9.807354922057604;10.709945380232496;9.961449694398196;10.358651200892886
10.97385597229004;10.901351928710938;14.740166664123535;11.556398391723633;14.739805221557615;11.002120971679688;14.740190505981444;10.88992977142334;14.73784637451172;10.904690742492676;12.768871307373049;14.408215522766112;10.884638786315918;10.931879997253418;10.938189506530762;10.933335304260254;10.884065628051758;14.079153060913086;10.892476081848145;14.727086067199709;10.884638786315918;14.380647659301758;12.290491104125977;14.73765754699707;13.993815422058104;10.89976978302002;11.824853897094728;11.781390190124512;14.73987102508545;12.764095306396484;14.383318901062012;11.60878562927246;14.735540390014648;14.289715766906738;14.73784637451172;14.740111351013184;14.738292694091797;10.884876251220703;14.733736991882324;10.884638786315918;14.62395477294922;14.736093521118164;10.918283462524414;11.722445487976074;14.740221977233888;14.71969985961914;13.941795349121094;12.905844688415527;13.863604545593262;14.589900016784668;13.485069274902344;14.73784637451172;14.737977027893066;14.740166664123535;10.884638786315918;11.207959175109863;12.82725429534912;13.058269500732422;14.739798545837402;11.735132884139947;10.680359523513712;11.919608238603251;12.81358080298963;13.176640671134011;11.381542951184583;12.25089053572334;11.889884170302828;11.661778097771988;12.165535141377925;12.393658591454772;13.136670762341843;13.356864581418872;11.945077995107816;11.112439506781552;12.486332252768664;13.17367713630342;12.442684367865834;10.854089179870574;12.85369942030022;12.861862340059153;12.250298417906333;12.580258567499788;12.127994320976391;10.975847968006784;12.00982861736811;12.570330101030798;12.412834440119273;12.21856323619027;12.400078902622012;11.972979786066292;11.894817763307945;11.81977993183848;12.101975670949232;12.105908508571158;11.160501747555688;11.81177605532666;12.49160260669611;13.068946179648783;11.727069558023706;13.05273784954982;11.99081307915361;12.1373113907009;12.119589620741122;11.629811944382231;12.855452509744048;12.741677644945858;12.158294103604035;12.647008638441648;11.825356341479337;10.8193807908646;11.564149489985732;11.413098984915264;12.720885503593724;11.15608307628868;12.00982861736811;11.657318449581288;11.687375683437468;11.240195053979924
12.471282958984377;13.525996208190918;14.728034973144531;14.726892471313477;14.437544822692873;13.08449935913086;12.15900707244873;14.714065551757812;12.261518478393556;12.575757026672363;14.731757164001465;12.161911010742188;12.8048734664917;12.16278076171875;12.157770156860352;14.731689453125;14.660861015319824;14.60867977142334;14.105707168579102;12.41547966003418;12.8048734664917;14.671876907348633;14.490968704223633;14.695372581481934;12.177061080932615;14.296524047851562;12.158774375915527;14.731675148010254;12.274245262145996;13.506272315979004;14.731715202331545;12.158783912658691;12.185901641845703;12.184063911437988;12.261518478393556;14.164629936218262;13.121379852294922;12.157787322998049;14.681780815124512;12.8048734664917;14.631478309631348;12.825250625610352;12.43254280090332;14.72183895111084;13.864274978637695;12.19521141052246;12.17054843902588;14.097198486328123;14.42785930633545;12.735878944396973;14.729130744934082;12.261518478393556;14.507123947143556;14.728034973144531;12.8048734664917;12.159934997558594;14.711036682128906;12.68821620941162;12.198471069335938;11.98477446004684;12.978531719709377;13.773551346428505;14.51422090935813;14.156557153199971;13.879296060392983;14.10909606370718;12.964521373897238;14.065668567392636;14.53818893205242;12.66222330531784;14.241163880915709;14.484067622432198;12.843921051289035;13.181462881270017;13.24347153839633;14.760979775479091;12.979425195331473;12.553149275598548;12.924441392339196;15.216480632522918;12.31373335026382;12.522091068887065;14.102631888854969;13.588011853215088;12.994883741970837;13.20197072837312;13.687047562051522;13.117318426010003;13.173833263682058;14.544360769430126;13.15718901351485;13.78269113274609;13.074308741440255;14.310186726124348;11.062720767165043;13.560093957642495;12.149111990706889;13.109177703355275;13.416137768578286;13.745674324002136;12.95746484680521;13.595956743943162;13.00965369223411;12.644757592516257;13.40274562249569;14.607792641919213;13.593857938858225;13.550626555786868;14.271390074247517;13.340684654363438;12.264149339723328;13.468369487109523;13.49597990851814;13.38221871823094;12.616319096976865;13.213863652749346;13.617926556798752;13.930922097125269
11.239873886108398;11.224645614624023;10.84654712677002;9.488808631896973;9.502745628356934;11.202338218688965;11.196516036987305;9.80807876586914;11.133963584899902;9.490059852600098;9.488426208496094;10.844965934753418;9.575469017028809;9.49145221710205;9.494102478027344;9.489002227783203;10.31306266784668;10.942484855651855;11.219785690307615;11.24261474609375;9.575469017028809;10.503707885742188;9.494260787963867;9.48874568939209;9.644936561584473;9.488512992858888;11.23167324066162;9.992310523986816;11.151424407958984;9.488430976867676;11.106317520141602;9.545171737670898;9.68733024597168;10.096925735473633;11.133963584899902;11.228487968444824;9.496588706970217;10.436365127563477;10.950262069702148;9.575469017028809;9.763042449951172;11.084232330322266;11.227344512939451;11.242929458618164;10.045570373535156;11.233696937561035;9.488764762878418;10.48097324371338;9.488524436950684;11.238714218139648;11.214363098144531;11.133963584899902;11.240875244140623;10.84654712677002;9.575469017028809;9.574575424194336;9.914989471435549;11.19817352294922;11.236265182495115;8.39231742277876;7.977279923499917;8.442943495848729;10.352043425795433;8.88264304936184;8.179909090014934;10.026523442519766;8.665335917185176;7.515699838284043;8.519636252843213;8.483815777264256;9.44086916761087;8.741466986401146;8.087462841250339;7.426264754702098;8.60733031374961;9.247927513443583;9.79603960882977;7.994353436858858;9.002815015607053;8.933690654952233;8.566054038171092;7.546894459887636;9.398743691938192;8.861086905995395;8.487840033823051;7.651051691178928;8.531381460516313;8.366322214245816;8.523561956057012;8.581200581924957;8.400879436282183;8.214319120800766;9.909893083770042;8.734709620225837;8.90388184573618;7.139551352398794;8.174925682500678;9.005624549193879;9.172427508645482;8.43879185257826;9.310612781659527;8.658211482751796;8.727920454563199;8.558420713268664;9.483815777264256;9.35974956032233;8.573647187493322;8.906890595608518;8.851749041416058;9.3151495622563;8.20945336562895;8.312882955284355;10.5401280385821;7.761551232444479;7.562242424221073;8.710806433699352;9.290018846932618;7.906890595608519
12.130745887756348;12.114957809448242;11.993906021118164;10.613787651062012;10.875078201293944;11.897879600524902;10.620842933654783;12.07555866241455;10.775370597839355;11.241633415222168;10.613370895385742;10.627812385559082;10.907832145690918;10.61090850830078;10.612680435180664;11.379691123962402;10.622282028198242;10.82901096343994;12.052825927734377;12.128064155578612;10.907832145690918;11.291496276855469;10.607616424560549;10.63095474243164;10.631741523742676;10.605175971984863;12.109000205993652;10.624719619750977;10.705329895019531;10.604745864868164;12.121208190917969;10.844579696655272;10.619621276855469;11.60736083984375;10.775370597839355;11.833967208862305;10.631688117980955;11.784191131591797;11.450406074523926;10.907832145690918;12.127113342285156;10.753249168395996;12.12644100189209;12.13213348388672;10.668834686279297;12.088812828063965;10.605111122131348;10.638764381408691;10.60497760772705;12.131704330444336;12.131893157958984;10.775370597839355;11.42691135406494;11.993906021118164;10.907832145690918;10.605097770690918;12.12114143371582;12.006654739379885;10.953109741210938;10.66622400280318;10.642954223480332;10.485829308701904;12.064405961891042;10.821773981970567;10.667998535672528;10.521600439723729;10.683871868622605;10.51175265376738;11.270879295328784;10.62296694479051;11.84862294042934;11.619761463298424;9.824958740528524;10.167418145831736;11.019590728357882;12.020285500844649;11.539643506238036;9.776433032444732;11.022367813028454;12.29318423075951;10.729620743553038;9.535275376620802;11.424691191512954;10.26209484537018;10.67595703294175;11.015415052386688;11.348174867535556;11.192292814470768;11.23421867823847;10.932952892194717;10.470658874060552;10.875749351420056;11.036860446673046;10.99435343685886;9.977279923499916;10.582141981658776;10.721953612801386;11.399811959325683;11.46352437327118;11.055960234452296;10.810571634741146;11.18239435340453;11.342630298678408;10.294620748891628;11.961449694398196;12.050868963290736;11.286557761607956;11.797256217509783;11.183635381473218;10.64745842645492;10.69261550169458;10.818582177480858;11.124121311829189;10.589651146514786;10.367414751246828;11.249113452713727;10.543031820255235;10.81698362325538
11.084627151489258;11.396061897277832;11.308672904968262;11.536520957946776;11.676069259643556;9.418365478515623;11.650322914123535;11.375250816345217;9.992277145385742;9.328845024108888;11.687861442565918;10.105512619018556;9.318021774291992;9.453232765197754;9.317517280578612;11.688339233398438;9.317370414733888;11.648521423339844;10.36201286315918;11.528158187866213;9.318021774291992;10.192842483520508;9.3651123046875;9.463995933532717;11.568896293640137;9.325804710388184;10.418787956237791;10.324492454528809;11.686613082885742;9.317469596862791;11.680574417114258;11.649954795837402;9.570850372314451;11.688390731811523;9.992277145385742;11.688429832458496;9.38661003112793;10.47904109954834;11.67855167388916;9.318021774291992;11.688437461853027;11.687911033630373;11.203556060791016;9.910563468933104;10.876839637756348;11.684653282165527;11.687408447265623;9.408269882202148;9.347256660461426;9.462804794311523;11.688339233398438;9.992277145385742;9.852341651916504;11.308672904968262;9.318021774291992;9.327375411987305;11.687543869018556;9.770974159240724;9.788311958312988;9.226412192788786;9.96000193206808;9.214319120800766;11.279610581052484;9.98584193700334;10.15608307628868;12.628217680223434;8.76487159073609;8.754887502163468;9.477758266443889;8.784634845557521;11.43827205612483;10.391243589427445;10.370687406807216;9.38586240064146;9.60733031374961;9.905387005018133;10.902375114486023;9.807354922057604;10.377210530388552;10.569855608330949;8.845490050944376;8.90388184573618;9.533329732305834;10.743992861060176;10.428360172704291;8.988684686772165;9.111135670234708;9.59618975614441;9.417852514885896;9.066089190457772;9.005624549193879;9.407267764244732;10.725366257895642;8.79766152585376;9.52943055414615;7.994353436858858;9.94397991434374;12.045759661382682;11.108524456778168;10.276124405274238;9.44086916761087;9.902375114486023;9.13699111208023;8.965784284662087;11.059344460824423;10.096715154488535;8.800899899920305;9.754887502163468;11.28828934218097;8.581200581924957;9.172427508645482;9.08746284125034;10.877284133523196;8.839203788096944;8.164906926675688;8.854868383260236;10.729620743553038;9.4241662888181
10.957474708557127;9.18694019317627;8.983724594116211;10.906375885009766;10.85558795928955;10.898235321044922;9.038626670837402;10.827016830444336;10.129843711853027;8.70102310180664;8.782035827636719;10.591167449951172;10.319661140441896;8.718400955200195;8.719533920288086;10.95764446258545;8.701519012451172;8.738642692565918;10.955743789672852;10.68875217437744;10.319661140441896;8.723804473876953;8.800355911254883;8.808578491210938;9.27374267578125;8.712811470031738;9.670422554016112;8.724105834960938;9.478525161743164;8.7006196975708;9.34945297241211;10.945108413696287;8.839798927307129;10.179394721984863;10.129843711853027;10.599676132202148;10.733698844909668;9.130011558532717;10.097699165344238;10.319661140441896;10.957773208618164;8.720477104187012;10.63714599609375;8.771819114685059;9.230963706970217;10.122790336608888;10.73227596282959;8.700651168823242;8.70234203338623;10.90249729156494;10.957771301269531;10.129843711853027;8.70075798034668;8.983724594116211;10.319661140441896;8.784490585327148;10.957523345947266;10.898306846618652;8.703703880310059;9.831307243802051;10.24436383512051;10.818582177480858;12.153552031708111;10.468624042918018;10.338736382573916;11.543515216152167;10.161131882984307;9.733015321685963;11.237807473723135;10.450180247164754;12.105908508571158;11.532355925288847;10.709945380232496;10.24555270625568;10.644757592516257;12.155766938445652;11.889503963411476;9.918863237274596;11.147840893672337;12.123798091251857;9.759888183221834;9.7714894695006;11.62844554013718;10.82097669262124;11.193525360501216;10.696098170955864;10.712527000439824;10.821773981970567;10.93810932621924;10.61654884377899;10.544964432789238;10.824163209744158;10.434628227636724;11.094737505048093;9.118941072723509;10.208234358339787;10.0566377151132;10.909893083770042;11.40832974076739;10.759888183221834;10.207014320177532;11.30435132166324;11.3701424794954;9.487840033823051;11.35424938194524;12.072802534544207;10.801708358916462;11.610102062999664;11.26502894245816;9.847057346091336;10.71681946132995;10.407267764244732;11.007027266893967;10.581200581924955;10.252665432450248;10.814582465906277;10.729620743553038;10.93147623388679
11.47531032562256;11.269503593444824;11.461589813232422;9.311453819274902;9.603827476501465;10.70933437347412;9.78370475769043;9.296960830688477;11.207263946533203;11.47600555419922;9.283373832702637;10.545108795166016;9.92864990234375;9.290096282958984;9.28402328491211;9.307690620422363;9.342534065246582;9.28343391418457;11.325066566467283;11.476564407348633;9.92864990234375;10.405604362487791;9.290292739868164;9.961703300476074;11.475801467895508;9.283380508422852;11.473289489746094;9.28669548034668;11.230935096740724;9.28811740875244;9.285555839538574;10.19606113433838;10.649022102355955;11.447229385375977;11.207263946533203;9.285417556762695;11.253957748413086;11.441454887390137;11.469268798828123;9.92864990234375;9.523324012756348;9.2852783203125;11.476276397705078;11.476594924926758;11.455604553222656;11.476576805114746;9.44758129119873;9.694250106811523;9.481144905090332;11.476591110229492;10.780370712280272;11.207263946533203;11.472898483276367;11.461589813232422;9.92864990234375;9.823759078979492;9.60879611968994;11.466336250305176;11.383642196655272;9.7515440590891;11.076147528022505;10.59898297103609;12.964882318367694;11.24198314969433;10.764042217306589;9.99717948093762;10.42940674151398;11.19537220740274;11.556506054671928;10.400879436282183;11.016111838220512;10.324180546618742;11.452241240430816;10.090112419664289;10.380461065088973;11.619302955415687;11.952013164889486;10.113742166049189;11.758223214726724;11.930367747438952;9.99435343685886;9.710806433699352;11.524541715035848;10.923327485419192;11.967226258835993;11.03823313473178;9.744833837499543;11.664447284547972;10.214319120800766;11.581200581924955;10.595257481449035;10.752380646552892;11.488844346457336;11.183015000882756;10.263269200372662;9.86727873970966;10.30149619498255;11.391780606013166;11.074141462752506;10.380461065088973;10.849405100947758;11.844705764411938;11.807757403589267;10.004220466318197;11.653292945382814;12.681897226786235;10.231221180711186;10.871135184243045;11.820178962415188;10.144658242831882;10.153552031708111;10.296916206879288;10.923327485419192;11.214926187942435;9.280770770130603;11.047805554007589;11.56652978262417;12.140829770773
12.03737735748291;10.296884536743164;12.041847229003906;11.769570350646973;10.747425079345703;10.795780181884766;11.397624969482422;10.82788372039795;11.994680404663086;11.302964210510254;10.264193534851074;11.557533264160156;11.702959060668944;10.26787567138672;10.26423168182373;11.88056755065918;10.264180183410645;10.264063835144045;10.714262962341309;12.020672798156738;11.702959060668944;11.306182861328123;10.272714614868164;11.63235092163086;12.041205406188965;10.264058113098145;11.609606742858888;10.265056610107422;12.041263580322266;10.268048286437988;10.27870750427246;11.450224876403809;12.013352394104004;10.368746757507324;11.994680404663086;10.281785011291504;12.041955947875977;10.70276927947998;12.04220199584961;11.702959060668944;12.038124084472656;10.264245986938477;12.03848934173584;11.005318641662598;12.042207717895508;12.039929389953612;11.629817008972168;10.282215118408203;10.304084777832031;12.042251586914062;12.041465759277344;11.994680404663086;12.024959564208984;12.041847229003906;11.702959060668944;10.292556762695312;12.016879081726074;12.031960487365724;10.960537910461426;11.00842862207058;10.964340867792416;10.971543553950772;13.627305880514848;11.590119174107176;11.648357582009666;12.750288267591651;10.967226258835993;11.172427508645482;11.60733031374961;10.992230264965889;12.40381093178603;12.077149515589731;10.757390009366638;10.437752072323605;11.370687406807216;12.576484346796851;12.811976694370289;11.734709620225836;11.926666629347284;12.886649213371976;10.95637615724967;10.564149489985732;11.905010862390297;11.177419537989236;10.94104760634058;12.16804526822409;11.62935662007961;11.71896091198421;11.674192268145683;11.791162888555018;11.92072501975118;11.81698362325538;11.536247215688128;11.728770849542665;10.41256984680521;11.40992124124968;10.953468962228849;12.494355603532846;11.366322214245816;11.567480801143043;11.076815597050832;11.749869427396844;12.907454038318624;10.400879436282183;11.992230264965889;12.58261245126702;11.564625862795372;12.60246690183057;12.611255388699336;10.82097669262124;10.900112062977456;11.519144787997414;12.102631888854969;10.968666793195208;11.034111146096592;11.604553229079038;11.69522829149575;11.90275194485016
11.096108436584473;9.713201522827148;11.092606544494627;9.527626991271973;9.774131774902344;11.0703706741333;10.987887382507324;10.799159049987791;11.087217330932615;9.526694297790527;9.526692390441896;10.470311164855955;9.617525100708008;9.553215026855469;10.432808876037598;9.564887046813965;9.526742935180664;9.645807266235352;9.727757453918455;11.095706939697266;9.617525100708008;11.067704200744627;9.528149604797363;9.52761173248291;9.545641899108888;9.526703834533691;11.095047950744627;9.52858543395996;11.045658111572266;9.526690483093262;11.023419380187988;10.845972061157228;10.874465942382812;9.841367721557615;11.087217330932615;11.089435577392578;9.677793502807615;10.45533275604248;11.081080436706545;9.617525100708008;11.096080780029297;10.367071151733398;11.067201614379885;11.096518516540527;10.721576690673828;11.05831813812256;9.5336275100708;9.53585433959961;9.526700973510742;11.096529006958008;11.09653091430664;11.087217330932615;11.061556816101074;11.092606544494627;9.617525100708008;9.529061317443848;11.063000679016112;11.07727336883545;11.094738960266112;9.73640193131829;9.971543553950772;9.842350343413807;11.49235394515987;9.939579214314692;9.98299357469431;10.698704666770343;9.74819284958946;9.39231742277876;10.471675214392045;10.027905996569883;11.109177703355275;11.094077685671904;9.91139198784346;9.734709620225836;10.31174831500496;11.36139553316589;10.855647166027266;9.543031820255235;10.799281621521924;11.588246152044816;9.853309555403674;9.64745842645492;10.7657004876511;10.179909090014934;10.366322214245816;10.383704292474052;10.719388820942084;10.514714054138487;10.43879185257826;10.198445041452365;9.992938336165814;10.295768934420508;10.591522346570734;10.30149619498255;9.39660478118186;9.91737207947684;9.820178962415188;10.286557761607956;10.7714894695006;9.971543553950772;10.070120944476823;10.651051691178928;10.658211482751796;9.493855449240822;11.208843990734614;11.312315746690109;10.264442600226602;10.980853606379736;10.52943055414615;10.052568050804153;9.902375114486023;10.116343961237469;10.620219825507489;10.051208940914766;9.67595703294175;10.304921669581672;9.78953364497036;10.06339508128851
10.716876983642578;10.445788383483888;10.672813415527344;9.936017036437988;10.748519897460938;9.505837440490724;9.190766334533691;10.65914249420166;9.20912265777588;9.164591789245604;10.757250785827637;9.199495315551758;9.163451194763184;9.157918930053713;9.164995193481444;10.324495315551758;9.157806396484377;10.557976722717283;10.673983573913574;10.594755172729492;9.163451194763184;10.53787326812744;9.1585054397583;10.329435348510742;9.158687591552734;9.158438682556152;10.030436515808104;9.158020973205566;9.159711837768556;9.15792179107666;10.764816284179688;10.757265090942385;10.26956272125244;10.76482105255127;9.20912265777588;9.93775749206543;9.305965423583984;9.15843391418457;10.761762619018556;9.163451194763184;10.7568359375;9.21863842010498;9.29351043701172;10.765186309814451;9.172455787658691;9.207182884216309;9.237408638000488;9.157858848571776;9.16025733947754;10.76421356201172;10.764551162719728;9.20912265777588;9.162049293518066;10.672813415527344;9.163451194763184;9.167771339416504;10.761280059814451;10.58070468902588;9.837690353393556;9.434628227636724;9.731319031025064;9.52552080909507;11.0566377151132;9.642051692927977;9.69522829149575;10.357552004618084;9.614709844115207;9.131856960608792;10.086136225027309;9.76487159073609;10.659995892429976;10.71853287606922;10.007027266893967;10.107217075591382;10.157346935362844;10.846273911349906;10.507794640198696;9.413627929024171;10.62844554013718;11.163649676015824;9.501837184902296;9.473705749619416;10.250298417906333;10.462502272597265;9.9901039638575;9.958552715431011;10.17617314910749;10.27262978497637;10.064742764750257;9.981567281903017;9.651051691178928;9.915879378835774;10.643856189774723;9.888743248898258;9.719388820942084;9.541096615349524;9.594324603924848;10.25974326369078;10.370687406807216;9.851749041416058;9.733015321685963;10.178664851006472;10.3409627642517;9.226412192788786;10.733015321685963;10.98655314975666;10.041659151637214;10.64745842645492;9.98584193700334;9.834471049984222;9.539158811108033;9.78135971352466;10.281930026955443;9.533329732305834;9.407267764244732;10.066089190457772;9.68650052718322;9.79603960882977
12.53435230255127;12.579341888427734;11.497928619384766;10.76642894744873;12.331582069396973;10.7381591796875;10.720673561096191;10.782862663269045;10.721379280090332;12.444470405578612;10.738119125366213;11.592402458190918;11.626060485839844;10.722495079040527;10.71646213531494;11.730006217956545;10.727790832519531;10.719950675964355;12.578699111938477;12.139018058776855;11.626060485839844;10.717728614807127;10.717855453491213;12.571581840515137;12.579309463500977;10.71646213531494;11.379535675048828;10.73484230041504;11.650529861450195;10.716649055480955;11.07004165649414;10.858183860778809;10.725035667419434;12.564688682556152;10.721379280090332;10.833590507507324;10.958736419677734;12.44898796081543;12.544550895690918;11.626060485839844;10.99248504638672;10.856484413146973;12.579148292541504;12.578962326049805;11.803908348083496;12.559674263000488;11.24766731262207;12.52647876739502;12.389991760253906;12.576388359069824;12.489334106445312;10.721379280090332;12.449161529541016;11.497928619384766;11.626060485839844;10.849486351013184;12.546263694763184;12.476810455322266;10.71930980682373;10.480790201095816;10.59898297103609;10.91214085629572;12.725153203912992;10.69522829149575;10.535275376620802;11.06204613772049;11.109830654278792;10.798471801101618;11.972620862058744;10.839991070539886;12.14242620231898;11.214319120800766;10.158609688214478;10.398743691938192;10.991521846075695;12.693922488081014;12.414949441474263;10.499845887083206;11.337621901992508;12.581671358578143;9.952741247186488;9.38586240064146;11.914011328541257;10.721953612801386;10.80332391904149;11.51717725268954;11.083479327331842;10.926295994781112;11.441388029346689;11.887982133058454;11.059344460824423;11.269126679149418;10.91513244895065;11.461990950585571;9.719388820942084;10.651948610723446;10.445014845868425;10.710806433699352;11.649256177517314;11.2836671674915;11.4893462407191;11.433585441150496;11.530406337099068;10.723660944409984;12.069449767427784;12.561287945164828;11.525031345124;11.880731435141664;11.889123656294238;10.654636028527968;11.325867580575418;11.058668250340572;11.228217442293436;11.60177078840771;11.042343379793692;11.34318571544788;10.749031382040204;11.281930026955443
13.345998764038086;11.503510475158691;13.312106132507324;12.381814002990724;12.86920928955078;11.308219909667969;11.386333465576172;13.342283248901367;12.494016647338867;11.165118217468262;11.77946949005127;11.180109024047852;11.175000190734863;11.176969528198242;11.165121078491213;12.877538681030272;11.165279388427734;13.23369598388672;11.629533767700195;13.336604118347168;11.175000190734863;13.338449478149414;11.166338920593262;11.16539192199707;11.26963233947754;11.165153503417969;12.922155380249023;11.918585777282717;12.232261657714844;11.165118217468262;13.353515625;11.58530616760254;11.315481185913086;13.353955268859863;12.494016647338867;13.1919584274292;11.16696548461914;11.225754737854004;13.352112770080566;11.175000190734863;13.268564224243164;13.351874351501465;12.7057523727417;13.353960037231444;11.208066940307615;12.98227882385254;13.319705963134766;11.997352600097656;11.17497444152832;11.580459594726562;13.353200912475586;12.494016647338867;13.222284317016602;13.312106132507324;11.175000190734863;11.82672119140625;13.353009223937988;13.348587989807127;13.343764305114746;12.723234300893376;12.977816540594027;12.217048913556338;14.285402218862249;13.448116305409464;13.090939415984376;15.242913572562475;11.869208250550829;11.527477006060396;11.210671343785622;11.940680648424092;13.467987569161329;13.056299014550335;12.663335723478353;11.98370619265935;11.952741247186488;12.880731435141664;13.939946452458686;12.456354415108288;13.71177450496535;13.085140461701762;11.938844457466171;10.754887502163468;12.80996904717615;13.303067213842914;14.176874375344823;12.107870914279614;12.312599378862627;13.45211251457386;12.56271942704932;12.19075064966236;12.26209484537018;12.255618749839597;14.371572474933018;11.960364008877834;12.324180546618742;11.055282435501187;12.43905168059173;14.755826451133084;14.173989374166537;12.483815777264256;13.047805554007589;13.481547190203289;11.88760142450871;11.65284497300198;13.922770209274663;12.137951734715358;11.386940245324311;12.0003521774803;15.259596162488425;12.368233611380942;11.971902746045467;11.373952655370193;14.291026768056126;11.325867580575418;10.382624026574916;12.445014845868425;14.29117069932186;12.96108788999733
11.019194602966309;10.111865997314451;11.384275436401367;11.436559677124023;11.436837196350098;11.307255744934082;11.407685279846191;9.986856460571287;11.072860717773438;11.433671951293944;11.435757637023926;11.41043758392334;9.571981430053713;9.57030963897705;9.570298194885254;11.436676025390623;9.570301055908203;9.570321083068848;11.40015697479248;11.054937362670898;9.571981430053713;11.052536010742188;10.861124992370604;11.436882972717283;11.377962112426758;9.570775985717772;10.167234420776367;9.579046249389648;9.852523803710938;10.78507137298584;10.07101821899414;10.54246425628662;11.417055130004885;11.432031631469728;11.072860717773438;9.90939235687256;11.436290740966797;9.570542335510254;11.369077682495115;9.571981430053713;11.435466766357422;9.573773384094238;9.743851661682127;9.644131660461426;11.39062786102295;10.96107006072998;11.132858276367188;9.570618629455566;11.242198944091797;11.255817413330078;11.43000030517578;11.072860717773438;9.585317611694336;11.384275436401367;9.571981430053713;9.782605171203612;11.367669105529783;11.237651824951172;10.860644340515137;10.766528908598865;9.815383295813538;10.93147623388679;12.389900172773064;10.74819284958946;10.543031820255235;11.184255495405347;10.681238411777803;10.22881869049588;11.41256984680521;10.879583249612784;12.037890085142507;11.488844346457336;10.41256984680521;10.14210705730255;10.967226258835993;11.91737207947684;11.850577547205614;10.468624042918018;12.04507705193494;11.962173031109709;10.578372691360803;10.473705749619416;11.74104557700984;11.080151309614088;10.595257481449035;10.398743691938192;10.88340698638837;10.53818893205242;10.759888183221834;11.145295334933598;11.032734528586714;10.582141981658776;12.1373113907009;10.773963368433558;10.400879436282183;10.269126679149418;9.98584193700334;11.04507705193494;11.113742166049189;10.91139198784346;11.80292019858527;10.73893668167614;10.758223214726724;11.020285500844649;11.62113611327464;11.879200317947392;11.07815080773465;11.469133019829592;11.627989784315703;11.778487861222372;10.448116305409464;10.620219825507489;12.491352073563435;10.589651146514786;10.477758266443889;10.668884984266247;10.970824901362615;10.386940245324311
2.847042798995972;4.841262340545654;1.2969688177108765;1.2508975267410278;4.814425945281982;4.309479236602783;4.823687553405762;4.833753108978272;3.521025896072388;4.841054916381836;1.2294659614562988;4.352207660675049;4.331117630004883;2.7925596237182617;1.226833701133728;4.720434665679932;1.2454777956008911;1.4211639165878296;4.833334922790527;4.514614105224609;4.331117630004883;1.2270886898040771;2.2198007106781006;4.83905029296875;4.841268062591553;1.2452083826065063;1.2289317846298218;1.2271422147750854;3.443220615386963;1.2402842044830322;3.2389473915100098;1.2268552780151367;2.508155584335327;4.352301120758057;3.521025896072388;4.4859700202941895;4.819622039794922;4.800193786621094;1.226903200149536;4.331117630004883;3.6949615478515625;3.2844676971435547;1.3809154033660889;1.2268342971801758;4.808696269989014;4.838481903076172;1.4183138608932495;4.800508499145508;2.882719039916992;1.2270865440368652;1.9558128118515012;3.521025896072388;3.340739250183105;1.2969688177108765;4.331117630004883;1.929541826248169;4.818040370941162;4.780898094177246;1.424740195274353;2.0;0.0;0.0;2.584962500721156;0.0;1.0;4.169925001442312;2.321928094887362;0.0;1.0;1.0;1.584962500721156;3.906890595608519;1.584962500721156;1.584962500721156;1.0;1.0;1.0;0.0;1.0;3.700439718141092;1.584962500721156;0.0;1.0;0.0;1.584962500721156;1.0;1.0;2.0;0.0;1.0;0.0;0.0;1.0;1.0;0.0;0.0;1.0;4.0;3.807354922057604;2.807354922057604;0.0;0.0;2.0;2.0;2.0;0.0;1.584962500721156;2.0;0.0;1.0;1.0;1.0;2.0;3.321928094887362;2.321928094887362;1.584962500721156;2.321928094887362;1.0
12.536831855773926;12.713179588317873;12.89901351928711;12.948896408081056;12.917749404907228;12.96245002746582;11.591382026672363;12.812271118164062;12.469781875610352;11.903581619262695;12.948902130126951;12.793816566467283;11.267289161682127;11.207813262939451;11.20686149597168;12.99972438812256;11.4052734375;11.363757133483888;12.991519927978516;12.946541786193848;11.267289161682127;12.873562812805176;12.906438827514648;12.960885047912598;12.797192573547363;11.331167221069336;11.279396057128906;12.96814250946045;11.217379570007324;12.103497505187988;12.895806312561035;11.208821296691896;11.758313179016112;12.918905258178713;12.469781875610352;11.470718383789062;11.587087631225586;11.214993476867676;12.67927074432373;11.267289161682127;11.231179237365724;12.015021324157717;11.6535005569458;13.008499145507812;11.571863174438477;11.952505111694336;11.2219877243042;11.542754173278809;12.758182525634766;11.54987335205078;12.527668952941896;12.469781875610352;12.885828018188477;12.89901351928711;11.267289161682127;12.214414596557615;12.015356063842772;12.929693222045898;12.831451416015623;11.128638812852598;10.01262453886506;11.474212937193943;12.557942286787448;11.746094383705463;11.395534135462302;11.68650052718322;11.541096615349524;11.34207466799914;12.13699111208023;11.204571144249204;12.570567288872004;12.47294463377961;11.189824558880018;11.358651200892886;11.51175265376738;12.728983369988049;12.84764464308332;11.106562940444883;12.75676478940414;12.659326997414103;11.108524456778168;11.032045726930807;12.282219695672588;12.144020869266893;11.35149140932002;11.10459875356437;11.430975172588068;11.439311461818846;11.158609688214478;11.810973220002165;11.23661220021575;10.935165049603697;12.919608238603251;11.29117069932186;11.371776644337924;11.356451970221755;11.070791809423062;11.481799431665753;11.350386742312844;11.5401280385821;12.278159031437236;11.341518823245243;10.987974524296153;11.65687172561398;12.085804380278086;12.29232163280204;11.363587246524578;11.957827560833744;12.42600261332936;11.752798758435516;11.151650829973422;11.207624468226758;12.638888382252262;11.220982851081777;11.11309098344238;10.997885127829113;11.571278618514595;11.251482410620213
9.400012016296388;10.587180137634276;7.668349742889404;10.656404495239258;8.434255599975586;10.770100593566896;8.010905265808105;10.777606964111328;7.659153461456299;7.836397171020508;10.777612686157228;8.187235832214355;10.63184642791748;7.662747383117676;7.656623363494873;10.77707576751709;10.63675594329834;10.512287139892578;10.7772216796875;7.65671968460083;10.63184642791748;10.435072898864746;10.506439208984377;10.731922149658203;9.230475425720217;10.714035034179688;7.661924362182617;7.815372943878174;7.656773090362549;10.661751747131348;10.777385711669922;7.7453293800354;10.643231391906738;10.776606559753418;7.659153461456299;7.656637668609619;7.6927313804626465;7.657023429870605;8.147160530090332;10.63184642791748;7.657141208648682;7.656904220581055;7.667048931121826;10.777419090270996;7.657310962677002;7.656582355499268;7.70329475402832;7.979048728942871;9.0474271774292;7.659314155578613;8.09096622467041;7.659153461456299;7.666421890258789;7.668349742889404;10.63184642791748;8.353827476501465;10.314173698425291;10.761748313903809;8.15693473815918;7.679480099505446;7.857980995127572;7.118941072723508;9.73809225962049;8.74819284958946;9.857980995127573;8.507794640198696;8.348728154231077;8.405141463136344;9.1006623390052;7.577428828035749;9.995767150877802;8.459431618637296;9.204571144249204;8.543031820255237;9.321928094887362;9.207014320177532;10.01262453886506;9.105908508571158;9.661778097771988;10.355351096424812;8.46352437327118;6.7414669864011465;7.918863237274595;9.290018846932618;7.515699838284043;7.219168520462161;6.658211482751795;8.29920801838728;8.060695931687555;9.436711542137214;9.207014320177532;7.665335917185176;10.038918989292302;8.179909090014934;8.618385502258606;8.933690654952233;7.78135971352466;10.302638923787551;8.491853096329674;8.546894459887637;8.071462362556623;8.154818109052105;7.366322214245816;8.618385502258606;9.419960177847887;9.717676423066395;7.870364719583405;9.840777923595054;8.238404739325079;8.238404739325079;8.31741261376487;9.271463027904376;8.89178370321831;7.409390936137702;7.839203788096944;7.076815597050831;9.240791332161956;8.807354922057604
12.824400901794434;12.766769409179688;12.87355899810791;11.641154289245604;12.84008502960205;12.828149795532228;11.697423934936523;12.880149841308594;12.093098640441896;11.558216094970703;12.746829986572266;12.022845268249512;11.564896583557127;11.557830810546877;11.557826042175291;12.286663055419922;11.557965278625488;12.777059555053713;12.811575889587402;12.846988677978516;11.564896583557127;12.858171463012695;11.746891021728516;12.80410385131836;11.569833755493164;11.55921459197998;11.609760284423828;11.59139633178711;11.558988571166992;11.596388816833496;12.882962226867676;11.56531047821045;12.788119316101074;12.677640914916992;12.093098640441896;11.942445755004885;11.717474937438965;11.557859420776367;12.847393989562988;11.564896583557127;11.786001205444336;11.605000495910645;11.727612495422363;12.88316822052002;11.866755485534668;11.670528411865234;11.55785083770752;11.565293312072754;11.562192916870115;12.822487831115724;12.867115020751951;12.093098640441896;12.662944793701172;12.87355899810791;11.564896583557127;11.562244415283203;12.776962280273438;12.869551658630373;12.816638946533203;11.350386742312844;11.004220466318197;11.50481898763284;12.954741580960002;12.015066533230293;11.710806433699352;12.410716333604269;11.647908074281808;11.292896755409172;12.324743110494415;11.624338545312986;12.79603960882977;12.762382038710392;11.760304125286382;11.7710767402628;11.919980595048962;12.837825009196694;12.731955373771934;11.382624026574916;12.578608560737752;13.161919165427248;11.390168956200185;11.10000522442272;12.36932470240734;11.965784284662089;11.777666280880757;11.795227966028678;11.743572188935634;12.039947160169094;11.739358707433396;11.97333862080036;11.760719947465624;11.522091068887065;12.660218788535618;11.588714635582264;11.28424574982967;11.651948610723446;11.434628227636724;12.276124405274238;12.152284842306582;11.937005926516589;12.071797522284209;11.81016993766466;11.743572188935634;11.533329732305834;12.630722162103838;12.689779629377275;11.71295682169755;12.467605550082997;12.36139553316589;11.929998062609029;11.422064766172811;11.729195859132094;12.735556023911537;11.582141981658776;11.382083590141969;11.584962500721156;11.921097088106793;11.846273911349906
10.582547187805176;10.003546714782717;8.923187255859375;8.912134170532227;9.01789093017578;9.921798706054688;9.651596069335938;10.231082916259766;9.590460777282717;8.944145202636719;8.90701675415039;9.077265739440918;9.499271392822266;8.92110824584961;8.90701675415039;8.90720272064209;8.988743782043457;8.925480842590332;9.117027282714844;10.60973072052002;9.499271392822266;8.909634590148926;8.996308326721191;9.067030906677246;10.44977569580078;8.910711288452148;10.40829086303711;8.908068656921387;8.938587188720703;8.908020973205566;9.062006950378418;8.907069206237793;8.938169479370117;10.609735488891602;9.590460777282717;8.9335355758667;9.427533149719238;9.220332145690918;9.063701629638672;9.499271392822266;8.90794563293457;9.433477401733398;10.589778900146484;10.609837532043455;9.057456970214844;10.60004425048828;8.922513008117676;10.608242988586426;9.061203002929688;10.057598114013672;9.341357231140137;9.590460777282717;10.60524559020996;8.923187255859375;9.499271392822266;10.364837646484377;10.497615814208984;10.609801292419434;10.542865753173828;8.842350343413807;8.661778097771988;8.888743248898258;10.480790201095816;9.73809225962049;9.257387842692651;9.187352073200495;9.111135670234708;8.45532722030456;9.804131021183318;9.131856960608792;10.372865060112588;10.193525360501216;9.409390936137704;9.285402218862249;9.348728154231075;10.285402218862249;10.60917873814198;8.714245517666123;10.417852514885896;10.568906154502084;8.994353436858859;8.661778097771988;9.65642486327778;9.409390936137704;9.659995892429976;9.124121311829189;9.027905996569883;9.471675214392045;8.948367231584678;8.696967526234287;8.945443836377912;9.134426320220928;11.222191138456331;8.842350343413807;8.90388184573618;9.330916878114618;8.968666793195208;9.731319031025064;9.586839787961829;9.821773981970567;9.878050912728536;9.41574176829009;8.679480099505446;9.20212382383046;10.24436383512051;10.059344460824423;8.951284714966972;9.946906274456396;9.59245703726808;9.94251450533924;9.269126679149418;9.192292814470768;10.30720080914081;9.0;8.76487159073609;9.014020470314934;9.930737337562888;9.285402218862249
12.555173873901367;11.611226081848145;12.441429138183594;10.86574935913086;11.962997436523438;12.557402610778809;10.760653495788574;12.558303833007812;11.781773567199709;10.746586799621582;12.55800437927246;10.770404815673828;10.903094291687012;10.75036907196045;10.746663093566896;12.555899620056152;10.78544807434082;12.557893753051758;12.189270973205566;12.541009902954102;10.903094291687012;12.556983947753906;11.855802536010742;10.783676147460938;10.746588706970217;12.190622329711914;12.511885643005373;11.490397453308104;10.746685981750488;10.747000694274902;12.558366775512695;10.762361526489258;10.783931732177734;11.78305435180664;11.781773567199709;12.554193496704102;10.747491836547852;10.758800506591797;10.769771575927734;10.903094291687012;12.555669784545898;12.096635818481444;11.232494354248049;12.558366775512695;10.747005462646484;10.762895584106444;10.746705055236816;10.763711929321287;10.747092247009276;12.438276290893556;12.558361053466797;11.781773567199709;10.855731010437012;12.441429138183594;10.903094291687012;10.747610092163086;12.545639038085938;12.28498363494873;12.53454303741455;10.079484783826816;10.827342704234116;10.34318571544788;11.932214751968385;10.4797802640291;10.852529509404196;11.675074920385445;10.393390457443989;10.159871336778387;10.790348496751914;10.395534135462302;11.405673332281866;11.532842910961282;10.972261848733291;10.488844346457336;10.919608238603251;11.407798850221974;11.341518823245243;10.336506559810257;11.228217442293436;11.651051691178928;10.414685235807214;10.505811553919594;10.94104760634058;10.978710459106358;10.637530551525307;10.61378946447258;10.693486957499324;11.031356596255709;10.7431513941125;10.51668494930961;10.586839787961829;10.543031820255235;11.756973226165448;10.561287945164828;10.230020435705637;10.517669388133813;10.346513733165636;11.521109643651332;11.243173983472952;10.330916878114618;10.69522829149575;10.923327485419192;10.81698362325538;10.227615943414223;11.632995197142955;11.813781191217036;10.635718120331047;11.1006623390052;10.82097669262124;10.606405212697783;10.3151495622563;10.535275376620802;11.784225860426252;10.535275376620802;9.847057346091336;10.674192268145683;10.80896417491926;10.814582465906277
10.530763626098633;10.892516136169434;9.67973804473877;9.206655502319336;10.892289161682127;9.20594882965088;9.399991989135742;10.852323532104492;9.202919960021973;9.19963264465332;10.891304969787598;9.246702194213867;9.21109390258789;9.20024871826172;9.199610710144045;10.289402961730955;9.199623107910156;10.662983894348145;10.638940811157228;10.037589073181152;9.21109390258789;9.510028839111328;9.204142570495604;10.881595611572266;9.550420761108398;9.199660301208496;10.741055488586426;9.199758529663086;9.203174591064451;9.199642181396484;10.893754005432127;9.524426460266112;9.311020851135254;10.894168853759766;9.202919960021973;10.602778434753418;9.200408935546877;9.35983943939209;10.43680477142334;9.21109390258789;9.65479564666748;10.838873863220217;9.894279479980469;10.894078254699709;9.20089054107666;9.316765785217283;10.310470581054688;10.572190284729004;9.41728973388672;9.30781078338623;10.682488441467283;9.202919960021973;9.56898021697998;9.67973804473877;9.21109390258789;9.518043518066406;10.891104698181152;10.891054153442385;10.821596145629885;9.99859042974533;9.030667136246942;9.651051691178928;10.824958740528524;10.632995197142955;9.162391328756906;9.20212382383046;9.7714894695006;9.326429487122304;9.799281621521924;10.0;10.878817284614229;10.469641817239516;9.084808387804362;9.544964432789238;9.778077129535358;10.489847960439295;10.46454575033394;9.625708843064466;10.707359132080883;10.866506212226202;9.116343961237469;9.269126679149418;10.460455896309636;9.871905237659186;9.988684686772164;9.823367240046236;9.350939181546432;9.29920801838728;9.381542951184583;9.909893083770042;9.333155350310616;9.319672120946995;11.043710863347156;9.554588851677638;9.076815597050832;8.912889336229961;9.321928094887362;9.702172685365548;9.523561956057012;10.413627929024171;10.338736382573916;9.491853096329674;9.497851836951115;9.894817763307945;10.967946705812707;10.498849206531723;9.717676423066395;10.4231159101471;9.995767150877802;10.25502856981873;9.157346935362844;9.60917873814198;10.271463027904376;9.45532722030456;9.30149619498255;9.787902559391432;9.845490050944376;9.62935662007961
12.609127044677734;11.91777229309082;10.764147758483888;10.65421199798584;10.657140731811523;12.779939651489258;12.773078918457031;12.73464584350586;11.82703685760498;10.654095649719238;10.654353141784668;12.632559776306152;10.673378944396973;12.067169189453123;10.664481163024902;10.702699661254885;10.65478801727295;11.169175148010254;10.69320011138916;11.563554763793944;10.673378944396973;12.513712882995604;10.6883544921875;10.663293838500977;12.684514045715332;10.656679153442385;12.779624938964844;10.65516185760498;12.527048110961914;10.654821395874023;12.672741889953612;12.690908432006836;12.613844871520996;12.777883529663086;11.82703685760498;12.704269409179688;10.654356002807615;12.336270332336426;12.767913818359377;10.673378944396973;11.565701484680176;12.769588470458984;12.773877143859863;12.78196144104004;10.656038284301758;10.92428970336914;11.268077850341797;12.706009864807127;10.704264640808104;12.770219802856444;12.779644966125488;11.82703685760498;12.575952529907228;10.764147758483888;10.673378944396973;10.687895774841309;11.958731651306152;12.551118850708008;12.76841640472412;9.831307243802051;9.26209484537018;10.4757334309664;11.475226777742266;10.709083812550343;10.234817431117325;10.51865315567339;10.24198314969433;10.1331422124006;11.040974598817304;10.263269200372662;11.4797802640291;11.004220466318197;11.359200485133632;11.151016538892248;10.32755264408124;11.834075953434883;11.733862719678545;10.43149760425805;11.839597483021176;11.27786854617684;9.873444112515376;10.904634621668151;11.428883552010191;11.705200378063116;10.982280604558284;10.19598729802851;10.4189067312579;10.18239435340453;10.151016538892248;10.812177305514448;10.30720080914081;10.088788238716909;11.674633661767269;10.226412192788786;10.934428040626804;10.072802534544207;9.992938336165814;10.30149619498255;10.57553924683453;10.580258567499788;11.38424412224308;10.323054760341646;10.352043425795433;10.773963368433558;10.923327485419192;11.147840893672337;10.00562454919388;10.642954223480332;11.116343961237469;10.276124405274238;9.726218159332198;9.946906274456396;11.3157156580222;10.018200178813226;9.85642552862553;9.933690654952231;10.1357092861044;9.926295994781112
6.405848026275635;7.511158943176269;6.045210838317871;6.0574822425842285;6.051185607910156;9.213136672973633;9.937827110290527;9.915056228637695;6.049245834350586;9.937826156616213;6.047848701477051;6.04387092590332;6.044524669647217;6.094871044158936;8.390316009521484;6.055799961090088;6.116574287414551;6.297785758972168;7.86346435546875;8.994328498840332;6.044524669647217;6.052460193634033;6.047071933746338;6.348664283752441;9.926031112670898;6.199703216552734;8.651938438415527;6.042518615722656;9.937308311462402;6.05229377746582;9.38672161102295;6.655459403991699;9.14335823059082;9.937840461730955;6.049245834350586;6.361804962158203;9.264518737792969;6.122286319732666;7.218461990356445;6.044524669647217;6.314896106719971;6.114638328552246;7.405335426330566;9.935956954956056;9.607270240783691;9.919891357421877;9.812780380249023;9.636512756347656;6.042799949645996;6.054050922393799;6.164364814758301;6.049245834350586;8.348250389099121;6.045210838317871;6.044524669647217;6.046329498291016;8.445393562316895;9.906045913696287;6.418610572814941;5.523561956057013;5.954196310386875;6.066089190457772;6.954196310386875;6.906890595608519;5.285402218862249;6.129283016944966;6.7414669864011465;6.189824558880018;6.066089190457772;6.357552004618084;6.303780748177103;6.614709844115208;4.459431618637297;4.754887502163468;7.303780748177103;5.321928094887363;6.523561956057013;5.882643049361842;6.832890014164741;5.727920454563199;6.7414669864011465;4.906890595608519;5.087462841250339;6.475733430966398;5.807354922057604;7.426264754702098;6.727920454563199;6.285402218862249;5.087462841250339;6.965784284662087;6.266786540694901;4.584962500721156;7.285402218862249;5.321928094887363;6.918863237274595;5.554588851677638;6.599912842187128;6.357552004618084;6.108524456778169;5.754887502163468;6.459431618637297;4.954196310386875;6.807354922057604;6.6293566200796095;8.103287808412022;6.554588851677638;4.754887502163468;6.321928094887363;6.169925001442312;6.906890595608519;4.954196310386875;4.857980995127572;7.761551232444479;5.247927513443585;5.20945336562895;6.7414669864011465;7.417852514885898;5.0
11.769704818725586;10.200833320617676;11.824824333190918;10.931266784667969;10.360220909118652;11.807210922241213;10.810178756713867;11.814417839050291;11.743873596191406;10.200831413269045;10.202007293701172;10.575165748596191;10.231797218322754;10.20104694366455;10.20192527770996;10.43891716003418;10.200936317443848;10.266971588134766;10.200947761535645;11.73008918762207;10.231797218322754;11.820918083190918;10.439101219177246;10.302993774414062;10.200923919677734;10.20684051513672;11.68709659576416;10.246499061584473;10.242379188537598;10.207152366638184;11.802542686462402;11.633780479431152;11.793584823608398;10.63071632385254;11.743873596191406;10.374226570129396;10.76789665222168;10.200833320617676;11.831398963928224;10.231797218322754;11.826340675354004;10.248567581176758;11.32579231262207;11.831499099731444;10.41098403930664;10.206636428833008;10.20168685913086;10.208762168884276;10.201536178588867;11.831293106079102;11.831456184387209;11.743873596191406;11.78482151031494;11.824824333190918;10.231797218322754;10.203897476196287;11.801538467407228;11.82529354095459;11.823246002197266;10.213104219641906;10.89633240390994;10.746514321138465;12.388017285345136;10.830515206976838;11.006326078524934;11.50332885662666;10.496853777388042;10.79766152585376;11.333155350310616;10.679480099505446;11.706496018061188;11.43879185257826;11.3297963382207;11.08746284125034;10.79197682089869;12.133784409179908;11.659103963473662;10.901621158346112;11.649256177517314;12.275251543470327;10.491853096329674;10.660887270302569;11.318542809702723;11.841957399099549;11.03960451795376;11.12347479824414;11.207624468226758;11.1879705919842;10.72451385311995;11.3151495622563;10.456354415108288;11.003517912108602;11.709083812550343;11.041659151637214;11.106562940444883;10.350939181546432;10.332036548361652;11.58261245126702;11.60130652612184;10.699572453287267;11.055282435501187;11.225207436943505;11.470658874060552;10.34318571544788;11.841957399099549;12.225809940623543;10.97656412341533;11.595723694101627;11.138911718142744;10.80332391904149;10.561287945164828;10.977279923499916;11.587308728333545;10.79603960882977;10.161131882984307;11.215532999745657;10.878817284614229;10.918863237274596
11.017803192138672;11.349685668945312;11.418132781982422;11.380650520324709;11.401833534240724;9.92594051361084;10.661046028137209;10.634800910949709;10.7410306930542;11.418071746826172;11.234681129455566;9.87571620941162;9.833610534667969;9.831588745117188;9.83163070678711;10.486525535583496;9.831674575805664;9.846077919006348;11.366615295410156;11.416462898254396;9.833610534667969;11.35377311706543;9.835344314575195;11.36740016937256;11.278942108154297;9.831603050231934;9.94681167602539;9.842671394348145;11.38608741760254;9.890266418457031;11.325862884521484;9.940211296081545;11.33796215057373;11.40593719482422;10.7410306930542;9.936473846435549;11.417387008666992;9.832993507385254;11.41739559173584;9.833610534667969;11.043851852416992;9.83420181274414;10.963261604309082;11.41795253753662;11.418072700500488;11.417346000671388;10.508666038513184;9.832845687866213;9.866190910339355;11.41786003112793;11.311059951782228;10.7410306930542;10.99661922454834;11.418132781982422;9.833610534667969;9.84433937072754;11.283726692199709;11.2404203414917;10.031098365783691;9.850186837645774;9.159871336778387;10.181152256865566;11.800090987624994;10.570804437724496;10.121533517340032;10.490850876740298;10.153552031708111;9.968666793195208;10.71338651493703;9.99859042974533;11.3297963382207;11.400879436282183;9.459431618637296;9.4797802640291;10.583082767502932;11.576956664706092;11.47826403158172;9.303780748177102;10.887982133058454;11.90839262077375;10.360847084179664;9.537218400538595;10.922584402713664;9.754887502163468;9.818582177480858;10.687375683437468;10.71853287606922;10.597121428789569;10.4757334309664;10.555547771647063;10.608254821977908;10.233619676759702;10.929258408636972;10.634811050171718;9.63117705570398;10.290018846932618;10.08746284125034;10.508785162064513;10.368506461507693;10.43567026093655;10.573647187493322;10.690871009292314;10.740624044489412;10.347621368568134;11.128638812852598;11.46352437327118;10.494855584491198;11.367414751246828;10.90312867681232;10.43149760425805;9.845490050944376;10.355351096424812;11.345405246717796;10.35974956032233;10.148476582178278;10.33427328530719;10.650154213675094;10.406205005418856
10.349933624267578;10.29310417175293;12.427289962768556;10.436738014221191;10.302759170532228;10.293686866760254;12.3220796585083;11.957242965698242;10.602872848510742;10.302082061767578;10.52799129486084;10.29448413848877;10.308797836303713;10.329201698303224;10.335097312927246;10.292675018310549;10.293462753295898;12.364306449890137;10.292534828186035;12.376662254333496;10.308797836303713;12.296845436096191;10.309370994567873;10.293268203735352;10.38715362548828;10.295785903930664;12.447938919067385;10.319125175476074;12.445003509521484;10.321974754333496;11.695771217346191;12.447993278503418;11.084514617919922;12.449110984802246;10.602872848510742;12.250816345214844;10.979979515075684;11.716509819030762;12.448883056640623;10.308797836303713;10.363059997558594;12.42771816253662;12.44789981842041;12.448678970336914;12.227027893066406;12.423626899719238;12.43699550628662;12.390490531921388;10.295811653137209;12.445733070373535;11.07793426513672;10.602872848510742;12.440777778625488;12.427289962768556;10.308797836303713;10.707233428955078;11.337966918945312;12.404441833496094;12.322936058044434;10.338736382573916;9.372865060112588;10.603626344986193;11.627533884472792;11.014020470314934;10.224001674198105;10.257387842692651;10.719388820942084;10.488844346457336;11.131856960608792;10.30720080914081;11.65687172561398;11.437752072323605;10.214319120800766;10.203348002979762;10.524541715035848;12.043027283594547;11.748612176736982;10.015415052386688;11.354800344350595;11.714245517666123;10.295768934420508;10.346513733165636;11.591522346570734;10.840777923595054;10.66266837551754;10.294620748891628;10.696098170955864;10.24436383512051;10.498849206531723;10.668884984266247;10.321928094887362;10.215532999745657;11.320800548881635;10.599912842187129;10.498849206531723;10.213104219641906;10.257387842692651;10.502831804066744;10.671541066711884;11.036860446673046;11.634811050171718;10.41679752760606;10.358651200892886;10.644757592516257;11.405673332281866;11.37232095486726;10.499845887083206;11.040289721025715;10.787902559391432;10.717676423066395;10.20945336562895;10.080817527608328;11.303209948944776;10.183635381473218;10.283088353024002;10.109830654278792;10.108524456778168;10.030667136246942
12.520349502563477;13.76992416381836;14.898444175720217;12.466041564941406;12.514089584350586;14.793999671936035;14.88906478881836;14.299516677856444;13.376282691955566;13.173089981079102;12.557340621948242;12.891507148742676;12.475659370422363;12.477038383483888;12.540669441223145;12.467589378356934;12.465999603271484;12.469122886657717;12.465181350708008;13.365612983703612;12.475659370422363;14.89836311340332;12.515448570251465;14.847092628479004;14.896099090576172;12.465169906616213;14.876748085021973;12.472845077514648;14.893214225769045;14.635161399841309;13.494487762451172;14.35124683380127;14.898457527160645;14.754899978637695;13.376282691955566;12.490117073059082;14.387468338012695;12.493163108825684;14.89852237701416;12.475659370422363;12.502311706542969;12.483498573303224;14.897729873657228;14.898233413696287;14.894920349121094;14.772619247436523;12.540059089660645;14.859130859375;12.747666358947754;14.89853572845459;13.025887489318848;13.376282691955566;14.898248672485352;14.898444175720217;12.475659370422363;12.465005874633787;12.488787651062012;14.241166114807127;14.869664192199709;12.026177596889225;11.210671343785622;12.528698283574188;13.81277897162766;13.198751965193736;12.61378946447258;12.138911718142744;12.19567978549598;12.103615656394544;13.241685287601625;11.99929538702341;13.695445810537382;13.947636937951827;11.42783660345852;12.380731612682997;12.727707777472686;13.863411958941638;13.601654736841796;11.510269670898175;13.228217442293436;14.20876780077178;12.098361127332096;11.789941128390916;13.394328708537234;12.16867211813223;12.095397022792556;12.34179677239183;12.552188759557149;12.858952310750938;12.536732889835417;12.727282329212189;12.4542992936199;12.283377789285558;12.911953675621971;12.498849206531723;11.26502894245816;13.066761932386909;12.073137383110383;12.812177305514448;12.102631888854969;13.466713778648694;12.879391796485187;12.3437409184722;12.416269744523207;12.12023787734196;13.191521938128146;13.622852585863663;12.884170519108435;13.488844346457336;13.302781701267095;12.168358727223886;12.12023787734196;12.452241240430816;12.98655314975666;12.351215321855609;12.154501693864765;11.968666793195208;12.50928016808786;12.588480412829758
13.004304885864258;13.62886905670166;13.577454566955566;11.86841106414795;11.99952220916748;12.46989631652832;12.76004409790039;12.055018424987791;11.911892890930176;13.597797393798828;11.880465507507324;12.15663719177246;11.86574935913086;11.85205078125;11.825997352600098;11.944337844848633;12.014101028442385;11.826444625854492;13.1559476852417;13.5801362991333;11.86574935913086;12.309494018554688;11.894746780395508;13.54964828491211;13.64281940460205;11.827221870422363;13.37595558166504;12.234148025512695;13.55755615234375;12.016525268554688;12.059934616088867;11.836400985717772;12.381976127624512;13.64219570159912;11.911892890930176;11.844036102294922;12.092443466186523;12.739893913269045;13.641167640686035;11.86574935913086;11.82758903503418;12.23980712890625;13.641489028930664;13.64286994934082;13.434536933898926;13.63392162322998;12.320816040039062;13.629741668701172;13.478514671325684;13.64128303527832;12.305253028869627;11.911892890930176;13.641467094421388;13.577454566955566;11.86574935913086;11.888428688049316;12.263660430908203;13.602021217346191;12.607783317565918;11.912515144802397;11.270879295328784;12.407267764244732;13.646446206154732;12.671098725748465;12.293759009667864;12.861086905995396;12.373408960228696;12.26209484537018;13.032390168866524;12.0515488384404;13.327131562682846;13.192909219112012;12.073806847178492;12.11178773580101;12.552188759557149;13.603394530887376;13.66622400280318;12.01227534485612;13.376396751082842;13.36796070964157;12.066425600635556;11.852919585123995;13.07112712494831;12.882260929099804;12.346790721750702;12.310896748797711;12.55434902206344;12.515699838284045;12.233020426474496;12.796242448203165;12.51051694059471;12.02997734658958;13.332596057789214;12.263269200372662;12.070120944476823;12.335948565202298;12.075813377461454;12.59245703726808;12.344018439881326;12.091765938516804;12.786678033890652;12.488593333835407;12.319672120946995;12.371232128369622;12.76983784362944;13.34568244818678;12.200285605224298;12.86785786397283;13.33343491528405;12.323899182397296;12.05697633617822;12.249409785269128;13.537582426371948;12.200592137689254;12.08214904135387;11.977995368612962;12.465311308877183;12.127671967038982
5.012951374053955;4.67446231842041;2.502678394317627;6.445038795471191;4.226553440093994;2.316802740097046;2.548842191696167;3.329309463500977;2.341981887817383;5.367473602294922;6.627486705780029;2.319936513900757;2.3647711277008057;2.316887617111206;2.3168394565582275;2.3301947116851807;2.318523645401001;6.591353416442871;3.0024755001068115;6.621178150177002;2.3647711277008057;3.205216884613037;2.3264100551605225;2.344313144683838;5.107736587524414;2.3215816020965576;6.626501083374023;2.3168976306915283;5.361217021942139;2.3310649394989014;2.6039321422576904;6.6030707359313965;2.5720245838165283;6.630938529968262;2.341981887817383;2.3425681591033936;5.955665588378906;5.786431312561035;6.625836372375488;2.3647711277008057;2.320849657058716;3.694589376449585;6.625148773193359;6.630807876586914;3.2481961250305176;6.628525257110596;6.630819797515869;5.225428581237793;2.4082162380218506;6.563081741333008;2.345404148101806;2.341981887817383;3.295609712600708;2.502678394317627;2.3647711277008057;6.626649856567383;5.132549285888672;6.600343704223633;3.1953237056732178;5.727920454563199;7.467605550082998;8.294620748891628;9.019590728357882;7.977279923499917;8.768184324776927;7.483815777264256;6.882643049361842;8.422064766172813;9.65284497300198;7.312882955284356;8.366322214245816;7.977279923499917;8.577428828035748;7.679480099505446;7.076815597050831;9.558420713268664;8.558420713268664;8.228818690495881;8.379378367071261;9.640244936222343;7.276124405274237;7.442943495848728;8.266786540694902;8.154818109052105;7.294620748891627;8.459431618637296;8.422064766172813;7.60733031374961;6.357552004618084;8.43879185257826;6.700439718141092;7.577428828035749;8.194756854422248;7.108524456778169;7.0;6.614709844115208;6.6293566200796095;7.179909090014935;8.980139577639157;5.727920454563199;8.257387842692651;8.092757140919852;8.252665432450248;7.636624620543649;9.019590728357882;9.344295907915816;7.330916878114617;8.810571634741146;9.121533517340032;7.348728154231077;6.3750394313469245;7.108524456778169;6.459431618637297;8.326429487122303;7.614709844115208;7.721099188707186;7.366322214245816;7.924812503605781
13.264617919921877;13.33600616455078;11.729100227355955;11.663866996765137;12.965325355529783;12.794461250305176;13.238524436950684;12.11136245727539;11.66264533996582;13.368280410766602;13.004369735717772;11.727084159851074;11.657110214233398;11.661558151245115;12.623169898986816;12.8975191116333;11.65552806854248;12.08743667602539;12.636795997619627;13.361716270446776;11.657110214233398;11.68607234954834;11.657331466674805;12.525347709655762;13.065658569335938;11.66322135925293;13.369122505187988;11.65553379058838;13.107182502746582;11.655889511108398;12.0459623336792;13.369521141052246;11.98333740234375;13.369939804077148;11.66264533996582;13.100896835327148;11.845325469970703;13.254271507263184;13.17433261871338;11.657110214233398;13.369563102722168;11.746535301208496;13.368332862854004;13.3670015335083;11.75874137878418;13.36940097808838;13.147541046142578;11.657388687133787;11.656314849853516;13.369693756103516;13.36502456665039;11.66264533996582;11.659045219421388;11.729100227355955;11.657110214233398;11.656278610229492;13.261603355407717;11.982717514038086;11.685105323791504;11.480285320936373;11.040289721025715;11.482303782323182;13.127994320976391;12.206403913973848;11.240195053979924;12.59269061535341;11.831307243802051;10.83368074865474;11.746934136372298;11.847448903982432;12.61171646094388;12.643630751061728;10.90312867681232;11.147204924942228;12.295481973695368;12.269126679149418;12.779924501967908;10.824958740528524;12.554109152574004;12.44475608969503;11.88760142450871;10.847057346091336;12.13859179463752;11.519636252843211;11.851749041416058;11.279610581052484;11.843528534611089;11.706496018061188;11.3009244909763;11.804534402995223;11.3297963382207;11.480285320936373;12.901809684323627;11.684748620421626;10.935901682267588;11.326991174900815;11.66622400280318;12.191676146352428;11.792790294301064;11.25915476886684;12.01017840402054;11.706496018061188;11.752380646552892;11.914758838941856;12.960545013211664;12.416269744523207;11.65954999687987;12.072132604167232;11.70173963867435;13.105744854207543;11.572226512793694;11.559377090526684;13.253256579781151;11.1357092861044;11.10000522442272;11.806146803320525;12.2940463132715;11.076147528022505
11.908798217773438;11.753082275390623;11.913874626159668;11.921398162841797;11.924874305725098;10.1331205368042;10.134147644042969;10.361001968383787;10.207744598388672;10.302978515625;11.924894332885742;11.060582160949709;10.403494834899902;10.125273704528809;10.136308670043944;11.922645568847656;10.12494659423828;10.159340858459473;11.905816078186035;10.727239608764648;10.403494834899902;11.677334785461426;10.1277494430542;11.91474723815918;10.274474143981934;10.125115394592283;10.245769500732422;10.141470909118652;10.130681037902832;10.12631607055664;11.833477020263672;11.924393653869627;11.70734977722168;11.922303199768066;10.207744598388672;10.190204620361328;11.299989700317385;10.152411460876465;11.92471408843994;10.403494834899902;11.9249267578125;10.128357887268066;10.775092124938965;11.846096992492676;10.458218574523926;10.304615020751951;11.79544162750244;10.124850273132324;10.200178146362305;11.915433883666992;11.92439079284668;10.207744598388672;10.125389099121094;11.913874626159668;10.403494834899902;10.260149955749512;11.924696922302246;11.65746784210205;10.189640045166016;11.191676146352428;11.032045726930807;11.655977862486942;13.516438734607949;11.190442018782823;11.06204613772049;11.635718120331047;10.909143047339898;11.101975670949232;12.269418929741096;11.199058823653022;12.846273911349906;12.324461855977315;12.269418929741096;11.4993476328766;11.647908074281808;13.090277856857394;12.136350341454156;11.375582512490508;12.605942439625368;13.091765938516804;10.5401280385821;11.227014193649133;12.06305796362349;12.0;11.534789211480266;12.19537220740274;11.813781191217036;11.075479149488016;12.32558654521057;12.26209484537018;12.06305796362349;12.374496145691516;11.264442600226602;12.182083929510725;10.813781191217036;11.428883552010191;11.200898605038445;11.466586337719244;12.064405961891042;11.912515144802397;11.485829308701904;11.856036399819155;13.13699111208023;11.00982861736811;12.392585756275468;12.956920604721088;11.960725994839056;12.746094383705463;12.276124405274238;11.37232095486726;11.074141462752506;11.483815777264256;11.94800213097767;11.42678889459556;11.56843119316746;11.773551346428505;11.483815777264256;11.778898476008376
13.184483528137209;14.041909217834473;13.875755310058594;13.849382400512695;13.850025177001951;10.9943265914917;11.266823768615724;10.996073722839355;11.02153205871582;14.042109489440918;11.369573593139648;10.993717193603516;10.997459411621094;11.173514366149902;11.023205757141112;11.163689613342283;11.197566986083984;10.993539810180664;14.015142440795898;14.039620399475098;10.997459411621094;11.06004810333252;10.993133544921877;12.67031192779541;14.033266067504885;10.993124961853027;12.383183479309082;11.226276397705078;14.032763481140137;10.993178367614746;11.518990516662598;11.99464225769043;10.996058464050291;14.042047500610352;11.02153205871582;11.914133071899414;13.844151496887209;13.724475860595703;13.954543113708496;10.997459411621094;13.964995384216309;12.058695793151855;13.871047973632812;14.040635108947754;13.958514213562012;14.04207706451416;14.041681289672852;11.373631477355955;13.72772216796875;13.991833686828612;13.425213813781738;11.02153205871582;11.192184448242188;13.875755310058594;10.997459411621094;11.17448902130127;14.00819492340088;11.312474250793455;10.99639129638672;11.590119174107176;11.640244936222343;11.936637939002573;13.412172865823786;12.961992230928898;12.676397887044764;12.893301530860564;11.95492329203032;11.643405277115674;12.583787954502338;11.889503963411476;13.223247560417468;13.444108996147117;11.4231159101471;11.45994384837493;12.602698865017963;13.17617314910749;12.81177605532666;11.24436383512051;12.294333559671829;13.5907039951622;12.000704269011246;11.642051692927977;12.615399743725495;10.812177305514448;12.04916787237217;12.74756363025512;12.693269142893206;12.366048950670628;12.539401179028111;12.219168520462162;12.304066063127284;12.413892328372643;12.088457003486226;12.562957869334118;10.821773981970567;12.32755264408124;12.429929741353272;13.01297364837454;12.171489577065657;12.7714894695006;11.917745013443216;12.627989784315703;12.965243172556892;11.491853096329674;12.82097669262124;13.446178674674243;12.510022358813766;13.306204128589329;12.7238742188639;11.521600439723729;11.79400964502097;12.037546953962178;12.567005370247031;12.042685372219353;11.963618617443972;12.06373212019692;12.429145170478744;12.533329732305834
7.212814807891846;9.475157737731934;11.011823654174805;6.47386646270752;10.901495933532717;10.998677253723145;11.011330604553224;7.509657382965088;11.010738372802734;6.27859354019165;10.793132781982422;11.01173210144043;6.308189868927002;6.297894477844238;6.292847633361816;10.311670303344728;6.279655456542969;10.94989776611328;10.756943702697754;9.063250541687012;6.308189868927002;11.01137638092041;10.81978702545166;11.000655174255373;11.005083084106444;6.356234550476074;6.981693267822266;8.894333839416504;11.003795623779297;11.005157470703123;10.407520294189451;9.536426544189451;11.011857986450195;6.281465530395508;11.010738372802734;10.9896821975708;10.633938789367676;6.2975754737854;11.010844230651855;6.308189868927002;6.46195125579834;9.832566261291504;6.578269958496094;10.744765281677246;11.011643409729004;8.0072603225708;6.431991100311279;6.5699663162231445;10.167207717895508;11.007495880126951;8.423883438110352;11.010738372802734;11.01111125946045;11.011823654174805;6.308189868927002;8.265939712524414;6.281023025512695;6.937337875366211;11.011494636535645;5.882643049361842;6.022367813028454;6.426264754702098;8.897845456005511;6.169925001442312;6.409390936137702;6.22881869049588;5.584962500721156;6.108524456778169;6.339850002884624;5.78135971352466;7.894817763307944;6.94251450533924;7.467605550082998;6.285402218862249;6.044394119358453;7.721099188707186;6.475733430966398;5.584962500721156;7.442943495848728;7.348728154231077;5.727920454563199;6.3750394313469245;7.149747119504682;6.727920454563199;5.459431618637297;5.807354922057604;5.672425341971495;5.459431618637297;5.087462841250339;5.727920454563199;4.523561956057013;5.857980995127572;7.257387842692652;6.442943495848728;4.459431618637297;4.857980995127572;5.0;5.357552004618084;5.700439718141092;7.832890014164741;7.285402218862249;6.754887502163468;6.20945336562895;6.569855608330948;7.584962500721156;7.303780748177103;6.807354922057604;6.149747119504682;6.108524456778169;6.357552004618084;5.491853096329675;6.066089190457772;6.658211482751795;4.523561956057013;4.807354922057604;5.044394119358453;6.426264754702098;5.78135971352466
11.544039726257324;11.751171112060549;11.777325630187988;11.786057472229004;11.78726577758789;9.229459762573242;9.234766006469728;9.410350799560549;11.18118667602539;11.77334976196289;11.785567283630373;9.433175086975098;9.176494598388672;9.177348136901855;9.195167541503906;11.776365280151367;9.17624855041504;9.411975860595703;11.514575958251951;11.78684139251709;9.176494598388672;11.401934623718262;9.373948097229004;11.271368980407717;9.276878356933594;9.180371284484863;11.06157112121582;10.623672485351562;11.154703140258787;9.18270492553711;11.487289428710938;9.71957302093506;9.2464017868042;11.736641883850098;11.18118667602539;11.78057098388672;11.77781867980957;9.260931015014648;10.922635078430176;9.176494598388672;11.787345886230469;11.334396362304688;11.245738983154297;9.520466804504396;11.727910995483398;11.786358833312988;11.697636604309082;9.177995681762695;9.29741668701172;11.382317543029783;11.78616428375244;11.18118667602539;9.271112442016602;11.777325630187988;9.176494598388672;9.25430965423584;11.783090591430664;9.501338005065918;9.241273880004885;8.491853096329674;9.287712379549449;9.971543553950772;11.44449728710381;9.654636028527968;9.915879378835774;10.352043425795433;9.517669388133813;9.30149619498255;10.447083226209651;9.810571634741146;11.35424938194524;10.450180247164754;9.14210705730255;8.954196310386875;10.330916878114618;11.397674632948268;11.027905996569883;9.113742166049189;10.720244258287568;11.423641195075856;9.859534786382651;8.951284714966972;10.830515206976838;9.722807531169549;10.256208688527389;10.13827180017222;10.580258567499788;9.77313920671969;10.325305455089682;10.06339508128851;9.951284714966972;10.356451970221755;9.847057346091336;10.328674927327947;8.535275376620802;9.7431513941125;10.287712379549449;10.595257481449035;10.274960472140602;10.715961990255144;10.217957697864112;10.641148597411233;10.932952892194717;9.689997971419446;10.929258408636972;11.350386742312844;9.719388820942084;11.197830998012195;11.004220466318197;9.94104760634058;9.859534786382651;9.957102041562289;10.843921051289035;9.859534786382651;9.682994583681683;10.226412192788786;10.00982861736811;9.90839262077375
6.647149562835693;6.933320045471191;3.2994675636291504;3.305751323699951;3.42165756225586;7.190537929534912;7.195136547088623;5.136486530303955;3.585500955581665;3.3581690788269043;3.300161838531494;7.17571496963501;3.871602058410645;7.177457332611084;7.190437316894531;6.86751651763916;3.2998437881469727;3.3404529094696045;6.637812614440918;3.32910680770874;3.871602058410645;3.299551010131836;3.309587001800537;3.304176092147827;7.187811374664307;3.391397476196289;3.3509247303009038;3.299518346786499;7.190552711486816;3.299557685852051;3.433938503265381;7.194014549255371;6.786097526550293;7.112213611602783;3.585500955581665;7.166295051574707;3.321794271469116;7.168001174926758;3.825204849243164;3.871602058410645;7.195097923278809;5.8297553062438965;6.296149253845215;3.311199188232422;3.326061248779297;6.369892597198486;7.120429992675781;3.3175928592681885;3.30007266998291;3.3545517921447754;7.193198204040527;3.585500955581665;3.2995667457580566;3.2994675636291504;3.871602058410645;3.3015503883361816;7.1860761642456055;3.686260223388672;3.3010220527648926;1.0;2.0;4.169925001442312;4.392317422778761;3.321928094887362;3.4594316186372973;2.584962500721156;3.321928094887362;1.0;4.169925001442312;2.0;5.20945336562895;4.857980995127572;2.0;2.584962500721156;3.4594316186372973;4.807354922057604;2.807354922057604;0.0;3.321928094887362;5.087462841250339;3.169925001442312;2.807354922057604;4.584962500721156;3.4594316186372973;2.321928094887362;3.0;3.169925001442312;1.584962500721156;2.807354922057604;2.321928094887362;2.584962500721156;3.169925001442312;2.584962500721156;3.807354922057604;2.0;3.321928094887362;2.321928094887362;3.169925001442312;4.643856189774724;3.906890595608519;4.0;2.321928094887362;2.807354922057604;2.807354922057604;4.0;4.169925001442312;3.807354922057604;6.882643049361842;3.0;2.584962500721156;5.554588851677638;2.807354922057604;3.169925001442312;3.321928094887362;2.0;3.169925001442312;2.0;3.584962500721156
11.04195785522461;11.379578590393066;11.372687339782717;10.366854667663574;11.379571914672852;9.938416481018066;9.925163269042969;10.327353477478027;9.834177017211914;11.366114616394045;11.379417419433594;9.928668975830078;9.838641166687012;9.819449424743652;9.897247314453123;11.288702011108398;9.81937026977539;10.512967109680176;11.378735542297363;10.704047203063965;9.838641166687012;10.520380973815918;9.82362461090088;11.37929344177246;10.043549537658691;9.819781303405762;9.832735061645508;9.824213981628418;9.8408842086792;9.881174087524414;11.376214027404783;11.228089332580566;10.939982414245604;11.314209938049316;9.834177017211914;11.179875373840332;11.188528060913086;9.832603454589844;10.632034301757812;9.838641166687012;11.375811576843262;9.824685096740724;9.88931941986084;11.345399856567385;11.330896377563477;10.32517147064209;9.866839408874512;9.819246292114258;9.87625503540039;11.362054824829102;11.370315551757812;9.834177017211914;9.820473670959473;11.372687339782717;9.838641166687012;9.819766998291016;11.369707107543944;10.182836532592772;9.821876525878906;9.821773981970567;10.148476582178278;9.661778097771988;11.303209948944776;9.868822554775;10.281930026955443;11.483815777264256;10.026523442519766;9.845490050944376;10.58777751632821;10.08214904135387;10.91737207947684;10.910642730469624;9.477758266443889;9.381542951184583;10.514714054138487;11.03342300153745;10.936637939002573;9.330916878114618;10.319672120946995;11.494855584491198;9.792790294301064;9.167418145831736;10.490850876740298;9.493855449240822;9.845490050944376;10.489847960439295;10.181152256865566;10.562242424221072;10.226412192788786;10.386940245324311;10.12023787734196;10.191059214531656;10.4231159101471;9.958552715431011;9.055282435501187;10.161131882984307;9.73640193131829;11.40992124124968;10.619302955415687;10.14338321398982;10.154818109052105;10.382624026574916;10.559377090526684;9.566054038171092;11.081483438093674;11.247927513443583;10.232420927176076;11.046441948007311;10.510764167917891;9.826548487290914;9.89178370321831;10.0566377151132;10.99717948093762;10.06339508128851;9.84862294042934;10.161131882984307;10.34207466799914;10.250298417906333
8.845468521118164;8.697297096252441;11.92271614074707;8.731219291687012;8.821515083312988;8.764348030090332;11.923378944396973;11.879582405090332;8.890992164611816;9.790170669555664;11.834498405456545;8.665389060974121;8.668148040771484;11.473122596740724;9.777405738830566;11.646777153015137;8.66815185546875;9.733976364135742;8.665538787841797;10.426192283630373;8.668148040771484;11.920857429504396;8.669145584106445;8.702066421508789;8.796417236328125;8.683666229248047;11.935407638549805;8.98830509185791;11.94631004333496;8.668851852416992;11.94459056854248;11.909268379211426;9.609163284301758;11.94759750366211;8.890992164611816;11.945892333984377;8.72140884399414;10.202064514160156;11.931034088134766;8.668148040771484;11.945805549621582;11.939009666442873;11.02299690246582;11.683977127075195;11.002089500427246;11.866086959838867;11.946069717407228;11.467806816101074;8.772642135620117;11.422688484191896;11.946423530578612;8.890992164611816;10.386219024658203;11.92271614074707;8.668148040771484;8.665440559387207;11.858864784240724;9.018670082092283;11.839717864990234;8.558420713268664;8.149747119504681;8.826548487290914;10.381542951184583;9.517669388133813;9.219168520462162;9.60733031374961;8.479780264029099;8.43879185257826;9.14974711950468;8.689997971419446;9.59245703726808;10.252665432450248;8.92481250360578;9.303780748177102;9.271463027904376;9.705632387361415;9.729620743553038;9.164906926675688;9.79766152585376;10.378294855911893;8.693486957499324;9.084808387804362;9.642051692927977;9.57553924683453;8.930737337562887;8.459431618637296;8.665335917185176;9.419960177847887;8.721099188707186;8.98299357469431;9.189824558880018;8.734709620225837;10.1331422124006;9.264442600226602;8.832890014164741;9.0;8.174925682500678;10.043027283594547;8.83605035505807;9.308339030139408;9.26209484537018;8.912889336229961;9.002815015607053;8.611024797307353;9.72451385311995;9.794415866350104;9.118941072723509;9.442943495848729;9.523561956057012;9.06339508128851;7.727920454563199;8.994353436858859;9.878050912728536;8.46352437327118;8.224001674198105;8.710806433699352;9.372865060112588;8.829722735086058
9.03420352935791;5.480123043060303;4.535064220428467;7.933565139770508;4.527906894683838;9.058408737182615;5.540736198425293;9.054925918579102;4.772863388061523;9.05409336090088;4.581053733825684;5.212352752685547;9.043452262878418;5.090122222900391;4.680278778076172;9.057817459106444;9.020419120788574;4.555058002471924;9.058451652526855;4.986206531524658;9.043452262878418;4.624156951904297;5.918530464172363;4.536699771881104;9.020241737365724;8.939470291137695;4.728828430175781;4.537430763244629;6.683130264282227;7.282402992248535;4.775250911712647;8.919971466064453;6.557723045349121;4.79954719543457;4.772863388061523;4.527943134307861;8.610271453857422;5.554924011230469;4.98500394821167;9.043452262878418;5.294928073883057;4.527812957763672;6.760770797729492;9.044507026672363;5.056371688842773;5.789465427398682;7.793283939361572;4.529176712036133;4.609287738800049;9.039462089538574;8.998804092407227;4.772863388061523;4.528608798980713;4.535064220428467;9.043452262878418;5.369288444519043;5.101140022277832;7.601049900054932;4.52803373336792;4.0;6.087462841250339;6.189824558880018;8.507794640198696;6.022367813028454;4.807354922057604;5.491853096329675;5.357552004618084;5.357552004618084;5.614709844115208;5.754887502163468;6.044394119358453;5.727920454563199;4.321928094887363;4.392317422778761;6.066089190457772;6.409390936137702;7.139551352398794;4.087462841250339;7.087462841250339;6.321928094887363;4.459431618637297;4.169925001442312;7.266786540694901;5.930737337562887;5.882643049361842;5.459431618637297;7.734709620225838;4.954196310386875;5.044394119358453;5.930737337562887;3.906890595608519;4.087462841250339;5.247927513443585;5.523561956057013;4.584962500721156;4.754887502163468;6.149747119504682;5.392317422778761;6.584962500721156;6.807354922057604;5.906890595608519;5.727920454563199;6.6293566200796095;7.554588851677638;8.087462841250339;6.614709844115208;4.857980995127572;7.515699838284043;5.78135971352466;5.044394119358453;6.321928094887363;4.247927513443585;6.614709844115208;4.459431618637297;4.087462841250339;5.754887502163468;3.584962500721156;5.930737337562887
10.466532707214355;8.035500526428223;9.902716636657717;10.54320240020752;10.56142234802246;10.420296669006348;10.567634582519531;8.680206298828125;10.134602546691896;8.051085472106934;8.914094924926758;10.56686019897461;8.520276069641113;8.031161308288574;8.031143188476562;10.539112091064451;8.031121253967285;8.0317964553833;9.535000801086426;8.128499984741211;8.520276069641113;9.274014472961426;8.15131950378418;10.568245887756348;10.33717441558838;8.031208992004395;8.968765258789062;8.031123161315918;8.776479721069336;8.223706245422363;8.292739868164062;10.568158149719238;10.568220138549805;10.226431846618652;10.134602546691896;8.225984573364258;10.56743335723877;8.031256675720215;10.567764282226562;8.520276069641113;10.568246841430664;8.031246185302734;8.616830825805664;8.0708589553833;10.443597793579102;8.094703674316406;10.024707794189451;8.031163215637207;8.326519012451172;10.564837455749512;10.567402839660645;10.134602546691896;8.0338134765625;9.902716636657717;8.520276069641113;8.472563743591309;10.496655464172363;10.502028465270996;10.11177921295166;9.485829308701904;9.430452551665532;9.884170519108435;11.420486612825774;8.219168520462162;9.296916206879288;10.488844346457336;10.094077685671904;9.26209484537018;10.557463701597824;9.654636028527968;11.222794902868111;9.900866807980748;9.417852514885896;8.810571634741146;9.451211111832327;10.767356854125683;9.971543553950772;9.533329732305834;10.191059214531656;10.961449694398196;8.971543553950772;9.250298417906333;10.281930026955443;10.068778277985412;9.312882955284357;9.493855449240822;10.092757140919852;9.469641817239516;10.034798962577268;10.269126679149418;9.746514321138465;9.915879378835774;9.86727873970966;9.63662462054365;10.06339508128851;8.614709844115207;9.759888183221834;10.395534135462302;10.682994583681683;9.409390936137704;11.530893981193922;10.181152256865566;10.066089190457772;9.719388820942084;10.63390340934852;10.806549621985962;9.987264012072538;10.94251450533924;11.106562940444883;10.225207436943505;9.388017285345136;10.029287226968243;10.344295907915816;9.76983784362944;9.403012023574997;10.51175265376738;9.59618975614441;9.357552004618084
7.906597137451172;7.781750202178955;4.727658748626709;6.778823375701904;5.734068393707275;7.90762186050415;6.1115403175354;7.901427268981934;6.30540132522583;4.784348964691162;7.354612350463867;7.904798984527588;7.897006511688232;4.888884544372559;6.176779747009277;7.907501697540283;7.020501136779785;6.413857936859131;7.907624244689941;4.736964702606201;7.897006511688232;6.6219987869262695;7.754613399505615;6.840721607208252;5.287537097930908;7.390580654144287;5.830193519592285;4.918176651000977;4.712837219238281;5.325882434844971;7.342259883880615;7.887558460235596;7.49878978729248;4.72061824798584;6.30540132522583;5.0436296463012695;4.825664520263672;6.3477559089660645;4.737973690032959;7.897006511688232;7.886898040771484;4.712772846221924;5.085762023925781;6.667768478393555;4.713321208953857;4.713048458099365;4.713332176208496;4.71176815032959;4.748915672302246;7.354258060455322;7.905537128448486;6.30540132522583;4.711788654327393;4.727658748626709;7.897006511688232;4.994363307952881;7.299464702606201;7.258432865142822;5.058865547180176;4.807354922057604;5.426264754702098;5.20945336562895;7.2384047393250786;6.339850002884624;4.0;6.3750394313469245;5.044394119358453;4.247927513443585;5.643856189774724;5.129283016944966;6.3750394313469245;5.882643049361842;5.247927513443585;4.807354922057604;6.0;6.727920454563199;6.285402218862249;4.906890595608519;4.954196310386875;7.523561956057013;4.954196310386875;5.0;6.066089190457772;5.727920454563199;5.523561956057013;4.954196310386875;5.491853096329675;5.247927513443585;5.78135971352466;5.700439718141092;4.857980995127572;5.857980995127572;4.954196310386875;6.303780748177103;3.906890595608519;5.20945336562895;4.087462841250339;5.954196310386875;6.189824558880018;5.954196310386875;6.044394119358453;5.700439718141092;6.0;5.129283016944966;6.700439718141092;6.768184324776926;6.321928094887363;7.787902559391432;5.857980995127572;4.321928094887363;7.098032082960526;5.285402218862249;6.129283016944966;5.0;5.044394119358453;6.672425341971495;5.321928094887363;6.247927513443585
14.61125659942627;13.12077522277832;14.668755531311035;14.560067176818848;13.127026557922363;14.639789581298828;14.596508026123049;14.659493446350098;14.604058265686035;14.170191764831545;13.124733924865724;13.13487148284912;13.127609252929688;13.120832443237305;13.124773025512695;13.61719799041748;13.12096118927002;13.12185764312744;13.138023376464844;14.666525840759276;13.127609252929688;14.668792724609377;13.142000198364258;13.12606430053711;13.976890563964844;13.121549606323242;14.634878158569336;13.126254081726074;14.663301467895508;13.216690063476562;14.055391311645508;14.520193099975586;14.667210578918455;14.659430503845217;14.604058265686035;13.12142276763916;14.66491413116455;13.12092399597168;14.66897964477539;13.127609252929688;14.507378578186035;13.120889663696287;14.576190948486328;14.66899299621582;14.665275573730469;14.659329414367676;14.143437385559082;13.12263298034668;13.121175765991213;14.668975830078123;14.659170150756836;14.604058265686035;14.64082145690918;14.668755531311035;13.127609252929688;13.125988960266112;13.696727752685549;14.653448104858398;14.621674537658691;13.065079488999862;13.183015000882756;13.524296837662623;15.24692611833406;13.81518313000803;13.7632123668144;14.945626722229823;13.357002092264985;13.28439035916582;13.853212072715648;13.36468185586456;14.490474864825336;14.24399211188512;13.006852001748774;13.193217322699065;13.675626303935395;14.702226807063484;15.034369115706737;13.162706018482416;14.214091404749327;14.680359523513712;13.657430108963014;12.532112370794998;14.16765334867565;13.547858506058416;13.62490966089025;13.70336289396418;13.817982927195652;14.072802534544207;13.46569393586282;13.898979204622512;13.870653692051247;13.4812949046311;14.252517607762288;13.804231877210546;13.204418308289435;13.422459034917935;13.433455039827054;15.036602922195364;13.969206622964236;13.737247343027738;13.968396802543932;13.833977162388804;13.951740039269596;13.522336320913306;14.2205294822913;14.54182262142417;13.462885645213246;14.16105313110564;14.40161286878555;13.294333559671829;13.155292601751954;13.536611486625777;15.099060097540992;13.30035256032822;13.060695931687556;13.48721198320981;14.072886253972108;13.553989202871929
12.264567375183104;11.567219734191896;12.208372116088867;11.10875129699707;11.202571868896484;12.04838752746582;11.667438507080078;12.123361587524414;12.14776611328125;10.812777519226074;10.781109809875488;10.836113929748535;10.786737442016602;10.781095504760742;10.780893325805664;11.051165580749512;10.78217887878418;11.31572151184082;12.076799392700195;12.277400970458984;10.786737442016602;11.069315910339355;10.789177894592283;10.806201934814451;11.0765380859375;10.78095531463623;12.08891773223877;10.797650337219238;12.15114402770996;10.780921936035156;12.24035358428955;10.78530502319336;10.82538890838623;12.269371032714844;12.14776611328125;12.184118270874023;12.077875137329102;10.784919738769531;12.260293960571287;10.786737442016602;12.07868194580078;11.862680435180664;12.158713340759276;12.277414321899414;12.083429336547852;12.276273727416992;11.060660362243652;11.36573600769043;10.788641929626465;12.27502727508545;12.276771545410156;12.14776611328125;12.262496948242188;12.208372116088867;10.786737442016602;10.984314918518066;12.226035118103027;12.271771430969238;12.140090942382812;10.595257481449035;10.30035256032822;11.009128789539256;12.684529482418489;11.321928094887362;11.101975670949232;11.725792271494155;10.605479518061667;10.675074920385445;11.594791118089264;10.767356854125683;12.096715154488535;12.057314877782703;11.060020354507852;10.95492329203032;11.139551352398794;12.156715144224702;12.365228849251544;10.967946705812707;12.194449079479025;11.967946705812707;10.728770849542665;10.808159772868375;11.892163309861964;11.45994384837493;11.198445041452365;10.847840355630714;11.118941072723509;11.060695931687556;10.884933647949762;11.040289721025715;11.150381968817848;10.980853606379736;12.479527669256347;11.078817949961978;10.735556023911537;10.85642552862553;10.471675214392045;11.687813062564931;11.194756854422248;10.506803437795648;11.62935662007961;11.154818109052105;11.101975670949232;10.965784284662089;11.639340708652233;11.94251450533924;10.94178124227853;11.567956075415466;11.685624839726357;11.51717725268954;10.53818893205242;10.576484346796851;12.673529924401144;10.550746785383245;10.330916878114618;10.866506212226202;11.590587049915037;10.99435343685886
13.906922340393066;12.437609672546388;13.916702270507812;12.602078437805176;12.607802391052246;13.915270805358888;13.277254104614258;13.841934204101562;13.915742874145508;12.436686515808104;12.46102809906006;12.927215576171877;12.440882682800291;12.436339378356934;12.52823543548584;12.662961959838867;12.440443992614746;13.69500732421875;12.491592407226562;13.916685104370115;12.440882682800291;13.916678428649902;13.494983673095703;12.443602561950684;12.436330795288086;12.519858360290527;13.909409523010254;13.669621467590332;13.112120628356934;12.552319526672363;13.90476894378662;12.911822319030762;13.86274242401123;12.437153816223145;13.915742874145508;13.69276523590088;13.486066818237305;12.436556816101074;13.911269187927246;12.440882682800291;13.879798889160156;12.459261894226074;13.832139015197754;13.916711807250977;13.875295639038086;13.758206367492676;12.436306953430176;12.436811447143556;12.436312675476074;13.916708946228027;13.916305541992188;13.915742874145508;13.913755416870115;13.916702270507812;12.440882682800291;12.43662166595459;12.70630168914795;13.767046928405762;13.915928840637209;12.226713224618962;12.660441650209172;12.682116764950074;14.189052362190337;12.770250927394864;12.942697762886755;13.677499433285108;12.42259043389256;12.404609397837712;13.273795599214264;12.691089186236532;13.620219825507489;13.632654470109475;12.765286098723683;12.69522829149575;12.795227966028678;14.108034327661551;13.586018775355935;12.238703279427725;13.313024722595518;14.322773176454564;12.488844346457336;12.43514933836693;13.236014191900084;13.015589280397393;12.894817763307945;12.998237821888049;13.203500952361397;13.28699085163199;12.867085646616836;12.97656412341533;12.47851684767645;12.830317129810208;13.297776062894147;13.040632200562252;12.095067301607054;12.664447284547972;12.492854620174748;13.418247936305638;13.291026768056126;12.555547771647063;12.53649007319916;13.31741261376487;13.363860976729532;12.185494924210866;13.666113021993024;13.979335872665384;12.822969090453288;13.615744569853312;13.167104482379932;12.62296694479051;12.428360172704291;13.000704269011246;13.42940674151398;12.54182262142417;12.133784409179908;12.878050912728536;12.79685079526716;12.847057346091336
5.900574684143066;5.986839771270752;2.564169406890869;3.3367583751678467;5.964561939239502;2.564779043197632;5.465943813323975;2.5641872882843018;2.566115140914917;5.987014293670654;2.6988425254821777;3.361931800842285;4.696453094482422;2.617795705795288;2.5688581466674805;2.5914523601531982;3.884188890457153;2.566815137863159;5.985850811004639;5.80777645111084;4.696453094482422;2.564141035079956;2.566555976867676;5.955272197723389;5.749861717224121;2.5658481121063232;5.922277450561523;2.5643832683563232;2.6379613876342773;2.5643389225006104;2.575805187225342;5.866859436035156;2.565713882446289;5.9870381355285645;2.566115140914917;3.149421215057373;3.163748979568481;5.944963455200195;2.588954448699951;4.696453094482422;5.726847171783447;2.678609609603882;5.628129482269287;4.256134033203125;2.566190481185913;5.9394636154174805;5.982774257659912;2.733316659927368;4.500776767730713;2.6758337020874023;2.643206596374512;2.566115140914917;2.5641398429870605;2.564169406890869;4.696453094482422;5.885481357574463;5.927959442138672;5.946186065673828;2.577279806137085;4.169925001442312;2.321928094887362;3.321928094887362;4.807354922057604;3.0;4.584962500721156;3.0;5.491853096329675;4.643856189774724;5.882643049361842;6.754887502163468;3.4594316186372973;5.129283016944966;0.0;3.0;5.0;3.4594316186372973;4.247927513443585;3.700439718141092;6.044394119358453;5.832890014164741;4.459431618637297;2.321928094887362;4.0;4.459431618637297;2.584962500721156;4.584962500721156;4.169925001442312;3.4594316186372973;3.321928094887362;6.409390936137702;3.0;3.169925001442312;5.392317422778761;4.321928094887363;5.807354922057604;2.321928094887362;2.321928094887362;4.087462841250339;4.321928094887363;2.0;4.459431618637297;4.807354922057604;3.807354922057604;1.584962500721156;5.672425341971495;5.247927513443585;2.584962500721156;3.0;3.700439718141092;4.523561956057013;3.584962500721156;3.0;4.954196310386875;3.807354922057604;2.321928094887362;3.906890595608519;3.321928094887362;3.321928094887362
10.611003875732422;10.099388122558594;9.74415683746338;10.119230270385742;11.420379638671877;9.651336669921877;11.426799774169922;9.321788787841797;9.4493408203125;11.075709342956545;9.3615083694458;11.30830192565918;9.320074081420898;9.314615249633787;9.314493179321287;10.189982414245604;9.314493179321287;9.314495086669922;9.827609062194824;9.823923110961914;9.320074081420898;9.320257186889648;9.31959056854248;11.427102088928224;11.42613410949707;9.314493179321287;10.896711349487305;9.314496040344238;11.253398895263672;9.320347785949709;9.340012550354004;11.409396171569824;11.400606155395508;11.427067756652832;9.4493408203125;9.8533296585083;11.407142639160156;9.317782402038574;11.426047325134276;9.320074081420898;11.423990249633787;9.335519790649414;11.337748527526855;10.44298267364502;11.268436431884766;11.033732414245604;11.38131046295166;9.441508293151855;10.867618560791016;11.415761947631836;11.418587684631348;9.4493408203125;9.397343635559082;9.74415683746338;9.320074081420898;9.349821090698242;11.404009819030762;11.401466369628906;10.20324993133545;10.023754353299417;9.1006623390052;10.187352073200495;11.295768934420508;9.308339030139408;9.179909090014934;10.40832974076739;10.057991722759176;9.507794640198696;10.768184324776929;10.303780748177102;11.547858506058416;10.672425341971495;8.721099188707186;9.29920801838728;10.26795708440284;11.077483356859508;10.809768128710411;8.894817763307943;10.71338651493703;11.56843119316746;9.539158811108033;8.980139577639157;11.1767964781476;9.957102041562289;9.449148645375436;9.333155350310616;10.314016703901355;9.99717948093762;10.546894459887636;10.287712379549449;9.355351096424812;9.622051819456376;11.161131882984307;9.60177078840771;9.91288933622996;9.509775004326936;9.89178370321831;10.08746284125034;11.019590728357882;10.445014845868425;11.862637357558794;10.067434360756522;9.285402218862249;10.52552080909507;11.044394119358454;11.349834091457248;10.7515440590891;11.044394119358454;11.088125692188209;10.488844346457336;9.54882190845875;10.188588845707349;10.881878707600446;10.118941072723509;9.78463484555752;10.632086412835182;9.556506054671928;9.556506054671928
12.020149230957031;12.12857437133789;12.17603874206543;12.167593002319336;12.167092323303224;11.746379852294922;10.767542839050291;11.805619239807127;10.85452365875244;12.124509811401367;12.09368133544922;11.222041130065918;10.707925796508787;10.696316719055176;10.696145057678224;12.18287754058838;10.6962251663208;10.696149826049805;12.166692733764648;11.557884216308594;10.707925796508787;11.79352569580078;10.81631565093994;12.186840057373049;12.185790061950684;10.696245193481444;11.641162872314451;10.708152770996094;11.227099418640137;10.773367881774902;11.320383071899414;10.801240921020508;11.905284881591797;12.18703269958496;10.85452365875244;10.697046279907228;12.170120239257812;10.697626113891602;12.18387508392334;10.707925796508787;12.008283615112305;10.696746826171877;12.163359642028809;12.184126853942873;12.055285453796388;11.69566535949707;11.918099403381348;10.7837495803833;11.987499237060549;12.18642520904541;12.177343368530272;10.85452365875244;11.002941131591797;12.17603874206543;10.707925796508787;10.708019256591797;12.158308029174805;12.137643814086914;10.741610527038574;10.802516365121225;11.032734528586714;11.44086916761087;13.035314609824391;11.305491792110685;11.533816389433364;12.081816278109198;11.28828934218097;11.016808287686557;12.225508720236;11.310612781659527;12.77704978843883;12.13827180017222;11.484319423644267;11.084808387804362;11.5980525001616;12.943430560383598;12.53430288245463;11.027214885159834;12.438531977761585;12.902375114486023;10.88340698638837;10.694357887221452;12.377210530388552;11.655977862486942;11.563672959827514;11.505315356136236;11.778077129535358;11.56843119316746;11.693922488081014;11.652396861477678;11.322491537597468;11.433585441150496;12.12573632939501;11.556026992724677;10.689124404913258;11.213711798105672;11.255618749839597;11.96000193206808;12.101319154423276;11.484822894262146;12.011227255423254;11.81257844413538;11.837233700339088;11.194756854422248;12.378294855911893;12.73956967402599;11.580729651598958;12.416533660199583;12.35837648032824;11.293471648838134;11.24436383512051;11.41415667927414;12.368233611380942;11.513727595952435;11.3009244909763;11.522091068887065;11.442425193331609;11.376125389276174
10.763381004333496;11.045365333557127;11.035988807678224;10.359623908996582;10.910016059875488;10.847585678100586;9.08188247680664;11.041327476501465;9.373123168945312;9.190265655517578;11.064208984375;9.28733730316162;9.155068397521973;9.08109188079834;9.0746488571167;11.055726051330566;9.585271835327148;9.168688774108888;11.0696382522583;10.889932632446287;9.155068397521973;10.928763389587402;10.848029136657717;11.051382064819336;10.615266799926758;9.180731773376465;9.698309898376465;11.022942543029783;9.081856727600098;9.915078163146973;11.061017036437988;9.074751853942873;9.123212814331056;11.06223487854004;9.373123168945312;9.158143043518066;9.116961479187012;9.086341857910156;10.1749906539917;9.155068397521973;9.076408386230469;9.866432189941406;9.999567031860352;11.072776794433594;9.255254745483398;9.23433780670166;9.086286544799805;10.711127281188965;11.03036403656006;10.536694526672363;10.541993141174316;9.373123168945312;10.991774559020996;11.035988807678224;9.155068397521973;9.483807563781738;10.163068771362305;11.043274879455566;10.678958892822266;8.679480099505446;8.262094845370179;9.535275376620802;10.749869427396844;9.577428828035748;9.481799431665753;10.083479327331842;9.278449458220482;9.116343961237469;10.286557761607956;8.707359132080883;10.393390457443989;10.47269083924278;9.533329732305834;10.011227255423254;9.25974326369078;10.772314573921651;10.589651146514786;9.54882190845875;10.371776644337924;10.810571634741146;8.829722735086058;9.5980525001616;10.083479327331842;10.404077136241234;9.266786540694902;9.355351096424812;9.177419537989236;9.577428828035748;9.124121311829189;9.847057346091336;9.45532722030456;9.014020470314934;10.594324603924848;9.34207466799914;8.672425341971495;9.776433032444732;8.247927513443585;9.226412192788786;9.37937836707126;9.564149489985732;9.899356922923111;9.442943495848729;8.823367240046235;9.579315937580017;10.004220466318197;10.4542992936199;9.276124405274238;9.845490050944376;10.30035256032822;9.651051691178928;9.14210705730255;9.519636252843211;10.490850876740298;9.447083226209651;8.997179480937621;8.603626344986193;9.59245703726808;9.674192268145683
13.634477615356444;12.288883209228516;13.75951099395752;13.705632209777832;13.66988754272461;13.689497947692873;13.713873863220217;12.501909255981444;13.718923568725586;13.324918746948242;12.335619926452637;13.060723304748535;12.286172866821287;12.285879135131836;12.285836219787598;12.654471397399902;12.28592300415039;12.285931587219238;12.345548629760742;13.759496688842772;12.286172866821287;13.750953674316406;12.581060409545898;13.697569847106934;13.353410720825195;12.286778450012209;13.733098030090332;12.411983489990234;13.587309837341309;12.604642868041992;12.536174774169922;12.520137786865234;13.741318702697754;13.753787994384766;13.718923568725586;12.335589408874512;13.75588035583496;12.285923957824709;13.759469985961914;12.286172866821287;13.689420700073242;12.298632621765137;13.65261173248291;13.76014518737793;13.751413345336914;13.742902755737305;12.956357955932615;12.302345275878906;12.518447875976562;13.759693145751951;13.740777969360352;13.718923568725586;13.684215545654297;13.75951099395752;12.286172866821287;12.318989753723145;13.023743629455566;13.71183967590332;13.741867065429688;12.578372691360803;11.71037597120447;12.780334708123895;14.12145257392032;13.044223335689608;12.469641817239516;12.587308728333545;12.685843811426082;12.414420981746416;13.289298471903477;12.815983626652724;13.83387836457737;13.687156944138907;12.445014845868425;12.279610581052484;12.933137368256713;13.769217996126503;13.761031735466885;12.43280285635187;13.993646060016596;13.788616386250752;12.566054038171092;12.482303782323182;13.409523530691436;13.18750672775828;12.488342277532524;12.328674927327947;12.894059846274022;12.47192918764169;12.544240006441658;13.16867211813223;12.796242448203165;12.549303368513575;14.218638910613478;12.591522346570734;12.868629668212655;12.396069557639867;12.246740598493144;12.8107724413447;12.863411958941638;12.314583244274194;13.513850940118791;12.859534786382651;12.6142497276894;12.872867226786576;13.5980525001616;13.714782134760236;12.646558710154547;13.297346198946718;13.290882822429577;13.637077657143664;12.36468185586456;12.414420981746416;14.15718901351485;12.37531099747307;12.165535141377925;12.52258153125483;12.821176056269854;12.206403913973848
12.039201736450195;11.163025856018066;12.789192199707031;12.763893127441406;12.75316047668457;12.54689598083496;12.672913551330566;12.752887725830078;12.671931266784668;12.611461639404297;12.521041870117188;11.36459732055664;10.978096961975098;10.881980895996094;10.881965637207031;12.240474700927734;10.908184051513672;11.082947731018066;12.735750198364258;12.670875549316406;10.978096961975098;12.785823822021484;11.333867073059082;12.788660049438477;12.329833984375;10.882740020751951;10.885367393493652;11.443431854248049;11.459991455078123;12.560182571411133;12.784401893615724;10.882733345031738;12.78676986694336;12.396265983581545;12.671931266784668;10.94573211669922;12.78805446624756;10.881969451904297;12.772943496704102;10.978096961975098;10.922821044921877;10.889309883117676;10.88502597808838;12.789091110229492;12.789066314697266;11.354445457458496;10.888506889343262;10.917635917663574;11.756755828857422;12.45866584777832;12.05410861968994;12.671931266784668;12.776301383972168;12.789192199707031;10.978096961975098;10.953147888183594;12.02888298034668;12.7816162109375;12.772273063659668;11.705632387361415;10.732167425663384;12.157978449945432;13.431367014075487;12.196602126523173;12.054265139625764;12.049508251055096;12.149429590056744;11.818582177480858;13.062383491876334;11.967586527296072;13.279465491793964;13.161604304002845;11.1331422124006;11.585901449690772;12.155134454857755;13.727707777472686;13.35024859944484;10.860311054919482;13.059851410770802;13.692942359312008;11.767770648776704;10.98370619265935;12.940313597145968;11.859534786382651;11.82097669262124;12.009478745888066;12.501588422932391;12.085472459181284;12.323054760341646;12.199365616857982;11.812979471251484;12.004571615167656;12.959277505720502;12.313166475977198;11.50084187955693;12.189824558880018;11.909518114296617;12.159556028058768;12.344295907915816;12.202429966015352;12.502334580197996;12.548340287676147;12.172114932533136;12.000704269011246;12.641825972041826;13.33525076831281;12.279610581052484;13.106562940444883;13.101483311565277;12.199365616857982;12.03857610276879;12.013671614058635;13.115531404166768;12.076815597050832;11.977279923499916;11.971902746045467;12.188588845707349;12.185185166820329
6.934566497802734;8.025053024291992;8.746562004089355;8.124421119689941;7.9164605140686035;6.988716125488281;7.4394683837890625;8.454367637634277;6.979219436645508;8.760193824768066;8.247245788574219;7.687809467315674;7.106026649475098;6.920943260192871;6.963598728179932;6.927543640136719;6.992780685424805;8.314955711364746;8.6611967086792;7.048826694488525;7.106026649475098;7.506803035736084;7.06817626953125;8.760357856750488;8.732787132263184;7.319086074829102;6.9208807945251465;6.93353271484375;7.047763824462891;8.761282920837402;8.683074951171875;7.328559398651123;8.761039733886719;8.067001342773438;6.979219436645508;6.920886993408203;8.758665084838867;6.920880317687988;8.761260986328125;7.106026649475098;6.920882225036621;6.920887470245361;6.931307315826416;8.761326789855957;8.760845184326172;6.948379039764404;6.921408653259277;6.933648109436035;7.555470943450928;8.687027931213379;6.9221673011779785;6.979219436645508;8.748215675354004;8.746562004089355;7.106026649475098;7.038823127746582;7.0114054679870605;8.569900512695312;6.948197841644287;7.22881869049588;6.392317422778761;6.794415866350106;8.199672344836364;7.693486957499325;7.044394119358453;7.546894459887636;7.614709844115208;7.199672344836364;7.189824558880018;7.499845887083206;8.214319120800766;8.375039431346925;6.857980995127572;7.383704292474052;7.451211111832329;8.467605550082997;8.087462841250339;7.303780748177103;8.247927513443585;8.76487159073609;7.400879436282184;6.930737337562887;7.807354922057604;7.276124405274237;7.129283016944966;7.546894459887636;7.417852514885898;7.276124405274237;7.066089190457772;8.224001674198105;6.882643049361842;6.6865005271832185;8.357552004618084;6.94251450533924;7.199672344836364;7.066089190457772;7.022367813028454;7.20945336562895;7.321928094887363;7.257387842692652;7.882643049361842;6.7414669864011465;7.475733430966398;7.357552004618084;8.409390936137703;7.948367231584678;6.965784284662087;7.761551232444479;7.727920454563199;7.761551232444479;7.011227255423254;7.118941072723508;8.060695931687555;6.794415866350106;6.857980995127572;7.189824558880018;7.321928094887363;6.894817763307944
11.022421836853027;10.830942153930664;9.073654174804688;10.555900573730469;11.09266185760498;11.034919738769531;11.070131301879885;10.70173454284668;9.11152172088623;11.09408473968506;9.402669906616213;10.910862922668455;10.05251121520996;9.071683883666992;9.071045875549316;11.097929000854492;9.07107639312744;9.071109771728516;11.08767032623291;9.973912239074709;10.05251121520996;9.071151733398438;9.120899200439451;11.104853630065918;11.096616744995115;9.071216583251951;9.470109939575195;9.071045875549316;9.11410427093506;9.072141647338867;9.11071491241455;10.537644386291504;10.602775573730469;11.104273796081545;9.11152172088623;9.159472465515137;11.101655960083008;9.210561752319336;9.350409507751465;10.05251121520996;11.103592872619627;9.071353912353516;10.493590354919434;9.083632469177246;9.558222770690918;10.785252571105955;10.501201629638672;9.075480461120604;9.465741157531738;10.919209480285645;11.100557327270508;9.11152172088623;9.07112979888916;9.073654174804688;10.05251121520996;9.199492454528809;11.102099418640137;11.097001075744627;9.079178810119627;10.041659151637214;9.786269627648466;10.407267764244732;11.98477446004684;10.3151495622563;9.980139577639155;10.58777751632821;10.482807956726669;9.805743872151618;10.897089128312755;10.345405246717796;11.278449458220482;10.543031820255235;9.731319031025064;9.477758266443889;9.94251450533924;11.957102041562289;11.12605911607068;9.7632123668144;11.451211111832327;11.59898297103609;9.533329732305834;9.147204924942228;11.06339508128851;10.12023787734196;10.560332834212442;9.936637939002573;10.368506461507693;10.471675214392045;9.988684686772164;10.30720080914081;9.791162888555018;10.26209484537018;11.274378153246364;10.12023787734196;9.59618975614441;9.519636252843211;9.945443836377912;10.624795455860236;10.7714894695006;9.868822554775;12.036173612553483;10.788718332690458;10.545929769085468;10.546894459887636;11.477758266443889;11.349834091457248;10.303780748177102;10.907641803665529;11.042343379793692;11.094737505048093;10.226412192788786;10.074141462752506;11.198445041452365;10.122827994807666;9.879583249612784;10.646558710154547;10.330916878114618;9.489847960439295
12.04103946685791;12.083986282348633;10.910624504089355;10.431620597839355;10.601533889770508;10.62273120880127;10.46543788909912;12.05937385559082;10.470303535461426;10.426504135131836;10.435352325439451;10.68879222869873;10.593465805053713;10.42734432220459;10.426525115966797;10.42944049835205;10.42797565460205;11.943297386169434;11.614781379699709;11.78613567352295;10.593465805053713;10.8882474899292;10.43042278289795;10.650728225708008;11.278483390808104;10.42652416229248;11.871932983398438;10.42917823791504;10.488868713378906;10.42727756500244;12.081619262695312;11.07756805419922;10.77224826812744;12.089942932128906;10.470303535461426;10.595144271850586;10.431389808654783;10.4901704788208;12.08966827392578;10.593465805053713;10.433255195617676;11.781837463378906;12.085801124572754;12.091934204101562;10.442937850952148;10.746499061584473;10.4364013671875;12.03738021850586;10.490103721618652;12.087915420532228;12.004926681518556;10.470303535461426;12.083852767944336;10.910624504089355;10.593465805053713;10.998672485351562;12.014784812927246;12.08839225769043;11.648530960083008;10.1357092861044;9.714245517666123;10.34207466799914;11.671098725748465;10.519636252843211;10.437752072323605;10.61194694181998;10.606405212697783;10.253847484987404;11.473198383677529;10.200898605038445;11.778898476008376;11.711236767793784;10.651051691178928;10.827342704234116;10.72451385311995;12.03857610276879;11.510764167917891;10.177419537989236;11.714674827308002;12.189515729800194;10.225207436943505;10.346513733165636;11.353146825498085;11.037546953962178;10.43879185257826;10.594324603924848;10.687375683437468;10.676838606474153;10.595257481449035;10.700439718141093;10.353146825498085;10.31741261376487;11.561287945164828;10.372865060112588;9.946906274456396;10.478769619475765;10.352043425795433;10.639340708652233;11.066089190457772;10.89178370321831;11.107870914279614;10.696098170955864;10.467605550082997;10.565102078360312;11.441388029346689;11.60408986146918;10.675074920385445;11.417852514885896;11.347621368568134;10.64565843240871;10.543031820255235;10.483815777264256;11.200898605038445;10.870364719583405;10.635718120331047;10.611024797307351;10.657318449581288;10.722807531169549
12.620941162109377;10.95473861694336;12.622058868408203;10.961060523986816;10.959734916687012;12.62412452697754;12.609811782836914;12.502461433410645;12.624133110046388;10.954439163208008;10.954440116882324;12.562408447265623;10.969708442687988;10.970741271972656;11.763986587524414;10.983256340026855;10.968432426452637;12.4088716506958;10.960986137390137;12.624058723449709;10.969708442687988;12.623538970947266;12.011801719665527;10.954551696777344;10.958091735839844;11.0022554397583;12.623567581176758;12.506153106689451;12.610501289367676;10.963982582092283;12.416568756103516;12.0877685546875;12.570932388305664;10.955531120300291;12.624133110046388;12.619274139404297;11.204636573791504;10.97300148010254;12.62093734741211;10.969708442687988;12.603278160095217;12.475176811218262;12.613103866577148;12.624234199523926;12.481554985046388;12.526128768920898;10.9545316696167;11.156087875366213;10.95449924468994;12.624207496643066;12.624157905578612;12.624133110046388;12.624150276184082;12.622058868408203;10.969708442687988;10.962578773498535;11.250075340270996;12.50876522064209;12.624135971069336;10.663558104217271;10.838416075797335;10.705632387361415;12.356176830516356;11.162391328756906;11.395534135462302;12.293471648838134;10.840777923595054;10.709945380232496;11.292896755409172;10.834471049984222;11.800495500466813;11.947271652460348;11.878050912728536;11.43149760425805;10.902375114486023;12.065079488999862;11.981567281903017;11.250298417906333;11.92072501975118;12.107544031975989;10.747353829478062;11.394998514501673;11.535761377986656;12.057314877782703;11.521600439723729;11.018895621121649;11.21006248324023;11.108524456778168;10.916625922211235;11.068778277985412;10.703903573444665;10.838416075797335;12.401412878714178;11.246146774635864;11.64250302878052;10.519636252843211;10.696098170955864;11.841957399099549;11.71681946132995;10.881878707600446;11.281350514981035;11.208843990734614;11.352595231134304;10.535275376620802;11.813781191217036;11.93110683302934;10.901621158346112;11.31174831500496;11.386940245324311;11.007027266893967;10.76983784362944;10.940313597145968;12.173364830849035;10.859534786382651;10.27029532647204;11.070120944476823;11.177419537989236;11.252665432450248
11.04492473602295;11.545147895812988;11.170812606811523;11.925291061401367;11.92922592163086;10.8381986618042;11.794652938842772;11.421541213989258;9.973875045776367;11.930245399475098;11.930302619934082;10.70302963256836;9.954387664794922;9.953460693359377;9.953621864318848;11.930161476135254;9.95341968536377;10.05158805847168;11.890748977661133;10.227088928222656;9.954387664794922;11.35185432434082;10.066597938537598;11.930192947387695;11.716039657592772;9.978381156921388;10.280701637268066;9.953950881958008;10.14826774597168;11.161209106445312;11.738741874694824;11.928982734680176;11.909055709838867;11.930225372314451;9.973875045776367;10.243448257446287;11.811406135559082;9.95615005493164;11.926173210144045;9.954387664794922;11.929526329040527;9.956366539001465;10.16033172607422;11.81201457977295;10.806632041931152;11.02957248687744;11.685778617858888;9.953425407409668;10.348892211914062;11.899916648864746;11.924023628234863;9.973875045776367;9.953662872314451;11.170812606811523;9.954387664794922;9.956500053405762;11.904189109802246;10.34939956665039;10.002924919128418;10.94104760634058;10.583082767502932;11.371776644337924;12.289730740083757;11.725792271494155;11.239001757765582;11.59898297103609;11.023061249735337;10.41679752760606;11.81658370778757;11.172427508645482;12.45763738099176;12.390975006155534;10.509775004326936;10.839991070539886;11.590587049915037;12.080817527608328;11.952741247186488;10.447083226209651;12.350110443347928;12.17617314910749;10.960725994839056;10.356451970221755;11.804131021183318;11.21856323619027;11.487840033823051;10.473705749619416;11.506307581100309;11.292896755409172;11.533816389433364;10.935165049603697;10.757390009366638;11.321928094887362;12.588246152044816;10.807354922057604;10.644757592516257;11.057314877782703;11.35149140932002;12.18766136573912;11.807354922057604;11.086799685623452;12.261801107195309;11.605479518061667;10.801708358916462;11.41732511767992;12.188588845707349;12.398743691938192;11.55170826162069;11.960725994839056;11.862249900851513;11.642051692927977;10.836839359748716;11.139551352398794;12.079818085212354;10.89633240390994;10.83368074865474;11.222794902868111;11.436190995481416;10.79197682089869
