SYN-SAMPLE-396;SYN-SAMPLE-278;SYN-SAMPLE-498;SYN-SAMPLE-364;SYN-SAMPLE-158;SYN-SAMPLE-10;SYN-SAMPLE-454;SYN-SAMPLE-227;SYN-SAMPLE-356;SYN-SAMPLE-205;SYN-SAMPLE-56;SYN-SAMPLE-399;SYN-SAMPLE-169;SYN-SAMPLE-463;SYN-SAMPLE-316;SYN-SAMPLE-461;SYN-SAMPLE-323;SYN-SAMPLE-56;SYN-SAMPLE-245;SYN-SAMPLE-403;SYN-SAMPLE-233;SYN-SAMPLE-196;SYN-SAMPLE-115;SYN-SAMPLE-46;SYN-SAMPLE-55;SYN-SAMPLE-375;SYN-SAMPLE-153;SYN-SAMPLE-8;SYN-SAMPLE-109;SYN-SAMPLE-471;SYN-SAMPLE-499;SYN-SAMPLE-395;SYN-SAMPLE-124;SYN-SAMPLE-498;SYN-SAMPLE-98;SYN-SAMPLE-30;SYN-SAMPLE-443;SYN-SAMPLE-296;SYN-SAMPLE-54;SYN-SAMPLE-15;SYN-SAMPLE-53;SYN-SAMPLE-193;SYN-SAMPLE-382;SYN-SAMPLE-202;SYN-SAMPLE-491;SYN-SAMPLE-318;SYN-SAMPLE-225;SYN-SAMPLE-129;SYN-SAMPLE-288;SYN-SAMPLE-343;SYN-SAMPLE-317;SYN-SAMPLE-317;SYN-SAMPLE-51;SYN-SAMPLE-483;SYN-SAMPLE-354;SYN-SAMPLE-415;SYN-SAMPLE-383;SYN-SAMPLE-393;SYN-SAMPLE-248;TCGA-55-6979-11A;TCGA-91-6831-11A;TCGA-44-6777-11A;TCGA-44-3396-11A;TCGA-49-6742-11A;TCGA-50-5931-11A;TCGA-44-6147-11A;TCGA-55-6969-11A;TCGA-49-6761-11A;TCGA-44-5645-11A;TCGA-91-6836-11A;TCGA-44-3398-11B;TCGA-55-6984-11A;TCGA-49-4490-11A;TCGA-49-6745-11A;TCGA-55-6971-11A;TCGA-44-2655-11A;TCGA-44-2665-11A;TCGA-73-4676-11A;TCGA-38-4625-11A;TCGA-55-6986-11A;TCGA-55-6983-11A;TCGA-49-4512-11A;TCGA-44-2661-11A;TCGA-38-4627-11A;TCGA-49-6743-11A;TCGA-44-6776-11A;TCGA-50-5936-11A;TCGA-91-6828-11A;TCGA-44-6146-11A;TCGA-44-6144-11A;TCGA-50-5930-11A;TCGA-50-5932-11A;TCGA-38-4626-11A;TCGA-50-5935-11A;TCGA-38-4632-11A;TCGA-91-6847-11A;TCGA-55-6975-11A;TCGA-50-5933-11A;TCGA-44-6778-11A;TCGA-91-6835-11A;TCGA-44-2657-11A;TCGA-50-5939-11A;TCGA-49-6744-11A;TCGA-55-6968-11A;TCGA-55-6985-11A;TCGA-50-6595-11A;TCGA-55-6982-11A;TCGA-44-6148-11A;TCGA-44-2662-11A;TCGA-91-6829-11A;TCGA-55-6981-11A;TCGA-55-6978-11A;TCGA-44-2668-11A;TCGA-55-6972-11A;TCGA-55-6980-11A;TCGA-55-6970-11A;TCGA-44-6145-11A;TCGA-91-6849-11A
10.492839813232422;9.603363037109377;11.707985877990724;9.83314323425293;11.557297706604004;9.652494430541992;11.673102378845217;11.70754337310791;11.218916893005373;11.499191284179688;11.495321273803713;9.844337463378906;11.69694995880127;9.650120735168455;11.261351585388184;11.681296348571776;11.474365234375;11.495321273803713;9.736988067626951;9.673698425292969;11.545517921447754;9.802332878112791;11.5742769241333;11.121943473815918;10.418149948120115;11.699416160583496;11.500545501708984;9.69703483581543;11.707828521728516;9.603187561035156;10.119876861572266;11.189775466918944;11.243510246276855;11.707985877990724;11.701396942138672;9.611793518066406;11.704768180847168;9.603154182434082;9.603715896606444;9.72317886352539;10.84710693359375;11.687448501586914;9.620156288146973;9.731938362121582;9.697260856628418;11.023985862731934;10.97421646118164;9.868107795715332;11.662002563476562;10.645572662353516;10.463367462158203;10.463367462158203;11.20730686187744;9.605419158935549;11.653682708740234;11.70750331878662;10.132670402526855;11.047192573547363;11.707645416259766;9.581200581924955;9.116343961237469;10.266786540694902;11.312882955284357;10.492854620174748;10.217957697864112;9.958552715431011;10.030667136246942;10.187352073200495;11.034798962577268;9.853309555403674;11.24852060493843;11.519636252843211;11.009128789539256;11.29748950116098;9.987264012072538;11.75112558336727;11.552188759557149;10.352043425795433;11.714245517666123;11.609640474436812;9.61654884377899;10.839203788096944;11.118941072723509;11.61056350392504;10.337621901992508;9.80896417491926;10.00842862207058;10.232420927176076;9.884170519108435;10.527477006060396;9.915879378835774;9.689997971419446;11.4812949046311;10.14210705730255;10.125413470483316;10.303780748177102;9.873444112515376;9.828136484194108;10.1006623390052;10.31628153174622;10.85642552862553;9.918863237274596;9.705632387361415;10.34207466799914;10.63662462054365;11.12670447284319;9.73809225962049;10.746514321138465;11.244958393151132;10.205793249397155;9.700439718141093;10.224001674198105;11.01262453886506;9.951284714966972;9.936637939002573;9.344295907915816;10.072802534544207;10.048486873992337
8.01208782196045;8.180091857910156;9.301114082336426;9.229484558105469;6.738620281219482;7.960507869720459;8.199180603027344;6.877388000488281;9.244651794433594;9.297643661499023;7.049861431121826;6.807077407836914;7.0176920890808105;7.8863701820373535;9.31179904937744;6.742073059082031;6.738451480865479;7.049861431121826;9.271388053894045;7.548686027526855;9.299646377563477;6.737797737121582;9.18185043334961;7.174874782562256;8.639312744140625;9.231023788452148;6.737966537475586;7.090829849243164;9.303388595581056;6.7400736808776855;7.367645263671875;9.172683715820312;6.739365100860596;9.301114082336426;9.083252906799316;6.775422096252441;9.2520170211792;6.737683296203613;7.067960739135742;7.966938495635986;9.300466537475586;9.312418937683104;8.642938613891602;6.79561710357666;9.29749584197998;9.312419891357422;9.31240463256836;6.737676620483398;9.302946090698242;9.30667495727539;8.247156143188477;8.247156143188477;7.0843825340271;8.874335289001465;9.31235122680664;8.914063453674316;6.74485969543457;9.216975212097168;9.31240940093994;4.954196310386875;3.169925001442312;5.954196310386875;6.569855608330948;6.20945336562895;4.087462841250339;6.918863237274595;6.189824558880018;5.285402218862249;6.3750394313469245;4.169925001442312;7.076815597050831;5.285402218862249;4.643856189774724;5.087462841250339;5.129283016944966;6.754887502163468;5.643856189774724;5.584962500721156;4.857980995127572;6.475733430966398;5.247927513443585;4.0;6.285402218862249;5.614709844115208;4.087462841250339;4.087462841250339;5.459431618637297;5.087462841250339;5.087462841250339;5.977279923499917;4.807354922057604;5.044394119358453;6.189824558880018;5.044394119358453;6.0;4.0;5.357552004618084;4.584962500721156;5.672425341971495;5.129283016944966;8.618385502258606;4.754887502163468;4.857980995127572;5.491853096329675;6.22881869049588;6.285402218862249;5.700439718141092;5.643856189774724;5.614709844115208;6.727920454563199;4.643856189774724;5.087462841250339;8.055282435501189;5.584962500721156;4.643856189774724;5.700439718141092;5.169925001442312;4.700439718141092
10.16214656829834;10.171984672546388;10.161378860473633;7.445408821105957;9.455599784851074;10.167484283447266;7.413815975189209;10.172163009643556;10.128708839416504;9.667168617248535;9.758744239807127;10.17192840576172;10.114005088806152;7.410650730133057;7.410142421722412;9.90732192993164;10.17093276977539;9.758744239807127;7.413482666015625;9.269977569580078;7.410146713256836;10.009297370910645;10.170432090759276;7.412917137145996;10.153993606567385;9.954224586486816;10.172279357910156;7.410529613494873;7.41341495513916;7.410171985626221;9.219282150268556;9.637797355651855;10.170969009399414;10.161378860473633;7.564540386199951;9.98183822631836;8.227581024169922;9.956480026245115;7.460160255432129;7.410078525543213;7.467199802398682;7.41383695602417;7.522891044616699;8.465889930725098;10.044347763061523;7.410614967346191;7.410077571868896;9.753673553466797;10.153653144836426;7.575808048248291;10.026649475097656;10.026649475097656;7.416140079498291;7.436410903930664;7.410114765167236;10.167552947998049;9.383254051208496;8.221973419189453;7.410111904144287;8.76487159073609;9.702172685365548;9.988684686772164;11.345959596404112;8.876516946565;9.366322214245816;9.974414589805528;9.709083812550343;9.247927513443583;9.847057346091336;8.971543553950772;11.061371192659813;9.899356922923111;9.467605550082997;8.693486957499324;9.60733031374961;11.044394119358454;10.828136484194108;9.509775004326936;9.932214751968385;10.50084187955693;8.129283016944967;9.61654884377899;10.700439718141093;11.270879295328784;10.443979542601252;8.703903573444663;10.328674927327947;9.13699111208023;10.088788238716909;9.571752643503546;8.936637939002571;9.99859042974533;9.381542951184583;8.927777962082342;9.211888294546004;8.113742166049189;9.519636252843211;10.44086916761087;10.251482410620213;9.899356922923111;9.154818109052105;10.565102078360312;10.264442600226602;8.558420713268664;11.14274527675153;10.513727595952435;9.69522829149575;10.965784284662089;10.581200581924955;8.861086905995395;9.388017285345136;9.25974326369078;10.214319120800766;9.13699111208023;9.08214904135387;9.91288933622996;8.954196310386875;9.08214904135387
9.552845001220703;9.596782684326172;9.726299285888672;9.921236038208008;9.557272911071776;9.549386978149414;11.459012985229492;11.44748878479004;11.463140487670898;11.235464096069336;9.5867280960083;9.63547420501709;10.833321571350098;10.306782722473145;9.58286190032959;9.724221229553224;11.120736122131348;9.5867280960083;10.209256172180176;11.422359466552734;10.24954605102539;9.71165657043457;11.465678215026855;11.461852073669434;11.465158462524414;11.465994834899902;10.424625396728516;9.549493789672852;11.461883544921877;9.54194164276123;10.137537956237791;11.4305419921875;11.461204528808594;9.726299285888672;11.464502334594728;9.65944004058838;11.417516708374023;9.541956901550291;9.640725135803224;9.543660163879396;9.601872444152832;11.464116096496582;11.45150375366211;9.942873001098633;11.21621799468994;11.376776695251465;11.460772514343262;11.096186637878418;11.461709976196287;11.452984809875488;10.808539390563965;10.808539390563965;10.154919624328612;10.685510635375977;11.010665893554688;11.465925216674805;9.547253608703612;10.850014686584473;11.46599006652832;9.044394119358454;8.353146825498083;9.445014845868425;10.947636937951827;9.417852514885896;8.442943495848729;10.13699111208023;9.098032082960527;8.321928094887362;9.84862294042934;8.761551232444479;10.197216693110052;10.130570562805426;9.426264754702098;9.497851836951115;8.876516946565;10.352043425795433;10.428360172704291;9.139551352398794;10.496853777388042;9.987264012072538;8.714245517666123;9.605479518061667;10.071462362556623;10.832098846039134;9.26209484537018;8.483815777264256;8.787902559391432;9.105908508571158;8.614709844115207;9.43879185257826;8.83605035505807;8.491853096329674;11.263269200372662;9.167418145831736;9.850186837645774;8.804131021183318;8.243173983472952;9.118941072723509;9.45532722030456;9.066089190457772;10.12023787734196;9.226412192788786;8.64745842645492;9.481799431665753;10.040289721025715;9.7431513941125;9.187352073200495;9.471675214392045;9.758223214726724;10.108524456778168;8.927777962082342;9.197216693110052;11.34207466799914;8.76487159073609;8.79766152585376;9.131856960608792;9.285402218862249;8.672425341971495
10.980705261230469;11.840132713317873;10.214873313903809;11.836145401000977;10.169596672058104;10.170228004455566;11.708391189575195;11.829834938049316;11.836613655090332;11.830814361572266;10.169418334960938;11.760103225708008;11.828150749206545;11.760478019714355;10.176207542419434;10.16955852508545;11.814704895019531;10.169418334960938;11.837682723999023;11.838275909423828;11.82598114013672;10.16941261291504;11.840009689331056;11.49948024749756;11.708500862121582;11.841204643249512;11.353525161743164;10.234992980957031;11.837958335876465;10.169476509094238;11.833806037902832;10.170158386230469;11.826414108276367;10.214873313903809;10.518428802490234;10.17269229888916;10.449053764343262;10.169637680053713;11.822469711303713;11.839323043823242;10.169622421264648;11.825641632080078;11.839792251586914;10.16943359375;11.74714183807373;11.533137321472168;11.71712875366211;11.811027526855469;11.816768646240234;10.187833786010742;11.829859733581545;11.829859733581545;11.476099014282228;11.828938484191896;10.414618492126465;11.761178016662598;10.226263046264648;10.169903755187988;11.840413093566896;10.25974326369078;9.850186837645774;10.30149619498255;11.808562029957525;10.7047682393626;10.205793249397155;10.08746284125034;10.197216693110052;10.1357092861044;10.773963368433558;10.508785162064513;11.399277924508969;11.243173983472952;9.815383295813538;9.929258408636972;10.61378946447258;11.187352073200495;11.280770770130603;10.026523442519766;11.544964432789238;11.63026712502677;10.330916878114618;9.946906274456396;10.871905237659186;10.19598729802851;10.4189067312579;10.611024797307351;10.72451385311995;10.57553924683453;10.365228849251544;10.688250309133178;10.567956075415466;10.370687406807216;11.653740778706569;10.45532722030456;10.14338321398982;10.174925682500678;10.157346935362844;10.422064766172811;10.573647187493322;10.263269200372662;10.567005370247031;10.638435913990472;10.84313591111135;10.084808387804362;11.66622400280318;11.488844346457336;10.414685235807214;11.14274527675153;10.801708358916462;11.105253779700885;9.984418458801136;10.353146825498085;11.456354415108288;9.935165049603697;9.667111542075029;10.428360172704291;10.462502272597265;10.177419537989236
9.47960376739502;9.449758529663086;11.018389701843262;9.62525463104248;10.350252151489258;9.458011627197266;11.02405071258545;11.024039268493652;10.93299388885498;11.02257251739502;11.01005744934082;9.465176582336426;10.300722122192385;9.423022270202637;9.429644584655762;9.493171691894531;11.018316268920898;11.01005744934082;11.023507118225098;9.433226585388184;11.023653984069824;9.425074577331545;9.769927024841309;9.42470645904541;9.486985206604004;9.497004508972168;11.024005889892578;9.422637939453123;11.024057388305664;9.422571182250977;10.917147636413574;10.495634078979492;9.777751922607422;11.018389701843262;11.02405071258545;9.443856239318848;10.962108612060549;9.422785758972168;9.97912883758545;9.422797203063965;10.845898628234863;9.79808235168457;9.423150062561035;9.490747451782228;10.55870246887207;11.011370658874512;11.009401321411133;9.423415184020996;11.013877868652344;10.938857078552246;11.018264770507812;11.018264770507812;10.654282569885254;10.12039566040039;9.831880569458008;11.023771286010742;10.22205638885498;11.021350860595703;11.02393627166748;9.39660478118186;9.627533884472792;9.978710459106358;11.443461612227392;9.54882190845875;10.215532999745657;11.693051295397;10.169925001442312;10.285402218862249;11.263856019596082;9.807354922057604;11.437231901039478;11.207014320177532;10.572700226487292;10.494855584491198;10.338736382573916;11.60130652612184;11.278449458220482;10.161131882984307;11.25797705856398;11.651051691178928;9.428360172704291;9.335390354693924;11.014717929860009;10.906890595608518;10.276124405274238;10.211888294546004;9.86573327085176;10.371776644337924;10.266786540694902;10.51175265376738;10.091435386323608;9.94251450533924;11.50382573799575;9.871905237659186;9.611024797307351;10.074141462752506;9.726218159332198;10.064742764750257;10.737247343027738;9.878050912728536;10.567956075415466;10.10459875356437;10.00842862207058;10.328674927327947;10.959277505720502;11.593391122791736;10.328674927327947;10.693486957499324;11.247334178028728;10.38586240064146;10.032045726930807;10.129283016944967;11.567956075415466;10.706496018061188;10.306061689428342;10.071462362556623;10.617467465294196;10.658211482751796
7.446987628936768;9.194806098937988;9.242317199707031;7.096850395202637;7.105549335479736;9.244965553283691;7.420253753662109;9.24515438079834;9.241551399230955;8.699169158935547;7.560689926147461;7.4100165367126465;7.108032703399658;7.132869720458984;8.00737476348877;8.606781005859375;8.438139915466309;7.560689926147461;7.097428321838379;9.052369117736816;7.095584392547607;8.776018142700195;9.24319553375244;7.095788478851318;9.228724479675291;9.236735343933104;9.226137161254885;7.391365051269531;7.096961498260498;7.1052751541137695;7.158560752868652;9.244680404663086;7.835347175598144;9.242317199707031;9.04427719116211;9.21533489227295;8.58515739440918;8.300820350646973;7.099781036376953;7.095442295074463;8.431023597717285;7.263367176055908;7.112832546234131;9.151208877563477;9.221392631530762;7.336538791656494;7.095467567443848;7.0957794189453125;9.245285987854004;8.144554138183594;9.09152126312256;9.09152126312256;7.109847068786621;7.461827754974365;7.11862325668335;9.245375633239746;7.1721038818359375;9.21437644958496;7.178127288818359;7.392317422778761;8.238404739325079;8.370687406807217;9.96289600533726;8.686500527183219;8.08214904135387;8.098032082960527;7.285402218862249;7.108524456778169;9.558420713268664;8.011227255423254;9.507794640198696;9.189824558880018;9.016808287686557;8.96289600533726;7.686500527183218;10.127994320976391;8.76487159073609;9.13699111208023;9.403012023574997;10.804937672051908;6.977279923499917;7.960001932068081;9.187352073200495;9.147204924942228;8.194756854422248;8.224001674198105;8.823367240046235;8.72451385311995;8.308339030139408;7.94251450533924;7.774787059601174;8.03342300153745;9.002815015607053;8.303780748177102;6.794415866350106;8.280770770130603;7.651051691178928;8.03342300153745;8.550746785383243;9.428360172704291;8.930737337562887;8.665335917185176;9.364134655008051;7.851749041416057;9.49585502688717;9.62935662007961;8.968666793195208;9.820178962415188;9.306061689428342;7.622051819456376;8.005624549193879;8.442943495848729;7.076815597050831;8.124121311829187;8.016808287686555;8.271463027904375;7.714245517666122;8.848622940429339
12.053990364074709;11.193543434143066;12.719887733459473;11.068567276000977;11.16986846923828;11.824671745300291;12.720114707946776;12.720343589782717;12.714648246765137;12.716008186340332;11.026762962341309;11.55588722229004;11.90015697479248;11.29305934906006;11.644482612609863;11.02349853515625;12.680628776550291;11.026762962341309;12.327930450439451;12.510884284973145;12.629534721374512;10.982712745666504;12.691109657287598;10.979363441467283;12.257105827331545;12.702425956726074;12.706700325012209;11.755094528198242;12.720147132873535;10.977710723876951;11.859966278076172;11.79165744781494;11.616484642028809;12.719887733459473;12.719761848449709;10.978241920471191;11.689094543457031;10.977083206176758;11.026449203491213;12.616024017333984;11.079668998718262;11.847805976867676;10.985859870910645;11.069472312927246;11.55348300933838;12.443676948547363;10.99093532562256;10.993952751159668;12.719819068908691;11.033223152160645;12.71188735961914;12.71188735961914;11.082338333129885;12.423742294311523;11.398503303527832;12.720328330993652;12.57240390777588;11.900856971740724;12.673296928405762;11.088125692188209;10.409390936137704;11.544481522310791;12.783816759320182;11.71037597120447;11.489847960439295;11.723660944409984;11.556984957594462;11.40992124124968;12.269418929741096;11.376125389276174;12.485577770903188;12.454813348512523;11.188588845707349;11.350939181546432;11.60917873814198;12.697184783224516;12.929073435876813;11.16427843830117;12.646108641506103;12.65127597334664;11.20212382383046;10.727069558023706;12.296916206879288;11.768184324776929;11.64250302878052;11.443461612227392;11.637077657143664;11.538673953082668;11.262682142362165;11.828136484194108;11.543031820255235;11.229419688230417;12.730894646541673;11.348728154231075;11.163649676015824;11.57553924683453;11.127349541059118;11.696098170955864;11.508289986140348;11.51717725268954;12.2103669456326;11.618844301766652;11.43567026093655;11.532842910961282;12.255323690008137;12.475226777742266;11.326429487122304;12.041316915829444;12.52772134428452;11.677719641641009;11.180530807344482;11.304921669581672;12.691961564216788;11.42259043389256;11.121533517340032;11.177419537989236;11.571752643503546;11.38747886584238
10.639105796813965;10.367471694946287;11.97359561920166;11.726004600524902;11.087960243225098;10.340933799743652;12.1598482131958;12.160067558288574;12.152583122253418;12.159017562866213;11.328442573547363;10.462441444396973;10.341073036193848;11.747546195983888;11.635869979858398;10.324335098266602;11.965808868408203;11.328442573547363;11.96859073638916;10.446702003479004;12.035333633422852;10.326175689697266;11.049979209899902;10.324509620666504;11.19794464111328;11.775458335876465;12.106051445007324;11.509705543518066;12.160196304321287;10.324950218200684;12.01268482208252;11.794922828674316;10.352126121520996;11.97359561920166;12.160053253173828;10.32492733001709;10.782320976257324;10.324307441711426;11.368144035339355;10.459465026855469;10.807929039001465;10.910231590270996;10.408666610717772;10.333914756774902;12.01630973815918;12.15347671508789;11.007280349731444;10.32596492767334;12.15569019317627;12.142123222351074;12.157054901123049;12.157054901123049;10.327818870544434;12.12494945526123;12.070913314819336;12.159378051757812;12.157896995544434;10.99101448059082;12.156916618347168;10.60917873814198;9.560332834212442;10.614709844115207;11.806952328210736;11.03342300153745;10.199672344836364;10.314016703901355;10.599912842187129;10.478769619475765;10.94617524072356;10.558420713268664;11.458406613236534;11.179909090014934;9.81698362325538;10.353146825498085;10.306061689428342;11.378836713210614;11.807757403589267;10.550746785383245;11.97333862080036;11.272046524389935;10.253847484987404;9.952741247186488;11.191676146352428;11.493355121494906;10.461479447286155;10.118941072723509;10.50481898763284;10.01262453886506;9.72451385311995;11.175549550636193;10.328674927327947;9.805743872151618;12.461990950585571;10.542064542283445;10.62844554013718;9.681238411777803;9.7632123668144;10.377210530388552;10.452241240430816;10.615629636968098;11.545929769085468;10.337621901992508;10.189824558880018;11.130570562805426;11.718104713121756;11.162391328756906;10.224001674198105;10.646558710154547;11.086136225027309;11.451726268074506;10.0566377151132;10.328674927327947;11.7553048882624;9.9901039638575;9.531381460516313;10.296916206879288;10.929258408636972;10.034798962577268
10.40321922302246;12.168875694274902;12.33492946624756;11.082531929016112;12.25665283203125;10.249041557312012;12.33246612548828;12.328173637390137;12.33404541015625;12.33046817779541;11.800642013549805;12.05047607421875;10.025352478027344;10.171098709106444;10.16245460510254;11.46237087249756;12.334429740905762;11.800642013549805;11.855267524719238;10.024747848510742;10.151973724365234;10.65431308746338;10.025033950805664;10.036540985107422;12.229707717895508;10.024746894836426;12.33502960205078;10.033731460571287;12.313714981079102;10.024959564208984;12.332281112670898;12.334402084350586;11.63973903656006;12.33492946624756;12.2322998046875;11.71617317199707;12.319878578186035;10.031011581420898;12.085208892822266;10.024724960327148;10.063484191894531;10.66344165802002;10.112269401550291;10.081533432006836;12.317036628723145;10.532886505126951;10.024823188781738;10.424774169921877;11.350712776184082;12.311376571655272;12.331454277038574;12.331454277038574;10.486289978027344;10.18982219696045;10.024724960327148;10.335923194885254;12.33203125;11.423454284667969;10.141841888427734;13.089781488353998;13.41758884038258;10.774787059601174;13.675846798363596;12.341240820538747;14.380055148544896;14.798421172228954;12.43149760425805;11.744413410557655;11.944346034137832;11.642954223480332;12.66644593881483;11.929628283024565;11.914758838941856;11.1705510353167;12.057314877782703;14.160265375794546;14.134506539022745;12.862637357558794;13.22836777783683;12.92184093707449;11.573173784686484;10.452241240430816;12.108197722535827;13.09984089900072;12.606405212697783;12.35397382181817;12.487840033823051;12.89519657256334;12.450953464712992;12.553149275598548;12.971184272404678;12.02271457304476;13.583200322609205;11.378836713210614;11.91737207947684;11.275542556086725;12.400612641082;15.265798155172575;13.976116567946908;10.466586337719244;11.925925264972856;13.216139556425135;11.11699367754698;10.4757334309664;13.62445278651674;12.702172685365548;10.323054760341646;12.00562454919388;15.285438343586272;10.193525360501216;12.239598529249124;11.843528534611089;13.25502856981873;10.822570830950168;10.286557761607956;11.51668494930961;13.622623840811512;13.134426320220928
13.352533340454102;13.347058296203612;13.352949142456056;12.68125343322754;12.072738647460938;12.744545936584473;13.296256065368652;13.366778373718262;13.35747241973877;13.353189468383787;11.88607120513916;13.366544723510742;12.627991676330566;11.889131546020508;12.931735038757324;12.20624828338623;12.867877006530762;11.88607120513916;11.902536392211914;13.211100578308104;11.89518928527832;11.871548652648926;13.36677074432373;11.874561309814451;13.36241340637207;13.366781234741213;13.35580062866211;11.908453941345217;13.365463256835938;11.874058723449709;13.353025436401367;12.430339813232422;13.10942554473877;13.352949142456056;12.903499603271484;12.282281875610352;13.361769676208496;11.873807907104492;11.891851425170898;11.871318817138672;11.939005851745604;12.23629093170166;12.007501602172852;11.87363624572754;13.36133861541748;13.271737098693848;11.871960639953612;11.886457443237305;13.366689682006836;12.200467109680176;13.363045692443848;13.363045692443848;11.910565376281738;11.97883415222168;11.87416934967041;13.366724014282228;11.965173721313477;11.895252227783203;13.030762672424316;11.826945650415484;11.677719641641009;12.322773176454564;13.81977993183848;12.393122273589531;12.186114239541643;12.985486199104637;12.162076570374312;11.955649907528374;12.806952328210736;12.246146774635864;13.429929741353272;13.234068951183083;12.261507309202056;11.965423565810127;12.537461094633018;13.380190466749834;13.248224089668474;12.084808387804362;13.151016538892248;13.584022940257542;12.076147528022505;12.240791332161956;12.96000193206808;12.64092273517345;12.340406490853294;12.39901083295199;12.575066464578656;12.46352437327118;12.512740462803498;12.557463701597824;12.607099094093552;12.434628227636724;13.223700075986306;12.624110035762987;11.85369942030022;12.253552062637464;11.863411958941638;12.70433597118232;12.43827205612483;12.489597122389307;12.544240006441658;12.47015043527436;12.746514321138465;11.923327485419192;13.14242620231898;13.460711852141213;12.459687756239548;13.183015000882756;12.869208250550829;12.639340708652233;11.798471801101618;12.3151495622563;13.606983470367512;12.048486873992337;11.83289001416474;12.21856323619027;12.428883552010191;12.194449079479025
10.345355033874512;11.679497718811035;11.7485990524292;10.264763832092283;10.260013580322266;11.728690147399902;11.601588249206545;11.74970531463623;11.7394437789917;11.749051094055176;10.303483963012695;11.692265510559082;11.271943092346191;10.248372077941896;10.246861457824709;10.260007858276367;11.459918022155762;10.303483963012695;11.44784927368164;11.744935035705566;11.321331024169922;10.315793991088867;11.749688148498535;10.247064590454102;11.624067306518556;11.747719764709473;11.74951457977295;10.246811866760254;11.749696731567385;10.246797561645508;10.843443870544434;10.332268714904783;11.733341217041016;11.7485990524292;11.749693870544434;10.25246524810791;11.267680168151855;10.371294021606444;10.545494079589844;10.255363464355469;10.251250267028809;11.174914360046388;10.272597312927246;10.747028350830078;11.7239990234375;10.326791763305664;10.279479026794434;10.257634162902832;11.749704360961914;10.351573944091797;11.749529838562012;11.749529838562012;10.248697280883787;11.734140396118164;10.25026798248291;11.74970531463623;10.262409210205078;11.35651397705078;11.74453067779541;10.468624042918018;10.433585441150496;10.509775004326936;12.07648160120702;10.834471049984222;10.560332834212442;11.40886043602476;10.515699838284045;10.319672120946995;11.335390354693924;10.679480099505446;11.68431031112435;11.639792893279312;10.422064766172811;10.375039431346924;11.002815015607052;11.98299357469431;11.52258153125483;9.975847968006784;11.233619676759702;12.026869205263395;10.459431618637296;10.076815597050832;11.32755264408124;10.474719946526482;10.821773981970567;11.019590728357882;11.175549550636193;10.872674880270605;11.018895621121649;10.809768128710411;10.85096815098244;10.871905237659186;11.321364432039449;10.823367240046236;9.94397991434374;10.568906154502084;10.368506461507693;11.25502856981873;11.353698209048035;10.709083812550343;10.667111542075029;11.1879705919842;11.355351096424812;10.12670447284319;11.674633661767269;11.923327485419192;10.8193807908646;11.603626344986193;11.12605911607068;10.752380646552892;10.566054038171092;10.651948610723446;11.490349505739289;10.547858506058416;10.205793249397155;10.851749041416058;10.59245703726808;10.73978060977326
11.87865161895752;11.920212745666504;11.152344703674316;11.887444496154783;10.568663597106934;11.413984298706056;10.932963371276855;11.920916557312012;11.897360801696776;11.890521049499512;11.542510986328123;11.79294490814209;11.777788162231444;10.423553466796877;10.421424865722656;10.418025016784668;11.826218605041504;11.542510986328123;11.917165756225586;11.796765327453612;11.904497146606444;10.41733169555664;11.920940399169922;10.417133331298828;11.810416221618652;11.920512199401855;11.912775993347168;10.41876220703125;10.658923149108888;10.41711711883545;11.101483345031738;10.539908409118652;11.25793743133545;11.152344703674316;11.725497245788574;10.423733711242676;10.836176872253418;10.418703079223633;11.7504243850708;10.417253494262695;10.800110816955566;11.828631401062012;10.87527084350586;10.425548553466797;11.919236183166504;11.822330474853516;11.51756191253662;10.417344093322754;11.920954704284668;10.990619659423828;11.910847663879396;11.910847663879396;10.522918701171877;11.47956085205078;10.602435111999512;11.92094612121582;11.644407272338867;10.792466163635254;11.917462348937988;10.654636028527968;10.82097669262124;11.055960234452296;12.396337194231098;10.381542951184583;10.78053976747196;11.253847484987404;11.047123912114026;10.689997971419446;11.811374693509942;11.243173983472952;12.236313227042803;11.584022940257542;10.63662462054365;10.634811050171718;11.29117069932186;12.135388651579046;11.546894459887636;10.253847484987404;11.78749449969676;12.595024318613635;10.684748620421626;10.216745858195306;11.619761463298424;10.991521846075695;10.59245703726808;10.934428040626804;11.466586337719244;11.032045726930807;11.2246046815385;11.496853777388042;10.778077129535358;11.030667136246942;11.952377251967985;10.873444112515376;10.699572453287267;10.489847960439295;10.657318449581288;11.12088584278779;11.900866807980748;10.405141463136344;11.901244032467376;11.141468555393084;11.201511344500146;10.984418458801136;12.213711798105672;12.422853195944263;11.471675214392045;11.94397991434374;11.434106928609957;11.63662462054365;10.794415866350104;11.049848549450562;11.884933647949762;11.144020869266893;10.668884984266247;11.496853777388042;11.002111776479852;10.734709620225836
8.31242561340332;8.332404136657715;11.039911270141602;8.955357551574707;8.345100402832031;8.86690616607666;10.9620943069458;8.432558059692383;9.804265022277832;10.897406578063965;9.644317626953123;8.315110206604004;8.330670356750488;8.865351676940918;11.040184020996094;9.079973220825195;8.311111450195312;9.644317626953123;10.850775718688965;8.519282341003418;11.038278579711914;8.315242767333984;10.89393138885498;10.779423713684082;10.374956130981444;10.985711097717283;8.311297416687012;8.324716567993164;11.040000915527344;8.3113431930542;9.442089080810549;11.022497177124023;8.312811851501465;11.039911270141602;10.335630416870115;8.37334156036377;11.039713859558104;8.310955047607422;8.60938549041748;8.313741683959961;11.033589363098145;11.040238380432127;9.051762580871582;8.889798164367676;10.985712051391602;11.04024600982666;11.040244102478027;8.3109712600708;10.986845016479492;11.037766456604004;9.115610122680664;9.115610122680664;10.241975784301758;8.479552268981934;11.039750099182127;10.468206405639648;8.311654090881348;10.728134155273438;11.04024600982666;8.370687406807217;6.247927513443585;7.988684686772165;9.174925682500678;8.885696373339394;8.011227255423254;9.116343961237469;8.499845887083206;8.071462362556623;9.038918989292302;7.475733430966398;8.951284714966972;9.139551352398794;8.353146825498083;7.98299357469431;8.285402218862249;8.985841937003341;8.665335917185176;7.845490050944375;8.103287808412022;8.558420713268664;7.936637939002571;7.86418614465428;8.558420713268664;8.622051819456376;6.965784284662087;7.622051819456376;7.700439718141092;7.451211111832329;7.826548487290915;8.912889336229961;7.78135971352466;7.78135971352466;8.622051819456376;7.820178962415188;8.174925682500678;8.108524456778168;7.832890014164741;7.839203788096944;7.546894459887636;7.876516946564999;9.047123912114026;8.044394119358454;7.348728154231077;8.366322214245816;8.266786540694902;8.918863237274595;7.599912842187128;8.344295907915816;9.092757140919852;8.665335917185176;7.60733031374961;8.060695931687555;9.550746785383245;8.092757140919852;7.851749041416057;7.679480099505446;8.164906926675688;7.622051819456376
11.260775566101074;10.743106842041016;12.556635856628418;10.763272285461426;12.011499404907228;12.22243881225586;12.31443691253662;12.557602882385254;12.462343215942385;12.487896919250488;12.293038368225098;12.247719764709473;12.545415878295898;10.701241493225098;10.727903366088867;12.553641319274902;12.55426025390625;12.293038368225098;10.714367866516112;10.725732803344728;12.2606782913208;10.762354850769045;12.557242393493652;10.94001007080078;12.506067276000977;12.55762767791748;12.503734588623049;10.698599815368652;11.705370903015137;10.696958541870115;11.915517807006836;12.515127182006836;12.530035018920898;12.556635856628418;12.549043655395508;11.441484451293944;12.557562828063965;10.697638511657717;10.697134017944336;10.696876525878906;11.750765800476074;11.146156311035156;10.780517578125;10.846380233764648;11.899751663208008;12.267470359802246;10.769923210144045;10.767333984375;12.55663776397705;11.306877136230469;12.431139945983888;12.431139945983888;12.51433277130127;10.708772659301758;10.715049743652344;12.557124137878418;10.709664344787598;12.024043083190918;12.555777549743652;10.605479518061667;10.61194694181998;11.600377553107844;12.924626959905329;11.592924155627635;11.980853606379736;11.834471049984222;11.174925682500678;11.553629293916364;12.846665681899738;11.3437409184722;12.946540803893104;12.239896822445862;11.991521846075695;11.752798758435516;11.203348002979762;13.36468185586456;12.57530287507339;11.617008227651963;12.687375683437468;13.202736043250168;10.623881490013458;11.214319120800766;12.434628227636724;12.333155350310616;11.776433032444732;11.532355925288847;11.719816603018126;11.461990950585571;11.461990950585571;11.968666793195208;11.144658242831882;11.56081046872794;12.342630298678408;11.724940118462358;10.985130373466898;11.470658874060552;11.06406908038551;11.624795455860236;11.728345714710976;11.70865283568653;11.8668925276766;11.807354922057604;11.482303782323182;10.977995368612962;12.233919208586975;12.85584179604994;11.46096776257042;12.208843990734614;12.672646326124626;11.105253779700885;11.231821178657404;11.480790201095816;12.047123912114026;11.545447181678094;11.277287400130357;11.347067657165873;11.452241240430816;11.57790083688697
12.65965747833252;11.929450035095217;13.02472686767578;12.393580436706545;12.61575984954834;11.64521026611328;13.027414321899414;13.027345657348633;13.026481628417969;13.026750564575195;11.99801540374756;12.897157669067385;11.43227481842041;11.411934852600098;12.99961757659912;11.931224822998049;13.010793685913086;11.99801540374756;12.992600440979004;11.420525550842283;12.988363265991213;11.410831451416016;12.975675582885742;11.41122817993164;12.828907012939451;13.026897430419922;13.009374618530272;11.633882522583008;13.02694606781006;11.419271469116213;13.012432098388672;12.868412971496582;11.438454627990724;13.02472686767578;13.025809288024902;11.455265045166016;12.99688720703125;11.410754203796388;11.638532638549805;11.410737037658691;12.478808403015137;12.997587203979492;11.414462089538574;11.418076515197754;12.937707901000977;13.025602340698242;11.701321601867676;11.41078281402588;13.02575397491455;12.254568099975586;13.025803565979004;13.025803565979004;12.610166549682615;12.80542278289795;11.412483215332031;13.02449893951416;12.405208587646484;12.639402389526367;13.026707649230955;10.92035285541508;10.33427328530719;11.375582512490508;12.91214085629572;11.68255574108031;11.26209484537018;11.793603309279408;11.63117705570398;11.01262453886506;12.097044499322951;11.326429487122304;12.734497941692572;12.550025257465784;11.208843990734614;11.32755264408124;11.649705265471413;12.81317994301459;12.761343456100647;10.806549621985962;12.690652799348484;12.963076692298594;11.184875342908285;11.014020470314934;12.2246046815385;11.9683067944308;11.29174628083394;11.413627929024171;11.611024797307351;11.571752643503546;11.53818893205242;11.539643506238036;11.279030136449649;11.166163082646111;12.651724433108065;11.401412878714178;11.23840473932508;11.466586337719244;11.418379719364957;11.7515440590891;11.536247215688128;11.915879378835774;12.278449458220482;11.505811553919594;11.255618749839597;11.61056350392504;12.169298695792843;12.33147682185962;11.585901449690772;12.286846502735887;12.516192477879368;11.515699838284045;11.311180660053354;11.40886043602476;12.59269061535341;11.381002109550924;11.286557761607956;11.312882955284357;11.64745842645492;11.362491806046062
11.228487014770508;11.22847843170166;10.930412292480469;11.219292640686035;10.21876621246338;10.54999828338623;9.323942184448242;9.536952018737791;11.227356910705566;10.813411712646484;10.89716625213623;9.773744583129885;11.217918395996094;9.174470901489258;9.29481029510498;9.18130111694336;11.220840454101562;10.89716625213623;11.228111267089844;9.221864700317385;11.222566604614258;9.171725273132324;9.34618091583252;9.208233833312988;10.85332202911377;9.172395706176758;11.213088035583496;9.196706771850586;9.171425819396973;9.171416282653809;9.219919204711914;10.288174629211426;10.297637939453123;10.930412292480469;10.08427619934082;9.196200370788574;9.173215866088867;9.171442031860352;10.279717445373535;9.234867095947266;10.153367042541504;11.228203773498535;10.654784202575684;9.176750183105469;10.79817008972168;10.585835456848145;10.63721752166748;9.1725492477417;11.08081340789795;9.229344367980955;9.714119911193848;9.714119911193848;10.538132667541504;9.659807205200195;9.409282684326172;10.989018440246582;11.219005584716797;11.169432640075684;10.015626907348633;8.848622940429339;8.339850002884624;8.804131021183318;10.44190670454224;7.839203788096944;7.523561956057013;9.390168956200185;9.306061689428342;8.005624549193879;8.897845456005511;8.707359132080883;9.674192268145683;8.643856189774725;7.888743248898259;7.426264754702098;8.459431618637296;9.184875342908285;9.273795599214264;7.734709620225838;8.189824558880018;9.970105890612182;8.774787059601174;8.016808287686555;9.252665432450248;8.800899899920305;7.562242424221073;7.870364719583405;8.640244936222345;8.204571144249204;8.550746785383243;9.098032082960527;7.960001932068081;7.686500527183218;8.839203788096944;8.31741261376487;8.29920801838728;7.312882955284356;8.651051691178928;8.957102041562287;9.556506054671928;9.044394119358454;11.407267764244732;7.918863237274595;7.554588851677638;10.025139562278508;9.705632387361415;10.08746284125034;9.92184093707449;9.079484783826816;9.562242424221072;8.103287808412022;8.539158811108031;8.823367240046235;9.684748620421626;9.041659151637214;8.703903573444663;9.78135971352466;8.90388184573618;7.569855608330948
4.567947864532471;4.557126045227051;6.409580230712891;6.39912748336792;6.254642963409424;4.569497585296631;6.411783218383789;6.415852546691895;6.40409517288208;6.415750026702881;5.009068012237549;5.804710388183594;4.5581254959106445;4.566770553588867;6.039804458618164;4.670073986053467;5.199485778808594;5.009068012237549;6.391639232635498;4.557370185852051;6.413974285125732;4.558676242828369;4.792148590087891;4.557547569274902;4.8904218673706055;6.254087448120117;6.410526752471924;4.58651876449585;6.415855407714844;4.570140838623047;6.407052993774414;5.706581592559815;4.559614658355713;6.409580230712891;6.4158549308776855;4.560831069946289;6.415483951568604;4.557960033416748;5.333541393280029;4.564363956451416;4.631122589111328;6.414086818695068;4.560222148895264;5.280850887298584;5.6728925704956055;5.979641437530518;6.412418842315674;4.556985855102539;6.410660266876221;6.39835262298584;6.415116310119629;6.415116310119629;5.589688301086426;6.409666061401367;4.871826648712158;6.414102077484131;5.13381290435791;6.364950180053711;6.415801048278809;4.523561956057013;2.0;5.129283016944966;4.954196310386875;4.807354922057604;4.321928094887363;3.584962500721156;4.754887502163468;4.807354922057604;4.906890595608519;3.700439718141092;5.523561956057013;5.78135971352466;3.807354922057604;3.807354922057604;4.392317422778761;5.169925001442312;5.20945336562895;3.321928094887362;4.954196310386875;5.727920454563199;3.169925001442312;4.392317422778761;4.807354922057604;5.0;3.584962500721156;3.807354922057604;3.906890595608519;3.906890595608519;3.584962500721156;4.169925001442312;3.584962500721156;3.906890595608519;5.044394119358453;4.087462841250339;3.700439718141092;4.643856189774724;4.087462841250339;3.584962500721156;2.807354922057604;4.954196310386875;4.700439718141092;4.087462841250339;4.584962500721156;4.754887502163468;5.285402218862249;5.169925001442312;4.700439718141092;4.954196310386875;4.700439718141092;5.044394119358453;3.4594316186372973;4.459431618637297;5.247927513443585;3.700439718141092;4.392317422778761;4.459431618637297;4.247927513443585;3.807354922057604
10.71379280090332;11.439912796020508;9.253793716430664;10.872065544128418;8.910981178283691;11.430177688598633;11.43839168548584;11.33123016357422;11.394472122192385;9.335111618041992;10.101834297180176;9.02465534210205;8.791499137878418;8.812792778015137;11.434104919433594;8.79879379272461;9.521018028259276;10.101834297180176;11.431446075439451;9.819544792175291;11.29234504699707;8.812865257263184;11.43482780456543;8.79149055480957;11.397456169128418;11.439019203186035;11.438628196716309;10.543478965759276;8.791470527648926;9.245022773742676;9.394161224365234;11.428823471069336;8.796509742736816;9.253793716430664;10.097892761230469;11.205087661743164;10.292503356933594;9.74866008758545;11.407316207885742;8.791470527648926;11.36820125579834;10.090680122375488;9.02545166015625;11.21254539489746;11.439385414123535;11.434643745422363;10.056129455566406;8.791470527648926;11.439496994018556;10.246363639831545;11.33368968963623;11.33368968963623;10.925240516662598;10.87917137145996;8.793519973754883;11.437837600708008;10.799830436706545;11.405695915222168;11.131722450256348;9.823367240046236;10.105908508571158;9.674192268145683;11.834866038362016;9.74819284958946;9.91139198784346;10.210671343785622;9.731319031025064;10.00562454919388;10.98370619265935;9.845490050944376;11.539643506238036;11.559855041513623;10.308339030139408;9.995767150877802;10.31741261376487;11.757390009366638;11.423641195075856;9.422064766172811;9.927777962082342;11.690434556395054;9.381542951184583;9.594324603924848;11.38586240064146;10.271463027904376;10.395534135462302;9.923327485419192;10.625708843064466;10.049848549450562;10.187352073200495;10.320800548881635;9.719388820942084;10.247927513443583;9.571752643503546;10.69522829149575;9.328674927327947;10.17617314910749;9.722807531169549;10.20212382383046;10.852529509404196;10.605479518061667;10.310612781659527;10.970105890612182;10.375039431346924;9.08746284125034;11.208843990734614;11.269126679149418;10.779719355143405;11.045759661382682;10.91288933622996;9.499845887083206;10.380461065088973;9.987264012072538;9.965784284662089;9.961449694398196;9.807354922057604;10.709945380232496;9.961449694398196;10.358651200892886
14.57548999786377;14.62395477294922;10.88417911529541;14.739770889282228;11.529048919677734;10.885368347167969;10.884157180786133;10.884325981140137;14.73982048034668;12.652911186218262;11.00778102874756;10.899683952331545;14.56699275970459;12.133216857910156;11.016960144042969;13.43947982788086;14.725214958190918;11.00778102874756;14.708731651306152;10.905325889587402;14.359270095825195;10.893153190612791;14.589900016784668;14.740046501159668;14.736607551574709;14.740179061889648;10.936189651489258;10.944826126098633;10.93942165374756;10.884028434753418;13.0536470413208;12.43423080444336;14.730956077575684;10.88417911529541;11.00133228302002;13.962645530700684;12.040878295898438;10.88465690612793;13.743915557861328;13.5629301071167;10.912099838256836;14.740120887756348;14.739893913269045;10.896419525146484;10.97385597229004;11.741011619567873;14.739635467529297;14.658668518066406;11.336248397827148;11.851776123046877;10.891057968139648;10.891057968139648;14.693397521972656;12.85805892944336;13.819201469421388;12.090126037597656;11.648955345153809;12.53782558441162;14.740095138549805;11.735132884139947;10.680359523513712;11.919608238603251;12.81358080298963;13.176640671134011;11.381542951184583;12.25089053572334;11.889884170302828;11.661778097771988;12.165535141377925;12.393658591454772;13.136670762341843;13.356864581418872;11.945077995107816;11.112439506781552;12.486332252768664;13.17367713630342;12.442684367865834;10.854089179870574;12.85369942030022;12.861862340059153;12.250298417906333;12.580258567499788;12.127994320976391;10.975847968006784;12.00982861736811;12.570330101030798;12.412834440119273;12.21856323619027;12.400078902622012;11.972979786066292;11.894817763307945;11.81977993183848;12.101975670949232;12.105908508571158;11.160501747555688;11.81177605532666;12.49160260669611;13.068946179648783;11.727069558023706;13.05273784954982;11.99081307915361;12.1373113907009;12.119589620741122;11.629811944382231;12.855452509744048;12.741677644945858;12.158294103604035;12.647008638441648;11.825356341479337;10.8193807908646;11.564149489985732;11.413098984915264;12.720885503593724;11.15608307628868;12.00982861736811;11.657318449581288;11.687375683437468;11.240195053979924
14.341368675231934;14.631478309631348;12.16251277923584;14.70396327972412;14.71498966217041;12.15821361541748;14.731764793395996;14.683355331420898;13.32228660583496;12.252208709716797;13.901569366455078;14.626365661621094;12.177651405334473;13.70956325531006;14.23491382598877;13.25353717803955;14.723012924194336;13.901569366455078;14.731542587280272;12.163875579833984;14.731741905212402;12.16062355041504;12.735878944396973;12.16236400604248;13.93549919128418;14.615242958068848;14.731363296508787;14.210865020751951;14.510872840881348;14.727222442626951;14.707847595214844;12.236517906188965;12.537211418151855;12.16251277923584;13.955693244934082;14.440196990966797;14.347390174865724;12.678702354431152;14.717137336730955;12.329693794250488;13.060476303100586;12.158041954040527;12.254799842834473;12.17298698425293;12.471282958984377;14.601393699645996;13.590152740478516;13.07067584991455;12.8117036819458;12.167595863342283;14.055307388305664;14.055307388305664;14.73154354095459;12.201154708862305;12.157910346984863;14.599138259887695;14.72860622406006;12.9164400100708;14.07583236694336;11.98477446004684;12.978531719709377;13.773551346428505;14.51422090935813;14.156557153199971;13.879296060392983;14.10909606370718;12.964521373897238;14.065668567392636;14.53818893205242;12.66222330531784;14.241163880915709;14.484067622432198;12.843921051289035;13.181462881270017;13.24347153839633;14.760979775479091;12.979425195331473;12.553149275598548;12.924441392339196;15.216480632522918;12.31373335026382;12.522091068887065;14.102631888854969;13.588011853215088;12.994883741970837;13.20197072837312;13.687047562051522;13.117318426010003;13.173833263682058;14.544360769430126;13.15718901351485;13.78269113274609;13.074308741440255;14.310186726124348;11.062720767165043;13.560093957642495;12.149111990706889;13.109177703355275;13.416137768578286;13.745674324002136;12.95746484680521;13.595956743943162;13.00965369223411;12.644757592516257;13.40274562249569;14.607792641919213;13.593857938858225;13.550626555786868;14.271390074247517;13.340684654363438;12.264149339723328;13.468369487109523;13.49597990851814;13.38221871823094;12.616319096976865;13.213863652749346;13.617926556798752;13.930922097125269
9.488531112670898;9.763042449951172;11.240507125854492;9.754014015197754;9.488931655883787;9.746278762817385;11.242817878723145;11.242918968200684;11.237445831298828;11.242621421813965;9.48904800415039;10.494131088256836;9.488646507263184;9.611577033996582;11.183616638183594;9.50740909576416;9.489418983459473;9.48904800415039;11.195375442504885;10.545276641845703;10.42074966430664;9.489686965942385;11.238714218139648;10.085532188415527;11.212355613708496;11.242402076721191;11.067914962768556;9.489145278930664;11.242929458618164;9.48960304260254;11.213459014892578;11.12543773651123;9.61874008178711;11.240507125854492;11.242895126342772;9.519253730773926;11.242133140563965;9.488533973693848;11.123419761657717;9.488998413085938;9.534177780151367;11.242730140686035;10.448688507080078;10.23591423034668;11.239873886108398;11.242445945739746;11.241263389587402;9.488482475280762;11.242852210998535;11.238988876342772;11.242583274841309;11.242583274841309;9.492971420288086;11.220592498779297;9.957179069519045;11.242828369140623;9.48854637145996;11.026397705078123;11.242925643920898;8.39231742277876;7.977279923499917;8.442943495848729;10.352043425795433;8.88264304936184;8.179909090014934;10.026523442519766;8.665335917185176;7.515699838284043;8.519636252843213;8.483815777264256;9.44086916761087;8.741466986401146;8.087462841250339;7.426264754702098;8.60733031374961;9.247927513443583;9.79603960882977;7.994353436858858;9.002815015607053;8.933690654952233;8.566054038171092;7.546894459887636;9.398743691938192;8.861086905995395;8.487840033823051;7.651051691178928;8.531381460516313;8.366322214245816;8.523561956057012;8.581200581924957;8.400879436282183;8.214319120800766;9.909893083770042;8.734709620225837;8.90388184573618;7.139551352398794;8.174925682500678;9.005624549193879;9.172427508645482;8.43879185257826;9.310612781659527;8.658211482751796;8.727920454563199;8.558420713268664;9.483815777264256;9.35974956032233;8.573647187493322;8.906890595608518;8.851749041416058;9.3151495622563;8.20945336562895;8.312882955284355;10.5401280385821;7.761551232444479;7.562242424221073;8.710806433699352;9.290018846932618;7.906890595608519
10.673007011413574;12.127113342285156;12.128009796142578;11.059086799621582;10.610151290893556;12.030101776123049;12.132020950317385;12.132140159606934;12.127676010131836;12.131473541259766;10.605820655822754;12.111458778381348;10.605324745178224;10.613506317138672;11.10202693939209;10.61202907562256;11.049276351928713;10.605820655822754;12.129952430725098;12.076312065124512;12.078194618225098;10.605372428894045;12.131704330444336;10.604750633239746;11.899554252624512;12.1316556930542;12.13161277770996;10.631742477416992;12.132075309753418;10.739380836486816;12.097956657409668;10.853166580200195;10.637041091918944;12.128009796142578;12.126940727233888;10.625731468200684;11.933185577392578;10.739007949829102;12.069313049316406;10.605083465576172;10.629338264465332;12.03455924987793;10.615921974182127;10.879919052124023;12.130745887756348;12.069896697998049;10.688973426818848;10.60476779937744;12.132124900817873;10.719401359558104;12.13210678100586;12.13210678100586;10.660371780395508;12.12853717803955;10.604814529418944;12.131942749023438;10.69211769104004;10.95118522644043;12.117911338806152;10.66622400280318;10.642954223480332;10.485829308701904;12.064405961891042;10.821773981970567;10.667998535672528;10.521600439723729;10.683871868622605;10.51175265376738;11.270879295328784;10.62296694479051;11.84862294042934;11.619761463298424;9.824958740528524;10.167418145831736;11.019590728357882;12.020285500844649;11.539643506238036;9.776433032444732;11.022367813028454;12.29318423075951;10.729620743553038;9.535275376620802;11.424691191512954;10.26209484537018;10.67595703294175;11.015415052386688;11.348174867535556;11.192292814470768;11.23421867823847;10.932952892194717;10.470658874060552;10.875749351420056;11.036860446673046;10.99435343685886;9.977279923499916;10.582141981658776;10.721953612801386;11.399811959325683;11.46352437327118;11.055960234452296;10.810571634741146;11.18239435340453;11.342630298678408;10.294620748891628;11.961449694398196;12.050868963290736;11.286557761607956;11.797256217509783;11.183635381473218;10.64745842645492;10.69261550169458;10.818582177480858;11.124121311829189;10.589651146514786;10.367414751246828;11.249113452713727;10.543031820255235;10.81698362325538
11.64235782623291;11.688437461853027;9.71668529510498;11.684992790222168;9.331182479858398;9.582512855529783;11.6804838180542;10.68118667602539;11.68836498260498;10.895265579223633;9.31742000579834;9.433449745178224;9.319519996643066;11.57608127593994;10.138781547546388;9.325273513793944;11.589581489562988;9.31742000579834;11.68764591217041;9.585683822631836;10.600878715515137;9.324677467346191;9.462804794311523;10.946318626403809;11.687874794006348;9.729507446289062;11.685989379882812;9.549424171447754;9.376424789428713;9.317383766174316;9.526516914367676;11.399937629699709;11.476208686828612;9.71668529510498;11.213251113891602;9.365656852722168;9.32884407043457;9.317447662353516;11.688324928283691;11.43909740447998;9.317391395568848;11.681267738342283;11.666851997375488;9.44810676574707;11.084627151489258;9.378536224365234;9.339747428894045;11.228667259216309;11.321325302124023;9.403132438659668;11.437406539916992;11.437406539916992;9.823720932006836;11.611143112182615;9.317432403564451;11.62427043914795;11.687980651855469;10.418882369995115;9.352919578552246;9.226412192788786;9.96000193206808;9.214319120800766;11.279610581052484;9.98584193700334;10.15608307628868;12.628217680223434;8.76487159073609;8.754887502163468;9.477758266443889;8.784634845557521;11.43827205612483;10.391243589427445;10.370687406807216;9.38586240064146;9.60733031374961;9.905387005018133;10.902375114486023;9.807354922057604;10.377210530388552;10.569855608330949;8.845490050944376;8.90388184573618;9.533329732305834;10.743992861060176;10.428360172704291;8.988684686772165;9.111135670234708;9.59618975614441;9.417852514885896;9.066089190457772;9.005624549193879;9.407267764244732;10.725366257895642;8.79766152585376;9.52943055414615;7.994353436858858;9.94397991434374;12.045759661382682;11.108524456778168;10.276124405274238;9.44086916761087;9.902375114486023;9.13699111208023;8.965784284662087;11.059344460824423;10.096715154488535;8.800899899920305;9.754887502163468;11.28828934218097;8.581200581924957;9.172427508645482;9.08746284125034;10.877284133523196;8.839203788096944;8.164906926675688;8.854868383260236;10.729620743553038;9.4241662888181
10.953386306762695;10.957773208618164;10.658893585205078;10.851847648620604;8.712363243103027;10.906639099121094;10.956664085388184;10.957236289978027;10.921571731567385;10.870091438293455;8.726831436157227;10.869394302368164;8.999472618103027;10.2218017578125;9.320649147033691;8.700652122497559;10.893404006958008;8.726831436157227;10.839041709899902;10.885469436645508;8.733779907226562;8.71060848236084;10.90249729156494;8.700766563415527;10.844663619995115;8.875487327575684;10.957571029663086;9.402164459228516;8.701791763305664;8.703699111938477;10.531519889831545;9.33198356628418;9.919965744018556;10.658893585205078;8.71641731262207;8.711186408996582;8.706501960754395;8.763394355773926;10.956311225891112;8.702933311462402;8.75148868560791;8.815400123596191;9.46737003326416;8.705570220947266;10.957474708557127;10.928518295288086;8.70061206817627;8.713031768798828;10.955632209777832;9.012029647827148;10.956904411315918;10.956904411315918;8.70134449005127;10.38004207611084;8.703167915344238;10.932406425476074;10.957520484924316;8.737979888916016;8.700725555419922;9.831307243802051;10.24436383512051;10.818582177480858;12.153552031708111;10.468624042918018;10.338736382573916;11.543515216152167;10.161131882984307;9.733015321685963;11.237807473723135;10.450180247164754;12.105908508571158;11.532355925288847;10.709945380232496;10.24555270625568;10.644757592516257;12.155766938445652;11.889503963411476;9.918863237274596;11.147840893672337;12.123798091251857;9.759888183221834;9.7714894695006;11.62844554013718;10.82097669262124;11.193525360501216;10.696098170955864;10.712527000439824;10.821773981970567;10.93810932621924;10.61654884377899;10.544964432789238;10.824163209744158;10.434628227636724;11.094737505048093;9.118941072723509;10.208234358339787;10.0566377151132;10.909893083770042;11.40832974076739;10.759888183221834;10.207014320177532;11.30435132166324;11.3701424794954;9.487840033823051;11.35424938194524;12.072802534544207;10.801708358916462;11.610102062999664;11.26502894245816;9.847057346091336;10.71681946132995;10.407267764244732;11.007027266893967;10.581200581924955;10.252665432450248;10.814582465906277;10.729620743553038;10.93147623388679
10.096332550048828;9.523324012756348;11.476555824279783;10.977250099182127;9.406731605529783;11.47342014312744;9.600116729736328;11.47659683227539;11.451031684875488;11.4757719039917;10.247657775878906;11.379034042358398;10.046917915344238;9.284472465515137;9.99670696258545;11.423791885375977;9.325176239013672;10.247657775878906;9.506739616394045;10.812944412231444;9.380332946777344;9.548195838928224;11.476591110229492;9.284038543701172;11.423951148986816;11.47659397125244;11.331599235534668;9.284119606018066;11.47653102874756;9.283841133117676;9.378214836120604;11.40016269683838;10.617640495300291;11.476555824279783;11.476577758789062;9.315540313720703;11.476534843444824;9.32811164855957;9.331465721130373;9.28337287902832;9.663430213928224;11.47654151916504;9.307687759399414;11.318742752075195;11.47531032562256;10.770790100097656;9.601601600646973;9.283406257629396;11.47659683227539;11.394399642944336;11.47567367553711;11.47567367553711;9.290365219116213;11.363410949707031;9.338726997375488;11.476591110229492;9.301127433776855;11.37839412689209;11.476530075073242;9.7515440590891;11.076147528022505;10.59898297103609;12.964882318367694;11.24198314969433;10.764042217306589;9.99717948093762;10.42940674151398;11.19537220740274;11.556506054671928;10.400879436282183;11.016111838220512;10.324180546618742;11.452241240430816;10.090112419664289;10.380461065088973;11.619302955415687;11.952013164889486;10.113742166049189;11.758223214726724;11.930367747438952;9.99435343685886;9.710806433699352;11.524541715035848;10.923327485419192;11.967226258835993;11.03823313473178;9.744833837499543;11.664447284547972;10.214319120800766;11.581200581924955;10.595257481449035;10.752380646552892;11.488844346457336;11.183015000882756;10.263269200372662;9.86727873970966;10.30149619498255;11.391780606013166;11.074141462752506;10.380461065088973;10.849405100947758;11.844705764411938;11.807757403589267;10.004220466318197;11.653292945382814;12.681897226786235;10.231221180711186;10.871135184243045;11.820178962415188;10.144658242831882;10.153552031708111;10.296916206879288;10.923327485419192;11.214926187942435;9.280770770130603;11.047805554007589;11.56652978262417;12.140829770773
12.01114559173584;12.038124084472656;11.462677001953123;11.204566955566406;10.619867324829102;12.040928840637209;12.027101516723633;12.042223930358888;11.357829093933104;11.460336685180664;11.620195388793944;12.012619972229004;12.033392906188965;10.265859603881836;10.26473331451416;12.036927223205566;12.024744987487791;11.620195388793944;11.56479549407959;10.621097564697266;10.80893325805664;10.412317276000977;12.042251586914062;10.267136573791504;12.027137756347656;12.042255401611328;12.041619300842283;10.267038345336914;10.26409149169922;10.266404151916504;10.314945220947266;11.52405071258545;12.036748886108398;11.462677001953123;11.998786926269531;10.958466529846191;12.035144805908203;10.722063064575195;11.516340255737305;10.26405143737793;10.561361312866213;10.274810791015623;10.70042896270752;10.777425765991213;12.03737735748291;11.34486484527588;10.264434814453123;10.274490356445312;12.042216300964355;10.325111389160156;12.038965225219728;12.038965225219728;11.341781616210938;11.400729179382324;10.264116287231444;12.042165756225586;10.960227012634276;11.460755348205566;11.824880599975586;11.00842862207058;10.964340867792416;10.971543553950772;13.627305880514848;11.590119174107176;11.648357582009666;12.750288267591651;10.967226258835993;11.172427508645482;11.60733031374961;10.992230264965889;12.40381093178603;12.077149515589731;10.757390009366638;10.437752072323605;11.370687406807216;12.576484346796851;12.811976694370289;11.734709620225836;11.926666629347284;12.886649213371976;10.95637615724967;10.564149489985732;11.905010862390297;11.177419537989236;10.94104760634058;12.16804526822409;11.62935662007961;11.71896091198421;11.674192268145683;11.791162888555018;11.92072501975118;11.81698362325538;11.536247215688128;11.728770849542665;10.41256984680521;11.40992124124968;10.953468962228849;12.494355603532846;11.366322214245816;11.567480801143043;11.076815597050832;11.749869427396844;12.907454038318624;10.400879436282183;11.992230264965889;12.58261245126702;11.564625862795372;12.60246690183057;12.611255388699336;10.82097669262124;10.900112062977456;11.519144787997414;12.102631888854969;10.968666793195208;11.034111146096592;11.604553229079038;11.69522829149575;11.90275194485016
9.533459663391112;11.096080780029297;10.304125785827637;10.25710105895996;9.52675437927246;10.8580904006958;11.093243598937988;11.096397399902344;11.095783233642578;11.091008186340332;9.526833534240724;10.148064613342283;9.546015739440918;9.944231033325195;9.551169395446776;9.529037475585938;10.440016746520996;9.526833534240724;11.086912155151367;11.088519096374512;10.45075225830078;9.529155731201172;11.096529006958008;9.609393119812012;11.091362953186035;11.096561431884766;11.077377319335938;9.527143478393556;11.03074073791504;9.526777267456056;10.888467788696287;10.628690719604492;11.040587425231934;10.304125785827637;11.05939483642578;9.649728775024414;10.702637672424316;9.54035186767578;11.083088874816896;9.526881217956545;9.531375885009766;11.084208488464355;11.07277488708496;9.627488136291504;11.096108436584473;11.08402156829834;10.324206352233888;9.5344877243042;11.096527099609377;10.424883842468262;11.09593677520752;11.09593677520752;9.56023120880127;11.08905792236328;9.529793739318848;11.09596347808838;9.529224395751951;9.75991153717041;11.096322059631348;9.73640193131829;9.971543553950772;9.842350343413807;11.49235394515987;9.939579214314692;9.98299357469431;10.698704666770343;9.74819284958946;9.39231742277876;10.471675214392045;10.027905996569883;11.109177703355275;11.094077685671904;9.91139198784346;9.734709620225836;10.31174831500496;11.36139553316589;10.855647166027266;9.543031820255235;10.799281621521924;11.588246152044816;9.853309555403674;9.64745842645492;10.7657004876511;10.179909090014934;10.366322214245816;10.383704292474052;10.719388820942084;10.514714054138487;10.43879185257826;10.198445041452365;9.992938336165814;10.295768934420508;10.591522346570734;10.30149619498255;9.39660478118186;9.91737207947684;9.820178962415188;10.286557761607956;10.7714894695006;9.971543553950772;10.070120944476823;10.651051691178928;10.658211482751796;9.493855449240822;11.208843990734614;11.312315746690109;10.264442600226602;10.980853606379736;10.52943055414615;10.052568050804153;9.902375114486023;10.116343961237469;10.620219825507489;10.051208940914766;9.67595703294175;10.304921669581672;9.78953364497036;10.06339508128851
9.87325382232666;10.7568359375;10.049452781677246;10.498785018920898;9.165270805358888;9.171527862548828;10.76417064666748;10.765186309814451;10.764755249023438;10.765130996704102;9.158320426940918;10.725189208984377;9.561774253845217;9.329874992370604;9.158198356628418;9.157795906066896;10.741965293884276;9.158320426940918;10.76434326171875;10.762772560119627;10.547455787658691;9.1581449508667;10.76421356201172;9.158320426940918;10.488243103027344;10.764384269714355;10.765121459960938;9.161005973815918;10.76518726348877;9.157832145690918;10.749102592468262;9.158897399902344;10.743066787719728;10.049452781677246;10.7649507522583;9.157979011535645;9.163857460021973;9.165080070495604;10.758102416992188;10.207098960876465;9.157830238342283;10.47813892364502;9.753193855285645;9.160083770751951;10.716876983642578;9.364753723144531;9.191779136657717;10.128705978393556;10.765045166015623;9.22438621520996;10.765149116516112;10.765149116516112;9.158327102661133;10.76471710205078;9.159035682678224;10.76515769958496;10.688946723937988;9.207634925842283;10.755660057067873;9.434628227636724;9.731319031025064;9.52552080909507;11.0566377151132;9.642051692927977;9.69522829149575;10.357552004618084;9.614709844115207;9.131856960608792;10.086136225027309;9.76487159073609;10.659995892429976;10.71853287606922;10.007027266893967;10.107217075591382;10.157346935362844;10.846273911349906;10.507794640198696;9.413627929024171;10.62844554013718;11.163649676015824;9.501837184902296;9.473705749619416;10.250298417906333;10.462502272597265;9.9901039638575;9.958552715431011;10.17617314910749;10.27262978497637;10.064742764750257;9.981567281903017;9.651051691178928;9.915879378835774;10.643856189774723;9.888743248898258;9.719388820942084;9.541096615349524;9.594324603924848;10.25974326369078;10.370687406807216;9.851749041416058;9.733015321685963;10.178664851006472;10.3409627642517;9.226412192788786;10.733015321685963;10.98655314975666;10.041659151637214;10.64745842645492;9.98584193700334;9.834471049984222;9.539158811108033;9.78135971352466;10.281930026955443;9.533329732305834;9.407267764244732;10.066089190457772;9.68650052718322;9.79603960882977
10.736668586730955;10.99248504638672;12.57934284210205;10.804426193237305;11.94211196899414;12.572591781616213;12.579144477844238;12.579343795776367;11.865528106689451;12.57638454437256;12.108288764953612;12.455297470092772;10.718254089355469;10.716475486755373;10.896220207214355;12.448164939880373;10.971370697021484;12.108288764953612;12.536849975585938;11.099638938903809;12.479506492614746;10.8588285446167;12.576388359069824;10.716506958007812;11.68478298187256;12.50209903717041;12.579320907592772;10.71649932861328;12.579297065734863;10.71653652191162;12.04778289794922;12.274877548217772;10.735461235046388;12.57934284210205;12.57928466796875;10.754172325134276;12.578588485717772;10.7494535446167;11.754120826721191;10.71646213531494;11.005596160888672;12.339689254760742;10.716477394104004;12.553060531616213;12.53435230255127;11.951841354370115;10.99484634399414;10.716472625732422;12.579304695129396;11.3251371383667;12.57911491394043;12.57911491394043;11.023282051086426;12.087520599365234;10.716513633728027;12.579341888427734;10.914795875549316;12.568828582763672;12.519752502441406;10.480790201095816;10.59898297103609;10.91214085629572;12.725153203912992;10.69522829149575;10.535275376620802;11.06204613772049;11.109830654278792;10.798471801101618;11.972620862058744;10.839991070539886;12.14242620231898;11.214319120800766;10.158609688214478;10.398743691938192;10.991521846075695;12.693922488081014;12.414949441474263;10.499845887083206;11.337621901992508;12.581671358578143;9.952741247186488;9.38586240064146;11.914011328541257;10.721953612801386;10.80332391904149;11.51717725268954;11.083479327331842;10.926295994781112;11.441388029346689;11.887982133058454;11.059344460824423;11.269126679149418;10.91513244895065;11.461990950585571;9.719388820942084;10.651948610723446;10.445014845868425;10.710806433699352;11.649256177517314;11.2836671674915;11.4893462407191;11.433585441150496;11.530406337099068;10.723660944409984;12.069449767427784;12.561287945164828;11.525031345124;11.880731435141664;11.889123656294238;10.654636028527968;11.325867580575418;11.058668250340572;11.228217442293436;11.60177078840771;11.042343379793692;11.34318571544788;10.749031382040204;11.281930026955443
11.167099952697754;13.268564224243164;12.565890312194824;13.16676425933838;11.188016891479492;11.17021369934082;13.353832244873049;13.353569984436035;13.3539457321167;13.35334014892578;11.165231704711914;11.951481819152832;11.165183067321776;12.98902416229248;11.186781883239746;11.168096542358398;13.34266471862793;11.165231704711914;13.334925651550291;11.201637268066406;11.648553848266602;11.217254638671877;11.580459594726562;11.553512573242188;13.351686477661133;12.892851829528809;13.353630065917969;11.16622543334961;13.353957176208496;11.1651611328125;13.34910488128662;13.332701683044434;13.281999588012695;12.565890312194824;13.353557586669922;11.213175773620604;13.123517036437988;11.165393829345703;13.351673126220703;11.165149688720703;11.16514015197754;13.344913482666016;13.307973861694336;11.21061897277832;13.345998764038086;12.864529609680176;11.197062492370604;12.089780807495115;13.337830543518066;13.32989501953125;13.353611946105955;13.353611946105955;11.19637393951416;13.346766471862791;11.165119171142578;13.239094734191896;13.030360221862791;11.428956985473633;13.349892616271973;12.723234300893376;12.977816540594027;12.217048913556338;14.285402218862249;13.448116305409464;13.090939415984376;15.242913572562475;11.869208250550829;11.527477006060396;11.210671343785622;11.940680648424092;13.467987569161329;13.056299014550335;12.663335723478353;11.98370619265935;11.952741247186488;12.880731435141664;13.939946452458686;12.456354415108288;13.71177450496535;13.085140461701762;11.938844457466171;10.754887502163468;12.80996904717615;13.303067213842914;14.176874375344823;12.107870914279614;12.312599378862627;13.45211251457386;12.56271942704932;12.19075064966236;12.26209484537018;12.255618749839597;14.371572474933018;11.960364008877834;12.324180546618742;11.055282435501187;12.43905168059173;14.755826451133084;14.173989374166537;12.483815777264256;13.047805554007589;13.481547190203289;11.88760142450871;11.65284497300198;13.922770209274663;12.137951734715358;11.386940245324311;12.0003521774803;15.259596162488425;12.368233611380942;11.971902746045467;11.373952655370193;14.291026768056126;11.325867580575418;10.382624026574916;12.445014845868425;14.29117069932186;12.96108788999733
11.436883926391602;11.435466766357422;10.961149215698242;11.43659782409668;11.321950912475586;9.63058853149414;9.684481620788574;11.172269821166992;11.42710304260254;11.352509498596191;10.782479286193848;11.388838768005373;11.436366081237791;9.874055862426758;9.749932289123535;9.571849822998049;11.433038711547852;10.782479286193848;11.417513847351074;9.676363945007324;11.397363662719728;9.57036304473877;11.255817413330078;9.574278831481934;11.142624855041504;10.519739151000977;11.392480850219728;9.869732856750488;9.57848072052002;9.57029914855957;10.40726375579834;9.646313667297363;11.161928176879885;10.961149215698242;10.203885078430176;9.570598602294922;9.591256141662598;9.57029914855957;10.814001083374023;9.741992950439451;9.622076988220217;11.422389030456545;10.777691841125488;9.570368766784668;11.019194602966309;10.729318618774414;9.647621154785156;9.609000205993652;11.377888679504396;9.712501525878906;10.629283905029297;10.629283905029297;9.867209434509276;9.708547592163086;10.845297813415527;11.407759666442873;11.436844825744627;9.639734268188477;10.321353912353516;10.766528908598865;9.815383295813538;10.93147623388679;12.389900172773064;10.74819284958946;10.543031820255235;11.184255495405347;10.681238411777803;10.22881869049588;11.41256984680521;10.879583249612784;12.037890085142507;11.488844346457336;10.41256984680521;10.14210705730255;10.967226258835993;11.91737207947684;11.850577547205614;10.468624042918018;12.04507705193494;11.962173031109709;10.578372691360803;10.473705749619416;11.74104557700984;11.080151309614088;10.595257481449035;10.398743691938192;10.88340698638837;10.53818893205242;10.759888183221834;11.145295334933598;11.032734528586714;10.582141981658776;12.1373113907009;10.773963368433558;10.400879436282183;10.269126679149418;9.98584193700334;11.04507705193494;11.113742166049189;10.91139198784346;11.80292019858527;10.73893668167614;10.758223214726724;11.020285500844649;11.62113611327464;11.879200317947392;11.07815080773465;11.469133019829592;11.627989784315703;11.778487861222372;10.448116305409464;10.620219825507489;12.491352073563435;10.589651146514786;10.477758266443889;10.668884984266247;10.970824901362615;10.386940245324311
4.833827018737793;3.6949615478515625;4.841338157653809;2.0991320610046387;2.039405584335327;4.794382572174072;3.004093647003174;1.228762984275818;4.741085529327393;4.8311920166015625;4.727381229400635;1.2937427759170532;2.814079999923706;1.2268503904342651;4.729750633239746;4.507819652557373;4.792510986328125;4.727381229400635;4.839637279510498;1.2269954681396484;4.55803108215332;1.314025640487671;1.2270865440368652;1.2421671152114868;1.2288141250610352;1.22758948802948;4.098325252532959;4.491683006286621;1.227214217185974;1.404281497001648;3.1509413719177246;4.737817764282227;1.227045655250549;4.841338157653809;1.325919508934021;2.481819868087769;2.533032894134521;1.3960692882537842;1.3271430730819702;1.255615472793579;4.834688663482666;4.841127872467041;1.22709059715271;3.361581563949585;2.847042798995972;4.79747200012207;4.313965320587158;1.2268322706222534;1.2717430591583252;3.952091693878174;3.169614553451538;3.169614553451538;4.100780963897705;4.450898170471191;3.5548534393310547;1.226859211921692;4.081274509429932;4.839757442474365;2.656916856765747;2.0;0.0;0.0;2.584962500721156;0.0;1.0;4.169925001442312;2.321928094887362;0.0;1.0;1.0;1.584962500721156;3.906890595608519;1.584962500721156;1.584962500721156;1.0;1.0;1.0;0.0;1.0;3.700439718141092;1.584962500721156;0.0;1.0;0.0;1.584962500721156;1.0;1.0;2.0;0.0;1.0;0.0;0.0;1.0;1.0;0.0;0.0;1.0;4.0;3.807354922057604;2.807354922057604;0.0;0.0;2.0;2.0;2.0;0.0;1.584962500721156;2.0;0.0;1.0;1.0;1.0;2.0;3.321928094887362;2.321928094887362;1.584962500721156;2.321928094887362;1.0
12.314424514770508;11.231179237365724;12.961591720581056;12.996824264526367;12.5977144241333;11.212949752807615;13.00675106048584;13.004112243652344;12.953521728515623;12.981513023376465;12.29812240600586;11.54155731201172;11.485556602478027;12.32807445526123;12.957053184509276;11.216253280639648;11.92876434326172;12.29812240600586;12.967864990234377;11.21067237854004;12.997897148132324;11.211420059204102;11.54987335205078;11.212160110473633;12.164533615112305;12.477397918701172;12.948286056518556;11.886611938476562;13.00834846496582;11.207342147827148;12.373549461364746;12.49227523803711;11.258233070373535;12.961591720581056;13.007222175598145;11.20818328857422;12.982081413269045;11.206872940063477;12.34886360168457;11.25781536102295;11.588441848754885;12.99728298187256;11.311104774475098;11.22881317138672;12.536831855773926;12.989276885986328;12.792795181274414;11.207340240478516;12.97701358795166;12.971397399902344;12.838717460632324;12.838717460632324;11.462681770324709;11.585789680480955;12.875916481018066;13.001656532287598;12.998453140258787;12.425500869750977;13.007940292358398;11.128638812852598;10.01262453886506;11.474212937193943;12.557942286787448;11.746094383705463;11.395534135462302;11.68650052718322;11.541096615349524;11.34207466799914;12.13699111208023;11.204571144249204;12.570567288872004;12.47294463377961;11.189824558880018;11.358651200892886;11.51175265376738;12.728983369988049;12.84764464308332;11.106562940444883;12.75676478940414;12.659326997414103;11.108524456778168;11.032045726930807;12.282219695672588;12.144020869266893;11.35149140932002;11.10459875356437;11.430975172588068;11.439311461818846;11.158609688214478;11.810973220002165;11.23661220021575;10.935165049603697;12.919608238603251;11.29117069932186;11.371776644337924;11.356451970221755;11.070791809423062;11.481799431665753;11.350386742312844;11.5401280385821;12.278159031437236;11.341518823245243;10.987974524296153;11.65687172561398;12.085804380278086;12.29232163280204;11.363587246524578;11.957827560833744;12.42600261332936;11.752798758435516;11.151650829973422;11.207624468226758;12.638888382252262;11.220982851081777;11.11309098344238;10.997885127829113;11.571278618514595;11.251482410620213
8.144684791564941;7.657141208648682;10.704999923706056;8.059588432312012;10.019343376159668;7.897964954376221;10.777613639831545;10.77761173248291;8.681417465209961;10.777266502380373;10.722043991088867;8.109490394592285;10.724145889282228;10.012056350708008;7.71786642074585;7.658018589019775;10.74807357788086;10.722043991088867;10.761944770812988;8.566447257995605;10.7736234664917;7.7392191886901855;7.659314155578613;7.659006595611572;7.656682014465332;7.656623363494873;10.776853561401367;9.457744598388672;10.77761459350586;10.450456619262695;10.699799537658691;7.7377028465271;8.126036643981934;10.704999923706056;10.777612686157228;7.657773494720459;7.810144424438477;8.289558410644531;9.659335136413574;10.77674961090088;10.501811981201172;7.658210754394531;7.666391372680664;7.726132392883301;9.400012016296388;10.726188659667969;8.406974792480469;7.897663116455078;10.724786758422852;9.540307998657228;10.777547836303713;10.777547836303713;7.797585487365723;10.76279354095459;10.763476371765137;10.741341590881348;10.769871711730955;10.63446044921875;10.754525184631348;7.679480099505446;7.857980995127572;7.118941072723508;9.73809225962049;8.74819284958946;9.857980995127573;8.507794640198696;8.348728154231077;8.405141463136344;9.1006623390052;7.577428828035749;9.995767150877802;8.459431618637296;9.204571144249204;8.543031820255237;9.321928094887362;9.207014320177532;10.01262453886506;9.105908508571158;9.661778097771988;10.355351096424812;8.46352437327118;6.7414669864011465;7.918863237274595;9.290018846932618;7.515699838284043;7.219168520462161;6.658211482751795;8.29920801838728;8.060695931687555;9.436711542137214;9.207014320177532;7.665335917185176;10.038918989292302;8.179909090014934;8.618385502258606;8.933690654952233;7.78135971352466;10.302638923787551;8.491853096329674;8.546894459887637;8.071462362556623;8.154818109052105;7.366322214245816;8.618385502258606;9.419960177847887;9.717676423066395;7.870364719583405;9.840777923595054;8.238404739325079;8.238404739325079;8.31741261376487;9.271463027904376;8.89178370321831;7.409390936137702;7.839203788096944;7.076815597050831;9.240791332161956;8.807354922057604
11.581374168395996;11.786001205444336;12.85784149169922;12.79124927520752;11.57529067993164;11.559019088745115;12.883062362670898;12.883166313171388;12.879022598266602;12.883099555969238;11.578119277954102;12.031412124633787;12.331103324890137;11.806501388549805;11.56583309173584;11.558137893676758;12.830155372619627;11.578119277954102;12.88284969329834;12.17911148071289;12.883013725280762;11.557832717895508;12.822487831115724;11.560763359069824;11.98902988433838;12.872078895568848;12.881805419921877;11.558379173278809;12.88316822052002;11.557828903198242;12.87546730041504;11.590075492858888;12.270008087158203;12.85784149169922;12.883002281188965;11.5584716796875;12.8499174118042;11.557878494262695;12.738200187683104;12.578269958496094;11.589231491088867;12.814163208007812;11.653270721435549;11.558547973632812;12.824400901794434;12.870230674743652;12.872625350952148;11.592257499694824;12.882512092590332;12.57196044921875;12.88290309906006;12.88290309906006;12.37021541595459;12.846124649047852;12.25985336303711;12.882491111755373;11.775398254394531;12.13815212249756;12.883152961730955;11.350386742312844;11.004220466318197;11.50481898763284;12.954741580960002;12.015066533230293;11.710806433699352;12.410716333604269;11.647908074281808;11.292896755409172;12.324743110494415;11.624338545312986;12.79603960882977;12.762382038710392;11.760304125286382;11.7710767402628;11.919980595048962;12.837825009196694;12.731955373771934;11.382624026574916;12.578608560737752;13.161919165427248;11.390168956200185;11.10000522442272;12.36932470240734;11.965784284662089;11.777666280880757;11.795227966028678;11.743572188935634;12.039947160169094;11.739358707433396;11.97333862080036;11.760719947465624;11.522091068887065;12.660218788535618;11.588714635582264;11.28424574982967;11.651948610723446;11.434628227636724;12.276124405274238;12.152284842306582;11.937005926516589;12.071797522284209;11.81016993766466;11.743572188935634;11.533329732305834;12.630722162103838;12.689779629377275;11.71295682169755;12.467605550082997;12.36139553316589;11.929998062609029;11.422064766172811;11.729195859132094;12.735556023911537;11.582141981658776;11.382083590141969;11.584962500721156;11.921097088106793;11.846273911349906
8.909730911254883;8.90794563293457;10.609548568725586;8.915746688842773;9.060968399047852;9.966591835021973;10.460983276367188;10.609833717346191;10.609807014465332;10.609832763671877;10.303192138671877;9.510695457458496;8.908065795898438;8.907367706298828;9.14127254486084;9.172961235046388;10.481861114501951;10.303192138671877;9.23357105255127;8.915669441223145;8.971114158630371;8.973432540893555;10.057598114013672;8.907207489013672;9.40891456604004;10.55907917022705;10.592399597167969;8.989609718322754;10.609837532043455;8.925048828125;10.604440689086914;10.609090805053713;8.910305976867676;10.609548568725586;10.60983657836914;9.940555572509766;10.605018615722656;8.937437057495117;8.90742015838623;8.90703296661377;10.5479097366333;10.605961799621582;8.908946990966797;9.87014389038086;10.582547187805176;10.481538772583008;10.27829360961914;8.90701675415039;10.609676361083984;10.608963012695312;10.609559059143066;10.609559059143066;8.938392639160156;10.605602264404297;9.752174377441406;10.608945846557615;8.909652709960938;10.60787296295166;10.609808921813965;8.842350343413807;8.661778097771988;8.888743248898258;10.480790201095816;9.73809225962049;9.257387842692651;9.187352073200495;9.111135670234708;8.45532722030456;9.804131021183318;9.131856960608792;10.372865060112588;10.193525360501216;9.409390936137704;9.285402218862249;9.348728154231075;10.285402218862249;10.60917873814198;8.714245517666123;10.417852514885896;10.568906154502084;8.994353436858859;8.661778097771988;9.65642486327778;9.409390936137704;9.659995892429976;9.124121311829189;9.027905996569883;9.471675214392045;8.948367231584678;8.696967526234287;8.945443836377912;9.134426320220928;11.222191138456331;8.842350343413807;8.90388184573618;9.330916878114618;8.968666793195208;9.731319031025064;9.586839787961829;9.821773981970567;9.878050912728536;9.41574176829009;8.679480099505446;9.20212382383046;10.24436383512051;10.059344460824423;8.951284714966972;9.946906274456396;9.59245703726808;9.94251450533924;9.269126679149418;9.192292814470768;10.30720080914081;9.0;8.76487159073609;9.014020470314934;9.930737337562888;9.285402218862249
10.7649564743042;12.555669784545898;10.84813404083252;12.503870010375977;10.74819278717041;10.751701354980469;12.55836582183838;12.5581636428833;12.55669116973877;12.554966926574709;10.746784210205078;11.360880851745604;10.746973037719728;12.55703353881836;11.368146896362305;10.746586799621582;12.341920852661133;10.746784210205078;12.558282852172852;12.536149978637695;12.555645942687988;10.74661636352539;12.438276290893556;10.746641159057615;12.201996803283691;12.532946586608888;12.54560089111328;12.089462280273438;12.558326721191406;11.054356575012209;12.55243682861328;10.80095386505127;10.78972339630127;10.84813404083252;12.389487266540527;10.747549057006836;10.760358810424805;10.749001502990724;12.55797290802002;12.553267478942873;10.768856048583984;11.75218391418457;12.508622169494627;10.747175216674805;12.555173873901367;12.556798934936523;12.017047882080078;10.76675796508789;12.555878639221191;11.29522705078125;12.558188438415527;12.558188438415527;10.91104221343994;12.557021141052246;11.009023666381836;12.51236057281494;12.434626579284668;10.752949714660645;12.540870666503906;10.079484783826816;10.827342704234116;10.34318571544788;11.932214751968385;10.4797802640291;10.852529509404196;11.675074920385445;10.393390457443989;10.159871336778387;10.790348496751914;10.395534135462302;11.405673332281866;11.532842910961282;10.972261848733291;10.488844346457336;10.919608238603251;11.407798850221974;11.341518823245243;10.336506559810257;11.228217442293436;11.651051691178928;10.414685235807214;10.505811553919594;10.94104760634058;10.978710459106358;10.637530551525307;10.61378946447258;10.693486957499324;11.031356596255709;10.7431513941125;10.51668494930961;10.586839787961829;10.543031820255235;11.756973226165448;10.561287945164828;10.230020435705637;10.517669388133813;10.346513733165636;11.521109643651332;11.243173983472952;10.330916878114618;10.69522829149575;10.923327485419192;10.81698362325538;10.227615943414223;11.632995197142955;11.813781191217036;10.635718120331047;11.1006623390052;10.82097669262124;10.606405212697783;10.3151495622563;10.535275376620802;11.784225860426252;10.535275376620802;9.847057346091336;10.674192268145683;10.80896417491926;10.814582465906277
9.200807571411133;9.65479564666748;10.888955116271973;9.69931697845459;9.249506950378418;9.670624732971191;10.283024787902832;10.89406681060791;10.89415454864502;10.8941650390625;9.226816177368164;9.205376625061035;9.199793815612791;9.20541000366211;9.199823379516602;9.199678421020508;10.886146545410156;9.226816177368164;10.893628120422363;9.254390716552734;10.884621620178224;9.206286430358888;9.30781078338623;9.199715614318848;9.951818466186523;9.27219295501709;10.893293380737305;9.200061798095703;10.894168853759766;9.19961643218994;10.856558799743652;10.535719871520996;9.293176651000977;10.888955116271973;10.894165992736816;9.201403617858888;9.326360702514648;9.20061206817627;10.824996948242188;9.253228187561035;9.201497077941896;10.88221549987793;9.218878746032717;9.850099563598633;10.530763626098633;9.288132667541504;10.70710563659668;9.200675964355469;10.891843795776367;10.747194290161133;10.89394474029541;10.89394474029541;9.232427597045898;10.89415454864502;9.201166152954102;10.8814058303833;10.180728912353516;10.84810733795166;10.89362907409668;9.99859042974533;9.030667136246942;9.651051691178928;10.824958740528524;10.632995197142955;9.162391328756906;9.20212382383046;9.7714894695006;9.326429487122304;9.799281621521924;10.0;10.878817284614229;10.469641817239516;9.084808387804362;9.544964432789238;9.778077129535358;10.489847960439295;10.46454575033394;9.625708843064466;10.707359132080883;10.866506212226202;9.116343961237469;9.269126679149418;10.460455896309636;9.871905237659186;9.988684686772164;9.823367240046236;9.350939181546432;9.29920801838728;9.381542951184583;9.909893083770042;9.333155350310616;9.319672120946995;11.043710863347156;9.554588851677638;9.076815597050832;8.912889336229961;9.321928094887362;9.702172685365548;9.523561956057012;10.413627929024171;10.338736382573916;9.491853096329674;9.497851836951115;9.894817763307945;10.967946705812707;10.498849206531723;9.717676423066395;10.4231159101471;9.995767150877802;10.25502856981873;9.157346935362844;9.60917873814198;10.271463027904376;9.45532722030456;9.30149619498255;9.787902559391432;9.845490050944376;9.62935662007961
10.654568672180176;11.565701484680176;12.240172386169434;10.654303550720217;10.654656410217283;11.579305648803713;12.781957626342772;12.781912803649902;12.775178909301758;12.521963119506836;10.669608116149902;10.656601905822754;10.688397407531738;11.781611442565918;10.982693672180176;10.654568672180176;11.159029960632324;10.669608116149902;12.501107215881348;12.78000545501709;12.535144805908203;11.085772514343262;12.770219802856444;12.010080337524414;12.74389362335205;12.75294589996338;12.754230499267578;10.657395362854004;12.781075477600098;10.654145240783691;10.81801986694336;12.723395347595217;12.690561294555664;12.240172386169434;12.781939506530762;10.708093643188477;10.690906524658203;10.654404640197754;10.95543384552002;10.91126823425293;10.82011604309082;11.607918739318848;12.59340763092041;12.180455207824709;12.609127044677734;12.768014907836914;12.512247085571287;10.744726181030272;12.78182888031006;12.129769325256348;12.7513427734375;12.7513427734375;10.667398452758787;12.462133407592772;12.221757888793944;12.781960487365724;10.655882835388184;12.71967315673828;12.781804084777832;9.831307243802051;9.26209484537018;10.4757334309664;11.475226777742266;10.709083812550343;10.234817431117325;10.51865315567339;10.24198314969433;10.1331422124006;11.040974598817304;10.263269200372662;11.4797802640291;11.004220466318197;11.359200485133632;11.151016538892248;10.32755264408124;11.834075953434883;11.733862719678545;10.43149760425805;11.839597483021176;11.27786854617684;9.873444112515376;10.904634621668151;11.428883552010191;11.705200378063116;10.982280604558284;10.19598729802851;10.4189067312579;10.18239435340453;10.151016538892248;10.812177305514448;10.30720080914081;10.088788238716909;11.674633661767269;10.226412192788786;10.934428040626804;10.072802534544207;9.992938336165814;10.30149619498255;10.57553924683453;10.580258567499788;11.38424412224308;10.323054760341646;10.352043425795433;10.773963368433558;10.923327485419192;11.147840893672337;10.00562454919388;10.642954223480332;11.116343961237469;10.276124405274238;9.726218159332198;9.946906274456396;11.3157156580222;10.018200178813226;9.85642552862553;9.933690654952231;10.1357092861044;9.926295994781112
9.723679542541504;6.314896106719971;9.92234230041504;6.0451483726501465;6.049951553344727;8.932927131652832;9.93434238433838;9.937103271484377;9.937721252441406;9.937779426574709;6.074877262115479;8.950039863586426;7.562829494476318;6.043622016906738;7.828073978424072;6.9432783126831055;9.923866271972656;6.074877262115479;8.537558555603027;6.44038724899292;8.338335037231445;6.044376850128174;6.054050922393799;9.656645774841309;6.148844242095947;6.117363452911377;9.014111518859863;8.956884384155273;9.93783950805664;9.581832885742188;9.896936416625977;9.215561866760254;6.923966884613037;9.92234230041504;9.937830924987791;8.447853088378906;6.160675048828125;6.067579746246338;6.042960166931152;9.719202041625977;8.122126579284668;9.836782455444336;6.049834728240967;6.138647079467773;6.405848026275635;9.394926071166992;8.4409818649292;6.049415588378906;9.792844772338867;6.203432083129883;9.935461044311523;9.935461044311523;6.426340579986572;9.936140060424805;7.131345748901367;9.84424877166748;6.05613374710083;9.932164192199709;9.935400009155272;5.523561956057013;5.954196310386875;6.066089190457772;6.954196310386875;6.906890595608519;5.285402218862249;6.129283016944966;6.7414669864011465;6.189824558880018;6.066089190457772;6.357552004618084;6.303780748177103;6.614709844115208;4.459431618637297;4.754887502163468;7.303780748177103;5.321928094887363;6.523561956057013;5.882643049361842;6.832890014164741;5.727920454563199;6.7414669864011465;4.906890595608519;5.087462841250339;6.475733430966398;5.807354922057604;7.426264754702098;6.727920454563199;6.285402218862249;5.087462841250339;6.965784284662087;6.266786540694901;4.584962500721156;7.285402218862249;5.321928094887363;6.918863237274595;5.554588851677638;6.599912842187128;6.357552004618084;6.108524456778169;5.754887502163468;6.459431618637297;4.954196310386875;6.807354922057604;6.6293566200796095;8.103287808412022;6.554588851677638;4.754887502163468;6.321928094887363;6.169925001442312;6.906890595608519;4.954196310386875;4.857980995127572;7.761551232444479;5.247927513443585;5.20945336562895;6.7414669864011465;7.417852514885898;5.0
10.360973358154297;11.826340675354004;10.200894355773926;10.40391445159912;10.212223052978516;10.208573341369627;11.83079719543457;11.83148193359375;11.829840660095217;11.43297290802002;10.291854858398438;11.019857406616213;11.125818252563477;11.332024574279783;10.20099925994873;10.201038360595703;11.83111572265625;10.291854858398438;11.721678733825684;11.82193660736084;11.81750774383545;10.202258110046388;11.831293106079102;10.205326080322266;11.82490348815918;11.831476211547852;11.830596923828123;10.21155834197998;11.195279121398926;10.205008506774902;11.679287910461426;10.51168727874756;11.829164505004885;10.200894355773926;11.82863426208496;11.379549980163574;10.47679042816162;10.249704360961914;10.831720352172852;10.203612327575684;10.36270236968994;10.201089859008787;11.765691757202148;10.202476501464844;11.769704818725586;11.68376636505127;10.845767974853516;10.812284469604492;11.831306457519531;10.482038497924805;11.796649932861328;11.796649932861328;11.618977546691896;11.0204496383667;10.220752716064451;11.831497192382812;10.347282409667969;10.71266269683838;11.831082344055176;10.213104219641906;10.89633240390994;10.746514321138465;12.388017285345136;10.830515206976838;11.006326078524934;11.50332885662666;10.496853777388042;10.79766152585376;11.333155350310616;10.679480099505446;11.706496018061188;11.43879185257826;11.3297963382207;11.08746284125034;10.79197682089869;12.133784409179908;11.659103963473662;10.901621158346112;11.649256177517314;12.275251543470327;10.491853096329674;10.660887270302569;11.318542809702723;11.841957399099549;11.03960451795376;11.12347479824414;11.207624468226758;11.1879705919842;10.72451385311995;11.3151495622563;10.456354415108288;11.003517912108602;11.709083812550343;11.041659151637214;11.106562940444883;10.350939181546432;10.332036548361652;11.58261245126702;11.60130652612184;10.699572453287267;11.055282435501187;11.225207436943505;11.470658874060552;10.34318571544788;11.841957399099549;12.225809940623543;10.97656412341533;11.595723694101627;11.138911718142744;10.80332391904149;10.561287945164828;10.977279923499916;11.587308728333545;10.79603960882977;10.161131882984307;11.215532999745657;10.878817284614229;10.918863237274596
11.403080940246582;11.043851852416992;11.411925315856934;11.416074752807615;10.62255573272705;9.894227027893066;11.394250869750977;11.418185234069824;11.405797004699709;11.417649269104004;9.84132957458496;11.417291641235352;11.414129257202148;9.839632987976074;9.84550666809082;10.979707717895508;11.400723457336426;9.84132957458496;11.391196250915527;9.920900344848633;11.342973709106444;9.831623077392578;11.41786003112793;9.927878379821776;11.341513633728027;11.418197631835938;11.413339614868164;9.832772254943848;11.418176651000977;9.831589698791504;11.39456558227539;9.842927932739258;11.393216133117676;11.411925315856934;11.404293060302734;9.832758903503418;11.41198444366455;9.831669807434082;10.838973999023438;9.843242645263672;9.83254051208496;11.407556533813477;10.146732330322266;9.83261013031006;11.017803192138672;10.65339469909668;9.891921997070312;10.370725631713867;11.416046142578123;9.890934944152832;11.416847229003906;11.416847229003906;10.458026885986328;11.273744583129885;9.833869934082031;11.416217803955078;10.691733360290527;9.877931594848633;11.401603698730469;9.850186837645774;9.159871336778387;10.181152256865566;11.800090987624994;10.570804437724496;10.121533517340032;10.490850876740298;10.153552031708111;9.968666793195208;10.71338651493703;9.99859042974533;11.3297963382207;11.400879436282183;9.459431618637296;9.4797802640291;10.583082767502932;11.576956664706092;11.47826403158172;9.303780748177102;10.887982133058454;11.90839262077375;10.360847084179664;9.537218400538595;10.922584402713664;9.754887502163468;9.818582177480858;10.687375683437468;10.71853287606922;10.597121428789569;10.4757334309664;10.555547771647063;10.608254821977908;10.233619676759702;10.929258408636972;10.634811050171718;9.63117705570398;10.290018846932618;10.08746284125034;10.508785162064513;10.368506461507693;10.43567026093655;10.573647187493322;10.690871009292314;10.740624044489412;10.347621368568134;11.128638812852598;11.46352437327118;10.494855584491198;11.367414751246828;10.90312867681232;10.43149760425805;9.845490050944376;10.355351096424812;11.345405246717796;10.35974956032233;10.148476582178278;10.33427328530719;10.650154213675094;10.406205005418856
10.293556213378906;10.363059997558594;10.322062492370604;10.402366638183594;10.354161262512209;12.435491561889648;11.3665189743042;12.449081420898438;12.448002815246582;12.32593059539795;10.29584503173828;10.405385971069336;10.342336654663086;10.834145545959473;10.292561531066896;12.155621528625488;12.432414054870604;10.29584503173828;10.509795188903809;12.41432285308838;11.00915241241455;11.883420944213867;12.445733070373535;11.466992378234863;12.448040008544922;12.449118614196776;12.327967643737791;10.306154251098633;11.743218421936035;10.29674243927002;10.344181060791016;12.39531707763672;12.444674491882324;10.322062492370604;12.449122428894045;12.311007499694824;12.03069019317627;11.91293716430664;10.516763687133787;11.8887300491333;10.294231414794922;10.340093612670898;12.41165828704834;12.445893287658691;10.349933624267578;10.29303741455078;10.721545219421388;12.160981178283691;12.448914527893066;10.758818626403809;12.384408950805664;12.384408950805664;12.25798797607422;12.449102401733398;10.296151161193848;12.449122428894045;10.292695999145508;12.44730281829834;12.394737243652344;10.338736382573916;9.372865060112588;10.603626344986193;11.627533884472792;11.014020470314934;10.224001674198105;10.257387842692651;10.719388820942084;10.488844346457336;11.131856960608792;10.30720080914081;11.65687172561398;11.437752072323605;10.214319120800766;10.203348002979762;10.524541715035848;12.043027283594547;11.748612176736982;10.015415052386688;11.354800344350595;11.714245517666123;10.295768934420508;10.346513733165636;11.591522346570734;10.840777923595054;10.66266837551754;10.294620748891628;10.696098170955864;10.24436383512051;10.498849206531723;10.668884984266247;10.321928094887362;10.215532999745657;11.320800548881635;10.599912842187129;10.498849206531723;10.213104219641906;10.257387842692651;10.502831804066744;10.671541066711884;11.036860446673046;11.634811050171718;10.41679752760606;10.358651200892886;10.644757592516257;11.405673332281866;11.37232095486726;10.499845887083206;11.040289721025715;10.787902559391432;10.717676423066395;10.20945336562895;10.080817527608328;11.303209948944776;10.183635381473218;10.283088353024002;10.109830654278792;10.108524456778168;10.030667136246942
12.475381851196287;12.502311706542969;14.845329284667969;12.549379348754885;12.668130874633787;14.443228721618652;14.375487327575684;14.89812183380127;14.280847549438477;13.715373039245604;13.799246788024902;12.977590560913086;14.898361206054688;12.735321044921877;12.46509838104248;14.89735984802246;14.862648963928224;13.799246788024902;14.221449851989746;14.878131866455078;14.898280143737791;12.508472442626951;14.89853572845459;13.648367881774902;14.823418617248535;14.898541450500488;13.801288604736328;12.464792251586914;14.564146041870115;12.466031074523926;12.52804946899414;13.13796615600586;14.898212432861328;14.845329284667969;14.898359298706056;14.563350677490234;14.89322280883789;12.64409065246582;12.469512939453123;13.708473205566406;13.994254112243652;12.640892028808594;14.342106819152832;13.950760841369627;12.520349502563477;13.367685317993164;14.838249206542969;14.812068939208984;14.898226737976074;12.467803001403809;13.290854454040527;13.290854454040527;14.89828395843506;13.054556846618652;12.560625076293944;14.898539543151855;12.464795112609863;14.803386688232422;14.898534774780272;12.026177596889225;11.210671343785622;12.528698283574188;13.81277897162766;13.198751965193736;12.61378946447258;12.138911718142744;12.19567978549598;12.103615656394544;13.241685287601625;11.99929538702341;13.695445810537382;13.947636937951827;11.42783660345852;12.380731612682997;12.727707777472686;13.863411958941638;13.601654736841796;11.510269670898175;13.228217442293436;14.20876780077178;12.098361127332096;11.789941128390916;13.394328708537234;12.16867211813223;12.095397022792556;12.34179677239183;12.552188759557149;12.858952310750938;12.536732889835417;12.727282329212189;12.4542992936199;12.283377789285558;12.911953675621971;12.498849206531723;11.26502894245816;13.066761932386909;12.073137383110383;12.812177305514448;12.102631888854969;13.466713778648694;12.879391796485187;12.3437409184722;12.416269744523207;12.12023787734196;13.191521938128146;13.622852585863663;12.884170519108435;13.488844346457336;13.302781701267095;12.168358727223886;12.12023787734196;12.452241240430816;12.98655314975666;12.351215321855609;12.154501693864765;11.968666793195208;12.50928016808786;12.588480412829758
11.848852157592772;11.82758903503418;13.64242935180664;11.917034149169922;12.980470657348633;13.308818817138672;13.639833450317385;13.642870903015137;13.594109535217283;13.630653381347656;12.965331077575684;12.081764221191406;11.902003288269045;11.827235221862791;12.836990356445312;13.506011962890623;12.710371971130373;12.965331077575684;12.550750732421877;11.850847244262695;13.591404914855955;11.939458847045898;13.64128303527832;11.828757286071776;13.47524070739746;13.64238166809082;13.630823135375977;11.830707550048828;13.642847061157228;11.827570915222168;12.239730834960938;13.568280220031738;12.346202850341797;13.64242935180664;13.64286994934082;11.85079574584961;13.64250659942627;11.826725006103516;11.83358669281006;11.82603931427002;12.225274085998535;13.585519790649414;11.8284330368042;13.335391998291016;13.004304885864258;13.218188285827637;12.61866855621338;11.82602882385254;13.64284896850586;12.739294052124023;13.628900527954102;13.628900527954102;12.5112943649292;12.567781448364258;11.849899291992188;13.642870903015137;11.85205364227295;13.621405601501465;13.642826080322266;11.912515144802397;11.270879295328784;12.407267764244732;13.646446206154732;12.671098725748465;12.293759009667864;12.861086905995396;12.373408960228696;12.26209484537018;13.032390168866524;12.0515488384404;13.327131562682846;13.192909219112012;12.073806847178492;12.11178773580101;12.552188759557149;13.603394530887376;13.66622400280318;12.01227534485612;13.376396751082842;13.36796070964157;12.066425600635556;11.852919585123995;13.07112712494831;12.882260929099804;12.346790721750702;12.310896748797711;12.55434902206344;12.515699838284045;12.233020426474496;12.796242448203165;12.51051694059471;12.02997734658958;13.332596057789214;12.263269200372662;12.070120944476823;12.335948565202298;12.075813377461454;12.59245703726808;12.344018439881326;12.091765938516804;12.786678033890652;12.488593333835407;12.319672120946995;12.371232128369622;12.76983784362944;13.34568244818678;12.200285605224298;12.86785786397283;13.33343491528405;12.323899182397296;12.05697633617822;12.249409785269128;13.537582426371948;12.200592137689254;12.08214904135387;11.977995368612962;12.465311308877183;12.127671967038982
2.6314587593078613;2.320849657058716;6.627681255340576;4.661159515380859;2.707529067993164;6.547954559326172;2.341108798980713;6.630937099456787;6.6283111572265625;6.630893707275391;2.3409881591796875;6.551236152648926;3.5415561199188232;3.185697317123413;2.3168516159057617;2.7805492877960205;6.224828243255615;2.3409881591796875;2.3200604915618896;5.66342306137085;2.317110538482666;3.432436227798462;6.563081741333008;2.840161085128784;6.599517345428467;6.627837181091309;6.500937461853027;2.349193334579468;6.630938053131104;2.3167967796325684;5.425654411315918;6.234849452972412;6.597263336181641;6.627681255340576;6.630937576293945;2.3328237533569336;6.065450668334961;2.3616750240325928;2.558789014816284;6.485651016235352;2.3168904781341557;5.676490306854248;4.445904731750488;6.5122504234313965;5.012951374053955;2.3168604373931885;2.3267555236816406;6.545019626617432;6.629772663116455;6.495400428771973;6.630758285522461;6.630758285522461;2.3169915676116943;6.630924224853516;2.572080135345459;6.630773067474365;3.9627044200897217;5.996787071228027;2.990389823913574;5.727920454563199;7.467605550082998;8.294620748891628;9.019590728357882;7.977279923499917;8.768184324776927;7.483815777264256;6.882643049361842;8.422064766172813;9.65284497300198;7.312882955284356;8.366322214245816;7.977279923499917;8.577428828035748;7.679480099505446;7.076815597050831;9.558420713268664;8.558420713268664;8.228818690495881;8.379378367071261;9.640244936222343;7.276124405274237;7.442943495848728;8.266786540694902;8.154818109052105;7.294620748891627;8.459431618637296;8.422064766172813;7.60733031374961;6.357552004618084;8.43879185257826;6.700439718141092;7.577428828035749;8.194756854422248;7.108524456778169;7.0;6.614709844115208;6.6293566200796095;7.179909090014935;8.980139577639157;5.727920454563199;8.257387842692651;8.092757140919852;8.252665432450248;7.636624620543649;9.019590728357882;9.344295907915816;7.330916878114617;8.810571634741146;9.121533517340032;7.348728154231077;6.3750394313469245;7.108524456778169;6.459431618637297;8.326429487122303;7.614709844115208;7.721099188707186;7.366322214245816;7.924812503605781
13.349836349487305;13.369563102722168;13.367914199829102;12.37024974822998;11.655939102172852;13.35614776611328;12.37648105621338;13.36996841430664;13.369582176208496;13.367507934570312;11.655637741088867;13.10850715637207;11.862174034118652;11.719388008117676;11.675203323364258;11.656558990478516;12.196890830993652;11.655637741088867;13.25257396697998;13.36985683441162;11.937795639038086;11.657611846923828;13.369693756103516;11.656038284301758;13.346117973327637;13.366680145263672;13.34426498413086;11.711921691894531;13.365739822387695;11.655594825744627;11.71006679534912;11.720849990844728;12.717089653015137;13.367914199829102;13.364140510559082;11.657602310180664;11.658108711242676;11.66884708404541;12.424918174743652;13.361776351928713;11.65595531463623;13.366202354431152;11.791784286499023;12.065641403198242;13.264617919921877;11.68048858642578;11.664644241333008;11.672412872314451;13.369945526123049;11.659049987792969;13.36801052093506;13.36801052093506;11.655973434448242;13.36811065673828;11.689648628234863;13.369969367980955;12.533798217773438;12.359904289245604;11.96803855895996;11.480285320936373;11.040289721025715;11.482303782323182;13.127994320976391;12.206403913973848;11.240195053979924;12.59269061535341;11.831307243802051;10.83368074865474;11.746934136372298;11.847448903982432;12.61171646094388;12.643630751061728;10.90312867681232;11.147204924942228;12.295481973695368;12.269126679149418;12.779924501967908;10.824958740528524;12.554109152574004;12.44475608969503;11.88760142450871;10.847057346091336;12.13859179463752;11.519636252843211;11.851749041416058;11.279610581052484;11.843528534611089;11.706496018061188;11.3009244909763;11.804534402995223;11.3297963382207;11.480285320936373;12.901809684323627;11.684748620421626;10.935901682267588;11.326991174900815;11.66622400280318;12.191676146352428;11.792790294301064;11.25915476886684;12.01017840402054;11.706496018061188;11.752380646552892;11.914758838941856;12.960545013211664;12.416269744523207;11.65954999687987;12.072132604167232;11.70173963867435;13.105744854207543;11.572226512793694;11.559377090526684;13.253256579781151;11.1357092861044;11.10000522442272;11.806146803320525;12.2940463132715;11.076147528022505
11.914388656616213;11.9249267578125;11.860033988952637;11.923754692077637;10.847411155700684;11.343234062194824;11.067097663879396;11.924971580505373;11.898053169250488;11.915764808654783;10.14197826385498;11.920068740844728;11.680644035339355;11.016083717346191;10.125057220458984;10.125303268432615;11.912843704223633;10.14197826385498;11.904250144958496;11.699390411376951;11.074408531188965;10.139761924743652;11.915433883666992;10.125104904174805;11.779410362243652;11.3553466796875;11.924971580505373;10.126520156860352;11.8916015625;10.12486457824707;11.762141227722168;10.129450798034668;11.917970657348633;11.860033988952637;11.605281829833984;10.125179290771484;10.318222999572754;10.252676963806152;11.92421054840088;10.516597747802734;10.12487506866455;10.985586166381836;11.203553199768066;10.14011287689209;11.908798217773438;10.128851890563965;10.125009536743164;11.696633338928224;11.922999382019045;10.15255069732666;11.92444133758545;11.92444133758545;10.12919807434082;11.712729454040527;10.125011444091797;11.92108917236328;11.924726486206056;10.134425163269045;10.142099380493164;11.191676146352428;11.032045726930807;11.655977862486942;13.516438734607949;11.190442018782823;11.06204613772049;11.635718120331047;10.909143047339898;11.101975670949232;12.269418929741096;11.199058823653022;12.846273911349906;12.324461855977315;12.269418929741096;11.4993476328766;11.647908074281808;13.090277856857394;12.136350341454156;11.375582512490508;12.605942439625368;13.091765938516804;10.5401280385821;11.227014193649133;12.06305796362349;12.0;11.534789211480266;12.19537220740274;11.813781191217036;11.075479149488016;12.32558654521057;12.26209484537018;12.06305796362349;12.374496145691516;11.264442600226602;12.182083929510725;10.813781191217036;11.428883552010191;11.200898605038445;11.466586337719244;12.064405961891042;11.912515144802397;11.485829308701904;11.856036399819155;13.13699111208023;11.00982861736811;12.392585756275468;12.956920604721088;11.960725994839056;12.746094383705463;12.276124405274238;11.37232095486726;11.074141462752506;11.483815777264256;11.94800213097767;11.42678889459556;11.56843119316746;11.773551346428505;11.483815777264256;11.778898476008376
14.024541854858398;13.964995384216309;14.041728019714355;13.71883773803711;13.99886703491211;11.491739273071287;13.799280166625977;14.041850090026855;14.038324356079102;14.03449535369873;11.004298210144045;14.04206371307373;10.998079299926758;10.993136405944824;13.785882949829102;13.993369102478027;11.85482120513916;11.004298210144045;12.749467849731444;11.003528594970703;11.040410995483398;11.15216827392578;13.991833686828612;11.049642562866213;13.98421573638916;14.036377906799316;14.035531044006348;11.036547660827637;14.042101860046388;11.049138069152832;14.025195121765137;11.476088523864746;11.62135887145996;14.041728019714355;13.587841033935549;11.113815307617188;13.919740676879885;11.00514316558838;11.566819190979004;10.993112564086914;10.993319511413574;14.042073249816896;11.013108253479004;11.229636192321776;13.184483528137209;11.142694473266602;10.993507385253906;11.012401580810549;13.966209411621094;11.030245780944824;14.028499603271484;14.028499603271484;11.005999565124512;12.27640151977539;10.993112564086914;13.844311714172363;13.249194145202637;11.054025650024414;11.47486400604248;11.590119174107176;11.640244936222343;11.936637939002573;13.412172865823786;12.961992230928898;12.676397887044764;12.893301530860564;11.95492329203032;11.643405277115674;12.583787954502338;11.889503963411476;13.223247560417468;13.444108996147117;11.4231159101471;11.45994384837493;12.602698865017963;13.17617314910749;12.81177605532666;11.24436383512051;12.294333559671829;13.5907039951622;12.000704269011246;11.642051692927977;12.615399743725495;10.812177305514448;12.04916787237217;12.74756363025512;12.693269142893206;12.366048950670628;12.539401179028111;12.219168520462162;12.304066063127284;12.413892328372643;12.088457003486226;12.562957869334118;10.821773981970567;12.32755264408124;12.429929741353272;13.01297364837454;12.171489577065657;12.7714894695006;11.917745013443216;12.627989784315703;12.965243172556892;11.491853096329674;12.82097669262124;13.446178674674243;12.510022358813766;13.306204128589329;12.7238742188639;11.521600439723729;11.79400964502097;12.037546953962178;12.567005370247031;12.042685372219353;11.963618617443972;12.06373212019692;12.429145170478744;12.533329732305834
6.494166374206543;6.46195125579834;6.768013954162598;10.993935585021973;6.315591812133789;6.292630195617676;9.891324043273926;6.3033552169799805;6.360920906066895;6.555244445800781;8.135117530822754;6.279235363006592;11.011649131774902;11.006986618041992;6.793845653533936;9.058223724365234;6.596965312957764;8.135117530822754;10.974340438842772;9.274590492248535;11.00629425048828;6.336714267730713;11.007495880126951;11.011862754821776;10.92387866973877;11.011815071105955;6.288538932800293;6.279403209686279;9.642420768737791;6.278541564941406;6.282177925109863;6.611841678619385;11.010098457336426;6.768013954162598;9.191956520080566;6.284959316253662;10.978910446166992;6.278548240661621;10.992966651916504;11.01138687133789;6.97413444519043;10.996801376342772;11.01106071472168;6.36720085144043;7.212814807891846;11.003748893737791;11.011822700500488;11.00989055633545;9.768594741821287;10.548534393310549;6.315697193145752;6.315697193145752;10.835433959960938;6.393845081329346;11.01167106628418;10.949932098388672;6.836054801940918;8.121281623840332;11.01187801361084;5.882643049361842;6.022367813028454;6.426264754702098;8.897845456005511;6.169925001442312;6.409390936137702;6.22881869049588;5.584962500721156;6.108524456778169;6.339850002884624;5.78135971352466;7.894817763307944;6.94251450533924;7.467605550082998;6.285402218862249;6.044394119358453;7.721099188707186;6.475733430966398;5.584962500721156;7.442943495848728;7.348728154231077;5.727920454563199;6.3750394313469245;7.149747119504682;6.727920454563199;5.459431618637297;5.807354922057604;5.672425341971495;5.459431618637297;5.087462841250339;5.727920454563199;4.523561956057013;5.857980995127572;7.257387842692652;6.442943495848728;4.459431618637297;4.857980995127572;5.0;5.357552004618084;5.700439718141092;7.832890014164741;7.285402218862249;6.754887502163468;6.20945336562895;6.569855608330948;7.584962500721156;7.303780748177103;6.807354922057604;6.149747119504682;6.108524456778169;6.357552004618084;5.491853096329675;6.066089190457772;6.658211482751795;4.523561956057013;4.807354922057604;5.044394119358453;6.426264754702098;5.78135971352466
11.786917686462402;11.787345886230469;11.775638580322266;11.787333488464355;10.954140663146973;9.187854766845703;9.258504867553713;9.939291954040527;11.785669326782228;11.716550827026367;9.17654514312744;11.787100791931152;9.966452598571776;11.536016464233398;11.256155014038086;9.202667236328123;11.744535446166992;9.17654514312744;11.682287216186523;9.472489356994627;10.427035331726074;9.176274299621582;11.382317543029783;9.640029907226562;11.78159236907959;11.723301887512209;11.675761222839355;9.83845043182373;10.03824520111084;9.17625331878662;11.786540031433104;9.284958839416504;10.734169960021973;11.775638580322266;9.176255226135254;9.203871726989746;10.470491409301758;9.176260948181152;11.774202346801758;9.539010047912598;9.176386833190918;11.78450870513916;11.580756187438965;9.176329612731934;11.544039726257324;9.53164291381836;9.183372497558594;11.72470474243164;9.541396141052246;9.221367835998535;11.26000690460205;11.26000690460205;10.920414924621582;9.258822441101074;9.176946640014648;9.201116561889648;11.78653621673584;9.17628002166748;9.177630424499512;8.491853096329674;9.287712379549449;9.971543553950772;11.44449728710381;9.654636028527968;9.915879378835774;10.352043425795433;9.517669388133813;9.30149619498255;10.447083226209651;9.810571634741146;11.35424938194524;10.450180247164754;9.14210705730255;8.954196310386875;10.330916878114618;11.397674632948268;11.027905996569883;9.113742166049189;10.720244258287568;11.423641195075856;9.859534786382651;8.951284714966972;10.830515206976838;9.722807531169549;10.256208688527389;10.13827180017222;10.580258567499788;9.77313920671969;10.325305455089682;10.06339508128851;9.951284714966972;10.356451970221755;9.847057346091336;10.328674927327947;8.535275376620802;9.7431513941125;10.287712379549449;10.595257481449035;10.274960472140602;10.715961990255144;10.217957697864112;10.641148597411233;10.932952892194717;9.689997971419446;10.929258408636972;11.350386742312844;9.719388820942084;11.197830998012195;11.004220466318197;9.94104760634058;9.859534786382651;9.957102041562289;10.843921051289035;9.859534786382651;9.682994583681683;10.226412192788786;10.00982861736811;9.90839262077375
7.097072124481201;7.195097923278809;7.156259536743164;3.308802366256714;3.2996697425842285;7.162703514099121;7.193950176239014;7.176981925964356;7.11378812789917;4.287509918212891;3.300224542617798;3.369724750518799;4.383880138397217;4.785617351531982;4.617410182952881;3.3047237396240234;3.773107290267944;3.300224542617798;6.818427562713623;7.059304237365723;3.302206516265869;5.452087879180908;3.3545517921447754;6.945650100708008;5.021707534790039;3.299467086791992;7.192287921905518;3.9327268600463863;3.30057692527771;3.3010644912719727;3.342492818832397;5.547345161437988;5.053555488586426;7.156259536743164;3.3556067943573;3.51114273071289;3.299549102783203;3.512610912322998;6.185114860534668;7.191005229949951;3.3605780601501465;6.898670196533203;6.686889171600342;4.581486701965332;6.647149562835693;6.1296467781066895;3.299497127532959;3.4004909992218018;6.840485572814941;3.3085145950317383;6.950532913208008;6.950532913208008;3.2996208667755127;3.3598546981811523;4.503381252288818;6.91889238357544;5.882327556610107;6.370563983917236;3.2994730472564697;1.0;2.0;4.169925001442312;4.392317422778761;3.321928094887362;3.4594316186372973;2.584962500721156;3.321928094887362;1.0;4.169925001442312;2.0;5.20945336562895;4.857980995127572;2.0;2.584962500721156;3.4594316186372973;4.807354922057604;2.807354922057604;0.0;3.321928094887362;5.087462841250339;3.169925001442312;2.807354922057604;4.584962500721156;3.4594316186372973;2.321928094887362;3.0;3.169925001442312;1.584962500721156;2.807354922057604;2.321928094887362;2.584962500721156;3.169925001442312;2.584962500721156;3.807354922057604;2.0;3.321928094887362;2.321928094887362;3.169925001442312;4.643856189774724;3.906890595608519;4.0;2.321928094887362;2.807354922057604;2.807354922057604;4.0;4.169925001442312;3.807354922057604;6.882643049361842;3.0;2.584962500721156;5.554588851677638;2.807354922057604;3.169925001442312;3.321928094887362;2.0;3.169925001442312;2.0;3.584962500721156
11.109793663024902;11.375811576843262;11.376550674438477;11.377819061279297;10.176763534545898;10.272479057312012;11.257535934448242;11.379738807678224;11.347883224487305;11.37937068939209;9.822519302368164;11.33030128479004;11.11284351348877;9.885064125061035;9.835769653320312;9.837041854858398;11.175251960754396;9.822519302368164;11.379630088806152;11.21219539642334;11.370038032531738;9.819202423095703;11.362054824829102;9.819742202758787;9.956843376159668;11.356675148010254;11.378701210021973;9.820876121520996;11.379727363586426;9.819246292114258;11.311577796936035;9.819291114807127;10.37232780456543;11.376550674438477;10.84908390045166;9.819442749023438;9.957934379577637;9.844493865966797;11.377869606018066;11.365205764770508;9.820290565490724;11.360549926757812;9.881169319152832;9.820695877075195;11.04195785522461;10.087891578674316;9.898340225219728;10.095014572143556;11.372838973999023;9.820453643798828;11.37951374053955;11.37951374053955;10.01955795288086;11.374208450317385;9.825536727905272;11.349048614501951;11.256460189819336;9.842926025390623;10.558612823486328;9.821773981970567;10.148476582178278;9.661778097771988;11.303209948944776;9.868822554775;10.281930026955443;11.483815777264256;10.026523442519766;9.845490050944376;10.58777751632821;10.08214904135387;10.91737207947684;10.910642730469624;9.477758266443889;9.381542951184583;10.514714054138487;11.03342300153745;10.936637939002573;9.330916878114618;10.319672120946995;11.494855584491198;9.792790294301064;9.167418145831736;10.490850876740298;9.493855449240822;9.845490050944376;10.489847960439295;10.181152256865566;10.562242424221072;10.226412192788786;10.386940245324311;10.12023787734196;10.191059214531656;10.4231159101471;9.958552715431011;9.055282435501187;10.161131882984307;9.73640193131829;11.40992124124968;10.619302955415687;10.14338321398982;10.154818109052105;10.382624026574916;10.559377090526684;9.566054038171092;11.081483438093674;11.247927513443583;10.232420927176076;11.046441948007311;10.510764167917891;9.826548487290914;9.89178370321831;10.0566377151132;10.99717948093762;10.06339508128851;9.84862294042934;10.161131882984307;10.34207466799914;10.250298417906333
9.574607849121094;11.945805549621582;8.665432929992676;9.385685920715332;8.750523567199707;9.757509231567385;11.939932823181152;11.182195663452148;11.947593688964844;9.52923583984375;8.665996551513672;8.701018333435059;8.67009449005127;8.904419898986816;8.765095710754395;10.566534042358398;11.933414459228516;8.665996551513672;11.944937705993652;10.726699829101562;11.785231590270996;9.803384780883787;11.422688484191896;10.837891578674316;11.9458646774292;11.946694374084473;11.75540542602539;9.085725784301758;8.68074893951416;11.82594871520996;8.692222595214844;10.806865692138672;11.937830924987791;8.665432929992676;11.9469633102417;11.790122985839844;8.66562271118164;11.076348304748535;11.83384609222412;8.811211585998535;8.666190147399902;11.82541561126709;11.94209098815918;11.095382690429688;8.845468521118164;8.703006744384766;8.694480895996094;11.860639572143556;11.889853477478027;8.666332244873047;10.948244094848633;10.948244094848633;11.881925582885742;11.947296142578123;8.665338516235352;11.922043800354004;9.135248184204102;11.801852226257324;11.738788604736328;8.558420713268664;8.149747119504681;8.826548487290914;10.381542951184583;9.517669388133813;9.219168520462162;9.60733031374961;8.479780264029099;8.43879185257826;9.14974711950468;8.689997971419446;9.59245703726808;10.252665432450248;8.92481250360578;9.303780748177102;9.271463027904376;9.705632387361415;9.729620743553038;9.164906926675688;9.79766152585376;10.378294855911893;8.693486957499324;9.084808387804362;9.642051692927977;9.57553924683453;8.930737337562887;8.459431618637296;8.665335917185176;9.419960177847887;8.721099188707186;8.98299357469431;9.189824558880018;8.734709620225837;10.1331422124006;9.264442600226602;8.832890014164741;9.0;8.174925682500678;10.043027283594547;8.83605035505807;9.308339030139408;9.26209484537018;8.912889336229961;9.002815015607053;8.611024797307353;9.72451385311995;9.794415866350104;9.118941072723509;9.442943495848729;9.523561956057012;9.06339508128851;7.727920454563199;8.994353436858859;9.878050912728536;8.46352437327118;8.224001674198105;8.710806433699352;9.372865060112588;8.829722735086058
9.021173477172852;5.294928073883057;8.884352684020996;4.535800933837891;4.571012020111084;9.019539833068848;9.058485984802246;9.058480262756348;4.533355712890625;8.578079223632812;8.720473289489746;8.502938270568848;9.051485061645508;5.37190580368042;8.376425743103027;4.853496551513672;4.622481346130371;8.720473289489746;6.000655174255371;9.052836418151855;4.556471824645996;8.124052047729492;9.039462089538574;4.531058311462402;4.547272205352783;8.688298225402832;8.970423698425293;8.997147560119629;8.957468032836914;9.04957103729248;4.536612510681152;4.624406814575195;6.339419841766357;8.884352684020996;9.054885864257812;4.537178039550781;4.606101512908936;8.55684757232666;6.374655246734619;7.522992134094238;8.955781936645508;4.530479907989502;4.5304107666015625;5.055680751800537;9.03420352935791;9.057934761047363;4.527822971343994;4.5464372634887695;9.057995796203612;5.767030715942383;9.05773639678955;9.05773639678955;4.527925491333008;8.699606895446777;8.663774490356445;9.058377265930176;8.990927696228027;8.701087951660156;4.599834442138672;4.0;6.087462841250339;6.189824558880018;8.507794640198696;6.022367813028454;4.807354922057604;5.491853096329675;5.357552004618084;5.357552004618084;5.614709844115208;5.754887502163468;6.044394119358453;5.727920454563199;4.321928094887363;4.392317422778761;6.066089190457772;6.409390936137702;7.139551352398794;4.087462841250339;7.087462841250339;6.321928094887363;4.459431618637297;4.169925001442312;7.266786540694901;5.930737337562887;5.882643049361842;5.459431618637297;7.734709620225838;4.954196310386875;5.044394119358453;5.930737337562887;3.906890595608519;4.087462841250339;5.247927513443585;5.523561956057013;4.584962500721156;4.754887502163468;6.149747119504682;5.392317422778761;6.584962500721156;6.807354922057604;5.906890595608519;5.727920454563199;6.6293566200796095;7.554588851677638;8.087462841250339;6.614709844115208;4.857980995127572;7.515699838284043;5.78135971352466;5.044394119358453;6.321928094887363;4.247927513443585;6.614709844115208;4.459431618637297;4.087462841250339;5.754887502163468;3.584962500721156;5.930737337562887
10.56823444366455;10.568246841430664;8.069680213928223;10.32572078704834;8.334442138671875;10.194049835205078;8.297657012939453;10.540020942687988;10.36115550994873;9.41988754272461;10.465182304382324;10.008288383483888;10.568293571472168;8.421010971069336;8.031142234802246;8.033406257629395;10.566366195678713;10.465182304382324;10.533214569091797;10.541918754577637;9.566354751586914;8.037463188171387;10.564837455749512;8.035165786743164;10.345171928405762;9.105846405029297;10.56138515472412;8.036150932312012;8.031314849853516;8.031123161315918;8.041084289550781;8.084673881530762;10.567462921142578;8.069680213928223;10.372605323791504;8.051697731018066;8.031858444213867;8.039613723754883;10.21033763885498;9.705458641052246;8.56075668334961;8.068985939025879;10.499688148498535;8.033760070800781;10.466532707214355;8.59421443939209;8.068947792053223;9.199029922485352;10.56431770324707;8.154614448547363;10.121628761291504;10.121628761291504;8.058577537536621;9.578826904296877;9.624897956848145;10.568157196044922;10.55240535736084;9.686664581298828;8.5421724319458;9.485829308701904;9.430452551665532;9.884170519108435;11.420486612825774;8.219168520462162;9.296916206879288;10.488844346457336;10.094077685671904;9.26209484537018;10.557463701597824;9.654636028527968;11.222794902868111;9.900866807980748;9.417852514885896;8.810571634741146;9.451211111832327;10.767356854125683;9.971543553950772;9.533329732305834;10.191059214531656;10.961449694398196;8.971543553950772;9.250298417906333;10.281930026955443;10.068778277985412;9.312882955284357;9.493855449240822;10.092757140919852;9.469641817239516;10.034798962577268;10.269126679149418;9.746514321138465;9.915879378835774;9.86727873970966;9.63662462054365;10.06339508128851;8.614709844115207;9.759888183221834;10.395534135462302;10.682994583681683;9.409390936137704;11.530893981193922;10.181152256865566;10.066089190457772;9.719388820942084;10.63390340934852;10.806549621985962;9.987264012072538;10.94251450533924;11.106562940444883;10.225207436943505;9.388017285345136;10.029287226968243;10.344295907915816;9.76983784362944;9.403012023574997;10.51175265376738;9.59618975614441;9.357552004618084
7.767535209655762;7.886898040771484;7.799691677093506;7.172776222229004;4.743061542510986;7.848296642303467;7.907613754272461;7.907323360443115;4.74886417388916;7.753483772277832;6.715787887573242;5.921627998352051;7.8035783767700195;7.868898868560791;7.597825050354004;4.711742401123047;4.723527431488037;6.715787887573242;7.871763229370117;7.906900882720947;7.2636027336120605;4.818691730499268;7.354258060455322;4.71244478225708;4.725058555603027;4.712882518768311;7.881036281585693;7.011120796203613;7.115936756134033;4.93148946762085;4.850042343139648;4.748758792877197;4.822976112365723;7.799691677093506;7.591896533966064;4.711822032928467;4.717794895172119;5.135437488555908;7.903556823730469;7.883799076080322;7.70404577255249;5.139692783355713;5.37564754486084;4.86290979385376;7.906597137451172;7.90723991394043;4.9331159591674805;4.713718891143799;7.905998706817627;7.053225994110107;7.906390190124512;7.906390190124512;4.711969375610352;7.681499481201172;7.906786918640137;7.901247024536133;7.901921272277832;5.662692546844482;4.880070686340332;4.807354922057604;5.426264754702098;5.20945336562895;7.2384047393250786;6.339850002884624;4.0;6.3750394313469245;5.044394119358453;4.247927513443585;5.643856189774724;5.129283016944966;6.3750394313469245;5.882643049361842;5.247927513443585;4.807354922057604;6.0;6.727920454563199;6.285402218862249;4.906890595608519;4.954196310386875;7.523561956057013;4.954196310386875;5.0;6.066089190457772;5.727920454563199;5.523561956057013;4.954196310386875;5.491853096329675;5.247927513443585;5.78135971352466;5.700439718141092;4.857980995127572;5.857980995127572;4.954196310386875;6.303780748177103;3.906890595608519;5.20945336562895;4.087462841250339;5.954196310386875;6.189824558880018;5.954196310386875;6.044394119358453;5.700439718141092;6.0;5.129283016944966;6.700439718141092;6.768184324776926;6.321928094887363;7.787902559391432;5.857980995127572;4.321928094887363;7.098032082960526;5.285402218862249;6.129283016944966;5.0;5.044394119358453;6.672425341971495;5.321928094887363;6.247927513443585
14.608257293701172;14.507378578186035;13.293634414672852;14.066238403320312;13.14553165435791;13.36617374420166;14.667787551879885;14.668970108032228;14.66120433807373;14.6321439743042;13.162513732910156;14.657915115356444;14.668611526489258;14.091756820678713;13.121905326843262;13.807072639465332;14.667478561401367;13.162513732910156;13.355360984802246;14.58096981048584;14.14082145690918;13.123273849487305;14.668975830078123;13.561052322387695;14.664363861083984;14.668997764587402;14.590657234191896;13.128547668457031;14.636524200439451;13.125252723693848;13.941818237304688;13.40859603881836;14.668927192687988;13.293634414672852;14.66806983947754;13.267404556274414;14.609877586364746;13.12385082244873;13.23362922668457;13.122719764709473;13.151824951171877;13.26839542388916;14.602298736572266;13.121597290039062;14.61125659942627;14.544063568115234;13.124062538146973;14.585444450378418;14.668878555297852;13.215364456176758;14.658714294433594;14.658714294433594;14.165393829345703;14.15949535369873;13.124114990234377;14.668930053710938;13.248452186584473;13.25369358062744;14.66783046722412;13.065079488999862;13.183015000882756;13.524296837662623;15.24692611833406;13.81518313000803;13.7632123668144;14.945626722229823;13.357002092264985;13.28439035916582;13.853212072715648;13.36468185586456;14.490474864825336;14.24399211188512;13.006852001748774;13.193217322699065;13.675626303935395;14.702226807063484;15.034369115706737;13.162706018482416;14.214091404749327;14.680359523513712;13.657430108963014;12.532112370794998;14.16765334867565;13.547858506058416;13.62490966089025;13.70336289396418;13.817982927195652;14.072802534544207;13.46569393586282;13.898979204622512;13.870653692051247;13.4812949046311;14.252517607762288;13.804231877210546;13.204418308289435;13.422459034917935;13.433455039827054;15.036602922195364;13.969206622964236;13.737247343027738;13.968396802543932;13.833977162388804;13.951740039269596;13.522336320913306;14.2205294822913;14.54182262142417;13.462885645213246;14.16105313110564;14.40161286878555;13.294333559671829;13.155292601751954;13.536611486625777;15.099060097540992;13.30035256032822;13.060695931687556;13.48721198320981;14.072886253972108;13.553989202871929
11.346277236938477;12.07868194580078;12.083224296569824;11.401507377624512;10.79389476776123;10.78919506072998;12.2774076461792;12.277395248413086;12.277341842651367;12.27721118927002;10.78911304473877;12.18333911895752;10.785491943359377;10.787302017211914;11.52588939666748;10.786437034606934;12.16828155517578;10.78911304473877;12.264642715454102;10.951315879821776;11.709463119506836;10.781338691711426;12.27502727508545;10.852323532104492;12.272862434387209;12.277411460876465;12.273186683654783;10.793992042541504;12.277413368225098;10.780977249145508;12.26146411895752;12.14060878753662;11.60292911529541;12.083224296569824;12.277379989624023;10.822571754455566;12.200268745422363;10.780906677246094;11.591729164123535;10.78093433380127;10.802000045776367;12.271493911743164;11.01980972290039;10.794259071350098;12.264567375183104;12.27595043182373;11.628288269042969;10.78256893157959;12.2772798538208;12.253430366516112;12.27690315246582;12.27690315246582;10.796045303344728;12.26637363433838;10.788763046264648;12.27739143371582;11.1238374710083;12.06065559387207;12.27737045288086;10.595257481449035;10.30035256032822;11.009128789539256;12.684529482418489;11.321928094887362;11.101975670949232;11.725792271494155;10.605479518061667;10.675074920385445;11.594791118089264;10.767356854125683;12.096715154488535;12.057314877782703;11.060020354507852;10.95492329203032;11.139551352398794;12.156715144224702;12.365228849251544;10.967946705812707;12.194449079479025;11.967946705812707;10.728770849542665;10.808159772868375;11.892163309861964;11.45994384837493;11.198445041452365;10.847840355630714;11.118941072723509;11.060695931687556;10.884933647949762;11.040289721025715;11.150381968817848;10.980853606379736;12.479527669256347;11.078817949961978;10.735556023911537;10.85642552862553;10.471675214392045;11.687813062564931;11.194756854422248;10.506803437795648;11.62935662007961;11.154818109052105;11.101975670949232;10.965784284662089;11.639340708652233;11.94251450533924;10.94178124227853;11.567956075415466;11.685624839726357;11.51717725268954;10.53818893205242;10.576484346796851;12.673529924401144;10.550746785383245;10.330916878114618;10.866506212226202;11.590587049915037;10.99435343685886
12.709003448486328;13.879798889160156;12.462800979614258;13.914490699768066;12.436656951904297;12.447430610656738;13.914453506469728;13.916611671447754;13.89504051208496;13.855438232421877;12.43661880493164;13.844307899475098;13.667946815490724;13.912126541137695;12.678637504577637;12.436724662780762;13.03102207183838;12.43661880493164;13.881223678588867;13.91259479522705;13.913848876953123;12.436314582824709;13.916708946228027;12.623209953308104;13.914770126342772;13.916711807250977;13.59592342376709;12.465316772460938;13.91650676727295;12.437256813049316;13.862632751464844;12.469111442565918;13.88234806060791;12.462800979614258;13.876823425292969;12.46783447265625;13.90795612335205;12.436779022216797;13.808080673217772;13.675188064575195;12.462676048278809;13.451285362243652;13.913514137268066;12.437399864196776;13.906922340393066;13.914430618286133;13.905505180358888;12.938068389892578;13.91661262512207;12.98132038116455;13.90022087097168;13.90022087097168;13.73780632019043;13.674331665039062;13.786446571350098;13.91667366027832;12.45361328125;12.458562850952148;13.916682243347168;12.226713224618962;12.660441650209172;12.682116764950074;14.189052362190337;12.770250927394864;12.942697762886755;13.677499433285108;12.42259043389256;12.404609397837712;13.273795599214264;12.691089186236532;13.620219825507489;13.632654470109475;12.765286098723683;12.69522829149575;12.795227966028678;14.108034327661551;13.586018775355935;12.238703279427725;13.313024722595518;14.322773176454564;12.488844346457336;12.43514933836693;13.236014191900084;13.015589280397393;12.894817763307945;12.998237821888049;13.203500952361397;13.28699085163199;12.867085646616836;12.97656412341533;12.47851684767645;12.830317129810208;13.297776062894147;13.040632200562252;12.095067301607054;12.664447284547972;12.492854620174748;13.418247936305638;13.291026768056126;12.555547771647063;12.53649007319916;13.31741261376487;13.363860976729532;12.185494924210866;13.666113021993024;13.979335872665384;12.822969090453288;13.615744569853312;13.167104482379932;12.62296694479051;12.428360172704291;13.000704269011246;13.42940674151398;12.54182262142417;12.133784409179908;12.878050912728536;12.79685079526716;12.847057346091336
5.9421067237854;5.726847171783447;5.986990451812744;3.31535267829895;5.75496768951416;5.972288131713867;2.5641391277313232;5.986631870269775;5.986921310424805;5.987032890319824;4.05374813079834;5.938314914703369;2.564513921737671;2.564436674118042;3.3581702709198;2.567966938018799;2.620272159576416;4.05374813079834;2.8162498474121094;2.56844162940979;2.564277172088623;3.0632026195526123;2.6758337020874023;2.564138889312744;3.56415057182312;2.564182996749878;5.813779830932617;2.79788875579834;5.987034320831299;2.6078460216522217;5.62432336807251;5.158987522125244;2.5655689239501958;5.986990451812744;5.984272003173828;2.593851089477539;2.5779762268066406;3.307528495788574;2.696094274520874;2.582988739013672;2.610081195831299;5.98671817779541;2.586930990219116;3.4948763847351074;5.900574684143066;2.5685298442840576;2.564345359802246;2.564138889312744;5.982112407684326;5.706681251525879;5.986307144165039;5.986307144165039;2.564137458801269;5.9868645668029785;2.6257145404815674;5.38865852355957;5.128779888153076;5.18561601638794;2.574922561645508;4.169925001442312;2.321928094887362;3.321928094887362;4.807354922057604;3.0;4.584962500721156;3.0;5.491853096329675;4.643856189774724;5.882643049361842;6.754887502163468;3.4594316186372973;5.129283016944966;0.0;3.0;5.0;3.4594316186372973;4.247927513443585;3.700439718141092;6.044394119358453;5.832890014164741;4.459431618637297;2.321928094887362;4.0;4.459431618637297;2.584962500721156;4.584962500721156;4.169925001442312;3.4594316186372973;3.321928094887362;6.409390936137702;3.0;3.169925001442312;5.392317422778761;4.321928094887363;5.807354922057604;2.321928094887362;2.321928094887362;4.087462841250339;4.321928094887363;2.0;4.459431618637297;4.807354922057604;3.807354922057604;1.584962500721156;5.672425341971495;5.247927513443585;2.584962500721156;3.0;3.700439718141092;4.523561956057013;3.584962500721156;3.0;4.954196310386875;3.807354922057604;2.321928094887362;3.906890595608519;3.321928094887362;3.321928094887362
11.425700187683104;11.423990249633787;10.797642707824709;9.98752784729004;10.160752296447754;11.308929443359377;9.537455558776855;11.427031517028809;11.426743507385254;11.383724212646484;11.101032257080078;10.198424339294434;11.363954544067385;9.314536094665527;9.314826011657717;9.32986545562744;11.42104148864746;11.101032257080078;11.369336128234863;10.052505493164062;10.992302894592283;9.321662902832031;11.415761947631836;9.31577205657959;11.313364028930664;10.846962928771973;11.426626205444336;9.314725875854492;9.350687980651855;9.314493179321287;9.347152709960938;10.463631629943848;11.330469131469728;10.797642707824709;11.427030563354492;9.396854400634766;9.318251609802246;9.314894676208496;9.351468086242676;9.315524101257324;9.526324272155762;11.36289405822754;9.556801795959473;9.478545188903809;10.611003875732422;9.399688720703123;9.525775909423828;9.314992904663086;11.426980018615724;9.36817455291748;11.33642864227295;11.33642864227295;9.390235900878906;11.162004470825195;9.36269760131836;11.42711067199707;10.73011302947998;11.422191619873049;11.229748725891112;10.023754353299417;9.1006623390052;10.187352073200495;11.295768934420508;9.308339030139408;9.179909090014934;10.40832974076739;10.057991722759176;9.507794640198696;10.768184324776929;10.303780748177102;11.547858506058416;10.672425341971495;8.721099188707186;9.29920801838728;10.26795708440284;11.077483356859508;10.809768128710411;8.894817763307943;10.71338651493703;11.56843119316746;9.539158811108033;8.980139577639157;11.1767964781476;9.957102041562289;9.449148645375436;9.333155350310616;10.314016703901355;9.99717948093762;10.546894459887636;10.287712379549449;9.355351096424812;9.622051819456376;11.161131882984307;9.60177078840771;9.91288933622996;9.509775004326936;9.89178370321831;10.08746284125034;11.019590728357882;10.445014845868425;11.862637357558794;10.067434360756522;9.285402218862249;10.52552080909507;11.044394119358454;11.349834091457248;10.7515440590891;11.044394119358454;11.088125692188209;10.488844346457336;9.54882190845875;10.188588845707349;10.881878707600446;10.118941072723509;9.78463484555752;10.632086412835182;9.556506054671928;9.556506054671928
12.176173210144045;12.008283615112305;12.18588161468506;11.95030689239502;12.092612266540527;11.280699729919434;12.18397045135498;12.187515258789062;12.16249942779541;12.1754789352417;11.721864700317385;12.169262886047363;12.145907402038574;10.718637466430664;10.795598983764648;10.769150733947754;12.186620712280272;11.721864700317385;11.862128257751465;10.859037399291992;12.16318702697754;10.69670295715332;12.18642520904541;10.696216583251951;12.027617454528809;12.18405055999756;12.187183380126951;10.702924728393556;12.109827041625977;10.696218490600586;12.121182441711426;10.856023788452148;12.004944801330566;12.18588161468506;12.10025405883789;10.698862075805664;11.6956787109375;10.696188926696776;10.927854537963867;10.696157455444336;10.801576614379885;10.765457153320312;10.711816787719728;10.69676113128662;12.020149230957031;12.00668239593506;10.696966171264648;10.715289115905762;12.187219619750977;10.707236289978027;12.181986808776855;12.181986808776855;11.239065170288086;10.716992378234863;10.697872161865234;12.18745231628418;12.178959846496582;10.758479118347168;12.01740550994873;10.802516365121225;11.032734528586714;11.44086916761087;13.035314609824391;11.305491792110685;11.533816389433364;12.081816278109198;11.28828934218097;11.016808287686557;12.225508720236;11.310612781659527;12.77704978843883;12.13827180017222;11.484319423644267;11.084808387804362;11.5980525001616;12.943430560383598;12.53430288245463;11.027214885159834;12.438531977761585;12.902375114486023;10.88340698638837;10.694357887221452;12.377210530388552;11.655977862486942;11.563672959827514;11.505315356136236;11.778077129535358;11.56843119316746;11.693922488081014;11.652396861477678;11.322491537597468;11.433585441150496;12.12573632939501;11.556026992724677;10.689124404913258;11.213711798105672;11.255618749839597;11.96000193206808;12.101319154423276;11.484822894262146;12.011227255423254;11.81257844413538;11.837233700339088;11.194756854422248;12.378294855911893;12.73956967402599;11.580729651598958;12.416533660199583;12.35837648032824;11.293471648838134;11.24436383512051;11.41415667927414;12.368233611380942;11.513727595952435;11.3009244909763;11.522091068887065;11.442425193331609;11.376125389276174
9.102389335632324;9.076408386230469;11.040496826171877;10.93795394897461;10.82486629486084;9.079696655273438;11.072718620300291;11.072739601135254;11.005165100097656;11.07150650024414;9.989100456237791;9.313620567321776;9.083381652832031;9.269830703735352;11.020527839660645;9.079691886901855;10.564464569091797;9.989100456237791;11.04184913635254;9.081588745117188;11.070584297180176;9.079500198364258;10.536694526672363;9.075048446655272;9.68331527709961;11.05795669555664;11.051480293273926;9.386713981628418;11.072776794433594;9.07963752746582;11.019974708557127;10.140323638916016;9.090517044067385;11.040496826171877;11.072741508483888;9.075190544128418;11.04971694946289;9.07468032836914;10.333873748779297;9.075201034545898;9.431303977966309;11.033082962036133;9.082474708557127;9.098798751831056;10.763381004333496;11.066964149475098;10.848106384277344;9.07473850250244;11.070075988769531;11.006985664367676;11.068887710571287;11.068887710571287;9.47596263885498;10.86141586303711;9.75966739654541;11.071481704711914;10.999673843383787;10.125285148620604;11.072746276855469;8.679480099505446;8.262094845370179;9.535275376620802;10.749869427396844;9.577428828035748;9.481799431665753;10.083479327331842;9.278449458220482;9.116343961237469;10.286557761607956;8.707359132080883;10.393390457443989;10.47269083924278;9.533329732305834;10.011227255423254;9.25974326369078;10.772314573921651;10.589651146514786;9.54882190845875;10.371776644337924;10.810571634741146;8.829722735086058;9.5980525001616;10.083479327331842;10.404077136241234;9.266786540694902;9.355351096424812;9.177419537989236;9.577428828035748;9.124121311829189;9.847057346091336;9.45532722030456;9.014020470314934;10.594324603924848;9.34207466799914;8.672425341971495;9.776433032444732;8.247927513443585;9.226412192788786;9.37937836707126;9.564149489985732;9.899356922923111;9.442943495848729;8.823367240046235;9.579315937580017;10.004220466318197;10.4542992936199;9.276124405274238;9.845490050944376;10.30035256032822;9.651051691178928;9.14210705730255;9.519636252843211;10.490850876740298;9.447083226209651;8.997179480937621;8.603626344986193;9.59245703726808;9.674192268145683
13.751679420471191;13.689420700073242;12.973047256469728;13.741392135620115;13.01745891571045;12.294974327087402;12.827421188354492;13.759005546569824;13.759817123413086;13.71268367767334;12.449169158935549;13.73374843597412;13.744173049926758;13.063676834106444;12.456872940063477;12.34510898590088;13.756590843200684;12.449169158935549;12.631567001342772;12.560980796813965;13.638545989990234;12.285943031311035;13.759693145751951;12.3870267868042;13.75817584991455;13.760122299194336;13.379490852355955;12.306482315063477;13.743821144104004;12.28583526611328;13.692445755004885;12.888901710510254;13.751654624938965;12.973047256469728;13.4855318069458;12.346830368041992;13.631318092346191;12.285808563232422;12.315889358520508;12.287161827087402;12.32475471496582;13.708922386169434;13.69845199584961;12.28586196899414;13.634477615356444;13.663030624389648;12.464394569396973;12.802802085876465;13.759062767028809;12.538832664489746;13.498356819152832;13.498356819152832;13.12279224395752;12.302081108093262;12.515755653381348;13.75967788696289;13.313737869262695;12.298974990844728;13.759631156921388;12.578372691360803;11.71037597120447;12.780334708123895;14.12145257392032;13.044223335689608;12.469641817239516;12.587308728333545;12.685843811426082;12.414420981746416;13.289298471903477;12.815983626652724;13.83387836457737;13.687156944138907;12.445014845868425;12.279610581052484;12.933137368256713;13.769217996126503;13.761031735466885;12.43280285635187;13.993646060016596;13.788616386250752;12.566054038171092;12.482303782323182;13.409523530691436;13.18750672775828;12.488342277532524;12.328674927327947;12.894059846274022;12.47192918764169;12.544240006441658;13.16867211813223;12.796242448203165;12.549303368513575;14.218638910613478;12.591522346570734;12.868629668212655;12.396069557639867;12.246740598493144;12.8107724413447;12.863411958941638;12.314583244274194;13.513850940118791;12.859534786382651;12.6142497276894;12.872867226786576;13.5980525001616;13.714782134760236;12.646558710154547;13.297346198946718;13.290882822429577;13.637077657143664;12.36468185586456;12.414420981746416;14.15718901351485;12.37531099747307;12.165535141377925;12.52258153125483;12.821176056269854;12.206403913973848
12.62250804901123;10.922821044921877;11.2410888671875;12.783982276916504;12.652331352233888;10.883342742919922;12.788105964660645;12.78508758544922;12.729899406433104;12.78770637512207;12.60487174987793;12.636360168457031;12.788272857666016;10.946395874023438;10.942438125610352;11.839550018310549;12.786794662475586;12.60487174987793;12.7869234085083;10.884943962097168;12.788824081420898;10.882057189941406;12.45866584777832;11.345707893371582;11.078264236450195;12.787851333618164;12.718920707702637;10.894941329956056;12.78918743133545;10.886324882507324;12.763830184936523;10.950645446777344;12.61509895324707;11.2410888671875;12.788836479187012;10.90019702911377;12.780218124389648;10.882318496704102;12.23423957824707;10.89064884185791;11.968507766723633;12.709030151367188;11.515546798706056;10.882380485534668;12.039201736450195;12.782797813415527;12.762322425842283;11.001800537109377;12.726667404174805;12.210912704467772;12.779136657714844;12.779136657714844;12.766034126281738;12.708171844482422;11.36106300354004;12.64626121520996;12.194568634033203;12.191556930541992;12.789240837097168;11.705632387361415;10.732167425663384;12.157978449945432;13.431367014075487;12.196602126523173;12.054265139625764;12.049508251055096;12.149429590056744;11.818582177480858;13.062383491876334;11.967586527296072;13.279465491793964;13.161604304002845;11.1331422124006;11.585901449690772;12.155134454857755;13.727707777472686;13.35024859944484;10.860311054919482;13.059851410770802;13.692942359312008;11.767770648776704;10.98370619265935;12.940313597145968;11.859534786382651;11.82097669262124;12.009478745888066;12.501588422932391;12.085472459181284;12.323054760341646;12.199365616857982;11.812979471251484;12.004571615167656;12.959277505720502;12.313166475977198;11.50084187955693;12.189824558880018;11.909518114296617;12.159556028058768;12.344295907915816;12.202429966015352;12.502334580197996;12.548340287676147;12.172114932533136;12.000704269011246;12.641825972041826;13.33525076831281;12.279610581052484;13.106562940444883;13.101483311565277;12.199365616857982;12.03857610276879;12.013671614058635;13.115531404166768;12.076815597050832;11.977279923499916;11.971902746045467;12.188588845707349;12.185185166820329
7.610204696655273;6.920882225036621;8.738337516784668;7.069935321807861;7.894851207733154;6.929943084716797;8.760993957519531;8.761326789855957;6.9414381980896;8.756791114807129;8.741682052612305;8.632977485656738;8.761322975158691;6.92385196685791;6.92103910446167;8.754402160644531;8.74524211883545;8.741682052612305;8.540453910827637;7.875997543334961;8.757110595703125;6.929966926574707;8.687027931213379;8.678003311157227;6.923669338226318;8.759254455566406;8.760273933410645;6.923116207122803;8.761327743530273;6.938941478729248;8.600342750549316;6.921181678771973;8.754730224609375;8.738337516784668;8.761322975158691;6.951015472412109;8.760807991027832;7.498881340026855;6.933729648590088;8.759989738464355;8.230222702026367;6.9254069328308105;6.921156883239746;6.95542573928833;6.934566497802734;6.999386787414551;8.723103523254395;8.746397972106934;8.691780090332031;7.024552345275879;8.750795364379883;8.750795364379883;8.741891860961914;7.577621936798096;8.734147071838379;8.761246681213379;6.945947170257568;8.74439811706543;8.761241912841797;7.22881869049588;6.392317422778761;6.794415866350106;8.199672344836364;7.693486957499325;7.044394119358453;7.546894459887636;7.614709844115208;7.199672344836364;7.189824558880018;7.499845887083206;8.214319120800766;8.375039431346925;6.857980995127572;7.383704292474052;7.451211111832329;8.467605550082997;8.087462841250339;7.303780748177103;8.247927513443585;8.76487159073609;7.400879436282184;6.930737337562887;7.807354922057604;7.276124405274237;7.129283016944966;7.546894459887636;7.417852514885898;7.276124405274237;7.066089190457772;8.224001674198105;6.882643049361842;6.6865005271832185;8.357552004618084;6.94251450533924;7.199672344836364;7.066089190457772;7.022367813028454;7.20945336562895;7.321928094887363;7.257387842692652;7.882643049361842;6.7414669864011465;7.475733430966398;7.357552004618084;8.409390936137703;7.948367231584678;6.965784284662087;7.761551232444479;7.727920454563199;7.761551232444479;7.011227255423254;7.118941072723508;8.060695931687555;6.794415866350106;6.857980995127572;7.189824558880018;7.321928094887363;6.894817763307944
11.104888916015623;11.103592872619627;11.089900016784668;9.53381061553955;9.362210273742676;11.099990844726562;10.702763557434082;11.104866981506348;11.100961685180664;11.10341739654541;10.941390991210938;10.775546073913574;11.067113876342772;9.071124076843262;9.076725959777832;9.07180404663086;11.097588539123535;10.941390991210938;11.09230613708496;10.194453239440918;9.472616195678713;9.077325820922852;10.919209480285645;9.071045875549316;9.180448532104492;9.147992134094238;11.104533195495604;9.371673583984377;9.07383632659912;9.071221351623535;9.124685287475586;9.525264739990234;9.204596519470217;11.089900016784668;11.09838581085205;9.073890686035156;9.0711669921875;9.087346076965332;9.205787658691406;9.128644943237305;10.45533275604248;10.327144622802734;9.072885513305664;9.162690162658691;11.022421836853027;10.143320083618164;9.07203197479248;9.07104778289795;11.10469913482666;9.161919593811035;11.102340698242188;11.102340698242188;9.071252822875977;11.092721939086914;9.769299507141112;11.10464859008789;11.100769996643066;11.087356567382812;9.109119415283203;10.041659151637214;9.786269627648466;10.407267764244732;11.98477446004684;10.3151495622563;9.980139577639155;10.58777751632821;10.482807956726669;9.805743872151618;10.897089128312755;10.345405246717796;11.278449458220482;10.543031820255235;9.731319031025064;9.477758266443889;9.94251450533924;11.957102041562289;11.12605911607068;9.7632123668144;11.451211111832327;11.59898297103609;9.533329732305834;9.147204924942228;11.06339508128851;10.12023787734196;10.560332834212442;9.936637939002573;10.368506461507693;10.471675214392045;9.988684686772164;10.30720080914081;9.791162888555018;10.26209484537018;11.274378153246364;10.12023787734196;9.59618975614441;9.519636252843211;9.945443836377912;10.624795455860236;10.7714894695006;9.868822554775;12.036173612553483;10.788718332690458;10.545929769085468;10.546894459887636;11.477758266443889;11.349834091457248;10.303780748177102;10.907641803665529;11.042343379793692;11.094737505048093;10.226412192788786;10.074141462752506;11.198445041452365;10.122827994807666;9.879583249612784;10.646558710154547;10.330916878114618;9.489847960439295
10.426507949829102;10.433255195617676;12.09145736694336;10.429210662841797;10.466493606567385;11.02901554107666;12.091922760009766;12.091934204101562;12.06021499633789;12.091854095458984;10.59050750732422;11.176352500915527;10.438962936401367;10.429222106933594;10.4271821975708;10.470486640930176;11.736200332641602;10.59050750732422;12.019862174987791;12.06340503692627;12.049165725708008;10.488231658935549;12.087915420532228;10.451733589172363;11.647015571594238;12.087297439575195;12.091872215270996;10.426512718200684;12.091934204101562;10.426506996154783;12.077268600463867;11.791457176208496;11.623839378356934;12.09145736694336;12.091934204101562;10.472991943359377;12.08950424194336;10.439085006713867;10.95973300933838;10.427968978881836;10.500457763671877;11.15042781829834;10.433237075805664;11.997360229492188;12.04103946685791;11.792962074279783;12.060036659240724;10.447504043579102;12.091898918151855;12.059403419494627;12.091898918151855;12.091898918151855;10.7386474609375;12.088716506958008;10.444449424743652;12.091933250427246;10.427571296691896;12.079580307006836;12.091859817504885;10.1357092861044;9.714245517666123;10.34207466799914;11.671098725748465;10.519636252843211;10.437752072323605;10.61194694181998;10.606405212697783;10.253847484987404;11.473198383677529;10.200898605038445;11.778898476008376;11.711236767793784;10.651051691178928;10.827342704234116;10.72451385311995;12.03857610276879;11.510764167917891;10.177419537989236;11.714674827308002;12.189515729800194;10.225207436943505;10.346513733165636;11.353146825498085;11.037546953962178;10.43879185257826;10.594324603924848;10.687375683437468;10.676838606474153;10.595257481449035;10.700439718141093;10.353146825498085;10.31741261376487;11.561287945164828;10.372865060112588;9.946906274456396;10.478769619475765;10.352043425795433;10.639340708652233;11.066089190457772;10.89178370321831;11.107870914279614;10.696098170955864;10.467605550082997;10.565102078360312;11.441388029346689;11.60408986146918;10.675074920385445;11.417852514885896;11.347621368568134;10.64565843240871;10.543031820255235;10.483815777264256;11.200898605038445;10.870364719583405;10.635718120331047;10.611024797307351;10.657318449581288;10.722807531169549
10.95895004272461;12.603278160095217;10.963202476501465;11.846878051757812;10.954523086547852;10.978435516357422;12.624062538146973;12.580466270446776;12.607263565063477;11.425909996032717;10.956121444702148;11.426231384277344;11.222822189331056;12.620948791503906;12.306325912475586;10.962072372436523;11.240103721618652;10.956121444702148;12.208599090576172;12.623906135559082;12.49477767944336;10.956258773803713;12.624207496643066;12.594935417175291;12.62402057647705;12.624234199523926;11.62913417816162;10.967334747314451;12.58806324005127;10.955718040466309;12.456920623779297;12.517967224121094;12.611867904663086;10.963202476501465;12.474814414978027;11.97545337677002;12.60527229309082;10.954757690429688;12.337599754333496;10.986069679260254;11.39713191986084;12.204023361206056;12.623441696166992;10.991314888000488;12.620941162109377;12.624021530151367;12.62270736694336;11.534685134887695;12.62329387664795;12.558009147644045;12.176513671875;12.176513671875;12.497899055480955;11.262039184570312;12.531161308288574;12.624184608459473;10.955839157104492;11.37908935546875;12.624208450317385;10.663558104217271;10.838416075797335;10.705632387361415;12.356176830516356;11.162391328756906;11.395534135462302;12.293471648838134;10.840777923595054;10.709945380232496;11.292896755409172;10.834471049984222;11.800495500466813;11.947271652460348;11.878050912728536;11.43149760425805;10.902375114486023;12.065079488999862;11.981567281903017;11.250298417906333;11.92072501975118;12.107544031975989;10.747353829478062;11.394998514501673;11.535761377986656;12.057314877782703;11.521600439723729;11.018895621121649;11.21006248324023;11.108524456778168;10.916625922211235;11.068778277985412;10.703903573444665;10.838416075797335;12.401412878714178;11.246146774635864;11.64250302878052;10.519636252843211;10.696098170955864;11.841957399099549;11.71681946132995;10.881878707600446;11.281350514981035;11.208843990734614;11.352595231134304;10.535275376620802;11.813781191217036;11.93110683302934;10.901621158346112;11.31174831500496;11.386940245324311;11.007027266893967;10.76983784362944;10.940313597145968;12.173364830849035;10.859534786382651;10.27029532647204;11.070120944476823;11.177419537989236;11.252665432450248
11.930293083190918;11.929526329040527;11.599939346313477;11.92703342437744;10.331098556518556;10.1162748336792;11.701360702514648;11.930279731750488;11.91172218322754;11.907894134521484;9.973189353942873;11.843976974487305;11.929533004760742;10.75139331817627;9.96409511566162;9.953611373901367;11.884355545043944;9.973189353942873;11.923386573791504;11.888720512390137;11.735751152038574;9.953536987304688;11.899916648864746;9.957162857055664;11.238719940185549;11.628957748413086;11.929730415344238;10.618953704833984;11.789607048034668;9.953423500061035;9.990556716918944;9.954102516174316;11.895649909973145;11.599939346313477;11.927672386169434;9.953423500061035;9.953779220581056;9.95347785949707;11.87108039855957;11.930169105529783;9.953627586364746;11.87649154663086;11.106392860412598;9.95453929901123;11.04492473602295;9.9600248336792;9.955172538757324;10.994630813598633;11.928940773010254;9.954638481140137;11.919672012329102;11.919672012329102;9.959861755371094;11.905226707458496;10.321572303771973;11.930259704589844;11.930267333984377;10.089150428771973;10.068075180053713;10.94104760634058;10.583082767502932;11.371776644337924;12.289730740083757;11.725792271494155;11.239001757765582;11.59898297103609;11.023061249735337;10.41679752760606;11.81658370778757;11.172427508645482;12.45763738099176;12.390975006155534;10.509775004326936;10.839991070539886;11.590587049915037;12.080817527608328;11.952741247186488;10.447083226209651;12.350110443347928;12.17617314910749;10.960725994839056;10.356451970221755;11.804131021183318;11.21856323619027;11.487840033823051;10.473705749619416;11.506307581100309;11.292896755409172;11.533816389433364;10.935165049603697;10.757390009366638;11.321928094887362;12.588246152044816;10.807354922057604;10.644757592516257;11.057314877782703;11.35149140932002;12.18766136573912;11.807354922057604;11.086799685623452;12.261801107195309;11.605479518061667;10.801708358916462;11.41732511767992;12.188588845707349;12.398743691938192;11.55170826162069;11.960725994839056;11.862249900851513;11.642051692927977;10.836839359748716;11.139551352398794;12.079818085212354;10.89633240390994;10.83368074865474;11.222794902868111;11.436190995481416;10.79197682089869
