SYN-SAMPLE-394;SYN-SAMPLE-340;SYN-SAMPLE-80;SYN-SAMPLE-401;SYN-SAMPLE-132;SYN-SAMPLE-502;SYN-SAMPLE-384;SYN-SAMPLE-419;SYN-SAMPLE-65;SYN-SAMPLE-371;SYN-SAMPLE-51;SYN-SAMPLE-0;SYN-SAMPLE-446;SYN-SAMPLE-17;SYN-SAMPLE-91;SYN-SAMPLE-504;SYN-SAMPLE-71;SYN-SAMPLE-418;SYN-SAMPLE-446;SYN-SAMPLE-480;SYN-SAMPLE-17;SYN-SAMPLE-403;SYN-SAMPLE-20;SYN-SAMPLE-299;SYN-SAMPLE-514;SYN-SAMPLE-183;SYN-SAMPLE-382;SYN-SAMPLE-451;SYN-SAMPLE-418;SYN-SAMPLE-20;SYN-SAMPLE-415;SYN-SAMPLE-76;SYN-SAMPLE-408;SYN-SAMPLE-41;SYN-SAMPLE-420;SYN-SAMPLE-43;SYN-SAMPLE-383;SYN-SAMPLE-467;SYN-SAMPLE-259;SYN-SAMPLE-17;SYN-SAMPLE-416;SYN-SAMPLE-280;SYN-SAMPLE-351;SYN-SAMPLE-44;SYN-SAMPLE-127;SYN-SAMPLE-361;SYN-SAMPLE-123;SYN-SAMPLE-417;SYN-SAMPLE-107;SYN-SAMPLE-29;SYN-SAMPLE-82;SYN-SAMPLE-368;SYN-SAMPLE-80;SYN-SAMPLE-1;SYN-SAMPLE-389;SYN-SAMPLE-17;SYN-SAMPLE-135;SYN-SAMPLE-398;SYN-SAMPLE-84;TCGA-55-6979-11A;TCGA-91-6831-11A;TCGA-44-6777-11A;TCGA-44-3396-11A;TCGA-49-6742-11A;TCGA-50-5931-11A;TCGA-44-6147-11A;TCGA-55-6969-11A;TCGA-49-6761-11A;TCGA-44-5645-11A;TCGA-91-6836-11A;TCGA-44-3398-11B;TCGA-55-6984-11A;TCGA-49-4490-11A;TCGA-49-6745-11A;TCGA-55-6971-11A;TCGA-44-2655-11A;TCGA-44-2665-11A;TCGA-73-4676-11A;TCGA-38-4625-11A;TCGA-55-6986-11A;TCGA-55-6983-11A;TCGA-49-4512-11A;TCGA-44-2661-11A;TCGA-38-4627-11A;TCGA-49-6743-11A;TCGA-44-6776-11A;TCGA-50-5936-11A;TCGA-91-6828-11A;TCGA-44-6146-11A;TCGA-44-6144-11A;TCGA-50-5930-11A;TCGA-50-5932-11A;TCGA-38-4626-11A;TCGA-50-5935-11A;TCGA-38-4632-11A;TCGA-91-6847-11A;TCGA-55-6975-11A;TCGA-50-5933-11A;TCGA-44-6778-11A;TCGA-91-6835-11A;TCGA-44-2657-11A;TCGA-50-5939-11A;TCGA-49-6744-11A;TCGA-55-6968-11A;TCGA-55-6985-11A;TCGA-50-6595-11A;TCGA-55-6982-11A;TCGA-44-6148-11A;TCGA-44-2662-11A;TCGA-91-6829-11A;TCGA-55-6981-11A;TCGA-55-6978-11A;TCGA-44-2668-11A;TCGA-55-6972-11A;TCGA-55-6980-11A;TCGA-55-6970-11A;TCGA-44-6145-11A;TCGA-91-6849-11A
10.49161148071289;9.611948013305664;10.064894676208496;9.615822792053224;9.607277870178224;10.320222854614258;11.312668800354004;9.639853477478027;9.98252773284912;11.470998764038086;11.20730686187744;9.603343963623049;9.610398292541504;11.588305473327637;11.64223861694336;9.603167533874512;11.362615585327148;9.62105941772461;9.610398292541504;10.79971408843994;11.588305473327637;9.673698425292969;9.658011436462402;11.705151557922363;9.98688507080078;9.674458503723145;9.620156288146973;9.615198135375977;9.62105941772461;9.658011436462402;11.70750331878662;11.706137657165527;9.637389183044434;11.707904815673828;9.609970092773438;9.609270095825195;10.132670402526855;9.612506866455078;11.695833206176758;11.588305473327637;11.707940101623535;11.705367088317873;11.6956787109375;9.60817527770996;11.705790519714355;10.704191207885742;9.908967971801758;11.694185256958008;9.737781524658203;11.707934379577637;11.703598976135254;9.6361083984375;10.064894676208496;11.644381523132324;11.704878807067873;11.588305473327637;11.708169937133787;9.638931274414062;9.82779312133789;9.581200581924955;9.116343961237469;10.266786540694902;11.312882955284357;10.492854620174748;10.217957697864112;9.958552715431011;10.030667136246942;10.187352073200495;11.034798962577268;9.853309555403674;11.24852060493843;11.519636252843211;11.009128789539256;11.29748950116098;9.987264012072538;11.75112558336727;11.552188759557149;10.352043425795433;11.714245517666123;11.609640474436812;9.61654884377899;10.839203788096944;11.118941072723509;11.61056350392504;10.337621901992508;9.80896417491926;10.00842862207058;10.232420927176076;9.884170519108435;10.527477006060396;9.915879378835774;9.689997971419446;11.4812949046311;10.14210705730255;10.125413470483316;10.303780748177102;9.873444112515376;9.828136484194108;10.1006623390052;10.31628153174622;10.85642552862553;9.918863237274596;9.705632387361415;10.34207466799914;10.63662462054365;11.12670447284319;9.73809225962049;10.746514321138465;11.244958393151132;10.205793249397155;9.700439718141093;10.224001674198105;11.01262453886506;9.951284714966972;9.936637939002573;9.344295907915816;10.072802534544207;10.048486873992337
6.78816556930542;6.737730503082275;6.837150573730469;6.808302402496338;6.742413520812988;7.515573024749756;8.962018966674805;6.740113735198975;8.681533813476562;9.312420845031738;7.0843825340271;6.750120639801025;6.832322120666504;9.310018539428713;7.539144992828369;6.73768424987793;8.56985092163086;6.849157333374023;6.832322120666504;9.18548583984375;9.310018539428713;7.548686027526855;6.852705955505371;9.24398708343506;6.737680912017822;6.979751586914063;8.642938613891602;6.739342212677002;6.849157333374023;6.852705955505371;8.914063453674316;9.10927391052246;6.737675666809082;6.802399158477783;6.737700939178467;6.756698131561279;6.74485969543457;6.741445541381836;9.311739921569824;9.310018539428713;8.01252269744873;7.520501136779785;8.919052124023438;8.164017677307129;7.576515674591064;9.231409072875977;7.605876922607422;9.311440467834473;6.745475769042969;8.108019828796387;9.292147636413574;6.737677574157715;6.837150573730469;8.550785064697266;7.307805061340332;9.310018539428713;7.207515716552734;6.737875461578369;6.740699291229248;4.954196310386875;3.169925001442312;5.954196310386875;6.569855608330948;6.20945336562895;4.087462841250339;6.918863237274595;6.189824558880018;5.285402218862249;6.3750394313469245;4.169925001442312;7.076815597050831;5.285402218862249;4.643856189774724;5.087462841250339;5.129283016944966;6.754887502163468;5.643856189774724;5.584962500721156;4.857980995127572;6.475733430966398;5.247927513443585;4.0;6.285402218862249;5.614709844115208;4.087462841250339;4.087462841250339;5.459431618637297;5.087462841250339;5.087462841250339;5.977279923499917;4.807354922057604;5.044394119358453;6.189824558880018;5.044394119358453;6.0;4.0;5.357552004618084;4.584962500721156;5.672425341971495;5.129283016944966;8.618385502258606;4.754887502163468;4.857980995127572;5.491853096329675;6.22881869049588;6.285402218862249;5.700439718141092;5.643856189774724;5.614709844115208;6.727920454563199;4.643856189774724;5.087462841250339;8.055282435501189;5.584962500721156;4.643856189774724;5.700439718141092;5.169925001442312;4.700439718141092
10.036117553710938;7.410912036895752;7.952622413635254;7.426980495452881;10.17139720916748;10.158639907836914;9.69657039642334;7.83103084564209;10.06295394897461;7.517758369445801;7.416140079498291;9.299333572387695;8.182855606079102;8.182026863098145;7.458902359008789;7.414254188537598;10.126299858093262;8.283655166625977;8.182855606079102;10.166434288024902;8.182026863098145;9.269977569580078;9.21395778656006;10.158921241760254;10.16456699371338;7.552402019500732;7.522891044616699;9.527169227600098;8.283655166625977;9.21395778656006;10.167552947998049;9.571020126342772;7.517046928405762;8.473445892333984;7.583233833312988;10.165800094604492;9.383254051208496;7.42560338973999;7.422206401824951;8.182026863098145;10.172236442565918;10.15754508972168;9.155179977416992;7.450484275817871;10.17200756072998;7.44389533996582;8.608810424804688;10.172259330749512;8.087419509887695;10.166160583496094;10.148187637329102;9.744500160217283;7.952622413635254;9.325838088989258;9.996942520141602;8.182026863098145;7.410484313964844;7.522934913635254;7.561356067657471;8.76487159073609;9.702172685365548;9.988684686772164;11.345959596404112;8.876516946565;9.366322214245816;9.974414589805528;9.709083812550343;9.247927513443583;9.847057346091336;8.971543553950772;11.061371192659813;9.899356922923111;9.467605550082997;8.693486957499324;9.60733031374961;11.044394119358454;10.828136484194108;9.509775004326936;9.932214751968385;10.50084187955693;8.129283016944967;9.61654884377899;10.700439718141093;11.270879295328784;10.443979542601252;8.703903573444663;10.328674927327947;9.13699111208023;10.088788238716909;9.571752643503546;8.936637939002571;9.99859042974533;9.381542951184583;8.927777962082342;9.211888294546004;8.113742166049189;9.519636252843211;10.44086916761087;10.251482410620213;9.899356922923111;9.154818109052105;10.565102078360312;10.264442600226602;8.558420713268664;11.14274527675153;10.513727595952435;9.69522829149575;10.965784284662089;10.581200581924955;8.861086905995395;9.388017285345136;9.25974326369078;10.214319120800766;9.13699111208023;9.08214904135387;9.91288933622996;8.954196310386875;9.08214904135387
11.092328071594238;9.577927589416504;10.808934211730955;9.54734992980957;9.719283103942873;11.45691204071045;11.382575035095217;10.893065452575684;11.27772331237793;11.44097900390625;10.154919624328612;9.54552936553955;10.190682411193848;11.46159839630127;11.25482177734375;9.541953086853027;11.448981285095217;10.50409984588623;10.190682411193848;11.454108238220217;11.46159839630127;11.422359466552734;9.564203262329102;11.465827941894531;9.612725257873535;11.35630702972412;11.45150375366211;10.601816177368164;10.50409984588623;9.564203262329102;11.465925216674805;11.46599292755127;9.552443504333496;9.837565422058104;9.56613540649414;9.54194164276123;9.547253608703612;9.746732711791992;11.465741157531738;11.46159839630127;10.63295555114746;11.465991020202637;9.566106796264648;9.745450019836426;11.462813377380373;11.465929985046388;11.46018409729004;10.650420188903809;9.569473266601562;11.267695426940918;11.465989112854004;9.775851249694824;10.808934211730955;11.465778350830078;11.465558052062988;11.46159839630127;10.517908096313477;9.54238510131836;9.574419021606444;9.044394119358454;8.353146825498083;9.445014845868425;10.947636937951827;9.417852514885896;8.442943495848729;10.13699111208023;9.098032082960527;8.321928094887362;9.84862294042934;8.761551232444479;10.197216693110052;10.130570562805426;9.426264754702098;9.497851836951115;8.876516946565;10.352043425795433;10.428360172704291;9.139551352398794;10.496853777388042;9.987264012072538;8.714245517666123;9.605479518061667;10.071462362556623;10.832098846039134;9.26209484537018;8.483815777264256;8.787902559391432;9.105908508571158;8.614709844115207;9.43879185257826;8.83605035505807;8.491853096329674;11.263269200372662;9.167418145831736;9.850186837645774;8.804131021183318;8.243173983472952;9.118941072723509;9.45532722030456;9.066089190457772;10.12023787734196;9.226412192788786;8.64745842645492;9.481799431665753;10.040289721025715;9.7431513941125;9.187352073200495;9.471675214392045;9.758223214726724;10.108524456778168;8.927777962082342;9.197216693110052;11.34207466799914;8.76487159073609;8.79766152585376;9.131856960608792;9.285402218862249;8.672425341971495
10.169466018676758;10.264053344726562;11.029043197631836;10.171839714050291;11.384033203125;11.839510917663574;10.185773849487305;11.56253719329834;10.247079849243164;11.84115219116211;11.476099014282228;10.172049522399902;11.839265823364258;11.841197967529297;10.169464111328123;10.169607162475586;11.0564603805542;10.406817436218262;11.839265823364258;11.837807655334473;11.841197967529297;11.838275909423828;11.826152801513672;11.840960502624512;10.19032382965088;11.84112548828125;11.839792251586914;11.77447509765625;10.406817436218262;11.826152801513672;11.761178016662598;11.841123580932615;10.16941261291504;10.192046165466309;10.37701416015625;10.253912925720217;10.226263046264648;11.822890281677246;11.8324613571167;11.841197967529297;11.586153030395508;11.840970039367676;10.289134979248049;10.172855377197266;11.234464645385742;11.837165832519531;10.239508628845217;11.757474899291992;10.334333419799805;11.831167221069336;11.8410062789917;10.368229866027832;11.029043197631836;11.775553703308104;11.742833137512209;11.841197967529297;10.16949462890625;10.169414520263672;10.169543266296388;10.25974326369078;9.850186837645774;10.30149619498255;11.808562029957525;10.7047682393626;10.205793249397155;10.08746284125034;10.197216693110052;10.1357092861044;10.773963368433558;10.508785162064513;11.399277924508969;11.243173983472952;9.815383295813538;9.929258408636972;10.61378946447258;11.187352073200495;11.280770770130603;10.026523442519766;11.544964432789238;11.63026712502677;10.330916878114618;9.946906274456396;10.871905237659186;10.19598729802851;10.4189067312579;10.611024797307351;10.72451385311995;10.57553924683453;10.365228849251544;10.688250309133178;10.567956075415466;10.370687406807216;11.653740778706569;10.45532722030456;10.14338321398982;10.174925682500678;10.157346935362844;10.422064766172811;10.573647187493322;10.263269200372662;10.567005370247031;10.638435913990472;10.84313591111135;10.084808387804362;11.66622400280318;11.488844346457336;10.414685235807214;11.14274527675153;10.801708358916462;11.105253779700885;9.984418458801136;10.353146825498085;11.456354415108288;9.935165049603697;9.667111542075029;10.428360172704291;10.462502272597265;10.177419537989236
9.914098739624023;9.425665855407717;9.864051818847656;9.596220016479492;9.42527961730957;11.022676467895508;9.880450248718262;10.143659591674805;9.943265914916992;11.023502349853516;10.654282569885254;9.422582626342772;10.928512573242188;10.932785034179688;10.739635467529297;9.422649383544922;10.9863920211792;10.567954063415527;10.928512573242188;10.775372505187988;10.932785034179688;9.433226585388184;11.014033317565918;11.024025917053224;10.919575691223145;11.016406059265137;9.423150062561035;9.423168182373049;10.567954063415527;11.014033317565918;11.023771286010742;11.02382469177246;9.422699928283691;11.00455379486084;9.424362182617188;9.425434112548828;10.22205638885498;9.42260456085205;11.023962020874023;10.932785034179688;11.023892402648926;11.02378273010254;11.02395248413086;9.422743797302246;10.503317832946776;9.429473876953123;9.483022689819336;11.012781143188477;10.674046516418455;11.024065017700195;11.010478973388672;10.998109817504885;9.864051818847656;11.01560401916504;11.018742561340332;10.932785034179688;10.608973503112791;9.42257022857666;9.422662734985352;9.39660478118186;9.627533884472792;9.978710459106358;11.443461612227392;9.54882190845875;10.215532999745657;11.693051295397;10.169925001442312;10.285402218862249;11.263856019596082;9.807354922057604;11.437231901039478;11.207014320177532;10.572700226487292;10.494855584491198;10.338736382573916;11.60130652612184;11.278449458220482;10.161131882984307;11.25797705856398;11.651051691178928;9.428360172704291;9.335390354693924;11.014717929860009;10.906890595608518;10.276124405274238;10.211888294546004;9.86573327085176;10.371776644337924;10.266786540694902;10.51175265376738;10.091435386323608;9.94251450533924;11.50382573799575;9.871905237659186;9.611024797307351;10.074141462752506;9.726218159332198;10.064742764750257;10.737247343027738;9.878050912728536;10.567956075415466;10.10459875356437;10.00842862207058;10.328674927327947;10.959277505720502;11.593391122791736;10.328674927327947;10.693486957499324;11.247334178028728;10.38586240064146;10.032045726930807;10.129283016944967;11.567956075415466;10.706496018061188;10.306061689428342;10.071462362556623;10.617467465294196;10.658211482751796
7.496766567230225;7.122260093688965;7.120035171508789;7.622435569763184;8.57110595703125;9.14877700805664;8.850098609924316;8.009751319885254;8.811389923095703;7.239639759063721;7.109847068786621;8.96061897277832;7.193465709686279;7.120843887329102;9.182822227478027;7.100386619567871;9.242586135864258;7.279650211334228;7.193465709686279;9.22844696044922;7.120843887329102;9.052369117736816;7.120189666748047;9.240779876708984;7.184992790222168;7.095815658569336;7.112832546234131;7.334684371948242;7.279650211334228;7.120189666748047;9.245375633239746;9.23276138305664;7.1448187828063965;7.095706462860107;7.1254167556762695;8.580244064331055;7.1721038818359375;7.097173690795898;8.90351676940918;7.120843887329102;9.20576000213623;9.24022388458252;7.09797477722168;8.33532428741455;9.24539852142334;7.228822231292725;7.87965202331543;9.244460105895996;7.119260311126709;7.337278366088867;9.24390697479248;7.098017692565918;7.120035171508789;9.24478530883789;9.05597972869873;7.120843887329102;7.110480308532715;7.917891979217529;8.790860176086426;7.392317422778761;8.238404739325079;8.370687406807217;9.96289600533726;8.686500527183219;8.08214904135387;8.098032082960527;7.285402218862249;7.108524456778169;9.558420713268664;8.011227255423254;9.507794640198696;9.189824558880018;9.016808287686557;8.96289600533726;7.686500527183218;10.127994320976391;8.76487159073609;9.13699111208023;9.403012023574997;10.804937672051908;6.977279923499917;7.960001932068081;9.187352073200495;9.147204924942228;8.194756854422248;8.224001674198105;8.823367240046235;8.72451385311995;8.308339030139408;7.94251450533924;7.774787059601174;8.03342300153745;9.002815015607053;8.303780748177102;6.794415866350106;8.280770770130603;7.651051691178928;8.03342300153745;8.550746785383243;9.428360172704291;8.930737337562887;8.665335917185176;9.364134655008051;7.851749041416057;9.49585502688717;9.62935662007961;8.968666793195208;9.820178962415188;9.306061689428342;7.622051819456376;8.005624549193879;8.442943495848729;7.076815597050831;8.124121311829187;8.016808287686555;8.271463027904375;7.714245517666122;8.848622940429339
10.996223449707031;11.097763061523438;11.087403297424316;11.048253059387209;11.176621437072754;12.681862831115724;11.338441848754885;11.97750759124756;10.998309135437012;12.37582778930664;11.082338333129885;10.977489471435549;12.370680809020996;12.490221977233888;12.263073921203612;10.980476379394531;12.65623378753662;10.99654769897461;12.370680809020996;12.532440185546877;12.490221977233888;12.510884284973145;12.573827743530272;12.719595909118652;11.10886001586914;11.564658164978027;10.985859870910645;11.041600227355955;10.99654769897461;12.573827743530272;12.720328330993652;12.71994972229004;10.978572845458984;12.687186241149902;11.231561660766602;12.71611785888672;12.57240390777588;10.992581367492676;12.71961498260498;12.490221977233888;12.713322639465332;12.720304489135742;12.533731460571287;10.977240562438965;12.720343589782717;11.317804336547852;10.979727745056152;12.719016075134276;12.712261199951172;12.720314979553224;12.71890640258789;11.411225318908691;11.087403297424316;12.704338073730469;12.69226360321045;12.490221977233888;12.597725868225098;10.977700233459473;10.997660636901855;11.088125692188209;10.409390936137704;11.544481522310791;12.783816759320182;11.71037597120447;11.489847960439295;11.723660944409984;11.556984957594462;11.40992124124968;12.269418929741096;11.376125389276174;12.485577770903188;12.454813348512523;11.188588845707349;11.350939181546432;11.60917873814198;12.697184783224516;12.929073435876813;11.16427843830117;12.646108641506103;12.65127597334664;11.20212382383046;10.727069558023706;12.296916206879288;11.768184324776929;11.64250302878052;11.443461612227392;11.637077657143664;11.538673953082668;11.262682142362165;11.828136484194108;11.543031820255235;11.229419688230417;12.730894646541673;11.348728154231075;11.163649676015824;11.57553924683453;11.127349541059118;11.696098170955864;11.508289986140348;11.51717725268954;12.2103669456326;11.618844301766652;11.43567026093655;11.532842910961282;12.255323690008137;12.475226777742266;11.326429487122304;12.041316915829444;12.52772134428452;11.677719641641009;11.180530807344482;11.304921669581672;12.691961564216788;11.42259043389256;11.121533517340032;11.177419537989236;11.571752643503546;11.38747886584238
12.00655460357666;10.413009643554688;10.99284553527832;10.344154357910156;10.328461647033691;12.141816139221191;10.336299896240234;10.562670707702637;10.45228672027588;11.877148628234863;10.327818870544434;10.324366569519045;12.122698783874512;11.512445449829102;11.438233375549316;10.326940536499023;10.991721153259276;12.053723335266112;12.122698783874512;11.998435974121094;11.512445449829102;10.446702003479004;12.081358909606934;12.159703254699709;11.379070281982422;12.075359344482422;10.408666610717772;10.676714897155762;12.053723335266112;12.081358909606934;12.159378051757812;12.159967422485352;10.324688911437988;11.84241008758545;11.672569274902344;10.365846633911133;12.157896995544434;10.326748847961426;12.158109664916992;11.512445449829102;10.460787773132324;12.160188674926758;11.967411994934082;10.326544761657717;12.151667594909668;11.585793495178224;10.353475570678713;12.098892211914062;12.1530122756958;12.159790992736816;12.077618598937988;12.057634353637695;10.99284553527832;12.096161842346191;11.91558074951172;11.512445449829102;11.055670738220217;10.324315071105955;10.32453441619873;10.60917873814198;9.560332834212442;10.614709844115207;11.806952328210736;11.03342300153745;10.199672344836364;10.314016703901355;10.599912842187129;10.478769619475765;10.94617524072356;10.558420713268664;11.458406613236534;11.179909090014934;9.81698362325538;10.353146825498085;10.306061689428342;11.378836713210614;11.807757403589267;10.550746785383245;11.97333862080036;11.272046524389935;10.253847484987404;9.952741247186488;11.191676146352428;11.493355121494906;10.461479447286155;10.118941072723509;10.50481898763284;10.01262453886506;9.72451385311995;11.175549550636193;10.328674927327947;9.805743872151618;12.461990950585571;10.542064542283445;10.62844554013718;9.681238411777803;9.7632123668144;10.377210530388552;10.452241240430816;10.615629636968098;11.545929769085468;10.337621901992508;10.189824558880018;11.130570562805426;11.718104713121756;11.162391328756906;10.224001674198105;10.646558710154547;11.086136225027309;11.451726268074506;10.0566377151132;10.328674927327947;11.7553048882624;9.9901039638575;9.531381460516313;10.296916206879288;10.929258408636972;10.034798962577268
12.294572830200195;11.602850914001465;10.597553253173828;10.035039901733398;10.063798904418944;12.33319091796875;10.040358543395996;12.201276779174805;11.05679702758789;10.03008270263672;10.486289978027344;10.025221824645996;12.333328247070312;10.058802604675291;12.253870010375977;10.025625228881836;12.305490493774414;12.32137393951416;12.333328247070312;12.300531387329102;10.058802604675291;10.024747848510742;12.313383102416992;12.334494590759276;12.333152770996094;12.32674503326416;10.112269401550291;10.425041198730469;12.32137393951416;12.313383102416992;10.335923194885254;12.32749080657959;10.071090698242188;10.956018447875977;11.267043113708496;10.073455810546877;12.33203125;10.024730682373049;11.64777374267578;10.058802604675291;12.038920402526855;12.248488426208496;10.110870361328123;10.024805068969728;12.302534103393556;10.025774002075195;11.375187873840332;12.188600540161133;12.164555549621582;12.334925651550291;11.133402824401855;12.333539009094238;10.597553253173828;12.285823822021484;12.333170890808104;10.058802604675291;10.027921676635742;10.024970054626465;10.061488151550291;13.089781488353998;13.41758884038258;10.774787059601174;13.675846798363596;12.341240820538747;14.380055148544896;14.798421172228954;12.43149760425805;11.744413410557655;11.944346034137832;11.642954223480332;12.66644593881483;11.929628283024565;11.914758838941856;11.1705510353167;12.057314877782703;14.160265375794546;14.134506539022745;12.862637357558794;13.22836777783683;12.92184093707449;11.573173784686484;10.452241240430816;12.108197722535827;13.09984089900072;12.606405212697783;12.35397382181817;12.487840033823051;12.89519657256334;12.450953464712992;12.553149275598548;12.971184272404678;12.02271457304476;13.583200322609205;11.378836713210614;11.91737207947684;11.275542556086725;12.400612641082;15.265798155172575;13.976116567946908;10.466586337719244;11.925925264972856;13.216139556425135;11.11699367754698;10.4757334309664;13.62445278651674;12.702172685365548;10.323054760341646;12.00562454919388;15.285438343586272;10.193525360501216;12.239598529249124;11.843528534611089;13.25502856981873;10.822570830950168;10.286557761607956;11.51668494930961;13.622623840811512;13.134426320220928
11.885046005249023;11.871346473693848;12.074529647827148;11.871647834777832;12.357464790344238;13.362972259521484;11.918577194213867;11.871976852416992;11.907821655273438;13.308258056640623;11.910565376281738;11.90072250366211;12.29061222076416;13.351547241210938;11.875229835510254;11.871349334716797;12.791193962097168;11.890976905822754;12.29061222076416;13.366724014282228;13.351547241210938;13.211100578308104;13.333945274353027;13.366575241088867;11.880481719970703;12.051692008972168;12.007501602172852;11.878787994384766;11.890976905822754;13.333945274353027;13.366724014282228;13.36654567718506;11.871312141418455;11.96652603149414;11.871463775634766;13.044509887695312;11.965173721313477;11.871423721313477;13.3521089553833;13.351547241210938;13.366559982299805;13.366777420043944;11.88340950012207;11.878271102905272;13.366780281066896;12.681123733520508;11.903362274169922;13.366765022277832;13.127385139465332;13.366778373718262;13.36658000946045;11.87138557434082;12.074529647827148;13.35597324371338;13.339407920837402;13.351547241210938;11.871702194213867;11.871691703796388;11.87167739868164;11.826945650415484;11.677719641641009;12.322773176454564;13.81977993183848;12.393122273589531;12.186114239541643;12.985486199104637;12.162076570374312;11.955649907528374;12.806952328210736;12.246146774635864;13.429929741353272;13.234068951183083;12.261507309202056;11.965423565810127;12.537461094633018;13.380190466749834;13.248224089668474;12.084808387804362;13.151016538892248;13.584022940257542;12.076147528022505;12.240791332161956;12.96000193206808;12.64092273517345;12.340406490853294;12.39901083295199;12.575066464578656;12.46352437327118;12.512740462803498;12.557463701597824;12.607099094093552;12.434628227636724;13.223700075986306;12.624110035762987;11.85369942030022;12.253552062637464;11.863411958941638;12.70433597118232;12.43827205612483;12.489597122389307;12.544240006441658;12.47015043527436;12.746514321138465;11.923327485419192;13.14242620231898;13.460711852141213;12.459687756239548;13.183015000882756;12.869208250550829;12.639340708652233;11.798471801101618;12.3151495622563;13.606983470367512;12.048486873992337;11.83289001416474;12.21856323619027;12.428883552010191;12.194449079479025
10.270381927490234;10.246800422668455;10.247269630432127;10.251053810119627;11.749174118041992;11.747474670410156;11.712821006774902;10.52943515777588;10.328258514404297;11.7495756149292;10.248697280883787;10.38647174835205;10.445228576660156;11.748235702514648;10.251728057861328;10.246997833251951;11.72604751586914;10.250389099121094;10.445228576660156;11.732694625854492;11.748235702514648;11.744935035705566;11.749069213867188;11.749704360961914;10.26107406616211;11.743950843811035;10.272597312927246;10.26970386505127;10.250389099121094;11.749069213867188;11.74970531463623;11.749628067016602;10.247106552124023;11.349675178527832;10.247344970703123;11.74970531463623;10.262409210205078;10.28510284423828;11.745635032653809;11.748235702514648;11.748505592346191;11.749703407287598;11.623592376708984;10.247283935546877;11.749627113342283;11.450786590576172;10.251269340515137;11.749703407287598;11.37654972076416;11.74970531463623;11.749688148498535;10.721165657043455;10.247269630432127;11.521800994873049;11.74117374420166;11.748235702514648;10.24771213531494;10.24716091156006;10.249160766601562;10.468624042918018;10.433585441150496;10.509775004326936;12.07648160120702;10.834471049984222;10.560332834212442;11.40886043602476;10.515699838284045;10.319672120946995;11.335390354693924;10.679480099505446;11.68431031112435;11.639792893279312;10.422064766172811;10.375039431346924;11.002815015607052;11.98299357469431;11.52258153125483;9.975847968006784;11.233619676759702;12.026869205263395;10.459431618637296;10.076815597050832;11.32755264408124;10.474719946526482;10.821773981970567;11.019590728357882;11.175549550636193;10.872674880270605;11.018895621121649;10.809768128710411;10.85096815098244;10.871905237659186;11.321364432039449;10.823367240046236;9.94397991434374;10.568906154502084;10.368506461507693;11.25502856981873;11.353698209048035;10.709083812550343;10.667111542075029;11.1879705919842;11.355351096424812;10.12670447284319;11.674633661767269;11.923327485419192;10.8193807908646;11.603626344986193;11.12605911607068;10.752380646552892;10.566054038171092;10.651948610723446;11.490349505739289;10.547858506058416;10.205793249397155;10.851749041416058;10.59245703726808;10.73978060977326
10.452216148376465;10.417179107666016;10.659771919250488;10.425314903259276;11.217275619506836;11.92086124420166;10.50207233428955;10.424635887145996;10.742101669311523;11.920974731445312;10.522918701171877;10.425936698913574;11.35080909729004;11.9209566116333;10.418442726135254;10.4171142578125;11.037941932678224;10.56567668914795;11.35080909729004;11.918339729309082;11.9209566116333;11.796765327453612;11.849627494812012;11.92094898223877;11.24780559539795;11.906404495239258;10.87527084350586;10.485273361206056;10.56567668914795;11.849627494812012;11.92094612121582;11.920772552490234;10.4171142578125;11.624229431152344;10.422477722167969;11.395403861999512;11.644407272338867;10.41822910308838;11.919994354248049;11.9209566116333;11.920461654663086;11.9209623336792;11.920893669128418;10.41878604888916;11.581812858581545;11.569411277770996;10.43960189819336;11.920964241027832;10.824577331542969;11.89787769317627;11.920941352844238;10.45699691772461;10.659771919250488;11.711066246032717;11.624078750610352;11.9209566116333;10.426568031311035;10.417113304138184;10.417136192321776;10.654636028527968;10.82097669262124;11.055960234452296;12.396337194231098;10.381542951184583;10.78053976747196;11.253847484987404;11.047123912114026;10.689997971419446;11.811374693509942;11.243173983472952;12.236313227042803;11.584022940257542;10.63662462054365;10.634811050171718;11.29117069932186;12.135388651579046;11.546894459887636;10.253847484987404;11.78749449969676;12.595024318613635;10.684748620421626;10.216745858195306;11.619761463298424;10.991521846075695;10.59245703726808;10.934428040626804;11.466586337719244;11.032045726930807;11.2246046815385;11.496853777388042;10.778077129535358;11.030667136246942;11.952377251967985;10.873444112515376;10.699572453287267;10.489847960439295;10.657318449581288;11.12088584278779;11.900866807980748;10.405141463136344;11.901244032467376;11.141468555393084;11.201511344500146;10.984418458801136;12.213711798105672;12.422853195944263;11.471675214392045;11.94397991434374;11.434106928609957;11.63662462054365;10.794415866350104;11.049848549450562;11.884933647949762;11.144020869266893;10.668884984266247;11.496853777388042;11.002111776479852;10.734709620225836
8.607964515686035;8.31131649017334;8.47860050201416;8.322158813476562;8.311165809631348;8.874162673950195;10.915775299072266;8.311027526855469;8.931245803833008;11.040205001831056;10.241975784301758;8.325922966003418;8.350123405456543;10.976489067077637;11.03265380859375;8.310955047607422;8.884490013122559;8.405771255493164;8.350123405456543;10.552549362182615;10.976489067077637;8.519282341003418;9.246195793151855;10.649846076965332;8.310958862304688;8.34113597869873;9.051762580871582;8.311044692993164;8.405771255493164;9.246195793151855;10.468206405639648;10.961668014526367;8.311059951782227;10.740324020385742;8.31096363067627;8.329075813293457;8.311654090881348;8.311144828796387;11.039973258972168;10.976489067077637;10.011414527893066;10.586512565612791;10.688287734985352;9.445809364318848;10.047293663024902;10.904647827148438;10.446589469909668;11.008830070495604;8.519869804382324;10.80916976928711;10.917261123657228;8.310955047607422;8.47860050201416;10.541678428649902;9.810829162597656;10.976489067077637;11.0137300491333;8.312390327453613;8.559985160827637;8.370687406807217;6.247927513443585;7.988684686772165;9.174925682500678;8.885696373339394;8.011227255423254;9.116343961237469;8.499845887083206;8.071462362556623;9.038918989292302;7.475733430966398;8.951284714966972;9.139551352398794;8.353146825498083;7.98299357469431;8.285402218862249;8.985841937003341;8.665335917185176;7.845490050944375;8.103287808412022;8.558420713268664;7.936637939002571;7.86418614465428;8.558420713268664;8.622051819456376;6.965784284662087;7.622051819456376;7.700439718141092;7.451211111832329;7.826548487290915;8.912889336229961;7.78135971352466;7.78135971352466;8.622051819456376;7.820178962415188;8.174925682500678;8.108524456778168;7.832890014164741;7.839203788096944;7.546894459887636;7.876516946564999;9.047123912114026;8.044394119358454;7.348728154231077;8.366322214245816;8.266786540694902;8.918863237274595;7.599912842187128;8.344295907915816;9.092757140919852;8.665335917185176;7.60733031374961;8.060695931687555;9.550746785383245;8.092757140919852;7.851749041416057;7.679480099505446;8.164906926675688;7.622051819456376
10.896771430969238;10.697070121765137;12.010000228881836;10.69749641418457;10.709270477294922;11.957246780395508;10.999131202697754;10.70945930480957;10.993896484375;12.289952278137209;12.51433277130127;10.699800491333008;10.734827041625977;12.551989555358888;12.517229080200195;10.697040557861328;12.452712059020996;10.75654411315918;10.734827041625977;12.435846328735352;12.551989555358888;10.725732803344728;10.721866607666016;12.557487487792969;12.24366283416748;10.71727466583252;10.780517578125;10.70174503326416;10.75654411315918;10.721866607666016;12.557124137878418;12.557421684265137;10.697469711303713;12.167869567871094;10.697149276733398;11.220637321472168;10.709664344787598;10.69688320159912;12.539501190185549;12.551989555358888;12.557657241821287;12.556439399719238;12.30557918548584;10.697115898132324;12.557650566101074;11.509416580200195;11.00532341003418;12.556197166442873;12.47738552093506;12.36419677734375;12.557621955871582;10.755731582641602;12.010000228881836;12.545263290405272;12.557522773742676;12.551989555358888;11.627790451049805;10.69721221923828;10.702770233154297;10.605479518061667;10.61194694181998;11.600377553107844;12.924626959905329;11.592924155627635;11.980853606379736;11.834471049984222;11.174925682500678;11.553629293916364;12.846665681899738;11.3437409184722;12.946540803893104;12.239896822445862;11.991521846075695;11.752798758435516;11.203348002979762;13.36468185586456;12.57530287507339;11.617008227651963;12.687375683437468;13.202736043250168;10.623881490013458;11.214319120800766;12.434628227636724;12.333155350310616;11.776433032444732;11.532355925288847;11.719816603018126;11.461990950585571;11.461990950585571;11.968666793195208;11.144658242831882;11.56081046872794;12.342630298678408;11.724940118462358;10.985130373466898;11.470658874060552;11.06406908038551;11.624795455860236;11.728345714710976;11.70865283568653;11.8668925276766;11.807354922057604;11.482303782323182;10.977995368612962;12.233919208586975;12.85584179604994;11.46096776257042;12.208843990734614;12.672646326124626;11.105253779700885;11.231821178657404;11.480790201095816;12.047123912114026;11.545447181678094;11.277287400130357;11.347067657165873;11.452241240430816;11.57790083688697
11.44683074951172;11.414481163024902;12.949385643005373;11.425300598144531;11.410778045654297;13.018303871154783;11.411625862121582;11.42668342590332;11.413124084472656;13.022601127624512;12.610166549682615;11.410765647888184;13.010807991027832;13.013764381408691;12.932525634765623;11.411190032958984;12.576910018920898;12.01400375366211;13.010807991027832;13.02431583404541;13.013764381408691;11.420525550842283;12.994134902954102;13.027222633361816;11.689871788024902;12.628636360168455;11.414462089538574;11.41075325012207;12.01400375366211;12.994134902954102;13.02449893951416;13.02731227874756;11.410786628723145;12.95268726348877;11.411170959472656;11.696451187133787;12.405208587646484;11.410736083984377;13.027332305908203;13.013764381408691;13.026806831359863;13.027295112609863;12.843332290649414;11.410819053649902;13.027399063110352;11.429125785827637;11.412398338317873;13.02513313293457;13.021748542785645;13.027162551879885;13.025960922241213;11.675228118896484;12.949385643005373;13.02004051208496;13.0242919921875;13.013764381408691;11.66433048248291;11.410762786865234;11.411347389221191;10.92035285541508;10.33427328530719;11.375582512490508;12.91214085629572;11.68255574108031;11.26209484537018;11.793603309279408;11.63117705570398;11.01262453886506;12.097044499322951;11.326429487122304;12.734497941692572;12.550025257465784;11.208843990734614;11.32755264408124;11.649705265471413;12.81317994301459;12.761343456100647;10.806549621985962;12.690652799348484;12.963076692298594;11.184875342908285;11.014020470314934;12.2246046815385;11.9683067944308;11.29174628083394;11.413627929024171;11.611024797307351;11.571752643503546;11.53818893205242;11.539643506238036;11.279030136449649;11.166163082646111;12.651724433108065;11.401412878714178;11.23840473932508;11.466586337719244;11.418379719364957;11.7515440590891;11.536247215688128;11.915879378835774;12.278449458220482;11.505811553919594;11.255618749839597;11.61056350392504;12.169298695792843;12.33147682185962;11.585901449690772;12.286846502735887;12.516192477879368;11.515699838284045;11.311180660053354;11.40886043602476;12.59269061535341;11.381002109550924;11.286557761607956;11.312882955284357;11.64745842645492;11.362491806046062
9.1790189743042;9.17231559753418;9.787200927734377;9.221927642822266;11.016653060913086;11.227442741394045;11.095812797546388;10.73468780517578;11.19534969329834;11.22848892211914;10.538132667541504;9.17151927947998;10.710262298583984;11.22680950164795;9.17812442779541;9.171415328979492;11.227971076965332;9.231287956237791;10.710262298583984;10.362491607666016;11.22680950164795;9.221864700317385;9.193243026733398;11.214271545410156;11.135135650634766;11.165349960327148;10.654784202575684;9.18918228149414;9.231287956237791;9.193243026733398;10.989018440246582;9.954852104187012;9.17142105102539;11.18911361694336;9.173253059387209;9.172542572021484;11.219005584716797;9.171468734741213;11.16224479675293;11.22680950164795;11.224953651428224;9.204874992370604;11.228496551513672;9.171441078186035;9.176026344299316;9.178768157958984;9.610414505004885;11.225282669067385;9.173321723937988;9.198577880859377;11.224757194519045;9.762205123901367;9.787200927734377;9.83446979522705;10.875814437866213;11.22680950164795;10.180578231811523;9.171415328979492;9.171775817871094;8.848622940429339;8.339850002884624;8.804131021183318;10.44190670454224;7.839203788096944;7.523561956057013;9.390168956200185;9.306061689428342;8.005624549193879;8.897845456005511;8.707359132080883;9.674192268145683;8.643856189774725;7.888743248898259;7.426264754702098;8.459431618637296;9.184875342908285;9.273795599214264;7.734709620225838;8.189824558880018;9.970105890612182;8.774787059601174;8.016808287686555;9.252665432450248;8.800899899920305;7.562242424221073;7.870364719583405;8.640244936222345;8.204571144249204;8.550746785383243;9.098032082960527;7.960001932068081;7.686500527183218;8.839203788096944;8.31741261376487;8.29920801838728;7.312882955284356;8.651051691178928;8.957102041562287;9.556506054671928;9.044394119358454;11.407267764244732;7.918863237274595;7.554588851677638;10.025139562278508;9.705632387361415;10.08746284125034;9.92184093707449;9.079484783826816;9.562242424221072;8.103287808412022;8.539158811108031;8.823367240046235;9.684748620421626;9.041659151637214;8.703903573444663;9.78135971352466;8.90388184573618;7.569855608330948
5.299808025360107;4.569697856903076;5.8847503662109375;4.574666976928711;4.5571608543396;5.390776634216309;4.558850288391113;4.59855842590332;4.557773113250732;6.413423538208008;5.589688301086426;4.557164669036865;5.305448055267334;6.371282577514648;6.230535507202148;4.560178279876709;4.671102523803711;6.099071025848389;5.305448055267334;6.219205856323242;6.371282577514648;4.557370185852051;6.414971828460693;6.4157891273498535;4.589377403259277;6.415311813354492;4.560222148895264;4.556964874267578;6.099071025848389;6.414971828460693;6.414102077484131;6.412735939025879;4.5576910972595215;6.4146037101745605;4.558360576629639;6.308362483978272;5.13381290435791;4.557045936584473;6.348336696624756;6.371282577514648;6.099578857421875;6.415501594543457;6.356544494628906;4.557158946990967;6.413248538970947;4.560826778411865;4.558032989501953;6.333545207977295;4.803056716918945;6.415855407714844;6.150123119354248;6.399689197540283;5.8847503662109375;6.109755992889404;6.41221284866333;6.371282577514648;5.155773639678955;4.557056903839111;4.556995391845703;4.523561956057013;2.0;5.129283016944966;4.954196310386875;4.807354922057604;4.321928094887363;3.584962500721156;4.754887502163468;4.807354922057604;4.906890595608519;3.700439718141092;5.523561956057013;5.78135971352466;3.807354922057604;3.807354922057604;4.392317422778761;5.169925001442312;5.20945336562895;3.321928094887362;4.954196310386875;5.727920454563199;3.169925001442312;4.392317422778761;4.807354922057604;5.0;3.584962500721156;3.807354922057604;3.906890595608519;3.906890595608519;3.584962500721156;4.169925001442312;3.584962500721156;3.906890595608519;5.044394119358453;4.087462841250339;3.700439718141092;4.643856189774724;4.087462841250339;3.584962500721156;2.807354922057604;4.954196310386875;4.700439718141092;4.087462841250339;4.584962500721156;4.754887502163468;5.285402218862249;5.169925001442312;4.700439718141092;4.954196310386875;4.700439718141092;5.044394119358453;3.4594316186372973;4.459431618637297;5.247927513443585;3.700439718141092;4.392317422778761;4.459431618637297;4.247927513443585;3.807354922057604
8.797574996948242;9.605877876281738;9.26915168762207;11.284480094909668;8.803557395935059;11.439929962158203;8.810728073120117;9.52469539642334;8.923089981079102;11.424951553344728;10.925240516662598;10.922723770141602;11.42888641357422;11.388784408569336;10.819334030151367;8.792534828186035;10.979009628295898;10.564372062683104;11.42888641357422;11.438443183898926;11.388784408569336;9.819544792175291;11.181193351745604;11.415552139282228;9.158419609069824;9.046558380126951;9.02545166015625;8.792251586914062;10.564372062683104;11.181193351745604;11.437837600708008;11.436271667480469;8.792155265808105;8.792651176452637;8.808871269226074;8.843722343444824;10.799830436706545;8.791471481323242;11.43960952758789;11.388784408569336;10.837054252624512;11.432077407836914;9.756285667419434;10.496509552001951;9.514029502868652;8.840533256530762;9.005783081054688;11.40404987335205;9.84231185913086;8.792610168457031;11.437978744506836;8.795499801635742;9.26915168762207;11.436896324157717;9.272007942199709;11.388784408569336;8.793705940246582;8.80907154083252;9.892691612243652;9.823367240046236;10.105908508571158;9.674192268145683;11.834866038362016;9.74819284958946;9.91139198784346;10.210671343785622;9.731319031025064;10.00562454919388;10.98370619265935;9.845490050944376;11.539643506238036;11.559855041513623;10.308339030139408;9.995767150877802;10.31741261376487;11.757390009366638;11.423641195075856;9.422064766172811;9.927777962082342;11.690434556395054;9.381542951184583;9.594324603924848;11.38586240064146;10.271463027904376;10.395534135462302;9.923327485419192;10.625708843064466;10.049848549450562;10.187352073200495;10.320800548881635;9.719388820942084;10.247927513443583;9.571752643503546;10.69522829149575;9.328674927327947;10.17617314910749;9.722807531169549;10.20212382383046;10.852529509404196;10.605479518061667;10.310612781659527;10.970105890612182;10.375039431346924;9.08746284125034;11.208843990734614;11.269126679149418;10.779719355143405;11.045759661382682;10.91288933622996;9.499845887083206;10.380461065088973;9.987264012072538;9.965784284662089;9.961449694398196;9.807354922057604;10.709945380232496;9.961449694398196;10.358651200892886
11.207959175109863;13.761880874633787;14.738926887512209;10.897331237792969;11.60878562927246;11.77452564239502;12.252821922302246;10.951268196105955;14.704998970031738;14.740220069885254;14.693397521972656;10.886151313781738;12.07853889465332;14.74019718170166;12.905844688415527;10.884032249450684;14.650440216064451;13.988439559936523;12.07853889465332;11.69326877593994;14.74019718170166;10.905325889587402;10.884056091308594;14.637954711914062;12.54511547088623;14.738972663879396;14.739893913269045;12.203392028808594;13.988439559936523;10.884056091308594;12.090126037597656;14.050692558288574;10.967934608459473;14.734267234802246;11.24578094482422;10.883995056152344;11.648955345153809;13.008124351501465;10.981395721435549;14.74019718170166;14.73122787475586;10.92556095123291;14.73765754699707;10.943804740905762;11.173803329467772;11.26543426513672;14.724939346313477;10.88688850402832;10.883995056152344;10.884025573730469;14.73875617980957;14.049223899841309;14.738926887512209;14.03907585144043;14.74018669128418;14.74019718170166;14.07733154296875;10.884512901306152;10.931879997253418;11.735132884139947;10.680359523513712;11.919608238603251;12.81358080298963;13.176640671134011;11.381542951184583;12.25089053572334;11.889884170302828;11.661778097771988;12.165535141377925;12.393658591454772;13.136670762341843;13.356864581418872;11.945077995107816;11.112439506781552;12.486332252768664;13.17367713630342;12.442684367865834;10.854089179870574;12.85369942030022;12.861862340059153;12.250298417906333;12.580258567499788;12.127994320976391;10.975847968006784;12.00982861736811;12.570330101030798;12.412834440119273;12.21856323619027;12.400078902622012;11.972979786066292;11.894817763307945;11.81977993183848;12.101975670949232;12.105908508571158;11.160501747555688;11.81177605532666;12.49160260669611;13.068946179648783;11.727069558023706;13.05273784954982;11.99081307915361;12.1373113907009;12.119589620741122;11.629811944382231;12.855452509744048;12.741677644945858;12.158294103604035;12.647008638441648;11.825356341479337;10.8193807908646;11.564149489985732;11.413098984915264;12.720885503593724;11.15608307628868;12.00982861736811;11.657318449581288;11.687375683437468;11.240195053979924
12.159934997558594;14.731500625610352;14.63875675201416;14.494196891784668;12.158783912658691;14.731744766235352;12.15787124633789;13.504920959472656;12.16191291809082;13.868435859680176;14.73154354095459;12.158246994018556;14.722782135009766;14.72114372253418;14.097198486328123;14.620437622070312;13.151274681091309;13.258116722106934;14.722782135009766;14.727192878723145;14.72114372253418;12.163875579833984;14.72950839996338;14.273193359375;14.730757713317873;14.717578887939451;12.254799842834473;12.161263465881348;13.258116722106934;14.72950839996338;14.599138259887695;14.728824615478516;12.464759826660156;14.369295120239258;14.500015258789062;12.157795906066896;14.72860622406006;12.157824516296388;14.72957992553711;14.72114372253418;14.592424392700195;14.731328010559082;14.695372581481934;12.158349990844728;14.518054962158203;12.16062355041504;12.17065715789795;12.166850090026855;14.731230735778809;14.7317533493042;14.585089683532717;14.585895538330078;14.63875675201416;14.722552299499512;14.66603660583496;14.72114372253418;12.72421932220459;12.157859802246094;12.16278076171875;11.98477446004684;12.978531719709377;13.773551346428505;14.51422090935813;14.156557153199971;13.879296060392983;14.10909606370718;12.964521373897238;14.065668567392636;14.53818893205242;12.66222330531784;14.241163880915709;14.484067622432198;12.843921051289035;13.181462881270017;13.24347153839633;14.760979775479091;12.979425195331473;12.553149275598548;12.924441392339196;15.216480632522918;12.31373335026382;12.522091068887065;14.102631888854969;13.588011853215088;12.994883741970837;13.20197072837312;13.687047562051522;13.117318426010003;13.173833263682058;14.544360769430126;13.15718901351485;13.78269113274609;13.074308741440255;14.310186726124348;11.062720767165043;13.560093957642495;12.149111990706889;13.109177703355275;13.416137768578286;13.745674324002136;12.95746484680521;13.595956743943162;13.00965369223411;12.644757592516257;13.40274562249569;14.607792641919213;13.593857938858225;13.550626555786868;14.271390074247517;13.340684654363438;12.264149339723328;13.468369487109523;13.49597990851814;13.38221871823094;12.616319096976865;13.213863652749346;13.617926556798752;13.930922097125269
9.574575424194336;9.488524436950684;9.49578857421875;9.48994255065918;9.545171737670898;11.236205101013184;10.919208526611328;9.49570083618164;9.527183532714844;11.24288272857666;9.492971420288086;9.521578788757324;10.522625923156738;11.18452262878418;10.48097324371338;9.48843765258789;10.756147384643556;9.699472427368164;10.522625923156738;11.24195384979248;11.18452262878418;10.545276641845703;11.242871284484863;11.242908477783203;9.488426208496094;11.240234375;10.448688507080078;9.488883018493652;9.699472427368164;11.242871284484863;11.242828369140623;11.242897987365724;9.48843479156494;9.495199203491213;9.48844051361084;11.099352836608888;9.48854637145996;9.49213695526123;11.242879867553713;11.18452262878418;9.67109203338623;11.242926597595217;9.48874568939209;9.692411422729492;11.242701530456545;11.012264251708984;10.16939926147461;11.24177074432373;10.411293029785156;11.242929458618164;11.242165565490724;9.489441871643066;9.49578857421875;11.230860710144045;11.228262901306152;11.18452262878418;9.488465309143066;9.489559173583984;9.49145221710205;8.39231742277876;7.977279923499917;8.442943495848729;10.352043425795433;8.88264304936184;8.179909090014934;10.026523442519766;8.665335917185176;7.515699838284043;8.519636252843213;8.483815777264256;9.44086916761087;8.741466986401146;8.087462841250339;7.426264754702098;8.60733031374961;9.247927513443583;9.79603960882977;7.994353436858858;9.002815015607053;8.933690654952233;8.566054038171092;7.546894459887636;9.398743691938192;8.861086905995395;8.487840033823051;7.651051691178928;8.531381460516313;8.366322214245816;8.523561956057012;8.581200581924957;8.400879436282183;8.214319120800766;9.909893083770042;8.734709620225837;8.90388184573618;7.139551352398794;8.174925682500678;9.005624549193879;9.172427508645482;8.43879185257826;9.310612781659527;8.658211482751796;8.727920454563199;8.558420713268664;9.483815777264256;9.35974956032233;8.573647187493322;8.906890595608518;8.851749041416058;9.3151495622563;8.20945336562895;8.312882955284355;10.5401280385821;7.761551232444479;7.562242424221073;8.710806433699352;9.290018846932618;7.906890595608519
10.605097770690918;10.607563018798828;10.61496925354004;10.74865436553955;10.844579696655272;12.13204860687256;10.609681129455566;10.834924697875977;10.604944229125977;12.132049560546877;10.660371780395508;10.857125282287598;12.124000549316406;12.13102912902832;10.638764381408691;10.61691665649414;10.94792366027832;10.67652988433838;12.124000549316406;12.131936073303224;12.13102912902832;12.076312065124512;12.132129669189451;12.132124900817873;10.60603141784668;12.12856101989746;10.615921974182127;10.60532283782959;10.67652988433838;12.132129669189451;12.131942749023438;12.132113456726074;10.604803085327148;10.631486892700195;10.60594367980957;12.132140159606934;10.69211769104004;10.605119705200195;12.132081985473633;12.13102912902832;11.850384712219238;12.132139205932615;10.63095474243164;10.61179542541504;12.131735801696776;10.955026626586914;10.604930877685549;12.132126808166504;12.128706932067873;12.132140159606934;12.131706237792969;10.68818187713623;10.61496925354004;12.07431983947754;11.780183792114258;12.13102912902832;10.60475254058838;10.608479499816896;10.61090850830078;10.66622400280318;10.642954223480332;10.485829308701904;12.064405961891042;10.821773981970567;10.667998535672528;10.521600439723729;10.683871868622605;10.51175265376738;11.270879295328784;10.62296694479051;11.84862294042934;11.619761463298424;9.824958740528524;10.167418145831736;11.019590728357882;12.020285500844649;11.539643506238036;9.776433032444732;11.022367813028454;12.29318423075951;10.729620743553038;9.535275376620802;11.424691191512954;10.26209484537018;10.67595703294175;11.015415052386688;11.348174867535556;11.192292814470768;11.23421867823847;10.932952892194717;10.470658874060552;10.875749351420056;11.036860446673046;10.99435343685886;9.977279923499916;10.582141981658776;10.721953612801386;11.399811959325683;11.46352437327118;11.055960234452296;10.810571634741146;11.18239435340453;11.342630298678408;10.294620748891628;11.961449694398196;12.050868963290736;11.286557761607956;11.797256217509783;11.183635381473218;10.64745842645492;10.69261550169458;10.818582177480858;11.124121311829189;10.589651146514786;10.367414751246828;11.249113452713727;10.543031820255235;10.81698362325538
9.327375411987305;11.676033973693848;9.432167053222656;9.570255279541016;11.649954795837402;11.688425064086914;11.023351669311523;11.685834884643556;10.441388130187988;9.63735580444336;9.823720932006836;9.318599700927734;11.685440063476562;10.383532524108888;9.408269882202148;9.31737232208252;11.68791675567627;9.676814079284668;11.685440063476562;11.553936958312988;10.383532524108888;9.585683822631836;11.50301742553711;11.607421875;10.01204776763916;11.686591148376465;11.666851997375488;10.768945693969728;9.676814079284668;11.50301742553711;11.62427043914795;11.25300121307373;9.319072723388672;10.45368766784668;11.628288269042969;9.326622009277344;11.687980651855469;9.379637718200684;11.203276634216309;10.383532524108888;9.32650661468506;11.293625831604004;9.463995933532717;9.317651748657228;11.336149215698242;9.324210166931152;11.085548400878906;9.525934219360352;9.321497917175291;11.37260913848877;11.65907096862793;11.501784324645996;9.432167053222656;11.549519538879396;11.678927421569824;10.383532524108888;9.322049140930176;9.3173828125;9.453232765197754;9.226412192788786;9.96000193206808;9.214319120800766;11.279610581052484;9.98584193700334;10.15608307628868;12.628217680223434;8.76487159073609;8.754887502163468;9.477758266443889;8.784634845557521;11.43827205612483;10.391243589427445;10.370687406807216;9.38586240064146;9.60733031374961;9.905387005018133;10.902375114486023;9.807354922057604;10.377210530388552;10.569855608330949;8.845490050944376;8.90388184573618;9.533329732305834;10.743992861060176;10.428360172704291;8.988684686772165;9.111135670234708;9.59618975614441;9.417852514885896;9.066089190457772;9.005624549193879;9.407267764244732;10.725366257895642;8.79766152585376;9.52943055414615;7.994353436858858;9.94397991434374;12.045759661382682;11.108524456778168;10.276124405274238;9.44086916761087;9.902375114486023;9.13699111208023;8.965784284662087;11.059344460824423;10.096715154488535;8.800899899920305;9.754887502163468;11.28828934218097;8.581200581924957;9.172427508645482;9.08746284125034;10.877284133523196;8.839203788096944;8.164906926675688;8.854868383260236;10.729620743553038;9.4241662888181
8.784490585327148;8.737223625183105;8.705500602722168;8.901061058044434;10.945108413696287;10.957772254943848;9.25196647644043;10.23761749267578;10.03068733215332;10.1183500289917;8.70134449005127;8.996770858764648;10.95746898651123;10.477839469909668;8.700651168823242;8.702399253845215;10.820109367370604;9.556645393371582;10.95746898651123;10.95675563812256;10.477839469909668;10.885469436645508;10.957633972167969;10.946609497070312;10.170105934143066;10.029595375061035;9.46737003326416;10.720867156982422;9.556645393371582;10.957633972167969;10.932406425476074;10.947213172912598;8.70068073272705;8.704834938049316;10.745490074157717;10.955354690551758;10.957520484924316;8.758760452270508;10.95528507232666;10.477839469909668;10.627861976623535;10.957616806030272;8.808578491210938;8.782313346862793;9.270947456359863;8.978678703308105;8.818428993225098;10.957746505737305;10.957442283630373;10.957230567932127;10.932331085205078;8.98440170288086;8.705500602722168;9.997008323669434;8.758382797241211;10.477839469909668;8.700644493103027;8.700783729553223;8.718400955200195;9.831307243802051;10.24436383512051;10.818582177480858;12.153552031708111;10.468624042918018;10.338736382573916;11.543515216152167;10.161131882984307;9.733015321685963;11.237807473723135;10.450180247164754;12.105908508571158;11.532355925288847;10.709945380232496;10.24555270625568;10.644757592516257;12.155766938445652;11.889503963411476;9.918863237274596;11.147840893672337;12.123798091251857;9.759888183221834;9.7714894695006;11.62844554013718;10.82097669262124;11.193525360501216;10.696098170955864;10.712527000439824;10.821773981970567;10.93810932621924;10.61654884377899;10.544964432789238;10.824163209744158;10.434628227636724;11.094737505048093;9.118941072723509;10.208234358339787;10.0566377151132;10.909893083770042;11.40832974076739;10.759888183221834;10.207014320177532;11.30435132166324;11.3701424794954;9.487840033823051;11.35424938194524;12.072802534544207;10.801708358916462;11.610102062999664;11.26502894245816;9.847057346091336;10.71681946132995;10.407267764244732;11.007027266893967;10.581200581924955;10.252665432450248;10.814582465906277;10.729620743553038;10.93147623388679
9.823759078979492;9.283366203308104;9.2852201461792;9.285565376281738;10.19606113433838;10.954472541809082;9.96178150177002;9.285873413085938;9.291765213012695;11.47656536102295;9.290365219116213;9.876214981079102;9.285325050354004;11.47640895843506;9.694250106811523;9.28338623046875;10.33612823486328;9.28548526763916;9.285325050354004;11.430793762207031;11.47640895843506;10.812944412231444;11.405105590820312;11.476594924926758;9.283538818359377;10.590883255004885;9.307687759399414;9.283655166625977;9.28548526763916;11.405105590820312;11.476591110229492;11.47616195678711;9.283506393432615;10.628565788269045;9.28337287902832;11.47659683227539;9.301127433776855;9.283424377441406;11.470325469970703;11.47640895843506;11.476519584655762;11.476494789123535;9.961703300476074;9.291407585144045;11.476533889770508;11.30483627319336;9.291454315185549;11.47659683227539;9.370222091674805;11.476524353027344;11.47657871246338;9.284425735473633;9.2852201461792;10.251039505004885;11.473785400390623;11.47640895843506;9.321648597717283;9.345687866210938;9.290096282958984;9.7515440590891;11.076147528022505;10.59898297103609;12.964882318367694;11.24198314969433;10.764042217306589;9.99717948093762;10.42940674151398;11.19537220740274;11.556506054671928;10.400879436282183;11.016111838220512;10.324180546618742;11.452241240430816;10.090112419664289;10.380461065088973;11.619302955415687;11.952013164889486;10.113742166049189;11.758223214726724;11.930367747438952;9.99435343685886;9.710806433699352;11.524541715035848;10.923327485419192;11.967226258835993;11.03823313473178;9.744833837499543;11.664447284547972;10.214319120800766;11.581200581924955;10.595257481449035;10.752380646552892;11.488844346457336;11.183015000882756;10.263269200372662;9.86727873970966;10.30149619498255;11.391780606013166;11.074141462752506;10.380461065088973;10.849405100947758;11.844705764411938;11.807757403589267;10.004220466318197;11.653292945382814;12.681897226786235;10.231221180711186;10.871135184243045;11.820178962415188;10.144658242831882;10.153552031708111;10.296916206879288;10.923327485419192;11.214926187942435;9.280770770130603;11.047805554007589;11.56652978262417;12.140829770773
10.292556762695312;10.264239311218262;10.31197452545166;10.323529243469238;11.450224876403809;12.041913986206056;10.423821449279783;10.39820671081543;10.458133697509766;12.008049964904783;11.341781616210938;10.561928749084473;11.655253410339355;12.0420560836792;10.282215118408203;10.265267372131348;11.814475059509276;10.276773452758787;11.655253410339355;11.95652961730957;12.0420560836792;10.621097564697266;12.011058807373049;12.04195499420166;11.745773315429688;10.381587028503418;10.70042896270752;10.286264419555664;10.276773452758787;12.011058807373049;12.042165756225586;12.041299819946287;10.26423168182373;10.26954746246338;10.275312423706056;12.042174339294434;10.960227012634276;10.264056205749512;12.04082489013672;12.0420560836792;12.042255401611328;12.04139518737793;11.63235092163086;10.264608383178713;12.04114818572998;10.558426856994627;10.348432540893556;12.041851997375488;12.039844512939451;10.336061477661133;12.042251586914062;10.291605949401855;10.31197452545166;11.580733299255373;12.03859043121338;12.0420560836792;10.266275405883787;10.264387130737305;10.26787567138672;11.00842862207058;10.964340867792416;10.971543553950772;13.627305880514848;11.590119174107176;11.648357582009666;12.750288267591651;10.967226258835993;11.172427508645482;11.60733031374961;10.992230264965889;12.40381093178603;12.077149515589731;10.757390009366638;10.437752072323605;11.370687406807216;12.576484346796851;12.811976694370289;11.734709620225836;11.926666629347284;12.886649213371976;10.95637615724967;10.564149489985732;11.905010862390297;11.177419537989236;10.94104760634058;12.16804526822409;11.62935662007961;11.71896091198421;11.674192268145683;11.791162888555018;11.92072501975118;11.81698362325538;11.536247215688128;11.728770849542665;10.41256984680521;11.40992124124968;10.953468962228849;12.494355603532846;11.366322214245816;11.567480801143043;11.076815597050832;11.749869427396844;12.907454038318624;10.400879436282183;11.992230264965889;12.58261245126702;11.564625862795372;12.60246690183057;12.611255388699336;10.82097669262124;10.900112062977456;11.519144787997414;12.102631888854969;10.968666793195208;11.034111146096592;11.604553229079038;11.69522829149575;11.90275194485016
9.529061317443848;9.527151107788086;9.545502662658691;9.533066749572754;10.845972061157228;11.096525192260742;9.889973640441896;9.783445358276367;9.65255069732666;11.096538543701172;9.56023120880127;10.19405460357666;11.08525562286377;11.096454620361328;9.53585433959961;9.526735305786133;10.989059448242188;9.729412078857422;11.08525562286377;11.095413208007812;11.096454620361328;11.088519096374512;11.094566345214844;11.09656047821045;9.527539253234863;11.095436096191406;11.07277488708496;9.711958885192873;9.729412078857422;11.094566345214844;11.09596347808838;11.096562385559082;9.526703834533691;9.526788711547852;9.527874946594238;11.01894474029541;9.529224395751951;9.54395580291748;11.096482276916504;11.096454620361328;10.616113662719728;11.096558570861816;9.52761173248291;9.623711585998535;11.050151824951172;11.089802742004396;10.011661529541016;11.092293739318848;10.728832244873049;11.043974876403809;11.096558570861816;9.53763484954834;9.545502662658691;11.086224555969238;11.074606895446776;11.096454620361328;9.526690483093262;9.527239799499512;9.553215026855469;9.73640193131829;9.971543553950772;9.842350343413807;11.49235394515987;9.939579214314692;9.98299357469431;10.698704666770343;9.74819284958946;9.39231742277876;10.471675214392045;10.027905996569883;11.109177703355275;11.094077685671904;9.91139198784346;9.734709620225836;10.31174831500496;11.36139553316589;10.855647166027266;9.543031820255235;10.799281621521924;11.588246152044816;9.853309555403674;9.64745842645492;10.7657004876511;10.179909090014934;10.366322214245816;10.383704292474052;10.719388820942084;10.514714054138487;10.43879185257826;10.198445041452365;9.992938336165814;10.295768934420508;10.591522346570734;10.30149619498255;9.39660478118186;9.91737207947684;9.820178962415188;10.286557761607956;10.7714894695006;9.971543553950772;10.070120944476823;10.651051691178928;10.658211482751796;9.493855449240822;11.208843990734614;11.312315746690109;10.264442600226602;10.980853606379736;10.52943055414615;10.052568050804153;9.902375114486023;10.116343961237469;10.620219825507489;10.051208940914766;9.67595703294175;10.304921669581672;9.78953364497036;10.06339508128851
9.167771339416504;9.18125820159912;9.185455322265623;9.17832088470459;10.757265090942385;10.76515769958496;9.207968711853027;10.574654579162598;9.170209884643556;10.765155792236328;9.158327102661133;9.15925407409668;10.763562202453612;10.76506805419922;9.157858848571776;9.161274909973145;10.435991287231444;9.405662536621094;10.763562202453612;10.764209747314451;10.76506805419922;10.762772560119627;10.765178680419922;10.765186309814451;9.32150173187256;10.76518440246582;9.753193855285645;10.01419162750244;9.405662536621094;10.765178680419922;10.76515769958496;10.765180587768556;9.15800952911377;10.53786277770996;9.706758499145508;10.763919830322266;10.688946723937988;10.221732139587402;10.764339447021484;10.76506805419922;10.201252937316896;10.765186309814451;10.329435348510742;9.15803050994873;10.717995643615724;10.696978569030762;9.159197807312012;10.764811515808104;10.543291091918944;10.76518726348877;10.764989852905272;10.759825706481934;9.185455322265623;10.43767261505127;10.693452835083008;10.76506805419922;9.15788459777832;9.15780258178711;9.157918930053713;9.434628227636724;9.731319031025064;9.52552080909507;11.0566377151132;9.642051692927977;9.69522829149575;10.357552004618084;9.614709844115207;9.131856960608792;10.086136225027309;9.76487159073609;10.659995892429976;10.71853287606922;10.007027266893967;10.107217075591382;10.157346935362844;10.846273911349906;10.507794640198696;9.413627929024171;10.62844554013718;11.163649676015824;9.501837184902296;9.473705749619416;10.250298417906333;10.462502272597265;9.9901039638575;9.958552715431011;10.17617314910749;10.27262978497637;10.064742764750257;9.981567281903017;9.651051691178928;9.915879378835774;10.643856189774723;9.888743248898258;9.719388820942084;9.541096615349524;9.594324603924848;10.25974326369078;10.370687406807216;9.851749041416058;9.733015321685963;10.178664851006472;10.3409627642517;9.226412192788786;10.733015321685963;10.98655314975666;10.041659151637214;10.64745842645492;9.98584193700334;9.834471049984222;9.539158811108033;9.78135971352466;10.281930026955443;9.533329732305834;9.407267764244732;10.066089190457772;9.68650052718322;9.79603960882977
10.849486351013184;10.716872215270996;10.725824356079102;10.850428581237791;10.858183860778809;12.576742172241213;11.621363639831545;10.753108024597168;10.716938972473145;12.53432559967041;11.023282051086426;10.751078605651855;11.594231605529783;11.762962341308594;12.52647876739502;10.716535568237305;11.540024757385254;10.73519515991211;11.594231605529783;12.553475379943848;11.762962341308594;11.099638938903809;12.579336166381836;12.578660011291504;10.727128028869627;11.247496604919434;10.716477394104004;10.716463088989258;10.73519515991211;12.579336166381836;12.579341888427734;12.560128211975098;10.717083930969238;12.578987121582031;10.716525077819824;12.579343795776367;10.914795875549316;10.71646213531494;12.57803726196289;11.762962341308594;12.579275131225586;12.57931137084961;12.571581840515137;10.716585159301758;12.579336166381836;10.716999053955078;10.7172269821167;12.579333305358888;12.551366806030272;12.579343795776367;12.529154777526855;10.865732192993164;10.725824356079102;12.308107376098633;12.544586181640623;11.762962341308594;10.896339416503906;10.716509819030762;10.722495079040527;10.480790201095816;10.59898297103609;10.91214085629572;12.725153203912992;10.69522829149575;10.535275376620802;11.06204613772049;11.109830654278792;10.798471801101618;11.972620862058744;10.839991070539886;12.14242620231898;11.214319120800766;10.158609688214478;10.398743691938192;10.991521846075695;12.693922488081014;12.414949441474263;10.499845887083206;11.337621901992508;12.581671358578143;9.952741247186488;9.38586240064146;11.914011328541257;10.721953612801386;10.80332391904149;11.51717725268954;11.083479327331842;10.926295994781112;11.441388029346689;11.887982133058454;11.059344460824423;11.269126679149418;10.91513244895065;11.461990950585571;9.719388820942084;10.651948610723446;10.445014845868425;10.710806433699352;11.649256177517314;11.2836671674915;11.4893462407191;11.433585441150496;11.530406337099068;10.723660944409984;12.069449767427784;12.561287945164828;11.525031345124;11.880731435141664;11.889123656294238;10.654636028527968;11.325867580575418;11.058668250340572;11.228217442293436;11.60177078840771;11.042343379793692;11.34318571544788;10.749031382040204;11.281930026955443
11.82672119140625;11.788256645202637;12.118368148803713;11.165586471557615;11.58530616760254;13.35389804840088;11.180636405944824;13.120294570922852;11.26207447052002;13.245159149169922;11.19637393951416;11.166210174560549;13.353699684143066;13.34287452697754;11.997352600097656;11.165295600891112;13.29612922668457;13.308250427246094;13.353699684143066;13.350818634033203;13.34287452697754;11.201637268066406;13.35351848602295;13.353957176208496;11.794695854187012;13.353958129882812;13.307973861694336;11.970121383666992;13.308250427246094;13.35351848602295;13.239094734191896;13.353958129882812;11.176162719726562;11.204973220825195;11.636149406433104;11.20134449005127;13.030360221862791;11.165765762329102;13.351804733276367;13.34287452697754;11.172406196594238;13.353954315185549;11.16539192199707;11.165246963500977;13.23340129852295;13.077733039855955;12.49001693725586;11.828022956848145;13.26470947265625;13.353951454162598;13.352234840393066;13.35260009765625;12.118368148803713;13.331405639648438;13.35359001159668;13.34287452697754;11.165127754211426;11.165204048156738;11.176969528198242;12.723234300893376;12.977816540594027;12.217048913556338;14.285402218862249;13.448116305409464;13.090939415984376;15.242913572562475;11.869208250550829;11.527477006060396;11.210671343785622;11.940680648424092;13.467987569161329;13.056299014550335;12.663335723478353;11.98370619265935;11.952741247186488;12.880731435141664;13.939946452458686;12.456354415108288;13.71177450496535;13.085140461701762;11.938844457466171;10.754887502163468;12.80996904717615;13.303067213842914;14.176874375344823;12.107870914279614;12.312599378862627;13.45211251457386;12.56271942704932;12.19075064966236;12.26209484537018;12.255618749839597;14.371572474933018;11.960364008877834;12.324180546618742;11.055282435501187;12.43905168059173;14.755826451133084;14.173989374166537;12.483815777264256;13.047805554007589;13.481547190203289;11.88760142450871;11.65284497300198;13.922770209274663;12.137951734715358;11.386940245324311;12.0003521774803;15.259596162488425;12.368233611380942;11.971902746045467;11.373952655370193;14.291026768056126;11.325867580575418;10.382624026574916;12.445014845868425;14.29117069932186;12.96108788999733
9.782605171203612;9.57084846496582;10.437015533447266;9.570945739746094;10.54246425628662;11.434734344482422;10.111553192138672;9.598527908325195;11.021245956420898;11.436530113220217;9.867209434509276;9.570306777954102;10.902860641479492;11.43621826171875;9.570618629455566;9.570298194885254;11.223234176635742;9.634249687194824;10.902860641479492;11.19527816772461;11.43621826171875;9.676363945007324;9.691003799438477;11.433249473571776;11.39852237701416;11.367820739746094;10.777691841125488;9.950872421264648;9.634249687194824;9.691003799438477;11.407759666442873;11.206892013549805;9.57029914855957;11.436382293701172;9.7890625;9.572539329528809;11.436844825744627;9.570788383483888;11.165050506591797;11.43621826171875;11.43628978729248;11.252042770385742;11.436882972717283;9.570303916931152;9.791473388671877;9.91495418548584;9.640864372253418;11.435900688171388;9.764325141906738;11.30039882659912;11.424261093139648;9.896002769470217;10.437015533447266;9.727316856384276;11.129949569702148;11.43621826171875;11.0338716506958;9.570298194885254;9.57030963897705;10.766528908598865;9.815383295813538;10.93147623388679;12.389900172773064;10.74819284958946;10.543031820255235;11.184255495405347;10.681238411777803;10.22881869049588;11.41256984680521;10.879583249612784;12.037890085142507;11.488844346457336;10.41256984680521;10.14210705730255;10.967226258835993;11.91737207947684;11.850577547205614;10.468624042918018;12.04507705193494;11.962173031109709;10.578372691360803;10.473705749619416;11.74104557700984;11.080151309614088;10.595257481449035;10.398743691938192;10.88340698638837;10.53818893205242;10.759888183221834;11.145295334933598;11.032734528586714;10.582141981658776;12.1373113907009;10.773963368433558;10.400879436282183;10.269126679149418;9.98584193700334;11.04507705193494;11.113742166049189;10.91139198784346;11.80292019858527;10.73893668167614;10.758223214726724;11.020285500844649;11.62113611327464;11.879200317947392;11.07815080773465;11.469133019829592;11.627989784315703;11.778487861222372;10.448116305409464;10.620219825507489;12.491352073563435;10.589651146514786;10.477758266443889;10.668884984266247;10.970824901362615;10.386940245324311
1.929541826248169;1.364964723587036;4.49524450302124;4.838316440582275;1.2268552780151367;1.270546317100525;1.2764304876327517;4.752048969268799;3.046180009841919;4.840579986572266;4.100780963897705;1.2382999658584597;4.824841499328613;2.9590184688568115;4.800508499145508;3.193854808807373;3.6450798511505127;4.744534969329834;4.824841499328613;1.5985296964645386;2.9590184688568115;1.2269954681396484;1.260725975036621;1.6048743724822998;2.743938684463501;1.34827983379364;1.22709059715271;1.227242946624756;4.744534969329834;1.260725975036621;1.226859211921692;1.233895778656006;1.884785771369934;4.023752689361572;1.295404314994812;4.687808513641357;4.081274509429932;1.2271703481674194;4.599833965301514;2.9590184688568115;4.839179515838623;1.2268297672271729;4.83905029296875;2.162219524383545;1.2454954385757446;1.2268497943878174;1.242436408996582;4.831184387207031;1.244539737701416;1.2268832921981812;1.336153507232666;4.787777900695801;4.49524450302124;1.406129002571106;1.5978983640670776;2.9590184688568115;3.7589945793151855;2.933644771575928;2.7925596237182617;2.0;0.0;0.0;2.584962500721156;0.0;1.0;4.169925001442312;2.321928094887362;0.0;1.0;1.0;1.584962500721156;3.906890595608519;1.584962500721156;1.584962500721156;1.0;1.0;1.0;0.0;1.0;3.700439718141092;1.584962500721156;0.0;1.0;0.0;1.584962500721156;1.0;1.0;2.0;0.0;1.0;0.0;0.0;1.0;1.0;0.0;0.0;1.0;4.0;3.807354922057604;2.807354922057604;0.0;0.0;2.0;2.0;2.0;0.0;1.584962500721156;2.0;0.0;1.0;1.0;1.0;2.0;3.321928094887362;2.321928094887362;1.584962500721156;2.321928094887362;1.0
12.214414596557615;11.239513397216797;11.255284309387209;11.233257293701172;11.208821296691896;12.98026180267334;11.34630012512207;11.29993724822998;11.429576873779297;13.00634765625;11.462681770324709;11.206912994384766;11.594430923461914;12.998082160949709;11.542754173278809;11.206879615783691;12.232192993164062;11.649998664855955;11.594430923461914;12.791314125061035;12.998082160949709;11.21067237854004;12.39128875732422;13.008017539978027;11.400982856750488;12.96853256225586;11.311104774475098;11.229751586914062;11.649998664855955;12.39128875732422;13.001656532287598;13.00766372680664;11.207204818725586;12.95957374572754;11.370494842529297;11.207195281982422;12.998453140258787;11.20823574066162;13.007328033447266;12.998082160949709;12.742620468139648;13.007240295410156;12.960885047912598;11.208374977111816;12.806744575500488;11.537160873413086;11.322175979614258;12.950084686279297;11.777267456054688;13.008466720581056;12.993253707885742;11.609082221984863;11.255284309387209;12.800865173339844;12.9671630859375;12.998082160949709;12.830833435058594;11.20691967010498;11.207813262939451;11.128638812852598;10.01262453886506;11.474212937193943;12.557942286787448;11.746094383705463;11.395534135462302;11.68650052718322;11.541096615349524;11.34207466799914;12.13699111208023;11.204571144249204;12.570567288872004;12.47294463377961;11.189824558880018;11.358651200892886;11.51175265376738;12.728983369988049;12.84764464308332;11.106562940444883;12.75676478940414;12.659326997414103;11.108524456778168;11.032045726930807;12.282219695672588;12.144020869266893;11.35149140932002;11.10459875356437;11.430975172588068;11.439311461818846;11.158609688214478;11.810973220002165;11.23661220021575;10.935165049603697;12.919608238603251;11.29117069932186;11.371776644337924;11.356451970221755;11.070791809423062;11.481799431665753;11.350386742312844;11.5401280385821;12.278159031437236;11.341518823245243;10.987974524296153;11.65687172561398;12.085804380278086;12.29232163280204;11.363587246524578;11.957827560833744;12.42600261332936;11.752798758435516;11.151650829973422;11.207624468226758;12.638888382252262;11.220982851081777;11.11309098344238;10.997885127829113;11.571278618514595;11.251482410620213
8.353827476501465;8.106759071350098;7.786841869354248;10.632519721984863;7.7453293800354;10.43767547607422;7.82819128036499;10.746910095214844;7.735859394073486;10.06101131439209;7.797585487365723;7.65897274017334;10.770976066589355;8.808185577392578;7.979048728942871;10.776713371276855;9.573266983032228;9.39829444885254;10.770976066589355;7.811568260192871;8.808185577392578;8.566447257995605;10.777541160583496;10.77702808380127;10.750308990478516;10.77100658416748;7.666391372680664;9.384839057922363;9.39829444885254;10.777541160583496;10.741341590881348;10.77350902557373;7.839079856872559;8.934988021850586;10.515783309936523;10.7775297164917;10.769871711730955;8.795869827270508;10.777422904968262;8.808185577392578;10.265124320983888;10.77562427520752;10.731922149658203;7.666154861450195;7.952332973480225;10.10551643371582;7.659120559692383;10.73498821258545;10.77761459350586;10.777607917785645;8.558830261230469;10.777178764343262;7.786841869354248;8.99219036102295;9.146246910095217;8.808185577392578;10.473196983337402;7.660833358764648;7.662747383117676;7.679480099505446;7.857980995127572;7.118941072723508;9.73809225962049;8.74819284958946;9.857980995127573;8.507794640198696;8.348728154231077;8.405141463136344;9.1006623390052;7.577428828035749;9.995767150877802;8.459431618637296;9.204571144249204;8.543031820255237;9.321928094887362;9.207014320177532;10.01262453886506;9.105908508571158;9.661778097771988;10.355351096424812;8.46352437327118;6.7414669864011465;7.918863237274595;9.290018846932618;7.515699838284043;7.219168520462161;6.658211482751795;8.29920801838728;8.060695931687555;9.436711542137214;9.207014320177532;7.665335917185176;10.038918989292302;8.179909090014934;8.618385502258606;8.933690654952233;7.78135971352466;10.302638923787551;8.491853096329674;8.546894459887637;8.071462362556623;8.154818109052105;7.366322214245816;8.618385502258606;9.419960177847887;9.717676423066395;7.870364719583405;9.840777923595054;8.238404739325079;8.238404739325079;8.31741261376487;9.271463027904376;8.89178370321831;7.409390936137702;7.839203788096944;7.076815597050831;9.240791332161956;8.807354922057604
11.562244415283203;11.565352439880373;11.654732704162598;11.59809112548828;11.56531047821045;12.88205909729004;11.562851905822754;12.12913703918457;11.570574760437012;12.883158683776855;12.37021541595459;11.557847023010254;12.85017204284668;12.882956504821776;11.565293312072754;11.557952880859377;12.365294456481934;11.879559516906738;12.85017204284668;12.876248359680176;12.882956504821776;12.17911148071289;12.882439613342283;12.883167266845703;11.671903610229492;12.88311004638672;11.653270721435549;11.594039916992188;11.879559516906738;12.882439613342283;12.882491111755373;12.883164405822754;11.557826042175291;12.660417556762695;11.570799827575684;11.781073570251465;11.775398254394531;11.639877319335938;12.883116722106934;12.882956504821776;12.874835968017578;12.88316535949707;12.80410385131836;11.558087348937988;12.811528205871582;12.52920913696289;11.561826705932615;12.88176727294922;12.344260215759276;12.88316822052002;12.88268756866455;12.59157943725586;11.654732704162598;12.87171745300293;12.87412166595459;12.882956504821776;11.56525707244873;11.557825088500977;11.557830810546877;11.350386742312844;11.004220466318197;11.50481898763284;12.954741580960002;12.015066533230293;11.710806433699352;12.410716333604269;11.647908074281808;11.292896755409172;12.324743110494415;11.624338545312986;12.79603960882977;12.762382038710392;11.760304125286382;11.7710767402628;11.919980595048962;12.837825009196694;12.731955373771934;11.382624026574916;12.578608560737752;13.161919165427248;11.390168956200185;11.10000522442272;12.36932470240734;11.965784284662089;11.777666280880757;11.795227966028678;11.743572188935634;12.039947160169094;11.739358707433396;11.97333862080036;11.760719947465624;11.522091068887065;12.660218788535618;11.588714635582264;11.28424574982967;11.651948610723446;11.434628227636724;12.276124405274238;12.152284842306582;11.937005926516589;12.071797522284209;11.81016993766466;11.743572188935634;11.533329732305834;12.630722162103838;12.689779629377275;11.71295682169755;12.467605550082997;12.36139553316589;11.929998062609029;11.422064766172811;11.729195859132094;12.735556023911537;11.582141981658776;11.382083590141969;11.584962500721156;11.921097088106793;11.846273911349906
10.364837646484377;8.90761661529541;10.504880905151367;9.055893898010254;8.907069206237793;9.049867630004885;8.936596870422363;9.031158447265623;9.144890785217283;10.6094970703125;8.938392639160156;8.91877555847168;10.014942169189451;10.242640495300291;10.608242988586426;9.1018648147583;10.355576515197754;10.594208717346191;10.014942169189451;10.59615421295166;10.242640495300291;8.915669441223145;9.612525939941406;10.60983657836914;8.9622802734375;10.466316223144531;8.908946990966797;8.907723426818848;10.594208717346191;9.612525939941406;10.608945846557615;10.609737396240234;8.916210174560547;8.958845138549805;8.907157897949219;9.177386283874512;8.909652709960938;8.907051086425781;10.593222618103027;10.242640495300291;10.451377868652344;10.60866928100586;9.067030906677246;9.14126968383789;10.609793663024902;9.088452339172363;8.95089054107666;10.609352111816406;8.978578567504883;10.608805656433104;10.603901863098145;10.519498825073242;10.504880905151367;10.607519149780272;10.606938362121582;10.242640495300291;8.936833381652832;8.946352005004883;8.92110824584961;8.842350343413807;8.661778097771988;8.888743248898258;10.480790201095816;9.73809225962049;9.257387842692651;9.187352073200495;9.111135670234708;8.45532722030456;9.804131021183318;9.131856960608792;10.372865060112588;10.193525360501216;9.409390936137704;9.285402218862249;9.348728154231075;10.285402218862249;10.60917873814198;8.714245517666123;10.417852514885896;10.568906154502084;8.994353436858859;8.661778097771988;9.65642486327778;9.409390936137704;9.659995892429976;9.124121311829189;9.027905996569883;9.471675214392045;8.948367231584678;8.696967526234287;8.945443836377912;9.134426320220928;11.222191138456331;8.842350343413807;8.90388184573618;9.330916878114618;8.968666793195208;9.731319031025064;9.586839787961829;9.821773981970567;9.878050912728536;9.41574176829009;8.679480099505446;9.20212382383046;10.24436383512051;10.059344460824423;8.951284714966972;9.946906274456396;9.59245703726808;9.94251450533924;9.269126679149418;9.192292814470768;10.30720080914081;9.0;8.76487159073609;9.014020470314934;9.930737337562888;9.285402218862249
10.747610092163086;12.480015754699709;11.809328079223633;11.699716567993164;10.762361526489258;12.558367729187012;10.746665000915527;12.216054916381836;10.749173164367676;12.557856559753418;10.91104221343994;10.7520751953125;12.55835247039795;12.55800437927246;10.763711929321287;11.387784957885742;10.868814468383787;12.329506874084473;12.55835247039795;12.558128356933594;12.55800437927246;12.536149978637695;12.558332443237305;12.558171272277832;10.993108749389648;12.55833625793457;12.508622169494627;12.379798889160156;12.329506874084473;12.558332443237305;12.51236057281494;12.558368682861328;10.746816635131836;10.75466251373291;12.500197410583496;12.11597728729248;12.434626579284668;11.638697624206545;12.55834674835205;12.55800437927246;10.746703147888184;12.55837059020996;10.783676147460938;10.833074569702148;11.76104736328125;12.555614471435549;10.74858283996582;12.426793098449709;12.558242797851562;12.558327674865724;12.54865550994873;12.33696746826172;11.809328079223633;12.545598983764648;11.03646183013916;12.55800437927246;10.74672031402588;10.746670722961426;10.75036907196045;10.079484783826816;10.827342704234116;10.34318571544788;11.932214751968385;10.4797802640291;10.852529509404196;11.675074920385445;10.393390457443989;10.159871336778387;10.790348496751914;10.395534135462302;11.405673332281866;11.532842910961282;10.972261848733291;10.488844346457336;10.919608238603251;11.407798850221974;11.341518823245243;10.336506559810257;11.228217442293436;11.651051691178928;10.414685235807214;10.505811553919594;10.94104760634058;10.978710459106358;10.637530551525307;10.61378946447258;10.693486957499324;11.031356596255709;10.7431513941125;10.51668494930961;10.586839787961829;10.543031820255235;11.756973226165448;10.561287945164828;10.230020435705637;10.517669388133813;10.346513733165636;11.521109643651332;11.243173983472952;10.330916878114618;10.69522829149575;10.923327485419192;10.81698362325538;10.227615943414223;11.632995197142955;11.813781191217036;10.635718120331047;11.1006623390052;10.82097669262124;10.606405212697783;10.3151495622563;10.535275376620802;11.784225860426252;10.535275376620802;9.847057346091336;10.674192268145683;10.80896417491926;10.814582465906277
9.518043518066406;9.280413627624512;10.183837890625;9.266162872314451;9.524426460266112;10.731366157531738;9.2337646484375;10.801740646362305;9.216660499572754;10.893784523010254;9.232427597045898;9.200304985046388;10.89060115814209;10.824576377868652;10.572190284729004;9.200638771057127;10.678207397460938;10.838922500610352;10.89060115814209;9.649724006652832;10.824576377868652;9.254390716552734;10.879436492919922;10.894161224365234;9.724265098571776;10.894163131713867;9.218878746032717;9.220430374145508;10.838922500610352;10.879436492919922;10.8814058303833;10.887422561645508;9.203028678894045;10.886890411376951;9.345918655395508;10.893733024597168;10.180728912353516;9.203801155090332;10.653604507446287;10.824576377868652;9.429594039916992;10.862220764160156;10.881595611572266;9.199662208557127;10.82127285003662;9.23098087310791;9.20257568359375;10.839717864990234;9.216134071350098;10.890772819519045;10.795775413513184;10.89414882659912;10.183837890625;9.96211051940918;10.886049270629885;10.824576377868652;9.201092720031738;9.19961643218994;9.20024871826172;9.99859042974533;9.030667136246942;9.651051691178928;10.824958740528524;10.632995197142955;9.162391328756906;9.20212382383046;9.7714894695006;9.326429487122304;9.799281621521924;10.0;10.878817284614229;10.469641817239516;9.084808387804362;9.544964432789238;9.778077129535358;10.489847960439295;10.46454575033394;9.625708843064466;10.707359132080883;10.866506212226202;9.116343961237469;9.269126679149418;10.460455896309636;9.871905237659186;9.988684686772164;9.823367240046236;9.350939181546432;9.29920801838728;9.381542951184583;9.909893083770042;9.333155350310616;9.319672120946995;11.043710863347156;9.554588851677638;9.076815597050832;8.912889336229961;9.321928094887362;9.702172685365548;9.523561956057012;10.413627929024171;10.338736382573916;9.491853096329674;9.497851836951115;9.894817763307945;10.967946705812707;10.498849206531723;9.717676423066395;10.4231159101471;9.995767150877802;10.25502856981873;9.157346935362844;9.60917873814198;10.271463027904376;9.45532722030456;9.30149619498255;9.787902559391432;9.845490050944376;9.62935662007961
10.687895774841309;10.711825370788574;10.659950256347656;10.694036483764648;12.690908432006836;12.781853675842283;12.781248092651367;12.591497421264648;12.437609672546388;12.439776420593262;10.667398452758787;10.697101593017578;12.417842864990234;11.536415100097656;12.706009864807127;10.654326438903809;12.78171443939209;10.706293106079102;12.417842864990234;12.734739303588867;11.536415100097656;12.78000545501709;12.594736099243164;12.781851768493652;10.660221099853516;12.667396545410156;12.59340763092041;11.136874198913574;10.706293106079102;12.594736099243164;12.781960487365724;12.781959533691406;10.681406021118164;10.65488624572754;10.66097640991211;10.660767555236816;10.655882835388184;10.732011795043944;12.781953811645508;11.536415100097656;10.656817436218262;12.781960487365724;10.663293838500977;10.84824275970459;12.779391288757324;12.78080940246582;12.643240928649902;12.216447830200195;12.759284973144531;12.776582717895508;12.781932830810549;10.702872276306152;10.659950256347656;12.781888008117676;12.732539176940918;11.536415100097656;11.190019607543944;10.659113883972168;12.067169189453123;9.831307243802051;9.26209484537018;10.4757334309664;11.475226777742266;10.709083812550343;10.234817431117325;10.51865315567339;10.24198314969433;10.1331422124006;11.040974598817304;10.263269200372662;11.4797802640291;11.004220466318197;11.359200485133632;11.151016538892248;10.32755264408124;11.834075953434883;11.733862719678545;10.43149760425805;11.839597483021176;11.27786854617684;9.873444112515376;10.904634621668151;11.428883552010191;11.705200378063116;10.982280604558284;10.19598729802851;10.4189067312579;10.18239435340453;10.151016538892248;10.812177305514448;10.30720080914081;10.088788238716909;11.674633661767269;10.226412192788786;10.934428040626804;10.072802534544207;9.992938336165814;10.30149619498255;10.57553924683453;10.580258567499788;11.38424412224308;10.323054760341646;10.352043425795433;10.773963368433558;10.923327485419192;11.147840893672337;10.00562454919388;10.642954223480332;11.116343961237469;10.276124405274238;9.726218159332198;9.946906274456396;11.3157156580222;10.018200178813226;9.85642552862553;9.933690654952231;10.1357092861044;9.926295994781112
6.046329498291016;6.048437595367432;9.38766384124756;6.242939472198486;6.655459403991699;6.072723865509033;9.758981704711914;9.785826683044434;7.584094524383545;9.762842178344728;6.426340579986572;6.047426223754883;9.755857467651367;6.152471542358398;9.636512756347656;9.813055992126465;9.937716484069824;6.304697036743164;9.755857467651367;8.857901573181152;6.152471542358398;6.44038724899292;9.440072059631348;9.93409252166748;6.065361976623535;9.0410737991333;6.049834728240967;6.043015003204346;6.304697036743164;9.440072059631348;9.84424877166748;9.278462409973145;6.049471855163574;6.051066875457764;6.042576789855957;9.608646392822266;6.05613374710083;6.043620586395264;9.737221717834473;6.152471542358398;9.873315811157228;6.450947284698486;6.348664283752441;6.045632362365723;9.937618255615234;6.048978328704834;6.09345293045044;9.90866756439209;9.254226684570312;9.935958862304688;9.6137056350708;9.313907623291016;9.38766384124756;9.883238792419434;9.93513298034668;6.152471542358398;6.154521942138672;6.193688869476318;6.094871044158936;5.523561956057013;5.954196310386875;6.066089190457772;6.954196310386875;6.906890595608519;5.285402218862249;6.129283016944966;6.7414669864011465;6.189824558880018;6.066089190457772;6.357552004618084;6.303780748177103;6.614709844115208;4.459431618637297;4.754887502163468;7.303780748177103;5.321928094887363;6.523561956057013;5.882643049361842;6.832890014164741;5.727920454563199;6.7414669864011465;4.906890595608519;5.087462841250339;6.475733430966398;5.807354922057604;7.426264754702098;6.727920454563199;6.285402218862249;5.087462841250339;6.965784284662087;6.266786540694901;4.584962500721156;7.285402218862249;5.321928094887363;6.918863237274595;5.554588851677638;6.599912842187128;6.357552004618084;6.108524456778169;5.754887502163468;6.459431618637297;4.954196310386875;6.807354922057604;6.6293566200796095;8.103287808412022;6.554588851677638;4.754887502163468;6.321928094887363;6.169925001442312;6.906890595608519;4.954196310386875;4.857980995127572;7.761551232444479;5.247927513443585;5.20945336562895;6.7414669864011465;7.417852514885898;5.0
10.203897476196287;10.254962921142578;11.02363395690918;10.22799587249756;11.633780479431152;11.831493377685549;10.46484661102295;11.642393112182615;11.459038734436035;11.83042335510254;11.618977546691896;10.211331367492676;11.717881202697754;11.83126163482666;10.208762168884276;10.218819618225098;11.830219268798828;10.827220916748049;11.717881202697754;11.831000328063965;11.83126163482666;11.82193660736084;10.694040298461914;11.831498146057127;11.82132053375244;11.830042839050291;11.765691757202148;11.610299110412598;10.827220916748049;10.694040298461914;11.831497192382812;11.831500053405762;10.200928688049316;10.200848579406738;10.297327041625977;10.200831413269045;10.347282409667969;10.229721069335938;11.83138370513916;11.83126163482666;11.57700252532959;11.831500053405762;10.302993774414062;10.218951225280762;11.795940399169922;11.82893180847168;11.172569274902344;11.514750480651855;11.793313026428224;11.803021430969238;11.831500053405762;11.26601219177246;11.02363395690918;11.831485748291016;11.828832626342772;11.83126163482666;10.200900077819824;10.200834274291992;10.20104694366455;10.213104219641906;10.89633240390994;10.746514321138465;12.388017285345136;10.830515206976838;11.006326078524934;11.50332885662666;10.496853777388042;10.79766152585376;11.333155350310616;10.679480099505446;11.706496018061188;11.43879185257826;11.3297963382207;11.08746284125034;10.79197682089869;12.133784409179908;11.659103963473662;10.901621158346112;11.649256177517314;12.275251543470327;10.491853096329674;10.660887270302569;11.318542809702723;11.841957399099549;11.03960451795376;11.12347479824414;11.207624468226758;11.1879705919842;10.72451385311995;11.3151495622563;10.456354415108288;11.003517912108602;11.709083812550343;11.041659151637214;11.106562940444883;10.350939181546432;10.332036548361652;11.58261245126702;11.60130652612184;10.699572453287267;11.055282435501187;11.225207436943505;11.470658874060552;10.34318571544788;11.841957399099549;12.225809940623543;10.97656412341533;11.595723694101627;11.138911718142744;10.80332391904149;10.561287945164828;10.977279923499916;11.587308728333545;10.79603960882977;10.161131882984307;11.215532999745657;10.878817284614229;10.918863237274596
9.84433937072754;9.83184051513672;10.361143112182615;9.832124710083008;9.940211296081545;11.40445327758789;9.836515426635742;9.844576835632324;9.834810256958008;11.417699813842772;10.458026885986328;9.831647872924805;11.24522590637207;11.418180465698242;9.832845687866213;9.831594467163086;10.158721923828123;9.857905387878418;11.24522590637207;11.40489673614502;11.418180465698242;9.920900344848633;11.416818618774414;11.418089866638184;9.928842544555664;11.41024112701416;10.146732330322266;9.834333419799805;9.857905387878418;11.416818618774414;11.416217803955078;11.41596508026123;9.831582069396973;11.417073249816896;9.83458423614502;11.41715145111084;10.691733360290527;9.832025527954102;11.397804260253906;11.418180465698242;11.41819667816162;11.41758155822754;11.36740016937256;9.831586837768556;11.418054580688477;9.917759895324709;9.833207130432127;11.417887687683104;10.537200927734377;11.418198585510254;11.417826652526855;10.255341529846191;10.361143112182615;10.2805757522583;11.417219161987305;11.418180465698242;9.840320587158203;9.831582069396973;9.831588745117188;9.850186837645774;9.159871336778387;10.181152256865566;11.800090987624994;10.570804437724496;10.121533517340032;10.490850876740298;10.153552031708111;9.968666793195208;10.71338651493703;9.99859042974533;11.3297963382207;11.400879436282183;9.459431618637296;9.4797802640291;10.583082767502932;11.576956664706092;11.47826403158172;9.303780748177102;10.887982133058454;11.90839262077375;10.360847084179664;9.537218400538595;10.922584402713664;9.754887502163468;9.818582177480858;10.687375683437468;10.71853287606922;10.597121428789569;10.4757334309664;10.555547771647063;10.608254821977908;10.233619676759702;10.929258408636972;10.634811050171718;9.63117705570398;10.290018846932618;10.08746284125034;10.508785162064513;10.368506461507693;10.43567026093655;10.573647187493322;10.690871009292314;10.740624044489412;10.347621368568134;11.128638812852598;11.46352437327118;10.494855584491198;11.367414751246828;10.90312867681232;10.43149760425805;9.845490050944376;10.355351096424812;11.345405246717796;10.35974956032233;10.148476582178278;10.33427328530719;10.650154213675094;10.406205005418856
10.707233428955078;10.59574031829834;12.254888534545898;10.754583358764648;12.447993278503418;10.646838188171388;12.308921813964844;12.448487281799316;11.116739273071287;10.40927791595459;12.25798797607422;11.85132122039795;10.445900917053224;11.493433952331545;12.390490531921388;10.748696327209473;12.448969841003418;11.461288452148438;10.445900917053224;10.330504417419434;11.493433952331545;12.41432285308838;10.29873752593994;12.447815895080566;11.014002799987791;12.396025657653809;12.41165828704834;12.08535385131836;11.461288452148438;10.29873752593994;12.449122428894045;12.444727897644045;10.508227348327637;10.299643516540527;10.61329174041748;12.14500331878662;10.292695999145508;11.78554344177246;11.310364723205566;11.493433952331545;11.005881309509276;12.440473556518556;10.293268203735352;10.33250331878662;12.449122428894045;11.423602104187012;11.445257186889648;10.303791046142578;10.30251121520996;10.292819023132324;12.44905948638916;12.447769165039062;12.254888534545898;12.448939323425291;12.449004173278809;11.493433952331545;10.292824745178224;10.32676887512207;10.329201698303224;10.338736382573916;9.372865060112588;10.603626344986193;11.627533884472792;11.014020470314934;10.224001674198105;10.257387842692651;10.719388820942084;10.488844346457336;11.131856960608792;10.30720080914081;11.65687172561398;11.437752072323605;10.214319120800766;10.203348002979762;10.524541715035848;12.043027283594547;11.748612176736982;10.015415052386688;11.354800344350595;11.714245517666123;10.295768934420508;10.346513733165636;11.591522346570734;10.840777923595054;10.66266837551754;10.294620748891628;10.696098170955864;10.24436383512051;10.498849206531723;10.668884984266247;10.321928094887362;10.215532999745657;11.320800548881635;10.599912842187129;10.498849206531723;10.213104219641906;10.257387842692651;10.502831804066744;10.671541066711884;11.036860446673046;11.634811050171718;10.41679752760606;10.358651200892886;10.644757592516257;11.405673332281866;11.37232095486726;10.499845887083206;11.040289721025715;10.787902559391432;10.717676423066395;10.20945336562895;10.080817527608328;11.303209948944776;10.183635381473218;10.283088353024002;10.109830654278792;10.108524456778168;10.030667136246942
12.465005874633787;12.46910285949707;12.815603256225586;12.49249267578125;14.35124683380127;13.778882026672363;13.835283279418944;12.907023429870604;12.497309684753418;14.89804458618164;14.89828395843506;12.532925605773926;12.466326713562012;14.898529052734377;14.859130859375;12.472845077514648;14.89133644104004;12.465079307556152;12.466326713562012;12.685876846313477;14.898529052734377;14.878131866455078;12.470226287841797;14.898174285888672;13.1735200881958;14.182771682739258;14.342106819152832;12.48879051208496;12.465079307556152;12.470226287841797;14.898539543151855;14.898350715637209;12.466316223144531;14.003009796142578;12.464873313903809;14.733323097229004;12.464795112609863;12.46993350982666;14.893394470214844;14.898529052734377;14.898540496826172;14.889589309692385;14.847092628479004;12.465290069580078;14.898533821105955;14.880678176879885;12.521453857421877;14.310380935668944;12.885716438293455;12.797282218933104;14.898539543151855;12.47276496887207;12.815603256225586;14.897782325744627;14.898468017578123;14.898529052734377;13.53651237487793;12.46487808227539;12.477038383483888;12.026177596889225;11.210671343785622;12.528698283574188;13.81277897162766;13.198751965193736;12.61378946447258;12.138911718142744;12.19567978549598;12.103615656394544;13.241685287601625;11.99929538702341;13.695445810537382;13.947636937951827;11.42783660345852;12.380731612682997;12.727707777472686;13.863411958941638;13.601654736841796;11.510269670898175;13.228217442293436;14.20876780077178;12.098361127332096;11.789941128390916;13.394328708537234;12.16867211813223;12.095397022792556;12.34179677239183;12.552188759557149;12.858952310750938;12.536732889835417;12.727282329212189;12.4542992936199;12.283377789285558;12.911953675621971;12.498849206531723;11.26502894245816;13.066761932386909;12.073137383110383;12.812177305514448;12.102631888854969;13.466713778648694;12.879391796485187;12.3437409184722;12.416269744523207;12.12023787734196;13.191521938128146;13.622852585863663;12.884170519108435;13.488844346457336;13.302781701267095;12.168358727223886;12.12023787734196;12.452241240430816;12.98655314975666;12.351215321855609;12.154501693864765;11.968666793195208;12.50928016808786;12.588480412829758
11.888428688049316;11.82797622680664;11.86864948272705;11.829352378845217;11.836400985717772;13.389209747314451;12.59303379058838;11.830424308776855;11.831544876098633;13.63037109375;12.5112943649292;11.82802963256836;11.83920955657959;13.629448890686035;13.629741668701172;11.826057434082031;13.421646118164062;11.830734252929688;11.83920955657959;13.094844818115234;13.629448890686035;11.850847244262695;13.435379028320312;13.64284610748291;11.834980964660645;12.66695785522461;11.8284330368042;11.826010704040527;11.830734252929688;13.435379028320312;13.642870903015137;13.642662048339844;11.82901382446289;13.633699417114258;11.826096534729004;13.633827209472656;11.85205364227295;11.825998306274414;13.641551971435549;13.629448890686035;13.642724990844728;13.64278793334961;13.54964828491211;11.826093673706056;13.642867088317873;11.869357109069824;11.835936546325684;13.64101791381836;13.155020713806152;13.64279556274414;13.642773628234863;11.87958812713623;11.86864948272705;13.591604232788086;13.642678260803224;13.629448890686035;13.556157112121582;11.827388763427734;11.85205078125;11.912515144802397;11.270879295328784;12.407267764244732;13.646446206154732;12.671098725748465;12.293759009667864;12.861086905995396;12.373408960228696;12.26209484537018;13.032390168866524;12.0515488384404;13.327131562682846;13.192909219112012;12.073806847178492;12.11178773580101;12.552188759557149;13.603394530887376;13.66622400280318;12.01227534485612;13.376396751082842;13.36796070964157;12.066425600635556;11.852919585123995;13.07112712494831;12.882260929099804;12.346790721750702;12.310896748797711;12.55434902206344;12.515699838284045;12.233020426474496;12.796242448203165;12.51051694059471;12.02997734658958;13.332596057789214;12.263269200372662;12.070120944476823;12.335948565202298;12.075813377461454;12.59245703726808;12.344018439881326;12.091765938516804;12.786678033890652;12.488593333835407;12.319672120946995;12.371232128369622;12.76983784362944;13.34568244818678;12.200285605224298;12.86785786397283;13.33343491528405;12.323899182397296;12.05697633617822;12.249409785269128;13.537582426371948;12.200592137689254;12.08214904135387;11.977995368612962;12.465311308877183;12.127671967038982
6.626649856567383;2.3241207599639893;4.484591007232666;2.32497501373291;6.6030707359313965;2.323211908340454;3.2079265117645264;6.430563926696777;2.543823480606079;2.318455219268799;2.3169915676116943;2.556036710739136;3.3240714073181152;2.342978954315185;5.225428581237793;2.494814395904541;5.485310077667236;5.6486430168151855;3.3240714073181152;2.9971022605896;2.342978954315185;5.66342306137085;6.509363651275635;6.627037048339844;2.57366943359375;6.2073655128479;4.445904731750488;6.436892032623291;5.6486430168151855;6.509363651275635;6.630773067474365;4.107115268707275;2.3264424800872803;6.537623405456543;5.873608589172363;6.630938529968262;3.9627044200897217;6.371091365814209;2.3188512325286865;2.342978954315185;5.776907920837402;6.608307361602783;2.344313144683838;2.319469928741455;6.630938529968262;5.328754425048828;2.497790575027466;6.620254993438721;2.447851657867432;6.626583099365234;5.464769840240479;6.630199909210205;4.484591007232666;4.176762580871582;6.628662109375;2.342978954315185;2.317629098892212;2.320683479309082;2.316887617111206;5.727920454563199;7.467605550082998;8.294620748891628;9.019590728357882;7.977279923499917;8.768184324776927;7.483815777264256;6.882643049361842;8.422064766172813;9.65284497300198;7.312882955284356;8.366322214245816;7.977279923499917;8.577428828035748;7.679480099505446;7.076815597050831;9.558420713268664;8.558420713268664;8.228818690495881;8.379378367071261;9.640244936222343;7.276124405274237;7.442943495848728;8.266786540694902;8.154818109052105;7.294620748891627;8.459431618637296;8.422064766172813;7.60733031374961;6.357552004618084;8.43879185257826;6.700439718141092;7.577428828035749;8.194756854422248;7.108524456778169;7.0;6.614709844115208;6.6293566200796095;7.179909090014935;8.980139577639157;5.727920454563199;8.257387842692651;8.092757140919852;8.252665432450248;7.636624620543649;9.019590728357882;9.344295907915816;7.330916878114617;8.810571634741146;9.121533517340032;7.348728154231077;6.3750394313469245;7.108524456778169;6.459431618637297;8.326429487122303;7.614709844115208;7.721099188707186;7.366322214245816;7.924812503605781
11.656278610229492;11.658275604248049;11.657638549804688;11.792753219604492;13.369521141052246;13.36383056640625;13.201415061950684;13.166675567626951;11.673148155212402;13.366843223571776;11.655973434448242;11.83095932006836;12.558856010437012;13.244912147521973;11.657388687133787;11.655900955200195;13.356973648071287;11.656143188476562;12.558856010437012;13.349830627441406;13.244912147521973;13.36985683441162;13.34586238861084;13.369385719299316;11.655850410461426;13.124801635742188;11.791784286499023;11.7821626663208;11.656143188476562;13.34586238861084;13.369969367980955;13.325066566467283;11.65556812286377;12.985435485839844;11.674379348754885;13.369973182678224;12.533798217773438;12.64759635925293;13.28859043121338;13.244912147521973;12.656471252441406;13.369497299194336;12.525347709655762;11.658538818359377;13.369949340820312;12.49018669128418;11.656182289123535;13.369966506958008;11.66946792602539;13.369933128356934;13.36912441253662;11.685368537902832;11.657638549804688;12.990352630615234;12.935134887695312;13.244912147521973;11.656785011291504;11.656142234802246;11.661558151245115;11.480285320936373;11.040289721025715;11.482303782323182;13.127994320976391;12.206403913973848;11.240195053979924;12.59269061535341;11.831307243802051;10.83368074865474;11.746934136372298;11.847448903982432;12.61171646094388;12.643630751061728;10.90312867681232;11.147204924942228;12.295481973695368;12.269126679149418;12.779924501967908;10.824958740528524;12.554109152574004;12.44475608969503;11.88760142450871;10.847057346091336;12.13859179463752;11.519636252843211;11.851749041416058;11.279610581052484;11.843528534611089;11.706496018061188;11.3009244909763;11.804534402995223;11.3297963382207;11.480285320936373;12.901809684323627;11.684748620421626;10.935901682267588;11.326991174900815;11.66622400280318;12.191676146352428;11.792790294301064;11.25915476886684;12.01017840402054;11.706496018061188;11.752380646552892;11.914758838941856;12.960545013211664;12.416269744523207;11.65954999687987;12.072132604167232;11.70173963867435;13.105744854207543;11.572226512793694;11.559377090526684;13.253256579781151;11.1357092861044;11.10000522442272;11.806146803320525;12.2940463132715;11.076147528022505
10.260149955749512;10.13486099243164;10.133198738098145;10.138375282287598;11.924393653869627;11.924948692321776;10.192594528198242;10.966259002685549;10.177216529846191;11.914572715759276;10.12919807434082;10.169763565063477;11.899147987365724;11.92448616027832;10.124850273132324;10.124998092651367;10.693345069885254;10.201306343078612;11.899147987365724;11.908987998962402;11.92448616027832;11.699390411376951;11.924962043762209;11.924851417541504;11.749910354614258;11.924851417541504;11.203553199768066;11.8110990524292;10.201306343078612;11.924962043762209;11.92108917236328;11.900764465332031;10.124982833862305;11.921714782714844;11.70075798034668;11.924976348876951;11.924726486206056;11.208005905151367;11.239142417907717;11.92448616027832;11.918367385864258;11.924834251403809;11.91474723815918;10.124921798706056;11.06186866760254;10.630276679992676;10.129451751708984;11.924881935119627;11.693622589111328;11.92497730255127;11.910120964050291;11.893359184265137;10.133198738098145;10.147879600524902;11.777213096618652;11.92448616027832;10.125009536743164;10.124862670898438;10.125273704528809;11.191676146352428;11.032045726930807;11.655977862486942;13.516438734607949;11.190442018782823;11.06204613772049;11.635718120331047;10.909143047339898;11.101975670949232;12.269418929741096;11.199058823653022;12.846273911349906;12.324461855977315;12.269418929741096;11.4993476328766;11.647908074281808;13.090277856857394;12.136350341454156;11.375582512490508;12.605942439625368;13.091765938516804;10.5401280385821;11.227014193649133;12.06305796362349;12.0;11.534789211480266;12.19537220740274;11.813781191217036;11.075479149488016;12.32558654521057;12.26209484537018;12.06305796362349;12.374496145691516;11.264442600226602;12.182083929510725;10.813781191217036;11.428883552010191;11.200898605038445;11.466586337719244;12.064405961891042;11.912515144802397;11.485829308701904;11.856036399819155;13.13699111208023;11.00982861736811;12.392585756275468;12.956920604721088;11.960725994839056;12.746094383705463;12.276124405274238;11.37232095486726;11.074141462752506;11.483815777264256;11.94800213097767;11.42678889459556;11.56843119316746;11.773551346428505;11.483815777264256;11.778898476008376
11.17448902130127;10.999303817749023;12.047211647033691;10.993361473083496;11.99464225769043;13.959732055664062;11.028435707092283;10.994197845458984;10.993562698364258;14.019216537475586;11.005999565124512;11.00245189666748;13.18097686767578;14.034923553466797;11.373631477355955;10.993512153625488;11.30032730102539;11.032635688781738;13.18097686767578;14.041196823120115;14.034923553466797;11.003528594970703;14.04195785522461;14.027690887451172;11.003498077392578;13.81676197052002;11.013108253479004;10.993117332458496;11.032635688781738;14.04195785522461;13.844311714172363;13.662585258483888;11.507265090942385;14.04204273223877;10.993239402770996;14.042083740234377;13.249194145202637;10.993112564086914;13.025020599365234;14.034923553466797;14.005369186401367;14.036250114440918;12.67031192779541;10.993124961853027;14.041871070861816;10.99445629119873;10.995132446289062;14.041411399841309;12.114962577819824;14.042109489440918;13.955224990844728;11.502923011779783;12.047211647033691;11.016151428222656;13.943633079528809;14.034923553466797;11.033291816711426;11.61081600189209;11.173514366149902;11.590119174107176;11.640244936222343;11.936637939002573;13.412172865823786;12.961992230928898;12.676397887044764;12.893301530860564;11.95492329203032;11.643405277115674;12.583787954502338;11.889503963411476;13.223247560417468;13.444108996147117;11.4231159101471;11.45994384837493;12.602698865017963;13.17617314910749;12.81177605532666;11.24436383512051;12.294333559671829;13.5907039951622;12.000704269011246;11.642051692927977;12.615399743725495;10.812177305514448;12.04916787237217;12.74756363025512;12.693269142893206;12.366048950670628;12.539401179028111;12.219168520462162;12.304066063127284;12.413892328372643;12.088457003486226;12.562957869334118;10.821773981970567;12.32755264408124;12.429929741353272;13.01297364837454;12.171489577065657;12.7714894695006;11.917745013443216;12.627989784315703;12.965243172556892;11.491853096329674;12.82097669262124;13.446178674674243;12.510022358813766;13.306204128589329;12.7238742188639;11.521600439723729;11.79400964502097;12.037546953962178;12.567005370247031;12.042685372219353;11.963618617443972;12.06373212019692;12.429145170478744;12.533329732305834
8.265939712524414;6.6010422706604;6.353855133056641;6.3518571853637695;9.536426544189451;10.483485221862791;10.99823760986328;6.621752738952637;10.975939750671388;11.010942459106444;10.835433959960938;6.280139446258545;6.296940803527832;11.011478424072266;6.5699663162231445;6.2785420417785645;10.3162202835083;6.30314302444458;6.296940803527832;6.324786186218262;11.011478424072266;9.274590492248535;6.380645751953125;10.075496673583984;6.320396900177002;10.32949161529541;11.01106071472168;10.9058837890625;6.30314302444458;6.380645751953125;10.949932098388672;10.89408016204834;6.27980899810791;10.929473876953123;9.12173557281494;6.27856969833374;6.836054801940918;11.0037202835083;11.000350952148438;11.011478424072266;11.010210037231444;10.54917812347412;11.000655174255373;6.490593433380127;6.340096473693848;11.003602027893066;11.006218910217283;6.547305583953857;6.281339168548584;6.315354824066162;11.00974941253662;6.281782150268555;6.353855133056641;8.858725547790527;11.002817153930664;11.011478424072266;11.007817268371582;6.278547763824463;6.297894477844238;5.882643049361842;6.022367813028454;6.426264754702098;8.897845456005511;6.169925001442312;6.409390936137702;6.22881869049588;5.584962500721156;6.108524456778169;6.339850002884624;5.78135971352466;7.894817763307944;6.94251450533924;7.467605550082998;6.285402218862249;6.044394119358453;7.721099188707186;6.475733430966398;5.584962500721156;7.442943495848728;7.348728154231077;5.727920454563199;6.3750394313469245;7.149747119504682;6.727920454563199;5.459431618637297;5.807354922057604;5.672425341971495;5.459431618637297;5.087462841250339;5.727920454563199;4.523561956057013;5.857980995127572;7.257387842692652;6.442943495848728;4.459431618637297;4.857980995127572;5.0;5.357552004618084;5.700439718141092;7.832890014164741;7.285402218862249;6.754887502163468;6.20945336562895;6.569855608330948;7.584962500721156;7.303780748177103;6.807354922057604;6.149747119504682;6.108524456778169;6.357552004618084;5.491853096329675;6.066089190457772;6.658211482751795;4.523561956057013;4.807354922057604;5.044394119358453;6.426264754702098;5.78135971352466
9.25430965423584;10.255760192871094;11.55826187133789;9.17689323425293;9.71957302093506;11.785308837890623;9.17792797088623;9.215621948242188;9.219133377075195;10.913687705993652;10.920414924621582;9.177891731262209;11.781820297241213;11.753315925598145;9.177995681762695;9.176243782043455;9.279847145080566;10.37212085723877;11.781820297241213;11.787084579467772;11.753315925598145;9.472489356994627;11.67391586303711;11.000165939331056;10.747681617736816;11.749384880065918;11.580756187438965;11.020573616027832;10.37212085723877;11.67391586303711;9.201116561889648;10.25564193725586;9.176247596740724;11.78711223602295;11.27428150177002;9.392775535583496;11.78653621673584;9.393684387207031;9.219969749450684;11.753315925598145;11.606032371520996;11.538277626037598;11.271368980407717;9.176691055297852;11.774264335632324;9.218339920043944;9.327444076538086;11.77345085144043;9.197128295898438;11.787317276000977;9.672447204589844;9.264702796936035;11.55826187133789;10.039018630981444;10.991230964660645;11.753315925598145;9.178380012512209;9.176249504089355;9.177348136901855;8.491853096329674;9.287712379549449;9.971543553950772;11.44449728710381;9.654636028527968;9.915879378835774;10.352043425795433;9.517669388133813;9.30149619498255;10.447083226209651;9.810571634741146;11.35424938194524;10.450180247164754;9.14210705730255;8.954196310386875;10.330916878114618;11.397674632948268;11.027905996569883;9.113742166049189;10.720244258287568;11.423641195075856;9.859534786382651;8.951284714966972;10.830515206976838;9.722807531169549;10.256208688527389;10.13827180017222;10.580258567499788;9.77313920671969;10.325305455089682;10.06339508128851;9.951284714966972;10.356451970221755;9.847057346091336;10.328674927327947;8.535275376620802;9.7431513941125;10.287712379549449;10.595257481449035;10.274960472140602;10.715961990255144;10.217957697864112;10.641148597411233;10.932952892194717;9.689997971419446;10.929258408636972;11.350386742312844;9.719388820942084;11.197830998012195;11.004220466318197;9.94104760634058;9.859534786382651;9.957102041562289;10.843921051289035;9.859534786382651;9.682994583681683;10.226412192788786;10.00982861736811;9.90839262077375
3.3015503883361816;3.745673894882202;3.299792051315308;5.845202445983887;7.194014549255371;7.194892406463623;7.195045471191406;7.173166751861572;7.178199291229248;6.075776100158691;3.2996208667755127;5.10546350479126;7.106282711029053;3.310654163360596;3.3175928592681885;3.308810234069824;7.19465446472168;3.3117682933807373;7.106282711029053;7.060238361358643;3.310654163360596;7.059304237365723;7.181976795196533;6.026274681091309;3.3087544441223145;3.7776010036468506;6.686889171600342;6.850690364837647;3.3117682933807373;7.181976795196533;6.91889238357544;5.646780967712402;3.522613286972046;3.299509286880493;4.050981044769287;7.010318756103516;5.882327556610107;7.146846771240234;7.185314178466797;3.310654163360596;3.3052375316619877;7.053676605224609;3.304176092147827;5.030764102935791;4.298619270324707;3.310728073120117;6.91281795501709;7.192161560058594;7.009211540222168;7.190079689025879;6.726937770843506;3.3525619506835938;3.299792051315308;6.205170631408691;3.34613037109375;3.310654163360596;3.341336727142334;5.494933605194092;7.177457332611084;1.0;2.0;4.169925001442312;4.392317422778761;3.321928094887362;3.4594316186372973;2.584962500721156;3.321928094887362;1.0;4.169925001442312;2.0;5.20945336562895;4.857980995127572;2.0;2.584962500721156;3.4594316186372973;4.807354922057604;2.807354922057604;0.0;3.321928094887362;5.087462841250339;3.169925001442312;2.807354922057604;4.584962500721156;3.4594316186372973;2.321928094887362;3.0;3.169925001442312;1.584962500721156;2.807354922057604;2.321928094887362;2.584962500721156;3.169925001442312;2.584962500721156;3.807354922057604;2.0;3.321928094887362;2.321928094887362;3.169925001442312;4.643856189774724;3.906890595608519;4.0;2.321928094887362;2.807354922057604;2.807354922057604;4.0;4.169925001442312;3.807354922057604;6.882643049361842;3.0;2.584962500721156;5.554588851677638;2.807354922057604;3.169925001442312;3.321928094887362;2.0;3.169925001442312;2.0;3.584962500721156
9.819766998291016;9.832350730895996;9.97674560546875;9.958054542541504;11.228089332580566;11.378454208374023;9.82270622253418;9.931838989257812;9.820032119750977;11.379733085632324;10.01955795288086;9.823480606079102;11.372709274291992;11.379660606384276;9.819246292114258;9.819672584533691;9.884685516357422;9.85391902923584;11.372709274291992;11.35191822052002;11.379660606384276;11.21219539642334;11.37974452972412;11.378252983093262;9.85210418701172;11.37940502166748;9.881169319152832;9.86378002166748;9.85391902923584;11.37974452972412;11.349048614501951;11.288922309875488;9.819190979003906;11.379704475402832;9.906879425048828;11.379746437072754;11.256460189819336;10.538274765014648;11.34726905822754;11.379660606384276;11.378811836242676;11.378629684448242;11.37929344177246;9.819340705871582;11.160526275634766;9.827885627746582;9.819195747375488;11.379599571228027;10.019373893737791;11.379746437072754;11.229897499084473;10.92098331451416;9.97674560546875;9.858837127685549;10.651481628417969;11.379660606384276;9.869443893432615;9.819198608398438;9.819449424743652;9.821773981970567;10.148476582178278;9.661778097771988;11.303209948944776;9.868822554775;10.281930026955443;11.483815777264256;10.026523442519766;9.845490050944376;10.58777751632821;10.08214904135387;10.91737207947684;10.910642730469624;9.477758266443889;9.381542951184583;10.514714054138487;11.03342300153745;10.936637939002573;9.330916878114618;10.319672120946995;11.494855584491198;9.792790294301064;9.167418145831736;10.490850876740298;9.493855449240822;9.845490050944376;10.489847960439295;10.181152256865566;10.562242424221072;10.226412192788786;10.386940245324311;10.12023787734196;10.191059214531656;10.4231159101471;9.958552715431011;9.055282435501187;10.161131882984307;9.73640193131829;11.40992124124968;10.619302955415687;10.14338321398982;10.154818109052105;10.382624026574916;10.559377090526684;9.566054038171092;11.081483438093674;11.247927513443583;10.232420927176076;11.046441948007311;10.510764167917891;9.826548487290914;9.89178370321831;10.0566377151132;10.99717948093762;10.06339508128851;9.84862294042934;10.161131882984307;10.34207466799914;10.250298417906333
8.665440559387207;11.937251091003418;11.851086616516112;9.730724334716797;11.909268379211426;11.946566581726074;8.773157119750977;11.942535400390623;8.7471923828125;11.8936128616333;11.881925582885742;8.845752716064453;11.930023193359377;11.945120811462402;11.467806816101074;11.731901168823242;11.947426795959473;8.843842506408691;11.930023193359377;9.591263771057127;11.945120811462402;10.726699829101562;9.037517547607422;11.941031455993652;11.468053817749023;11.94669246673584;11.94209098815918;8.787680625915527;8.843842506408691;9.037517547607422;11.922043800354004;11.944927215576172;11.926270484924316;8.668949127197266;9.1885404586792;8.815641403198242;9.135248184204102;8.665512084960938;11.921838760375977;11.945120811462402;8.66905689239502;11.733766555786133;8.702066421508789;8.665773391723633;11.655219078063965;9.281013488769531;8.888434410095215;8.665512084960938;9.89480686187744;8.666912078857422;11.947687149047852;11.941994667053224;11.851086616516112;11.92397403717041;11.93333911895752;11.945120811462402;8.68109130859375;9.546496391296388;11.473122596740724;8.558420713268664;8.149747119504681;8.826548487290914;10.381542951184583;9.517669388133813;9.219168520462162;9.60733031374961;8.479780264029099;8.43879185257826;9.14974711950468;8.689997971419446;9.59245703726808;10.252665432450248;8.92481250360578;9.303780748177102;9.271463027904376;9.705632387361415;9.729620743553038;9.164906926675688;9.79766152585376;10.378294855911893;8.693486957499324;9.084808387804362;9.642051692927977;9.57553924683453;8.930737337562887;8.459431618637296;8.665335917185176;9.419960177847887;8.721099188707186;8.98299357469431;9.189824558880018;8.734709620225837;10.1331422124006;9.264442600226602;8.832890014164741;9.0;8.174925682500678;10.043027283594547;8.83605035505807;9.308339030139408;9.26209484537018;8.912889336229961;9.002815015607053;8.611024797307353;9.72451385311995;9.794415866350104;9.118941072723509;9.442943495848729;9.523561956057012;9.06339508128851;7.727920454563199;8.994353436858859;9.878050912728536;8.46352437327118;8.224001674198105;8.710806433699352;9.372865060112588;8.829722735086058
5.369288444519043;4.537069797515869;4.527832984924316;8.976838111877441;8.919971466064453;9.05768585205078;8.877406120300293;8.506363868713379;5.660980701446533;5.447427272796631;4.527925491333008;5.001955509185791;8.71785831451416;5.67380428314209;4.529176712036133;9.056650161743164;8.463480949401855;4.531843185424805;8.71785831451416;8.698391914367676;5.67380428314209;9.052836418151855;9.05846118927002;8.944372177124023;4.63839864730835;4.529481887817383;4.5304107666015625;5.662193775177002;4.531843185424805;9.05846118927002;9.058377265930176;9.05615234375;6.531737804412842;4.527855396270752;8.176872253417969;9.05848503112793;8.990927696228027;4.633652210235596;9.05848503112793;5.67380428314209;8.957572937011719;9.058475494384766;4.536699771881104;6.7403483390808105;8.230441093444824;8.905766487121582;4.534663200378418;9.05844497680664;9.058485984802246;9.058484077453612;9.041244506835938;4.556357383728027;4.527832984924316;5.713675022125244;4.530731678009033;5.67380428314209;7.157257080078125;8.013813018798828;5.090122222900391;4.0;6.087462841250339;6.189824558880018;8.507794640198696;6.022367813028454;4.807354922057604;5.491853096329675;5.357552004618084;5.357552004618084;5.614709844115208;5.754887502163468;6.044394119358453;5.727920454563199;4.321928094887363;4.392317422778761;6.066089190457772;6.409390936137702;7.139551352398794;4.087462841250339;7.087462841250339;6.321928094887363;4.459431618637297;4.169925001442312;7.266786540694901;5.930737337562887;5.882643049361842;5.459431618637297;7.734709620225838;4.954196310386875;5.044394119358453;5.930737337562887;3.906890595608519;4.087462841250339;5.247927513443585;5.523561956057013;4.584962500721156;4.754887502163468;6.149747119504682;5.392317422778761;6.584962500721156;6.807354922057604;5.906890595608519;5.727920454563199;6.6293566200796095;7.554588851677638;8.087462841250339;6.614709844115208;4.857980995127572;7.515699838284043;5.78135971352466;5.044394119358453;6.321928094887363;4.247927513443585;6.614709844115208;4.459431618637297;4.087462841250339;5.754887502163468;3.584962500721156;5.930737337562887
8.472563743591309;8.031402587890625;8.084083557128906;8.090043067932129;10.568158149719238;10.56806468963623;10.529244422912598;10.120529174804688;10.563838958740234;10.56783676147461;8.058577537536621;8.034943580627441;9.437609672546388;10.566020965576172;8.031163215637207;8.031174659729004;10.56659698486328;8.073457717895508;9.437609672546388;8.983535766601562;10.566020965576172;10.541918754577637;8.641921043395996;10.565964698791504;10.559056282043455;10.51900863647461;10.499688148498535;10.536107063293455;8.073457717895508;8.641921043395996;10.568157196044922;10.502525329589844;8.031124114990234;8.322607040405273;8.771554946899414;8.282980918884277;10.55240535736084;8.154895782470703;10.48415470123291;10.566020965576172;10.56804656982422;10.540274620056152;10.568245887756348;8.031732559204102;8.11738395690918;10.31180477142334;8.943660736083984;10.565211296081545;9.315444946289062;8.077718734741211;10.568129539489746;9.323244094848633;8.084083557128906;9.318967819213867;10.255205154418944;10.566020965576172;8.074477195739746;8.031118392944336;8.031161308288574;9.485829308701904;9.430452551665532;9.884170519108435;11.420486612825774;8.219168520462162;9.296916206879288;10.488844346457336;10.094077685671904;9.26209484537018;10.557463701597824;9.654636028527968;11.222794902868111;9.900866807980748;9.417852514885896;8.810571634741146;9.451211111832327;10.767356854125683;9.971543553950772;9.533329732305834;10.191059214531656;10.961449694398196;8.971543553950772;9.250298417906333;10.281930026955443;10.068778277985412;9.312882955284357;9.493855449240822;10.092757140919852;9.469641817239516;10.034798962577268;10.269126679149418;9.746514321138465;9.915879378835774;9.86727873970966;9.63662462054365;10.06339508128851;8.614709844115207;9.759888183221834;10.395534135462302;10.682994583681683;9.409390936137704;11.530893981193922;10.181152256865566;10.066089190457772;9.719388820942084;10.63390340934852;10.806549621985962;9.987264012072538;10.94251450533924;11.106562940444883;10.225207436943505;9.388017285345136;10.029287226968243;10.344295907915816;9.76983784362944;9.403012023574997;10.51175265376738;9.59618975614441;9.357552004618084
4.994363307952881;4.716841220855713;4.711758136749268;7.695251941680908;7.887558460235596;7.907505512237549;7.837587356567383;7.214710235595703;6.35479211807251;7.8512139320373535;4.711969375610352;6.634629249572754;7.855722904205322;6.873545169830322;4.71176815032959;5.025946617126465;5.58200216293335;4.802077770233154;7.855722904205322;7.293091773986816;6.873545169830322;7.906900882720947;7.907617092132568;7.861363887786865;4.75070333480835;6.55562162399292;5.37564754486084;7.759931564331055;4.802077770233154;7.907617092132568;7.901247024536133;7.875091075897217;4.712334632873535;4.727888584136963;7.088621139526367;7.907632350921631;7.901921272277832;7.862872123718262;7.907619953155518;6.873545169830322;5.040064334869385;7.907425403594971;6.840721607208252;7.394835948944092;4.71247148513794;7.898005962371826;4.788589954376221;7.907613754272461;7.907630443572998;7.907416343688965;6.965272903442383;4.7434258460998535;4.711758136749268;4.878488540649414;4.711978912353516;6.873545169830322;5.439094543457031;4.728470325469971;4.888884544372559;4.807354922057604;5.426264754702098;5.20945336562895;7.2384047393250786;6.339850002884624;4.0;6.3750394313469245;5.044394119358453;4.247927513443585;5.643856189774724;5.129283016944966;6.3750394313469245;5.882643049361842;5.247927513443585;4.807354922057604;6.0;6.727920454563199;6.285402218862249;4.906890595608519;4.954196310386875;7.523561956057013;4.954196310386875;5.0;6.066089190457772;5.727920454563199;5.523561956057013;4.954196310386875;5.491853096329675;5.247927513443585;5.78135971352466;5.700439718141092;4.857980995127572;5.857980995127572;4.954196310386875;6.303780748177103;3.906890595608519;5.20945336562895;4.087462841250339;5.954196310386875;6.189824558880018;5.954196310386875;6.044394119358453;5.700439718141092;6.0;5.129283016944966;6.700439718141092;6.768184324776926;6.321928094887363;7.787902559391432;5.857980995127572;4.321928094887363;7.098032082960526;5.285402218862249;6.129283016944966;5.0;5.044394119358453;6.672425341971495;5.321928094887363;6.247927513443585
13.125988960266112;13.120924949645996;13.246809005737305;13.121240615844728;14.520193099975586;14.66695499420166;13.278275489807127;13.650016784667969;13.397735595703123;14.649907112121582;14.165393829345703;13.122291564941406;13.830381393432615;14.668973922729492;13.12263298034668;13.128971099853516;14.662372589111328;13.124423027038574;13.830381393432615;14.654558181762695;14.668973922729492;14.58096981048584;13.958353996276855;14.668993949890137;14.218830108642578;14.59269905090332;14.602298736572266;13.869465827941896;13.124423027038574;13.958353996276855;14.668930053710938;14.66899585723877;13.120756149291992;13.12104320526123;13.12956428527832;13.295618057250977;13.248452186584473;13.121295928955078;14.668681144714355;14.668973922729492;14.668941497802734;14.668987274169922;13.12606430053711;13.120869636535645;14.668794631958008;14.667513847351074;13.277472496032717;14.664901733398438;14.66767692565918;14.664895057678224;14.668997764587402;13.18155002593994;13.246809005737305;14.660861015319824;14.668793678283691;14.668973922729492;13.12110996246338;13.120755195617676;13.120832443237305;13.065079488999862;13.183015000882756;13.524296837662623;15.24692611833406;13.81518313000803;13.7632123668144;14.945626722229823;13.357002092264985;13.28439035916582;13.853212072715648;13.36468185586456;14.490474864825336;14.24399211188512;13.006852001748774;13.193217322699065;13.675626303935395;14.702226807063484;15.034369115706737;13.162706018482416;14.214091404749327;14.680359523513712;13.657430108963014;12.532112370794998;14.16765334867565;13.547858506058416;13.62490966089025;13.70336289396418;13.817982927195652;14.072802534544207;13.46569393586282;13.898979204622512;13.870653692051247;13.4812949046311;14.252517607762288;13.804231877210546;13.204418308289435;13.422459034917935;13.433455039827054;15.036602922195364;13.969206622964236;13.737247343027738;13.968396802543932;13.833977162388804;13.951740039269596;13.522336320913306;14.2205294822913;14.54182262142417;13.462885645213246;14.16105313110564;14.40161286878555;13.294333559671829;13.155292601751954;13.536611486625777;15.099060097540992;13.30035256032822;13.060695931687556;13.48721198320981;14.072886253972108;13.553989202871929
10.984314918518066;10.787813186645508;11.566632270812988;10.787203788757324;10.78530502319336;12.27730941772461;10.875268936157228;10.900534629821776;10.904481887817385;12.277192115783691;10.796045303344728;10.78094482421875;12.262635231018066;12.274245262145996;11.36573600769043;10.780988693237305;12.251148223876951;11.7066011428833;12.262635231018066;12.277337074279783;12.274245262145996;10.951315879821776;12.273019790649414;12.277408599853516;10.793731689453123;12.26937198638916;11.01980972290039;10.78177547454834;11.7066011428833;12.273019790649414;12.27739143371582;12.277411460876465;10.780976295471191;10.826114654541016;10.783954620361328;10.781481742858888;11.1238374710083;10.780908584594728;12.27739429473877;12.274245262145996;12.05784511566162;12.277413368225098;10.806201934814451;10.78314971923828;12.277324676513672;11.371429443359377;10.98078155517578;12.27439022064209;11.863601684570312;12.277413368225098;12.27739429473877;11.217759132385254;11.566632270812988;12.276100158691406;12.275753021240234;12.274245262145996;10.781357765197754;10.780901908874512;10.781095504760742;10.595257481449035;10.30035256032822;11.009128789539256;12.684529482418489;11.321928094887362;11.101975670949232;11.725792271494155;10.605479518061667;10.675074920385445;11.594791118089264;10.767356854125683;12.096715154488535;12.057314877782703;11.060020354507852;10.95492329203032;11.139551352398794;12.156715144224702;12.365228849251544;10.967946705812707;12.194449079479025;11.967946705812707;10.728770849542665;10.808159772868375;11.892163309861964;11.45994384837493;11.198445041452365;10.847840355630714;11.118941072723509;11.060695931687556;10.884933647949762;11.040289721025715;11.150381968817848;10.980853606379736;12.479527669256347;11.078817949961978;10.735556023911537;10.85642552862553;10.471675214392045;11.687813062564931;11.194756854422248;10.506803437795648;11.62935662007961;11.154818109052105;11.101975670949232;10.965784284662089;11.639340708652233;11.94251450533924;10.94178124227853;11.567956075415466;11.685624839726357;11.51717725268954;10.53818893205242;10.576484346796851;12.673529924401144;10.550746785383245;10.330916878114618;10.866506212226202;11.590587049915037;10.99435343685886
12.43662166595459;12.43873405456543;12.523170471191406;12.442416191101074;12.911822319030762;13.916560173034668;12.473325729370115;12.492618560791016;12.516831398010254;13.91667652130127;13.73780632019043;12.449963569641112;13.362590789794922;13.916709899902344;12.436811447143556;12.43643283843994;13.40186882019043;12.458681106567385;13.362590789794922;13.916536331176758;13.916709899902344;13.91259479522705;13.85466194152832;13.91668701171875;12.439308166503906;13.91331672668457;13.913514137268066;13.39027214050293;12.458681106567385;13.85466194152832;13.91667366027832;13.91671085357666;12.436304092407228;12.437131881713867;12.44943618774414;12.43766975402832;12.45361328125;13.38247299194336;13.916522026062012;13.916709899902344;13.843262672424316;13.916711807250977;12.443602561950684;12.519513130187988;13.91575527191162;13.91633129119873;12.638113975524902;13.904498100280762;13.33969020843506;13.916616439819336;13.916707038879396;12.436585426330566;12.523170471191406;13.915980339050291;13.9085693359375;13.916709899902344;12.436367988586426;12.436306953430176;12.436339378356934;12.226713224618962;12.660441650209172;12.682116764950074;14.189052362190337;12.770250927394864;12.942697762886755;13.677499433285108;12.42259043389256;12.404609397837712;13.273795599214264;12.691089186236532;13.620219825507489;13.632654470109475;12.765286098723683;12.69522829149575;12.795227966028678;14.108034327661551;13.586018775355935;12.238703279427725;13.313024722595518;14.322773176454564;12.488844346457336;12.43514933836693;13.236014191900084;13.015589280397393;12.894817763307945;12.998237821888049;13.203500952361397;13.28699085163199;12.867085646616836;12.97656412341533;12.47851684767645;12.830317129810208;13.297776062894147;13.040632200562252;12.095067301607054;12.664447284547972;12.492854620174748;13.418247936305638;13.291026768056126;12.555547771647063;12.53649007319916;13.31741261376487;13.363860976729532;12.185494924210866;13.666113021993024;13.979335872665384;12.822969090453288;13.615744569853312;13.167104482379932;12.62296694479051;12.428360172704291;13.000704269011246;13.42940674151398;12.54182262142417;12.133784409179908;12.878050912728536;12.79685079526716;12.847057346091336
5.885481357574463;2.564330816268921;2.9868292808532715;2.5701797008514404;5.866859436035156;2.5681276321411133;3.0646557807922363;2.5651841163635254;2.747666597366333;5.985538005828857;2.564137458801269;2.96291732788086;3.0882439613342285;2.7178101539611816;2.733316659927368;2.574921131134033;2.8993656635284424;5.292490005493164;3.0882439613342285;3.741734743118286;2.7178101539611816;2.56844162940979;5.945432662963867;5.985196113586426;2.568957805633545;5.955831050872803;2.586930990219116;2.569824695587158;5.292490005493164;5.945432662963867;5.38865852355957;2.568085193634033;2.664071559906006;5.98410701751709;2.568026542663574;5.987038612365723;5.128779888153076;2.566401720046997;2.5642778873443604;2.7178101539611816;2.615211248397827;2.6480934619903564;5.955272197723389;2.569411039352417;5.970661640167236;2.564279079437256;2.564839124679565;5.987021446228027;2.565020799636841;5.985394477844238;2.611358165740967;5.955978870391846;2.9868292808532715;2.5644099712371826;3.0031869411468506;2.7178101539611816;2.5761523246765137;3.7728447914123535;2.617795705795288;4.169925001442312;2.321928094887362;3.321928094887362;4.807354922057604;3.0;4.584962500721156;3.0;5.491853096329675;4.643856189774724;5.882643049361842;6.754887502163468;3.4594316186372973;5.129283016944966;0.0;3.0;5.0;3.4594316186372973;4.247927513443585;3.700439718141092;6.044394119358453;5.832890014164741;4.459431618637297;2.321928094887362;4.0;4.459431618637297;2.584962500721156;4.584962500721156;4.169925001442312;3.4594316186372973;3.321928094887362;6.409390936137702;3.0;3.169925001442312;5.392317422778761;4.321928094887363;5.807354922057604;2.321928094887362;2.321928094887362;4.087462841250339;4.321928094887363;2.0;4.459431618637297;4.807354922057604;3.807354922057604;1.584962500721156;5.672425341971495;5.247927513443585;2.584962500721156;3.0;3.700439718141092;4.523561956057013;3.584962500721156;3.0;4.954196310386875;3.807354922057604;2.321928094887362;3.906890595608519;3.321928094887362;3.321928094887362
9.349821090698242;9.3145170211792;9.859647750854492;9.318129539489746;11.409396171569824;11.424485206604004;11.410085678100586;9.554330825805664;11.222112655639648;11.427059173583984;9.390235900878906;9.314804077148438;9.498825073242188;11.411078453063965;9.441508293151855;9.314493179321287;11.426959037780762;9.331391334533691;9.498825073242188;10.758506774902344;11.411078453063965;10.052505493164062;9.613141059875488;11.42705249786377;11.111818313598633;11.323546409606934;9.556801795959473;9.31592845916748;9.331391334533691;9.613141059875488;11.42711067199707;11.366196632385254;9.314518928527832;11.345471382141112;9.314576148986816;9.522798538208008;10.73011302947998;9.314496994018556;11.25994110107422;11.411078453063965;11.42655086517334;11.416090965270996;11.427102088928224;9.314497947692873;11.403197288513184;9.33101749420166;9.416936874389648;11.42604637145996;9.340429306030272;11.035344123840332;11.42704963684082;10.870436668395996;9.859647750854492;11.293959617614746;11.421436309814451;11.411078453063965;9.74139404296875;9.314493179321287;9.314615249633787;10.023754353299417;9.1006623390052;10.187352073200495;11.295768934420508;9.308339030139408;9.179909090014934;10.40832974076739;10.057991722759176;9.507794640198696;10.768184324776929;10.303780748177102;11.547858506058416;10.672425341971495;8.721099188707186;9.29920801838728;10.26795708440284;11.077483356859508;10.809768128710411;8.894817763307943;10.71338651493703;11.56843119316746;9.539158811108033;8.980139577639157;11.1767964781476;9.957102041562289;9.449148645375436;9.333155350310616;10.314016703901355;9.99717948093762;10.546894459887636;10.287712379549449;9.355351096424812;9.622051819456376;11.161131882984307;9.60177078840771;9.91288933622996;9.509775004326936;9.89178370321831;10.08746284125034;11.019590728357882;10.445014845868425;11.862637357558794;10.067434360756522;9.285402218862249;10.52552080909507;11.044394119358454;11.349834091457248;10.7515440590891;11.044394119358454;11.088125692188209;10.488844346457336;9.54882190845875;10.188588845707349;10.881878707600446;10.118941072723509;9.78463484555752;10.632086412835182;9.556506054671928;9.556506054671928
10.708019256591797;10.69630527496338;11.190242767333984;10.69647979736328;10.801240921020508;12.18704605102539;10.720619201660156;10.697622299194336;10.708171844482422;12.170781135559082;11.239065170288086;10.696186065673828;12.000743865966797;12.18681526184082;10.7837495803833;10.696152687072754;11.644095420837402;10.707409858703612;12.000743865966797;12.180094718933104;12.18681526184082;10.859037399291992;12.16838836669922;12.187444686889648;12.136061668395996;11.638317108154297;10.711816787719728;10.70098876953125;10.707409858703612;12.16838836669922;12.18745231628418;12.187230110168455;10.696154594421388;12.185746192932127;10.70371913909912;12.169078826904297;12.178959846496582;10.69614601135254;12.185155868530272;12.18681526184082;12.187507629394531;12.187506675720217;12.186840057373049;10.696146965026855;12.187397003173828;10.889725685119627;10.6973237991333;12.18746852874756;12.18715763092041;12.187512397766112;12.186725616455078;10.806751251220703;11.190242767333984;11.974589347839355;12.179800033569336;12.18681526184082;11.152108192443848;10.696145057678224;10.696316719055176;10.802516365121225;11.032734528586714;11.44086916761087;13.035314609824391;11.305491792110685;11.533816389433364;12.081816278109198;11.28828934218097;11.016808287686557;12.225508720236;11.310612781659527;12.77704978843883;12.13827180017222;11.484319423644267;11.084808387804362;11.5980525001616;12.943430560383598;12.53430288245463;11.027214885159834;12.438531977761585;12.902375114486023;10.88340698638837;10.694357887221452;12.377210530388552;11.655977862486942;11.563672959827514;11.505315356136236;11.778077129535358;11.56843119316746;11.693922488081014;11.652396861477678;11.322491537597468;11.433585441150496;12.12573632939501;11.556026992724677;10.689124404913258;11.213711798105672;11.255618749839597;11.96000193206808;12.101319154423276;11.484822894262146;12.011227255423254;11.81257844413538;11.837233700339088;11.194756854422248;12.378294855911893;12.73956967402599;11.580729651598958;12.416533660199583;12.35837648032824;11.293471648838134;11.24436383512051;11.41415667927414;12.368233611380942;11.513727595952435;11.3009244909763;11.522091068887065;11.442425193331609;11.376125389276174
9.483807563781738;9.120009422302246;9.790644645690918;9.087966918945312;9.074751853942873;11.052791595458984;9.0806303024292;9.07848072052002;9.077216148376465;11.070501327514648;9.47596263885498;9.074699401855469;10.82411289215088;11.069686889648438;10.711127281188965;9.074999809265137;9.189428329467772;10.204731941223145;10.82411289215088;10.93079948425293;11.069686889648438;9.081588745117188;11.066418647766112;11.072738647460938;9.338111877441406;11.059576034545898;9.082474708557127;9.07506275177002;10.204731941223145;11.066418647766112;11.071481704711914;11.07275104522705;9.079859733581545;11.069270133972168;9.106417655944824;9.46851921081543;10.999673843383787;9.074666023254396;11.072622299194336;11.069686889648438;10.71982479095459;11.07277011871338;11.051382064819336;9.07494068145752;11.023113250732422;9.697517395019531;9.077825546264648;11.005412101745604;11.069598197937012;11.07277488708496;11.049921989440918;10.714900016784668;9.790644645690918;10.829977989196776;11.032734870910645;11.069686889648438;11.044350624084473;9.074803352355955;9.08109188079834;8.679480099505446;8.262094845370179;9.535275376620802;10.749869427396844;9.577428828035748;9.481799431665753;10.083479327331842;9.278449458220482;9.116343961237469;10.286557761607956;8.707359132080883;10.393390457443989;10.47269083924278;9.533329732305834;10.011227255423254;9.25974326369078;10.772314573921651;10.589651146514786;9.54882190845875;10.371776644337924;10.810571634741146;8.829722735086058;9.5980525001616;10.083479327331842;10.404077136241234;9.266786540694902;9.355351096424812;9.177419537989236;9.577428828035748;9.124121311829189;9.847057346091336;9.45532722030456;9.014020470314934;10.594324603924848;9.34207466799914;8.672425341971495;9.776433032444732;8.247927513443585;9.226412192788786;9.37937836707126;9.564149489985732;9.899356922923111;9.442943495848729;8.823367240046235;9.579315937580017;10.004220466318197;10.4542992936199;9.276124405274238;9.845490050944376;10.30035256032822;9.651051691178928;9.14210705730255;9.519636252843211;10.490850876740298;9.447083226209651;8.997179480937621;8.603626344986193;9.59245703726808;9.674192268145683
12.318989753723145;12.286148071289062;13.520602226257324;12.285816192626951;12.520137786865234;13.750116348266602;12.382850646972656;12.286650657653809;12.978093147277832;13.759960174560549;13.12279224395752;12.285886764526367;12.421408653259276;13.760150909423828;12.302345275878906;12.285801887512209;13.708691596984863;12.30639362335205;12.421408653259276;13.758551597595217;13.760150909423828;12.560980796813965;12.3264741897583;13.760149002075195;13.327884674072266;13.683566093444824;13.69845199584961;12.480310440063477;12.30639362335205;12.3264741897583;13.75967788696289;13.760130882263184;12.285804748535156;13.579668998718262;12.288209915161133;12.28581428527832;13.313737869262695;12.285945892333984;13.735426902770996;13.760150909423828;13.759737014770508;13.760123252868652;13.697569847106934;12.28587818145752;13.759620666503906;13.70587158203125;12.654728889465332;13.757284164428713;12.536330223083496;13.758950233459473;13.760159492492676;12.288723945617676;13.520602226257324;13.743684768676758;13.759759902954102;13.760150909423828;12.39919376373291;12.285802841186523;12.285879135131836;12.578372691360803;11.71037597120447;12.780334708123895;14.12145257392032;13.044223335689608;12.469641817239516;12.587308728333545;12.685843811426082;12.414420981746416;13.289298471903477;12.815983626652724;13.83387836457737;13.687156944138907;12.445014845868425;12.279610581052484;12.933137368256713;13.769217996126503;13.761031735466885;12.43280285635187;13.993646060016596;13.788616386250752;12.566054038171092;12.482303782323182;13.409523530691436;13.18750672775828;12.488342277532524;12.328674927327947;12.894059846274022;12.47192918764169;12.544240006441658;13.16867211813223;12.796242448203165;12.549303368513575;14.218638910613478;12.591522346570734;12.868629668212655;12.396069557639867;12.246740598493144;12.8107724413447;12.863411958941638;12.314583244274194;13.513850940118791;12.859534786382651;12.6142497276894;12.872867226786576;13.5980525001616;13.714782134760236;12.646558710154547;13.297346198946718;13.290882822429577;13.637077657143664;12.36468185586456;12.414420981746416;14.15718901351485;12.37531099747307;12.165535141377925;12.52258153125483;12.821176056269854;12.206403913973848
10.953147888183594;10.887200355529783;12.733198165893556;10.90312957763672;10.882733345031738;12.626663208007812;10.885003089904783;10.964031219482422;10.98108196258545;12.789238929748535;12.766034126281738;10.881983757019045;12.638456344604492;12.789240837097168;10.917635917663574;10.887434005737305;11.836797714233398;11.83699893951416;12.638456344604492;12.421894073486328;12.789240837097168;10.884943962097168;12.744519233703612;12.789182662963867;12.640986442565918;12.788602828979492;11.515546798706056;10.88613510131836;11.83699893951416;12.744519233703612;12.64626121520996;12.788890838623049;10.88203239440918;12.758048057556152;10.88988208770752;10.884864807128906;12.194568634033203;10.88204574584961;12.788826942443848;12.789240837097168;12.789239883422852;12.77663516998291;12.788660049438477;10.882035255432127;11.262835502624512;11.516120910644531;10.917485237121582;12.539608001708984;12.676347732543944;12.784863471984863;12.788209915161133;12.70781707763672;12.733198165893556;12.210977554321287;12.788527488708496;12.789240837097168;12.099468231201172;10.881966590881348;10.881980895996094;11.705632387361415;10.732167425663384;12.157978449945432;13.431367014075487;12.196602126523173;12.054265139625764;12.049508251055096;12.149429590056744;11.818582177480858;13.062383491876334;11.967586527296072;13.279465491793964;13.161604304002845;11.1331422124006;11.585901449690772;12.155134454857755;13.727707777472686;13.35024859944484;10.860311054919482;13.059851410770802;13.692942359312008;11.767770648776704;10.98370619265935;12.940313597145968;11.859534786382651;11.82097669262124;12.009478745888066;12.501588422932391;12.085472459181284;12.323054760341646;12.199365616857982;11.812979471251484;12.004571615167656;12.959277505720502;12.313166475977198;11.50084187955693;12.189824558880018;11.909518114296617;12.159556028058768;12.344295907915816;12.202429966015352;12.502334580197996;12.548340287676147;12.172114932533136;12.000704269011246;12.641825972041826;13.33525076831281;12.279610581052484;13.106562940444883;13.101483311565277;12.199365616857982;12.03857610276879;12.013671614058635;13.115531404166768;12.076815597050832;11.977279923499916;11.971902746045467;12.188588845707349;12.185185166820329
7.038823127746582;6.928765296936035;7.039328575134277;8.570718765258789;7.328559398651123;7.088001251220703;8.557825088500977;8.682158470153809;7.425631523132324;8.728097915649414;8.741891860961914;6.921178340911865;6.957479000091553;8.693530082702637;6.933648109436035;8.6117525100708;8.58234977722168;6.927950859069824;6.957479000091553;7.646958827972412;8.693530082702637;7.875997543334961;8.758750915527344;8.760751724243164;8.213238716125488;8.667115211486816;6.921156883239746;6.955127239227295;6.927950859069824;8.758750915527344;8.761246681213379;8.751184463500977;6.927995204925537;8.756657600402832;6.955324649810791;8.35422420501709;6.945947170257568;8.721707344055176;8.742826461791992;8.693530082702637;8.761327743530273;8.759567260742188;8.760357856750488;6.926370143890381;8.757720947265625;6.999163627624512;6.942384719848633;8.755763053894043;7.451447010040283;8.761327743530273;8.733719825744629;8.628241539001465;7.039328575134277;8.635146141052246;8.761113166809082;8.693530082702637;8.756659507751465;6.92124080657959;6.920943260192871;7.22881869049588;6.392317422778761;6.794415866350106;8.199672344836364;7.693486957499325;7.044394119358453;7.546894459887636;7.614709844115208;7.199672344836364;7.189824558880018;7.499845887083206;8.214319120800766;8.375039431346925;6.857980995127572;7.383704292474052;7.451211111832329;8.467605550082997;8.087462841250339;7.303780748177103;8.247927513443585;8.76487159073609;7.400879436282184;6.930737337562887;7.807354922057604;7.276124405274237;7.129283016944966;7.546894459887636;7.417852514885898;7.276124405274237;7.066089190457772;8.224001674198105;6.882643049361842;6.6865005271832185;8.357552004618084;6.94251450533924;7.199672344836364;7.066089190457772;7.022367813028454;7.20945336562895;7.321928094887363;7.257387842692652;7.882643049361842;6.7414669864011465;7.475733430966398;7.357552004618084;8.409390936137703;7.948367231584678;6.965784284662087;7.761551232444479;7.727920454563199;7.761551232444479;7.011227255423254;7.118941072723508;8.060695931687555;6.794415866350106;6.857980995127572;7.189824558880018;7.321928094887363;6.894817763307944
9.199492454528809;9.07115650177002;9.131031036376951;10.30716323852539;10.537644386291504;11.09943962097168;10.027749061584473;10.365592002868652;10.137900352478027;11.1048583984375;9.071252822875977;9.07426929473877;11.018508911132812;11.033737182617188;9.075480461120604;9.073180198669434;11.085908889770508;9.268268585205078;11.018508911132812;10.71222686767578;11.033737182617188;10.194453239440918;10.492167472839355;11.1043062210083;10.711992263793944;9.888106346130373;9.072885513305664;9.084638595581056;9.268268585205078;10.492167472839355;11.10464859008789;10.89029312133789;9.07114601135254;10.031522750854492;9.11338710784912;11.10473918914795;11.100769996643066;9.071271896362305;11.100136756896973;11.033737182617188;11.104121208190918;10.96851634979248;11.104853630065918;9.072510719299316;10.705273628234863;9.077133178710938;9.071624755859377;11.104930877685549;10.703787803649902;9.998266220092772;11.10056209564209;10.973895072937012;9.131031036376951;9.519864082336426;9.267146110534668;11.033737182617188;9.127816200256348;9.071126937866213;9.071683883666992;10.041659151637214;9.786269627648466;10.407267764244732;11.98477446004684;10.3151495622563;9.980139577639155;10.58777751632821;10.482807956726669;9.805743872151618;10.897089128312755;10.345405246717796;11.278449458220482;10.543031820255235;9.731319031025064;9.477758266443889;9.94251450533924;11.957102041562289;11.12605911607068;9.7632123668144;11.451211111832327;11.59898297103609;9.533329732305834;9.147204924942228;11.06339508128851;10.12023787734196;10.560332834212442;9.936637939002573;10.368506461507693;10.471675214392045;9.988684686772164;10.30720080914081;9.791162888555018;10.26209484537018;11.274378153246364;10.12023787734196;9.59618975614441;9.519636252843211;9.945443836377912;10.624795455860236;10.7714894695006;9.868822554775;12.036173612553483;10.788718332690458;10.545929769085468;10.546894459887636;11.477758266443889;11.349834091457248;10.303780748177102;10.907641803665529;11.042343379793692;11.094737505048093;10.226412192788786;10.074141462752506;11.198445041452365;10.122827994807666;9.879583249612784;10.646558710154547;10.330916878114618;9.489847960439295
10.998672485351562;10.42950439453125;10.496301651000977;10.485360145568848;11.07756805419922;12.08839225769043;11.749567031860352;11.922600746154783;10.444575309753418;12.03193187713623;10.7386474609375;10.445241928100586;11.965578079223633;11.123541831970217;12.03738021850586;10.432939529418944;11.983587265014648;11.420273780822754;11.965578079223633;12.069811820983888;11.123541831970217;12.06340503692627;12.091893196105955;12.091931343078612;10.472886085510254;12.08971881866455;10.433237075805664;10.43242073059082;11.420273780822754;12.091893196105955;12.091933250427246;12.091927528381348;10.427306175231934;11.407461166381836;10.42759895324707;12.090965270996094;10.427571296691896;10.458157539367676;12.0917387008667;11.123541831970217;12.011874198913574;12.091934204101562;10.650728225708008;10.429895401000977;12.091907501220703;11.772687911987305;10.527689933776855;12.09066390991211;12.084529876708984;12.091934204101562;12.090286254882812;12.062981605529783;10.496301651000977;12.091402053833008;12.088594436645508;11.123541831970217;10.43307876586914;10.426504135131836;10.42734432220459;10.1357092861044;9.714245517666123;10.34207466799914;11.671098725748465;10.519636252843211;10.437752072323605;10.61194694181998;10.606405212697783;10.253847484987404;11.473198383677529;10.200898605038445;11.778898476008376;11.711236767793784;10.651051691178928;10.827342704234116;10.72451385311995;12.03857610276879;11.510764167917891;10.177419537989236;11.714674827308002;12.189515729800194;10.225207436943505;10.346513733165636;11.353146825498085;11.037546953962178;10.43879185257826;10.594324603924848;10.687375683437468;10.676838606474153;10.595257481449035;10.700439718141093;10.353146825498085;10.31741261376487;11.561287945164828;10.372865060112588;9.946906274456396;10.478769619475765;10.352043425795433;10.639340708652233;11.066089190457772;10.89178370321831;11.107870914279614;10.696098170955864;10.467605550082997;10.565102078360312;11.441388029346689;11.60408986146918;10.675074920385445;11.417852514885896;11.347621368568134;10.64565843240871;10.543031820255235;10.483815777264256;11.200898605038445;10.870364719583405;10.635718120331047;10.611024797307351;10.657318449581288;10.722807531169549
10.962578773498535;10.96426773071289;11.047513008117676;10.9667387008667;12.0877685546875;12.62420654296875;12.588079452514648;11.38673973083496;12.522476196289062;12.60834789276123;12.497899055480955;11.158614158630373;12.049426078796388;12.618453025817873;11.156087875366213;10.954496383666992;12.62130355834961;11.059535026550291;12.049426078796388;12.624110221862791;12.618453025817873;12.623906135559082;11.956259727478027;12.623913764953612;10.957767486572266;12.517502784729004;12.623441696166992;12.237434387207031;11.059535026550291;11.956259727478027;12.624184608459473;12.624234199523926;10.954445838928224;10.954445838928224;10.95864200592041;10.954439163208008;10.955839157104492;11.508509635925291;12.62418270111084;12.618453025817873;11.148205757141112;12.624234199523926;10.954551696777344;12.428865432739258;12.603581428527832;12.62421989440918;12.62027072906494;11.721518516540527;12.262946128845217;12.61012840270996;12.62423038482666;10.954460144042969;11.047513008117676;12.624228477478027;12.615087509155272;12.618453025817873;10.955416679382324;10.95448398590088;10.970741271972656;10.663558104217271;10.838416075797335;10.705632387361415;12.356176830516356;11.162391328756906;11.395534135462302;12.293471648838134;10.840777923595054;10.709945380232496;11.292896755409172;10.834471049984222;11.800495500466813;11.947271652460348;11.878050912728536;11.43149760425805;10.902375114486023;12.065079488999862;11.981567281903017;11.250298417906333;11.92072501975118;12.107544031975989;10.747353829478062;11.394998514501673;11.535761377986656;12.057314877782703;11.521600439723729;11.018895621121649;11.21006248324023;11.108524456778168;10.916625922211235;11.068778277985412;10.703903573444665;10.838416075797335;12.401412878714178;11.246146774635864;11.64250302878052;10.519636252843211;10.696098170955864;11.841957399099549;11.71681946132995;10.881878707600446;11.281350514981035;11.208843990734614;11.352595231134304;10.535275376620802;11.813781191217036;11.93110683302934;10.901621158346112;11.31174831500496;11.386940245324311;11.007027266893967;10.76983784362944;10.940313597145968;12.173364830849035;10.859534786382651;10.27029532647204;11.070120944476823;11.177419537989236;11.252665432450248
9.956500053405762;9.976770401000977;9.95826530456543;9.982200622558594;11.928982734680176;11.929929733276367;10.827729225158691;11.830068588256836;10.087228775024414;11.923623085021973;9.959861755371094;9.953471183776855;11.605765342712402;11.92597770690918;9.953425407409668;9.9534330368042;11.869491577148438;9.95511531829834;11.605765342712402;11.380045890808104;11.92597770690918;11.888720512390137;11.919504165649414;11.929922103881836;10.977625846862791;11.927242279052734;11.106392860412598;11.37955379486084;9.95511531829834;11.919504165649414;11.930259704589844;11.8674898147583;9.953423500061035;11.928167343139648;11.497525215148926;11.929803848266602;11.930267333984377;11.314537048339844;11.835684776306152;11.92597770690918;11.915629386901855;11.929296493530272;11.930192947387695;9.95341968536377;11.241764068603516;10.425225257873535;9.954374313354492;11.93008041381836;10.386640548706056;11.930235862731934;11.927949905395508;11.68954086303711;9.95826530456543;10.094494819641112;11.465813636779783;11.92597770690918;11.270806312561035;9.953417778015137;9.953460693359377;10.94104760634058;10.583082767502932;11.371776644337924;12.289730740083757;11.725792271494155;11.239001757765582;11.59898297103609;11.023061249735337;10.41679752760606;11.81658370778757;11.172427508645482;12.45763738099176;12.390975006155534;10.509775004326936;10.839991070539886;11.590587049915037;12.080817527608328;11.952741247186488;10.447083226209651;12.350110443347928;12.17617314910749;10.960725994839056;10.356451970221755;11.804131021183318;11.21856323619027;11.487840033823051;10.473705749619416;11.506307581100309;11.292896755409172;11.533816389433364;10.935165049603697;10.757390009366638;11.321928094887362;12.588246152044816;10.807354922057604;10.644757592516257;11.057314877782703;11.35149140932002;12.18766136573912;11.807354922057604;11.086799685623452;12.261801107195309;11.605479518061667;10.801708358916462;11.41732511767992;12.188588845707349;12.398743691938192;11.55170826162069;11.960725994839056;11.862249900851513;11.642051692927977;10.836839359748716;11.139551352398794;12.079818085212354;10.89633240390994;10.83368074865474;11.222794902868111;11.436190995481416;10.79197682089869
