TCGA-V1-A8MK-01A;TCGA-M7-A720-01A;TCGA-EJ-A46B-01A;TCGA-EJ-A46F-01A;TCGA-XJ-A9DQ-01A;TCGA-G9-A9S0-01A;TCGA-XK-AAJ3-01A;TCGA-J9-A52D-01A;TCGA-V1-A9Z7-01A;TCGA-KK-A7AW-01A;TCGA-V1-A9OT-01A;TCGA-J4-A67O-01A;TCGA-EJ-5526-01A;TCGA-G9-6369-01A;TCGA-CH-5767-01A;TCGA-HC-A6HX-01A;TCGA-KK-A7AU-01A;TCGA-KK-A8IG-01A;TCGA-HC-A6AS-01A;TCGA-HC-7230-01A;TCGA-HC-7210-01A;TCGA-M7-A725-01A;TCGA-G9-6342-01A;TCGA-YL-A9WJ-01A;TCGA-J4-A67K-01A;TCGA-ZG-A9LZ-01A;TCGA-VP-A87C-01A;TCGA-XK-AAJR-01A;TCGA-KC-A7F3-01A;TCGA-J4-AATV-01A;TCGA-HC-A9TH-01A;TCGA-HC-A8CY-01A;TCGA-HC-A6AL-01A;TCGA-EJ-A7NJ-01A;TCGA-EJ-A7NH-01A;TCGA-J4-A67O-01A;TCGA-V1-A8MF-01A;TCGA-EJ-7330-01A;TCGA-YL-A8HK-01A;TCGA-CH-5763-01A;TCGA-ZG-A9L9-01A;TCGA-EJ-5495-01A;TCGA-EJ-7317-01A;TCGA-EJ-A65G-01A;TCGA-2A-A8VT-01A;TCGA-VP-A878-01A;TCGA-EJ-7123-01A;TCGA-CH-5750-01A;TCGA-J4-A67T-01A;TCGA-EJ-A7NG-01A;TCGA-EJ-5517-01A;TCGA-CH-5762-01A;TCGA-CH-5761-11A;TCGA-HC-7752-11A;TCGA-HC-8259-11A;TCGA-CH-5768-11A;TCGA-EJ-7784-11A;TCGA-EJ-7125-11A;TCGA-G9-6348-11A;TCGA-G9-6365-11A;TCGA-EJ-A8FO-11A;TCGA-G9-6384-11A;TCGA-HC-8262-11A;TCGA-EJ-7321-11A;TCGA-HC-7747-11A;TCGA-HC-7819-11A;TCGA-EJ-7793-11A;TCGA-HC-7745-11A;TCGA-CH-5769-11A;TCGA-G9-6342-11A;TCGA-EJ-7315-11A;TCGA-EJ-7330-11A;TCGA-EJ-7792-11A;TCGA-EJ-7314-11A;TCGA-HC-7740-11A;TCGA-EJ-7781-11A;TCGA-HC-7737-11A;TCGA-EJ-7123-11A;TCGA-EJ-7794-11A;TCGA-HC-7211-11A;TCGA-G9-6496-11A;TCGA-EJ-7783-11A;TCGA-HC-7738-11A;TCGA-CH-5767-11B;TCGA-EJ-7782-11A;TCGA-G9-6356-11A;TCGA-EJ-7331-11A;TCGA-HC-8258-11A;TCGA-G9-6499-11A;TCGA-EJ-7786-11A;TCGA-G9-6362-11A;TCGA-EJ-7797-11A;TCGA-G9-6351-11A;TCGA-EJ-7328-11A;TCGA-EJ-7327-11A;TCGA-HC-8260-11A;TCGA-G9-6363-11A;TCGA-J4-A83J-11A;TCGA-EJ-7789-11A;TCGA-EJ-7785-11A;TCGA-G9-6333-11A;TCGA-EJ-7115-11A;TCGA-EJ-7317-11A;TCGA-HC-7742-11A
11.449664538476192;11.543515216152167;11.349281228817452;12.581200581924955;11.599912842187129;11.203959703239462;11.75112558336727;11.323617763291578;11.3409627642517;12.32333628928017;10.847840355630714;12.89519657256334;10.203348002979762;12.178976011374523;10.979425195331473;12.86978660094578;12.141468555393084;11.40992124124968;12.562480945349316;11.731319031025064;11.756973226165448;11.542064542283445;12.298635406734242;11.318542809702723;12.33343491528405;11.989394499844732;11.007728114632254;12.28424574982967;11.4189067312579;11.078817949961978;11.851358649033513;11.461479447286155;12.651948610723446;11.413627929024171;11.52258153125483;12.89519657256334;11.24852060493843;11.219168520462162;11.229419688230417;10.107217075591382;11.279030136449649;11.011227255423254;11.53818893205242;11.453785055496157;11.51668494930961;11.273795599214264;11.701306461958623;10.004220466318197;11.30890780406394;11.312882955284357;10.73640193131829;10.14210705730255;11.29978040285854;12.037890085142507;11.158609688214478;10.24436383512051;11.1767964781476;12.285980105928212;11.68650052718322;11.232420927176076;11.121533517340032;10.800899899920305;10.4655664048094;11.862249900851513;11.96686590038754;11.682116764950074;11.397674632948268;11.325305455089682;11.788310503700918;12.00982861736811;11.096056239180946;11.519144787997414;11.23421867823847;10.901621158346112;10.637530551525307;11.024447124040648;11.04916787237217;11.821773981970567;11.075479149488016;11.172427508645482;11.789126046425231;11.425215903299383;10.623881490013458;11.0566377151132;11.61240779313867;11.510764167917891;11.711666973564348;11.839597483021176;11.998942951443086;11.183015000882756;11.952741247186488;12.292033985499543;11.81658370778757;11.585901449690772;11.747353829478062;11.618844301766652;12.141468555393084;11.31628153174622;11.771902080697716;11.726218159332198;11.760719947465624;11.090112419664289;11.400879436282183;11.52845411076479
12.41336348121097;12.832296678749884;12.164592716712368;11.366322214245816;12.30435132166324;10.977279923499916;12.038918989292302;12.098032082960527;12.445532219028312;10.20212382383046;11.661778097771988;10.818582177480858;13.37531099747307;11.52943055414615;12.591989767615123;11.342630298678408;12.549303368513575;11.97656412341533;11.294620748891628;13.165692152320114;13.185959435631318;12.621365094314864;12.61056350392504;12.75446999527562;11.161131882984307;12.55170826162069;12.849405100947758;12.972261848733291;12.229419688230417;12.506803437795648;12.707359132080883;13.224001674198105;11.14974711950468;12.669328004395904;12.750078862693847;10.818582177480858;11.51668494930961;13.60848585649532;12.90388184573618;12.481799431665753;11.305491792110685;13.565697126849214;12.61056350392504;11.591989767615123;13.39794197197264;12.50084187955693;13.373137035802127;12.606636543579526;12.714245517666123;13.014020470314934;12.663335723478353;13.015589280397393;12.713171684314805;12.37232095486726;12.458150248057557;12.39231742277876;13.485703545284585;11.4757334309664;12.45404219747008;12.29318423075951;12.3701424794954;12.614939847310737;12.918304233699931;13.594907723063336;12.635037871183252;13.323477033150423;13.044052531801302;12.475480126595476;12.735344469539005;12.200898605038445;13.359200485133632;12.732167425663384;12.95383268214528;12.833483105659584;12.084476237453892;13.336367081389795;12.649256177517314;13.981834819231716;13.64227737850386;11.794821973331224;12.231821178657404;12.177108041703692;12.178976011374523;13.49460561567122;11.99929538702341;13.093087390444218;13.189824558880018;12.418116141207488;12.585197295260024;13.407267764244732;12.147204924942228;12.494855584491198;12.700656452918167;13.29246543494927;13.01314817145476;12.682116764950074;12.743782540330756;12.983528071165097;12.69261550169458;12.505315356136236;12.512740462803498;12.652396861477678;12.993999791792524;12.64250302878052
4.247927513443585;4.807354922057604;4.087462841250339;6.507794640198696;4.523561956057013;6.754887502163468;6.599912842187128;6.882643049361842;7.179909090014935;4.906890595608519;5.807354922057604;3.807354922057604;7.066089190457772;5.78135971352466;5.807354922057604;6.266786540694901;6.475733430966398;4.906890595608519;5.906890595608519;6.78135971352466;5.169925001442312;7.539158811108031;6.3750394313469245;6.930737337562887;4.754887502163468;5.643856189774724;7.948367231584678;6.857980995127572;5.672425341971495;5.700439718141092;7.994353436858858;5.906890595608519;7.05528243550119;4.857980995127572;5.129283016944966;3.807354922057604;4.754887502163468;6.459431618637297;7.108524456778169;5.087462841250339;6.569855608330948;6.794415866350106;5.857980995127572;4.247927513443585;6.475733430966398;5.169925001442312;6.539158811108031;7.870364719583405;5.044394119358453;5.426264754702098;4.523561956057013;6.94251450533924;6.409390936137702;5.672425341971495;4.954196310386875;3.169925001442312;6.066089190457772;4.700439718141092;5.20945336562895;5.643856189774724;5.672425341971495;3.906890595608519;5.614709844115208;5.78135971352466;2.807354922057604;5.129283016944966;4.700439718141092;1.584962500721156;8.787902559391432;5.78135971352466;6.857980995127572;6.189824558880018;5.426264754702098;5.807354922057604;3.700439718141092;5.426264754702098;2.807354922057604;3.584962500721156;6.794415866350106;0.0;4.247927513443585;3.700439718141092;1.0;7.839203788096944;6.0;6.658211482751795;5.392317422778761;0.0;6.022367813028454;4.807354922057604;6.599912842187128;4.807354922057604;3.807354922057604;5.129283016944966;5.285402218862249;3.169925001442312;6.965784284662087;5.977279923499917;6.20945336562895;5.044394119358453;4.087462841250339;5.247927513443585;4.247927513443585;4.247927513443585
9.29232163280204;8.049848549450562;8.45532722030456;4.643856189774724;9.78463484555752;5.643856189774724;9.78953364497036;9.92184093707449;8.539158811108031;5.392317422778761;8.622051819456376;8.915879378835774;9.005624549193879;7.366322214245816;7.845490050944375;8.243173983472952;4.392317422778761;10.067434360756522;8.810571634741146;7.936637939002571;8.703903573444663;10.597121428789569;9.324180546618742;7.888743248898259;7.330916878114617;8.339850002884624;8.233619676759702;8.45532722030456;7.665335917185176;8.714245517666123;7.459431618637297;9.955649907528374;10.799281621521924;10.506803437795648;8.870364719583405;8.915879378835774;7.86418614465428;9.501837184902296;8.011227255423254;8.800899899920305;6.169925001442312;8.344295907915816;7.658211482751795;8.330916878114618;9.280770770130603;7.330916878114617;7.870364719583405;6.977279923499917;8.076815597050832;9.303780748177102;11.152284842306582;8.49585502688717;7.022367813028454;10.184875342908285;9.843921051289035;6.9886846867721655;8.915879378835774;10.557463701597824;10.1331422124006;8.118941072723507;8.409390936137703;8.326429487122303;7.622051819456376;9.368506461507693;9.231221180711186;8.577428828035748;9.573647187493322;9.517669388133813;6.727920454563199;7.98299357469431;10.947636937951827;10.48683502156305;9.271463027904376;10.181152256865566;8.129283016944967;11.423641195075856;9.019590728357882;11.070120944476823;9.368506461507693;6.78135971352466;9.654636028527968;9.571752643503546;9.485829308701904;9.586839787961829;8.807354922057604;7.546894459887636;10.987264012072538;7.330916878114617;8.581200581924957;10.850186837645774;8.98299357469431;11.635718120331047;8.661778097771988;11.359200485133632;9.558420713268664;8.599912842187127;7.971543553950772;8.539158811108031;9.550746785383245;10.823367240046236;8.022367813028454;8.92184093707449;8.098032082960527;8.179909090014934
4.643856189774724;9.257387842692651;7.219168520462161;3.321928094887362;6.22881869049588;1.584962500721156;2.321928094887362;2.0;4.392317422778761;0.0;3.0;2.807354922057604;4.247927513443585;1.584962500721156;3.0;6.6865005271832185;0.0;4.392317422778761;4.247927513443585;3.0;2.584962500721156;1.584962500721156;4.0;3.700439718141092;2.0;2.584962500721156;4.321928094887363;2.321928094887362;5.643856189774724;3.584962500721156;3.0;4.169925001442312;4.0;8.721099188707186;6.0;2.807354922057604;4.584962500721156;5.700439718141092;3.906890595608519;5.087462841250339;0.0;3.700439718141092;2.807354922057604;2.584962500721156;3.700439718141092;3.0;3.0;2.0;5.087462841250339;5.247927513443585;4.087462841250339;3.169925001442312;4.954196310386875;5.0;5.285402218862249;7.257387842692652;4.643856189774724;4.169925001442312;5.523561956057013;8.60733031374961;6.894817763307944;3.169925001442312;4.906890595608519;4.857980995127572;3.169925001442312;4.700439718141092;4.523561956057013;3.584962500721156;2.321928094887362;4.906890595608519;6.409390936137702;5.700439718141092;6.9886846867721655;6.149747119504682;3.584962500721156;6.539158811108031;4.321928094887363;5.0;6.129283016944966;2.807354922057604;8.076815597050832;3.807354922057604;3.4594316186372973;5.392317422778761;5.554588851677638;5.78135971352466;5.392317422778761;3.0;1.584962500721156;6.643856189774724;3.4594316186372973;6.169925001442312;3.4594316186372973;6.044394119358453;4.169925001442312;4.954196310386875;6.832890014164741;7.599912842187128;6.247927513443585;5.78135971352466;7.924812503605781;5.491853096329675;5.20945336562895;3.169925001442312
11.468624042918018;11.501339618061396;11.289442575688332;10.23840473932508;11.028596777067108;11.826945650415484;12.241089378860856;11.67065624911844;11.470658874060552;9.78135971352466;10.183635381473218;10.237209960755022;12.151016538892248;11.505315356136236;12.303780748177102;10.812979471251484;11.739358707433396;11.306061689428342;10.733862719678545;12.215532999745657;12.64880694972577;12.369052007001388;11.776844232402167;12.125413470483316;10.478769619475765;11.808159772868375;11.33371442609397;12.525765478821915;11.77561028075954;11.272046524389935;12.4797802640291;11.98477446004684;11.032734528586714;11.661778097771988;11.580258567499788;10.237209960755022;11.11829223302699;12.4186432493759;11.491352073563435;11.6965329140783;10.539158811108033;12.326429487122304;12.690871009292314;11.558420713268664;11.978710459106358;11.42259043389256;12.702172685365548;11.44190670454224;11.185494924210866;11.581200581924955;12.886649213371976;11.791569912126878;11.349281228817452;10.977995368612962;12.11829223302699;11.321928094887362;12.260919533662904;11.615169813843602;11.072132604167232;11.541096615349524;10.94104760634058;11.391243589427445;11.355351096424812;12.29117069932186;11.767770648776704;12.153552031708111;12.026869205263395;11.022367813028454;11.616089313582115;11.879583249612784;11.814582465906277;11.35149140932002;11.68255574108031;11.671541066711884;11.171802288682985;11.643405277115674;11.580258567499788;12.330076554797458;11.852139328187244;11.016111838220512;10.880348808156027;10.793603309279408;11.199058823653022;12.146250445885986;11.841171189248543;11.79400964502097;12.118616689351509;11.62067804213541;11.714245517666123;12.042685372219353;10.817783121774534;12.026523442519766;11.562242424221072;11.600842114387302;12.734074491428045;11.849405100947758;12.177108041703692;11.295194955880657;12.122180901259751;11.805743872151618;11.13699111208023;11.665780028329484;12.456354415108288;11.77313920671969
0.0;4.321928094887363;0.0;1.0;1.584962500721156;0.0;1.584962500721156;0.0;0.0;2.807354922057604;0.0;1.0;1.584962500721156;0.0;0.0;1.584962500721156;3.0;1.0;1.0;1.0;0.0;1.584962500721156;2.0;0.0;0.0;0.0;3.169925001442312;1.0;1.584962500721156;2.584962500721156;2.0;1.584962500721156;1.0;0.0;0.0;1.0;0.0;0.0;0.0;1.0;1.584962500721156;1.0;1.0;0.0;0.0;4.169925001442312;1.0;2.0;1.0;2.321928094887362;0.0;1.0;1.0;1.584962500721156;0.0;0.0;0.0;0.0;1.584962500721156;4.392317422778761;2.584962500721156;1.0;0.0;1.584962500721156;0.0;1.0;0.0;0.0;1.0;2.0;1.584962500721156;0.0;1.0;0.0;2.584962500721156;0.0;0.0;0.0;0.0;0.0;1.0;0.0;3.321928094887362;1.584962500721156;0.0;1.584962500721156;1.584962500721156;0.0;0.0;0.0;2.0;1.0;0.0;0.0;0.0;0.0;0.0;1.0;0.0;1.0;0.0;0.0;0.0;0.0
11.76445696361989;12.100990784092762;11.45532722030456;7.3750394313469245;11.637530551525307;8.326429487122303;7.74819284958946;6.303780748177103;7.409390936137702;7.499845887083206;10.715961990255144;10.14974711950468;11.83880998570856;9.766528908598865;12.475480126595476;11.319107575824985;8.79766152585376;9.364134655008051;10.41256984680521;9.7632123668144;11.690434556395054;8.422064766172813;10.991521846075695;10.827342704234116;10.045759661382682;9.698704666770343;10.873444112515376;11.169925001442312;11.290594888082572;11.635718120331047;9.659995892429976;8.727920454563199;8.400879436282183;11.71853287606922;11.52258153125483;10.14974711950468;9.915879378835774;12.14338321398982;10.559377090526684;11.421012855779226;9.590587049915037;11.841957399099549;11.127994320976391;11.203959703239462;10.566054038171092;11.37937836707126;11.410451351503994;8.405141463136344;10.380461065088973;11.705632387361415;10.051208940914766;11.64745842645492;12.578844391558205;11.749450465569916;12.363587246524578;11.643405277115674;12.985130373466898;11.762382038710392;11.922584402713664;12.702389159976336;11.980139577639155;12.242578689451346;12.660664477461278;12.60130652612184;12.619990662606378;12.63594479878872;12.233020426474496;12.615399743725495;10.377210530388552;12.044052531801302;12.259449046285685;12.118616689351509;12.62844554013718;12.078484417411447;11.929258408636972;12.602698865017963;12.954014507722544;13.333155350310616;13.065752701816972;11.28886607416582;12.014369242235135;11.985486199104637;12.332036548361652;13.652284811845306;12.2836671674915;12.60408986146918;11.916999049082808;12.566291930007871;11.855647166027266;12.02997734658958;8.661778097771988;12.12023787734196;12.202429966015352;12.14974711950468;11.888362741170644;12.700656452918167;11.57553924683453;12.35397382181817;12.717676423066395;12.261213451366048;12.506307581100309;12.53818893205242;11.839597483021176;12.06373212019692
12.30463652380727;12.164592716712368;11.676397887044764;10.240791332161956;11.89026427702111;9.688250309133178;11.345405246717796;10.140829770773;12.44940661498558;9.036173612553483;10.989394499844732;11.480285320936373;12.125090539303256;10.74819284958946;11.568906154502084;11.428883552010191;9.86418614465428;12.404609397837712;11.91139198784346;11.632995197142955;12.44604940671655;11.891024190149498;11.978710459106358;11.617467465294196;10.862637357558794;11.17617314910749;12.1526017440192;12.216139556425135;11.366868586167094;12.495355392235982;11.99964773652837;11.203959703239462;11.031356596255709;11.500343969270403;11.936269857602207;11.480285320936373;10.818582177480858;12.682775179067027;12.16804526822409;12.623424289869911;12.075813377461454;12.867085646616836;12.158609688214478;10.929258408636972;10.5401280385821;11.887220615468385;11.753216749178955;10.304921669581672;12.177108041703692;12.879008813992655;12.434106928609957;12.243173983472952;11.390706372872774;13.48167331644727;13.237508748172656;11.10459875356437;12.826349864720092;11.834471049984222;13.511382050937696;12.187042714339894;13.14433959124784;13.121695390556573;11.771902080697716;13.095726668639047;11.820178962415188;13.00544911354693;13.451855028397755;13.124606006959192;12.107870914279614;12.147204924942228;13.52833200886121;13.30435132166324;12.841760886800548;13.102139753410698;11.499845887083206;14.28886607416582;11.900112062977456;15.339467292852603;13.322209843748894;10.122827994807666;13.229269462266736;14.05604493693527;12.04814625421956;12.508289986140348;11.79766152585376;10.470658874060552;13.550867004960905;10.99859042974533;13.027387694052765;13.930275335112052;11.59618975614441;13.532964631698826;12.618614920250804;14.245404150930328;12.43514933836693;12.637756945412145;12.850382205652153;12.950191349972702;12.46326891598129;13.220378327695228;12.865539970785695;12.33063682472329;12.58941707576861;12.052568050804153
12.42678889459556;12.849405100947758;12.62890115202819;12.107217075591382;12.04916787237217;10.985130373466898;12.26795708440284;12.272046524389935;12.246443717117286;12.59105477403678;11.452756029032496;12.589182967039353;12.294620748891628;11.761135649828644;12.914758838941856;12.749869427396844;12.64880694972577;12.20212382383046;13.044735626056909;12.772314573921651;12.663558104217271;12.780334708123895;12.86534664481678;12.428360172704291;12.363313464373478;12.124121311829189;12.230620933129869;13.027905996569883;12.370959793297386;12.621365094314864;12.552188759557149;12.26883436934376;12.79197682089869;12.741466986401146;12.948549747245734;12.589182967039353;11.963618617443972;12.748402528398184;12.360847084179664;12.144658242831882;11.664891669286089;12.368233611380942;12.882834071545622;12.408064319914672;12.424691191512954;12.5898851792902;12.98370619265935;11.597587039586216;12.913637428049103;12.74798314030195;12.502831804066744;11.914385132155443;12.619073646817748;12.130892269806624;13.11699367754698;11.741466986401146;12.692179576312538;12.51668494930961;12.613559277788264;13.023061249735337;11.97656412341533;13.046612469258132;12.228518097716194;13.242280950302444;12.363860976729532;13.13651056079364;12.89822347121556;12.061708704660624;12.521600439723729;12.791162888555018;12.298349015658186;12.3188252203997;12.4797802640291;12.096056239180946;11.42678889459556;12.037890085142507;12.079151405421891;13.02997734658958;12.44475608969503;11.67065624911844;12.107217075591382;11.90350531042388;11.57790083688697;13.254733389246674;12.326991174900815;13.290594888082572;12.803727526553114;12.219168520462162;11.754887502163468;12.480032814583948;10.93810932621924;12.652620934638165;12.779719355143405;12.526499239136566;13.111950706153165;12.933506249629444;12.746304367701304;12.723234300893376;12.84313591111135;12.4578938373147;12.633449374713493;12.557463701597824;12.687594389576123;12.717676423066395
15.538734569247922;16.37754946966907;15.441323181833882;14.721206019396329;15.562659810320003;15.664391726830011;15.383096742439664;16.08903661524173;16.081337796436998;14.132981618529351;14.100498088416886;15.456129778730752;16.642785042003634;15.826325034975913;15.696234042255057;15.381475357067352;15.700006150882864;15.362731504734915;15.958598025493384;16.214432965349328;16.592821986409415;16.515930784040172;15.943819707712713;15.94427739375335;15.461895057529832;15.550957163070372;15.30474346007729;16.237191284486652;15.908580264012734;14.987619311924323;16.763251276721245;16.15841245592291;15.98850717892317;15.563017473748218;15.533055915513016;15.456129778730752;14.705362396710138;16.145693374677023;15.80667547975684;15.778000104324269;14.936453910041177;15.874981347653774;16.00250739066761;15.3746999017883;15.382995459221402;15.533025488216706;16.496214032444087;15.766684184582392;15.907054955797914;15.587250119122231;16.301710525590448;16.149628054151382;15.146847069293392;15.177030157122418;15.964431123667882;15.020155256487037;16.61132744095157;16.6183711624227;15.455519875047573;16.504182765805346;15.60877459762325;17.131555564021138;17.1546500221246;16.11445406064108;15.7290364952082;16.4053243152725;16.421686824157696;15.166594633778535;15.869449258058928;16.154066509638966;15.661611109515434;15.735027079802624;15.871857121360522;15.51797688755755;15.145096273872104;15.787520006809338;15.847277610481324;16.567629341173127;15.860214044191483;15.246517943188914;15.571723021504283;15.519728383866024;15.234518085739987;16.377447796245658;15.944162985854788;17.95651228838106;15.782511974789088;15.483311954999351;15.886506327479497;15.845710554733882;17.82564825991016;16.28406496777351;16.191676146352428;16.21617745775159;16.34850340710174;16.53767341848018;16.66441950595643;16.161446847518008;16.199058823653022;16.156774386398652;16.11914377529938;15.870774080165248;16.449648419608874;15.873444112515376
9.76983784362944;9.707359132080883;8.823367240046235;8.339850002884624;9.531381460516313;8.791162888555018;8.67595703294175;10.090112419664289;8.584962500721156;7.294620748891627;8.651051691178928;8.566054038171092;9.471675214392045;8.005624549193879;8.826548487290914;8.562242424221072;7.876516946564999;7.800899899920305;9.603626344986193;9.084808387804362;9.011227255423254;7.960001932068081;9.22881869049588;9.61654884377899;8.661778097771988;8.997179480937621;11.306061689428342;8.768184324776927;8.867278739709661;9.64565843240871;9.152284842306582;8.900866807980748;8.447083226209653;9.834471049984222;8.933690654952233;8.566054038171092;7.523561956057013;9.1006623390052;9.696967526234287;10.007027266893967;8.912889336229961;10.151016538892248;8.471675214392045;7.906890595608519;8.491853096329674;9.192292814470768;9.247927513443583;9.501837184902296;9.52552080909507;9.579315937580017;10.193525360501216;9.677719641641009;9.774787059601174;10.380461065088973;10.10459875356437;8.294620748891628;9.447083226209651;9.54882190845875;10.002815015607052;10.103287808412022;8.693486957499324;9.558420713268664;9.257387842692651;10.368506461507693;9.169925001442312;10.236014191900084;9.605479518061667;9.071462362556623;9.507794640198696;9.834471049984222;11.65954999687987;9.94251450533924;9.802516365121225;9.236014191900084;9.703903573444665;10.14974711950468;9.14210705730255;9.92035285541508;9.876516946565;9.447083226209651;9.930737337562888;8.044394119358454;8.144658242831882;10.25502856981873;9.813781191217036;8.965784284662087;10.553629293916364;8.507794640198696;9.346513733165636;10.258566033889933;8.426264754702098;10.134426320220928;9.884170519108435;10.20212382383046;10.145932145820517;9.216745858195306;9.923327485419192;9.712527000439824;9.663558104217271;9.94397991434374;9.451211111832327;9.41574176829009;9.457380879072534;9.54882190845875
11.473198383677529;11.626165319904498;11.064742764750257;11.040974598817304;11.416269744523207;11.265615046484458;11.22881869049588;11.775198728897983;11.744413410557655;9.348728154231075;11.002815015607052;9.927777962082342;12.8317030992143;11.477252323937952;12.026869205263395;10.121533517340032;11.832494484336111;11.61240779313867;10.73047013718422;12.636398048883835;12.465056167831175;12.394998514501673;12.016808287686557;12.083146870816742;10.878817284614229;12.456097684964202;11.89026427702111;12.26238852375102;11.385323176175872;11.29174628083394;12.581671358578143;12.088457003486226;11.129283016944967;11.77066389291676;11.65954999687987;9.927777962082342;10.768184324776929;13.003517912108602;12.183635381473218;11.737247343027738;10.965062756744627;12.768597882194374;11.875749351420056;11.091435386323608;12.613329054371054;11.4241662888181;12.586136091480489;11.700873155140265;11.338179249900112;11.65150022065274;12.109830654278792;12.184565452446156;11.57459352733761;11.531868775177552;11.869979332899964;11.420486612825774;12.47649307734159;11.26620091249896;11.325867580575418;11.208234358339787;11.222191138456331;11.171802288682985;11.584492796975876;12.393658591454772;11.807354922057604;12.33399388276136;12.070120944476823;11.289442575688332;12.451468712947358;11.523071826940395;12.352595231134304;11.583082767502932;11.88760142450871;11.887220615468385;11.276124405274238;12.33371442609397;11.971184272404678;12.875941288497554;12.255323690008137;11.211279947482009;11.26209484537018;11.271463027904376;11.23421867823847;12.237209960755022;11.667555107041132;11.631631805917635;12.111135670234708;11.639792893279312;12.465056167831175;12.356176830516356;12.161131882984307;11.967226258835993;11.756556322524087;11.897845456005513;12.521600439723729;11.844705764411938;12.919422024335052;11.252074042796185;12.144658242831882;11.79685079526716;11.233619676759702;11.709945380232496;12.303495376790377;11.830119025444516
12.635037871183252;13.890834249389446;12.698270577692032;10.231221180711186;13.069785394983302;10.30149619498255;10.743992861060176;8.447083226209653;11.820577882655774;11.707359132080883;12.168985440978698;14.014020470314934;12.200285605224298;10.24555270625568;10.352043425795433;14.721045770395936;10.213104219641906;11.922212717785449;13.587894689529564;10.680359523513712;11.881878707600446;10.366322214245816;12.328394438352458;12.226412192788786;12.807757403589267;11.376668061857668;12.578608560737752;12.237807473723135;12.414685235807214;12.928333307585149;11.555068391333338;10.708221730038352;12.083146870816742;13.245106994381208;12.936269857602207;14.014020470314934;11.969386521342283;12.537461094633018;12.270587340447513;12.825753832883112;12.167104482379932;12.8519441979995;11.552669097514272;10.76487159073609;11.647008638441648;12.393390457443989;10.936637939002573;9.995767150877802;12.214926187942435;13.71789058398728;11.556026992724677;12.41574176829009;13.3972735315025;13.931845540183671;13.654188473059545;13.27772328161035;13.966775796709472;14.59333276016138;14.140350496628438;14.994795371321157;14.044735626056909;13.56271942704932;14.747825838329282;14.193217322699065;16.522366974485337;13.514837313999376;13.629015032522458;15.496604154575603;11.942147920394849;14.2321960506982;13.290162878784272;13.96605476462555;13.37000621550088;12.980139577639155;15.7737573721398;13.451468712947358;15.683871868622605;14.230620933129869;13.912515144802397;15.968689290135584;14.32678056760998;13.863895873695071;15.227503134450028;14.645602146391854;13.631972774534868;14.706549977818112;13.351905441476942;16.457525167013536;13.465948964154254;13.064742764750257;11.289442575688332;14.19067349813204;13.454813348512523;13.886363427434055;13.209301046034142;13.489095315413504;13.339850002884624;13.609755885423706;13.746094383705463;13.71177450496535;15.096632806531044;13.166476950816804;13.1526017440192;13.301067438218515
16.034519576680008;16.523424124072235;15.743230302491314;15.978084774310688;16.105315173156303;14.995325514041804;16.03430462762855;16.285618953639325;16.916882457301583;14.992805599284342;14.789482701449428;15.74968614656818;16.681403143736905;16.695228291495752;16.307592173906023;15.957940890268834;16.676315237161273;15.982236032223655;16.335390354693924;16.94968994728998;16.861838114052404;17.24724144732334;16.581156438736542;16.558854150267834;16.3692735759448;16.655335056111774;15.91734876790276;16.93614330792848;16.27641524189268;15.68677407054516;17.016394811365522;16.77591886762911;16.606867837374153;16.085762894316964;16.13308199179377;15.74968614656818;15.056849362592622;16.855501176277166;16.347033043146006;16.165731402385845;15.67444056867444;16.630011103585552;16.683734828010685;15.964746974773536;16.2162532574175;16.11908296751699;17.166153273165413;16.012820923358916;16.18729407346686;15.889052337547506;16.74411115299769;16.498428525320854;15.696886046427368;15.670960466379054;16.09481996125598;15.792815707955484;16.494199323942063;16.31930166312921;15.850601963040182;16.750733152104917;16.008165971639134;16.604336044042288;16.498849206531723;16.62911467058147;16.311783786024467;16.622881176445226;16.616103676116555;15.719736403540232;16.675943254080096;16.25266543245025;16.039304639245383;16.05118769466029;15.90388184573618;15.76492341074798;15.604292603111228;15.80705298720543;16.35242281463683;16.779886039160274;16.160541139084334;15.810421011444184;16.25063151408072;15.384547687744648;15.603394530887376;16.66205636858795;15.74968614656818;17.286305065707545;16.347119576638566;15.991388978798357;16.527874034663125;16.17541310253224;16.881854815394114;16.327026273127068;16.41083224797056;16.376125389276176;16.587499191828286;16.445419059502612;16.83605035505807;15.946814915494844;16.187564718943513;16.227728743558213;16.437492010125354;16.30750323669052;16.42028922221946;16.253404328774153
12.805743872151618;12.85739789170129;12.468369487109523;11.157346935362844;12.375039431346924;11.419433550705378;12.642728643769;12.98477446004684;12.894059846274022;9.584962500721156;11.10000522442272;11.013322673425447;13.57483001533763;12.481799431665753;13.360298426618046;11.159240650411672;12.699789318382136;12.573647187493322;11.876516946565;13.514467502819269;13.630039552656095;12.484571180915806;13.16820200623727;13.023234556845988;11.63117705570398;12.950738136047423;12.8356556908398;13.47040467706564;12.718104713121756;12.638435913990472;13.569380959522295;12.822172461476178;12.14210705730255;12.883979673808748;12.7553048882624;11.013322673425447;12.061371192659813;13.654859754207394;12.733862719678545;12.979961015222829;11.992230264965889;13.658880895047878;13.191059214531656;12.377210530388552;12.812979471251484;12.486583659067268;13.746934136372298;12.556506054671928;12.658657792126084;12.832494484336111;13.803929287974446;13.3063465536885;12.781769511863132;12.823367240046236;13.380055148544896;12.406736482691723;13.640696837570092;13.08696550311009;12.878050912728536;12.615169813843602;12.579315937580017;12.8668925276766;12.675736555361906;13.674302629212166;12.757806672197228;13.586018775355935;13.623652908052923;12.691743519171276;13.138751765258174;13.098525621379464;13.54677390880832;13.177730967033272;13.22881869049588;13.148317686309303;12.229720093237413;13.681128580020994;12.75676478940414;14.656033745160467;13.456097684964202;12.100333819126542;12.770250927394864;13.033939140726387;12.27873982655011;13.551107414066758;13.104271128936894;12.824163209744158;13.690761908445976;12.539158811108033;13.138911718142744;13.625708843064466;11.9683067944308;13.496104779340126;13.018026265843226;13.538310202597684;13.848133874679752;13.159871336778387;13.326008077730997;12.47040467706564;13.507918492629631;13.308339030139408;12.717033749490891;13.088291357347815;13.589182967039353;13.075813377461454
9.005624549193879;9.174925682500678;8.813781191217037;7.930737337562887;9.417852514885896;8.491853096329674;9.194756854422248;9.861086905995396;9.905387005018133;7.870364719583405;7.546894459887636;8.0;9.86418614465428;9.89633240390994;9.493855449240822;8.640244936222345;8.787902559391432;9.44086916761087;9.428360172704291;9.08214904135387;10.667998535672528;9.214319120800766;9.693486957499324;10.332036548361652;7.971543553950772;9.505811553919594;9.663558104217271;11.36194377373524;9.108524456778168;9.622051819456376;10.041659151637214;9.667111542075029;9.162391328756906;9.271463027904376;9.483815777264256;8.0;8.930737337562887;9.876516946565;10.3409627642517;8.832890014164741;9.290018846932618;9.991521846075695;9.818582177480858;8.238404739325079;8.366322214245816;9.926295994781112;10.14338321398982;8.727920454563199;8.531381460516313;9.364134655008051;9.287712379549449;8.515699838284043;8.72451385311995;9.535275376620802;9.4797802640291;8.654636028527968;9.754887502163468;9.134426320220928;9.426264754702098;9.394462694610317;9.310612781659527;9.03342300153745;8.366322214245816;10.271463027904376;9.611024797307351;9.189824558880018;10.118941072723509;9.321928094887362;10.108524456778168;9.266786540694902;10.370687406807216;9.78463484555752;9.640244936222343;9.471675214392045;8.689997971419446;9.571752643503546;9.162391328756906;10.37937836707126;9.870364719583405;7.965784284662087;9.505811553919594;9.43879185257826;9.044394119358454;9.453270634010623;9.199672344836364;8.936637939002571;9.939579214314692;8.679480099505446;10.171176797651771;10.404077136241234;8.64745842645492;10.084808387804362;9.366322214245816;10.214319120800766;9.552669097514272;9.319672120946995;9.49585502688717;9.422064766172811;9.902375114486023;9.91737207947684;8.98299357469431;9.49585502688717;9.61286849729104;8.794415866350105
12.312315746690109;12.628217680223434;12.019938156424796;10.478769619475765;12.171176797651771;11.550746785383245;12.31373335026382;12.216139556425135;12.276124405274238;9.434628227636724;11.59618975614441;9.372865060112588;13.562838653117804;11.756973226165448;12.85233443198643;10.025139562278508;12.841171189248543;12.016111838220512;10.260919533662904;13.634130373093326;13.526376971664067;12.29978040285854;12.64880694972577;12.765907637488615;10.476746203939468;12.694140204076431;12.631404448728468;13.096220996223424;11.981567281903017;12.159556028058768;13.052058534626903;12.741466986401146;10.63117705570398;12.704552121462278;12.736824699098864;9.372865060112588;11.469133019829592;13.786984262718535;12.99453022688921;12.66644593881483;10.722807531169549;13.770147667541483;12.738303411474638;11.47218311618954;13.331336856296485;12.324180546618742;13.736084774161505;12.61677855400014;12.514467502819269;12.52845411076479;13.127671967038982;13.232720707964871;12.49859992877026;12.127671967038982;12.40832974076739;12.319954310686944;13.513110716890193;11.42678889459556;12.255618749839597;12.249113452713727;11.925554439873554;12.470658874060552;13.150857922538847;13.632313662586126;12.700222950799256;13.252813241993014;13.252517607762288;12.518898992777316;12.889123656294238;12.09901899101923;13.459815807989589;12.640470904590089;12.885505729792254;12.902940323128275;12.264149339723328;13.326148561205557;12.866506212226202;14.003517912108602;13.58660526060361;12.141468555393084;12.156715144224702;11.873828574886977;12.371504412043336;13.416005780559267;12.135067945777816;12.822769974444292;13.197830998012195;12.594324603924848;12.428098411832506;13.386940245324311;12.4070021479242;12.28886607416582;12.351767443959892;13.222191138456331;13.21204034123855;12.651724433108065;12.896521622224974;12.585197295260024;12.795024983961389;12.586136091480489;12.309192106959902;12.660218788535618;13.103943429891558;12.659772961881613
11.154818109052105;11.37232095486726;10.794415866350104;10.383704292474052;11.147204924942228;10.641148597411233;10.4655664048094;10.758223214726724;10.906890595608518;8.62935662007961;10.371776644337924;9.719388820942084;12.238106137432077;10.346513733165636;11.409390936137704;9.722807531169549;11.11829223302699;10.871905237659186;10.117643101389092;11.668441828052998;11.81498293642679;11.471167133724393;11.59245703726808;11.184255495405347;10.13827180017222;11.240195053979924;11.323054760341646;11.81658370778757;11.112439506781552;11.233020426474496;11.794821973331224;11.092096414990792;10.0566377151132;11.31174831500496;11.153552031708111;9.719388820942084;10.15608307628868;12.02167404285837;11.5473765634981;11.665335917185176;10.34207466799914;12.34179677239183;11.147840893672337;10.72451385311995;11.909143047339898;10.947636937951827;11.535275376620802;10.969386521342283;11.29117069932186;11.321928094887362;11.818582177480858;11.691307330191115;11.321928094887362;11.286557761607956;11.631631805917635;11.13249972962851;12.227014193649133;11.264442600226602;11.418379719364957;11.43514933836693;11.210671343785622;11.345959596404112;11.578844391558205;12.021327032624372;12.231821178657404;11.889884170302828;12.12638183054264;11.580729651598958;11.11699367754698;11.476239906323851;12.107870914279614;11.756556322524087;11.810973220002165;11.71295682169755;11.62296694479051;12.1901333218648;12.172114932533136;13.116506417748072;12.250002267840449;11.51717725268954;11.29232163280204;11.737669863177452;11.659995892429976;12.36468185586456;11.591522346570734;11.458406613236534;11.945077995107816;11.97906787148051;11.580258567499788;12.227315099905493;11.407798850221974;11.813380386924727;11.573173784686484;12.01854794187165;12.098032082960527;11.445532219028312;11.671098725748465;11.152284842306582;11.854089179870574;11.875749351420056;11.394998514501673;11.709083812550343;11.805340828416384;11.400345796534694
12.146886835415884;13.473452088952232;12.29920801838728;11.92184093707449;13.122504484313904;10.965062756744627;11.800495500466813;12.181152256865566;12.355626393637916;10.862637357558794;12.06305796362349;12.684967725143876;13.294477161427873;12.294907880953652;12.62662165235837;11.885315061049376;11.21856323619027;12.44759985827995;12.83387836457737;12.642954223480332;12.393658591454772;11.7431513941125;12.641825972041826;13.11162474703725;12.744413410557655;13.14338321398982;12.91045535530982;12.552669097514272;12.892542816648552;14.186036839662824;12.791773380858745;12.65664831174735;12.365775635326267;12.551467952626895;12.771283119641003;12.684967725143876;11.95383268214528;12.549544038301589;12.726005231128596;13.042343379793692;12.779924501967908;12.46326891598129;12.486583659067268;12.37232095486726;12.418379719364957;12.76445696361989;12.64543327516426;12.8362476466879;12.33343491528405;13.04814625421956;12.43827205612483;12.900866807980748;12.874597192401634;12.992407315348498;12.426526848451733;11.597587039586216;13.611255388699336;12.538431462950005;12.74819284958946;13.082648042352986;13.04882741336389;12.235415935602528;13.265615046484458;13.43840202279677;13.119589620741122;12.490349505739289;13.491352073563435;13.060189278463422;12.99169898341288;12.569380959522295;13.55158811212731;12.753425699145414;13.613559277788264;12.750706986224948;12.788514432606608;12.58331786813751;13.553509304309202;12.87209768680786;13.167418145831736;12.81016993766466;13.173052457774116;13.055282435501187;13.575657418193968;13.455584087578613;12.80634822671225;13.102795896703824;12.66289085913906;13.979514512467604;12.929998062609029;13.279610581052484;12.687375683437468;13.900206427698745;12.822969090453288;13.606173844717032;12.217654833364024;13.04011845076483;13.027214885159834;13.703903573444665;13.056807035580608;12.65217275350971;12.967226258835993;12.507051302247916;12.7868821936647;13.020459141699511
7.845490050944375;9.44086916761087;7.285402218862249;7.754887502163468;5.882643049361842;8.50382573799575;7.149747119504682;8.400879436282183;8.31741261376487;9.366322214245816;6.832890014164741;7.554588851677638;10.266786540694902;5.247927513443585;8.154818109052105;8.721099188707186;4.754887502163468;8.113742166049189;11.91026795581084;9.14210705730255;9.786269627648466;9.390168956200185;9.394462694610317;9.7515440590891;8.055282435501189;9.85642552862553;11.647008638441648;6.6293566200796095;7.098032082960526;7.599912842187128;10.568906154502084;10.095397022792556;11.070791809423062;9.422064766172811;5.426264754702098;7.554588851677638;8.76487159073609;7.383704292474052;10.30720080914081;9.134426320220928;6.539158811108031;10.749031382040204;6.339850002884624;7.257387842692652;8.581200581924957;9.459431618637296;9.569855608330949;10.256208688527389;9.65284497300198;7.442943495848728;9.988684686772164;10.075479149488016;6.459431618637297;8.839203788096944;5.129283016944966;4.169925001442312;10.007027266893967;6.266786540694901;7.672425341971495;4.169925001442312;4.807354922057604;4.906890595608519;4.643856189774724;7.294620748891627;4.321928094887363;6.857980995127572;7.219168520462161;3.321928094887362;7.94251450533924;5.247927513443585;10.812979471251484;9.874981347653774;8.997179480937621;7.546894459887636;5.426264754702098;10.025139562278508;5.357552004618084;9.61286849729104;10.24198314969433;4.700439718141092;7.531381460516312;7.05528243550119;3.4594316186372973;6.066089190457772;10.117643101389092;6.672425341971495;8.90388184573618;3.906890595608519;7.693486957499325;9.294620748891628;5.614709844115208;6.266786540694901;5.321928094887363;7.800899899920305;5.807354922057604;2.807354922057604;10.098032082960527;8.271463027904375;8.741466986401146;6.247927513443585;5.392317422778761;6.321928094887363;5.78135971352466;7.965784284662087
7.614709844115208;7.679480099505446;6.918863237274595;8.873444112515376;7.546894459887636;8.357552004618084;8.375039431346925;9.071462362556623;8.791162888555018;7.400879436282184;7.539158811108031;8.247927513443585;7.569855608330948;8.51175265376738;7.636624620543649;8.134426320220927;8.599912842187127;7.672425341971495;8.447083226209653;8.558420713268664;7.679480099505446;9.324180546618742;8.562242424221072;8.63662462054365;7.562242424221073;7.807354922057604;8.071462362556623;9.207014320177532;7.584962500721156;7.807354922057604;9.264442600226602;7.851749041416057;8.918863237274595;7.531381460516312;7.787902559391432;8.247927513443585;7.507794640198696;7.900866807980749;8.519636252843213;7.219168520462161;7.707359132080882;7.918863237274595;8.339850002884624;7.392317422778761;8.164906926675688;8.413627929024173;8.479780264029099;7.857980995127572;6.820178962415188;7.434628227636725;7.321928094887363;7.357552004618084;6.7414669864011465;8.422064766172813;7.2384047393250786;6.442943495848728;7.459431618637297;7.686500527183218;7.977279923499917;7.727920454563199;8.011227255423254;6.832890014164741;7.129283016944966;7.60733031374961;7.0;7.761551232444479;7.876516946564999;6.94251450533924;9.348728154231075;7.857980995127572;8.842350343413807;7.569855608330948;6.918863237274595;7.426264754702098;6.409390936137702;7.622051819456376;6.507794640198696;7.960001932068081;7.614709844115208;6.022367813028454;7.845490050944375;6.954196310386875;6.129283016944966;8.467605550082997;7.467605550082998;7.303780748177103;8.049848549450562;6.321928094887363;8.169925001442312;8.179909090014934;7.971543553950772;8.479780264029099;7.599912842187128;7.845490050944375;7.539158811108031;7.409390936137702;8.810571634741146;7.948367231584678;6.954196310386875;7.577428828035749;7.523561956057013;7.672425341971495;7.189824558880018;6.954196310386875
11.370687406807216;11.759888183221834;11.229419688230417;11.162391328756906;11.445014845868425;10.857980995127573;11.50382573799575;11.194756854422248;11.924070185585345;11.17804232886482;10.637530551525307;11.4797802640291;11.276124405274238;11.471167133724393;11.44759985827995;12.011576703176177;11.830911279742782;11.194141238863136;12.196909442541138;11.67815995754276;11.667998535672528;11.719816603018126;11.71896091198421;11.661778097771988;11.72749506902543;11.91513244895065;11.726643921483994;11.857592285697526;11.385323176175872;11.49735289347705;11.160501747555688;10.403012023574997;11.535275376620802;11.25502856981873;11.706927639617405;11.4797802640291;11.070120944476823;11.728770849542665;11.541096615349524;11.108524456778168;11.550746785383245;11.3297963382207;11.828929827651486;10.777255315191924;12.148794321424337;11.534789211480266;11.7047682393626;10.654636028527968;10.918863237274596;11.533329732305834;11.53818893205242;11.089450481115907;11.766942940755785;11.95310515059134;11.705200378063116;10.887220615468385;11.879966079664356;11.745254141957256;11.963979787815338;12.245255580306557;11.937005926516589;11.700006150882864;11.625708843064466;12.456867738380344;11.578372691360803;11.75446999527562;12.07815080773465;11.358101707440849;11.486332252768664;11.841171189248543;11.995767150877802;12.121209716409284;12.026523442519766;11.480285320936373;10.792790294301064;12.060695931687556;11.467096033905747;12.7425199716613;12.187352073200495;10.854089179870574;12.14974711950468;11.780949798749663;10.758223214726724;12.35947504884954;11.70433597118232;12.060020354507852;11.860699032611988;11.310612781659527;11.661778097771988;12.100333819126542;10.753216749178955;11.996473488733228;11.618844301766652;12.207014320177532;11.718104713121756;11.578844391558205;11.661332752795186;11.724087461793989;11.991876099003417;11.891024190149498;12.076815597050832;11.62296694479051;11.674192268145683;11.561287945164828
11.191676146352428;12.274669342073851;10.846273911349906;11.421538906848276;11.338179249900112;10.961449694398196;10.697836357962377;10.477758266443889;12.040974598817304;11.004220466318197;12.466076461396252;10.108524456778168;11.543031820255235;9.842350343413807;11.77066389291676;11.253847484987404;12.116343961237469;11.107217075591382;11.581671358578143;12.594091290260412;11.445014845868425;13.761862840863753;11.427312844134963;11.448116305409464;11.009128789539256;11.688687423222536;11.279030136449649;11.52258153125483;12.030322282644034;12.069114061773938;11.90275194485016;11.157978449945432;11.339850002884624;11.68255574108031;11.918117851031772;10.108524456778168;11.234817431117325;11.174301544467632;12.611485943240922;11.088125692188209;11.989394499844732;11.59898297103609;10.715961990255144;10.764042217306589;12.429929741353272;11.687375683437468;11.108524456778168;11.050528905530555;11.766114757586722;11.579315937580017;10.151016538892248;11.225809940623543;11.589182967039353;11.068778277985412;11.417852514885896;10.319672120946995;11.97405602262563;11.121533517340032;11.000704269011246;12.041659151637214;11.426264754702098;10.804937672051908;12.035486451292154;12.296055838078784;11.171802288682985;11.203959703239462;11.734709620225836;11.124767535822471;11.802516365121225;11.121533517340032;11.797256217509783;11.352043425795433;11.681677655209691;11.1705510353167;10.918863237274596;11.666667840690357;11.154818109052105;12.039261794341057;12.122180901259751;10.671541066711884;11.152284842306582;11.468114886378098;10.79685079526716;12.550746785383245;11.194141238863136;11.907266248531066;11.079484783826816;11.407798850221974;11.110483309816226;11.699572453287267;11.341518823245243;11.643856189774723;10.944712061043486;11.449148645375436;11.369597346278676;11.410451351503994;10.665335917185176;11.98584193700334;11.932952892194717;11.64430696154558;11.294620748891628;11.314583244274194;11.286557761607956;10.98655314975666
10.786269627648466;12.448374459662794;10.099347810403192;10.020979938904212;11.26502894245816;10.93737382019215;9.987264012072538;8.308339030139408;11.513234113806051;15.181540526922245;9.829722735086058;10.20945336562895;12.810973220002165;10.488844346457336;9.618385502258606;11.51224664282918;9.583082767502932;11.778898476008376;10.36194377373524;15.534424480081311;11.492854620174748;13.1226662486288;13.944803553261602;11.442425193331609;9.749869427396844;11.002111776479852;11.0;11.26209484537018;12.808763116450413;11.609640474436812;14.681348235173807;9.94397991434374;13.431367014075487;10.514714054138487;11.829722735086058;10.20945336562895;10.921097088106793;12.43306376512207;12.188279751964144;12.56961830344664;11.510269670898175;11.862249900851513;10.232420927176076;9.407267764244732;9.691743519171276;10.823367240046236;10.485829308701904;9.96289600533726;10.59898297103609;10.096715154488535;10.930737337562888;10.336506559810257;11.381002109550924;12.057653339963936;11.338179249900112;10.679480099505446;13.733545003757078;11.360847084179664;11.106562940444883;12.926851910929878;13.275251543470327;11.180530807344482;14.9049168114081;12.736824699098864;11.399811959325683;10.567005370247031;11.914385132155443;11.700873155140265;14.789126046425231;12.79685079526716;12.022367813028454;13.134426320220928;11.98049663618346;12.611255388699336;11.246146774635864;12.338179249900112;12.531868775177552;12.812377888766893;13.607792641919213;10.558420713268664;12.830911279742782;12.449922415863757;10.964340867792416;15.001012278628464;12.240195053979924;14.532599438672984;11.591522346570734;11.672867276433792;12.940497134458203;12.129605011152504;12.02997734658958;11.687375683437468;10.78953364497036;12.67087750439698;10.619302955415687;12.16679075071818;12.230921088137896;13.395534135462302;12.978889176361571;11.82137539237254;12.733015321685963;11.664447284547972;11.86573327085176;11.102631888854969
6.285402218862249;6.459431618637297;5.807354922057604;6.584962500721156;6.0;6.754887502163468;6.700439718141092;5.882643049361842;6.584962500721156;6.409390936137702;5.523561956057013;6.7414669864011465;6.129283016944966;5.672425341971495;5.700439718141092;5.954196310386875;6.20945336562895;5.807354922057604;6.569855608330948;6.7414669864011465;6.700439718141092;7.098032082960526;6.475733430966398;7.159871336778389;5.584962500721156;6.954196310386875;6.820178962415188;6.94251450533924;6.169925001442312;6.6865005271832185;7.562242424221073;5.20945336562895;6.523561956057013;5.584962500721156;5.954196310386875;6.7414669864011465;5.491853096329675;6.357552004618084;7.05528243550119;5.426264754702098;5.882643049361842;6.954196310386875;6.087462841250339;5.426264754702098;6.303780748177103;6.266786540694901;6.754887502163468;6.087462841250339;5.78135971352466;6.523561956057013;7.066089190457772;5.754887502163468;5.087462841250339;6.321928094887363;6.643856189774724;5.087462841250339;5.857980995127572;6.392317422778761;6.832890014164741;6.22881869049588;6.672425341971495;6.066089190457772;6.475733430966398;6.794415866350106;6.129283016944966;5.977279923499917;6.930737337562887;6.357552004618084;6.918863237274595;6.022367813028454;6.894817763307944;6.832890014164741;6.459431618637297;6.442943495848728;5.554588851677638;6.807354922057604;5.78135971352466;7.409390936137702;6.339850002884624;5.727920454563199;6.409390936137702;7.087462841250339;6.066089190457772;7.3750394313469245;6.303780748177103;5.832890014164741;6.459431618637297;5.977279923499917;6.189824558880018;6.442943495848728;6.189824558880018;6.714245517666122;6.266786540694901;6.954196310386875;5.459431618637297;6.189824558880018;7.159871336778389;6.266786540694901;5.977279923499917;6.392317422778761;6.459431618637297;6.022367813028454;5.857980995127572;6.266786540694901
12.79197682089869;13.03187347511986;12.52845411076479;11.870364719583405;13.00105627463478;12.762382038710392;12.8519441979995;12.598285174146604;13.027905996569883;11.413627929024171;12.319954310686944;11.95673914505908;12.95764621521841;12.684529482418489;13.235565522936463;12.646783691837792;13.57683859972457;12.682116764950074;13.073137383110383;13.223700075986306;13.516069333750496;13.380055148544896;13.257093144491057;13.247779202465209;12.891024190149498;12.987264012072538;12.979961015222829;13.632995197142955;13.029459787824964;13.04916787237217;13.399144384911438;13.234068951183083;13.07263508111231;13.244066464194818;12.878625729805355;11.95673914505908;12.468369487109523;13.330916878114618;13.118941072723509;12.650603022215307;12.467860240707878;12.83368074865474;13.175705475525929;12.41574176829009;13.76040809206774;12.924441392339196;13.758223214726724;12.220075970984304;12.94251450533924;13.031701202740305;13.047294352783004;12.866699382882029;12.976027040189834;12.848427334023928;13.168985440978698;12.173052457774116;13.205487820150566;12.627761852402616;12.887791791341588;13.143542654233215;12.777460812669784;12.742309436084;12.700439718141093;13.678930187152346;12.765286098723683;13.14449892583753;13.052398232071583;12.691743519171276;12.91606605089929;12.897089128312755;12.8957646000164;12.844901876019785;12.863411958941638;12.645208082774683;12.479022346995178;13.062889375245748;13.007903273382048;13.931845540183671;13.050698944430026;12.42783660345852;12.84725313832084;12.6476832678862;12.129605011152504;13.64745842645492;12.762382038710392;13.15876745463608;13.09391268366556;12.63026712502677;13.100333819126542;13.166163082646111;12.518898992777316;13.264589208126823;12.966325193888276;12.91904952367693;13.26839579355656;12.940864139049571;13.191676146352428;13.101975670949232;13.171645941347052;13.023754353299417;12.746724244025833;12.92184093707449;13.03083953214138;12.830317129810208
5.754887502163468;6.022367813028454;5.491853096329675;7.820178962415188;6.794415866350106;5.672425341971495;5.857980995127572;5.357552004618084;5.857980995127572;8.087462841250339;6.6865005271832185;7.584962500721156;5.247927513443585;6.714245517666122;6.022367813028454;7.636624620543649;6.727920454563199;5.643856189774724;6.845490050944375;6.087462841250339;6.554588851677638;6.108524456778169;6.442943495848728;5.459431618637297;7.554588851677638;5.169925001442312;5.087462841250339;6.108524456778169;6.087462841250339;5.491853096329675;6.727920454563199;5.523561956057013;7.139551352398794;5.523561956057013;6.475733430966398;7.584962500721156;5.129283016944966;5.700439718141092;4.523561956057013;4.643856189774724;5.491853096329675;5.426264754702098;6.266786540694901;6.0;5.807354922057604;5.700439718141092;5.857980995127572;4.523561956057013;6.044394119358453;6.108524456778169;5.930737337562887;5.857980995127572;5.285402218862249;6.845490050944375;5.906890595608519;4.906890595608519;5.357552004618084;4.857980995127572;7.087462841250339;7.05528243550119;5.426264754702098;5.954196310386875;5.459431618637297;5.169925001442312;5.643856189774724;5.807354922057604;5.321928094887363;5.727920454563199;6.129283016944966;6.857980995127572;4.700439718141092;5.20945336562895;4.954196310386875;4.857980995127572;4.754887502163468;5.426264754702098;5.129283016944966;6.3750394313469245;5.321928094887363;5.523561956057013;6.339850002884624;4.700439718141092;4.700439718141092;6.523561956057013;4.523561956057013;6.149747119504682;5.700439718141092;5.426264754702098;6.491853096329675;5.129283016944966;7.108524456778169;5.087462841250339;6.491853096329675;5.832890014164741;5.954196310386875;5.523561956057013;7.189824558880018;5.584962500721156;4.584962500721156;4.459431618637297;6.539158811108031;4.954196310386875;4.584962500721156;5.554588851677638
12.466586337719244;12.761135649828644;12.26795708440284;11.979782430703086;12.24555270625568;11.678600139099458;12.191059214531656;11.456354415108288;11.365775635326267;12.206098613995795;11.73259143596501;12.705200378063116;12.192292814470768;12.568668693380506;12.949461979360152;12.697402007502708;12.49160260669611;11.73047013718422;12.84979602224561;12.844901876019785;12.753007768945244;12.828731532683008;12.482051629033911;12.070791809423062;12.017852331905962;12.377481688182955;12.181773438808808;12.81257844413538;12.117643101389092;12.271463027904376;12.682336269711378;12.676177476832605;12.61194694181998;13.083645526864412;12.622509454683335;12.705200378063116;11.979425195331473;12.14974711950468;11.836444911341369;12.442943495848729;11.603626344986193;11.86534664481678;12.693704739225286;12.477252323937952;12.052907628313289;12.219168520462162;12.575775579874763;11.24852060493843;12.682336269711378;12.3701424794954;12.921655010785052;11.934059394900794;12.2836671674915;12.349281228817452;13.36098421597397;11.924070185585345;12.465821455643775;13.57553924683453;12.61677855400014;13.112602403528848;12.222191138456331;12.884170519108435;11.921469060531413;13.053756222562145;12.564625862795372;12.813380386924727;12.744833837499543;12.037890085142507;12.065079488999862;12.754887502163468;12.026869205263395;12.216442739160492;12.261213451366048;11.815383295813538;11.728345714710976;11.877667574067882;12.214622686302336;13.055282435501187;12.113742166049189;12.308339030139408;12.75676478940414;12.171802288682985;11.728770849542665;12.80634822671225;13.01524080333268;13.159871336778387;12.526010107061737;12.715533063526584;12.282509306240836;12.136670762341843;11.77561028075954;13.28828934218097;12.782998208920414;12.3063465536885;13.119103237062562;12.815783544128184;12.520864182988744;12.221889161471266;13.1728962458698;12.679480099505446;12.751753251439336;12.714674827308002;12.55026580686874;12.576248129843252
11.335948565202298;12.057314877782703;10.759888183221834;10.668884984266247;11.105253779700885;10.226412192788786;10.762382038710392;10.806549621985962;11.358101707440849;9.46352437327118;9.91737207947684;9.605479518061667;12.358925869154714;10.151016538892248;11.521600439723729;10.358651200892886;11.889503963411476;11.1767964781476;11.268542000300124;11.93147623388679;12.005273656563938;12.19598729802851;11.886077584873094;11.817383427897232;10.90613899619538;11.821773981970567;12.136350341454156;12.30063855399372;12.174301544467632;12.25915476886684;12.180219982170192;11.269126679149418;11.279610581052484;11.696967526234287;11.271463027904376;9.605479518061667;10.887220615468385;12.290018846932618;11.81257844413538;12.035830072835015;10.687375683437468;12.550506316170104;11.454813348512523;10.887220615468385;12.240195053979924;11.977995368612962;11.905763049602792;11.565578136784328;12.239896822445862;11.829722735086058;11.822969090453288;12.188897873242189;11.955286645524469;11.723660944409984;11.657765035265363;11.237807473723135;12.50308035175293;11.31628153174622;11.475226777742266;12.026523442519766;12.011576703176177;11.48733761520718;12.508042334429003;12.264442600226602;11.450180247164754;11.813380386924727;12.237209960755022;11.640696837570092;11.658657792126084;11.709514660706716;12.681458050210274;12.208234358339787;12.087131301540529;12.079818085212354;10.916625922211235;12.54399845013454;11.474212937193943;12.850772862313322;12.774787059601174;10.62844554013718;11.458919206967591;11.774375272802065;11.089450481115907;12.934980832653832;11.480790201095816;12.540370243743569;12.20945336562895;11.208234358339787;12.066761932386909;12.502831804066744;11.866506212226202;12.112439506781552;11.446566409066069;12.431758749166155;11.83605035505807;11.564625862795372;11.939946452458686;12.113416611485944;11.85642552862553;11.893680738390907;12.202736043250168;11.71037597120447;11.532842910961282;11.84901407369482
13.630722162103838;13.531990578127594;12.994883741970837;13.002287618401075;13.245998280472708;12.740624044489412;13.137631598235428;14.042941813347127;14.153552031708111;12.226713224618962;13.209301046034142;13.228518097716194;13.529674561764642;13.822072851917614;13.719816603018126;13.666667840690357;13.723660944409984;13.296916206879288;13.297919322418709;13.779001111446892;14.259596162488425;13.483941705343671;13.865539970785695;13.447470717605748;12.928148216169037;13.72451385311995;13.496853777388042;14.497290513408252;13.326991174900815;13.108197722535827;14.395801871389748;13.86060204797003;13.130087867755735;13.574357000565888;13.654076562495094;13.228518097716194;12.643856189774723;14.47604999890063;13.959005752031024;13.83456980721744;12.691743519171276;14.307129640503009;13.60408986146918;13.108197722535827;13.51668494930961;13.585901449690772;13.867568330900134;13.181773438808808;12.726218159332198;13.46773290101576;13.872001465442509;13.9435221339049;13.62159403901754;14.223624666580813;13.580611894994322;13.296055838078784;14.177497401553005;13.169142076887963;13.980764372110905;14.140749902804927;14.059513463933724;13.705632387361415;14.236761663571585;14.221133942357078;13.036860446673046;14.508413796055969;13.943155804939336;13.80019212646908;13.37232095486726;14.03333696038395;14.33049677763869;14.298349015658186;13.618844301766652;13.918490592292311;13.071629952153245;14.436125913941272;13.536611486625777;15.192408410403756;14.259007607644609;12.357277074642807;14.016460104979208;13.884742903579696;12.894628321374654;14.581730194859666;13.233170262382703;14.430975172588068;14.236911111444602;12.219471067394355;14.007377733321269;14.35024859944484;12.885315061049376;14.055790814565905;13.624567018674917;14.583905452164242;13.899640146764789;13.866699382882029;14.092344222676417;14.226562716555511;13.834767301405412;13.7820767842453;14.47351550830037;13.86785786397283;13.721206019396329;13.483437927061503
11.725792271494155;12.161446847518008;11.389093521904474;11.36796070964157;11.647008638441648;10.360847084179664;10.61286849729104;12.015066533230293;12.194449079479025;9.501837184902296;10.347621368568134;11.086799685623452;12.688687423222536;11.363039630256514;12.136350341454156;11.49235394515987;12.025831668332026;11.405141463136344;12.0515488384404;11.96650545190574;11.756973226165448;11.4757334309664;12.141149198437516;11.263856019596082;11.722380635163802;12.34623669139025;12.48683502156305;12.44449728710381;10.932952892194717;11.4578938373147;12.406205005418856;12.480032814583948;11.4231159101471;12.325867580575418;11.706496018061188;11.086799685623452;10.821773981970567;12.069449767427784;12.158294103604035;11.4578938373147;11.382083590141969;12.242280950302444;11.78953364497036;11.81977993183848;11.753216749178955;11.934428040626804;11.86611979330307;11.569380959522295;11.563196272216738;12.199365616857982;12.339850002884624;12.358925869154714;12.374767814092824;11.2246046815385;12.179909090014934;11.620219825507489;12.47015043527436;12.6965329140783;11.20212382383046;12.529918528120325;11.565578136784328;11.260919533662904;11.507794640198696;12.795227966028678;12.326429487122304;12.167731741103244;12.19383333254655;11.771902080697716;12.14338321398982;12.089450481115907;12.391780606013166;11.866506212226202;12.083146870816742;11.36139553316589;11.698704666770343;12.317129926384542;11.897845456005513;12.56652978262417;12.382624026574916;11.47269083924278;11.721099188707186;11.791569912126878;11.756556322524087;11.938844457466171;12.613329054371054;12.03342300153745;12.177419537989236;12.148476582178278;12.018200178813226;12.151650829973422;12.292033985499543;12.34179677239183;11.975847968006784;12.151333719291657;12.415213598765286;11.8649599151426;12.34485068394299;12.07347215397646;12.89633240390994;12.339293300180094;11.919235786028349;12.065416134676548;12.288000889707574;11.736824699098864
9.025139562278508;8.76487159073609;8.409390936137703;9.157346935362844;8.714245517666123;9.513727595952435;8.839203788096944;8.60733031374961;10.336506559810257;7.011227255423254;8.523561956057012;7.285402218862249;9.605479518061667;9.364134655008051;9.044394119358454;8.076815597050832;10.17617314910749;8.710806433699352;7.965784284662087;10.7279204545632;9.791162888555018;10.360847084179664;10.13827180017222;9.537218400538595;9.002815015607053;10.411510988012072;9.828136484194108;10.027905996569883;9.493855449240822;9.4757334309664;10.710806433699352;8.357552004618084;8.72451385311995;9.092757140919852;8.700439718141093;7.285402218862249;7.60733031374961;9.774787059601174;10.602698865017963;9.264442600226602;8.59618975614441;10.969386521342283;9.535275376620802;8.238404739325079;10.556506054671928;9.321928094887362;10.105908508571158;10.083479327331842;9.623881490013458;9.372865060112588;10.17367713630342;10.335390354693924;8.643856189774725;8.954196310386875;8.577428828035748;8.375039431346925;9.567956075415466;8.566054038171092;9.224001674198105;8.696967526234287;8.804131021183318;8.243173983472952;9.813781191217036;9.324180546618742;7.954196310386875;9.187352073200495;9.426264754702098;8.330916878114618;9.94104760634058;8.954196310386875;10.181152256865566;9.442943495848729;9.214319120800766;8.945443836377912;8.238404739325079;9.992938336165814;8.262094845370179;10.527477006060396;9.674192268145683;8.03342300153745;9.047123912114026;9.22881869049588;7.882643049361842;9.89178370321831;9.157346935362844;8.569855608330947;9.501837184902296;7.584962500721156;10.531381460516313;9.992938336165814;9.74819284958946;9.411510988012072;8.876516946565;9.507794640198696;9.174925682500678;8.335390354693924;9.927777962082342;8.668884984266247;9.257387842692651;9.240791332161956;9.038918989292302;9.113742166049189;8.870364719583405;9.095397022792556
11.544481522310791;11.337621901992508;10.76487159073609;9.092757140919852;11.35149140932002;10.44604940671655;11.895953892812168;9.436711542137214;12.668884984266247;9.541096615349524;10.93737382019215;10.972979786066292;12.945809584900822;11.036173612553483;11.465056167831175;11.271463027904376;9.459431618637296;12.352043425795433;12.239300174364203;11.410451351503994;13.622738217871143;11.4189067312579;11.50084187955693;12.843921051289035;10.977279923499916;11.815783544128184;12.98655314975666;13.091270081821463;11.495355392235982;12.078484417411447;12.689124404913258;10.93147623388679;11.547858506058416;10.754052367528924;12.010528105886484;10.972979786066292;11.38855550398256;12.78892220396062;12.782179193831208;12.0566377151132;12.537946360376203;13.415081526165672;11.529918528120325;10.116343961237469;11.273795599214264;12.624110035762987;12.148158772937894;11.141468555393084;10.827342704234116;12.175237650291036;12.038918989292302;12.280480810318371;10.843921051289035;12.945626722229823;12.101975670949232;10.380461065088973;12.584257887744569;10.699572453287267;12.521845775161932;11.37937836707126;12.057653339963936;11.823367240046236;10.71681946132995;12.910830081296574;11.702172685365548;11.546412195119352;12.841760886800548;12.813981551614678;12.45532722030456;10.122827994807666;13.483563888125094;12.891403996665025;12.720458038393296;12.370414968879698;10.754887502163468;13.99267285018913;11.708221730038352;14.405606859360857;13.689561254285524;10.048486873992337;12.39794197197264;12.610332801911134;11.524051918717824;12.709299252712157;11.467096033905747;10.30149619498255;13.112439506781552;10.23840473932508;12.630494661505578;14.103943429891558;11.160501747555688;12.2603315185576;11.608254821977908;13.505811553919594;10.471675214392045;11.338736382573916;12.464800981655417;12.022020969646356;12.011576703176177;12.334831928118;11.927777962082342;11.752380646552892;11.576484346796851;11.35974956032233
4.857980995127572;4.459431618637297;4.584962500721156;3.169925001442312;6.507794640198696;5.129283016944966;4.906890595608519;3.321928094887362;6.426264754702098;4.321928094887363;4.087462841250339;6.442943495848728;6.149747119504682;5.321928094887363;4.392317422778761;3.700439718141092;3.321928094887362;5.584962500721156;5.554588851677638;4.807354922057604;6.266786540694901;4.169925001442312;5.832890014164741;5.247927513443585;4.584962500721156;3.807354922057604;5.700439718141092;4.807354922057604;5.584962500721156;6.523561956057013;5.169925001442312;4.392317422778761;4.754887502163468;4.954196310386875;4.807354922057604;6.442943495848728;5.523561956057013;5.285402218862249;4.584962500721156;5.044394119358453;5.129283016944966;6.339850002884624;4.169925001442312;3.906890595608519;4.392317422778761;5.727920454563199;4.954196310386875;3.584962500721156;5.523561956057013;6.339850002884624;4.700439718141092;6.066089190457772;5.78135971352466;7.05528243550119;6.507794640198696;4.087462841250339;6.247927513443585;6.087462841250339;6.169925001442312;5.584962500721156;6.22881869049588;6.658211482751795;6.6865005271832185;6.426264754702098;7.0;6.9886846867721655;7.562242424221073;7.149747119504682;5.169925001442312;6.882643049361842;6.392317422778761;6.392317422778761;6.459431618637297;5.700439718141092;6.714245517666122;5.882643049361842;8.303780748177102;6.727920454563199;6.7414669864011465;5.832890014164741;5.087462841250339;5.882643049361842;6.977279923499917;6.087462841250339;6.727920454563199;4.807354922057604;6.768184324776926;7.366322214245816;6.523561956057013;8.149747119504681;5.285402218862249;6.392317422778761;7.149747119504682;6.475733430966398;6.189824558880018;6.426264754702098;4.584962500721156;6.392317422778761;6.599912842187128;5.426264754702098;5.754887502163468;6.554588851677638;5.78135971352466;5.554588851677638
11.580729651598958;11.657765035265363;11.03960451795376;10.00562454919388;11.579787329526992;10.693486957499324;11.048486873992337;11.175549550636193;11.194756854422248;8.988684686772165;10.827342704234116;10.004220466318197;12.708006128896072;10.891024190149498;11.94982671075911;10.13699111208023;11.228217442293436;11.189206834597025;10.333155350310616;12.318542809702723;12.421801860469872;11.625708843064466;11.52258153125483;11.640244936222343;10.236014191900084;11.3157156580222;11.562242424221072;11.77313920671969;11.326991174900815;11.59245703726808;12.0566377151132;11.714674827308002;10.4241662888181;11.649705265471413;11.657765035265363;10.004220466318197;10.467605550082997;12.665113810335244;11.88340698638837;12.035486451292154;10.669770888525518;12.734074491428045;11.622051819456376;11.147840893672337;12.26238852375102;11.33427328530719;12.27350423396216;11.465056167831175;11.356451970221755;11.88378880325996;12.345959596404112;12.33706433868474;11.57601187420678;11.929998062609029;11.965423565810127;11.520127550324853;12.705200378063116;11.419960177847887;11.94251450533924;11.786269627648466;11.4241662888181;11.86611979330307;12.185804615108458;12.350110443347928;11.825356341479337;12.487840033823051;12.466076461396252;11.818981539432444;11.857980995127573;11.401946123976536;12.855647166027266;12.254142846855748;12.285113188501493;12.274378153246364;11.473705749619416;13.00615072817031;11.929998062609029;13.907266248531066;12.754052367528924;11.192909219112012;11.61286849729104;11.85369942030022;11.6142497276894;12.71639078949768;11.476239906323851;11.939211882666395;12.580729651598958;11.632086412835182;11.894817763307945;12.85836959985474;11.494355603532846;12.08381170725288;11.850577547205614;12.913450441458098;12.285691191330091;11.880731435141664;12.031356596255709;11.79685079526716;12.097044499322951;12.270587340447513;11.686938171670388;11.856036399819155;12.13249972962851;11.71853287606922
12.074141462752506;12.273795599214264;11.631631805917635;10.663558104217271;11.98903963696239;10.019590728357882;11.9683067944308;13.08696550311009;12.25915476886684;9.831307243802051;11.752798758435516;10.762382038710392;13.18239435340453;11.261507309202056;12.316847183602473;10.668884984266247;11.333155350310616;12.383704292474052;11.51668494930961;12.302924464617952;12.69152544116604;12.248224089668474;12.027214885159834;12.21006248324023;10.677719641641009;12.461479447286155;12.619532227572051;12.559377090526684;11.937005926516589;12.011926066306808;11.200898605038445;11.281350514981035;11.08746284125034;12.227014193649133;12.360572781480696;10.762382038710392;10.850186837645774;13.086799685623452;12.24436383512051;12.644757592516257;11.8649599151426;12.866699382882029;11.965784284662089;11.671983272091865;12.424691191512954;11.735132884139947;12.40274562249569;11.881113960675096;12.013671614058635;12.07648160120702;13.157820597213629;12.353422543614716;11.207624468226758;11.90839262077375;12.745044005034464;11.5980525001616;12.712741927075736;11.755722153642282;12.328113894833656;11.964340867792416;12.084144010615145;12.350662988372257;11.451211111832327;12.718746909901064;12.764042217306589;12.572463389083676;12.91513244895065;12.358651200892886;12.130570562805426;11.855647166027266;12.553629293916364;12.419170165028538;12.369597346278676;12.226111098132389;12.197523878257789;12.894817763307945;12.30862344513114;13.984062369686436;12.617926556798752;11.9683067944308;12.1526017440192;12.954196310386877;12.39419471001943;12.72940831698402;12.271171191139771;11.654636028527968;12.550025257465784;12.37775279502222;12.226412192788786;12.856036399819155;13.283522485644026;12.475480126595476;12.201205007299528;12.934796592178404;12.24703741878858;12.43306376512207;12.26473580113014;11.510764167917891;12.56057167123656;12.544964432789238;11.97692206785108;12.086136225027309;12.329516067206534;12.014020470314934
11.41732511767992;9.878050912728536;10.29920801838728;10.158609688214478;10.505811553919594;10.808159772868375;9.94397991434374;10.625708843064466;11.308339030139408;10.086136225027309;10.63026712502677;10.147204924942228;11.536247215688128;10.428360172704291;11.874597192401634;10.219168520462162;11.333155350310616;11.346513733165636;10.589651146514786;11.72451385311995;12.672204323964031;12.045759661382682;11.597121428789569;11.059344460824423;9.971543553950772;10.304921669581672;10.699572453287267;12.383974232607851;11.00842862207058;11.154185209265297;12.736824699098864;11.834866038362016;11.382083590141969;9.586839787961829;11.098690096673591;10.147204924942228;10.809768128710411;11.10459875356437;11.140829770773;10.832098846039134;10.696967526234287;12.055621374781708;11.676397887044764;10.496853777388042;10.434628227636724;11.405673332281866;12.135067945777816;10.506803437795648;10.851749041416058;10.490850876740298;12.368506461507693;10.828136484194108;10.224001674198105;11.014717929860009;11.175549550636193;8.912889336229961;11.533816389433364;9.573647187493322;11.105908508571158;10.62935662007961;10.124121311829189;10.092757140919852;11.296916206879288;10.696098170955864;10.904634621668151;10.26795708440284;11.92481250360578;10.31174831500496;11.970465440779996;11.11178773580101;11.824958740528524;10.668884984266247;11.332036548361652;11.558420713268664;10.237209960755022;10.421012855779226;11.27262978497637;12.003166506665169;11.360298426618046;10.857980995127573;10.51668494930961;10.71681946132995;10.547858506058416;10.910642730469624;10.20212382383046;11.023754353299417;11.386940245324311;10.752380646552892;11.243769031961852;11.728345714710976;10.367414751246828;11.369597346278676;10.589651146514786;11.235415935602528;11.339850002884624;9.893301530860564;12.467605550082997;10.898601387403938;11.159871336778387;10.820178962415188;10.421012855779226;10.756556322524087;10.90613899619538;10.505811553919594
10.99929538702341;11.004922678569043;10.62296694479051;10.567005370247031;10.98299357469431;10.339850002884624;10.482807956726669;11.526988205432009;11.011926066306808;8.475733430966399;9.80896417491926;9.654636028527968;12.582141981658776;10.509775004326936;11.521600439723729;10.055282435501187;11.130570562805426;10.94397991434374;10.406205005418856;11.942147920394849;11.73640193131829;11.518161355756956;11.606867837374152;11.323054760341646;10.286557761607956;11.285402218862249;11.526499239136566;11.58261245126702;11.049848549450562;10.853309555403674;12.089450481115907;11.557463701597824;10.567956075415466;11.172427508645482;11.187352073200495;9.654636028527968;10.178664851006472;11.977637690405876;11.400345796534694;11.618385502258606;10.459431618637296;12.39687231851056;11.352595231134304;10.894059846274022;11.898979204622512;11.080817527608328;11.866506212226202;11.179909090014934;11.213711798105672;11.436190995481416;12.33147682185962;12.077149515589731;11.145295334933598;11.09077405464075;11.461479447286155;11.165535141377925;12.107870914279614;11.769011321097016;11.00982861736811;11.197216693110052;10.79766152585376;10.975847968006784;11.478769619475765;11.562242424221072;10.839203788096944;11.85681455250301;11.535761377986656;10.758223214726724;11.602234901341063;11.391243589427445;12.269126679149418;11.555547771647063;11.7515440590891;11.49735289347705;10.77561028075954;12.103615656394544;11.094737505048093;12.536732889835417;12.201511344500146;10.251482410620213;10.817783121774534;11.464035152189911;10.709083812550343;12.047123912114026;11.705200378063116;11.464035152189911;11.93110683302934;10.702172685365548;11.664447284547972;11.998237821888049;11.4983506079296;11.70433597118232;11.171176797651771;11.863024710236886;12.274378153246364;11.163020639580791;11.92035285541508;10.972261848733291;11.871905237659186;11.94104760634058;11.065416134676548;11.604553229079038;11.76983784362944;11.25502856981873
9.78953364497036;10.181152256865566;9.457380879072534;8.29920801838728;9.885696373339394;9.03342300153745;9.60177078840771;9.876516946565;10.198445041452365;7.05528243550119;8.507794640198696;8.271463027904375;11.54978466794786;9.204571144249204;10.562242424221072;8.59245703726808;9.278449458220482;10.064742764750257;9.221587121264806;10.703038388986418;11.223398414711628;10.274960472140602;10.192292814470768;10.594324603924848;8.867278739709661;10.246740598493144;10.62935662007961;10.419960177847887;10.0;10.055282435501187;10.600842114387302;10.44190670454224;8.994353436858859;10.294620748891628;10.12670447284319;8.271463027904375;9.4797802640291;11.413098984915264;10.659995892429976;11.002815015607052;9.51175265376738;11.49735289347705;10.294620748891628;9.57553924683453;10.814582465906277;9.98584193700334;10.932214751968385;10.38586240064146;10.25502856981873;10.281930026955443;11.26502894245816;11.1357092861044;10.30149619498255;10.030667136246942;10.545929769085468;10.048486873992337;11.491853096329674;10.580258567499788;9.7431513941125;10.347621368568134;10.199672344836364;9.9901039638575;10.76487159073609;10.987264012072538;10.407267764244732;10.818582177480858;11.032734528586714;10.30149619498255;10.095397022792556;9.99717948093762;11.586839787961829;11.086136225027309;11.076815597050832;11.098690096673591;10.236014191900084;11.552669097514272;10.576484346796851;12.342630298678408;11.561765263627708;9.579315937580017;9.7279204545632;10.84313591111135;10.22881869049588;11.697402007502708;10.63390340934852;10.344295907915816;11.189824558880018;10.207014320177532;10.817783121774534;11.71681946132995;9.94251450533924;10.812979471251484;10.167418145831736;11.33427328530719;11.043710863347156;10.383704292474052;10.203348002979762;10.350939181546432;11.00982861736811;11.052568050804153;10.099347810403192;10.615629636968098;10.89026427702111;10.368506461507693
9.216745858195306;9.698704666770343;7.994353436858858;6.78135971352466;8.39231742277876;8.622051819456376;8.005624549193879;5.754887502163468;9.326429487122304;7.159871336778389;8.113742166049189;8.055282435501189;9.481799431665753;6.930737337562887;8.422064766172813;9.89026427702111;7.523561956057013;9.370687406807216;9.818582177480858;7.546894459887636;9.257387842692651;9.428360172704291;9.41574176829009;11.154818109052105;9.252665432450248;10.250298417906333;11.042343379793692;9.405141463136344;10.381542951184583;10.521600439723729;11.194141238863136;8.951284714966972;8.622051819456376;9.330916878114618;8.353146825498083;8.055282435501189;7.857980995127572;10.088788238716909;10.0;11.018200178813226;9.649256177517314;10.237209960755022;8.523561956057012;6.94251450533924;8.569855608330947;9.43254190038826;9.337621901992508;8.625708843064466;8.873444112515376;9.915879378835774;8.348728154231077;9.45532722030456;9.823367240046236;9.83605035505807;9.4797802640291;9.105908508571158;10.605479518061667;10.266786540694902;9.868822554775;10.642051692927977;10.365228849251544;9.733015321685963;10.974414589805528;9.874981347653774;9.541096615349524;10.31741261376487;9.90388184573618;9.923327485419192;10.417852514885896;9.871905237659186;11.003517912108602;10.395534135462302;9.7431513941125;9.13699111208023;10.279610581052484;10.62113611327464;9.98584193700334;10.227615943414223;11.125413470483316;9.426264754702098;9.843921051289035;9.50382573799575;9.092757140919852;11.807354922057604;10.948367231584678;11.047805554007589;9.712527000439824;10.30149619498255;10.436711542137214;10.679480099505446;7.20945336562895;10.113742166049189;9.179909090014934;9.885696373339394;9.682994583681683;9.30149619498255;10.422064766172811;11.070791809423062;10.54399845013454;10.308339030139408;11.216745858195306;10.011227255423254;9.252665432450248;9.177419537989236
10.059344460824423;10.498849206531723;9.523561956057012;8.957102041562287;10.458406613236534;9.837627933171404;10.011227255423254;10.907641803665529;10.28886607416582;7.693486957499325;9.805743872151618;8.682994583681683;11.128638812852598;10.330916878114618;10.688250309133178;9.147204924942228;10.823367240046236;10.27029532647204;9.390168956200185;10.302638923787551;10.047123912114026;10.894817763307945;10.388017285345136;10.230020435705637;9.599912842187129;10.64565843240871;10.207014320177532;10.71338651493703;10.5401280385821;10.623881490013458;10.807354922057604;10.474719946526482;10.03342300153745;10.00982861736811;10.144658242831882;8.682994583681683;9.684748620421626;10.854868383260236;10.61194694181998;10.45532722030456;9.829722735086058;10.57553924683453;10.0566377151132;9.69522829149575;10.224001674198105;10.27262978497637;10.810571634741146;10.075479149488016;10.566054038171092;10.26209484537018;10.581200581924955;10.791162888555018;10.24555270625568;10.095397022792556;10.246740598493144;9.722807531169549;10.58777751632821;10.706496018061188;10.139551352398794;10.77313920671969;10.181152256865566;10.221587121264806;10.456354415108288;10.625708843064466;10.332036548361652;10.25502856981873;10.467605550082997;9.971543553950772;10.955649907528374;10.336506559810257;10.690871009292314;10.349834091457248;10.41574176829009;10.278449458220482;9.945443836377912;10.445014845868425;10.001408194392807;10.97513145692134;10.66266837551754;10.044394119358454;10.266786540694902;10.43879185257826;10.019590728357882;11.687375683437468;10.443979542601252;10.591522346570734;10.372865060112588;10.573647187493322;10.422064766172811;10.555547771647063;10.558420713268664;10.812177305514448;9.91288933622996;10.471675214392045;10.632995197142955;10.038918989292302;10.965062756744627;10.452241240430816;10.709945380232496;10.558420713268664;10.407267764244732;10.480790201095816;10.068778277985412;10.357552004618084
12.14561377551339;11.634357301137976;11.549303368513575;10.90839262077375;11.23421867823847;10.249113452713727;11.397674632948268;12.047123912114026;10.54882190845875;10.414685235807214;9.269126679149418;12.889694079382084;10.81698362325538;13.199825684374256;14.920538949583786;12.401679525982452;9.413627929024171;13.27131711690138;13.1526017440192;10.961449694398196;14.484256477461274;13.21006248324023;12.182704710518964;13.45930353278105;11.63254087654689;11.631631805917635;12.761343456100647;12.893111889711308;14.601016286307376;13.732379446391358;12.595024318613635;11.188588845707349;11.887220615468385;12.173989374166537;11.183635381473218;12.889694079382084;12.244661144764198;13.478390445166983;12.281350514981035;14.23758343535932;11.937005926516589;12.874020767658976;11.952741247186488;11.620219825507489;9.59618975614441;12.75258971764099;13.284968651604022;11.20212382383046;13.661221395067455;12.002111776479852;12.296055838078784;12.58894882031468;11.50928016808786;12.15386865522324;12.061371192659813;10.39231742277876;12.971184272404678;12.224001674198105;12.91214085629572;14.097456074666194;13.00105627463478;14.44740614293345;15.162863337608126;13.364955378481907;10.952741247186488;11.627989784315703;13.196294745028265;11.723234300893376;12.114067647165264;12.495355392235982;13.09819661452721;13.791162888555018;11.91737207947684;13.934796592178404;11.593857938858225;12.862637357558794;13.205793249397155;14.238330094645674;12.97172316117676;11.959639764364184;13.466586337719244;12.703038388986418;11.92740761294903;15.508289986140348;13.156241119235752;13.65530710151048;12.524296837662623;11.42940674151398;12.513974273740658;14.3292357417338;12.782793498733351;13.234817431117325;12.450180247164754;14.147681927770476;11.49735289347705;12.3009244909763;12.526988205432009;14.176251079967246;12.625708843064466;12.186733289128869;12.552188759557149;12.162391328756906;11.575066464578656;12.023407843140218
13.024273962540002;13.017678376996376;12.84097456982188;13.541096615349524;13.272192361644638;12.2600374211066;13.526743742999686;12.279900715802762;13.183945471757246;13.291602406982822;13.032906677628253;13.84185914629596;12.141149198437516;13.428883552010191;13.070624122430266;13.850577547205614;13.516438734607949;12.78053976747196;14.006063045000085;13.315857147262829;12.926295994781112;13.027214885159834;13.20074537950159;12.81317994301459;13.822869535883957;13.13249972962851;12.767563766286798;13.708006128896072;13.015066533230293;12.89954574499535;13.371504412043336;12.653740778706569;13.974145672775784;13.067602418889496;13.276706019892432;13.84185914629596;12.531381460516313;12.954196310386877;12.97405602262563;11.795227966028678;12.8519441979995;12.649480738968602;13.445532219028312;12.858758099935422;12.871327736134008;13.005098178239706;13.673529924401144;11.912515144802397;12.946540803893104;12.888553007579214;12.443720600656578;11.99717948093762;12.711021616791836;13.329936453312436;12.740834826145262;11.743572188935634;12.789126046425231;12.709730036543627;13.057484118798897;12.815983626652724;12.423903765836592;12.649256177517314;12.205487820150566;13.567837271525178;12.851749041416058;13.270003253378444;12.90482275429421;12.269711121142782;13.215229625747924;12.908580264012734;12.34318571544788;12.644081593265676;12.49210354247923;12.103615656394544;11.792790294301064;12.30206767252652;12.365775635326267;13.217957697864112;12.57483001533763;12.33511116842486;12.99205319285264;12.19506456372082;11.817383427897232;13.042172353174928;12.351215321855609;13.13362388678298;12.855647166027266;11.911017407796985;13.133463346523438;12.541580659991167;12.77869318322384;12.965062756744627;13.310896748797711;12.675736555361906;13.051038962117408;13.054434738760843;13.462502272597265;12.87536540064177;12.80916520537188;12.709945380232496;12.809366207816078;12.579551652806565;12.84097456982188;12.86360554432145
14.242653114638545;14.392049039364183;13.871616515792864;14.282002449587464;14.261874547346048;13.743572188935634;14.278594649690527;13.60848585649532;14.67402671071516;14.099676554859643;14.510022358813766;14.923652463788937;13.987796929042542;14.947728244875114;14.88936135999057;14.2391509737807;14.299637328029158;14.06373212019692;14.905528033224067;14.51686958276432;13.73946419458592;13.781052288362956;14.209529519396073;14.253330456169058;15.16298131569552;14.418182040261554;13.952195219914133;14.70033133854138;14.818032874227487;14.24146185066756;14.315857147262829;14.123232280936383;14.986686463123949;14.190904940346524;14.450824623896574;14.923652463788937;13.809567182259656;13.556984957594462;13.944895039677872;13.817883027944088;14.579492727610369;13.849502841203268;14.065752701816972;14.101811569824005;13.191830338095308;14.403078616159233;14.756712675508098;13.42705089315088;14.545205827425605;14.100744457287425;13.940313597145968;14.02410078025291;13.925461718703762;13.756556322524087;14.860892982338823;12.947454306767218;14.092096414990792;14.751020945467612;14.331756712255473;14.740096955578911;14.206251272060689;14.29368717482627;13.939579214314692;14.656480728639783;14.521661777494655;14.07363951028323;14.593274395169932;13.833384274007493;14.679480099505446;14.074810461160451;13.608832338914842;13.442295588602516;13.898412441684211;13.25989034989582;13.86524997211658;13.402479172214964;13.681458050210274;14.566291930007871;13.896616222076874;14.603742238069026;14.249113452713727;14.49160260669611;13.73735298466663;14.9734283155401;14.365297208845051;14.505935576704188;13.9734283155401;14.961901822341002;14.491226790680209;13.753321227945042;15.026091122525854;14.873492175915208;14.104189211153557;13.90820495312589;14.268030211860133;14.344712009935012;14.360229829749484;14.18665592245552;14.30185339497469;14.226261653315504;14.355351096424812;13.934335888026032;13.733015321685963;13.964521373897238
12.648132845652658;12.891403996665025;12.386670859637618;11.839203788096944;12.549544038301589;12.069114061773938;12.561765263627708;12.178353623512892;12.597121428789569;10.84313591111135;12.060358182642142;10.950555897047511;13.056468374771333;12.353698209048035;12.8342735152347;11.94800213097767;13.388017285345136;12.357002092264985;12.243769031961852;13.215532999745657;12.82456102997028;13.24436383512051;13.20181761666792;12.656201380194553;11.852529509404196;13.08115052127187;12.609409624761804;13.396470993910386;12.599912842187129;12.608023750456493;13.719281855600723;13.159556028058768;12.53430288245463;12.841957399099549;12.988862172783447;10.950555897047511;11.95383268214528;12.997003015272806;12.913637428049103;12.59735425297161;12.261507309202056;12.943247395901553;12.730894646541673;12.207014320177532;13.609294186070732;12.60177078840771;13.036688768795663;12.34179677239183;12.639792893279312;12.831307243802051;13.0534168447575;12.774581180893598;12.67529549909406;12.5898851792902;13.111461739857722;12.325305455089682;13.209301046034142;12.973697366305352;12.78729042655958;13.136029849385553;12.479022346995178;12.79644525906185;12.7255792804196;13.510022358813766;12.529186505250893;13.028596777067108;13.102303817212649;12.28164030006605;12.853114583440288;12.78729042655958;12.80755617685892;12.721312842175312;12.840581250560753;12.562003863651553;11.949461979360152;12.913263430628762;12.255618749839597;13.757181632816716;12.97924654446865;12.157346935362844;12.7901448269498;12.726218159332198;11.93258386928929;13.469260236005406;12.88760142450871;13.222493052246469;12.8649599151426;12.491352073563435;12.80473605161403;13.076147528022505;12.565816107100892;13.308339030139408;12.855647166027266;12.972620862058744;13.298778580955656;13.007027266893967;12.41732511767992;12.800090987624994;13.3445733225962;13.16333519208196;12.8107724413447;12.871135184243045;13.169768450518076;12.689997971419446
10.221587121264806;10.253847484987404;10.080817527608328;9.36194377373524;10.205793249397155;9.729620743553038;10.264442600226602;10.243173983472952;9.710806433699352;8.761551232444479;9.89026427702111;9.1006623390052;9.918863237274596;9.794415866350104;9.992938336165814;10.203348002979762;10.77313920671969;9.622051819456376;10.471675214392045;10.925554439873554;10.450180247164754;9.77313920671969;10.105908508571158;10.164906926675688;9.871905237659186;9.67065624911844;10.070120944476823;10.741466986401146;10.096715154488535;10.52061868055628;10.79603960882977;10.044394119358454;10.11504365016171;10.384783750093352;10.333155350310616;9.1006623390052;9.634811050171718;10.183635381473218;10.247927513443583;10.111135670234708;9.426264754702098;9.517669388133813;10.508785162064513;9.643856189774723;10.35974956032233;10.187352073200495;10.874212934830874;9.4241662888181;10.0566377151132;10.208234358339787;10.278449458220482;9.69522829149575;10.047123912114026;9.766528908598865;10.358651200892886;9.330916878114618;10.55170826162069;10.231221180711186;9.847057346091336;11.62844554013718;10.12670447284319;9.850186837645774;10.73893668167614;10.886458695703706;9.878050912728536;10.230020435705637;11.098032082960527;9.946906274456396;10.074141462752506;10.103287808412022;10.044394119358454;9.92035285541508;10.107217075591382;9.513727595952435;9.78135971352466;9.9901039638575;10.051208940914766;11.025139562278508;10.365228849251544;10.449148645375436;10.58777751632821;9.552669097514272;9.43254190038826;11.3437409184722;10.382624026574916;10.847057346091336;9.99717948093762;10.129283016944967;10.17617314910749;10.224001674198105;10.0;10.55170826162069;10.221587121264806;9.86573327085176;10.411510988012072;10.537218400538595;10.273795599214264;10.481799431665753;10.449148645375436;10.358651200892886;10.37937836707126;10.46352437327118;10.430452551665532;10.296916206879288
10.673309075561695;10.940313597145968;10.363039630256514;9.756556322524087;10.371776644337924;9.86418614465428;10.490850876740298;10.905387005018133;10.658211482751796;9.324180546618742;9.469641817239516;9.002815015607053;12.7714894695006;10.409390936137704;11.289442575688332;9.658211482751796;11.395534135462302;11.052568050804153;9.620219825507489;10.565102078360312;11.633449374713493;11.044394119358454;11.3009244909763;10.808159772868375;9.422064766172811;11.305491792110685;11.22881869049588;11.732167425663384;10.870364719583405;10.750706986224948;11.68255574108031;11.686938171670388;9.768184324776929;11.198445041452365;10.369597346278676;9.002815015607053;9.876516946565;11.569380959522295;11.076147528022505;11.91214085629572;10.198445041452365;11.987974524296153;10.852529509404196;10.265615046484458;10.569855608330949;10.611024797307351;11.21006248324023;11.163020639580791;10.829722735086058;10.989394499844732;12.041316915829444;11.4189067312579;10.71338651493703;10.462502272597265;11.096715154488535;11.482303782323182;11.723660944409984;11.30149619498255;10.685624839726357;11.406205005418856;10.892542816648552;10.71338651493703;11.1879705919842;11.250298417906333;10.677719641641009;11.199672344836364;11.11829223302699;10.306061689428342;11.33147682185962;11.070791809423062;11.377210530388552;11.023061249735337;11.135067945777816;11.035486451292154;10.39660478118186;11.571752643503546;10.78135971352466;12.068778277985412;11.63662462054365;10.669770888525518;10.900112062977456;10.93737382019215;10.451211111832327;11.851358649033513;11.445532219028312;11.15608307628868;11.295194955880657;10.55170826162069;11.44190670454224;11.357552004618084;11.490349505739289;11.084144010615145;10.745674324002136;11.066089190457772;11.635264656539514;10.875749351420056;11.776021715252812;10.608254821977908;11.485326189240524;11.26620091249896;11.025831668332026;11.03823313473178;11.43567026093655;11.236014191900084
9.287712379549449;9.147204924942228;8.276124405274238;6.108524456778169;9.337621901992508;8.108524456778168;9.541096615349524;6.965784284662087;10.8193807908646;6.857980995127572;8.79766152585376;9.459431618637296;10.9901039638575;8.562242424221072;9.339850002884624;9.13699111208023;5.614709844115208;10.26209484537018;9.603626344986193;9.027905996569883;10.323054760341646;8.335390354693924;8.703903573444663;9.90388184573618;8.665335917185176;9.108524456778168;11.160501747555688;9.26209484537018;9.027905996569883;9.707359132080883;10.65642486327778;8.426264754702098;8.845490050944376;8.611024797307353;10.090112419664289;9.459431618637296;9.54882190845875;11.031356596255709;9.67065624911844;10.414685235807214;9.06339508128851;11.279610581052484;9.273795599214264;8.968666793195208;8.335390354693924;9.417852514885896;9.792790294301064;8.62935662007961;9.055282435501187;10.094077685671904;11.058668250340572;10.403012023574997;9.027905996569883;11.0566377151132;10.696098170955864;8.451211111832329;11.51668494930961;9.939579214314692;10.43879185257826;8.219168520462162;10.673309075561695;9.45532722030456;8.89178370321831;10.947636937951827;10.332036548361652;9.124121311829189;11.006326078524934;10.86573327085176;9.038918989292302;8.59618975614441;12.2903068962579;11.35149140932002;11.163020639580791;10.772314573921651;9.519636252843211;12.791366414695004;10.324180546618742;12.598750409571752;12.392854039872873;8.022367813028454;10.045759661382682;11.06406908038551;10.558420713268664;10.171176797651771;10.365228849251544;9.491853096329674;11.702605602110248;8.826548487290914;10.52845411076479;12.786473845221302;9.199672344836364;11.11829223302699;9.753216749178955;11.71639078949768;9.847057346091336;9.224001674198105;10.73640193131829;10.20945336562895;10.79603960882977;11.298635406734242;9.703903573444665;9.791162888555018;9.988684686772164;9.041659151637214
11.57790083688697;11.690434556395054;11.321364432039449;11.41256984680521;11.657318449581288;10.581200581924955;11.205793249397155;11.526988205432009;10.530406337099068;10.043027283594547;10.743992861060176;10.66622400280318;12.702605602110248;11.648357582009666;12.403012023574997;11.184255495405347;11.26795708440284;11.086799685623452;11.594791118089264;11.076147528022505;12.84901407369482;12.567956075415466;12.28626896267978;12.171802288682985;11.24555270625568;11.533329732305834;12.032390168866524;12.48733761520718;11.76155123244448;11.483815777264256;12.377481688182955;11.41256984680521;11.580729651598958;11.959277505720502;11.564625862795372;10.66622400280318;11.2836671674915;12.70865283568653;11.7047682393626;12.27029532647204;10.996473488733228;13.14609130463152;11.80292019858527;11.39660478118186;11.63117705570398;11.535275376620802;12.627761852402616;11.51224664282918;12.079151405421891;11.837627933171404;12.637983303777853;12.785043714779723;11.847840355630714;11.336506559810257;11.82137539237254;11.641148597411233;12.715104009236168;12.237508748172656;11.552188759557149;12.314300001897534;11.365775635326267;11.399811959325683;12.76487159073609;12.088125692188209;11.604553229079038;12.184255495405347;11.861474675125772;11.240791332161956;11.742730476519174;12.207624468226758;12.306916113522542;12.069449767427784;11.90651484484695;11.926295994781112;11.593391122791736;12.132821006779572;12.204876767603992;12.676177476832605;12.389900172773064;11.49235394515987;11.691307330191115;11.345405246717796;11.140829770773;13.75676478940414;12.350386742312844;12.547135531830865;12.04678297035635;11.508785162064513;11.579315937580017;12.4655664048094;12.128960950855696;12.189515729800194;12.073137383110383;11.673750739438065;12.451468712947358;11.59618975614441;12.17804232886482;12.022020969646356;12.513974273740658;12.151016538892248;11.667998535672528;12.194449079479025;12.129605011152504;11.906890595608518
8.894817763307943;7.700439718141092;7.839203788096944;6.20945336562895;8.487840033823051;10.3409627642517;9.471675214392045;10.774787059601174;9.066089190457772;6.357552004618084;7.179909090014935;7.700439718141092;9.581200581924955;7.417852514885898;7.577428828035749;9.390168956200185;7.022367813028454;7.774787059601174;10.397674632948268;8.422064766172813;8.991521846075695;8.774787059601174;9.041659151637214;8.870364719583405;9.240791332161956;10.595257481449035;11.869593843240784;8.483815777264256;8.912889336229961;9.874981347653774;10.9901039638575;7.636624620543649;9.4655664048094;7.857980995127572;7.658211482751795;7.700439718141092;8.016808287686555;10.73640193131829;9.871905237659186;9.390168956200185;9.523561956057012;10.399811959325683;6.247927513443585;7.507794640198696;11.828136484194108;8.954196310386875;8.906890595608518;8.758223214726724;8.845490050944376;11.239598529249124;10.85096815098244;11.25974326369078;9.179909090014934;9.800899899920305;8.784634845557521;9.159871336778387;8.703903573444663;9.236014191900084;9.642051692927977;8.584962500721156;7.467605550082998;7.686500527183218;9.330916878114618;9.041659151637214;6.820178962415188;9.105908508571158;8.523561956057012;6.475733430966398;8.744833837499545;8.584962500721156;10.298062567719017;8.879583249612784;9.250298417906333;9.084808387804362;8.459431618637296;9.285402218862249;7.900866807980749;9.791162888555018;9.192292814470768;5.169925001442312;8.625708843064466;8.581200581924957;6.108524456778169;9.665335917185176;8.515699838284043;7.022367813028454;9.862637357558794;6.523561956057013;8.499845887083206;9.717676423066395;10.269126679149418;9.131856960608792;8.238404739325079;8.894817763307943;9.537218400538595;7.86418614465428;10.650154213675094;8.787902559391432;8.527477006060396;9.14974711950468;7.912889336229962;9.330916878114618;7.554588851677638;10.014020470314934
9.303780748177102;10.219168520462162;9.044394119358454;6.0;9.159871336778387;6.614709844115208;6.392317422778761;9.257387842692651;8.778077129535358;4.584962500721156;7.022367813028454;7.86418614465428;8.451211111832329;9.405141463136344;12.401146182153498;6.285402218862249;7.348728154231077;9.23840473932508;8.479780264029099;9.13699111208023;10.417852514885896;9.326429487122304;9.729620743553038;10.754052367528924;9.179909090014934;11.028596777067108;6.977279923499917;8.936637939002571;11.38747886584238;9.672425341971495;10.394462694610317;7.721099188707186;7.930737337562887;9.523561956057012;9.08214904135387;7.86418614465428;6.523561956057013;11.247927513443583;8.661778097771988;8.700439718141093;6.491853096329675;9.99859042974533;9.131856960608792;10.231221180711186;8.535275376620802;9.945443836377912;12.237807473723135;8.562242424221072;9.537218400538595;8.703903573444663;9.507794640198696;9.564149489985732;8.710806433699352;6.643856189774724;8.252665432450248;6.491853096329675;9.457380879072534;8.388017285345136;6.7414669864011465;8.703903573444663;7.400879436282184;8.535275376620802;6.807354922057604;9.804131021183318;5.954196310386875;8.741466986401146;9.453270634010623;5.930737337562887;9.121533517340032;9.264442600226602;8.113742166049189;7.592457037268081;8.361943773735241;8.888743248898258;5.906890595608519;7.918863237274595;6.321928094887363;9.43879185257826;8.451211111832329;4.857980995127572;8.383704292474052;7.05528243550119;6.285402218862249;10.080817527608328;9.719388820942084;8.885696373339394;9.044394119358454;5.459431618637297;8.661778097771988;7.924812503605781;4.754887502163468;8.422064766172813;8.832890014164741;8.247927513443585;9.485829308701904;9.194756854422248;9.651051691178928;8.968666793195208;9.91288933622996;8.661778097771988;5.700439718141092;9.29920801838728;9.560332834212442;8.73809225962049
11.043710863347156;11.084144010615145;10.812979471251484;9.86727873970966;11.034111146096592;10.521600439723729;10.3297963382207;10.668884984266247;11.28424574982967;7.3750394313469245;9.977279923499916;8.761551232444479;12.404343291585755;10.715104009236168;11.965423565810127;8.94251450533924;11.509775004326936;10.664447284547972;9.753216749178955;12.121533517340032;11.824163209744158;10.703038388986418;11.783816759320182;11.06204613772049;9.579315937580017;10.788718332690458;11.436190995481416;11.41574176829009;10.65284497300198;10.884170519108435;11.406736482691723;11.382083590141969;9.975847968006784;11.449664538476192;11.155450731312138;8.761551232444479;9.945443836377912;12.20304205556246;11.228217442293436;11.881113960675096;10.239598529249124;12.180530807344482;11.466076461396252;10.634811050171718;12.075813377461454;11.242578689451346;11.449148645375436;11.368506461507693;11.1357092861044;11.274960472140602;12.543273538449805;11.64880694972577;11.382083590141969;11.23661220021575;11.602234901341063;11.116343961237469;12.29318423075951;12.064742764750257;10.901621158346112;11.26795708440284;10.926295994781112;11.228217442293436;11.5980525001616;11.852529509404196;11.694357887221452;11.85642552862553;11.8193807908646;11.240791332161956;11.80896417491926;11.711666973564348;12.2836671674915;11.754887502163468;11.90651484484695;11.756973226165448;11.59105477403678;12.07347215397646;12.097373768990222;12.550025257465784;12.238703279427725;11.236014191900084;11.188588845707349;11.332596057789214;11.060695931687556;12.280480810318371;11.948367231584678;11.391243589427445;12.204265456136843;11.57601187420678;11.96000193206808;12.288000889707574;12.223700075986306;12.178353623512892;11.205793249397155;11.779719355143405;12.685186796595348;11.09341756438796;12.068442416025826;10.992938336165814;12.009478745888066;12.131535468676343;10.823367240046236;11.569380959522295;11.998237821888049;11.48733761520718
13.264882379239577;13.60466904773128;12.816183681432342;12.565816107100892;13.436321149754669;12.382624026574916;11.055960234452296;12.389362455643884;12.61585949358308;11.048486873992337;12.744623639343583;11.82456102997028;14.296987881124323;12.469387440964349;13.843037738538694;12.410451351503994;13.738408975813828;12.428621886091111;12.134747168669016;15.247445447008094;12.374496145691516;11.556026992724677;13.811274335606464;13.288721912782648;12.360847084179664;13.095232171619331;13.29246543494927;13.748087998756109;12.095397022792556;12.82515755470108;11.513727595952435;13.750288267591651;12.785248105945454;14.127349541059118;13.64250302878052;11.82456102997028;13.094737505048093;14.369120185685311;14.094077685671904;13.493855449240822;10.610102062999664;13.970105890612182;13.797357555271278;13.112765281885316;14.710322154360638;13.09391268366556;14.184797876532938;13.850577547205614;13.245998280472708;12.9955905123663;12.834075953434883;13.86785786397283;13.50928016808786;11.804131021183318;12.961449694398196;13.273067075722096;14.33105688442662;12.183635381473218;12.121209716409284;12.865539970785695;12.506803437795648;13.14322375612385;13.080817527608328;14.04772036638152;13.556386304097808;13.780949798749663;13.758431440900267;12.716176405807428;12.324743110494415;12.999119179995295;13.10541748977662;12.971184272404678;13.227014193649133;13.119265383175788;12.611485943240922;13.28583565586142;13.302638923787551;13.806650309081014;13.879200317947392;13.09901899101923;12.780129619625306;11.583082767502932;12.93682194449238;14.34318571544788;12.71338651493703;13.730151673173312;13.032734528586714;13.009128789539256;12.267371931265274;13.480790201095816;13.673971520682796;13.007552934613717;13.989128360866411;12.39901083295199;13.619417596048342;13.70433597118232;12.39473062943157;13.61769702930787;13.746094383705463;13.032390168866524;12.753425699145414;13.291314616229643;13.91877008505239;13.252665432450248
10.678600139099458;10.985130373466898;10.239598529249124;9.954196310386877;10.809768128710411;10.25502856981873;11.166163082646111;11.43306376512207;11.068106475858771;7.820178962415188;9.491853096329674;8.78135971352466;11.66622400280318;10.708221730038352;11.97405602262563;9.264442600226602;11.213104219641906;10.817783121774534;9.839203788096944;11.614709844115207;11.86379910372885;11.241387363998935;11.399277924508969;11.471675214392045;9.78953364497036;11.050528905530555;11.365228849251544;11.54978466794786;10.502831804066744;10.851749041416058;11.437231901039478;11.893301530860564;10.1357092861044;11.223398414711628;10.757390009366638;8.78135971352466;9.906890595608518;11.921469060531413;11.286557761607956;11.102631888854969;10.346513733165636;11.742309436084;11.211279947482009;10.622051819456376;12.067770457447825;11.017504401109417;12.211584153079526;11.03823313473178;10.491853096329674;11.013322673425447;11.68431031112435;11.61286849729104;11.374496145691516;10.25974326369078;10.840777923595054;10.729620743553038;11.74188827273525;9.649256177517314;10.266786540694902;10.63390340934852;10.755722153642282;10.497851836951115;10.5401280385821;11.85914649542596;11.285402218862249;11.145295334933598;11.35424938194524;10.746514321138465;10.971543553950772;10.684748620421626;11.283088353024002;10.657318449581288;10.991521846075695;10.992938336165814;10.745674324002136;11.558420713268664;10.874981347653774;12.127349541059118;11.582141981658776;10.71338651493703;10.54978466794786;10.453270634010623;10.54978466794786;11.860311054919482;10.50084187955693;10.62844554013718;10.9901039638575;11.213104219641906;11.89026427702111;11.52552080909507;11.164906926675688;11.108524456778168;11.0;10.880348808156027;11.247334178028728;10.778898476008376;11.200285605224298;10.88264304936184;11.366322214245816;10.944712061043486;10.512740462803498;11.09077405464075;11.546412195119352;10.962173031109709
11.578844391558205;11.44086916761087;11.08746284125034;10.348728154231075;11.915879378835774;11.295194955880657;11.538673953082668;11.766528908598865;9.734709620225836;10.922584402713664;11.58261245126702;10.338736382573916;11.637983303777853;11.4542992936199;12.091435386323608;11.080817527608328;9.643856189774723;11.1705510353167;11.462502272597265;12.51175265376738;12.040974598817304;11.8668925276766;12.25797705856398;11.988329649231089;11.289442575688332;13.087960008003025;11.484822894262146;12.714245517666123;12.055960234452296;11.946906274456396;11.881113960675096;8.519636252843213;11.780949798749663;11.478769619475765;11.506307581100309;10.338736382573916;10.29232163280204;12.451468712947358;11.563672959827514;11.562242424221072;9.590587049915037;12.31628153174622;11.955649907528374;11.116343961237469;11.791569912126878;11.73047013718422;12.59362454970607;11.984418458801136;12.003869231979056;12.08746284125034;12.265615046484458;11.719816603018126;11.90651484484695;11.807757403589267;11.450695771572915;11.217351905270334;11.94178124227853;11.422064766172811;11.905763049602792;12.095726668639047;11.262682142362165;11.374496145691516;11.61194694181998;11.90388184573618;11.025831668332026;11.885696373339394;11.451726268074506;11.139551352398794;12.846665681899738;12.025831668332026;12.025831668332026;11.663558104217271;11.677719641641009;11.508785162064513;10.620219825507489;11.591522346570734;11.269126679149418;12.108851117040151;11.939211882666395;10.390168956200185;11.857980995127573;11.082814337672271;10.328674927327947;12.60408986146918;11.114393054867309;12.118941072723509;11.81257844413538;10.600842114387302;12.24436383512051;11.801708358916462;12.282219695672588;11.776433032444732;11.747353829478062;11.589651146514786;12.32755264408124;11.30720080914081;12.872674880270605;11.494355603532846;11.57601187420678;11.569380959522295;12.01854794187165;11.982280604558284;11.50084187955693;12.040632200562252
13.653740778706569;14.151650829973422;13.8115753883758;13.183325224524612;13.685734329730648;13.677169057716116;14.4039440401536;14.255618749839597;13.13410540040181;12.688031702413934;12.62159403901754;13.013322673425447;14.100251677466776;14.246740598493144;14.518161355756956;14.562003863651553;14.365502268193117;13.464162818668548;13.778385189262687;14.237882145447015;14.886744462772262;14.333155350310616;14.470531781161656;14.341032283347769;12.933137368256713;13.586839787961829;13.59105477403678;15.050656436583976;14.062720767165043;13.946358033887046;14.366185588928143;14.09300483515016;13.887125397500434;14.15876745463608;13.851553858429778;13.013322673425447;13.51939054134796;14.416005780559267;14.282364508223864;13.799484005620014;12.097373768990222;13.994176625161732;14.727282329212189;13.90048948483465;14.298635406734242;14.154739011760991;14.836691454233929;12.798674298826828;13.598750409571752;14.10443495055075;14.125332744464725;13.500094949671809;14.552248810548477;13.603973996309024;13.964792090715711;14.087214193611045;14.417720683658056;12.78483929465315;13.489095315413504;14.820029338882216;13.654636028527968;13.902375114486023;13.951466861932795;14.800697714363126;14.916579274566226;14.354456017505626;13.789635526615887;13.862540503136891;13.20670914935865;14.482870966140382;13.837529385062425;13.604553229079038;13.86379910372885;13.418511490387644;13.873828574886977;13.585314678201458;14.538249568599277;13.908017261062804;14.395065477997743;13.992938336165814;14.064405961891042;12.47192918764169;13.803122072935404;14.850577547205614;13.412172865823786;14.54635190068654;13.792383614935188;14.817583288677616;13.429145170478744;14.100169531129907;13.036173612553483;13.73184933613704;13.74030781425232;13.646108641506103;14.118616689351509;13.856036399819155;13.847742502675754;14.19144482783438;14.40886043602476;13.56961830344664;14.20724315593674;14.115693952197011;14.189670152603751;14.021066720163276
13.56652978262417;13.619646849988262;13.279030136449649;12.64565843240871;13.391512122707118;13.372048825272772;13.772623866460275;13.635264656539514;13.391780606013166;12.10459875356437;12.592223421359405;12.217957697864112;13.332176446062697;14.136109979077643;13.717248005827646;12.502583213553354;13.769217996126503;13.499596781489752;13.134426320220928;14.1666338592993;13.975847968006784;14.17983135650696;13.780027064441978;14.309547406811689;12.91904952367693;13.487463236265286;13.52613240562841;14.373001054366435;13.647908074281808;13.597936149095696;14.189052362190337;14.020893152424753;13.476619646192038;13.70832951852814;13.597587039586216;12.217957697864112;12.876900591040306;14.190982079501248;13.51162913006844;13.146568675740786;12.893491147084914;13.481042574933754;13.84832952087491;13.013497154291704;14.009916071982198;13.763419874192088;14.327061370499464;13.289154353723356;13.538673953082668;13.449535582494796;13.56724310527944;13.407931591174444;13.382894168892134;13.391243589427445;13.465948964154254;12.740834826145262;13.793196859060943;12.99205319285264;13.410716333604269;13.746514321138465;13.398342887645883;13.416929443213602;13.186423797538945;14.169533592275016;12.99081307915361;13.733227217851562;13.7515440590891;13.066425600635556;14.066089190457772;13.556026992724677;13.264002687114218;13.410716333604269;13.46722342982096;13.401279536596528;12.214015491410844;13.548099416978388;12.694140204076431;14.312102985961063;13.434758522966764;12.360572781480696;13.718746909901064;13.275978964975623;12.28164030006605;14.11496234179294;13.098690096673591;13.710160691782914;13.68376223717448;12.610794169053182;13.780334708123895;13.633222303800787;13.044223335689608;13.804433568115511;13.682775179067027;13.714567511873662;14.06785446938792;13.624338545312986;13.983439002170414;13.437231901039478;13.70606426733497;13.653964643249012;13.4070021479242;13.71037597120447;13.73714169365265;13.70552439716406
20.194343266676142;19.753118793463567;19.932340204776967;20.58765575596636;20.173068322099525;16.625452011356693;19.892594694585505;19.827724145209203;18.675185213955384;20.740464291001924;18.64341232370991;20.93251178348349;20.33802578299357;20.630019104943344;20.86520238864305;19.761247674115857;20.74458915078402;20.14578664935832;20.16026045097102;19.87940974629523;20.832015377227115;20.08403368400207;20.247031622101865;20.378288504815075;19.464517831668527;18.941228184170512;18.5101614770778;21.53146618133069;19.998520190522644;19.142338943116297;19.630592420064605;20.815109624654824;20.72744354898061;20.736906430921216;20.282166518665125;20.93251178348349;19.34369971933736;19.876455494025457;19.371108732909526;19.79182424355828;17.247528893111234;18.73774247136792;20.825554324520223;20.497736861372964;18.46645490246896;19.48890513200788;20.823207060256745;19.113635351555786;20.55123887085353;19.66967574910475;21.555043107090075;19.37798573676617;19.23700917819857;19.28104255453693;20.87156462995789;18.538033539267328;19.699204724685767;20.574492823413504;19.69223918325964;19.38194000267821;17.90829879000133;20.335426339618127;18.549205584942857;20.420303616197376;9.642051692927977;20.296744846204323;20.14593836329113;9.787902559391432;19.02149512612956;20.78890229592619;18.595811092203945;18.576868116875776;19.148754607845337;19.532673625988323;10.857203471508166;17.42181829347999;10.562242424221072;19.1855771923397;18.657342875809505;14.161446847518008;19.860433824770336;16.119508568181146;10.25974326369078;19.56154340476596;20.02680167998913;20.54244529645881;19.90994580603696;11.116343961237469;18.988343519524992;19.1037206544494;19.63187333367889;20.72143217389521;20.58998481453541;18.56351656406622;20.80771495966156;20.641286214875368;19.421744343460368;19.72991609726845;20.67176305002673;19.736717367451053;18.27426894228196;20.11690867271436;20.428297804306546;19.876100217062884
14.204036147538904;13.837627933171404;14.014717929860009;13.61918830567264;13.990635833003022;13.421012855779226;14.20197072837312;15.003605750097057;14.139311522784595;13.288000889707574;13.918490592292311;13.791366414695004;13.553509304309202;15.210100544553294;14.735132884139947;13.40886043602476;14.42259043389256;13.47636649738618;14.414883394593446;15.017199892815192;14.330146600438278;14.711666973564348;13.672535838279204;14.04874228605654;14.415213598765286;14.425412621029055;13.482177711187449;14.92351319630841;14.464864782431144;13.41481734468885;13.989483201928492;14.781718293436183;14.598285174146604;13.95610385644527;14.494543116698312;13.791366414695004;13.197830998012195;14.054689100086334;13.366732012584288;13.334412966291072;12.95746484680521;12.779103739584292;14.689615851157408;14.71853287606922;13.547135531830865;14.2908108442301;14.881783136400989;13.688031702413934;14.46026389963096;13.954014507722544;14.280770770130603;13.522826699925806;13.51261702365554;12.698921662339812;14.506803437795648;13.181462881270017;13.71177450496535;14.6885781571157;13.254733389246674;13.889218742472613;11.957102041562289;13.804635230827737;12.370959793297386;14.340684654363438;10.417852514885896;14.14242620231898;14.013060912553662;9.703903573444665;14.141628207364796;14.269126679149418;12.650154213675094;12.453527867681784;13.536975665610642;12.917185576336395;9.753216749178955;12.023061249735337;10.084808387804362;12.52258153125483;12.65642486327778;10.12670447284319;13.382894168892134;10.63662462054365;9.586839787961829;13.942972605568816;14.189747357807576;13.74157231951848;13.467096033905747;10.625708843064466;14.050783956364931;13.066930068864098;13.751334836401345;14.469578227375443;13.724833563933643;12.786678033890652;14.78978833559524;14.357208333961871;13.566886488038495;13.47154821099913;14.101072883682534;13.826449179423664;12.3009244909763;14.308410139144074;14.236313227042803;13.547015000894593
10.675074920385445;11.103943429891558;10.210671343785622;7.577428828035749;10.804937672051908;8.224001674198105;9.573647187493322;9.710806433699352;10.027905996569883;6.539158811108031;8.945443836377912;9.554588851677638;11.483815777264256;9.3151495622563;9.98584193700334;9.756556322524087;6.7414669864011465;10.678600139099458;10.788718332690458;10.43567026093655;10.839203788096944;8.768184324776927;10.027905996569883;10.227615943414223;10.265615046484458;10.265615046484458;11.11504365016171;10.152284842306582;10.29920801838728;11.066761932386909;10.597121428789569;8.584962500721156;9.4797802640291;10.256208688527389;10.35424938194524;9.554588851677638;9.189824558880018;11.185494924210866;10.814582465906277;11.340406490853294;10.377210530388552;11.469641817239516;10.407267764244732;10.13699111208023;9.26209484537018;10.174925682500678;10.217957697864112;9.312882955284357;10.43879185257826;11.3437409184722;11.25974326369078;11.241387363998935;10.960725994839056;12.039261794341057;11.761135649828644;10.442943495848729;11.90312867681232;12.029632328044135;11.88264304936184;11.027905996569883;10.910642730469624;11.198445041452365;11.069449767427784;11.371776644337924;10.837627933171404;11.953468962228849;11.801708358916462;10.829722735086058;10.857203471508166;11.26795708440284;12.322491537597468;11.932952892194717;11.441388029346689;11.760304125286382;10.390168956200185;12.536247215688128;11.528942415064895;13.118616689351509;11.93110683302934;9.829722735086058;11.107217075591382;11.960364008877834;10.7632123668144;11.90613899619538;11.068778277985412;10.95492329203032;12.2836671674915;10.025139562278508;11.410451351503994;12.25974326369078;8.977279923499916;12.314300001897534;11.131213905086272;12.34207466799914;11.595723694101627;11.594324603924848;11.642051692927977;11.457380879072534;11.14974711950468;12.363860976729532;11.042343379793692;11.379919817646538;11.072132604167232;11.17804232886482
12.406205005418856;12.739991514684226;11.694357887221452;9.366322214245816;12.704119788513015;10.919608238603251;11.407267764244732;11.267371931265274;11.661332752795186;7.761551232444479;10.129283016944967;9.961449694398196;13.041316915829444;10.972979786066292;11.430452551665532;10.224001674198105;10.632995197142955;11.726218159332198;10.565102078360312;11.860311054919482;12.271754805646474;11.852919585123995;11.993646060016596;11.488844346457336;10.348728154231075;11.558420713268664;12.2103669456326;11.768597882194374;11.266786540694902;11.573173784686484;12.943430560383598;11.64880694972577;10.476746203939468;12.233619676759702;12.196909442541138;9.961449694398196;10.88264304936184;13.311322594732095;11.892163309861964;12.348728154231075;9.939579214314692;13.079151405421891;12.159240650411672;11.106562940444883;11.273795599214264;11.60733031374961;12.285113188501493;11.092096414990792;11.67595703294175;12.743782540330756;12.52258153125483;12.425215903299383;11.954559846999834;13.146568675740786;12.753843508311638;12.326991174900815;14.104271128936894;12.57104154760109;12.547135531830865;11.534789211480266;12.501339618061396;12.648132845652658;13.41706134676029;13.28410112599707;12.384513961398618;13.631745471077506;13.762382038710392;12.619073646817748;12.20181761666792;12.282509306240836;13.73481544784671;13.233769450446928;13.376668061857668;13.237956813306198;11.9683067944308;13.7324854450719;13.529186505250893;14.020459141699511;13.76207054242485;11.068106475858771;11.808562029957525;12.92351319630841;12.090443275081606;12.79543091954113;12.90613899619538;12.99435343685886;13.35837648032824;12.178664851006472;12.158294103604035;13.644532294625444;11.084144010615145;13.494980552661476;13.580376352946306;13.563911244581693;13.62548055047108;13.982548009651426;12.017156386383112;12.440350119200565;13.165221068220944;13.365775635326267;12.552669097514272;13.138431806276849;13.376261076559688;12.702389159976336
6.78135971352466;6.554588851677638;5.584962500721156;4.584962500721156;5.977279923499917;4.857980995127572;6.569855608330948;3.584962500721156;7.257387842692652;4.392317422778761;5.169925001442312;7.199672344836364;7.813781191217037;6.169925001442312;6.539158811108031;6.643856189774724;4.584962500721156;7.714245517666122;6.087462841250339;5.754887502163468;7.614709844115208;7.584962500721156;6.0;7.539158811108031;5.832890014164741;6.794415866350106;7.0;6.539158811108031;7.459431618637297;8.271463027904375;8.076815597050832;5.584962500721156;5.643856189774724;6.149747119504682;6.658211482751795;7.199672344836364;6.6293566200796095;8.164906926675688;7.409390936137702;8.233619676759702;7.087462841250339;8.303780748177102;6.507794640198696;4.906890595608519;6.6293566200796095;7.78135971352466;6.832890014164741;5.882643049361842;7.643856189774724;7.584962500721156;7.870364719583405;6.700439718141092;6.700439718141092;7.727920454563199;7.845490050944375;6.357552004618084;7.977279923499917;6.189824558880018;7.276124405274237;7.011227255423254;8.60733031374961;6.94251450533924;7.562242424221073;7.906890595608519;6.285402218862249;6.6865005271832185;7.507794640198696;6.285402218862249;7.539158811108031;6.965784284662087;8.588714635582264;7.754887502163468;8.169925001442312;7.78135971352466;7.179909090014935;8.930737337562887;6.700439718141092;9.39231742277876;8.59618975614441;5.727920454563199;7.266786540694901;7.924812503605781;6.20945336562895;8.519636252843213;7.129283016944966;6.149747119504682;7.20945336562895;7.139551352398794;7.03342300153745;9.157346935362844;6.954196310386875;7.383704292474052;6.087462841250339;7.912889336229962;6.108524456778169;6.906890595608519;7.247927513443585;8.204571144249204;7.906890595608519;7.800899899920305;6.870364719583405;7.169925001442312;7.022367813028454;6.044394119358453
12.359200485133632;13.158609688214478;12.203348002979762;11.047123912114026;12.600377553107844;11.381542951184583;11.070791809423062;11.793603309279408;12.3292357417338;9.579315937580017;10.783816759320182;10.384783750093352;13.803626635260308;11.544964432789238;13.22204015786482;11.023061249735337;11.545929769085468;12.3445733225962;11.171176797651771;12.950191349972702;13.959549208230657;12.799281621521924;12.600145216358667;12.6373041221062;10.932214751968385;12.14561377551339;12.533329732305834;12.702822011777029;12.766942940755785;12.695010739653238;13.33901486825008;12.415477707697994;11.092757140919852;13.077983973962752;12.956194629090778;10.384783750093352;11.708221730038352;14.36591229947082;12.632313662586126;13.310896748797711;10.945443836377912;13.60490065714595;12.8317030992143;11.332596057789214;12.902375114486023;12.693922488081014;13.795227966028678;12.289154353723356;12.79968636133125;13.044223335689608;12.653516879421431;12.93810932621924;13.367141694552364;12.531381460516313;13.059851410770802;12.955649907528374;14.16749655104036;12.097373768990222;11.868050853745158;13.065584428061502;12.88149638481011;13.177886656348791;13.788820271926742;13.911111061926714;13.102303817212649;14.092013802969072;13.707251271063232;12.89614316077451;13.084310133597755;12.774375272802065;13.73523868071836;13.198138052401116;13.533329732305834;13.219924768862814;12.253552062637464;13.5302844003166;12.96992608191987;13.30035256032822;14.050103720581296;11.993646060016596;12.668220198888896;11.2836671674915;12.314583244274194;14.579374869997288;12.59105477403678;13.573055409708704;13.530772085621978;12.77272694923985;13.720992350106709;13.896710815726117;11.232420927176076;12.97100459807343;13.085140461701762;13.461607340113764;13.784328117579138;13.430844535105216;13.173989374166537;13.29217781631975;13.338179249900112;12.82714419098428;13.149111990706889;13.389765762278635;13.6142497276894;13.440739423014271
10.752380646552892;10.224001674198105;9.779719355143405;7.276124405274237;10.224001674198105;8.405141463136344;9.73640193131829;7.787902559391432;11.205182326228645;6.918863237274595;9.497851836951115;9.734709620225836;11.396069557639867;9.729620743553038;10.360847084179664;9.041659151637214;7.531381460516312;11.077483356859508;9.505811553919594;10.12670447284319;11.076147528022505;9.079484783826816;10.105908508571158;10.89026427702111;8.625708843064466;9.850186837645774;11.702605602110248;10.947636937951827;9.88264304936184;10.887982133058454;10.54978466794786;9.060695931687556;9.047123912114026;9.515699838284045;10.719388820942084;9.734709620225836;9.845490050944376;11.018200178813226;11.16867211813223;11.536247215688128;10.663558104217271;11.818582177480858;10.06339508128851;9.590587049915037;9.674192268145683;10.861086905995396;10.721099188707186;9.556506054671928;10.002815015607052;11.14338321398982;11.373952655370193;11.046441948007311;9.799281621521924;11.495355392235982;11.62890115202819;9.76155123244448;11.35149140932002;11.41204051455165;11.982280604558284;10.619302955415687;12.101975670949232;11.519636252843211;10.625708843064466;11.366322214245816;11.04507705193494;10.909893083770042;11.670213636738564;11.934428040626804;10.800899899920305;10.55170826162069;12.201205007299528;12.167418145831736;11.563672959827514;11.422064766172811;10.576484346796851;12.693922488081014;11.184255495405347;14.114067647165264;11.766528908598865;9.76487159073609;10.790348496751914;13.147840893672337;11.269126679149418;11.722380635163802;11.206403913973848;8.842350343413807;11.834471049984222;9.89633240390994;11.736824699098864;12.14051027236822;10.265615046484458;12.002111776479852;10.557463701597824;12.726856755450727;9.961449694398196;10.588714635582264;11.26502894245816;10.77313920671969;11.463013413449692;12.29920801838728;11.025831668332026;11.266786540694902;11.101319154423276;11.034798962577268
10.417852514885896;10.556506054671928;9.887220615468385;9.89178370321831;10.580258567499788;9.965784284662089;10.072802534544207;10.4655664048094;10.10459875356437;8.379378367071261;10.933690654952231;9.426264754702098;11.4231159101471;10.051208940914766;10.60917873814198;9.658211482751796;10.564149489985732;9.92481250360578;9.651051691178928;11.34207466799914;10.918863237274596;10.821773981970567;11.019590728357882;10.47269083924278;9.906890595608518;10.874212934830874;10.676838606474153;10.584962500721156;10.395534135462302;10.860311054919482;11.075479149488016;10.358651200892886;9.753216749178955;10.24198314969433;10.565102078360312;9.426264754702098;9.199672344836364;11.31741261376487;10.397674632948268;10.427312844134963;10.326429487122304;11.523561956057012;10.443979542601252;10.183635381473218;10.954196310386877;10.358651200892886;10.84862294042934;10.474719946526482;11.965423565810127;11.099347810403192;11.004922678569043;11.122180901259751;10.580258567499788;10.993646060016596;10.76487159073609;9.946906274456396;11.243173983472952;10.705632387361415;11.216745858195306;10.720244258287568;10.605479518061667;10.295768934420508;10.417852514885896;11.115693952197011;12.03342300153745;11.030667136246942;10.997885127829113;11.304921669581672;10.91737207947684;10.450180247164754;11.403544678202014;10.820178962415188;10.779719355143405;10.705632387361415;11.068106475858771;11.51422090935813;11.557942286787448;12.474212937193943;11.50382573799575;11.172427508645482;10.757390009366638;11.077483356859508;11.376125389276174;11.095397022792556;10.360847084179664;10.42940674151398;11.264442600226602;11.498849206531723;11.119589620741122;11.462502272597265;10.84313591111135;11.057314877782703;10.838416075797335;11.42259043389256;10.888743248898258;10.508785162064513;11.18239435340453;10.807354922057604;10.7431513941125;10.97656412341533;10.715104009236168;10.749869427396844;10.7047682393626;10.159871336778387
2.321928094887362;1.584962500721156;1.584962500721156;3.321928094887362;0.0;2.807354922057604;2.321928094887362;0.0;4.857980995127572;3.169925001442312;2.584962500721156;4.643856189774724;2.321928094887362;2.321928094887362;2.321928094887362;3.807354922057604;4.0;5.643856189774724;3.4594316186372973;3.4594316186372973;2.807354922057604;4.0;4.247927513443585;5.0;3.700439718141092;6.845490050944375;4.321928094887363;2.321928094887362;4.643856189774724;5.285402218862249;6.409390936137702;4.459431618637297;3.807354922057604;1.584962500721156;1.584962500721156;4.643856189774724;2.0;2.807354922057604;5.392317422778761;4.169925001442312;5.523561956057013;4.247927513443585;4.643856189774724;3.169925001442312;3.321928094887362;4.857980995127572;1.584962500721156;1.584962500721156;4.700439718141092;4.807354922057604;2.584962500721156;4.087462841250339;1.0;5.554588851677638;6.7414669864011465;3.0;4.807354922057604;2.321928094887362;4.523561956057013;0.0;6.977279923499917;3.0;1.0;4.954196310386875;2.0;1.584962500721156;2.584962500721156;3.906890595608519;6.169925001442312;3.807354922057604;3.700439718141092;3.321928094887362;3.4594316186372973;4.584962500721156;1.584962500721156;5.247927513443585;4.0;6.266786540694901;5.0;0.0;1.584962500721156;6.266786540694901;2.321928094887362;3.4594316186372973;5.392317422778761;4.087462841250339;4.247927513443585;1.584962500721156;6.044394119358453;2.807354922057604;3.0;0.0;0.0;4.247927513443585;2.584962500721156;1.0;6.339850002884624;5.672425341971495;4.584962500721156;3.807354922057604;5.491853096329675;2.0;2.321928094887362;0.0
10.600842114387302;10.685624839726357;10.493855449240822;8.839203788096944;10.968666793195208;8.599912842187127;8.945443836377912;9.192292814470768;10.319672120946995;8.03342300153745;9.45532722030456;10.113742166049189;11.2836671674915;9.038918989292302;10.918117851031772;9.419960177847887;9.233619676759702;10.053925881531104;9.43254190038826;11.125413470483316;10.851749041416058;9.211888294546004;10.557463701597824;10.395534135462302;9.411510988012072;9.436711542137214;11.003517912108602;10.121533517340032;10.386940245324311;10.90388184573618;10.015415052386688;10.422064766172811;9.14974711950468;10.121533517340032;10.997885127829113;10.113742166049189;9.992938336165814;11.051208940914766;10.65284497300198;11.017504401109417;9.543031820255235;11.318542809702723;10.689124404913258;9.914385132155443;10.43254190038826;10.576484346796851;10.257387842692651;10.24436383512051;10.571752643503546;10.723660944409984;11.382624026574916;10.75905593916017;10.567005370247031;11.202736043250168;11.038918989292302;10.366322214245816;11.675074920385445;10.394462694610317;11.27786854617684;10.755722153642282;11.496853777388042;11.36194377373524;11.715104009236168;11.057991722759176;10.8649599151426;11.425215903299383;12.477252323937952;10.76983784362944;10.5980525001616;10.895575282380683;11.852529509404196;11.116343961237469;11.269126679149418;11.269126679149418;10.681238411777803;11.59944798152872;11.726643921483994;12.790755750118311;11.64430696154558;10.31741261376487;11.109830654278792;11.347621368568134;10.988684686772164;11.567480801143043;10.476746203939468;10.98299357469431;11.622051819456376;10.393390457443989;11.399277924508969;12.065416134676548;9.834471049984222;11.281350514981035;11.52061868055628;12.244958393151132;11.071462362556623;11.290594888082572;10.90388184573618;10.836839359748716;10.915879378835774;10.929258408636972;11.107870914279614;10.987974524296153;11.246740598493144;11.371776644337924
10.154818109052105;10.451211111832327;9.779719355143405;7.417852514885898;10.595257481449035;8.238404739325079;8.467605550082997;6.169925001442312;9.667111542075029;7.727920454563199;9.287712379549449;9.333155350310616;9.834471049984222;8.29920801838728;8.45532722030456;9.91139198784346;8.370687406807217;10.06204613772049;9.672425341971495;8.89178370321831;9.677719641641009;8.027905996569885;9.741466986401146;9.78135971352466;8.731319031025064;8.954196310386875;9.79766152585376;9.975847968006784;9.372865060112588;10.602698865017963;10.25974326369078;8.118941072723507;8.829722735086058;9.76487159073609;10.211888294546004;9.333155350310616;9.124121311829189;10.283088353024002;10.321928094887362;10.164906926675688;9.828136484194108;10.597121428789569;9.623881490013458;8.238404739325079;8.985841937003341;9.854868383260236;8.7714894695006;7.832890014164741;9.108524456778168;10.731319031025064;9.573647187493322;9.63662462054365;10.154818109052105;11.24198314969433;10.733015321685963;9.605479518061667;10.554588851677638;9.980139577639155;11.466076461396252;11.036173612553483;10.735556023911537;11.03960451795376;9.94251450533924;11.043027283594547;11.832494484336111;10.934428040626804;10.76155123244448;11.553149275598548;9.603626344986193;10.014020470314934;11.082814337672271;11.020979938904212;10.772314573921651;10.400879436282183;10.923327485419192;11.216139556425135;11.660887270302569;12.368779260041338;11.20945336562895;10.580258567499788;11.164906926675688;11.456354415108288;11.10459875356437;11.153552031708111;10.1331422124006;10.200898605038445;11.06339508128851;11.42259043389256;10.208234358339787;11.258566033889933;9.355351096424812;10.866506212226202;10.802516365121225;11.47218311618954;9.857980995127573;10.470658874060552;10.76155123244448;11.022367813028454;10.53818893205242;10.86573327085176;11.338736382573916;10.28424574982967;10.219168520462162;10.303780748177102
11.529918528120325;9.857980995127573;8.434628227636725;13.96108788999733;13.07815080773465;7.523561956057013;8.29920801838728;6.832890014164741;9.792790294301064;6.22881869049588;11.41679752760606;12.218865910069676;14.762589665542569;7.971543553950772;8.353146825498083;7.592457037268081;14.523071826940395;9.560332834212442;8.94251450533924;14.592398636837329;10.10459875356437;9.076815597050832;14.842792277876104;9.873444112515376;13.550746785383245;14.36584396901679;13.65306897657993;10.597121428789569;8.665335917185176;11.397674632948268;9.709083812550343;7.94251450533924;8.543031820255237;8.396604781181859;9.169925001442312;12.218865910069676;9.339850002884624;9.756556322524087;14.409192021454729;9.335390354693924;13.207776964928014;13.83969588996783;8.689997971419446;7.467605550082998;14.6885781571157;10.41679752760606;9.461479447286155;8.330916878114618;12.982280604558284;9.588714635582264;9.445014845868425;9.057991722759176;8.174925682500678;9.41574176829009;9.90388184573618;7.383704292474052;9.823367240046236;8.823367240046235;9.445014845868425;7.366322214245816;9.257387842692651;9.29232163280204;10.071462362556623;10.01262453886506;9.108524456778168;8.353146825498083;9.94251450533924;9.08746284125034;13.56450678433871;9.14210705730255;10.651948610723446;10.302638923787551;10.222794902868111;10.103287808412022;8.233619676759702;9.726218159332198;8.668884984266247;10.74819284958946;10.642954223480332;7.930737337562887;8.531381460516313;10.24555270625568;8.668884984266247;9.618385502258606;9.76983784362944;7.98299357469431;10.188588845707349;8.144658242831882;8.791162888555018;10.69261550169458;14.064911136698967;10.019590728357882;11.715533063526584;10.222794902868111;8.665335917185176;8.46352437327118;12.84901407369482;9.398743691938192;9.96000193206808;9.78463484555752;8.08214904135387;9.403012023574997;9.375039431346924;8.897845456005511
13.443202577297011;13.51298730941902;13.291602406982822;13.675405775802762;13.92731501080895;14.13699111208023;12.940130036481444;12.390975006155534;12.38720958071964;14.157504839926114;13.18750672775828;12.414685235807214;14.387007583887224;15.475195106007176;15.250483480831132;12.64880694972577;13.052568050804153;12.553389304721618;13.154026940926496;14.289226414613005;14.922119781589268;15.434758522966764;14.682610603706175;13.455969302758032;13.542185487502184;14.140270602122484;12.26883436934376;14.142585748356288;15.058287742612956;14.224303209373389;15.031701202740305;14.654524152676576;13.895669944303942;12.658657792126084;14.157662727208448;12.414685235807214;12.930182916865272;13.660998653822476;13.797053520629804;13.577546844726958;13.947728244875114;13.963076692298594;13.947910841387303;13.223247560417468;13.130570562805426;14.34311630004426;15.522091068887065;13.672646326124626;15.415180581748867;13.614364770553852;14.61269575047399;13.88760142450871;13.89614316077451;13.762485855861582;11.980139577639155;12.489597122389307;13.295768934420508;11.989749275462133;13.521109643651332;14.99147755834286;12.898412441684211;13.523194374830966;12.5090326863065;14.005273656563938;13.229119220658594;13.336506559810257;13.284534954008423;12.234817431117325;13.601886830639092;14.104844423218584;12.99028127536032;12.4189067312579;13.1767964781476;12.756347825516588;12.80634822671225;12.622738217871143;11.579315937580017;12.964521373897238;13.762693467754428;14.210290836058007;14.623309967191387;12.36468185586456;12.984418458801136;14.426264754702098;12.715104009236168;14.023667733561714;12.682336269711378;13.26620091249896;14.976071804762835;13.682226521505408;14.483815777264256;11.997532347526366;13.3781593597821;12.857980995127573;13.58660526060361;12.965062756744627;14.418511490387644;13.352595231134304;13.159556028058768;12.324180546618742;14.04899765291107;13.81277897162766;12.960364008877834;13.897467341721892
10.840777923595054;11.332596057789214;10.501837184902296;10.758223214726724;10.940313597145968;9.368506461507693;11.437231901039478;11.049848549450562;10.981567281903017;8.832890014164741;10.096715154488535;9.665335917185176;12.200898605038445;10.333155350310616;11.608254821977908;10.092757140919852;11.43567026093655;11.140190703191836;10.309476353841106;11.749450465569916;11.749031382040204;11.63662462054365;11.52552080909507;11.107870914279614;10.219168520462162;11.417852514885896;11.043710863347156;11.788718332690458;10.88264304936184;10.893301530860564;11.988329649231089;11.806146803320525;10.63390340934852;11.514714054138487;11.2246046815385;9.665335917185176;10.264442600226602;12.069449767427784;11.177419537989236;11.588714635582264;10.066089190457772;12.404077136241234;11.038918989292302;10.847057346091336;11.860699032611988;11.011926066306808;11.58261245126702;11.453270634010623;11.424691191512954;11.166163082646111;11.68431031112435;11.547858506058416;10.73640193131829;10.600842114387302;11.281930026955443;11.027905996569883;11.744833837499543;10.434628227636724;10.681238411777803;11.712097051087548;10.749031382040204;10.880348808156027;11.576484346796851;11.539643506238036;10.687375683437468;11.498849206531723;11.352595231134304;10.496853777388042;11.071462362556623;10.700439718141093;11.398209261466851;10.824163209744158;11.04507705193494;11.065416134676548;10.419960177847887;11.4542992936199;10.841564347730577;11.894059846274022;11.54882190845875;10.007027266893967;10.97656412341533;10.425215903299383;10.458406613236534;11.790755750118311;10.68650052718322;11.579315937580017;11.337621901992508;10.625708843064466;11.171802288682985;11.51175265376738;11.62662165235837;11.105253779700885;10.940313597145968;11.389093521904474;11.455840909126398;11.337621901992508;11.284824100224624;11.06339508128851;11.332596057789214;10.98299357469431;11.081483438093674;10.897845456005513;11.373408960228696;11.084144010615145
8.247927513443585;10.1331422124006;8.569855608330947;5.727920454563199;8.417852514885897;9.688250309133178;6.475733430966398;5.0;8.184875342908283;5.044394119358453;6.491853096329675;6.539158811108031;9.29920801838728;7.665335917185176;7.05528243550119;8.640244936222345;7.442943495848728;7.129283016944966;8.483815777264256;6.022367813028454;8.622051819456376;7.761551232444479;9.26209484537018;8.487840033823051;6.906890595608519;7.86418614465428;9.22881869049588;8.228818690495881;9.324180546618742;9.011227255423254;10.27029532647204;6.930737337562887;7.721099188707186;10.011227255423254;7.321928094887363;6.539158811108031;8.118941072723507;9.515699838284045;8.471675214392045;10.210671343785622;6.599912842187128;9.243173983472952;7.936637939002571;7.05528243550119;10.891024190149498;8.238404739325079;9.51175265376738;6.820178962415188;7.459431618637297;9.447083226209651;9.67065624911844;8.499845887083206;9.61654884377899;7.800899899920305;8.554588851677638;8.761551232444479;11.043710863347156;9.243173983472952;8.0;10.839991070539886;9.627533884472792;9.090112419664289;11.079484783826816;9.94104760634058;6.906890595608519;7.741466986401146;8.49585502688717;6.599912842187128;8.933690654952233;9.569855608330949;9.729620743553038;9.134426320220928;9.405141463136344;8.994353436858859;9.623881490013458;8.640244936222345;7.523561956057013;9.294620748891628;10.179909090014934;7.622051819456376;9.81698362325538;7.693486957499325;6.643856189774724;10.506803437795648;10.356451970221755;10.602698865017963;8.49585502688717;8.50382573799575;8.550746785383243;10.352043425795433;7.022367813028454;8.103287808412022;8.262094845370179;8.584962500721156;9.310612781659527;7.714245517666122;9.85642552862553;9.116343961237469;9.707359132080883;9.38586240064146;9.90839262077375;9.603626344986193;9.044394119358454;9.29920801838728
13.6691065113363;13.937649678896111;13.512863891390722;14.055960234452296;13.78983926832515;13.422984559025702;13.958190183693738;14.020372323884477;13.166163082646111;13.690107130050064;12.51717725268954;13.677499433285108;13.683871868622605;13.394462694610317;14.144180239058922;13.981567281903017;14.5995060973031;13.186114239541643;14.07648160120702;14.396939195091443;14.34519731065735;14.65430037494371;14.039947160169094;14.039433166324494;14.210290836058007;13.663335723478353;13.08530646999156;14.417720683658056;14.02271457304476;13.769217996126503;14.464354297206343;14.083562429491415;14.54182262142417;14.02851044759092;13.788004556283616;13.677499433285108;12.731531176461942;13.40899307934218;13.74850735637577;13.450180247164754;12.052228393347402;13.471802206605576;13.971363924361937;13.536732889835417;13.796952161509315;13.691089186236532;14.757077433254294;13.116506417748072;13.956829877743044;13.586722529048371;14.097620671932876;13.47040467706564;14.020632761657708;12.909893083770042;13.598750409571752;13.190596342475638;13.805139264316736;13.140989493445831;12.911204709977175;14.431171106634984;12.95764621521841;13.66855262986872;13.42600261332936;14.321575831415734;13.686281655144432;13.982637133669424;13.44643717584693;12.78749449969676;14.150857922538847;14.026177596889225;13.001232245244363;12.86727873970966;13.212344386559144;12.93110683302934;12.983884292164657;12.26238852375102;13.297632789142511;12.59898297103609;13.564625862795372;13.446824840780309;13.62605121423426;10.5980525001616;12.620219825507489;14.150857922538847;13.385323176175872;14.359612311115082;13.526865979393818;13.480790201095816;13.73312127365905;13.19598729802851;12.7795141791435;13.35397382181817;13.999735810460262;12.826747082520203;14.045930263291575;13.672314837200204;13.66211201631089;13.540370243743569;13.880253135551404;13.119427511067276;13.80231440599149;13.773654362961867;13.7795141791435;13.79644525906185
15.67725165870135;16.002419485778425;15.39971184285411;16.622023212434158;16.124565621917384;14.857446492656033;15.516777268990596;15.927986241698171;16.017895817356234;16.250816534284997;14.544722997755471;16.04041816037954;16.927928389265446;15.565816107100892;16.90498735021955;15.899710944038352;16.765506257661414;15.492072239088053;16.461431484552698;16.998480249047326;16.941036140318406;17.04907212639655;16.464258561114143;16.541051227836896;16.301246102355872;15.64543327516426;15.461095700764172;17.04107088368687;16.345370592788896;15.362731504734915;16.57256701023185;15.75861361415206;17.217853595363454;15.938522883636686;15.781026666642209;16.04041816037954;15.036259484702606;16.358290619422473;16.39452968298081;16.310595031857414;14.869738413933938;16.1685937767871;16.50452418801063;15.841834582049502;15.892353075734109;15.764508798526602;16.978878007181702;16.15833355545579;16.238311432872354;15.572108060062329;17.896101760529415;16.586942381693667;15.485766428363634;14.954014507722544;16.285962050460792;14.745464248276845;16.17143093609063;15.892851092421342;14.903740656510257;15.902375114486023;15.365638958234518;15.39486457818436;15.293004565378526;16.288397496991358;16.754052367528924;16.016177144641983;16.134867468443186;15.829028964915974;16.675460910996275;15.86891898838627;15.664447284547972;15.423477064079776;15.48069554952344;16.101401235329103;16.08250251822288;15.458022048382626;16.420700422176893;15.890478043048583;15.859267847576502;16.427689315366692;15.735106433783058;14.764664292073348;16.182161541746314;16.050210028566877;15.7047682393626;15.949963461264677;16.228330195419613;16.67920516953017;15.3292357417338;15.97960382407446;16.865926545021903;16.320888670154403;16.02570192373543;15.520342440374003;16.675254143155012;15.819081362649287;16.47046823051341;15.22622401599265;16.297507412936966;15.753556277508256;15.143144020581184;15.879319995011633;16.3730690466864;15.930021170686404
16.16298131569552;15.903622988266052;16.037160833809164;15.232308493318646;15.95834880253846;15.249557928724707;16.215021019112623;16.163826543107728;16.01667772901849;14.581082863754204;16.686856123441007;14.31025774411845;16.27215590371302;16.449116395930567;16.245181289256774;14.832543931495334;15.607503704175985;15.352940002325068;15.585754779190468;16.799673714930794;16.055748456485457;16.349540409559786;16.316493677183097;15.767330988018866;15.552278835106824;16.419071383001484;15.494136807365336;16.744321425829842;15.384682585245004;15.25863963890211;16.453093759252678;16.492338296265547;15.165535141377925;16.446243304309863;16.402762274004406;14.31025774411845;14.338527483033396;16.200228123135656;15.89166505565536;15.631432870336626;15.054689100086334;15.74698660468794;16.498818049166925;16.142186850175605;15.78820852843734;16.018026265843226;16.95688658277294;15.61726656681299;15.717917351867216;16.15262154806514;17.161496054515577;15.930668046626348;15.882834071545622;15.561108910019191;16.448245388310358;15.877164287450231;16.46953053313795;16.458102174514448;15.560093957642495;16.676934995905345;14.021413793008133;15.710994720660423;14.378362599204976;17.077942262505115;8.308339030139408;16.610693257597543;15.781282863375532;8.071462362556623;16.197293495529134;16.579050711907627;15.570033561381877;14.734868358746205;15.691798033522238;15.167692545421904;7.459431618637297;14.74740628253269;8.194756854422248;15.088871035643148;14.843577605036456;8.754887502163468;15.611255388699336;12.386401423640775;7.276124405274237;15.950259709566208;16.544964432789236;15.926017956356542;15.978241220950906;8.682994583681683;15.929327767308214;15.886625400039287;15.567807569023898;16.23043330453316;16.613401003135557;14.65273295816898;17.34315968506292;15.860141281864353;15.91837412099312;14.86727873970966;16.674495740766723;16.233900489669598;15.067812464029402;16.197139886602148;16.752236892602625;16.308196801614532
14.218260498797305;14.368506461507693;13.73798667210327;12.914198242454956;13.946266640200347;13.122827994807666;13.725259734837234;14.428032964193012;14.226863716982413;12.327271936805156;12.46352437327118;13.218411875434647;15.022411162588735;13.266493756312183;14.4553914414108;13.440739423014271;13.508785162064513;13.961630562578824;14.291674345701871;14.987574904227795;15.19487225310044;14.91713894678385;14.587425939613691;14.539946358022611;13.955195815729942;14.502085903985904;14.425347051432825;15.337830932691126;14.327131562682846;14.374360292304637;15.030106707274792;14.571693398896803;14.478327239758949;14.304208699445644;14.210823518780844;13.218411875434647;13.259301915079512;15.032174902293823;14.924209399311072;14.943293189202226;13.644870228269204;14.939165959633469;14.497727117258725;13.98681976417345;14.45744500882788;14.270879295328784;14.760356109613598;14.14473789473202;14.305206759008724;14.532051475746515;15.136270225111453;15.0809424092393;14.474973384391149;14.398342887645883;14.835705029771797;13.960092459790063;15.221247250430247;15.280843250978712;14.365775635326267;14.508166165598634;14.26700608999518;14.630380897751948;14.527904570799706;14.898459680434105;13.947819546020028;15.035529408461116;14.976877329653048;13.950647019424986;14.805391215041409;14.61056350392504;15.058625976659789;14.92569351045582;14.963483155240697;14.63180230029938;13.656983419574544;15.00886626655775;14.101401235329105;15.87058145436048;15.104189211153557;13.153710352151716;13.949917879203063;14.78978833559524;13.43149760425805;15.305705529987204;14.775095822585955;14.768959647713142;15.13574936041006;13.621250608337666;14.343810303829477;15.182045121827144;13.573292149952245;15.271681866743002;14.434693376772678;14.93741980030596;15.4520159626431;14.664891669286089;14.752485185884188;14.345821028950624;15.183984228356824;15.057907134500766;14.310399769619735;14.77853919446228;14.970645182266663;14.731159901472807
11.776021715252812;11.98655314975666;11.519636252843211;10.992230264965889;11.65687172561398;11.599912842187129;12.223700075986306;12.441128621804696;12.58096513597733;9.640244936222343;10.144658242831882;10.519636252843211;12.269711121142782;12.011576703176177;12.603858121842803;10.283088353024002;13.098361127332096;11.627077840517394;11.477758266443889;12.511505595792482;12.63662462054365;12.222794902868111;12.767356854125683;12.26209484537018;11.035486451292154;12.092096414990792;12.01262453886506;13.007903273382048;11.837627933171404;11.54061240824953;12.627533884472792;12.208843990734614;11.919235786028349;11.874981347653774;11.968666793195208;10.519636252843211;11.403544678202014;12.019243216603607;12.174925682500678;11.555547771647063;10.642954223480332;12.072132604167232;12.488844346457336;11.832494484336111;12.62113611327464;11.88378880325996;12.762797262498232;11.3409627642517;11.530406337099068;11.703903573444665;12.467605550082997;11.700439718141093;11.715533063526584;11.376668061857668;11.791162888555018;11.060695931687556;12.1999790076159;12.129283016944967;11.376668061857668;11.759888183221834;11.303780748177102;11.487840033823051;11.084808387804362;12.30435132166324;11.33147682185962;12.184875342908285;12.146250445885986;10.970105890612182;12.16867211813223;12.131213905086272;11.846665681899738;11.400345796534694;11.649705265471413;11.688250309133178;10.766528908598865;11.913263430628762;11.377210530388552;12.642728643769;11.89178370321831;11.11309098344238;11.615629636968098;11.482303782323182;10.77313920671969;12.175861383565296;11.78340754217352;11.598517810612622;12.082814337672271;11.367414751246828;11.638888382252262;12.017852331905962;12.370959793297386;12.162391328756906;11.763627351727628;11.982280604558284;12.48255589154897;11.91026795581084;11.760719947465624;11.406736482691723;12.512493573945038;12.02167404285837;11.287135186086704;11.81658370778757;12.703471046071948;11.637077657143664
13.134426320220928;12.935349243034;12.942697762886755;12.686281655144432;13.027387694052765;11.948367231584678;14.15552978959316;14.603394530887376;13.987796929042542;11.737669863177452;12.575775579874763;12.013322673425447;14.234667766192567;14.018895621121649;14.053586543639174;12.136350341454156;13.908767882849189;12.98850717892317;12.226412192788786;14.308552346639594;14.38747886584238;13.692506532697143;13.403677811136255;13.56759963439058;12.252369767926028;13.11488102884148;12.720671786825555;14.219319801859132;13.173052457774116;12.752798758435516;13.7526942418244;13.644532294625444;13.053077387099254;13.51039331104402;13.491477345568104;12.013322673425447;12.597587039586216;14.913356939073614;13.40899307934218;13.32206897619609;12.269711121142782;14.323195531678138;13.855063118367624;13.087960008003025;14.869882970141292;12.95164898590462;14.347067657165873;13.588831732700212;13.03083953214138;13.058837332677816;13.871905237659186;13.770147667541483;12.91139198784346;12.955286645524469;13.69490195142856;12.665335917185176;14.214622686302336;12.787902559391432;12.83289001416474;12.689779629377275;11.748612176736982;13.191676146352428;12.73492126770526;14.00378141003163;14.200898605038445;13.858952310750938;13.751857836240635;13.820877000464831;13.005098178239706;13.041488043881468;13.813280168450795;13.39901083295199;13.378294855911893;13.587191507529832;13.61275333504465;13.914011328541257;13.965423565810127;14.469578227375443;13.86978660094578;13.386940245324311;12.900866807980748;12.217351905270334;13.65250890240818;13.678049891165374;12.932030157887027;13.382488936445046;14.079651444144783;13.91606605089929;13.192292814470768;14.309121036488156;13.129121992887557;13.52258153125483;13.267371931265274;14.00615072817031;14.242578689451346;13.51039331104402;13.457765614851754;12.722380635163802;13.65183652627007;13.302638923787551;12.50432244829189;13.09589146332092;14.00544911354693;13.44475608969503
10.655530723155644;9.599912842187129;9.4757334309664;6.285402218862249;10.088788238716909;7.409390936137702;8.614709844115207;7.499845887083206;9.91737207947684;6.392317422778761;8.67595703294175;8.055282435501189;10.813781191217036;8.581200581924957;9.071462362556623;9.266786540694902;7.569855608330948;9.594324603924848;9.43879185257826;9.08214904135387;10.507794640198696;8.247927513443585;10.030667136246942;9.99717948093762;7.832890014164741;8.46352437327118;9.269126679149418;11.23840473932508;9.44086916761087;9.73809225962049;9.184875342908285;7.794415866350106;8.308339030139408;9.366322214245816;10.445014845868425;8.055282435501189;9.43879185257826;10.680359523513712;10.08214904135387;10.193525360501216;7.357552004618084;11.38316426063511;9.06339508128851;8.988684686772165;8.930737337562887;10.380461065088973;9.588714635582264;8.29920801838728;9.199672344836364;10.700439718141093;8.741466986401146;8.906890595608518;9.335390354693924;10.151016538892248;10.8649599151426;9.96000193206808;11.4797802640291;11.011227255423254;10.43567026093655;10.60177078840771;10.055282435501187;11.026523442519766;8.951284714966972;10.684748620421626;11.825356341479337;10.725366257895642;10.831307243802051;11.834471049984222;9.674192268145683;10.224001674198105;10.406205005418856;10.821773981970567;11.151650829973422;9.603626344986193;10.644757592516257;11.449664538476192;11.571752643503546;12.220075970984304;11.685624839726357;10.787086324551616;10.290018846932618;11.194756854422248;11.705632387361415;11.70433597118232;10.64745842645492;9.978710459106358;10.921097088106793;11.498849206531723;9.67065624911844;10.109830654278792;8.566054038171092;10.35424938194524;11.052568050804153;11.63117705570398;10.258566033889933;9.92481250360578;9.842350343413807;10.139551352398794;11.371776644337924;10.678600139099458;11.118941072723509;11.296916206879288;10.800899899920305;9.86573327085176
8.523561956057012;9.312882955284357;8.348728154231077;6.754887502163468;9.108524456778168;8.159871336778389;7.813781191217037;5.643856189774724;8.927777962082342;7.531381460516312;8.51175265376738;8.108524456778168;9.461479447286155;6.6293566200796095;7.741466986401146;8.939579214314692;7.851749041416057;8.164906926675688;9.531381460516313;7.693486957499325;9.98584193700334;7.357552004618084;8.658211482751796;9.759888183221834;8.960001932068081;8.731319031025064;11.51422090935813;8.945443836377912;7.994353436858858;9.954196310386877;9.194756854422248;9.03342300153745;8.67595703294175;9.430452551665532;9.057991722759176;8.108524456778168;8.118941072723507;9.649256177517314;9.61654884377899;9.00842862207058;8.622051819456376;10.1006623390052;7.807354922057604;7.442943495848728;8.930737337562887;9.172427508645482;8.546894459887637;9.25502856981873;8.43879185257826;9.31741261376487;9.147204924942228;9.879583249612784;9.4797802640291;9.43254190038826;9.071462362556623;8.357552004618084;10.184875342908285;8.717676423066395;9.296916206879288;9.164906926675688;9.111135670234708;9.022367813028454;8.915879378835774;10.65284497300198;8.939579214314692;9.398743691938192;9.59618975614441;9.199672344836364;9.002815015607053;8.851749041416058;11.287712379549449;10.10459875356437;9.923327485419192;9.22881869049588;8.741466986401146;10.703038388986418;8.50382573799575;10.79197682089869;10.514714054138487;7.86418614465428;9.06339508128851;9.83605035505807;8.573647187493322;10.52552080909507;9.74819284958946;9.216745858195306;9.899356922923111;9.105908508571158;8.954196310386875;10.251482410620213;6.6865005271832185;9.577428828035748;9.049848549450562;9.774787059601174;8.774787059601174;8.554588851677638;8.900866807980748;10.162391328756906;9.659995892429976;9.672425341971495;8.991521846075695;9.20212382383046;9.164906926675688;8.731319031025064
10.216745858195306;11.586370695113963;9.77313920671969;8.027905996569885;10.566054038171092;7.948367231584678;8.611024797307353;8.870364719583405;9.661778097771988;7.643856189774724;9.86727873970966;8.672425341971495;12.056299014550335;8.581200581924957;10.051208940914766;10.712527000439824;8.308339030139408;10.183635381473218;9.932214751968385;9.084808387804362;11.690434556395054;8.339850002884624;10.330916878114618;10.17367713630342;9.667111542075029;9.214319120800766;11.214926187942435;10.490850876740298;10.187352073200495;10.536247215688128;9.861086905995396;10.31741261376487;8.813781191217037;11.341518823245243;10.113742166049189;8.672425341971495;9.914385132155443;11.366322214245816;9.807354922057604;11.693051295397;9.016808287686557;11.564625862795372;9.052568050804153;7.988684686772165;10.50481898763284;10.746514321138465;10.091435386323608;9.749869427396844;9.269126679149418;11.019590728357882;9.94251450533924;11.383704292474052;11.578372691360803;10.834471049984222;10.821773981970567;12.125090539303256;12.569380959522295;10.348728154231075;10.671541066711884;12.132178380915544;11.4893462407191;10.52258153125483;11.699572453287267;12.089119397915168;12.041659151637214;11.458919206967591;11.287712379549449;11.53430288245463;9.668884984266247;10.811374693509942;12.075479149488016;11.572700226487292;11.82097669262124;10.980853606379736;11.454813348512523;12.116668855967111;12.104271128936894;11.791162888555018;12.70628015884916;11.451211111832327;11.801708358916462;10.567956075415466;11.414685235807214;12.455840909126398;11.344295907915816;12.473198383677529;11.043710863347156;11.963257356633047;11.608254821977908;11.06204613772049;8.894817763307943;11.029287226968243;11.180530807344482;11.332036548361652;10.530406337099068;11.48683502156305;11.258566033889933;11.065416134676548;11.561765263627708;10.88340698638837;12.397674632948268;11.024447124040648;10.537218400538595;11.413627929024171
12.199058823653022;12.025485656808389;11.767356854125683;7.936637939002571;12.290018846932618;11.139551352398794;12.298921740969751;12.019243216603607;12.58941707576861;10.410451351503994;11.713816080234498;11.566054038171092;13.179287104646004;12.041659151637214;12.434106928609957;11.434628227636724;8.20945336562895;11.909518114296617;11.785452468158542;11.50481898763284;12.167104482379932;12.210671343785622;11.222794902868111;12.23511671439625;10.91737207947684;10.953468962228849;12.469896148670918;12.83190098619642;12.32333628928017;12.103287808412022;10.571752643503546;12.181462881270017;11.277287400130357;12.068106475858771;12.212800334429431;11.566054038171092;11.700006150882864;13.019764452849738;11.447083226209651;12.403278375471054;11.257387842692651;12.669328004395904;12.445014845868425;12.0877943047879;12.4207497582968;12.121533517340032;12.647233549977043;11.897845456005513;11.885315061049376;12.486583659067268;13.261066499999393;12.96740640431177;12.160501747555688;13.04524773457825;12.685624839726357;11.933321820732946;13.204876767603992;13.025831668332026;12.749450465569916;12.366322214245816;12.233320082730822;12.309476353841106;12.274960472140602;12.701089824817158;12.25089053572334;12.880540134333732;12.717033749490891;12.306916113522542;10.86418614465428;12.511505595792482;13.618500215814974;13.426919899820705;12.934243729538608;12.972441366563537;11.839203788096944;14.046612469258132;12.56652978262417;13.934980832653832;13.290594888082572;11.60130652612184;12.494355603532846;12.95764621521841;12.032734528586714;13.144180239058922;12.671098725748465;12.628217680223434;13.409390936137704;11.72451385311995;12.748821794614704;13.73862008132209;12.696967526234287;13.280190792216906;12.756139298372927;13.601074338941668;12.96379921393177;12.477252323937952;12.02410078025291;12.14306428063141;12.89614316077451;13.247334178028728;12.56652978262417;12.60177078840771;12.855452509744048;12.458150248057557
12.375039431346924;12.495355392235982;11.980139577639155;12.349281228817452;12.317129926384542;12.01297364837454;12.30063855399372;11.897467341721892;12.274086905634414;11.62844554013718;11.38316426063511;11.519636252843211;12.466331422082767;12.455840909126398;12.732167425663384;12.19598729802851;13.257240501116575;12.034111146096592;12.510269670898175;13.342352510087794;12.86611979330307;13.057822541282478;12.965603936509982;12.589651146514786;12.432019846812493;13.572108060062329;12.74819284958946;13.136830946102725;12.75258971764099;12.815983626652724;13.128316602903544;12.285402218862249;12.43567026093655;12.502583213553354;12.517669388133813;11.519636252843211;11.767770648776704;12.858952310750938;12.69566329678802;12.54882190845875;12.213408040858337;12.768391118304248;12.651051691178928;11.777666280880757;12.945626722229823;12.436451292286977;12.99169898341288;11.977637690405876;13.14194745831562;12.4797802640291;12.696750236522169;12.523316912312747;12.58941707576861;12.257093144491057;12.443202577297011;11.79603960882977;12.85428402017621;12.286557761607956;12.711666973564348;13.174457604291558;12.430452551665532;12.51175265376738;12.728345714710976;13.147045888945716;12.69479315499995;12.49585502688717;12.689779629377275;12.322491537597468;12.712527000439824;12.508042334429003;12.601538675939848;12.60917873814198;12.446566409066069;12.288577736992703;11.922212717785449;12.475480126595476;12.488593333835407;13.390840695766675;12.923884546385334;12.436451292286977;12.74819284958946;12.11178773580101;11.606867837374152;13.46569393586282;12.368779260041338;12.995943767764953;12.59175607602299;12.356451970221755;12.940680648424092;12.779924501967908;12.350662988372257;12.559377090526684;12.655977862486942;12.708221730038352;12.764664292073348;12.220680621052203;12.972620862058744;12.737036036540228;12.671541066711884;12.416269744523207;12.728133100306216;12.445014845868425;12.458919206967591;12.370959793297386
11.12605911607068;11.105253779700885;10.687375683437468;12.617467465294196;11.594324603924848;10.73809225962049;11.39660478118186;10.838416075797335;10.90839262077375;11.820178962415188;11.390706372872774;12.603162679534382;10.118941072723509;11.637530551525307;10.52943055414615;12.4070021479242;11.623424289869911;11.269711121142782;11.777666280880757;11.214319120800766;10.827342704234116;11.365228849251544;11.128638812852598;10.71853287606922;11.507794640198696;11.140829770773;10.501837184902296;11.649705265471413;11.00982861736811;10.945443836377912;11.502831804066744;11.202736043250168;12.357277074642807;11.052568050804153;11.334831928118;12.603162679534382;10.992938336165814;10.594324603924848;10.12023787734196;10.113742166049189;11.828533210455618;10.31174831500496;10.97513145692134;10.64745842645492;11.281930026955443;10.965784284662089;10.792790294301064;9.952741247186488;10.894059846274022;10.706496018061188;10.659995892429976;10.134426320220928;10.449148645375436;11.60177078840771;11.14274527675153;10.101975670949232;10.745674324002136;11.119589620741122;11.500343969270403;11.688250309133178;11.035486451292154;10.939579214314692;11.349281228817452;10.86727873970966;10.8193807908646;11.066089190457772;10.935165049603697;10.51175265376738;10.962173031109709;11.1331422124006;10.076815597050832;10.57459352733761;10.52552080909507;10.225207436943505;10.22881869049588;10.207014320177532;10.688250309133178;10.935901682267588;10.515699838284045;10.667998535672528;11.432019846812493;10.617467465294196;10.048486873992337;11.355351096424812;10.39660478118186;11.663558104217271;10.335390354693924;10.82097669262124;11.232420927176076;10.357552004618084;10.900112062977456;11.03342300153745;11.274378153246364;10.752380646552892;10.954196310386877;11.135067945777816;11.189824558880018;10.944712061043486;10.7657004876511;10.755722153642282;11.757390009366638;10.810571634741146;10.48683502156305;10.533329732305834
5.129283016944966;6.149747119504682;5.554588851677638;6.0;6.539158811108031;6.523561956057013;6.022367813028454;6.087462841250339;7.011227255423254;4.392317422778761;6.409390936137702;4.087462841250339;7.434628227636725;4.857980995127572;7.03342300153745;4.523561956057013;7.491853096329675;6.0;5.129283016944966;7.011227255423254;6.108524456778169;8.668884984266247;6.491853096329675;6.768184324776926;4.857980995127572;6.022367813028454;6.714245517666122;6.965784284662087;6.189824558880018;5.807354922057604;7.734709620225838;7.426264754702098;5.857980995127572;5.906890595608519;6.768184324776926;4.087462841250339;6.523561956057013;6.459431618637297;7.149747119504682;6.087462841250339;6.129283016944966;7.312882955284356;5.523561956057013;5.321928094887363;6.894817763307944;6.339850002884624;6.658211482751795;7.86418614465428;6.523561956057013;6.108524456778169;5.523561956057013;6.857980995127572;5.672425341971495;6.0;5.930737337562887;5.614709844115208;6.409390936137702;6.129283016944966;5.554588851677638;6.339850002884624;5.0;4.906890595608519;5.930737337562887;6.714245517666122;4.087462841250339;6.459431618637297;6.3750394313469245;4.700439718141092;7.554588851677638;5.0;7.076815597050831;6.3750394313469245;6.357552004618084;6.022367813028454;4.954196310386875;6.044394119358453;4.700439718141092;5.643856189774724;6.78135971352466;4.523561956057013;4.643856189774724;4.857980995127572;4.459431618637297;7.592457037268081;6.539158811108031;5.672425341971495;5.832890014164741;3.906890595608519;5.977279923499917;6.459431618637297;6.599912842187128;6.539158811108031;5.169925001442312;5.882643049361842;6.584962500721156;6.266786540694901;6.9886846867721655;6.20945336562895;6.3750394313469245;6.614709844115208;5.247927513443585;5.954196310386875;5.930737337562887;5.426264754702098
12.932214751968385;13.077817120895904;12.63367640989232;12.292896755409172;12.849991443179317;12.490098754884238;12.860699032611988;12.934059394900794;13.034970865471829;11.67595703294175;11.580258567499788;12.3066313617125;13.231221180711186;13.194602975157968;13.159556028058768;12.45404219747008;13.154185209265297;12.61240779313867;13.087297080919154;13.301924824361556;13.274378153246364;12.960182981831874;13.210519152737335;13.199212228410556;12.65642486327778;12.99717948093762;13.248372354921251;13.489220783521674;12.799079209029006;12.965784284662089;13.427181874588246;12.987974524296153;12.960364008877834;13.031356596255709;13.004922678569043;12.3066313617125;12.376939321619846;13.239300174364203;12.850382205652153;12.789329860092431;12.540854532113636;13.116181486431184;13.252813241993014;12.483059977871669;13.538067651312495;12.953468962228849;13.47826403158172;12.391780606013166;12.671098725748465;13.011576703176177;13.483563888125094;12.993469161599249;12.94178124227853;12.963618617443972;13.232570825356987;12.279030136449649;13.386670859637618;12.809768128710411;13.186888010029962;13.111135670234708;12.967946705812707;13.02531261992172;12.735132884139947;13.454813348512523;12.987974524296153;13.210214722468027;13.364271474681054;13.004922678569043;13.067602418889496;13.151967870968187;13.334412966291072;13.020979938904212;13.012799104179676;12.82097669262124;12.313449940963055;13.477631797450522;12.806952328210736;14.174223508224696;13.246295253516342;12.41415667927414;13.178976011374523;13.136029849385553;12.477252323937952;13.466458885531264;12.842939559285137;13.210975677726395;13.272338184158624;12.8115753883758;13.099347810403192;13.35149140932002;12.187352073200495;13.415081526165672;13.272046524389935;13.282509306240836;13.274378153246364;12.94288099715904;13.205335081275733;12.677719641641009;13.204876767603992;13.06726628304434;13.121209716409284;13.0591754379151;13.25089053572334;12.985308297255852
12.475986690870654;12.588246152044816;12.278159031437236;11.369052007001388;12.163964091412272;11.737669863177452;13.067098185748383;13.855939101215789;13.157978449945432;9.60917873814198;11.09341756438796;11.335390354693924;13.502334580197996;12.502583213553354;13.48683502156305;11.04916787237217;12.422327623974558;12.790348496751914;11.430452551665532;13.0087787482805;13.757390009366638;12.48053778310184;13.02894204332241;13.18503026318128;11.026523442519766;11.879966079664356;13.090112419664289;14.189747357807576;12.537703747907644;12.772108342052116;13.91606605089929;12.395534135462302;11.76983784362944;12.701306461958623;12.758639637024576;11.335390354693924;11.71037597120447;14.368779260041338;13.079151405421891;13.027214885159834;12.561765263627708;13.538067651312495;13.050698944430026;12.1526017440192;13.03737535776324;12.793603309279408;13.830119025444516;12.44604940671655;12.389362455643884;12.993999791792524;13.79603960882977;13.264002687114218;12.698487638557692;12.3395716783847;12.814582465906277;12.21856323619027;13.441128621804696;11.728345714710976;12.398476501449256;12.548099416978388;12.059344460824423;12.575775579874763;12.428360172704291;13.332316330199218;12.952741247186488;13.076147528022505;13.149588363516528;12.735979039613404;13.14210705730255;12.907266248531066;13.453527867681784;12.767149912284852;12.969206622964236;12.889123656294238;12.479022346995178;13.570567288872004;13.275978964975623;14.15386865522324;13.592807390216146;12.476239906323851;12.511999669441453;12.085140461701762;12.503577318702687;13.593040911589412;12.378836713210614;12.684748620421626;13.355351096424812;12.733650916838716;13.140350496628438;13.847938201949098;12.93755773185546;12.735344469539005;12.541338657970826;13.261213451366048;13.463907474412858;12.627989784315703;13.374767814092824;12.457380879072534;12.8115753883758;12.934428040626804;12.370959793297386;12.797053520629804;13.407533331671324;12.901621158346112
15.78194876203928;16.79644525906185;16.38668769771677;14.522704120798252;16.248594724234646;15.469133019829592;15.956920604721088;16.335756704700533;16.700006150882867;14.398075622909868;15.779668063878946;15.429145170478744;16.512323813343126;16.466968626739956;17.10533563706088;15.69946400851397;16.510671462636402;16.421571778672124;16.401096171059258;16.06360573983322;17.921219152130632;16.700399076745313;16.232383450197183;16.67559873976224;15.605855653145907;16.062573218928225;15.343775611567969;18.219362346893984;16.39050486507988;16.013955066192146;16.828272871152073;17.052239008853444;16.874693240804913;17.25735100870935;16.854344902375736;15.429145170478744;16.152185796244105;16.827528785601352;14.491853096329674;15.466395155214704;4.954196310386875;14.155213530471844;16.845134723934873;16.86901541555209;15.842939559285137;16.061265703964658;17.556506054671928;16.031938071959086;15.427378324450006;16.667042222728238;17.2000939893548;14.923048874254617;16.30787673615767;14.77463265332491;16.35142239240701;15.708410354610876;17.054031908255894;16.111848851840456;15.43472595023744;15.743729955357235;13.578844391558205;16.061898520467867;15.448116305409464;17.690946011338507;12.440090524950488;17.241648050515636;16.936097287112943;11.095397022792556;15.695364244739997;16.53119867507262;14.889503963411476;14.561108910019191;15.75949812859462;15.983104944456905;11.34485068394299;14.62588003880553;12.243769031961852;15.402112722708882;15.92184093707449;11.92184093707449;15.594266279045986;13.044223335689608;11.220982851081777;16.4046925459765;15.977838895308665;16.995413852225152;16.502847339551682;12.980318117957545;16.723300972260276;16.093335027985816;15.840507491260094;17.036119939864594;16.953207481887706;14.827590807390566;17.43488066415235;17.205048652293442;15.49878689112922;16.667624401749563;15.702794962343894;16.418956128754097;14.26099301870257;16.687785730253868;17.24249495652619;16.321734360622077
11.453785055496157;11.34318571544788;10.762382038710392;11.914385132155443;11.54882190845875;10.038918989292302;11.276706019892432;11.86457308177364;10.851749041416058;10.220378327695228;12.19075064966236;10.711666973564348;11.467096033905747;11.384783750093352;11.443461612227392;11.624338545312986;11.667555107041132;11.119589620741122;11.861086905995396;12.759680167210965;11.493855449240822;10.744833837499543;11.821773981970567;10.965062756744627;11.36796070964157;10.505811553919594;11.094077685671904;11.43567026093655;11.287135186086704;11.25974326369078;11.593391122791736;11.121533517340032;11.724087461793989;11.818582177480858;11.33706433868474;10.711666973564348;9.280770770130603;11.653292945382814;11.230620933129869;11.09341756438796;11.103287808412022;11.282509306240836;11.68431031112435;11.096715154488535;10.891024190149498;11.332596057789214;11.854868383260236;10.602698865017963;11.025139562278508;10.891024190149498;10.897845456005513;10.8193807908646;11.217351905270334;11.236014191900084;11.65508344519798;10.414685235807214;11.373408960228696;11.615169813843602;11.23840473932508;12.218865910069676;10.750706986224948;11.290018846932618;10.44190670454224;11.740624044489412;10.066089190457772;12.002111776479852;10.855647166027266;10.066089190457772;11.785452468158542;11.616089313582115;10.91214085629572;11.30435132166324;10.800090987624994;10.60917873814198;9.665335917185176;10.83605035505807;9.620219825507489;10.98370619265935;11.295194955880657;9.802516365121225;11.13827180017222;10.092757140919852;9.398743691938192;12.038918989292302;11.563672959827514;11.759888183221834;11.306061689428342;10.072802534544207;12.141468555393084;11.184255495405347;10.7279204545632;11.285402218862249;10.974414589805528;10.897845456005513;11.6640027628865;10.951284714966972;11.632086412835182;11.41256984680521;11.721953612801386;11.467096033905747;11.794821973331224;11.199058823653022;11.011926066306808;10.918863237274596
12.653964643249012;12.312032058744862;12.485829308701904;11.133784409179908;12.07045641594465;11.526499239136566;12.55170826162069;14.441128621804696;12.010528105886484;10.263269200372662;11.01262453886506;11.398743691938192;13.066425600635556;12.086799685623452;14.340684654363438;10.837627933171404;12.260919533662904;12.245255580306557;11.580729651598958;13.02894204332241;13.053247125912426;12.575066464578656;12.48758884638603;13.025831668332026;11.223398414711628;11.840777923595054;12.74756363025512;12.858952310750938;12.58754314137182;12.16867211813223;12.806549621985962;12.141787841671004;11.73809225962049;12.526988205432009;12.37775279502222;11.398743691938192;12.0877943047879;13.866795958511538;12.614709844115207;12.356451970221755;10.24555270625568;12.64430696154558;12.993115299679175;12.773345291291273;13.415873780463938;12.764042217306589;13.825853188624407;11.99859042974533;12.179598130849836;12.45198377723019;13.717248005827646;12.69479315499995;12.127671967038982;11.278449458220482;12.453785055496157;11.324743110494415;12.8107724413447;11.096715154488535;11.441388029346689;11.69261550169458;11.59245703726808;12.3701424794954;11.96289600533726;13.010877723007034;12.271754805646474;12.766735939529964;12.642051692927977;11.94288099715904;12.344295907915816;12.851749041416058;12.521109643651332;11.859534786382651;12.072802534544207;12.36139553316589;11.688687423222536;12.537461094633018;12.249113452713727;13.488342277532524;12.644081593265676;11.793603309279408;11.62113611327464;11.4893462407191;11.602234901341063;13.089781488353998;11.682994583681683;11.901244032467376;12.761966695382092;12.080484457067568;11.880348808156027;12.878625729805355;11.77066389291676;12.042001306279133;12.175861383565296;12.563672959827514;12.657318449581288;12.27786854617684;12.570092874188056;12.014369242235135;12.63390340934852;12.1270270430046;11.47015043527436;12.563196272216738;13.071462362556623;12.5262546938286
10.729620743553038;10.599912842187129;10.31174831500496;10.337621901992508;10.489847960439295;10.824958740528524;10.744833837499543;11.3437409184722;11.051208940914766;8.988684686772165;9.86573327085176;9.622051819456376;11.473705749619416;9.67065624911844;11.333155350310616;9.741466986401146;10.774787059601174;10.886458695703706;9.967226258835993;12.273212809854334;11.45994384837493;11.33147682185962;11.229419688230417;11.32755264408124;10.360847084179664;11.98299357469431;11.478769619475765;11.455840909126398;11.139551352398794;11.037546953962178;11.63117705570398;8.64745842645492;10.489847960439295;11.186733289128869;10.815383295813538;9.622051819456376;10.319672120946995;11.6142497276894;10.949097155729207;11.293471648838134;10.433585441150496;11.98477446004684;11.028596777067108;10.59618975614441;11.388017285345136;10.760719947465624;11.583552930466483;11.30720080914081;11.253847484987404;10.987974524296153;11.81418188419028;11.41679752760606;11.043710863347156;10.632995197142955;11.451726268074506;10.603626344986193;11.922212717785449;12.03514274788591;10.659995892429976;10.658211482751796;10.30035256032822;10.745674324002136;11.243769031961852;11.500343969270403;10.048486873992337;11.4578938373147;11.637530551525307;9.894817763307945;11.4993476328766;11.189206834597025;11.769424641552751;11.368506461507693;11.36468185586456;11.169298695792843;9.76155123244448;11.268542000300124;10.474719946526482;11.65284497300198;11.680359523513712;9.702172685365548;10.356451970221755;10.623881490013458;9.649256177517314;12.064742764750257;12.231521210875703;11.307770031890705;11.698704666770343;10.105908508571158;11.545929769085468;11.61056350392504;11.102631888854969;11.705632387361415;11.03342300153745;10.897089128312755;12.085804380278086;10.906890595608518;10.06339508128851;10.597121428789569;11.847057346091336;11.837627933171404;10.366322214245816;11.3151495622563;11.652396861477678;11.234817431117325
10.273795599214264;10.404077136241234;9.774787059601174;9.264442600226602;9.78953364497036;9.407267764244732;9.794415866350104;10.577428828035748;10.07815080773465;8.335390354693924;8.939579214314692;9.14210705730255;11.345405246717796;9.67065624911844;10.905387005018133;9.095397022792556;10.211888294546004;10.43879185257826;9.965784284662089;11.0;10.365228849251544;11.270879295328784;9.971543553950772;10.654636028527968;9.469641817239516;10.972261848733291;10.48683502156305;11.117643101389092;10.4797802640291;10.309476353841106;11.018200178813226;10.14210705730255;10.098032082960527;10.649256177517314;10.014020470314934;9.14210705730255;9.569855608330949;10.852529509404196;10.044394119358454;10.792790294301064;9.59245703726808;11.213104219641906;10.428360172704291;10.197216693110052;10.699572453287267;10.099347810403192;10.89026427702111;10.30035256032822;10.46352437327118;10.29117069932186;11.144020869266893;10.774787059601174;10.122827994807666;9.807354922057604;10.787086324551616;9.73809225962049;11.185494924210866;10.929258408636972;10.0;10.37937836707126;10.13827180017222;9.971543553950772;10.605479518061667;10.94397991434374;10.365228849251544;10.545929769085468;11.27029532647204;9.92184093707449;10.809768128710411;10.321928094887362;10.8649599151426;10.498849206531723;10.757390009366638;10.417852514885896;9.791162888555018;10.7714894695006;10.179909090014934;11.30890780406394;10.902375114486023;9.821773981970567;9.988684686772164;10.5401280385821;9.967226258835993;11.006326078524934;11.007027266893967;10.468624042918018;10.79197682089869;10.439830883981392;10.593391122791736;10.79685079526716;10.20212382383046;11.020979938904212;10.330916878114618;10.747353829478062;11.212496385193948;10.318542809702723;10.066089190457772;9.98584193700334;11.339850002884624;11.001408194392807;10.148476582178278;10.547858506058416;10.873444112515376;10.543031820255235
9.447083226209651;9.69522829149575;8.43879185257826;6.727920454563199;9.337621901992508;7.0;7.787902559391432;6.285402218862249;9.531381460516313;6.930737337562887;8.174925682500678;8.280770770130603;9.86573327085176;7.266786540694901;7.714245517666122;9.306061689428342;6.149747119504682;8.915879378835774;9.398743691938192;7.826548487290915;9.489847960439295;7.592457037268081;9.233619676759702;9.12670447284319;8.64745842645492;8.321928094887362;9.73809225962049;9.383704292474052;7.857980995127572;9.13699111208023;9.184875342908285;7.761551232444479;8.326429487122303;10.34207466799914;9.157346935362844;8.280770770130603;8.396604781181859;10.28886607416582;9.108524456778168;10.179909090014934;8.515699838284043;9.92035285541508;9.353146825498085;7.741466986401146;8.0;8.491853096329674;8.330916878114618;7.679480099505446;8.7714894695006;9.893301530860564;9.08214904135387;9.005624549193879;8.957102041562287;11.21006248324023;10.7431513941125;9.290018846932618;10.579315937580017;11.140829770773;10.546894459887636;9.489847960439295;9.799281621521924;9.734709620225836;10.531381460516313;10.25502856981873;8.539158811108031;11.61286849729104;10.542064542283445;9.118941072723509;8.651051691178928;10.30149619498255;11.326991174900815;10.909143047339898;10.8193807908646;10.583082767502932;9.754887502163468;11.13827180017222;9.174925682500678;10.800090987624994;10.827342704234116;7.665335917185176;9.92481250360578;10.326429487122304;8.204571144249204;9.878050912728536;9.91288933622996;10.685624839726357;11.396069557639867;7.714245517666122;8.885696373339394;11.345959596404112;7.936637939002571;12.00105627463478;9.236014191900084;10.968666793195208;11.436711542137214;11.161761743304677;9.974414589805528;10.673309075561695;10.622051819456376;11.310612781659527;10.144658242831882;9.847057346091336;9.923327485419192;9.874981347653774
