TCGA-HC-A6AP-01A;TCGA-CH-5748-01A;TCGA-FC-A6HD-01A;TCGA-HC-A76X-01A;TCGA-VP-A87K-01A;TCGA-KK-A8IA-01A;TCGA-KK-A8I6-01A;TCGA-EJ-A46D-01A;TCGA-EJ-7123-01A;TCGA-J9-A8CM-01A;TCGA-ZG-A9KY-01A;TCGA-V1-A8WV-01A;TCGA-EJ-7218-01B;TCGA-EJ-7788-01A;TCGA-EJ-7781-01A;TCGA-KK-A7B2-01A;TCGA-HC-A9TH-01A;TCGA-EJ-5521-01A;TCGA-CH-5754-01A;TCGA-EJ-5518-01A;TCGA-HC-A48F-01A;TCGA-EJ-5507-01A;TCGA-EJ-A8FP-01A;TCGA-V1-A9OH-01A;TCGA-VP-A879-01A;TCGA-HC-A76X-01A;TCGA-VP-A87D-01A;TCGA-EJ-A65E-01A;TCGA-TP-A8TT-01A;TCGA-EJ-7793-01A;TCGA-EJ-A46I-01A;TCGA-VN-A88L-01A;TCGA-G9-6498-01A;TCGA-EJ-7312-01B;TCGA-KK-A7AW-01A;TCGA-KK-A6E8-01A;TCGA-V1-A9OQ-01A;TCGA-YL-A9WL-01A;TCGA-G9-7523-01A;TCGA-G9-6361-01A;TCGA-HC-8213-01A;TCGA-EJ-A8FO-01A;TCGA-G9-6363-01A;TCGA-V1-A9OL-01A;TCGA-G9-6332-01A;TCGA-G9-A9S4-01A;TCGA-KK-A8I5-01A;TCGA-XK-AAK1-01A;TCGA-FC-A8O0-01A;TCGA-KC-A7FD-01A;TCGA-YL-A8S9-01A;TCGA-G9-6356-01A;TCGA-CH-5761-11A;TCGA-HC-7752-11A;TCGA-HC-8259-11A;TCGA-CH-5768-11A;TCGA-EJ-7784-11A;TCGA-EJ-7125-11A;TCGA-G9-6348-11A;TCGA-G9-6365-11A;TCGA-EJ-A8FO-11A;TCGA-G9-6384-11A;TCGA-HC-8262-11A;TCGA-EJ-7321-11A;TCGA-HC-7747-11A;TCGA-HC-7819-11A;TCGA-EJ-7793-11A;TCGA-HC-7745-11A;TCGA-CH-5769-11A;TCGA-G9-6342-11A;TCGA-EJ-7315-11A;TCGA-EJ-7330-11A;TCGA-EJ-7792-11A;TCGA-EJ-7314-11A;TCGA-HC-7740-11A;TCGA-EJ-7781-11A;TCGA-HC-7737-11A;TCGA-EJ-7123-11A;TCGA-EJ-7794-11A;TCGA-HC-7211-11A;TCGA-G9-6496-11A;TCGA-EJ-7783-11A;TCGA-HC-7738-11A;TCGA-CH-5767-11B;TCGA-EJ-7782-11A;TCGA-G9-6356-11A;TCGA-EJ-7331-11A;TCGA-HC-8258-11A;TCGA-G9-6499-11A;TCGA-EJ-7786-11A;TCGA-G9-6362-11A;TCGA-EJ-7797-11A;TCGA-G9-6351-11A;TCGA-EJ-7328-11A;TCGA-EJ-7327-11A;TCGA-HC-8260-11A;TCGA-G9-6363-11A;TCGA-J4-A83J-11A;TCGA-EJ-7789-11A;TCGA-EJ-7785-11A;TCGA-G9-6333-11A;TCGA-EJ-7115-11A;TCGA-EJ-7317-11A;TCGA-HC-7742-11A
12.585197295260024;10.321928094887362;12.654636028527968;11.89026427702111;11.815783544128184;11.9762060901486;11.644757592516257;11.079484783826816;11.701306461958623;11.61378946447258;11.6965329140783;11.538673953082668;12.1373113907009;11.426264754702098;11.205793249397155;11.787902559391432;11.851358649033513;12.593157658103;12.445790836048076;12.008078410868256;11.4757334309664;11.613329054371054;11.122827994807666;11.141468555393084;11.21006248324023;11.89026427702111;11.080817527608328;11.834075953434883;10.298062567719017;11.574120435009748;10.809768128710411;11.506803437795648;11.970824901362615;11.933690654952231;12.32333628928017;12.461990950585571;10.868050853745158;12.45763738099176;12.109830654278792;11.956013078088098;11.1006623390052;11.478769619475765;10.144658242831882;12.022367813028454;11.541096615349524;12.292896755409172;10.958552715431011;10.841564347730577;11.826945650415484;11.208234358339787;12.069785394983302;11.154818109052105;11.29978040285854;12.037890085142507;11.158609688214478;10.24436383512051;11.1767964781476;12.285980105928212;11.68650052718322;11.232420927176076;11.121533517340032;10.800899899920305;10.4655664048094;11.862249900851513;11.96686590038754;11.682116764950074;11.397674632948268;11.325305455089682;11.788310503700918;12.00982861736811;11.096056239180946;11.519144787997414;11.23421867823847;10.901621158346112;10.637530551525307;11.024447124040648;11.04916787237217;11.821773981970567;11.075479149488016;11.172427508645482;11.789126046425231;11.425215903299383;10.623881490013458;11.0566377151132;11.61240779313867;11.510764167917891;11.711666973564348;11.839597483021176;11.998942951443086;11.183015000882756;11.952741247186488;12.292033985499543;11.81658370778757;11.585901449690772;11.747353829478062;11.618844301766652;12.141468555393084;11.31628153174622;11.771902080697716;11.726218159332198;11.760719947465624;11.090112419664289;11.400879436282183;11.52845411076479
10.855647166027266;12.922212717785449;10.452241240430816;12.979961015222829;13.166476950816804;12.866506212226202;12.558898981146704;12.161131882984307;13.373137035802127;12.219773550892874;13.01227534485612;12.721740054213049;12.889503963411476;13.149111990706889;13.520864182988744;11.537218400538595;12.707359132080883;12.59898297103609;13.70033133854138;13.748087998756109;12.53016245322715;12.527965641133957;12.572463389083676;11.595723694101627;12.638888382252262;12.979961015222829;12.56843119316746;12.247927513443583;11.867664848380745;12.71681946132995;12.44759985827995;12.05697633617822;12.222191138456331;11.657765035265363;10.20212382383046;10.973697366305352;10.722807531169549;13.020806360724263;12.26532202423487;12.54617100226735;11.62890115202819;12.802516365121225;9.98299357469431;12.787902559391432;11.848231701093818;12.754887502163468;11.63117705570398;10.356451970221755;12.62159403901754;13.252221912938362;12.4241662888181;12.851749041416058;12.713171684314805;12.37232095486726;12.458150248057557;12.39231742277876;13.485703545284585;11.4757334309664;12.45404219747008;12.29318423075951;12.3701424794954;12.614939847310737;12.918304233699931;13.594907723063336;12.635037871183252;13.323477033150423;13.044052531801302;12.475480126595476;12.735344469539005;12.200898605038445;13.359200485133632;12.732167425663384;12.95383268214528;12.833483105659584;12.084476237453892;13.336367081389795;12.649256177517314;13.981834819231716;13.64227737850386;11.794821973331224;12.231821178657404;12.177108041703692;12.178976011374523;13.49460561567122;11.99929538702341;13.093087390444218;13.189824558880018;12.418116141207488;12.585197295260024;13.407267764244732;12.147204924942228;12.494855584491198;12.700656452918167;13.29246543494927;13.01314817145476;12.682116764950074;12.743782540330756;12.983528071165097;12.69261550169458;12.505315356136236;12.512740462803498;12.652396861477678;12.993999791792524;12.64250302878052
6.022367813028454;7.118941072723508;7.149747119504682;6.857980995127572;5.392317422778761;7.149747119504682;6.569855608330948;3.584962500721156;6.539158811108031;6.22881869049588;9.381542951184583;6.569855608330948;6.459431618637297;7.554588851677638;7.22881869049588;5.700439718141092;7.994353436858858;6.614709844115208;9.310612781659527;7.761551232444479;5.614709844115208;7.087462841250339;4.857980995127572;5.459431618637297;5.087462841250339;6.857980995127572;5.357552004618084;6.807354922057604;4.700439718141092;4.954196310386875;5.20945336562895;5.169925001442312;5.357552004618084;4.459431618637297;4.906890595608519;4.857980995127572;4.0;6.845490050944375;3.321928094887362;3.807354922057604;3.169925001442312;6.022367813028454;4.0;8.276124405274238;4.087462841250339;7.22881869049588;3.906890595608519;4.523561956057013;4.643856189774724;6.507794640198696;6.22881869049588;6.6293566200796095;6.409390936137702;5.672425341971495;4.954196310386875;3.169925001442312;6.066089190457772;4.700439718141092;5.20945336562895;5.643856189774724;5.672425341971495;3.906890595608519;5.614709844115208;5.78135971352466;2.807354922057604;5.129283016944966;4.700439718141092;1.584962500721156;8.787902559391432;5.78135971352466;6.857980995127572;6.189824558880018;5.426264754702098;5.807354922057604;3.700439718141092;5.426264754702098;2.807354922057604;3.584962500721156;6.794415866350106;0.0;4.247927513443585;3.700439718141092;1.0;7.839203788096944;6.0;6.658211482751795;5.392317422778761;0.0;6.022367813028454;4.807354922057604;6.599912842187128;4.807354922057604;3.807354922057604;5.129283016944966;5.285402218862249;3.169925001442312;6.965784284662087;5.977279923499917;6.20945336562895;5.044394119358453;4.087462841250339;5.247927513443585;4.247927513443585;4.247927513443585
9.134426320220928;8.939579214314692;9.487840033823051;8.357552004618084;6.7414669864011465;9.78135971352466;6.20945336562895;7.954196310386875;7.870364719583405;8.0;9.335390354693924;6.584962500721156;9.025139562278508;8.388017285345136;10.041659151637214;7.599912842187128;7.459431618637297;7.507794640198696;7.651051691178928;7.977279923499917;5.807354922057604;7.672425341971495;8.071462362556623;7.348728154231077;8.027905996569885;8.357552004618084;8.980139577639157;7.321928094887363;7.129283016944966;8.51175265376738;7.643856189774724;7.894817763307944;10.29117069932186;7.169925001442312;5.392317422778761;12.421801860469872;7.813781191217037;5.614709844115208;11.1357092861044;8.717676423066395;7.011227255423254;8.599912842187127;7.507794640198696;8.543031820255237;13.045930263291575;7.826548487290915;7.321928094887363;11.561287945164828;8.89178370321831;6.643856189774724;13.0911047583765;8.566054038171092;7.022367813028454;10.184875342908285;9.843921051289035;6.9886846867721655;8.915879378835774;10.557463701597824;10.1331422124006;8.118941072723507;8.409390936137703;8.326429487122303;7.622051819456376;9.368506461507693;9.231221180711186;8.577428828035748;9.573647187493322;9.517669388133813;6.727920454563199;7.98299357469431;10.947636937951827;10.48683502156305;9.271463027904376;10.181152256865566;8.129283016944967;11.423641195075856;9.019590728357882;11.070120944476823;9.368506461507693;6.78135971352466;9.654636028527968;9.571752643503546;9.485829308701904;9.586839787961829;8.807354922057604;7.546894459887636;10.987264012072538;7.330916878114617;8.581200581924957;10.850186837645774;8.98299357469431;11.635718120331047;8.661778097771988;11.359200485133632;9.558420713268664;8.599912842187127;7.971543553950772;8.539158811108031;9.550746785383245;10.823367240046236;8.022367813028454;8.92184093707449;8.098032082960527;8.179909090014934
3.4594316186372973;4.087462841250339;1.0;2.584962500721156;3.0;1.584962500721156;2.321928094887362;3.807354922057604;3.0;3.321928094887362;4.392317422778761;2.807354922057604;4.523561956057013;4.754887502163468;4.087462841250339;4.392317422778761;3.0;2.584962500721156;5.129283016944966;3.807354922057604;3.0;3.0;3.4594316186372973;1.0;7.169925001442312;2.584962500721156;3.584962500721156;5.087462841250339;2.807354922057604;0.0;5.169925001442312;2.584962500721156;5.78135971352466;2.807354922057604;0.0;1.584962500721156;1.0;2.0;6.129283016944966;3.0;0.0;3.321928094887362;2.584962500721156;2.807354922057604;0.0;1.584962500721156;2.807354922057604;2.807354922057604;4.584962500721156;3.700439718141092;1.0;5.523561956057013;4.954196310386875;5.0;5.285402218862249;7.257387842692652;4.643856189774724;4.169925001442312;5.523561956057013;8.60733031374961;6.894817763307944;3.169925001442312;4.906890595608519;4.857980995127572;3.169925001442312;4.700439718141092;4.523561956057013;3.584962500721156;2.321928094887362;4.906890595608519;6.409390936137702;5.700439718141092;6.9886846867721655;6.149747119504682;3.584962500721156;6.539158811108031;4.321928094887363;5.0;6.129283016944966;2.807354922057604;8.076815597050832;3.807354922057604;3.4594316186372973;5.392317422778761;5.554588851677638;5.78135971352466;5.392317422778761;3.0;1.584962500721156;6.643856189774724;3.4594316186372973;6.169925001442312;3.4594316186372973;6.044394119358453;4.169925001442312;4.954196310386875;6.832890014164741;7.599912842187128;6.247927513443585;5.78135971352466;7.924812503605781;5.491853096329675;5.20945336562895;3.169925001442312
10.88264304936184;12.13859179463752;10.849405100947758;11.944712061043486;11.50332885662666;12.314016703901355;11.395534135462302;10.769011321097016;12.702172685365548;10.568906154502084;12.600609852446706;10.42940674151398;12.079818085212354;12.167731741103244;12.532355925288847;10.488844346457336;12.4797802640291;12.042343379793692;12.930552554336137;12.948732239819616;12.205793249397155;12.349281228817452;11.23840473932508;10.89633240390994;11.161131882984307;11.944712061043486;11.393926675640415;11.956013078088098;10.642051692927977;11.875749351420056;11.078817949961978;10.00982861736811;11.230620933129869;11.244958393151132;9.78135971352466;11.348174867535556;10.14338321398982;11.589182967039353;11.220982851081777;11.54978466794786;11.432019846812493;11.69566329678802;10.524541715035848;12.88340698638837;11.395534135462302;10.617467465294196;10.901621158346112;10.83289001416474;11.114393054867309;11.032045726930807;11.94288099715904;11.471167133724393;11.349281228817452;10.977995368612962;12.11829223302699;11.321928094887362;12.260919533662904;11.615169813843602;11.072132604167232;11.541096615349524;10.94104760634058;11.391243589427445;11.355351096424812;12.29117069932186;11.767770648776704;12.153552031708111;12.026869205263395;11.022367813028454;11.616089313582115;11.879583249612784;11.814582465906277;11.35149140932002;11.68255574108031;11.671541066711884;11.171802288682985;11.643405277115674;11.580258567499788;12.330076554797458;11.852139328187244;11.016111838220512;10.880348808156027;10.793603309279408;11.199058823653022;12.146250445885986;11.841171189248543;11.79400964502097;12.118616689351509;11.62067804213541;11.714245517666123;12.042685372219353;10.817783121774534;12.026523442519766;11.562242424221072;11.600842114387302;12.734074491428045;11.849405100947758;12.177108041703692;11.295194955880657;12.122180901259751;11.805743872151618;11.13699111208023;11.665780028329484;12.456354415108288;11.77313920671969
0.0;0.0;0.0;0.0;1.0;1.0;0.0;0.0;1.0;0.0;3.807354922057604;1.584962500721156;0.0;3.321928094887362;0.0;2.321928094887362;2.0;1.0;2.807354922057604;1.0;4.247927513443585;1.584962500721156;0.0;0.0;1.0;0.0;0.0;1.0;0.0;1.584962500721156;1.0;3.4594316186372973;1.584962500721156;0.0;2.807354922057604;0.0;0.0;1.584962500721156;1.0;0.0;0.0;0.0;0.0;0.0;0.0;0.0;0.0;1.0;2.321928094887362;0.0;0.0;2.0;1.0;1.584962500721156;0.0;0.0;0.0;0.0;1.584962500721156;4.392317422778761;2.584962500721156;1.0;0.0;1.584962500721156;0.0;1.0;0.0;0.0;1.0;2.0;1.584962500721156;0.0;1.0;0.0;2.584962500721156;0.0;0.0;0.0;0.0;0.0;1.0;0.0;3.321928094887362;1.584962500721156;0.0;1.584962500721156;1.584962500721156;0.0;0.0;0.0;2.0;1.0;0.0;0.0;0.0;0.0;0.0;1.0;0.0;1.0;0.0;0.0;0.0;0.0
10.82097669262124;10.13699111208023;7.584962500721156;8.79766152585376;8.826548487290914;8.022367813028454;10.372865060112588;10.949097155729207;11.410451351503994;9.684748620421626;5.554588851677638;10.89178370321831;11.965423565810127;9.14210705730255;11.11699367754698;11.151650829973422;9.659995892429976;10.99081307915361;10.337621901992508;10.199672344836364;6.807354922057604;9.902375114486023;12.39794197197264;10.41679752760606;11.355351096424812;8.79766152585376;9.20945336562895;10.524541715035848;9.060695931687556;11.279610581052484;11.885696373339394;9.566054038171092;8.554588851677638;9.328674927327947;7.499845887083206;10.020979938904212;10.410451351503994;7.651051691178928;10.536247215688128;10.066089190457772;8.447083226209653;11.52943055414615;8.51175265376738;9.290018846932618;8.994353436858859;10.333155350310616;8.339850002884624;7.266786540694901;12.060358182642142;8.59245703726808;11.02997734658958;12.297776062894147;12.578844391558205;11.749450465569916;12.363587246524578;11.643405277115674;12.985130373466898;11.762382038710392;11.922584402713664;12.702389159976336;11.980139577639155;12.242578689451346;12.660664477461278;12.60130652612184;12.619990662606378;12.63594479878872;12.233020426474496;12.615399743725495;10.377210530388552;12.044052531801302;12.259449046285685;12.118616689351509;12.62844554013718;12.078484417411447;11.929258408636972;12.602698865017963;12.954014507722544;13.333155350310616;13.065752701816972;11.28886607416582;12.014369242235135;11.985486199104637;12.332036548361652;13.652284811845306;12.2836671674915;12.60408986146918;11.916999049082808;12.566291930007871;11.855647166027266;12.02997734658958;8.661778097771988;12.12023787734196;12.202429966015352;12.14974711950468;11.888362741170644;12.700656452918167;11.57553924683453;12.35397382181817;12.717676423066395;12.261213451366048;12.506307581100309;12.53818893205242;11.839597483021176;12.06373212019692
11.752798758435516;11.446566409066069;9.7632123668144;12.14051027236822;10.707359132080883;11.068778277985412;11.30149619498255;11.395534135462302;11.753216749178955;12.120561896442904;11.339850002884624;10.96000193206808;12.24555270625568;12.653292945382814;12.41336348121097;11.508289986140348;11.99964773652837;12.009128789539256;12.252074042796185;13.007552934613717;11.216745858195306;11.295194955880657;12.16333519208196;11.055960234452296;12.2600374211066;12.14051027236822;11.158609688214478;10.953468962228849;10.715961990255144;12.036860446673046;11.830119025444516;12.095726668639047;12.711021616791836;10.693486957499324;9.036173612553483;10.40832974076739;11.015415052386688;11.486332252768664;14.073555834556563;12.483815777264256;10.539158811108033;11.837627933171404;9.88264304936184;11.230620933129869;10.019590728357882;10.390168956200185;11.105908508571158;9.623881490013458;12.460711852141213;11.179287104646004;10.373952655370193;12.56081046872794;11.390706372872774;13.48167331644727;13.237508748172656;11.10459875356437;12.826349864720092;11.834471049984222;13.511382050937696;12.187042714339894;13.14433959124784;13.121695390556573;11.771902080697716;13.095726668639047;11.820178962415188;13.00544911354693;13.451855028397755;13.124606006959192;12.107870914279614;12.147204924942228;13.52833200886121;13.30435132166324;12.841760886800548;13.102139753410698;11.499845887083206;14.28886607416582;11.900112062977456;15.339467292852603;13.322209843748894;10.122827994807666;13.229269462266736;14.05604493693527;12.04814625421956;12.508289986140348;11.79766152585376;10.470658874060552;13.550867004960905;10.99859042974533;13.027387694052765;13.930275335112052;11.59618975614441;13.532964631698826;12.618614920250804;14.245404150930328;12.43514933836693;12.637756945412145;12.850382205652153;12.950191349972702;12.46326891598129;13.220378327695228;12.865539970785695;12.33063682472329;12.58941707576861;12.052568050804153
12.55098721452152;12.43280285635187;12.31599862262856;12.697619199078714;12.409125710465316;12.309192106959902;12.386940245324311;11.99682652802066;12.98370619265935;12.412305204955272;12.921097088106793;11.594791118089264;13.059344460824423;12.469641817239516;12.634357301137976;12.490600213019594;12.552188759557149;13.239598529249124;13.29920801838728;13.182239149806843;12.157978449945432;12.284534954008423;12.3157156580222;11.53818893205242;12.473452088952232;12.697619199078714;11.707359132080883;12.46352437327118;11.557463701597824;12.891024190149498;12.207929445511668;11.679040186393062;12.45455634396194;12.5262546938286;12.59105477403678;11.78340754217352;11.339850002884624;12.610332801911134;12.020632761657708;12.001760028327215;11.785452468158542;12.526988205432009;10.517669388133813;12.392585756275468;12.523561956057012;11.4655664048094;11.741466986401146;11.538673953082668;12.12605911607068;12.479527669256347;11.724087461793989;12.404609397837712;12.619073646817748;12.130892269806624;13.11699367754698;11.741466986401146;12.692179576312538;12.51668494930961;12.613559277788264;13.023061249735337;11.97656412341533;13.046612469258132;12.228518097716194;13.242280950302444;12.363860976729532;13.13651056079364;12.89822347121556;12.061708704660624;12.521600439723729;12.791162888555018;12.298349015658186;12.3188252203997;12.4797802640291;12.096056239180946;11.42678889459556;12.037890085142507;12.079151405421891;13.02997734658958;12.44475608969503;11.67065624911844;12.107217075591382;11.90350531042388;11.57790083688697;13.254733389246674;12.326991174900815;13.290594888082572;12.803727526553114;12.219168520462162;11.754887502163468;12.480032814583948;10.93810932621924;12.652620934638165;12.779719355143405;12.526499239136566;13.111950706153165;12.933506249629444;12.746304367701304;12.723234300893376;12.84313591111135;12.4578938373147;12.633449374713493;12.557463701597824;12.687594389576123;12.717676423066395
15.668497230024585;16.217048913556336;15.719495778353323;16.35235384226789;16.037268099773577;15.371844694385857;15.000176099486442;14.712312041780274;16.496214032444087;15.145772969449098;15.988263069964038;14.19129059488139;16.26605446829837;16.118961344262754;16.08928494901305;15.049720946958544;16.763251276721245;16.23017058349584;17.095716368346388;17.309645098932773;15.436841649459382;16.173638101818618;15.236799026991228;14.811123785660325;15.071504261780932;16.35235384226789;14.889218742472613;15.352940002325068;16.218846994812456;15.718720157408534;14.971274101179706;15.447083226209651;15.49394924137926;15.700764808097976;14.132981618529351;16.101688481729433;14.77267540877074;15.972104752305752;15.31064828060863;15.752511319533454;16.023992530765643;15.889646552738116;16.32078292398116;15.53339057342512;15.452048147337994;15.151730096754072;15.59729605044852;14.92740761294903;15.163924793234836;16.570952635964044;15.776381624208376;15.653376924720654;15.146847069293392;15.177030157122418;15.964431123667882;15.020155256487037;16.61132744095157;16.6183711624227;15.455519875047573;16.504182765805346;15.60877459762325;17.131555564021138;17.1546500221246;16.11445406064108;15.7290364952082;16.4053243152725;16.421686824157696;15.166594633778535;15.869449258058928;16.154066509638966;15.661611109515434;15.735027079802624;15.871857121360522;15.51797688755755;15.145096273872104;15.787520006809338;15.847277610481324;16.567629341173127;15.860214044191483;15.246517943188914;15.571723021504283;15.519728383866024;15.234518085739987;16.377447796245658;15.944162985854788;17.95651228838106;15.782511974789088;15.483311954999351;15.886506327479497;15.845710554733882;17.82564825991016;16.28406496777351;16.191676146352428;16.21617745775159;16.34850340710174;16.53767341848018;16.66441950595643;16.161446847518008;16.199058823653022;16.156774386398652;16.11914377529938;15.870774080165248;16.449648419608874;15.873444112515376
8.94251450533924;9.457380879072534;6.832890014164741;8.81698362325538;8.734709620225837;7.948367231584678;9.06339508128851;9.076815597050832;9.247927513443583;7.832890014164741;9.905387005018133;8.997179480937621;8.813781191217037;9.308339030139408;9.81698362325538;9.095397022792556;9.152284842306582;9.353146825498085;10.805743872151618;9.328674927327947;6.672425341971495;9.531381460516313;9.50382573799575;8.413627929024173;8.848622940429339;8.81698362325538;7.714245517666122;8.94251450533924;8.566054038171092;9.324180546618742;9.39231742277876;8.43879185257826;10.127994320976391;7.636624620543649;7.294620748891627;6.409390936137702;8.204571144249204;8.447083226209653;9.264442600226602;8.696967526234287;8.31741261376487;9.51175265376738;7.434628227636725;8.90388184573618;7.357552004618084;9.632995197142955;9.445014845868425;5.832890014164741;9.741466986401146;8.312882955284355;3.906890595608519;10.047123912114026;9.774787059601174;10.380461065088973;10.10459875356437;8.294620748891628;9.447083226209651;9.54882190845875;10.002815015607052;10.103287808412022;8.693486957499324;9.558420713268664;9.257387842692651;10.368506461507693;9.169925001442312;10.236014191900084;9.605479518061667;9.071462362556623;9.507794640198696;9.834471049984222;11.65954999687987;9.94251450533924;9.802516365121225;9.236014191900084;9.703903573444665;10.14974711950468;9.14210705730255;9.92035285541508;9.876516946565;9.447083226209651;9.930737337562888;8.044394119358454;8.144658242831882;10.25502856981873;9.813781191217036;8.965784284662087;10.553629293916364;8.507794640198696;9.346513733165636;10.258566033889933;8.426264754702098;10.134426320220928;9.884170519108435;10.20212382383046;10.145932145820517;9.216745858195306;9.923327485419192;9.712527000439824;9.663558104217271;9.94397991434374;9.451211111832327;9.41574176829009;9.457380879072534;9.54882190845875
10.733015321685963;12.23421867823847;10.386940245324311;12.470913026274877;12.213104219641906;12.456867738380344;12.170863950411928;10.92481250360578;12.586136091480489;11.328674927327947;12.853309555403674;10.660887270302569;12.07815080773465;12.779308973959898;12.86534664481678;10.61654884377899;12.581671358578143;12.4983506079296;12.677719641641009;13.022541203454828;12.3701424794954;12.654859754207394;11.40832974076739;11.202736043250168;11.483815777264256;12.470913026274877;12.163020639580791;11.72451385311995;11.131213905086272;12.077817120895904;11.207014320177532;11.689124404913258;11.378294855911893;10.30035256032822;9.348728154231075;11.369597346278676;10.63117705570398;13.159871336778387;11.582141981658776;12.377210530388552;11.828929827651486;11.973697366305352;11.302638923787551;12.067770457447825;12.018895621121649;12.222493052246469;11.32023644524165;9.971543553950772;11.463013413449692;11.93258386928929;12.217048913556338;11.9901039638575;11.57459352733761;11.531868775177552;11.869979332899964;11.420486612825774;12.47649307734159;11.26620091249896;11.325867580575418;11.208234358339787;11.222191138456331;11.171802288682985;11.584492796975876;12.393658591454772;11.807354922057604;12.33399388276136;12.070120944476823;11.289442575688332;12.451468712947358;11.523071826940395;12.352595231134304;11.583082767502932;11.88760142450871;11.887220615468385;11.276124405274238;12.33371442609397;11.971184272404678;12.875941288497554;12.255323690008137;11.211279947482009;11.26209484537018;11.271463027904376;11.23421867823847;12.237209960755022;11.667555107041132;11.631631805917635;12.111135670234708;11.639792893279312;12.465056167831175;12.356176830516356;12.161131882984307;11.967226258835993;11.756556322524087;11.897845456005513;12.521600439723729;11.844705764411938;12.919422024335052;11.252074042796185;12.144658242831882;11.79685079526716;11.233619676759702;11.709945380232496;12.303495376790377;11.830119025444516
13.681677655209691;10.756556322524087;11.413098984915264;10.706496018061188;10.234817431117325;10.487840033823051;11.7515440590891;12.587308728333545;10.936637939002573;11.91026795581084;13.094077685671904;12.180530807344482;11.101975670949232;11.328113894833656;11.897089128312755;13.891309054409655;11.555068391333338;12.687375683437468;12.238106137432077;12.197523878257789;9.778077129535358;10.873444112515376;12.932030157887027;11.825356341479337;12.664225040837929;10.706496018061188;10.373952655370193;11.759888183221834;10.778898476008376;12.109504215757006;12.39473062943157;11.564625862795372;13.135067945777816;11.41256984680521;11.707359132080883;10.051208940914766;10.642954223480332;9.884170519108435;13.311322594732095;12.281930026955443;9.845490050944376;12.445532219028312;10.41256984680521;11.200285605224298;10.038918989292302;11.65508344519798;10.3297963382207;10.10459875356437;14.068778277985412;10.699572453287267;8.134426320220927;13.126220482330105;13.3972735315025;13.931845540183671;13.654188473059545;13.27772328161035;13.966775796709472;14.59333276016138;14.140350496628438;14.994795371321157;14.044735626056909;13.56271942704932;14.747825838329282;14.193217322699065;16.522366974485337;13.514837313999376;13.629015032522458;15.496604154575603;11.942147920394849;14.2321960506982;13.290162878784272;13.96605476462555;13.37000621550088;12.980139577639155;15.7737573721398;13.451468712947358;15.683871868622605;14.230620933129869;13.912515144802397;15.968689290135584;14.32678056760998;13.863895873695071;15.227503134450028;14.645602146391854;13.631972774534868;14.706549977818112;13.351905441476942;16.457525167013536;13.465948964154254;13.064742764750257;11.289442575688332;14.19067349813204;13.454813348512523;13.886363427434055;13.209301046034142;13.489095315413504;13.339850002884624;13.609755885423706;13.746094383705463;13.71177450496535;15.096632806531044;13.166476950816804;13.1526017440192;13.301067438218515
16.042044069904318;16.634073635504453;16.35340531277609;17.235004490442176;16.929189046631098;16.770831626399918;16.267682823420532;15.44258718287163;17.166153273165413;16.162706018482417;16.73414066372526;15.70274086195611;16.91160264638817;16.69627480114968;16.832667541979323;15.88943266346298;17.016394811365522;17.214376044197994;17.94581529898583;17.579323304263824;16.224171295488958;16.69647857835184;15.573765513926924;15.82664778832278;15.834964768561605;17.235004490442176;16.045717007753076;15.952081438215986;16.22554637622402;16.486190817470682;15.542850505028143;16.064742764750257;15.969656326855189;15.908744431828929;14.992805599284342;16.6116732416801;15.610880658969032;17.38782381396622;15.885219717227454;16.733372878414144;16.527965641133953;16.465295363883666;15.295768934420508;16.349160261867993;16.449213142102582;16.106930927958903;15.970824901362615;15.712446394695776;16.043198208900225;16.84492638809646;16.510146020155364;16.56727281940417;15.696886046427368;15.670960466379054;16.09481996125598;15.792815707955484;16.494199323942063;16.31930166312921;15.850601963040182;16.750733152104917;16.008165971639134;16.604336044042288;16.498849206531723;16.62911467058147;16.311783786024467;16.622881176445226;16.616103676116555;15.719736403540232;16.675943254080096;16.25266543245025;16.039304639245383;16.05118769466029;15.90388184573618;15.76492341074798;15.604292603111228;15.80705298720543;16.35242281463683;16.779886039160274;16.160541139084334;15.810421011444184;16.25063151408072;15.384547687744648;15.603394530887376;16.66205636858795;15.74968614656818;17.286305065707545;16.347119576638566;15.991388978798357;16.527874034663125;16.17541310253224;16.881854815394114;16.327026273127068;16.41083224797056;16.376125389276176;16.587499191828286;16.445419059502612;16.83605035505807;15.946814915494844;16.187564718943513;16.227728743558213;16.437492010125354;16.30750323669052;16.42028922221946;16.253404328774153
11.669328004395904;13.370687406807216;11.552669097514272;13.082648042352986;12.673529924401144;13.14338321398982;12.765907637488615;12.13024878405069;13.746934136372298;12.127349541059118;13.439441334892786;12.04507705193494;13.249854170007245;13.666556894018951;13.908767882849189;11.502831804066744;13.569380959522295;13.51360424123979;13.17648484729189;14.084310133597755;13.04336911395769;13.660107344787471;12.561049226699671;12.301210371298426;12.621365094314864;13.082648042352986;12.81277897162766;12.89045429283184;12.151650829973422;13.205793249397155;12.388286419762649;12.427312844134963;12.720458038393296;11.889884170302828;9.584962500721156;12.467096033905747;11.526010107061737;13.1373113907009;13.295194955880657;13.03514274788591;12.80755617685892;13.150857922538847;11.338179249900112;12.621822947394202;12.8957646000164;12.254438148267257;12.45994384837493;11.179909090014934;12.430713885791938;12.762589665542569;12.992938336165814;12.984418458801136;12.781769511863132;12.823367240046236;13.380055148544896;12.406736482691723;13.640696837570092;13.08696550311009;12.878050912728536;12.615169813843602;12.579315937580017;12.8668925276766;12.675736555361906;13.674302629212166;12.757806672197228;13.586018775355935;13.623652908052923;12.691743519171276;13.138751765258174;13.098525621379464;13.54677390880832;13.177730967033272;13.22881869049588;13.148317686309303;12.229720093237413;13.681128580020994;12.75676478940414;14.656033745160467;13.456097684964202;12.100333819126542;12.770250927394864;13.033939140726387;12.27873982655011;13.551107414066758;13.104271128936894;12.824163209744158;13.690761908445976;12.539158811108033;13.138911718142744;13.625708843064466;11.9683067944308;13.496104779340126;13.018026265843226;13.538310202597684;13.848133874679752;13.159871336778387;13.326008077730997;12.47040467706564;13.507918492629631;13.308339030139408;12.717033749490891;13.088291357347815;13.589182967039353;13.075813377461454
8.826548487290914;8.693486957499324;8.59245703726808;9.296916206879288;8.573647187493322;8.936637939002571;9.079484783826816;8.199672344836364;10.14338321398982;9.154818109052105;11.028596777067108;9.78463484555752;9.586839787961829;9.052568050804153;9.105908508571158;9.398743691938192;10.041659151637214;10.059344460824423;11.481799431665753;10.948367231584678;9.266786540694902;9.199672344836364;9.403012023574997;8.622051819456376;9.076815597050832;9.296916206879288;8.918863237274595;8.965784284662087;8.357552004618084;8.876516946565;8.965784284662087;9.296916206879288;9.815383295813538;8.820178962415188;7.870364719583405;8.527477006060396;7.800899899920305;10.219168520462162;10.430452551665532;9.779719355143405;7.294620748891627;9.521600439723729;7.339850002884624;9.400879436282183;8.087462841250339;8.83605035505807;8.693486957499324;7.665335917185176;8.83605035505807;8.467605550082997;8.50382573799575;9.712527000439824;8.72451385311995;9.535275376620802;9.4797802640291;8.654636028527968;9.754887502163468;9.134426320220928;9.426264754702098;9.394462694610317;9.310612781659527;9.03342300153745;8.366322214245816;10.271463027904376;9.611024797307351;9.189824558880018;10.118941072723509;9.321928094887362;10.108524456778168;9.266786540694902;10.370687406807216;9.78463484555752;9.640244936222343;9.471675214392045;8.689997971419446;9.571752643503546;9.162391328756906;10.37937836707126;9.870364719583405;7.965784284662087;9.505811553919594;9.43879185257826;9.044394119358454;9.453270634010623;9.199672344836364;8.936637939002571;9.939579214314692;8.679480099505446;10.171176797651771;10.404077136241234;8.64745842645492;10.084808387804362;9.366322214245816;10.214319120800766;9.552669097514272;9.319672120946995;9.49585502688717;9.422064766172811;9.902375114486023;9.91737207947684;8.98299357469431;9.49585502688717;9.61286849729104;8.794415866350105
10.004220466318197;13.222794902868111;9.594324603924848;13.231671202562785;12.984062369686436;12.91737207947684;12.608947814565514;12.057653339963936;13.736084774161505;12.025139562278508;13.3445733225962;12.075813377461454;12.870364719583405;13.429145170478744;13.94388836987587;10.774787059601174;13.052058534626903;12.714030814928783;14.043625433588971;14.083396220385138;12.913450441458098;13.172114932533136;12.249113452713727;11.72749506902543;12.532112370794998;13.231671202562785;12.808763116450413;12.25591374933779;12.003869231979056;12.922398572219317;12.357002092264985;11.972979786066292;11.43567026093655;11.56652978262417;9.434628227636724;11.256798386079389;10.871135184243045;12.970105890612182;12.486332252768664;12.644982855229008;11.92184093707449;12.791366414695004;10.074141462752506;12.354800344350595;12.083146870816742;12.14561377551339;11.86457308177364;10.273795599214264;12.160501747555688;13.032906677628253;12.699789318382136;12.847840355630714;12.49859992877026;12.127671967038982;12.40832974076739;12.319954310686944;13.513110716890193;11.42678889459556;12.255618749839597;12.249113452713727;11.925554439873554;12.470658874060552;13.150857922538847;13.632313662586126;12.700222950799256;13.252813241993014;13.252517607762288;12.518898992777316;12.889123656294238;12.09901899101923;13.459815807989589;12.640470904590089;12.885505729792254;12.902940323128275;12.264149339723328;13.326148561205557;12.866506212226202;14.003517912108602;13.58660526060361;12.141468555393084;12.156715144224702;11.873828574886977;12.371504412043336;13.416005780559267;12.135067945777816;12.822769974444292;13.197830998012195;12.594324603924848;12.428098411832506;13.386940245324311;12.4070021479242;12.28886607416582;12.351767443959892;13.222191138456331;13.21204034123855;12.651724433108065;12.896521622224974;12.585197295260024;12.795024983961389;12.586136091480489;12.309192106959902;12.660218788535618;13.103943429891558;12.659772961881613
9.98299357469431;11.485829308701904;9.63662462054365;11.4983506079296;11.448632567730552;11.287135186086704;11.381002109550924;10.696967526234287;11.535275376620802;10.650154213675094;11.41732511767992;10.25974326369078;11.30435132166324;11.984418458801136;11.820577882655774;10.178664851006472;11.794821973331224;11.59898297103609;11.73640193131829;12.205182326228645;11.4993476328766;12.139871063212489;11.269711121142782;10.430452551665532;11.326991174900815;11.4983506079296;11.474212937193943;11.060695931687556;10.728770849542665;11.62113611327464;10.91139198784346;11.037546953962178;10.569855608330949;10.230020435705637;8.62935662007961;10.634811050171718;9.930737337562888;12.107544031975989;11.52258153125483;11.74777340052679;10.909893083770042;11.538673953082668;9.86727873970966;11.163020639580791;11.261507309202056;11.212496385193948;10.571752643503546;9.250298417906333;11.12023787734196;11.487840033823051;11.29978040285854;11.566054038171092;11.321928094887362;11.286557761607956;11.631631805917635;11.13249972962851;12.227014193649133;11.264442600226602;11.418379719364957;11.43514933836693;11.210671343785622;11.345959596404112;11.578844391558205;12.021327032624372;12.231821178657404;11.889884170302828;12.12638183054264;11.580729651598958;11.11699367754698;11.476239906323851;12.107870914279614;11.756556322524087;11.810973220002165;11.71295682169755;11.62296694479051;12.1901333218648;12.172114932533136;13.116506417748072;12.250002267840449;11.51717725268954;11.29232163280204;11.737669863177452;11.659995892429976;12.36468185586456;11.591522346570734;11.458406613236534;11.945077995107816;11.97906787148051;11.580258567499788;12.227315099905493;11.407798850221974;11.813380386924727;11.573173784686484;12.01854794187165;12.098032082960527;11.445532219028312;11.671098725748465;11.152284842306582;11.854089179870574;11.875749351420056;11.394998514501673;11.709083812550343;11.805340828416384;11.400345796534694
12.34318571544788;12.059006395201113;12.068106475858771;12.766942940755785;12.711882028352088;12.528942415064895;12.413892328372643;12.653964643249012;12.64543327516426;12.416533660199583;12.280770770130603;12.65127597334664;12.7255792804196;12.866506212226202;12.588246152044816;12.949279579076595;12.791773380858745;12.679040186393062;13.64824521820721;13.300209542232352;12.019243216603607;12.529186505250893;13.01244995242558;11.840384550711669;12.11829223302699;12.766942940755785;11.937005926516589;12.43827205612483;11.597121428789569;12.646558710154547;11.669328004395904;11.860699032611988;13.598517810612622;12.198138052401116;10.862637357558794;12.41204051455165;11.714245517666123;12.075813377461454;13.400212355750169;13.012100716151568;12.161761743304677;12.411246151840444;11.115693952197011;12.33371442609397;12.1270270430046;12.715318552331349;11.640696837570092;11.091435386323608;11.827342704234116;12.479275030250204;12.620219825507489;13.019590728357882;12.874597192401634;12.992407315348498;12.426526848451733;11.597587039586216;13.611255388699336;12.538431462950005;12.74819284958946;13.082648042352986;13.04882741336389;12.235415935602528;13.265615046484458;13.43840202279677;13.119589620741122;12.490349505739289;13.491352073563435;13.060189278463422;12.99169898341288;12.569380959522295;13.55158811212731;12.753425699145414;13.613559277788264;12.750706986224948;12.788514432606608;12.58331786813751;13.553509304309202;12.87209768680786;13.167418145831736;12.81016993766466;13.173052457774116;13.055282435501187;13.575657418193968;13.455584087578613;12.80634822671225;13.102795896703824;12.66289085913906;13.979514512467604;12.929998062609029;13.279610581052484;12.687375683437468;13.900206427698745;12.822969090453288;13.606173844717032;12.217654833364024;13.04011845076483;13.027214885159834;13.703903573444665;13.056807035580608;12.65217275350971;12.967226258835993;12.507051302247916;12.7868821936647;13.020459141699511
12.065416134676548;8.491853096329674;7.417852514885898;9.52552080909507;8.625708843064466;9.611024797307351;8.933690654952233;5.392317422778761;9.569855608330949;10.681238411777803;9.428360172704291;8.214319120800766;9.321928094887362;8.016808287686555;10.35424938194524;10.31174831500496;10.568906154502084;9.99717948093762;11.500343969270403;9.710806433699352;8.622051819456376;9.614709844115207;8.076815597050832;7.491853096329675;6.066089190457772;9.52552080909507;6.149747119504682;7.918863237274595;9.851749041416058;8.326429487122303;5.357552004618084;7.03342300153745;9.583082767502932;7.693486957499325;9.366322214245816;4.247927513443585;7.78135971352466;8.794415866350105;10.071462362556623;7.813781191217037;8.939579214314692;9.661778097771988;7.199672344836364;9.774787059601174;9.214319120800766;6.727920454563199;9.499845887083206;6.523561956057013;6.339850002884624;8.266786540694902;6.658211482751795;8.974414589805527;6.459431618637297;8.839203788096944;5.129283016944966;4.169925001442312;10.007027266893967;6.266786540694901;7.672425341971495;4.169925001442312;4.807354922057604;4.906890595608519;4.643856189774724;7.294620748891627;4.321928094887363;6.857980995127572;7.219168520462161;3.321928094887362;7.94251450533924;5.247927513443585;10.812979471251484;9.874981347653774;8.997179480937621;7.546894459887636;5.426264754702098;10.025139562278508;5.357552004618084;9.61286849729104;10.24198314969433;4.700439718141092;7.531381460516312;7.05528243550119;3.4594316186372973;6.066089190457772;10.117643101389092;6.672425341971495;8.90388184573618;3.906890595608519;7.693486957499325;9.294620748891628;5.614709844115208;6.266786540694901;5.321928094887363;7.800899899920305;5.807354922057604;2.807354922057604;10.098032082960527;8.271463027904375;8.741466986401146;6.247927513443585;5.392317422778761;6.321928094887363;5.78135971352466;7.965784284662087
8.851749041416058;8.011227255423254;9.339850002884624;9.014020470314934;8.164906926675688;9.372865060112588;8.027905996569885;7.066089190457772;8.479780264029099;7.417852514885898;11.086799685623452;9.027905996569883;8.535275376620802;8.86418614465428;7.721099188707186;7.539158811108031;9.264442600226602;8.693486957499324;10.542064542283445;9.60917873814198;7.693486957499325;8.861086905995395;7.409390936137702;7.417852514885898;6.94251450533924;9.014020470314934;7.409390936137702;8.727920454563199;6.066089190457772;7.507794640198696;7.169925001442312;7.727920454563199;7.651051691178928;7.20945336562895;7.400879436282184;8.39231742277876;7.05528243550119;9.226412192788786;7.794415866350106;7.312882955284356;6.022367813028454;8.174925682500678;7.266786540694901;10.220378327695228;6.285402218862249;9.240791332161956;6.569855608330948;6.807354922057604;8.087462841250339;7.918863237274595;8.774787059601174;7.930737337562887;6.7414669864011465;8.422064766172813;7.2384047393250786;6.442943495848728;7.459431618637297;7.686500527183218;7.977279923499917;7.727920454563199;8.011227255423254;6.832890014164741;7.129283016944966;7.60733031374961;7.0;7.761551232444479;7.876516946564999;6.94251450533924;9.348728154231075;7.857980995127572;8.842350343413807;7.569855608330948;6.918863237274595;7.426264754702098;6.409390936137702;7.622051819456376;6.507794640198696;7.960001932068081;7.614709844115208;6.022367813028454;7.845490050944375;6.954196310386875;6.129283016944966;8.467605550082997;7.467605550082998;7.303780748177103;8.049848549450562;6.321928094887363;8.169925001442312;8.179909090014934;7.971543553950772;8.479780264029099;7.599912842187128;7.845490050944375;7.539158811108031;7.409390936137702;8.810571634741146;7.948367231584678;6.954196310386875;7.577428828035749;7.523561956057013;7.672425341971495;7.189824558880018;6.954196310386875
11.992584344005802;10.860311054919482;11.284824100224624;11.328113894833656;11.141468555393084;11.826945650415484;11.350939181546432;11.064742764750257;11.7047682393626;10.665335917185176;11.680359523513712;11.82097669262124;11.756139298372927;10.9901039638575;11.653740778706569;11.622051819456376;11.160501747555688;12.350939181546432;12.544240006441658;12.155766938445652;11.578844391558205;11.524051918717824;11.436190995481416;10.79197682089869;11.41415667927414;11.328113894833656;10.969386521342283;11.389093521904474;10.177419537989236;11.574120435009748;11.15608307628868;11.36139553316589;11.790348496751914;11.603162679534382;11.17804232886482;10.884933647949762;10.27262978497637;12.013322673425447;12.150381968817848;11.618844301766652;10.459431618637296;11.498849206531723;9.539158811108033;12.025831668332026;10.871135184243045;11.922584402713664;10.54978466794786;10.312882955284357;11.515699838284045;10.687375683437468;10.651051691178928;11.830515206976838;11.766942940755785;11.95310515059134;11.705200378063116;10.887220615468385;11.879966079664356;11.745254141957256;11.963979787815338;12.245255580306557;11.937005926516589;11.700006150882864;11.625708843064466;12.456867738380344;11.578372691360803;11.75446999527562;12.07815080773465;11.358101707440849;11.486332252768664;11.841171189248543;11.995767150877802;12.121209716409284;12.026523442519766;11.480285320936373;10.792790294301064;12.060695931687556;11.467096033905747;12.7425199716613;12.187352073200495;10.854089179870574;12.14974711950468;11.780949798749663;10.758223214726724;12.35947504884954;11.70433597118232;12.060020354507852;11.860699032611988;11.310612781659527;11.661778097771988;12.100333819126542;10.753216749178955;11.996473488733228;11.618844301766652;12.207014320177532;11.718104713121756;11.578844391558205;11.661332752795186;11.724087461793989;11.991876099003417;11.891024190149498;12.076815597050832;11.62296694479051;11.674192268145683;11.561287945164828
11.13827180017222;11.568906154502084;9.902375114486023;12.410186320725094;11.1357092861044;13.999735810460262;12.581435989454384;11.07347215397646;11.108524456778168;10.91513244895065;12.158925203806964;11.10459875356437;11.925925264972856;12.131213905086272;11.256208688527389;11.254438148267257;11.90275194485016;11.632995197142955;12.239598529249124;11.81257844413538;12.737036036540228;11.693922488081014;11.525031345124;10.961449694398196;11.843921051289035;12.410186320725094;11.668884984266247;10.488844346457336;11.112439506781552;11.31797782240712;11.121533517340032;11.5980525001616;10.80332391904149;9.94397991434374;11.004220466318197;9.290018846932618;10.124121311829189;12.072132604167232;11.11504365016171;10.45532722030456;10.90312867681232;11.960725994839056;8.912889336229961;12.229720093237413;10.750706986224948;10.148476582178278;11.94982671075911;9.94982671075911;11.5980525001616;12.115693952197011;10.072802534544207;11.576484346796851;11.589182967039353;11.068778277985412;11.417852514885896;10.319672120946995;11.97405602262563;11.121533517340032;11.000704269011246;12.041659151637214;11.426264754702098;10.804937672051908;12.035486451292154;12.296055838078784;11.171802288682985;11.203959703239462;11.734709620225836;11.124767535822471;11.802516365121225;11.121533517340032;11.797256217509783;11.352043425795433;11.681677655209691;11.1705510353167;10.918863237274596;11.666667840690357;11.154818109052105;12.039261794341057;12.122180901259751;10.671541066711884;11.152284842306582;11.468114886378098;10.79685079526716;12.550746785383245;11.194141238863136;11.907266248531066;11.079484783826816;11.407798850221974;11.110483309816226;11.699572453287267;11.341518823245243;11.643856189774723;10.944712061043486;11.449148645375436;11.369597346278676;11.410451351503994;10.665335917185176;11.98584193700334;11.932952892194717;11.64430696154558;11.294620748891628;11.314583244274194;11.286557761607956;10.98655314975666
10.714245517666123;12.409125710465316;8.933690654952233;9.517669388133813;10.001408194392807;13.887125397500434;15.047422170071828;9.91288933622996;10.485829308701904;10.635718120331047;11.158609688214478;11.706496018061188;9.7279204545632;11.433585441150496;11.095397022792556;12.065079488999862;14.681348235173807;15.365126303787587;15.097456074666194;12.493855449240822;13.024273962540002;12.754887502163468;11.713816080234498;11.368506461507693;10.703903573444665;9.517669388133813;10.118941072723509;10.99717948093762;9.876516946565;13.495355392235982;10.711666973564348;13.282364508223864;12.826151214800207;10.348728154231075;15.181540526922245;9.791162888555018;10.505811553919594;13.955740708739398;12.878050912728536;12.090443275081606;9.988684686772164;13.725366257895642;10.285402218862249;11.151016538892248;9.659995892429976;9.550746785383245;10.459431618637296;9.240791332161956;10.398743691938192;15.231558710259446;7.714245517666122;14.264002687114218;11.381002109550924;12.057653339963936;11.338179249900112;10.679480099505446;13.733545003757078;11.360847084179664;11.106562940444883;12.926851910929878;13.275251543470327;11.180530807344482;14.9049168114081;12.736824699098864;11.399811959325683;10.567005370247031;11.914385132155443;11.700873155140265;14.789126046425231;12.79685079526716;12.022367813028454;13.134426320220928;11.98049663618346;12.611255388699336;11.246146774635864;12.338179249900112;12.531868775177552;12.812377888766893;13.607792641919213;10.558420713268664;12.830911279742782;12.449922415863757;10.964340867792416;15.001012278628464;12.240195053979924;14.532599438672984;11.591522346570734;11.672867276433792;12.940497134458203;12.129605011152504;12.02997734658958;11.687375683437468;10.78953364497036;12.67087750439698;10.619302955415687;12.16679075071818;12.230921088137896;13.395534135462302;12.978889176361571;11.82137539237254;12.733015321685963;11.664447284547972;11.86573327085176;11.102631888854969
7.03342300153745;6.392317422778761;6.285402218862249;6.149747119504682;6.285402218862249;5.554588851677638;5.977279923499917;5.357552004618084;6.754887502163468;5.930737337562887;7.965784284662087;4.954196310386875;5.78135971352466;6.882643049361842;5.643856189774724;5.954196310386875;7.562242424221073;6.599912842187128;8.005624549193879;8.144658242831882;5.169925001442312;7.531381460516312;5.584962500721156;5.78135971352466;5.700439718141092;6.149747119504682;5.285402218862249;6.247927513443585;4.906890595608519;5.672425341971495;5.930737337562887;6.20945336562895;6.442943495848728;6.426264754702098;6.409390936137702;6.339850002884624;5.044394119358453;6.7414669864011465;7.330916878114617;5.930737337562887;5.807354922057604;6.189824558880018;5.554588851677638;6.442943495848728;5.857980995127572;6.906890595608519;7.022367813028454;5.643856189774724;5.247927513443585;5.882643049361842;4.584962500721156;6.357552004618084;5.087462841250339;6.321928094887363;6.643856189774724;5.087462841250339;5.857980995127572;6.392317422778761;6.832890014164741;6.22881869049588;6.672425341971495;6.066089190457772;6.475733430966398;6.794415866350106;6.129283016944966;5.977279923499917;6.930737337562887;6.357552004618084;6.918863237274595;6.022367813028454;6.894817763307944;6.832890014164741;6.459431618637297;6.442943495848728;5.554588851677638;6.807354922057604;5.78135971352466;7.409390936137702;6.339850002884624;5.727920454563199;6.409390936137702;7.087462841250339;6.066089190457772;7.3750394313469245;6.303780748177103;5.832890014164741;6.459431618637297;5.977279923499917;6.189824558880018;6.442943495848728;6.189824558880018;6.714245517666122;6.266786540694901;6.954196310386875;5.459431618637297;6.189824558880018;7.159871336778389;6.266786540694901;5.977279923499917;6.392317422778761;6.459431618637297;6.022367813028454;5.857980995127572;6.266786540694901
12.59944798152872;12.911204709977175;12.462757865660365;13.543756853375896;13.436841649459382;13.429799009166976;13.096056239180946;12.558898981146704;13.758223214726724;12.701956178268135;14.187352073200495;12.382083590141969;13.710698830116169;13.2428763671664;13.205640542856566;12.544240006441658;13.399144384911438;13.508908929493996;13.984151400205205;14.00842862207058;13.11162474703725;13.011751395316717;12.666667840690357;12.424428764037762;13.041659151637214;13.543756853375896;12.917185576336395;12.988684686772164;11.862249900851513;12.873444112515376;12.635718120331047;12.62113611327464;12.501588422932391;13.042856338035856;11.413627929024171;12.735979039613404;11.970465440779996;12.972441366563537;12.93147623388679;13.034798962577268;12.4797802640291;13.159871336778387;11.12088584278779;13.706496018061188;12.92740761294903;13.329095558568856;12.531868775177552;11.97692206785108;13.427181874588246;13.353836022014743;13.074308741440255;13.00982861736811;12.976027040189834;12.848427334023928;13.168985440978698;12.173052457774116;13.205487820150566;12.627761852402616;12.887791791341588;13.143542654233215;12.777460812669784;12.742309436084;12.700439718141093;13.678930187152346;12.765286098723683;13.14449892583753;13.052398232071583;12.691743519171276;12.91606605089929;12.897089128312755;12.8957646000164;12.844901876019785;12.863411958941638;12.645208082774683;12.479022346995178;13.062889375245748;13.007903273382048;13.931845540183671;13.050698944430026;12.42783660345852;12.84725313832084;12.6476832678862;12.129605011152504;13.64745842645492;12.762382038710392;13.15876745463608;13.09391268366556;12.63026712502677;13.100333819126542;13.166163082646111;12.518898992777316;13.264589208126823;12.966325193888276;12.91904952367693;13.26839579355656;12.940864139049571;13.191676146352428;13.101975670949232;13.171645941347052;13.023754353299417;12.746724244025833;12.92184093707449;13.03083953214138;12.830317129810208
6.459431618637297;5.491853096329675;7.539158811108031;6.614709844115208;6.044394119358453;6.523561956057013;6.149747119504682;5.614709844115208;5.857980995127572;5.754887502163468;5.857980995127572;6.700439718141092;6.714245517666122;5.807354922057604;5.0;6.20945336562895;6.727920454563199;6.599912842187128;6.523561956057013;5.930737337562887;6.108524456778169;5.614709844115208;5.491853096329675;5.584962500721156;4.954196310386875;6.614709844115208;5.247927513443585;6.6293566200796095;4.087462841250339;5.392317422778761;5.0;6.129283016944966;7.988684686772165;6.523561956057013;8.087462841250339;7.011227255423254;5.491853096329675;7.409390936137702;5.954196310386875;6.409390936137702;6.247927513443585;5.169925001442312;4.169925001442312;6.539158811108031;6.507794640198696;7.108524456778169;5.247927513443585;4.857980995127572;6.3750394313469245;6.108524456778169;5.807354922057604;6.285402218862249;5.285402218862249;6.845490050944375;5.906890595608519;4.906890595608519;5.357552004618084;4.857980995127572;7.087462841250339;7.05528243550119;5.426264754702098;5.954196310386875;5.459431618637297;5.169925001442312;5.643856189774724;5.807354922057604;5.321928094887363;5.727920454563199;6.129283016944966;6.857980995127572;4.700439718141092;5.20945336562895;4.954196310386875;4.857980995127572;4.754887502163468;5.426264754702098;5.129283016944966;6.3750394313469245;5.321928094887363;5.523561956057013;6.339850002884624;4.700439718141092;4.700439718141092;6.523561956057013;4.523561956057013;6.149747119504682;5.700439718141092;5.426264754702098;6.491853096329675;5.129283016944966;7.108524456778169;5.087462841250339;6.491853096329675;5.832890014164741;5.954196310386875;5.523561956057013;7.189824558880018;5.584962500721156;4.584962500721156;4.459431618637297;6.539158811108031;4.954196310386875;4.584962500721156;5.554588851677638
12.782998208920414;12.348451537407128;12.146886835415884;12.333155350310616;11.881113960675096;12.32023644524165;12.380190466749834;11.551227603598289;12.575775579874763;11.64430696154558;11.860311054919482;11.400879436282183;12.829524549078345;12.334552633752422;12.097373768990222;12.393122273589531;12.682336269711378;13.483185971936717;12.657318449581288;13.131374695840508;12.256798386079389;11.90388184573618;12.342352510087794;11.59898297103609;12.122504484313904;12.333155350310616;10.659995892429976;12.140190703191836;11.388017285345136;12.621365094314864;11.7431513941125;12.01262453886506;12.395801871389748;11.462502272597265;12.206098613995795;11.872290110288091;11.777666280880757;12.036517070486518;12.329516067206534;12.405141463136344;11.777255315191924;12.65709510488839;11.497851836951115;13.033939140726387;12.322773176454564;11.798471801101618;11.667555107041132;12.203653885529596;12.181773438808808;12.652620934638165;11.533329732305834;12.357277074642807;12.2836671674915;12.349281228817452;13.36098421597397;11.924070185585345;12.465821455643775;13.57553924683453;12.61677855400014;13.112602403528848;12.222191138456331;12.884170519108435;11.921469060531413;13.053756222562145;12.564625862795372;12.813380386924727;12.744833837499543;12.037890085142507;12.065079488999862;12.754887502163468;12.026869205263395;12.216442739160492;12.261213451366048;11.815383295813538;11.728345714710976;11.877667574067882;12.214622686302336;13.055282435501187;12.113742166049189;12.308339030139408;12.75676478940414;12.171802288682985;11.728770849542665;12.80634822671225;13.01524080333268;13.159871336778387;12.526010107061737;12.715533063526584;12.282509306240836;12.136670762341843;11.77561028075954;13.28828934218097;12.782998208920414;12.3063465536885;13.119103237062562;12.815783544128184;12.520864182988744;12.221889161471266;13.1728962458698;12.679480099505446;12.751753251439336;12.714674827308002;12.55026580686874;12.576248129843252
10.696098170955864;11.687813062564931;9.958552715431011;11.91139198784346;11.55170826162069;11.35974956032233;11.325305455089682;11.127349541059118;11.905763049602792;10.932952892194717;11.32023644524165;12.354524889449351;11.862249900851513;12.69283341500077;11.577428828035748;11.37232095486726;12.180219982170192;12.231821178657404;12.14338321398982;12.641600215834355;10.814582465906277;11.647008638441648;11.752380646552892;11.310612781659527;11.392854039872873;11.91139198784346;10.958552715431011;11.539643506238036;11.14210705730255;11.643856189774723;11.04916787237217;11.03342300153745;11.81257844413538;10.63117705570398;9.46352437327118;10.200898605038445;10.109830654278792;11.3151495622563;11.959639764364184;11.50084187955693;11.521600439723729;11.733439082899434;10.03342300153745;11.787086324551616;11.901998185668496;11.479275030250204;11.375039431346924;9.312882955284357;11.3409627642517;13.137791675355247;10.632086412835182;12.228518097716194;11.955286645524469;11.723660944409984;11.657765035265363;11.237807473723135;12.50308035175293;11.31628153174622;11.475226777742266;12.026523442519766;12.011576703176177;11.48733761520718;12.508042334429003;12.264442600226602;11.450180247164754;11.813380386924727;12.237209960755022;11.640696837570092;11.658657792126084;11.709514660706716;12.681458050210274;12.208234358339787;12.087131301540529;12.079818085212354;10.916625922211235;12.54399845013454;11.474212937193943;12.850772862313322;12.774787059601174;10.62844554013718;11.458919206967591;11.774375272802065;11.089450481115907;12.934980832653832;11.480790201095816;12.540370243743569;12.20945336562895;11.208234358339787;12.066761932386909;12.502831804066744;11.866506212226202;12.112439506781552;11.446566409066069;12.431758749166155;11.83605035505807;11.564625862795372;11.939946452458686;12.113416611485944;11.85642552862553;11.893680738390907;12.202736043250168;11.71037597120447;11.532842910961282;11.84901407369482
13.2895866650808;13.47294463377961;13.82137539237254;13.997885127829113;13.344018439881326;13.96785666961329;13.226562716555511;12.886458695703706;13.867568330900134;12.877092375027413;16.263250858425298;12.33371442609397;13.7365076348785;13.341935726886604;13.612638163604773;12.759680167210965;14.395801871389748;13.926759273112983;14.86181388763884;13.805844615494482;13.943064208162005;13.523929443651667;13.352181396917892;13.449535582494796;13.377888329339656;13.997885127829113;13.027905996569883;13.570092874188056;12.230020435705637;13.642954223480332;13.243173983472952;13.187815987146577;13.68255574108031;13.073974164666753;12.226713224618962;13.447470717605748;12.440090524950488;14.714460188456028;14.037461158413944;13.660218788535618;12.541580659991167;13.631404448728468;11.528942415064895;14.90867407648088;12.935717559359942;13.728345714710976;13.068106475858771;11.743992861060176;13.483689838192037;13.039947160169094;14.003693582737847;13.806146803320525;13.62159403901754;14.223624666580813;13.580611894994322;13.296055838078784;14.177497401553005;13.169142076887963;13.980764372110905;14.140749902804927;14.059513463933724;13.705632387361415;14.236761663571585;14.221133942357078;13.036860446673046;14.508413796055969;13.943155804939336;13.80019212646908;13.37232095486726;14.03333696038395;14.33049677763869;14.298349015658186;13.618844301766652;13.918490592292311;13.071629952153245;14.436125913941272;13.536611486625777;15.192408410403756;14.259007607644609;12.357277074642807;14.016460104979208;13.884742903579696;12.894628321374654;14.581730194859666;13.233170262382703;14.430975172588068;14.236911111444602;12.219471067394355;14.007377733321269;14.35024859944484;12.885315061049376;14.055790814565905;13.624567018674917;14.583905452164242;13.899640146764789;13.866699382882029;14.092344222676417;14.226562716555511;13.834767301405412;13.7820767842453;14.47351550830037;13.86785786397283;13.721206019396329;13.483437927061503
11.462502272597265;11.806549621985962;11.376668061857668;12.3188252203997;11.493855449240822;12.467860240707878;11.328674927327947;11.296916206879288;11.86611979330307;11.757806672197228;12.65306897657993;11.085472459181284;11.90048948483465;11.786678033890652;12.330356716957944;11.020285500844649;12.406205005418856;12.222493052246469;12.878817284614229;11.338179249900112;11.407267764244732;11.581200581924955;11.879583249612784;11.305491792110685;11.86534664481678;12.3188252203997;11.510269670898175;11.834471049984222;11.728345714710976;12.040289721025715;11.43827205612483;12.175549550636193;10.84862294042934;11.211888294546004;9.501837184902296;10.519636252843211;10.722807531169549;12.903693590364233;11.832494484336111;12.166163082646111;11.978352958165145;12.092757140919852;10.96000193206808;12.49735289347705;11.599912842187129;11.691307330191115;11.235415935602528;10.659103963473662;11.095397022792556;12.302353326431202;11.940680648424092;11.984062369686436;12.374767814092824;11.2246046815385;12.179909090014934;11.620219825507489;12.47015043527436;12.6965329140783;11.20212382383046;12.529918528120325;11.565578136784328;11.260919533662904;11.507794640198696;12.795227966028678;12.326429487122304;12.167731741103244;12.19383333254655;11.771902080697716;12.14338321398982;12.089450481115907;12.391780606013166;11.866506212226202;12.083146870816742;11.36139553316589;11.698704666770343;12.317129926384542;11.897845456005513;12.56652978262417;12.382624026574916;11.47269083924278;11.721099188707186;11.791569912126878;11.756556322524087;11.938844457466171;12.613329054371054;12.03342300153745;12.177419537989236;12.148476582178278;12.018200178813226;12.151650829973422;12.292033985499543;12.34179677239183;11.975847968006784;12.151333719291657;12.415213598765286;11.8649599151426;12.34485068394299;12.07347215397646;12.89633240390994;12.339293300180094;11.919235786028349;12.065416134676548;12.288000889707574;11.736824699098864
8.294620748891628;9.661778097771988;8.483815777264256;10.023754353299417;10.733015321685963;10.348728154231075;9.623881490013458;8.86418614465428;10.105908508571158;9.105908508571158;10.250298417906333;10.490850876740298;9.449148645375436;10.39660478118186;10.240791332161956;8.108524456778168;10.710806433699352;9.731319031025064;11.645208082774683;10.828136484194108;9.73640193131829;10.161131882984307;8.614709844115207;9.124121311829189;9.280770770130603;10.023754353299417;9.929258408636972;9.055282435501187;8.717676423066395;8.76487159073609;8.08214904135387;9.419960177847887;10.401946123976536;8.027905996569885;7.011227255423254;8.527477006060396;8.049848549450562;10.480790201095816;9.447083226209651;9.995767150877802;9.06339508128851;8.954196310386875;7.754887502163468;10.376125389276174;9.936637939002573;9.79766152585376;9.159871336778387;7.383704292474052;9.139551352398794;9.86727873970966;9.457380879072534;9.94104760634058;8.643856189774725;8.954196310386875;8.577428828035748;8.375039431346925;9.567956075415466;8.566054038171092;9.224001674198105;8.696967526234287;8.804131021183318;8.243173983472952;9.813781191217036;9.324180546618742;7.954196310386875;9.187352073200495;9.426264754702098;8.330916878114618;9.94104760634058;8.954196310386875;10.181152256865566;9.442943495848729;9.214319120800766;8.945443836377912;8.238404739325079;9.992938336165814;8.262094845370179;10.527477006060396;9.674192268145683;8.03342300153745;9.047123912114026;9.22881869049588;7.882643049361842;9.89178370321831;9.157346935362844;8.569855608330947;9.501837184902296;7.584962500721156;10.531381460516313;9.992938336165814;9.74819284958946;9.411510988012072;8.876516946565;9.507794640198696;9.174925682500678;8.335390354693924;9.927777962082342;8.668884984266247;9.257387842692651;9.240791332161956;9.038918989292302;9.113742166049189;8.870364719583405;9.095397022792556
11.29748950116098;11.212496385193948;8.94251450533924;11.383704292474052;10.73047013718422;11.271463027904376;11.445014845868425;11.091435386323608;12.148158772937894;12.85233443198643;11.986908624697694;12.163649676015824;11.482807956726669;13.128316602903544;12.683871868622605;12.312032058744862;12.689124404913258;12.015415052386688;13.508413796055969;14.166869190029924;11.47015043527436;11.94982671075911;12.112439506781552;11.593857938858225;12.081816278109198;11.383704292474052;11.16804526822409;11.060695931687556;11.488342277532524;11.127994320976391;11.452756029032496;12.171802288682985;11.973697366305352;10.458406613236534;9.541096615349524;10.449148645375436;10.352043425795433;11.935165049603697;14.538795182866435;12.767977501603912;9.372865060112588;12.035830072835015;10.112439506781552;12.020632761657708;10.091435386323608;10.46454575033394;11.944712061043486;9.649256177517314;10.897845456005513;10.177419537989236;9.64565843240871;12.955286645524469;10.843921051289035;12.945626722229823;12.101975670949232;10.380461065088973;12.584257887744569;10.699572453287267;12.521845775161932;11.37937836707126;12.057653339963936;11.823367240046236;10.71681946132995;12.910830081296574;11.702172685365548;11.546412195119352;12.841760886800548;12.813981551614678;12.45532722030456;10.122827994807666;13.483563888125094;12.891403996665025;12.720458038393296;12.370414968879698;10.754887502163468;13.99267285018913;11.708221730038352;14.405606859360857;13.689561254285524;10.048486873992337;12.39794197197264;12.610332801911134;11.524051918717824;12.709299252712157;11.467096033905747;10.30149619498255;13.112439506781552;10.23840473932508;12.630494661505578;14.103943429891558;11.160501747555688;12.2603315185576;11.608254821977908;13.505811553919594;10.471675214392045;11.338736382573916;12.464800981655417;12.022020969646356;12.011576703176177;12.334831928118;11.927777962082342;11.752380646552892;11.576484346796851;11.35974956032233
5.832890014164741;3.584962500721156;3.700439718141092;4.087462841250339;3.584962500721156;3.321928094887362;4.754887502163468;5.754887502163468;4.954196310386875;4.169925001442312;4.0;5.930737337562887;3.807354922057604;4.700439718141092;5.0;6.539158811108031;5.169925001442312;5.584962500721156;6.6293566200796095;6.149747119504682;3.807354922057604;4.459431618637297;5.78135971352466;3.584962500721156;4.321928094887363;4.087462841250339;4.0;6.20945336562895;4.857980995127572;5.285402218862249;4.169925001442312;4.0;6.894817763307944;4.247927513443585;4.321928094887363;2.321928094887362;3.321928094887362;4.321928094887363;6.507794640198696;4.857980995127572;3.4594316186372973;5.426264754702098;3.321928094887362;3.584962500721156;2.584962500721156;4.247927513443585;3.321928094887362;4.459431618637297;4.857980995127572;3.906890595608519;2.807354922057604;5.523561956057013;5.78135971352466;7.05528243550119;6.507794640198696;4.087462841250339;6.247927513443585;6.087462841250339;6.169925001442312;5.584962500721156;6.22881869049588;6.658211482751795;6.6865005271832185;6.426264754702098;7.0;6.9886846867721655;7.562242424221073;7.149747119504682;5.169925001442312;6.882643049361842;6.392317422778761;6.392317422778761;6.459431618637297;5.700439718141092;6.714245517666122;5.882643049361842;8.303780748177102;6.727920454563199;6.7414669864011465;5.832890014164741;5.087462841250339;5.882643049361842;6.977279923499917;6.087462841250339;6.727920454563199;4.807354922057604;6.768184324776926;7.366322214245816;6.523561956057013;8.149747119504681;5.285402218862249;6.392317422778761;7.149747119504682;6.475733430966398;6.189824558880018;6.426264754702098;4.584962500721156;6.392317422778761;6.599912842187128;5.426264754702098;5.754887502163468;6.554588851677638;5.78135971352466;5.554588851677638
10.290018846932618;12.113742166049189;9.426264754702098;11.933321820732946;11.613329054371054;11.913263430628762;11.384783750093352;11.092096414990792;12.27350423396216;10.7047682393626;12.775198728897983;11.181773438808808;11.709514660706716;12.34207466799914;12.467096033905747;10.309476353841106;12.0566377151132;11.69479315499995;12.589182967039353;12.728345714710976;10.915879378835774;12.271754805646474;11.600842114387302;10.632086412835182;11.455840909126398;11.933321820732946;10.62296694479051;11.207014320177532;11.0;11.845490050944376;11.246146774635864;11.163649676015824;10.795227966028678;9.638435913990472;8.988684686772165;10.487840033823051;10.107217075591382;10.802516365121225;11.876900591040306;11.950191349972702;10.86573327085176;11.67991987851842;9.839203788096944;10.762382038710392;11.009128789539256;11.147204924942228;10.822570830950168;9.434628227636724;11.381542951184583;11.450695771572915;11.32023644524165;11.757390009366638;11.57601187420678;11.929998062609029;11.965423565810127;11.520127550324853;12.705200378063116;11.419960177847887;11.94251450533924;11.786269627648466;11.4241662888181;11.86611979330307;12.185804615108458;12.350110443347928;11.825356341479337;12.487840033823051;12.466076461396252;11.818981539432444;11.857980995127573;11.401946123976536;12.855647166027266;12.254142846855748;12.285113188501493;12.274378153246364;11.473705749619416;13.00615072817031;11.929998062609029;13.907266248531066;12.754052367528924;11.192909219112012;11.61286849729104;11.85369942030022;11.6142497276894;12.71639078949768;11.476239906323851;11.939211882666395;12.580729651598958;11.632086412835182;11.894817763307945;12.85836959985474;11.494355603532846;12.08381170725288;11.850577547205614;12.913450441458098;12.285691191330091;11.880731435141664;12.031356596255709;11.79685079526716;12.097044499322951;12.270587340447513;11.686938171670388;11.856036399819155;12.13249972962851;11.71853287606922
10.870364719583405;12.612177385880992;9.419960177847887;12.405939193342396;12.04336911395769;11.813380386924727;12.060020354507852;11.465056167831175;12.40274562249569;11.50928016808786;13.112765281885316;11.213104219641906;11.7714894695006;12.7657004876511;13.11715606091604;10.965062756744627;11.200898605038445;11.669770888525518;12.498101243994851;12.78340754217352;10.959277505720502;12.410186320725094;11.70865283568653;11.563196272216738;12.00105627463478;12.405939193342396;12.324743110494415;11.859534786382651;12.161131882984307;12.23840473932508;11.659995892429976;11.871520262329112;11.535761377986656;10.926295994781112;9.831307243802051;11.24852060493843;10.7632123668144;12.625708843064466;12.833087738422009;12.941597868266095;12.261801107195309;12.051888655905378;10.188588845707349;11.3009244909763;11.692179576312538;12.683213954934429;12.136350341454156;10.090112419664289;11.389631339260522;12.494355603532846;11.42574042431621;12.310896748797711;11.207624468226758;11.90839262077375;12.745044005034464;11.5980525001616;12.712741927075736;11.755722153642282;12.328113894833656;11.964340867792416;12.084144010615145;12.350662988372257;11.451211111832327;12.718746909901064;12.764042217306589;12.572463389083676;12.91513244895065;12.358651200892886;12.130570562805426;11.855647166027266;12.553629293916364;12.419170165028538;12.369597346278676;12.226111098132389;12.197523878257789;12.894817763307945;12.30862344513114;13.984062369686436;12.617926556798752;11.9683067944308;12.1526017440192;12.954196310386877;12.39419471001943;12.72940831698402;12.271171191139771;11.654636028527968;12.550025257465784;12.37775279502222;12.226412192788786;12.856036399819155;13.283522485644026;12.475480126595476;12.201205007299528;12.934796592178404;12.24703741878858;12.43306376512207;12.26473580113014;11.510764167917891;12.56057167123656;12.544964432789238;11.97692206785108;12.086136225027309;12.329516067206534;12.014020470314934
10.985130373466898;11.451726268074506;10.868050853745158;10.809768128710411;10.7515440590891;10.887982133058454;11.249706056969703;9.988684686772164;12.135067945777816;10.27029532647204;11.202736043250168;9.76983784362944;11.230020435705637;11.390706372872774;11.748612176736982;10.377210530388552;12.736824699098864;12.132178380915544;12.0087787482805;12.29232163280204;10.216745858195306;12.090112419664289;10.927037168720297;10.31174831500496;9.98584193700334;10.809768128710411;10.67595703294175;10.673309075561695;10.192292814470768;10.232420927176076;10.227615943414223;10.570804437724496;11.719388820942084;10.029287226968243;10.086136225027309;11.26620091249896;10.36194377373524;11.567005370247031;11.859534786382651;11.15608307628868;9.78135971352466;10.250298417906333;10.20212382383046;11.65642486327778;10.907641803665529;11.388017285345136;11.047805554007589;10.61194694181998;10.741466986401146;11.566054038171092;11.043710863347156;11.605479518061667;10.224001674198105;11.014717929860009;11.175549550636193;8.912889336229961;11.533816389433364;9.573647187493322;11.105908508571158;10.62935662007961;10.124121311829189;10.092757140919852;11.296916206879288;10.696098170955864;10.904634621668151;10.26795708440284;11.92481250360578;10.31174831500496;11.970465440779996;11.11178773580101;11.824958740528524;10.668884984266247;11.332036548361652;11.558420713268664;10.237209960755022;10.421012855779226;11.27262978497637;12.003166506665169;11.360298426618046;10.857980995127573;10.51668494930961;10.71681946132995;10.547858506058416;10.910642730469624;10.20212382383046;11.023754353299417;11.386940245324311;10.752380646552892;11.243769031961852;11.728345714710976;10.367414751246828;11.369597346278676;10.589651146514786;11.235415935602528;11.339850002884624;9.893301530860564;12.467605550082997;10.898601387403938;11.159871336778387;10.820178962415188;10.421012855779226;10.756556322524087;10.90613899619538;10.505811553919594
10.252665432450248;11.832494484336111;9.871905237659186;11.723234300893376;11.519144787997414;11.720671786825555;11.079484783826816;10.552669097514272;11.866506212226202;10.659103963473662;11.693922488081014;10.603626344986193;11.265615046484458;12.172114932533136;12.31174831500496;10.079484783826816;12.089450481115907;11.723660944409984;12.627077840517394;12.311464515448444;11.765286098723683;12.208539206738363;11.081483438093674;10.4655664048094;11.041659151637214;11.723234300893376;11.345405246717796;11.336506559810257;10.63117705570398;11.381542951184583;10.905387005018133;10.830515206976838;10.798471801101618;10.290018846932618;8.475733430966399;10.840777923595054;9.679480099505446;11.81418188419028;11.200898605038445;11.345405246717796;11.085472459181284;11.35424938194524;10.220378327695228;11.243173983472952;11.027214885159834;11.112439506781552;10.615629636968098;9.197216693110052;10.99717948093762;11.369052007001388;11.46352437327118;11.410981267043796;11.145295334933598;11.09077405464075;11.461479447286155;11.165535141377925;12.107870914279614;11.769011321097016;11.00982861736811;11.197216693110052;10.79766152585376;10.975847968006784;11.478769619475765;11.562242424221072;10.839203788096944;11.85681455250301;11.535761377986656;10.758223214726724;11.602234901341063;11.391243589427445;12.269126679149418;11.555547771647063;11.7515440590891;11.49735289347705;10.77561028075954;12.103615656394544;11.094737505048093;12.536732889835417;12.201511344500146;10.251482410620213;10.817783121774534;11.464035152189911;10.709083812550343;12.047123912114026;11.705200378063116;11.464035152189911;11.93110683302934;10.702172685365548;11.664447284547972;11.998237821888049;11.4983506079296;11.70433597118232;11.171176797651771;11.863024710236886;12.274378153246364;11.163020639580791;11.92035285541508;10.972261848733291;11.871905237659186;11.94104760634058;11.065416134676548;11.604553229079038;11.76983784362944;11.25502856981873
8.707359132080883;10.813781191217036;8.08214904135387;10.32755264408124;10.148476582178278;10.570804437724496;10.072802534544207;9.509775004326936;10.932214751968385;9.839203788096944;10.989394499844732;9.7279204545632;10.29920801838728;11.219773550892874;11.389631339260522;8.829722735086058;10.600842114387302;10.582141981658776;11.51175265376738;11.730894646541673;10.400879436282183;13.209910227945816;10.01262453886506;9.264442600226602;10.053925881531104;10.32755264408124;10.032045726930807;9.90388184573618;9.971543553950772;10.44190670454224;9.74819284958946;9.831307243802051;9.517669388133813;8.63662462054365;7.05528243550119;9.18239435340453;8.63662462054365;10.025139562278508;10.899356922923111;10.806549621985962;10.025139562278508;10.189824558880018;8.507794640198696;9.98584193700334;9.614709844115207;9.642051692927977;9.787902559391432;8.129283016944967;9.59245703726808;10.405141463136344;10.383704292474052;10.079484783826816;10.30149619498255;10.030667136246942;10.545929769085468;10.048486873992337;11.491853096329674;10.580258567499788;9.7431513941125;10.347621368568134;10.199672344836364;9.9901039638575;10.76487159073609;10.987264012072538;10.407267764244732;10.818582177480858;11.032734528586714;10.30149619498255;10.095397022792556;9.99717948093762;11.586839787961829;11.086136225027309;11.076815597050832;11.098690096673591;10.236014191900084;11.552669097514272;10.576484346796851;12.342630298678408;11.561765263627708;9.579315937580017;9.7279204545632;10.84313591111135;10.22881869049588;11.697402007502708;10.63390340934852;10.344295907915816;11.189824558880018;10.207014320177532;10.817783121774534;11.71681946132995;9.94251450533924;10.812979471251484;10.167418145831736;11.33427328530719;11.043710863347156;10.383704292474052;10.203348002979762;10.350939181546432;11.00982861736811;11.052568050804153;10.099347810403192;10.615629636968098;10.89026427702111;10.368506461507693
9.674192268145683;8.038918989292302;6.807354922057604;6.954196310386875;6.954196310386875;7.707359132080882;8.204571144249204;7.918863237274595;9.337621901992508;8.906890595608518;8.839203788096944;9.74819284958946;9.407267764244732;8.951284714966972;9.179909090014934;10.018200178813226;11.194141238863136;9.952741247186488;10.791162888555018;9.894817763307945;8.049848549450562;9.370687406807216;9.59618975614441;7.94251450533924;8.543031820255237;6.954196310386875;7.807354922057604;8.707359132080883;8.049848549450562;8.361943773735241;9.328674927327947;8.361943773735241;9.68650052718322;8.129283016944967;7.159871336778389;7.20945336562895;8.027905996569885;9.377210530388552;9.250298417906333;8.204571144249204;7.285402218862249;8.668884984266247;7.392317422778761;8.888743248898258;7.179909090014935;9.4655664048094;8.442943495848729;6.768184324776926;9.693486957499324;8.603626344986193;8.451211111832329;10.4797802640291;9.823367240046236;9.83605035505807;9.4797802640291;9.105908508571158;10.605479518061667;10.266786540694902;9.868822554775;10.642051692927977;10.365228849251544;9.733015321685963;10.974414589805528;9.874981347653774;9.541096615349524;10.31741261376487;9.90388184573618;9.923327485419192;10.417852514885896;9.871905237659186;11.003517912108602;10.395534135462302;9.7431513941125;9.13699111208023;10.279610581052484;10.62113611327464;9.98584193700334;10.227615943414223;11.125413470483316;9.426264754702098;9.843921051289035;9.50382573799575;9.092757140919852;11.807354922057604;10.948367231584678;11.047805554007589;9.712527000439824;10.30149619498255;10.436711542137214;10.679480099505446;7.20945336562895;10.113742166049189;9.179909090014934;9.885696373339394;9.682994583681683;9.30149619498255;10.422064766172811;11.070791809423062;10.54399845013454;10.308339030139408;11.216745858195306;10.011227255423254;9.252665432450248;9.177419537989236
9.357552004618084;10.527477006060396;9.368506461507693;11.386940245324311;10.604553229079038;10.690871009292314;10.535275376620802;9.787902559391432;10.810571634741146;9.702172685365548;11.105908508571158;10.166163082646111;10.200898605038445;10.746514321138465;10.52258153125483;9.791162888555018;10.807354922057604;10.353146825498085;11.592924155627635;10.795227966028678;10.071462362556623;10.39231742277876;9.792790294301064;9.76487159073609;10.1331422124006;11.386940245324311;9.945443836377912;10.651051691178928;9.346513733165636;10.227615943414223;9.766528908598865;10.016808287686557;10.43567026093655;9.894817763307945;7.693486957499325;9.61654884377899;9.614709844115207;10.610102062999664;10.725366257895642;11.202736043250168;9.72451385311995;10.24198314969433;9.036173612553483;10.880348808156027;10.074141462752506;10.35974956032233;9.840777923595054;9.03342300153745;9.77313920671969;10.982280604558284;10.363039630256514;10.533329732305834;10.24555270625568;10.095397022792556;10.246740598493144;9.722807531169549;10.58777751632821;10.706496018061188;10.139551352398794;10.77313920671969;10.181152256865566;10.221587121264806;10.456354415108288;10.625708843064466;10.332036548361652;10.25502856981873;10.467605550082997;9.971543553950772;10.955649907528374;10.336506559810257;10.690871009292314;10.349834091457248;10.41574176829009;10.278449458220482;9.945443836377912;10.445014845868425;10.001408194392807;10.97513145692134;10.66266837551754;10.044394119358454;10.266786540694902;10.43879185257826;10.019590728357882;11.687375683437468;10.443979542601252;10.591522346570734;10.372865060112588;10.573647187493322;10.422064766172811;10.555547771647063;10.558420713268664;10.812177305514448;9.91288933622996;10.471675214392045;10.632995197142955;10.038918989292302;10.965062756744627;10.452241240430816;10.709945380232496;10.558420713268664;10.407267764244732;10.480790201095816;10.068778277985412;10.357552004618084
12.083479327331842;11.473198383677529;10.721953612801386;11.874212934830874;10.701306461958623;10.721099188707186;11.44759985827995;11.171802288682985;13.284968651604022;11.429929741353272;12.30463652380727;10.26795708440284;12.320518524632693;11.475226777742266;10.968666793195208;13.301210371298426;12.595024318613635;12.149111990706889;13.387074919307222;14.183170121042131;9.118941072723509;10.868050853745158;11.433585441150496;11.060020354507852;11.298635406734242;11.874212934830874;9.18239435340453;11.38424412224308;11.51224664282918;11.790348496751914;11.058668250340572;11.81418188419028;14.370755508251252;10.251482410620213;10.414685235807214;11.686062749895417;10.705632387361415;10.452241240430816;12.4757334309664;13.197523878257789;10.77066389291676;11.227615943414223;11.42678889459556;11.827342704234116;11.20212382383046;11.140829770773;12.753634618853386;10.055282435501187;11.374496145691516;12.41574176829009;11.147204924942228;11.7988767681333;11.50928016808786;12.15386865522324;12.061371192659813;10.39231742277876;12.971184272404678;12.224001674198105;12.91214085629572;14.097456074666194;13.00105627463478;14.44740614293345;15.162863337608126;13.364955378481907;10.952741247186488;11.627989784315703;13.196294745028265;11.723234300893376;12.114067647165264;12.495355392235982;13.09819661452721;13.791162888555018;11.91737207947684;13.934796592178404;11.593857938858225;12.862637357558794;13.205793249397155;14.238330094645674;12.97172316117676;11.959639764364184;13.466586337719244;12.703038388986418;11.92740761294903;15.508289986140348;13.156241119235752;13.65530710151048;12.524296837662623;11.42940674151398;12.513974273740658;14.3292357417338;12.782793498733351;13.234817431117325;12.450180247164754;14.147681927770476;11.49735289347705;12.3009244909763;12.526988205432009;14.176251079967246;12.625708843064466;12.186733289128869;12.552188759557149;12.162391328756906;11.575066464578656;12.023407843140218
13.79766152585376;12.33119687715303;13.7402023887679;13.427181874588246;13.33511116842486;13.396337194231098;13.127833153010982;12.560332834212442;13.673529924401144;12.931291545281164;13.33511116842486;12.90275194485016;13.740940205425895;12.765078859616684;12.689997971419446;13.217048913556338;13.371504412043336;13.186888010029962;14.072383864515764;13.586487982625991;12.748402528398184;12.652396861477678;12.821574700936909;12.493355121494906;12.840581250560753;13.427181874588246;12.67991987851842;12.699789318382136;11.868822554775;13.13362388678298;12.514467502819269;12.786473845221302;13.012799104179676;12.492604304386685;13.291602406982822;13.102303817212649;12.567005370247031;13.470913026274877;12.992230264965889;13.290882822429577;12.597587039586216;13.034970865471829;11.091435386323608;13.478643239112063;13.050528905530555;13.548460707945896;12.56271942704932;12.139871063212489;13.27131711690138;13.128799890845384;12.767149912284852;12.86360554432145;12.711021616791836;13.329936453312436;12.740834826145262;11.743572188935634;12.789126046425231;12.709730036543627;13.057484118798897;12.815983626652724;12.423903765836592;12.649256177517314;12.205487820150566;13.567837271525178;12.851749041416058;13.270003253378444;12.90482275429421;12.269711121142782;13.215229625747924;12.908580264012734;12.34318571544788;12.644081593265676;12.49210354247923;12.103615656394544;11.792790294301064;12.30206767252652;12.365775635326267;13.217957697864112;12.57483001533763;12.33511116842486;12.99205319285264;12.19506456372082;11.817383427897232;13.042172353174928;12.351215321855609;13.13362388678298;12.855647166027266;11.911017407796985;13.133463346523438;12.541580659991167;12.77869318322384;12.965062756744627;13.310896748797711;12.675736555361906;13.051038962117408;13.054434738760843;13.462502272597265;12.87536540064177;12.80916520537188;12.709945380232496;12.809366207816078;12.579551652806565;12.84097456982188;12.86360554432145
14.819430689525769;14.12347479824414;14.45494183362112;14.65982869774829;14.366185588928143;14.20212382383046;14.491539977491572;13.722487371008254;14.756712675508098;13.797154872629628;14.3277631387013;14.779975784116347;14.790653947553906;14.20357742097196;13.76849450395343;14.303281311200417;14.315857147262829;14.349212106088316;15.391411428584522;14.811023410300866;13.540249146245625;13.754887502163468;13.979335872665384;14.045674352862369;13.726537492725074;14.65982869774829;13.80231440599149;14.253108815655365;13.49197832483901;14.1130095649463;13.39941145174687;14.11739960170511;15.690871009292314;13.571634151857069;14.099676554859643;14.462630074789038;14.09877232728953;14.584610237249526;14.279392941692574;14.809617421496366;14.030753336769232;14.13410540040181;13.285546712331335;14.156636150875055;14.131937322399144;14.51674649642;14.551828401108695;13.287423811683524;13.501837184902296;15.156636150875055;14.022801250027625;14.183402770013137;13.925461718703762;13.756556322524087;14.860892982338823;12.947454306767218;14.092096414990792;14.751020945467612;14.331756712255473;14.740096955578911;14.206251272060689;14.29368717482627;13.939579214314692;14.656480728639783;14.521661777494655;14.07363951028323;14.593274395169932;13.833384274007493;14.679480099505446;14.074810461160451;13.608832338914842;13.442295588602516;13.898412441684211;13.25989034989582;13.86524997211658;13.402479172214964;13.681458050210274;14.566291930007871;13.896616222076874;14.603742238069026;14.249113452713727;14.49160260669611;13.73735298466663;14.9734283155401;14.365297208845051;14.505935576704188;13.9734283155401;14.961901822341002;14.491226790680209;13.753321227945042;15.026091122525854;14.873492175915208;14.104189211153557;13.90820495312589;14.268030211860133;14.344712009935012;14.360229829749484;14.18665592245552;14.30185339497469;14.226261653315504;14.355351096424812;13.934335888026032;13.733015321685963;13.964521373897238
11.86379910372885;12.699572453287267;11.58777751632821;13.016285982108814;13.096056239180946;13.64779567546278;12.936453910041177;12.19506456372082;13.036688768795663;12.011227255423254;13.806952328210736;12.189824558880018;13.180375403128156;13.017504401109417;13.018721791970178;12.065416134676548;13.719281855600723;13.393926675640415;14.058499148184731;13.659995892429976;13.330216642678412;13.216442739160492;12.4983506079296;12.164906926675688;12.651948610723446;13.016285982108814;12.9153192176791;12.534546067459992;11.73047013718422;12.824163209744158;12.30149619498255;12.166476950816804;12.457380879072534;12.337621901992508;10.84313591111135;12.26707926567123;11.697836357962377;13.433846208442825;12.623424289869911;13.0380616201336;12.089781488353998;12.932030157887027;10.461479447286155;13.323899182397296;12.688031702413934;13.00842862207058;12.006326078524934;11.360298426618046;12.457124331540804;12.931291545281164;12.564625862795372;12.839991070539886;12.67529549909406;12.5898851792902;13.111461739857722;12.325305455089682;13.209301046034142;12.973697366305352;12.78729042655958;13.136029849385553;12.479022346995178;12.79644525906185;12.7255792804196;13.510022358813766;12.529186505250893;13.028596777067108;13.102303817212649;12.28164030006605;12.853114583440288;12.78729042655958;12.80755617685892;12.721312842175312;12.840581250560753;12.562003863651553;11.949461979360152;12.913263430628762;12.255618749839597;13.757181632816716;12.97924654446865;12.157346935362844;12.7901448269498;12.726218159332198;11.93258386928929;13.469260236005406;12.88760142450871;13.222493052246469;12.8649599151426;12.491352073563435;12.80473605161403;13.076147528022505;12.565816107100892;13.308339030139408;12.855647166027266;12.972620862058744;13.298778580955656;13.007027266893967;12.41732511767992;12.800090987624994;13.3445733225962;13.16333519208196;12.8107724413447;12.871135184243045;13.169768450518076;12.689997971419446
9.799281621521924;10.040289721025715;9.544964432789238;10.782179193831208;10.72451385311995;10.240791332161956;10.483815777264256;10.324180546618742;10.874212934830874;9.86573327085176;10.098032082960527;9.556506054671928;10.821773981970567;9.96289600533726;10.215532999745657;9.719388820942084;10.79603960882977;10.757390009366638;10.868050853745158;10.843921051289035;10.585901449690772;10.623881490013458;10.171176797651771;9.29920801838728;9.954196310386877;10.782179193831208;10.350939181546432;9.90388184573618;9.184875342908285;10.177419537989236;9.83289001416474;9.93810932621924;10.043027283594547;9.696967526234287;8.761551232444479;9.4655664048094;8.79766152585376;10.788718332690458;10.0566377151132;10.12023787734196;9.89633240390994;10.474719946526482;8.409390936137703;10.904634621668151;10.309476353841106;10.445014845868425;9.564149489985732;9.095397022792556;9.961449694398196;9.871905237659186;9.96289600533726;10.088788238716909;10.047123912114026;9.766528908598865;10.358651200892886;9.330916878114618;10.55170826162069;10.231221180711186;9.847057346091336;11.62844554013718;10.12670447284319;9.850186837645774;10.73893668167614;10.886458695703706;9.878050912728536;10.230020435705637;11.098032082960527;9.946906274456396;10.074141462752506;10.103287808412022;10.044394119358454;9.92035285541508;10.107217075591382;9.513727595952435;9.78135971352466;9.9901039638575;10.051208940914766;11.025139562278508;10.365228849251544;10.449148645375436;10.58777751632821;9.552669097514272;9.43254190038826;11.3437409184722;10.382624026574916;10.847057346091336;9.99717948093762;10.129283016944967;10.17617314910749;10.224001674198105;10.0;10.55170826162069;10.221587121264806;9.86573327085176;10.411510988012072;10.537218400538595;10.273795599214264;10.481799431665753;10.449148645375436;10.358651200892886;10.37937836707126;10.46352437327118;10.430452551665532;10.296916206879288
9.43879185257826;11.556026992724677;9.700439718141093;10.993646060016596;11.423641195075856;11.69479315499995;11.06406908038551;10.002815015607052;11.21006248324023;10.055282435501187;11.868822554775;9.871905237659186;10.542064542283445;11.007728114632254;11.519636252843211;9.90388184573618;11.68255574108031;11.456867738380344;12.12670447284319;12.085472459181284;10.253847484987404;11.285402218862249;10.458406613236534;10.60917873814198;10.62662165235837;10.993646060016596;10.884170519108435;11.20945336562895;10.413627929024171;10.709945380232496;10.487840033823051;10.657318449581288;10.874212934830874;10.263269200372662;9.324180546618742;9.94982671075911;9.4241662888181;11.217957697864112;11.349281228817452;11.357552004618084;10.602698865017963;10.653740778706569;10.298062567719017;11.363039630256514;11.088788238716909;10.193525360501216;10.804131021183318;9.4797802640291;10.200898605038445;11.003517912108602;10.61286849729104;11.174301544467632;10.71338651493703;10.462502272597265;11.096715154488535;11.482303782323182;11.723660944409984;11.30149619498255;10.685624839726357;11.406205005418856;10.892542816648552;10.71338651493703;11.1879705919842;11.250298417906333;10.677719641641009;11.199672344836364;11.11829223302699;10.306061689428342;11.33147682185962;11.070791809423062;11.377210530388552;11.023061249735337;11.135067945777816;11.035486451292154;10.39660478118186;11.571752643503546;10.78135971352466;12.068778277985412;11.63662462054365;10.669770888525518;10.900112062977456;10.93737382019215;10.451211111832327;11.851358649033513;11.445532219028312;11.15608307628868;11.295194955880657;10.55170826162069;11.44190670454224;11.357552004618084;11.490349505739289;11.084144010615145;10.745674324002136;11.066089190457772;11.635264656539514;10.875749351420056;11.776021715252812;10.608254821977908;11.485326189240524;11.26620091249896;11.025831668332026;11.03823313473178;11.43567026093655;11.236014191900084
9.157346935362844;9.554588851677638;6.523561956057013;9.5980525001616;8.266786540694902;8.682994583681683;9.38586240064146;8.67595703294175;9.792790294301064;9.489847960439295;8.703903573444663;9.335390354693924;9.383704292474052;11.881878707600446;11.213711798105672;9.25974326369078;10.65642486327778;9.579315937580017;9.422064766172811;11.59944798152872;9.233619676759702;9.722807531169549;9.515699838284045;8.731319031025064;8.794415866350105;9.5980525001616;7.622051819456376;9.73809225962049;9.4757334309664;7.977279923499917;9.002815015607053;9.505811553919594;10.79197682089869;7.882643049361842;6.857980995127572;7.876516946564999;8.679480099505446;8.554588851677638;12.717676423066395;10.59618975614441;7.599912842187128;9.573647187493322;8.651051691178928;8.965784284662087;8.005624549193879;7.257387842692652;9.231221180711186;7.930737337562887;8.64745842645492;8.45532722030456;7.507794640198696;10.49585502688717;9.027905996569883;11.0566377151132;10.696098170955864;8.451211111832329;11.51668494930961;9.939579214314692;10.43879185257826;8.219168520462162;10.673309075561695;9.45532722030456;8.89178370321831;10.947636937951827;10.332036548361652;9.124121311829189;11.006326078524934;10.86573327085176;9.038918989292302;8.59618975614441;12.2903068962579;11.35149140932002;11.163020639580791;10.772314573921651;9.519636252843211;12.791366414695004;10.324180546618742;12.598750409571752;12.392854039872873;8.022367813028454;10.045759661382682;11.06406908038551;10.558420713268664;10.171176797651771;10.365228849251544;9.491853096329674;11.702605602110248;8.826548487290914;10.52845411076479;12.786473845221302;9.199672344836364;11.11829223302699;9.753216749178955;11.71639078949768;9.847057346091336;9.224001674198105;10.73640193131829;10.20945336562895;10.79603960882977;11.298635406734242;9.703903573444665;9.791162888555018;9.988684686772164;9.041659151637214
11.1331422124006;12.357277074642807;11.109830654278792;12.12573632939501;11.499845887083206;11.760304125286382;11.836444911341369;11.242578689451346;12.627761852402616;11.395534135462302;12.426526848451733;10.584022940257542;11.861086905995396;12.608947814565514;12.174301544467632;11.30035256032822;12.377481688182955;12.107544031975989;12.817982927195652;12.826349864720092;11.786269627648466;12.273795599214264;11.674192268145683;11.500343969270403;11.293471648838134;12.12573632939501;11.1357092861044;11.968666793195208;11.113742166049189;11.830515206976838;10.951284714966972;11.086136225027309;11.65150022065274;11.246740598493144;10.043027283594547;11.159871336778387;10.425215903299383;11.42940674151398;11.562242424221072;12.565578136784328;11.87536540064177;11.692179576312538;11.229419688230417;11.79766152585376;11.734709620225836;11.330356716957944;11.443979542601252;10.038918989292302;11.475226777742266;11.802516365121225;11.642051692927977;11.99682652802066;11.847840355630714;11.336506559810257;11.82137539237254;11.641148597411233;12.715104009236168;12.237508748172656;11.552188759557149;12.314300001897534;11.365775635326267;11.399811959325683;12.76487159073609;12.088125692188209;11.604553229079038;12.184255495405347;11.861474675125772;11.240791332161956;11.742730476519174;12.207624468226758;12.306916113522542;12.069449767427784;11.90651484484695;11.926295994781112;11.593391122791736;12.132821006779572;12.204876767603992;12.676177476832605;12.389900172773064;11.49235394515987;11.691307330191115;11.345405246717796;11.140829770773;13.75676478940414;12.350386742312844;12.547135531830865;12.04678297035635;11.508785162064513;11.579315937580017;12.4655664048094;12.128960950855696;12.189515729800194;12.073137383110383;11.673750739438065;12.451468712947358;11.59618975614441;12.17804232886482;12.022020969646356;12.513974273740658;12.151016538892248;11.667998535672528;12.194449079479025;12.129605011152504;11.906890595608518
7.900866807980749;9.459431618637296;5.554588851677638;8.164906926675688;9.831307243802051;10.00982861736811;8.581200581924957;9.688250309133178;8.906890595608518;10.232420927176076;8.74819284958946;10.519636252843211;7.044394119358453;10.829722735086058;11.144658242831882;9.199672344836364;10.9901039638575;9.768184324776929;10.161131882984307;10.422064766172811;8.741466986401146;10.200898605038445;8.400879436282183;9.184875342908285;9.54882190845875;8.164906926675688;8.257387842692651;7.392317422778761;8.936637939002571;7.930737337562887;9.187352073200495;9.569855608330949;9.955649907528374;6.7414669864011465;6.357552004618084;6.3750394313469245;7.707359132080882;8.661778097771988;10.492854620174748;11.0;10.634811050171718;8.848622940429339;8.20945336562895;9.92035285541508;9.18239435340453;10.07815080773465;10.881113960675096;4.247927513443585;8.447083226209653;7.392317422778761;5.129283016944966;9.65642486327778;9.179909090014934;9.800899899920305;8.784634845557521;9.159871336778387;8.703903573444663;9.236014191900084;9.642051692927977;8.584962500721156;7.467605550082998;7.686500527183218;9.330916878114618;9.041659151637214;6.820178962415188;9.105908508571158;8.523561956057012;6.475733430966398;8.744833837499545;8.584962500721156;10.298062567719017;8.879583249612784;9.250298417906333;9.084808387804362;8.459431618637296;9.285402218862249;7.900866807980749;9.791162888555018;9.192292814470768;5.169925001442312;8.625708843064466;8.581200581924957;6.108524456778169;9.665335917185176;8.515699838284043;7.022367813028454;9.862637357558794;6.523561956057013;8.499845887083206;9.717676423066395;10.269126679149418;9.131856960608792;8.238404739325079;8.894817763307943;9.537218400538595;7.86418614465428;10.650154213675094;8.787902559391432;8.527477006060396;9.14974711950468;7.912889336229962;9.330916878114618;7.554588851677638;10.014020470314934
10.33427328530719;11.349834091457248;4.754887502163468;10.113742166049189;7.665335917185176;8.573647187493322;10.084808387804362;8.867278739709661;12.237807473723135;7.60733031374961;6.0;7.499845887083206;12.5090326863065;7.882643049361842;9.346513733165636;7.159871336778389;10.394462694610317;10.240791332161956;9.011227255423254;10.733862719678545;8.471675214392045;10.603626344986193;9.507794640198696;7.199672344836364;8.038918989292302;10.113742166049189;7.05528243550119;6.22881869049588;10.398743691938192;10.079484783826816;9.871905237659186;10.208234358339787;4.459431618637297;6.977279923499917;4.584962500721156;10.411510988012072;10.659995892429976;6.954196310386875;7.807354922057604;8.233619676759702;10.43567026093655;9.672425341971495;8.562242424221072;9.264442600226602;8.535275376620802;6.392317422778761;10.237209960755022;8.219168520462162;7.622051819456376;8.909893083770042;10.957102041562289;8.405141463136344;8.710806433699352;6.643856189774724;8.252665432450248;6.491853096329675;9.457380879072534;8.388017285345136;6.7414669864011465;8.703903573444663;7.400879436282184;8.535275376620802;6.807354922057604;9.804131021183318;5.954196310386875;8.741466986401146;9.453270634010623;5.930737337562887;9.121533517340032;9.264442600226602;8.113742166049189;7.592457037268081;8.361943773735241;8.888743248898258;5.906890595608519;7.918863237274595;6.321928094887363;9.43879185257826;8.451211111832329;4.857980995127572;8.383704292474052;7.05528243550119;6.285402218862249;10.080817527608328;9.719388820942084;8.885696373339394;9.044394119358454;5.459431618637297;8.661778097771988;7.924812503605781;4.754887502163468;8.422064766172813;8.832890014164741;8.247927513443585;9.485829308701904;9.194756854422248;9.651051691178928;8.968666793195208;9.91288933622996;8.661778097771988;5.700439718141092;9.29920801838728;9.560332834212442;8.73809225962049
9.696967526234287;11.830911279742782;9.731319031025064;11.894438854562262;11.768184324776929;11.07815080773465;10.720244258287568;10.403012023574997;11.449148645375436;10.066089190457772;12.570567288872004;10.40832974076739;11.085472459181284;12.352043425795433;12.291458518782344;10.33427328530719;11.406736482691723;11.51865315567339;12.139551352398794;11.94251450533924;11.038918989292302;12.031011907437708;11.095397022792556;10.24436383512051;11.101975670949232;11.894438854562262;11.242578689451346;11.511258495502268;10.854868383260236;11.56081046872794;10.711666973564348;11.001408194392807;10.62113611327464;10.360847084179664;7.3750394313469245;10.099347810403192;9.469641817239516;11.251482410620213;11.394998514501673;11.571752643503546;11.60733031374961;11.575066464578656;10.64745842645492;11.29920801838728;11.061371192659813;11.202736043250168;10.745674324002136;8.569855608330947;11.293471648838134;11.733862719678545;10.41574176829009;11.700873155140265;11.382083590141969;11.23661220021575;11.602234901341063;11.116343961237469;12.29318423075951;12.064742764750257;10.901621158346112;11.26795708440284;10.926295994781112;11.228217442293436;11.5980525001616;11.852529509404196;11.694357887221452;11.85642552862553;11.8193807908646;11.240791332161956;11.80896417491926;11.711666973564348;12.2836671674915;11.754887502163468;11.90651484484695;11.756973226165448;11.59105477403678;12.07347215397646;12.097373768990222;12.550025257465784;12.238703279427725;11.236014191900084;11.188588845707349;11.332596057789214;11.060695931687556;12.280480810318371;11.948367231584678;11.391243589427445;12.204265456136843;11.57601187420678;11.96000193206808;12.288000889707574;12.223700075986306;12.178353623512892;11.205793249397155;11.779719355143405;12.685186796595348;11.09341756438796;12.068442416025826;10.992938336165814;12.009478745888066;12.131535468676343;10.823367240046236;11.569380959522295;11.998237821888049;11.48733761520718
11.739358707433396;13.843921051289035;12.290882822429577;14.60229290496117;14.61269575047399;13.06204613772049;13.9153192176791;12.2428763671664;14.184797876532938;11.44086916761087;13.460583879901726;11.74104557700984;13.89121410590583;13.817383427897232;14.38653614792914;11.750706986224948;11.513727595952435;13.720244258287568;14.34568244818678;15.595985872526525;13.665780028329484;12.45763738099176;13.408197036444903;12.631631805917635;13.316847183602473;14.60229290496117;13.497477645523553;13.848427334023928;12.305491792110685;13.835458318236594;13.026869205263395;12.985664079018662;12.693704739225286;13.789126046425231;11.048486873992337;12.61401961443572;11.3701424794954;13.822371659963329;12.30206767252652;12.844313461203296;12.057991722759176;13.627305880514848;9.992938336165814;13.423772486429716;13.355626393637916;13.226713224618962;12.123798091251857;11.484822894262146;12.600609852446706;13.144020869266893;13.568193653850074;13.16679075071818;13.50928016808786;11.804131021183318;12.961449694398196;13.273067075722096;14.33105688442662;12.183635381473218;12.121209716409284;12.865539970785695;12.506803437795648;13.14322375612385;13.080817527608328;14.04772036638152;13.556386304097808;13.780949798749663;13.758431440900267;12.716176405807428;12.324743110494415;12.999119179995295;13.10541748977662;12.971184272404678;13.227014193649133;13.119265383175788;12.611485943240922;13.28583565586142;13.302638923787551;13.806650309081014;13.879200317947392;13.09901899101923;12.780129619625306;11.583082767502932;12.93682194449238;14.34318571544788;12.71338651493703;13.730151673173312;13.032734528586714;13.009128789539256;12.267371931265274;13.480790201095816;13.673971520682796;13.007552934613717;13.989128360866411;12.39901083295199;13.619417596048342;13.70433597118232;12.39473062943157;13.61769702930787;13.746094383705463;13.032390168866524;12.753425699145414;13.291314616229643;13.91877008505239;13.252665432450248
9.726218159332198;11.574120435009748;9.131856960608792;11.660887270302569;11.4578938373147;11.531381460516313;11.342630298678408;10.232420927176076;12.211584153079526;10.35974956032233;12.819979460922664;10.263269200372662;11.470658874060552;11.680359523513712;12.216745858195306;9.535275376620802;11.437231901039478;11.396069557639867;11.850577547205614;12.303209948944776;11.552188759557149;11.617926556798752;10.873444112515376;10.290018846932618;11.081483438093674;11.660887270302569;11.374496145691516;11.400345796534694;10.230020435705637;10.98370619265935;10.830515206976838;10.485829308701904;10.066089190457772;10.369597346278676;7.820178962415188;10.78135971352466;9.294620748891628;11.7515440590891;10.554588851677638;11.190442018782823;10.759888183221834;11.376125389276174;9.152284842306582;11.342630298678408;10.830515206976838;11.164906926675688;10.489847960439295;9.236014191900084;10.583082767502932;10.831307243802051;11.332596057789214;10.950555897047511;11.374496145691516;10.25974326369078;10.840777923595054;10.729620743553038;11.74188827273525;9.649256177517314;10.266786540694902;10.63390340934852;10.755722153642282;10.497851836951115;10.5401280385821;11.85914649542596;11.285402218862249;11.145295334933598;11.35424938194524;10.746514321138465;10.971543553950772;10.684748620421626;11.283088353024002;10.657318449581288;10.991521846075695;10.992938336165814;10.745674324002136;11.558420713268664;10.874981347653774;12.127349541059118;11.582141981658776;10.71338651493703;10.54978466794786;10.453270634010623;10.54978466794786;11.860311054919482;10.50084187955693;10.62844554013718;10.9901039638575;11.213104219641906;11.89026427702111;11.52552080909507;11.164906926675688;11.108524456778168;11.0;10.880348808156027;11.247334178028728;10.778898476008376;11.200285605224298;10.88264304936184;11.366322214245816;10.944712061043486;10.512740462803498;11.09077405464075;11.546412195119352;10.962173031109709
11.149111990706889;12.239598529249124;11.084144010615145;13.366595426071438;9.339850002884624;8.139551352398794;11.916625922211235;11.366322214245816;12.59362454970607;11.998942951443086;12.835260918627489;10.988684686772164;12.410186320725094;12.89178370321831;10.79766152585376;11.436190995481416;11.881113960675096;12.127994320976391;10.884933647949762;13.161761743304677;12.18766136573912;11.664891669286089;11.272046524389935;11.239598529249124;11.617008227651963;13.366595426071438;9.025139562278508;11.477252323937952;10.715961990255144;11.852529509404196;11.439830883981392;11.548340287676147;12.284824100224624;11.47218311618954;10.922584402713664;10.828136484194108;10.710806433699352;8.39231742277876;11.638888382252262;12.86128080358871;11.962173031109709;11.280190792216906;10.90388184573618;11.683433292835405;12.66222330531784;12.130570562805426;11.79685079526716;10.644757592516257;11.507794640198696;12.936637939002573;11.650154213675094;12.64250302878052;11.90651484484695;11.807757403589267;11.450695771572915;11.217351905270334;11.94178124227853;11.422064766172811;11.905763049602792;12.095726668639047;11.262682142362165;11.374496145691516;11.61194694181998;11.90388184573618;11.025831668332026;11.885696373339394;11.451726268074506;11.139551352398794;12.846665681899738;12.025831668332026;12.025831668332026;11.663558104217271;11.677719641641009;11.508785162064513;10.620219825507489;11.591522346570734;11.269126679149418;12.108851117040151;11.939211882666395;10.390168956200185;11.857980995127573;11.082814337672271;10.328674927327947;12.60408986146918;11.114393054867309;12.118941072723509;11.81257844413538;10.600842114387302;12.24436383512051;11.801708358916462;12.282219695672588;11.776433032444732;11.747353829478062;11.589651146514786;12.32755264408124;11.30720080914081;12.872674880270605;11.494355603532846;11.57601187420678;11.569380959522295;12.01854794187165;11.982280604558284;11.50084187955693;12.040632200562252
13.761758978868755;14.058668250340572;13.829425445864093;13.445273555640638;14.441258331406123;14.05027380959834;13.219319801859132;13.341101799094083;14.836691454233929;13.748297692803115;14.399144384911438;13.202583012749797;15.01017840402054;13.950920352030098;14.105090051046009;13.51101135288224;14.366185588928143;14.451726268074506;14.170394552314118;14.965694113404153;14.28987480070007;14.345890314341002;13.48683502156305;12.99717948093762;13.95183108688825;13.445273555640638;14.29217781631975;13.663669281733675;12.790755750118311;13.868147338951072;13.824063737544932;13.071797522284209;13.650378635397704;14.041573600296076;12.688031702413934;12.957102041562289;12.923884546385334;14.048486873992337;13.715747542831355;13.57601187420678;13.346513733165636;14.008603695797012;11.350386742312844;14.351077258307878;13.871905237659186;13.197523878257789;12.855063118367624;13.3151495622563;14.007290124695714;13.48947168700768;13.369869938634876;13.790857545499614;14.552248810548477;13.603973996309024;13.964792090715711;14.087214193611045;14.417720683658056;12.78483929465315;13.489095315413504;14.820029338882216;13.654636028527968;13.902375114486023;13.951466861932795;14.800697714363126;14.916579274566226;14.354456017505626;13.789635526615887;13.862540503136891;13.20670914935865;14.482870966140382;13.837529385062425;13.604553229079038;13.86379910372885;13.418511490387644;13.873828574886977;13.585314678201458;14.538249568599277;13.908017261062804;14.395065477997743;13.992938336165814;14.064405961891042;12.47192918764169;13.803122072935404;14.850577547205614;13.412172865823786;14.54635190068654;13.792383614935188;14.817583288677616;13.429145170478744;14.100169531129907;13.036173612553483;13.73184933613704;13.74030781425232;13.646108641506103;14.118616689351509;13.856036399819155;13.847742502675754;14.19144482783438;14.40886043602476;13.56961830344664;14.20724315593674;14.115693952197011;14.189670152603751;14.021066720163276
13.224906090719768;13.67672843923796;12.696098170955864;14.177263798253469;13.695337055116058;13.802011414277494;13.544240006441658;12.949461979360152;14.327061370499464;13.010353265549254;14.058583701740266;12.37775279502222;13.955195815729942;13.970735044613132;13.556266543582993;12.708006128896072;14.189052362190337;14.140350496628438;14.65424442508658;14.462374459083035;13.606173844717032;13.511876166891112;13.191830338095308;12.82097669262124;13.428229298205096;14.177263798253469;13.436451292286977;13.43567026093655;12.045759661382682;13.57990515345134;13.252665432450248;13.042685372219353;13.506555530751324;13.050868963290736;12.10459875356437;13.320518524632693;12.29232163280204;14.021413793008133;13.554468941854116;13.660441650209172;13.218109106274904;13.804332726187615;11.473198383677529;14.295984117512992;13.28410112599707;13.706711844980717;13.098032082960527;12.281930026955443;13.112928141855113;14.05756873186252;13.383974232607851;13.564983039205092;13.382894168892134;13.391243589427445;13.465948964154254;12.740834826145262;13.793196859060943;12.99205319285264;13.410716333604269;13.746514321138465;13.398342887645883;13.416929443213602;13.186423797538945;14.169533592275016;12.99081307915361;13.733227217851562;13.7515440590891;13.066425600635556;14.066089190457772;13.556026992724677;13.264002687114218;13.410716333604269;13.46722342982096;13.401279536596528;12.214015491410844;13.548099416978388;12.694140204076431;14.312102985961063;13.434758522966764;12.360572781480696;13.718746909901064;13.275978964975623;12.28164030006605;14.11496234179294;13.098690096673591;13.710160691782914;13.68376223717448;12.610794169053182;13.780334708123895;13.633222303800787;13.044223335689608;13.804433568115511;13.682775179067027;13.714567511873662;14.06785446938792;13.624338545312986;13.983439002170414;13.437231901039478;13.70606426733497;13.653964643249012;13.4070021479242;13.71037597120447;13.73714169365265;13.70552439716406
20.199314089745467;20.38495655696685;20.30836347425509;20.753710507974933;20.051925818585023;20.00000412757772;20.12880492424288;19.42113205603168;20.823207060256745;18.70742317074485;20.05196430749408;17.865606420604717;21.035610620863714;20.04291243178008;20.361455507126472;19.89291629616377;19.630592420064605;20.607888339788985;20.228949006183647;20.081241560846887;18.84841816432292;19.61970415778151;20.12586999201382;19.657827825291744;20.053439384039745;20.753710507974933;20.071129744294065;20.34956848467841;19.16594971138844;20.555027187154018;19.382121596196264;20.094013234009203;18.18511739852477;20.819323093386128;20.740464291001924;20.655848625513183;20.14143861868141;20.00167620068394;19.15665343103988;20.37037346014798;20.27823731628679;20.553080822475795;18.434339092847026;19.84356993789251;20.9134248750018;18.764664292073345;19.56011635400121;20.279755655721107;19.8707755849531;20.617057566829395;20.40019567478424;19.32582147696476;19.23700917819857;19.28104255453693;20.87156462995789;18.538033539267328;19.699204724685767;20.574492823413504;19.69223918325964;19.38194000267821;17.90829879000133;20.335426339618127;18.549205584942857;20.420303616197376;9.642051692927977;20.296744846204323;20.14593836329113;9.787902559391432;19.02149512612956;20.78890229592619;18.595811092203945;18.576868116875776;19.148754607845337;19.532673625988323;10.857203471508166;17.42181829347999;10.562242424221072;19.1855771923397;18.657342875809505;14.161446847518008;19.860433824770336;16.119508568181146;10.25974326369078;19.56154340476596;20.02680167998913;20.54244529645881;19.90994580603696;11.116343961237469;18.988343519524992;19.1037206544494;19.63187333367889;20.72143217389521;20.58998481453541;18.56351656406622;20.80771495966156;20.641286214875368;19.421744343460368;19.72991609726845;20.67176305002673;19.736717367451053;18.27426894228196;20.11690867271436;20.428297804306546;19.876100217062884
14.525704315280162;14.38518833856272;13.748087998756109;15.27463294668438;14.57459352733761;14.127188301043205;14.463652084955491;13.62605121423426;14.881783136400989;13.72419407144051;14.956784512114346;12.737669863177452;15.11154324574972;14.39352453067868;14.08986422829844;13.635264656539514;13.989483201928492;14.797610868537408;14.212496385193948;15.775661716488402;14.017330404240012;13.609294186070732;13.373137035802127;13.142585748356288;13.626165319904498;15.27463294668438;13.201664488711414;14.06936584833746;12.659103963473662;14.359886796473766;13.683542949282144;13.786984262718535;12.918676926815126;13.959186926844888;13.288000889707574;14.46677749489209;14.08006801072894;14.196064165921053;13.074643240639736;14.678930187152346;14.400078902622012;14.631915952027883;12.4893462407191;13.956285396025338;13.728983369988049;13.645095473397046;13.924441392339196;13.950100198809134;13.536368649553852;14.856230977341992;14.429733638631118;13.720030446498972;13.51261702365554;12.698921662339812;14.506803437795648;13.181462881270017;13.71177450496535;14.6885781571157;13.254733389246674;13.889218742472613;11.957102041562289;13.804635230827737;12.370959793297386;14.340684654363438;10.417852514885896;14.14242620231898;14.013060912553662;9.703903573444665;14.141628207364796;14.269126679149418;12.650154213675094;12.453527867681784;13.536975665610642;12.917185576336395;9.753216749178955;12.023061249735337;10.084808387804362;12.52258153125483;12.65642486327778;10.12670447284319;13.382894168892134;10.63662462054365;9.586839787961829;13.942972605568816;14.189747357807576;13.74157231951848;13.467096033905747;10.625708843064466;14.050783956364931;13.066930068864098;13.751334836401345;14.469578227375443;13.724833563933643;12.786678033890652;14.78978833559524;14.357208333961871;13.566886488038495;13.47154821099913;14.101072883682534;13.826449179423664;12.3009244909763;14.308410139144074;14.236313227042803;13.547015000894593
10.553629293916364;10.169925001442312;7.247927513443585;10.787902559391432;8.658211482751796;9.50382573799575;10.105908508571158;10.057991722759176;10.217957697864112;10.302638923787551;7.787902559391432;10.80896417491926;10.194756854422248;11.4812949046311;10.703903573444665;10.091435386323608;10.597121428789569;11.184875342908285;10.447083226209651;10.975847968006784;8.897845456005511;10.4797802640291;10.918117851031772;9.972979786066292;10.576484346796851;10.787902559391432;8.88264304936184;10.187352073200495;9.236014191900084;10.77561028075954;10.527477006060396;10.383704292474052;10.060695931687556;8.679480099505446;6.539158811108031;7.930737337562887;9.749869427396844;8.710806433699352;11.874212934830874;11.208234358339787;9.807354922057604;10.523561956057012;9.779719355143405;9.467605550082997;8.59245703726808;8.459431618637296;9.90388184573618;6.870364719583405;11.467605550082997;8.741466986401146;5.930737337562887;11.38424412224308;10.960725994839056;12.039261794341057;11.761135649828644;10.442943495848729;11.90312867681232;12.029632328044135;11.88264304936184;11.027905996569883;10.910642730469624;11.198445041452365;11.069449767427784;11.371776644337924;10.837627933171404;11.953468962228849;11.801708358916462;10.829722735086058;10.857203471508166;11.26795708440284;12.322491537597468;11.932952892194717;11.441388029346689;11.760304125286382;10.390168956200185;12.536247215688128;11.528942415064895;13.118616689351509;11.93110683302934;9.829722735086058;11.107217075591382;11.960364008877834;10.7632123668144;11.90613899619538;11.068778277985412;10.95492329203032;12.2836671674915;10.025139562278508;11.410451351503994;12.25974326369078;8.977279923499916;12.314300001897534;11.131213905086272;12.34207466799914;11.595723694101627;11.594324603924848;11.642051692927977;11.457380879072534;11.14974711950468;12.363860976729532;11.042343379793692;11.379919817646538;11.072132604167232;11.17804232886482
10.328674927327947;12.272338184158624;8.651051691178928;11.76983784362944;11.232420927176076;11.553629293916364;12.25974326369078;12.03307880613062;12.285113188501493;11.545447181678094;12.54882190845875;11.145295334933598;11.860699032611988;12.60478485708642;13.148158772937894;11.526499239136566;12.943430560383598;12.214926187942435;13.066761932386909;13.028078722704889;10.950555897047511;13.167418145831736;13.332036548361652;11.072802534544207;11.808159772868375;11.76983784362944;10.580258567499788;11.73640193131829;11.281350514981035;13.095397022792556;11.952741247186488;10.997885127829113;10.849405100947758;9.81698362325538;7.761551232444479;11.663558104217271;10.278449458220482;11.043710863347156;12.605942439625368;12.595024318613635;10.99506046703272;12.566767596032916;10.230020435705637;11.37775279502222;11.468624042918018;10.712527000439824;10.732167425663384;9.537218400538595;13.033595068451708;10.957102041562289;12.024447124040648;12.783612165256038;11.954559846999834;13.146568675740786;12.753843508311638;12.326991174900815;14.104271128936894;12.57104154760109;12.547135531830865;11.534789211480266;12.501339618061396;12.648132845652658;13.41706134676029;13.28410112599707;12.384513961398618;13.631745471077506;13.762382038710392;12.619073646817748;12.20181761666792;12.282509306240836;13.73481544784671;13.233769450446928;13.376668061857668;13.237956813306198;11.9683067944308;13.7324854450719;13.529186505250893;14.020459141699511;13.76207054242485;11.068106475858771;11.808562029957525;12.92351319630841;12.090443275081606;12.79543091954113;12.90613899619538;12.99435343685886;13.35837648032824;12.178664851006472;12.158294103604035;13.644532294625444;11.084144010615145;13.494980552661476;13.580376352946306;13.563911244581693;13.62548055047108;13.982548009651426;12.017156386383112;12.440350119200565;13.165221068220944;13.365775635326267;12.552669097514272;13.138431806276849;13.376261076559688;12.702389159976336
5.584962500721156;5.523561956057013;4.169925001442312;5.882643049361842;5.882643049361842;7.139551352398794;5.977279923499917;6.357552004618084;6.832890014164741;6.303780748177103;6.584962500721156;8.280770770130603;7.0;7.483815777264256;7.707359132080882;7.417852514885898;8.076815597050832;6.700439718141092;8.087462841250339;7.451211111832329;7.3750394313469245;8.554588851677638;6.149747119504682;5.584962500721156;6.977279923499917;5.882643049361842;6.894817763307944;5.459431618637297;5.044394119358453;5.554588851677638;6.044394119358453;6.658211482751795;8.011227255423254;4.700439718141092;4.392317422778761;5.392317422778761;5.554588851677638;7.906890595608519;8.071462362556623;6.087462841250339;4.857980995127572;5.857980995127572;5.727920454563199;8.531381460516313;4.523561956057013;6.044394119358453;6.918863237274595;3.906890595608519;8.005624549193879;7.383704292474052;5.129283016944966;5.857980995127572;6.700439718141092;7.727920454563199;7.845490050944375;6.357552004618084;7.977279923499917;6.189824558880018;7.276124405274237;7.011227255423254;8.60733031374961;6.94251450533924;7.562242424221073;7.906890595608519;6.285402218862249;6.6865005271832185;7.507794640198696;6.285402218862249;7.539158811108031;6.965784284662087;8.588714635582264;7.754887502163468;8.169925001442312;7.78135971352466;7.179909090014935;8.930737337562887;6.700439718141092;9.39231742277876;8.59618975614441;5.727920454563199;7.266786540694901;7.924812503605781;6.20945336562895;8.519636252843213;7.129283016944966;6.149747119504682;7.20945336562895;7.139551352398794;7.03342300153745;9.157346935362844;6.954196310386875;7.383704292474052;6.087462841250339;7.912889336229962;6.108524456778169;6.906890595608519;7.247927513443585;8.204571144249204;7.906890595608519;7.800899899920305;6.870364719583405;7.169925001442312;7.022367813028454;6.044394119358453
11.378836713210614;12.986375379435334;9.853309555403674;12.448374459662794;12.272921326867005;12.316564385396942;12.380190466749834;12.324180546618742;13.795227966028678;11.634811050171718;12.109830654278792;11.774787059601174;13.230320715661112;13.147522944350744;13.565102078360312;11.851358649033513;13.33901486825008;12.62844554013718;13.759680167210965;13.578018814974364;11.791569912126878;12.65709510488839;13.157820597213629;11.901621158346112;12.391780606013166;12.448374459662794;11.710806433699352;11.945809584900822;11.782179193831208;13.113742166049189;12.722594098956584;11.589651146514786;10.902375114486023;11.280770770130603;9.579315937580017;12.054943416573323;11.282509306240836;12.729833138848363;12.507051302247916;12.113416611485944;11.578844391558205;12.8668925276766;10.411510988012072;12.158925203806964;11.915879378835774;11.724087461793989;11.280770770130603;10.08214904135387;13.127994320976391;12.55098721452152;12.27699673929712;13.336367081389795;13.367141694552364;12.531381460516313;13.059851410770802;12.955649907528374;14.16749655104036;12.097373768990222;11.868050853745158;13.065584428061502;12.88149638481011;13.177886656348791;13.788820271926742;13.911111061926714;13.102303817212649;14.092013802969072;13.707251271063232;12.89614316077451;13.084310133597755;12.774375272802065;13.73523868071836;13.198138052401116;13.533329732305834;13.219924768862814;12.253552062637464;13.5302844003166;12.96992608191987;13.30035256032822;14.050103720581296;11.993646060016596;12.668220198888896;11.2836671674915;12.314583244274194;14.579374869997288;12.59105477403678;13.573055409708704;13.530772085621978;12.77272694923985;13.720992350106709;13.896710815726117;11.232420927176076;12.97100459807343;13.085140461701762;13.461607340113764;13.784328117579138;13.430844535105216;13.173989374166537;13.29217781631975;13.338179249900112;12.82714419098428;13.149111990706889;13.389765762278635;13.6142497276894;13.440739423014271
9.481799431665753;10.116343961237469;6.475733430966398;9.60917873814198;9.407267764244732;9.94251450533924;9.965784284662089;9.60177078840771;10.721099188707186;10.200898605038445;10.020979938904212;10.162391328756906;9.236014191900084;11.053247125912426;10.946906274456396;9.493855449240822;10.54978466794786;10.33427328530719;11.469641817239516;11.933690654952231;9.668884984266247;10.683871868622605;10.749869427396844;9.957102041562289;10.817783121774534;9.60917873814198;9.339850002884624;9.038918989292302;9.968666793195208;10.388017285345136;10.279610581052484;11.002111776479852;10.153552031708111;8.388017285345136;6.918863237274595;8.658211482751796;9.594324603924848;9.88264304936184;12.524786550851609;11.786678033890652;9.055282435501187;10.462502272597265;9.370687406807216;9.689997971419446;8.535275376620802;8.447083226209653;10.753216749178955;7.011227255423254;9.556506054671928;8.603626344986193;7.800899899920305;10.773963368433558;9.799281621521924;11.495355392235982;11.62890115202819;9.76155123244448;11.35149140932002;11.41204051455165;11.982280604558284;10.619302955415687;12.101975670949232;11.519636252843211;10.625708843064466;11.366322214245816;11.04507705193494;10.909893083770042;11.670213636738564;11.934428040626804;10.800899899920305;10.55170826162069;12.201205007299528;12.167418145831736;11.563672959827514;11.422064766172811;10.576484346796851;12.693922488081014;11.184255495405347;14.114067647165264;11.766528908598865;9.76487159073609;10.790348496751914;13.147840893672337;11.269126679149418;11.722380635163802;11.206403913973848;8.842350343413807;11.834471049984222;9.89633240390994;11.736824699098864;12.14051027236822;10.265615046484458;12.002111776479852;10.557463701597824;12.726856755450727;9.961449694398196;10.588714635582264;11.26502894245816;10.77313920671969;11.463013413449692;12.29920801838728;11.025831668332026;11.266786540694902;11.101319154423276;11.034798962577268
9.430452551665532;10.667998535672528;9.219168520462162;11.12088584278779;10.532355925288847;11.163020639580791;10.458406613236534;9.961449694398196;10.84862294042934;10.30720080914081;10.99435343685886;10.60917873814198;10.232420927176076;11.0;11.129926933510394;9.398743691938192;11.075479149488016;10.824958740528524;12.035830072835015;10.73893668167614;10.89026427702111;10.590587049915037;10.401946123976536;9.861086905995396;10.47269083924278;11.12088584278779;10.92184093707449;10.762382038710392;9.782998208920414;10.493855449240822;10.348728154231075;10.237209960755022;11.236014191900084;9.312882955284357;8.379378367071261;9.50382573799575;9.403012023574997;9.131856960608792;11.285980105928212;11.172427508645482;10.400879436282183;10.810571634741146;9.057991722759176;10.371776644337924;10.098032082960527;10.83605035505807;10.50382573799575;8.523561956057012;10.43879185257826;11.746514321138465;9.79603960882977;10.972261848733291;10.580258567499788;10.993646060016596;10.76487159073609;9.946906274456396;11.243173983472952;10.705632387361415;11.216745858195306;10.720244258287568;10.605479518061667;10.295768934420508;10.417852514885896;11.115693952197011;12.03342300153745;11.030667136246942;10.997885127829113;11.304921669581672;10.91737207947684;10.450180247164754;11.403544678202014;10.820178962415188;10.779719355143405;10.705632387361415;11.068106475858771;11.51422090935813;11.557942286787448;12.474212937193943;11.50382573799575;11.172427508645482;10.757390009366638;11.077483356859508;11.376125389276174;11.095397022792556;10.360847084179664;10.42940674151398;11.264442600226602;11.498849206531723;11.119589620741122;11.462502272597265;10.84313591111135;11.057314877782703;10.838416075797335;11.42259043389256;10.888743248898258;10.508785162064513;11.18239435340453;10.807354922057604;10.7431513941125;10.97656412341533;10.715104009236168;10.749869427396844;10.7047682393626;10.159871336778387
2.584962500721156;1.0;1.0;2.584962500721156;2.321928094887362;3.906890595608519;3.0;2.584962500721156;1.584962500721156;3.906890595608519;3.906890595608519;2.807354922057604;3.807354922057604;2.807354922057604;2.807354922057604;2.584962500721156;6.409390936137702;4.247927513443585;6.700439718141092;5.584962500721156;3.4594316186372973;4.392317422778761;1.0;2.0;2.584962500721156;2.584962500721156;4.321928094887363;2.807354922057604;1.584962500721156;0.0;1.584962500721156;3.321928094887362;4.906890595608519;3.700439718141092;3.169925001442312;4.459431618637297;5.459431618637297;4.247927513443585;9.714245517666123;4.169925001442312;2.584962500721156;0.0;3.4594316186372973;2.807354922057604;0.0;3.321928094887362;3.0;1.584962500721156;0.0;5.857980995127572;3.0;3.584962500721156;1.0;5.554588851677638;6.7414669864011465;3.0;4.807354922057604;2.321928094887362;4.523561956057013;0.0;6.977279923499917;3.0;1.0;4.954196310386875;2.0;1.584962500721156;2.584962500721156;3.906890595608519;6.169925001442312;3.807354922057604;3.700439718141092;3.321928094887362;3.4594316186372973;4.584962500721156;1.584962500721156;5.247927513443585;4.0;6.266786540694901;5.0;0.0;1.584962500721156;6.266786540694901;2.321928094887362;3.4594316186372973;5.392317422778761;4.087462841250339;4.247927513443585;1.584962500721156;6.044394119358453;2.807354922057604;3.0;0.0;0.0;4.247927513443585;2.584962500721156;1.0;6.339850002884624;5.672425341971495;4.584962500721156;3.807354922057604;5.491853096329675;2.0;2.321928094887362;0.0
9.434628227636724;10.519636252843211;8.96289600533726;10.4655664048094;10.057991722759176;9.88264304936184;10.451211111832327;10.851749041416058;10.257387842692651;9.535275376620802;10.901621158346112;9.319672120946995;10.28424574982967;10.824163209744158;11.230620933129869;10.41574176829009;10.015415052386688;10.547858506058416;10.95492329203032;11.320800548881635;9.445014845868425;10.30035256032822;10.711666973564348;10.213104219641906;10.442943495848729;10.4655664048094;9.857980995127573;10.194756854422248;9.569855608330949;11.26795708440284;10.00562454919388;10.002815015607052;11.145932145820517;9.546894459887636;8.03342300153745;8.832890014164741;8.658211482751796;9.642051692927977;11.57601187420678;11.094077685671904;9.782998208920414;10.582141981658776;8.344295907915816;9.76983784362944;9.603626344986193;9.756556322524087;9.564149489985732;8.098032082960527;10.451211111832327;10.14210705730255;9.29920801838728;10.79766152585376;10.567005370247031;11.202736043250168;11.038918989292302;10.366322214245816;11.675074920385445;10.394462694610317;11.27786854617684;10.755722153642282;11.496853777388042;11.36194377373524;11.715104009236168;11.057991722759176;10.8649599151426;11.425215903299383;12.477252323937952;10.76983784362944;10.5980525001616;10.895575282380683;11.852529509404196;11.116343961237469;11.269126679149418;11.269126679149418;10.681238411777803;11.59944798152872;11.726643921483994;12.790755750118311;11.64430696154558;10.31741261376487;11.109830654278792;11.347621368568134;10.988684686772164;11.567480801143043;10.476746203939468;10.98299357469431;11.622051819456376;10.393390457443989;11.399277924508969;12.065416134676548;9.834471049984222;11.281350514981035;11.52061868055628;12.244958393151132;11.071462362556623;11.290594888082572;10.90388184573618;10.836839359748716;10.915879378835774;10.929258408636972;11.107870914279614;10.987974524296153;11.246740598493144;11.371776644337924
9.453270634010623;8.672425341971495;6.768184324776926;8.842350343413807;8.933690654952233;8.49585502688717;9.177419537989236;9.726218159332198;8.7714894695006;9.573647187493322;8.848622940429339;9.579315937580017;8.930737337562887;9.350939181546432;9.459431618637296;10.0;10.25974326369078;9.74819284958946;10.698704666770343;10.694357887221452;9.92035285541508;8.960001932068081;10.162391328756906;9.252665432450248;10.1357092861044;8.842350343413807;8.252665432450248;8.622051819456376;8.43879185257826;9.5980525001616;9.975847968006784;9.649256177517314;9.86418614465428;8.353146825498083;7.727920454563199;8.0;8.912889336229961;8.08214904135387;11.157346935362844;10.197216693110052;7.044394119358453;9.564149489985732;7.199672344836364;9.333155350310616;8.252665432450248;9.047123912114026;8.214319120800766;7.499845887083206;10.73809225962049;7.906890595608519;7.011227255423254;10.384783750093352;10.154818109052105;11.24198314969433;10.733015321685963;9.605479518061667;10.554588851677638;9.980139577639155;11.466076461396252;11.036173612553483;10.735556023911537;11.03960451795376;9.94251450533924;11.043027283594547;11.832494484336111;10.934428040626804;10.76155123244448;11.553149275598548;9.603626344986193;10.014020470314934;11.082814337672271;11.020979938904212;10.772314573921651;10.400879436282183;10.923327485419192;11.216139556425135;11.660887270302569;12.368779260041338;11.20945336562895;10.580258567499788;11.164906926675688;11.456354415108288;11.10459875356437;11.153552031708111;10.1331422124006;10.200898605038445;11.06339508128851;11.42259043389256;10.208234358339787;11.258566033889933;9.355351096424812;10.866506212226202;10.802516365121225;11.47218311618954;9.857980995127573;10.470658874060552;10.76155123244448;11.022367813028454;10.53818893205242;10.86573327085176;11.338736382573916;10.28424574982967;10.219168520462162;10.303780748177102
8.79766152585376;8.214319120800766;5.807354922057604;15.257535169222358;15.318260343712415;14.412635999683268;12.321928094887362;13.328815151368577;9.461479447286155;13.425084743242849;9.124121311829189;9.428360172704291;8.515699838284043;9.984418458801136;8.974414589805527;12.373680833411614;9.709083812550343;14.4397659664373;15.028726261596152;11.270879295328784;14.272702675972514;14.666113021993024;9.594324603924848;8.60733031374961;13.748402528398184;15.257535169222358;15.228104680354404;7.807354922057604;13.170238052336648;13.842743180731658;10.295768934420508;13.869401059778095;9.521600439723729;7.636624620543649;6.22881869049588;8.344295907915816;9.027905996569883;15.219508881300156;10.78463484555752;14.679040186393062;14.128960950855696;13.267225605889532;12.275251543470327;9.022367813028454;14.248224089668474;14.744833837499543;12.669770888525518;7.087462841250339;7.787902559391432;8.632995197142957;7.451211111832329;12.69283341500077;8.174925682500678;9.41574176829009;9.90388184573618;7.383704292474052;9.823367240046236;8.823367240046235;9.445014845868425;7.366322214245816;9.257387842692651;9.29232163280204;10.071462362556623;10.01262453886506;9.108524456778168;8.353146825498083;9.94251450533924;9.08746284125034;13.56450678433871;9.14210705730255;10.651948610723446;10.302638923787551;10.222794902868111;10.103287808412022;8.233619676759702;9.726218159332198;8.668884984266247;10.74819284958946;10.642954223480332;7.930737337562887;8.531381460516313;10.24555270625568;8.668884984266247;9.618385502258606;9.76983784362944;7.98299357469431;10.188588845707349;8.144658242831882;8.791162888555018;10.69261550169458;14.064911136698967;10.019590728357882;11.715533063526584;10.222794902868111;8.665335917185176;8.46352437327118;12.84901407369482;9.398743691938192;9.96000193206808;9.78463484555752;8.08214904135387;9.403012023574997;9.375039431346924;8.897845456005511
14.030925722364;14.239523946312158;12.677719641641009;14.90364652268268;13.964792090715711;14.357826882210777;14.136190104319445;13.76994112565983;15.522091068887065;12.89178370321831;14.462885645213246;13.764042217306589;15.17488668178319;14.6965329140783;14.136029849385553;13.728345714710976;15.031701202740305;15.055282435501187;14.576543394992536;13.575421065794869;14.257756130811694;14.08464232218796;12.717676423066395;14.471103611057853;14.127349541059118;14.90364652268268;13.562123148867288;12.915505962231933;12.887220615468385;14.119751712201424;13.663446918132603;13.918863237274596;15.26700608999518;13.170238052336648;14.157504839926114;15.45124331448723;13.947180316634237;15.1806473495222;13.90407007654614;14.2428763671664;14.001408194392807;13.697836357962377;12.518161355756956;12.89045429283184;14.58507990276711;14.50612159089259;14.56955897112606;12.640018932455783;13.473198383677529;17.14624050007186;15.111909965290986;14.596655667674662;13.89614316077451;13.762485855861582;11.980139577639155;12.489597122389307;13.295768934420508;11.989749275462133;13.521109643651332;14.99147755834286;12.898412441684211;13.523194374830966;12.5090326863065;14.005273656563938;13.229119220658594;13.336506559810257;13.284534954008423;12.234817431117325;13.601886830639092;14.104844423218584;12.99028127536032;12.4189067312579;13.1767964781476;12.756347825516588;12.80634822671225;12.622738217871143;11.579315937580017;12.964521373897238;13.762693467754428;14.210290836058007;14.623309967191387;12.36468185586456;12.984418458801136;14.426264754702098;12.715104009236168;14.023667733561714;12.682336269711378;13.26620091249896;14.976071804762835;13.682226521505408;14.483815777264256;11.997532347526366;13.3781593597821;12.857980995127573;13.58660526060361;12.965062756744627;14.418511490387644;13.352595231134304;13.159556028058768;12.324180546618742;14.04899765291107;13.81277897162766;12.960364008877834;13.897467341721892
9.839203788096944;11.59618975614441;14.267371931265274;11.56271942704932;11.459431618637296;11.901998185668496;11.165535141377925;10.655530723155644;11.58261245126702;10.279610581052484;12.62844554013718;10.846273911349906;11.109177703355275;11.789126046425231;11.81498293642679;10.27262978497637;11.988329649231089;11.01262453886506;12.07648160120702;12.060358182642142;11.531381460516313;11.515207030408751;10.805743872151618;10.808159772868375;11.025139562278508;11.56271942704932;11.274378153246364;11.357002092264985;10.660887270302569;11.088125692188209;10.485829308701904;10.89633240390994;11.285980105928212;10.63390340934852;8.832890014164741;10.893301530860564;9.573647187493322;11.822570830950168;11.027905996569883;11.233619676759702;10.94251450533924;11.183635381473218;9.467605550082997;11.312315746690109;10.975847968006784;11.483815777264256;10.866506212226202;9.4757334309664;10.67595703294175;11.43149760425805;10.79603960882977;11.166163082646111;10.73640193131829;10.600842114387302;11.281930026955443;11.027905996569883;11.744833837499543;10.434628227636724;10.681238411777803;11.712097051087548;10.749031382040204;10.880348808156027;11.576484346796851;11.539643506238036;10.687375683437468;11.498849206531723;11.352595231134304;10.496853777388042;11.071462362556623;10.700439718141093;11.398209261466851;10.824163209744158;11.04507705193494;11.065416134676548;10.419960177847887;11.4542992936199;10.841564347730577;11.894059846274022;11.54882190845875;10.007027266893967;10.97656412341533;10.425215903299383;10.458406613236534;11.790755750118311;10.68650052718322;11.579315937580017;11.337621901992508;10.625708843064466;11.171802288682985;11.51175265376738;11.62662165235837;11.105253779700885;10.940313597145968;11.389093521904474;11.455840909126398;11.337621901992508;11.284824100224624;11.06339508128851;11.332596057789214;10.98299357469431;11.081483438093674;10.897845456005513;11.373408960228696;11.084144010615145
7.665335917185176;8.727920454563199;5.044394119358453;7.066089190457772;6.409390936137702;7.467605550082998;7.857980995127572;7.523561956057013;9.51175265376738;8.0;6.930737337562887;7.257387842692652;8.396604781181859;9.981567281903017;8.50382573799575;8.614709844115207;10.27029532647204;9.52943055414615;8.499845887083206;10.122827994807666;5.523561956057013;7.614709844115208;8.442943495848729;8.7714894695006;8.194756854422248;7.066089190457772;8.243173983472952;7.734709620225838;7.179909090014935;7.467605550082998;8.413627929024173;7.276124405274237;7.839203788096944;6.870364719583405;5.044394119358453;4.392317422778761;6.918863237274595;5.044394119358453;9.663558104217271;8.83605035505807;6.149747119504682;8.194756854422248;8.897845456005511;8.280770770130603;9.036173612553483;7.839203788096944;9.283088353024002;6.321928094887363;7.820178962415188;7.044394119358453;5.614709844115208;9.074141462752506;9.61654884377899;7.800899899920305;8.554588851677638;8.761551232444479;11.043710863347156;9.243173983472952;8.0;10.839991070539886;9.627533884472792;9.090112419664289;11.079484783826816;9.94104760634058;6.906890595608519;7.741466986401146;8.49585502688717;6.599912842187128;8.933690654952233;9.569855608330949;9.729620743553038;9.134426320220928;9.405141463136344;8.994353436858859;9.623881490013458;8.640244936222345;7.523561956057013;9.294620748891628;10.179909090014934;7.622051819456376;9.81698362325538;7.693486957499325;6.643856189774724;10.506803437795648;10.356451970221755;10.602698865017963;8.49585502688717;8.50382573799575;8.550746785383243;10.352043425795433;7.022367813028454;8.103287808412022;8.262094845370179;8.584962500721156;9.310612781659527;7.714245517666122;9.85642552862553;9.116343961237469;9.707359132080883;9.38586240064146;9.90839262077375;9.603626344986193;9.044394119358454;9.29920801838728
13.954105411918466;14.046441948007311;13.37571825083947;14.573469679644326;14.048572016371356;14.082731192408678;13.99682652802066;13.539643506238036;14.757077433254294;13.420486612825774;13.442165972229322;12.63117705570398;14.834026558757454;13.749240939022329;13.975221040270178;13.57483001533763;14.464354297206343;15.131856960608792;14.883216040052192;14.274305346855346;13.654076562495094;14.279175269495482;13.36098421597397;13.1999790076159;13.464162818668548;14.573469679644326;13.757598355823912;13.7288771136786;12.996296936687374;14.12209999415484;13.339850002884624;13.753530162781162;12.885886991697456;13.643405277115674;13.690107130050064;13.308765631603524;13.02150054817463;14.123555628288193;13.332735901247949;14.269711121142782;13.77612455554518;14.13418563704936;11.45532722030456;13.779924501967908;13.89016925972988;13.124767535822471;13.691961564216788;13.325024310191417;12.959277505720502;13.927592799399564;13.677279191312175;14.04379628804688;14.020632761657708;12.909893083770042;13.598750409571752;13.190596342475638;13.805139264316736;13.140989493445831;12.911204709977175;14.431171106634984;12.95764621521841;13.66855262986872;13.42600261332936;14.321575831415734;13.686281655144432;13.982637133669424;13.44643717584693;12.78749449969676;14.150857922538847;14.026177596889225;13.001232245244363;12.86727873970966;13.212344386559144;12.93110683302934;12.983884292164657;12.26238852375102;13.297632789142511;12.59898297103609;13.564625862795372;13.446824840780309;13.62605121423426;10.5980525001616;12.620219825507489;14.150857922538847;13.385323176175872;14.359612311115082;13.526865979393818;13.480790201095816;13.73312127365905;13.19598729802851;12.7795141791435;13.35397382181817;13.999735810460262;12.826747082520203;14.045930263291575;13.672314837200204;13.66211201631089;13.540370243743569;13.880253135551404;13.119427511067276;13.80231440599149;13.773654362961867;13.7795141791435;13.79644525906185
16.612162984205522;16.609640474436812;15.81813276310386;17.391671540695985;16.528164101868445;16.61152916811594;16.822483697026765;15.437069309043174;16.978878007181702;15.491038845953945;16.419219553505812;14.62044895201331;16.260625556068227;16.92633074581686;16.70528138966102;15.302638923787551;16.57256701023185;17.414420981746417;17.78217279344506;16.774182207272187;15.668331017726826;17.42533885502375;15.536581134227031;15.832618099056637;15.687238975262431;17.391671540695985;15.81575853186142;16.274978665819276;15.887244418978469;16.39757436804089;14.95651228838106;16.674757779395428;15.213446014012012;16.833050667187855;16.250816534284997;16.073555834556565;15.1312541044549;16.561093989420783;15.868219698621106;16.687211632072838;16.45847069741382;16.62625089323501;15.608890077895536;16.390891063627805;16.62195169239682;15.968756778851928;15.607070189030772;15.71067192796632;15.062762921032624;16.99279453732627;16.15831382966477;16.237564763925135;15.485766428363634;14.954014507722544;16.285962050460792;14.745464248276845;16.17143093609063;15.892851092421342;14.903740656510257;15.902375114486023;15.365638958234518;15.39486457818436;15.293004565378526;16.288397496991358;16.754052367528924;16.016177144641983;16.134867468443186;15.829028964915974;16.675460910996275;15.86891898838627;15.664447284547972;15.423477064079776;15.48069554952344;16.101401235329103;16.08250251822288;15.458022048382626;16.420700422176893;15.890478043048583;15.859267847576502;16.427689315366692;15.735106433783058;14.764664292073348;16.182161541746314;16.050210028566877;15.7047682393626;15.949963461264677;16.228330195419613;16.67920516953017;15.3292357417338;15.97960382407446;16.865926545021903;16.320888670154403;16.02570192373543;15.520342440374003;16.675254143155012;15.819081362649287;16.47046823051341;15.22622401599265;16.297507412936966;15.753556277508256;15.143144020581184;15.879319995011633;16.3730690466864;15.930021170686404
15.152839374630144;16.87271094719579;14.923977368971237;16.961336640269504;16.57793033231331;16.927615946034585;16.701550139864935;15.66222330531784;16.95688658277294;15.489534406061743;17.054487734402052;14.334622462412966;16.697116893929522;16.448309925430003;16.661430183756533;14.870123864970768;16.453093759252678;16.308534571469217;17.179705030622877;16.67312961098274;16.19211940320295;17.037107197836058;15.790603043577722;15.601915839738592;15.918700216938396;16.961336640269504;16.09784696251647;15.80984347641414;15.35624562036216;16.658685681878175;15.576868116875778;15.358582525655892;15.366219746470575;15.771025140804976;14.581082863754204;15.798168001211211;15.12686576693927;15.87876939829638;14.770457424932022;17.26449757993511;16.22571581600822;16.249743086654668;14.624281421318566;16.337395417886576;16.121169236182542;15.59274900396628;15.415774772466037;14.94388836987587;15.943751042281564;16.139471413623824;16.07629369455956;16.17554955063619;15.882834071545622;15.561108910019191;16.448245388310358;15.877164287450231;16.46953053313795;16.458102174514448;15.560093957642495;16.676934995905345;14.021413793008133;15.710994720660423;14.378362599204976;17.077942262505115;8.308339030139408;16.610693257597543;15.781282863375532;8.071462362556623;16.197293495529134;16.579050711907627;15.570033561381877;14.734868358746205;15.691798033522238;15.167692545421904;7.459431618637297;14.74740628253269;8.194756854422248;15.088871035643148;14.843577605036456;8.754887502163468;15.611255388699336;12.386401423640775;7.276124405274237;15.950259709566208;16.544964432789236;15.926017956356542;15.978241220950906;8.682994583681683;15.929327767308214;15.886625400039287;15.567807569023898;16.23043330453316;16.613401003135557;14.65273295816898;17.34315968506292;15.860141281864353;15.91837412099312;14.86727873970966;16.674495740766723;16.233900489669598;15.067812464029402;16.197139886602148;16.752236892602625;16.308196801614532
14.010265837434154;14.637134276717104;13.68365259739475;14.6163765371075;14.29920801838728;14.67485430794662;14.29913645435835;13.79512647856489;14.760356109613598;13.847938201949098;15.01854794187165;13.486457961394274;14.333644553468172;15.13498775818694;15.001804001536629;13.811475044432733;15.030106707274792;14.837135125296111;15.807405238390016;15.451822839394287;14.78983926832515;15.364442481027591;14.319319306134911;13.850382205652153;13.955559100602088;14.6163765371075;14.230921088137896;14.429341353201105;13.559616085812724;14.59269061535341;13.809265710094545;13.984240425230125;13.542185487502184;13.7901448269498;12.327271936805156;13.286413369370344;12.99735592502038;14.657597581833466;14.231296194102123;14.36775599945451;14.1373113907009;14.591522346570734;13.339432495996776;14.374631986286776;13.985664079018662;13.812979471251484;14.033509037559831;12.807354922057604;14.237508748172656;14.71419184497723;13.933506249629444;14.887506231671692;14.474973384391149;14.398342887645883;14.835705029771797;13.960092459790063;15.221247250430247;15.280843250978712;14.365775635326267;14.508166165598634;14.26700608999518;14.630380897751948;14.527904570799706;14.898459680434105;13.947819546020028;15.035529408461116;14.976877329653048;13.950647019424986;14.805391215041409;14.61056350392504;15.058625976659789;14.92569351045582;14.963483155240697;14.63180230029938;13.656983419574544;15.00886626655775;14.101401235329105;15.87058145436048;15.104189211153557;13.153710352151716;13.949917879203063;14.78978833559524;13.43149760425805;15.305705529987204;14.775095822585955;14.768959647713142;15.13574936041006;13.621250608337666;14.343810303829477;15.182045121827144;13.573292149952245;15.271681866743002;14.434693376772678;14.93741980030596;15.4520159626431;14.664891669286089;14.752485185884188;14.345821028950624;15.183984228356824;15.057907134500766;14.310399769619735;14.77853919446228;14.970645182266663;14.731159901472807
11.280770770130603;12.35424938194524;11.43879185257826;12.372865060112588;12.345127991976693;12.246443717117286;11.826945650415484;11.51224664282918;12.762797262498232;11.469133019829592;13.3066313617125;11.131856960608792;12.26707926567123;12.756347825516588;12.598750409571752;10.965784284662089;12.627533884472792;12.49210354247923;13.41190815113664;13.339432495996776;12.461735221604863;12.332316330199218;11.332596057789214;11.657318449581288;11.63026712502677;12.372865060112588;12.271754805646474;12.506059588827949;11.41256984680521;12.4993476328766;11.221587121264806;11.409390936137704;11.694357887221452;12.134426320220928;9.640244936222343;11.77313920671969;11.076147528022505;12.770457424932022;11.87305954766147;11.889503963411476;11.961811408087163;12.456097684964202;10.26795708440284;12.438012087651131;12.003517912108602;11.514714054138487;12.01576348736988;11.645208082774683;12.061708704660624;12.188897873242189;11.78135971352466;11.766528908598865;11.715533063526584;11.376668061857668;11.791162888555018;11.060695931687556;12.1999790076159;12.129283016944967;11.376668061857668;11.759888183221834;11.303780748177102;11.487840033823051;11.084808387804362;12.30435132166324;11.33147682185962;12.184875342908285;12.146250445885986;10.970105890612182;12.16867211813223;12.131213905086272;11.846665681899738;11.400345796534694;11.649705265471413;11.688250309133178;10.766528908598865;11.913263430628762;11.377210530388552;12.642728643769;11.89178370321831;11.11309098344238;11.615629636968098;11.482303782323182;10.77313920671969;12.175861383565296;11.78340754217352;11.598517810612622;12.082814337672271;11.367414751246828;11.638888382252262;12.017852331905962;12.370959793297386;12.162391328756906;11.763627351727628;11.982280604558284;12.48255589154897;11.91026795581084;11.760719947465624;11.406736482691723;12.512493573945038;12.02167404285837;11.287135186086704;11.81658370778757;12.703471046071948;11.637077657143664
12.178353623512892;13.958733947142935;12.277578002415735;13.83605035505807;13.8964270161696;13.665002744086229;13.205335081275733;12.250594507192316;14.347067657165873;12.371776644337924;14.872242006824075;12.151650829973422;13.64914388368259;13.962805653369742;14.222493052246469;12.131213905086272;13.7526942418244;13.47307151430745;14.87339604751426;14.931753222471858;13.795836740933648;13.925554439873554;12.863992637170805;12.400345796534694;13.005273656563938;13.83605035505807;13.149588363516528;13.226863716982413;12.307485448589476;13.791162888555018;12.81358080298963;12.037546953962178;12.244958393151132;12.60917873814198;11.737669863177452;12.897845456005513;11.696098170955864;14.453463563563709;13.124767535822471;13.411775775576528;12.894249362864231;13.302210506548802;11.016111838220512;14.2702223137419;12.71831881047926;13.622395059485171;12.154501693864765;12.654188473059545;12.955649907528374;13.312032058744862;14.013409916496313;13.569380959522295;12.91139198784346;12.955286645524469;13.69490195142856;12.665335917185176;14.214622686302336;12.787902559391432;12.83289001416474;12.689779629377275;11.748612176736982;13.191676146352428;12.73492126770526;14.00378141003163;14.200898605038445;13.858952310750938;13.751857836240635;13.820877000464831;13.005098178239706;13.041488043881468;13.813280168450795;13.39901083295199;13.378294855911893;13.587191507529832;13.61275333504465;13.914011328541257;13.965423565810127;14.469578227375443;13.86978660094578;13.386940245324311;12.900866807980748;12.217351905270334;13.65250890240818;13.678049891165374;12.932030157887027;13.382488936445046;14.079651444144783;13.91606605089929;13.192292814470768;14.309121036488156;13.129121992887557;13.52258153125483;13.267371931265274;14.00615072817031;14.242578689451346;13.51039331104402;13.457765614851754;12.722380635163802;13.65183652627007;13.302638923787551;12.50432244829189;13.09589146332092;14.00544911354693;13.44475608969503
8.682994583681683;9.060695931687556;6.700439718141092;7.409390936137702;8.214319120800766;7.592457037268081;8.499845887083206;9.813781191217036;9.588714635582264;9.36194377373524;9.187352073200495;9.339850002884624;8.076815597050832;8.413627929024173;9.991521846075695;8.73809225962049;9.184875342908285;9.731319031025064;10.967946705812707;11.595257481449035;7.900866807980749;9.583082767502932;9.674192268145683;8.900866807980748;10.26209484537018;7.409390936137702;7.672425341971495;8.243173983472952;7.948367231584678;10.348728154231075;9.214319120800766;9.746514321138465;7.960001932068081;8.375039431346925;6.392317422778761;8.643856189774725;9.095397022792556;9.632995197142955;10.798471801101618;9.923327485419192;7.294620748891627;10.296916206879288;7.820178962415188;8.303780748177102;7.636624620543649;8.51175265376738;8.876516946565;7.467605550082998;10.568906154502084;7.851749041416057;7.066089190457772;10.159871336778387;9.335390354693924;10.151016538892248;10.8649599151426;9.96000193206808;11.4797802640291;11.011227255423254;10.43567026093655;10.60177078840771;10.055282435501187;11.026523442519766;8.951284714966972;10.684748620421626;11.825356341479337;10.725366257895642;10.831307243802051;11.834471049984222;9.674192268145683;10.224001674198105;10.406205005418856;10.821773981970567;11.151650829973422;9.603626344986193;10.644757592516257;11.449664538476192;11.571752643503546;12.220075970984304;11.685624839726357;10.787086324551616;10.290018846932618;11.194756854422248;11.705632387361415;11.70433597118232;10.64745842645492;9.978710459106358;10.921097088106793;11.498849206531723;9.67065624911844;10.109830654278792;8.566054038171092;10.35424938194524;11.052568050804153;11.63117705570398;10.258566033889933;9.92481250360578;9.842350343413807;10.139551352398794;11.371776644337924;10.678600139099458;11.118941072723509;11.296916206879288;10.800899899920305;9.86573327085176
8.727920454563199;8.294620748891628;6.569855608330948;7.546894459887636;7.894817763307944;7.686500527183218;8.417852514885897;8.370687406807217;8.546894459887637;8.396604781181859;10.576484346796851;9.54882190845875;8.810571634741146;8.842350343413807;9.954196310386877;9.038918989292302;9.194756854422248;9.25974326369078;10.644757592516257;9.467605550082997;7.011227255423254;9.162391328756906;9.457380879072534;7.727920454563199;8.960001932068081;7.546894459887636;7.693486957499325;7.857980995127572;8.654636028527968;8.43879185257826;9.0;7.74819284958946;8.804131021183318;8.005624549193879;7.531381460516312;6.6293566200796095;7.022367813028454;7.426264754702098;9.35974956032233;8.375039431346925;6.266786540694901;8.761551232444479;6.20945336562895;9.066089190457772;6.94251450533924;8.266786540694902;7.357552004618084;6.022367813028454;8.83605035505807;7.330916878114617;6.20945336562895;9.467605550082997;9.4797802640291;9.43254190038826;9.071462362556623;8.357552004618084;10.184875342908285;8.717676423066395;9.296916206879288;9.164906926675688;9.111135670234708;9.022367813028454;8.915879378835774;10.65284497300198;8.939579214314692;9.398743691938192;9.59618975614441;9.199672344836364;9.002815015607053;8.851749041416058;11.287712379549449;10.10459875356437;9.923327485419192;9.22881869049588;8.741466986401146;10.703038388986418;8.50382573799575;10.79197682089869;10.514714054138487;7.86418614465428;9.06339508128851;9.83605035505807;8.573647187493322;10.52552080909507;9.74819284958946;9.216745858195306;9.899356922923111;9.105908508571158;8.954196310386875;10.251482410620213;6.6865005271832185;9.577428828035748;9.049848549450562;9.774787059601174;8.774787059601174;8.554588851677638;8.900866807980748;10.162391328756906;9.659995892429976;9.672425341971495;8.991521846075695;9.20212382383046;9.164906926675688;8.731319031025064
8.994353436858859;10.414685235807214;7.3750394313469245;9.219168520462162;9.469641817239516;9.489847960439295;9.682994583681683;10.597121428789569;10.091435386323608;9.826548487290914;11.790348496751914;10.723660944409984;10.401946123976536;10.298062567719017;10.953468962228849;10.471675214392045;9.861086905995396;10.23840473932508;10.776433032444732;10.53818893205242;7.577428828035749;9.665335917185176;10.967946705812707;9.906890595608518;10.556506054671928;9.219168520462162;9.35974956032233;9.91737207947684;9.590587049915037;10.215532999745657;10.161131882984307;9.098032082960527;9.98299357469431;8.228818690495881;7.643856189774724;9.870364719583405;9.197216693110052;9.030667136246942;11.08214904135387;10.383704292474052;8.238404739325079;10.03342300153745;7.800899899920305;9.818582177480858;7.78135971352466;9.54882190845875;8.550746785383243;7.434628227636725;11.758223214726724;8.228818690495881;11.165535141377925;11.410451351503994;11.578372691360803;10.834471049984222;10.821773981970567;12.125090539303256;12.569380959522295;10.348728154231075;10.671541066711884;12.132178380915544;11.4893462407191;10.52258153125483;11.699572453287267;12.089119397915168;12.041659151637214;11.458919206967591;11.287712379549449;11.53430288245463;9.668884984266247;10.811374693509942;12.075479149488016;11.572700226487292;11.82097669262124;10.980853606379736;11.454813348512523;12.116668855967111;12.104271128936894;11.791162888555018;12.70628015884916;11.451211111832327;11.801708358916462;10.567956075415466;11.414685235807214;12.455840909126398;11.344295907915816;12.473198383677529;11.043710863347156;11.963257356633047;11.608254821977908;11.06204613772049;8.894817763307943;11.029287226968243;11.180530807344482;11.332036548361652;10.530406337099068;11.48683502156305;11.258566033889933;11.065416134676548;11.561765263627708;10.88340698638837;12.397674632948268;11.024447124040648;10.537218400538595;11.413627929024171
11.672425341971495;12.565340127208454;11.330356716957944;12.496604154575603;11.837233700339088;10.34207466799914;11.316847183602473;11.841957399099549;12.647233549977043;11.57601187420678;12.2428763671664;12.39473062943157;12.154185209265297;11.659995892429976;12.929073435876813;11.421012855779226;10.571752643503546;11.792383614935188;12.194756854422248;12.935533412950749;11.693051295397;12.797256217509783;12.310612781659527;11.92035285541508;11.958915156091347;12.496604154575603;11.80332391904149;12.482303782323182;10.785452468158542;12.451211111832327;11.982637133669424;11.683433292835405;12.621365094314864;11.586370695113963;10.410451351503994;11.798471801101618;11.049848549450562;12.34318571544788;13.188434307113564;11.94178124227853;12.17617314910749;12.36221781591308;9.81698362325538;10.177419537989236;8.945443836377912;12.34955768662052;11.857980995127573;11.01262453886506;12.312599378862627;12.069785394983302;12.040289721025715;12.434888806530395;12.160501747555688;13.04524773457825;12.685624839726357;11.933321820732946;13.204876767603992;13.025831668332026;12.749450465569916;12.366322214245816;12.233320082730822;12.309476353841106;12.274960472140602;12.701089824817158;12.25089053572334;12.880540134333732;12.717033749490891;12.306916113522542;10.86418614465428;12.511505595792482;13.618500215814974;13.426919899820705;12.934243729538608;12.972441366563537;11.839203788096944;14.046612469258132;12.56652978262417;13.934980832653832;13.290594888082572;11.60130652612184;12.494355603532846;12.95764621521841;12.032734528586714;13.144180239058922;12.671098725748465;12.628217680223434;13.409390936137704;11.72451385311995;12.748821794614704;13.73862008132209;12.696967526234287;13.280190792216906;12.756139298372927;13.601074338941668;12.96379921393177;12.477252323937952;12.02410078025291;12.14306428063141;12.89614316077451;13.247334178028728;12.56652978262417;12.60177078840771;12.855452509744048;12.458150248057557
12.044052531801302;12.3188252203997;11.567480801143043;12.98815209769054;13.149429590056744;13.288433546793105;12.90444646450572;11.906890595608518;12.99169898341288;12.556026992724677;12.81358080298963;12.351215321855609;12.874597192401634;12.724300673209568;12.619532227572051;12.51791539291587;13.128316602903544;13.60917873814198;13.68079903457298;13.55098721452152;12.861862340059153;12.932399322433792;12.044052531801302;12.266786540694902;12.513727595952435;12.98815209769054;12.25502856981873;12.129283016944967;11.33427328530719;12.36468185586456;12.089450481115907;12.378023850925484;12.320800548881635;11.876900591040306;11.62844554013718;12.371232128369622;11.43149760425805;13.167574951988176;12.841171189248543;12.99506046703272;11.826548487290914;12.576248129843252;10.825753832883112;12.927222402724643;12.798269274949693;12.836839359748716;12.538431462950005;11.386401423640775;12.190442018782823;13.282798858683533;13.065079488999862;12.667333341605158;12.58941707576861;12.257093144491057;12.443202577297011;11.79603960882977;12.85428402017621;12.286557761607956;12.711666973564348;13.174457604291558;12.430452551665532;12.51175265376738;12.728345714710976;13.147045888945716;12.69479315499995;12.49585502688717;12.689779629377275;12.322491537597468;12.712527000439824;12.508042334429003;12.601538675939848;12.60917873814198;12.446566409066069;12.288577736992703;11.922212717785449;12.475480126595476;12.488593333835407;13.390840695766675;12.923884546385334;12.436451292286977;12.74819284958946;12.11178773580101;11.606867837374152;13.46569393586282;12.368779260041338;12.995943767764953;12.59175607602299;12.356451970221755;12.940680648424092;12.779924501967908;12.350662988372257;12.559377090526684;12.655977862486942;12.708221730038352;12.764664292073348;12.220680621052203;12.972620862058744;12.737036036540228;12.671541066711884;12.416269744523207;12.728133100306216;12.445014845868425;12.458919206967591;12.370959793297386
12.008078410868256;10.31174831500496;12.213104219641906;11.002111776479852;11.519636252843211;11.44759985827995;11.252665432450248;10.417852514885896;10.792790294301064;10.732167425663384;11.925925264972856;11.31797782240712;11.207014320177532;10.676838606474153;10.458406613236534;11.959639764364184;11.502831804066744;11.527477006060396;11.793603309279408;11.333155350310616;10.879583249612784;10.817783121774534;10.804131021183318;10.610102062999664;10.550746785383245;11.002111776479852;10.30149619498255;11.02167404285837;10.00982861736811;10.593391122791736;10.287712379549449;10.811374693509942;11.950191349972702;10.952013164889486;11.820178962415188;11.598517810612622;10.371776644337924;11.720244258287568;11.51175265376738;11.183635381473218;10.29117069932186;10.860311054919482;9.531381460516313;11.806146803320525;10.395534135462302;12.01017840402054;10.733862719678545;10.556506054671928;11.46352437327118;11.146568675740786;10.677719641641009;10.972979786066292;10.449148645375436;11.60177078840771;11.14274527675153;10.101975670949232;10.745674324002136;11.119589620741122;11.500343969270403;11.688250309133178;11.035486451292154;10.939579214314692;11.349281228817452;10.86727873970966;10.8193807908646;11.066089190457772;10.935165049603697;10.51175265376738;10.962173031109709;11.1331422124006;10.076815597050832;10.57459352733761;10.52552080909507;10.225207436943505;10.22881869049588;10.207014320177532;10.688250309133178;10.935901682267588;10.515699838284045;10.667998535672528;11.432019846812493;10.617467465294196;10.048486873992337;11.355351096424812;10.39660478118186;11.663558104217271;10.335390354693924;10.82097669262124;11.232420927176076;10.357552004618084;10.900112062977456;11.03342300153745;11.274378153246364;10.752380646552892;10.954196310386877;11.135067945777816;11.189824558880018;10.944712061043486;10.7657004876511;10.755722153642282;11.757390009366638;10.810571634741146;10.48683502156305;10.533329732305834
4.700439718141092;6.339850002884624;4.807354922057604;7.383704292474052;6.599912842187128;8.03342300153745;6.569855608330948;5.491853096329675;6.658211482751795;6.044394119358453;8.59245703726808;7.539158811108031;5.906890595608519;7.098032082960526;6.569855608330948;4.584962500721156;7.734709620225838;6.066089190457772;8.734709620225837;7.539158811108031;5.906890595608519;8.353146825498083;5.643856189774724;6.0;5.643856189774724;7.383704292474052;5.78135971352466;6.189824558880018;5.392317422778761;5.807354922057604;5.754887502163468;5.832890014164741;6.169925001442312;5.523561956057013;4.392317422778761;7.03342300153745;4.954196310386875;7.554588851677638;6.129283016944966;6.569855608330948;5.807354922057604;5.807354922057604;6.0;7.459431618637297;4.392317422778761;7.129283016944966;5.78135971352466;4.459431618637297;6.303780748177103;6.894817763307944;7.426264754702098;6.247927513443585;5.672425341971495;6.0;5.930737337562887;5.614709844115208;6.409390936137702;6.129283016944966;5.554588851677638;6.339850002884624;5.0;4.906890595608519;5.930737337562887;6.714245517666122;4.087462841250339;6.459431618637297;6.3750394313469245;4.700439718141092;7.554588851677638;5.0;7.076815597050831;6.3750394313469245;6.357552004618084;6.022367813028454;4.954196310386875;6.044394119358453;4.700439718141092;5.643856189774724;6.78135971352466;4.523561956057013;4.643856189774724;4.857980995127572;4.459431618637297;7.592457037268081;6.539158811108031;5.672425341971495;5.832890014164741;3.906890595608519;5.977279923499917;6.459431618637297;6.599912842187128;6.539158811108031;5.169925001442312;5.882643049361842;6.584962500721156;6.266786540694901;6.9886846867721655;6.20945336562895;6.3750394313469245;6.614709844115208;5.247927513443585;5.954196310386875;5.930737337562887;5.426264754702098
12.703687325967548;13.017504401109417;12.46096776257042;13.26766453750112;13.091931186216527;13.022541203454828;13.29390266862152;12.442165972229322;13.47826403158172;12.716605141335364;13.329936453312436;12.249113452713727;13.513850940118791;13.217654833364024;13.738725622493424;12.38505348834615;13.427181874588246;13.655530723155644;13.916159377874186;14.009216286585158;13.133784409179908;12.590119174107176;12.71960272783563;12.431758749166155;12.774375272802065;13.26766453750112;12.923884546385334;12.684748620421626;12.523806958187327;12.955649907528374;12.533816389433364;12.488844346457336;12.905198945962804;12.54978466794786;11.67595703294175;12.548099416978388;11.978352958165145;13.723767585578004;13.17819798458498;13.197216693110052;12.638888382252262;13.153235338689411;11.374496145691516;13.211584153079526;13.09226162484392;12.7688046164558;12.241685287601625;12.03376711484639;12.669992279616398;13.130570562805426;12.60917873814198;13.10901441943898;12.94178124227853;12.963618617443972;13.232570825356987;12.279030136449649;13.386670859637618;12.809768128710411;13.186888010029962;13.111135670234708;12.967946705812707;13.02531261992172;12.735132884139947;13.454813348512523;12.987974524296153;13.210214722468027;13.364271474681054;13.004922678569043;13.067602418889496;13.151967870968187;13.334412966291072;13.020979938904212;13.012799104179676;12.82097669262124;12.313449940963055;13.477631797450522;12.806952328210736;14.174223508224696;13.246295253516342;12.41415667927414;13.178976011374523;13.136029849385553;12.477252323937952;13.466458885531264;12.842939559285137;13.210975677726395;13.272338184158624;12.8115753883758;13.099347810403192;13.35149140932002;12.187352073200495;13.415081526165672;13.272046524389935;13.282509306240836;13.274378153246364;12.94288099715904;13.205335081275733;12.677719641641009;13.204876767603992;13.06726628304434;13.121209716409284;13.0591754379151;13.25089053572334;12.985308297255852
11.422064766172811;13.43228089721416;10.823367240046236;12.967586527296072;13.13827180017222;12.980853606379736;12.394998514501673;12.000704269011246;13.830119025444516;12.515946179109518;12.72940831698402;12.111461739857722;13.048486873992337;13.535639892993036;14.230395775885416;11.702172685365548;13.91606605089929;12.759680167210965;14.075144844066315;13.691961564216788;13.181773438808808;13.551467952626895;12.458919206967591;12.197216693110052;12.60130652612184;12.967586527296072;12.805139264316736;12.711236767793784;12.19383333254655;12.83703654351734;12.19198451336031;11.896710815726117;11.98370619265935;12.771902080697716;9.60917873814198;12.668884984266247;11.489847960439295;13.31896640501995;13.254438148267257;12.81016993766466;12.604321563877273;13.030322282644034;11.14974711950468;12.81358080298963;12.617926556798752;12.50481898763284;12.116668855967111;10.544964432789238;11.993999791792524;12.334831928118;12.99276135094313;12.637530551525307;12.698487638557692;12.3395716783847;12.814582465906277;12.21856323619027;13.441128621804696;11.728345714710976;12.398476501449256;12.548099416978388;12.059344460824423;12.575775579874763;12.428360172704291;13.332316330199218;12.952741247186488;13.076147528022505;13.149588363516528;12.735979039613404;13.14210705730255;12.907266248531066;13.453527867681784;12.767149912284852;12.969206622964236;12.889123656294238;12.479022346995178;13.570567288872004;13.275978964975623;14.15386865522324;13.592807390216146;12.476239906323851;12.511999669441453;12.085140461701762;12.503577318702687;13.593040911589412;12.378836713210614;12.684748620421626;13.355351096424812;12.733650916838716;13.140350496628438;13.847938201949098;12.93755773185546;12.735344469539005;12.541338657970826;13.261213451366048;13.463907474412858;12.627989784315703;13.374767814092824;12.457380879072534;12.8115753883758;12.934428040626804;12.370959793297386;12.797053520629804;13.407533331671324;12.901621158346112
15.703876544282576;17.19091458296643;15.284498806656384;16.444853128698746;15.410285712972843;16.27317637770138;17.19076029331356;15.884194372995902;17.556506054671928;15.34782895556687;16.99490583378749;14.378091606944796;17.529476308718326;15.808888781277014;17.175374114989243;15.633988524937148;16.828272871152073;16.37422442612373;16.431726108637623;17.629804831045032;15.67782973321578;16.146071410740348;16.46480098165542;15.90235155931984;15.79616638678014;16.444853128698746;16.48205162903391;16.894723045450778;13.207014320177532;17.133352964731223;15.85016241478465;11.14974711950468;16.057547579061843;17.253709013293047;14.398075622909868;16.61376069314547;15.838046687550762;16.64613677491044;14.84544104552509;16.036216549266957;16.38540744328497;16.130791744074717;14.356176830516356;17.304823657078433;15.797788161363243;15.299064886779355;16.387916346993176;15.440998900540311;15.648357582009666;16.041979923991192;17.78917700254147;16.509558534356298;16.30787673615767;14.77463265332491;16.35142239240701;15.708410354610876;17.054031908255894;16.111848851840456;15.43472595023744;15.743729955357235;13.578844391558205;16.061898520467867;15.448116305409464;17.690946011338507;12.440090524950488;17.241648050515636;16.936097287112943;11.095397022792556;15.695364244739997;16.53119867507262;14.889503963411476;14.561108910019191;15.75949812859462;15.983104944456905;11.34485068394299;14.62588003880553;12.243769031961852;15.402112722708882;15.92184093707449;11.92184093707449;15.594266279045986;13.044223335689608;11.220982851081777;16.4046925459765;15.977838895308665;16.995413852225152;16.502847339551682;12.980318117957545;16.723300972260276;16.093335027985816;15.840507491260094;17.036119939864594;16.953207481887706;14.827590807390566;17.43488066415235;17.205048652293442;15.49878689112922;16.667624401749563;15.702794962343894;16.418956128754097;14.26099301870257;16.687785730253868;17.24249495652619;16.321734360622077
11.234817431117325;10.806549621985962;10.683871868622605;11.532355925288847;12.210671343785622;12.099676554859643;12.043027283594547;10.25502856981873;11.854868383260236;9.948367231584678;12.08381170725288;11.672867276433792;11.449148645375436;11.283088353024002;10.663558104217271;10.92184093707449;11.593391122791736;12.175861383565296;13.1373113907009;10.861086905995396;11.798066720363062;11.350386742312844;10.73047013718422;10.80332391904149;11.019590728357882;11.532355925288847;11.26795708440284;10.900112062977456;10.144658242831882;11.147204924942228;10.992230264965889;11.74104557700984;11.227615943414223;9.88264304936184;10.220378327695228;10.452241240430816;10.325305455089682;12.230020435705637;11.443461612227392;11.79400964502097;10.705632387361415;11.622509454683335;10.00842862207058;10.83605035505807;11.914385132155443;12.13827180017222;12.135067945777816;10.020979938904212;11.4893462407191;11.09077405464075;10.507794640198696;11.671983272091865;11.217351905270334;11.236014191900084;11.65508344519798;10.414685235807214;11.373408960228696;11.615169813843602;11.23840473932508;12.218865910069676;10.750706986224948;11.290018846932618;10.44190670454224;11.740624044489412;10.066089190457772;12.002111776479852;10.855647166027266;10.066089190457772;11.785452468158542;11.616089313582115;10.91214085629572;11.30435132166324;10.800090987624994;10.60917873814198;9.665335917185176;10.83605035505807;9.620219825507489;10.98370619265935;11.295194955880657;9.802516365121225;11.13827180017222;10.092757140919852;9.398743691938192;12.038918989292302;11.563672959827514;11.759888183221834;11.306061689428342;10.072802534544207;12.141468555393084;11.184255495405347;10.7279204545632;11.285402218862249;10.974414589805528;10.897845456005513;11.6640027628865;10.951284714966972;11.632086412835182;11.41256984680521;11.721953612801386;11.467096033905747;11.794821973331224;11.199058823653022;11.011926066306808;10.918863237274596
12.085140461701762;13.845392038441137;10.296916206879288;12.786473845221302;13.107380563045904;12.346790721750702;12.426526848451733;11.863024710236886;13.825853188624407;11.147840893672337;12.207929445511668;10.688250309133178;14.4360608294651;13.245106994381208;14.745726838154145;10.945443836377912;12.806549621985962;12.627533884472792;13.64250302878052;13.857495091973576;12.07648160120702;12.982637133669424;12.082814337672271;11.287135186086704;12.23212108408222;12.786473845221302;12.182083929510725;12.481547190203289;11.647008638441648;12.644532294625444;12.350386742312844;12.069114061773938;11.002111776479852;11.682116764950074;10.263269200372662;12.976385117888592;12.386401423640775;12.802516365121225;11.828929827651486;12.272046524389935;12.043710863347156;12.797864137333749;10.462502272597265;12.269126679149418;12.54978466794786;12.786269627648466;12.106562940444883;10.067434360756522;11.703471046071948;12.2246046815385;12.54906265857043;12.298062567719017;12.127671967038982;11.278449458220482;12.453785055496157;11.324743110494415;12.8107724413447;11.096715154488535;11.441388029346689;11.69261550169458;11.59245703726808;12.3701424794954;11.96289600533726;13.010877723007034;12.271754805646474;12.766735939529964;12.642051692927977;11.94288099715904;12.344295907915816;12.851749041416058;12.521109643651332;11.859534786382651;12.072802534544207;12.36139553316589;11.688687423222536;12.537461094633018;12.249113452713727;13.488342277532524;12.644081593265676;11.793603309279408;11.62113611327464;11.4893462407191;11.602234901341063;13.089781488353998;11.682994583681683;11.901244032467376;12.761966695382092;12.080484457067568;11.880348808156027;12.878625729805355;11.77066389291676;12.042001306279133;12.175861383565296;12.563672959827514;12.657318449581288;12.27786854617684;12.570092874188056;12.014369242235135;12.63390340934852;12.1270270430046;11.47015043527436;12.563196272216738;13.071462362556623;12.5262546938286
10.269126679149418;11.50432244829189;9.89178370321831;11.481799431665753;11.627077840517394;11.436190995481416;11.237807473723135;10.278449458220482;11.583552930466483;10.485829308701904;11.7515440590891;10.77561028075954;11.127994320976391;9.194756854422248;11.985130373466898;10.333155350310616;11.63117705570398;11.73259143596501;12.432019846812493;12.306061689428342;11.28828934218097;12.096056239180946;10.795227966028678;10.406205005418856;10.668884984266247;11.481799431665753;10.697836357962377;11.233619676759702;10.057991722759176;11.127994320976391;10.319672120946995;10.715104009236168;11.253256579781151;10.030667136246942;8.988684686772165;10.855647166027266;9.85642552862553;12.35424938194524;10.985130373466898;11.398209261466851;11.022367813028454;11.081483438093674;8.442943495848729;11.335948565202298;10.854089179870574;11.098032082960527;10.63662462054365;9.388017285345136;10.26795708440284;11.129283016944967;11.09341756438796;10.71853287606922;11.043710863347156;10.632995197142955;11.451726268074506;10.603626344986193;11.922212717785449;12.03514274788591;10.659995892429976;10.658211482751796;10.30035256032822;10.745674324002136;11.243769031961852;11.500343969270403;10.048486873992337;11.4578938373147;11.637530551525307;9.894817763307945;11.4993476328766;11.189206834597025;11.769424641552751;11.368506461507693;11.36468185586456;11.169298695792843;9.76155123244448;11.268542000300124;10.474719946526482;11.65284497300198;11.680359523513712;9.702172685365548;10.356451970221755;10.623881490013458;9.649256177517314;12.064742764750257;12.231521210875703;11.307770031890705;11.698704666770343;10.105908508571158;11.545929769085468;11.61056350392504;11.102631888854969;11.705632387361415;11.03342300153745;10.897089128312755;12.085804380278086;10.906890595608518;10.06339508128851;10.597121428789569;11.847057346091336;11.837627933171404;10.366322214245816;11.3151495622563;11.652396861477678;11.234817431117325
9.758223214726724;10.92184093707449;9.257387842692651;10.658211482751796;10.00842862207058;10.680359523513712;9.86418614465428;9.802516365121225;10.89026427702111;9.346513733165636;10.767356854125683;8.682994583681683;10.608254821977908;11.07815080773465;10.92851837525789;9.179909090014934;11.018200178813226;10.555547771647063;11.633449374713493;11.355351096424812;10.588714635582264;10.674192268145683;10.125413470483316;10.001408194392807;9.930737337562888;10.658211482751796;10.086136225027309;10.545929769085468;8.885696373339394;10.376125389276174;9.523561956057012;9.693486957499324;9.900866807980748;9.22881869049588;8.335390354693924;10.07815080773465;9.43879185257826;10.360847084179664;10.407267764244732;9.57553924683453;10.24555270625568;10.567005370247031;8.900866807980748;9.857980995127573;10.237209960755022;9.862637357558794;9.929258408636972;8.774787059601174;9.467605550082997;10.73047013718422;10.303780748177102;10.304921669581672;10.122827994807666;9.807354922057604;10.787086324551616;9.73809225962049;11.185494924210866;10.929258408636972;10.0;10.37937836707126;10.13827180017222;9.971543553950772;10.605479518061667;10.94397991434374;10.365228849251544;10.545929769085468;11.27029532647204;9.92184093707449;10.809768128710411;10.321928094887362;10.8649599151426;10.498849206531723;10.757390009366638;10.417852514885896;9.791162888555018;10.7714894695006;10.179909090014934;11.30890780406394;10.902375114486023;9.821773981970567;9.988684686772164;10.5401280385821;9.967226258835993;11.006326078524934;11.007027266893967;10.468624042918018;10.79197682089869;10.439830883981392;10.593391122791736;10.79685079526716;10.20212382383046;11.020979938904212;10.330916878114618;10.747353829478062;11.212496385193948;10.318542809702723;10.066089190457772;9.98584193700334;11.339850002884624;11.001408194392807;10.148476582178278;10.547858506058416;10.873444112515376;10.543031820255235
9.014020470314934;8.668884984266247;10.66622400280318;7.930737337562887;7.303780748177103;7.577428828035749;8.303780748177102;8.335390354693924;8.330916878114618;8.483815777264256;8.46352437327118;10.457380879072534;8.813781191217037;9.688250309133178;9.333155350310616;8.754887502163468;9.184875342908285;9.13699111208023;9.871905237659186;9.99435343685886;7.523561956057013;8.370687406807217;9.7714894695006;8.199672344836364;8.49585502688717;7.930737337562887;7.285402218862249;10.651948610723446;7.948367231584678;9.131856960608792;8.686500527183219;8.108524456778168;9.62935662007961;7.219168520462161;6.930737337562887;6.845490050944375;7.622051819456376;8.194756854422248;10.4757334309664;8.62935662007961;7.3750394313469245;9.34207466799914;6.906890595608519;8.238404739325079;6.714245517666122;7.2384047393250786;8.016808287686555;6.129283016944966;11.2603315185576;7.459431618637297;5.832890014164741;9.975847968006784;8.957102041562287;11.21006248324023;10.7431513941125;9.290018846932618;10.579315937580017;11.140829770773;10.546894459887636;9.489847960439295;9.799281621521924;9.734709620225836;10.531381460516313;10.25502856981873;8.539158811108031;11.61286849729104;10.542064542283445;9.118941072723509;8.651051691178928;10.30149619498255;11.326991174900815;10.909143047339898;10.8193807908646;10.583082767502932;9.754887502163468;11.13827180017222;9.174925682500678;10.800090987624994;10.827342704234116;7.665335917185176;9.92481250360578;10.326429487122304;8.204571144249204;9.878050912728536;9.91288933622996;10.685624839726357;11.396069557639867;7.714245517666122;8.885696373339394;11.345959596404112;7.936637939002571;12.00105627463478;9.236014191900084;10.968666793195208;11.436711542137214;11.161761743304677;9.974414589805528;10.673309075561695;10.622051819456376;11.310612781659527;10.144658242831882;9.847057346091336;9.923327485419192;9.874981347653774
