SYN-SAMPLE-395;SYN-SAMPLE-190;SYN-SAMPLE-224;SYN-SAMPLE-50;SYN-SAMPLE-463;SYN-SAMPLE-481;SYN-SAMPLE-26;SYN-SAMPLE-237;SYN-SAMPLE-73;SYN-SAMPLE-400;SYN-SAMPLE-7;SYN-SAMPLE-347;SYN-SAMPLE-235;SYN-SAMPLE-59;SYN-SAMPLE-395;SYN-SAMPLE-437;SYN-SAMPLE-477;SYN-SAMPLE-366;SYN-SAMPLE-424;SYN-SAMPLE-41;SYN-SAMPLE-118;SYN-SAMPLE-20;SYN-SAMPLE-178;SYN-SAMPLE-235;SYN-SAMPLE-49;SYN-SAMPLE-438;SYN-SAMPLE-49;SYN-SAMPLE-356;SYN-SAMPLE-308;SYN-SAMPLE-169;SYN-SAMPLE-275;SYN-SAMPLE-60;SYN-SAMPLE-163;SYN-SAMPLE-181;SYN-SAMPLE-192;SYN-SAMPLE-399;SYN-SAMPLE-229;SYN-SAMPLE-8;SYN-SAMPLE-276;SYN-SAMPLE-82;SYN-SAMPLE-321;SYN-SAMPLE-370;SYN-SAMPLE-91;SYN-SAMPLE-455;SYN-SAMPLE-315;SYN-SAMPLE-134;SYN-SAMPLE-140;SYN-SAMPLE-274;SYN-SAMPLE-462;SYN-SAMPLE-441;SYN-SAMPLE-323;SYN-SAMPLE-147;TCGA-CH-5761-11A;TCGA-HC-7752-11A;TCGA-HC-8259-11A;TCGA-CH-5768-11A;TCGA-EJ-7784-11A;TCGA-EJ-7125-11A;TCGA-G9-6348-11A;TCGA-G9-6365-11A;TCGA-EJ-A8FO-11A;TCGA-G9-6384-11A;TCGA-HC-8262-11A;TCGA-EJ-7321-11A;TCGA-HC-7747-11A;TCGA-HC-7819-11A;TCGA-EJ-7793-11A;TCGA-HC-7745-11A;TCGA-CH-5769-11A;TCGA-G9-6342-11A;TCGA-EJ-7315-11A;TCGA-EJ-7330-11A;TCGA-EJ-7792-11A;TCGA-EJ-7314-11A;TCGA-HC-7740-11A;TCGA-EJ-7781-11A;TCGA-HC-7737-11A;TCGA-EJ-7123-11A;TCGA-EJ-7794-11A;TCGA-HC-7211-11A;TCGA-G9-6496-11A;TCGA-EJ-7783-11A;TCGA-HC-7738-11A;TCGA-CH-5767-11B;TCGA-EJ-7782-11A;TCGA-G9-6356-11A;TCGA-EJ-7331-11A;TCGA-HC-8258-11A;TCGA-G9-6499-11A;TCGA-EJ-7786-11A;TCGA-G9-6362-11A;TCGA-EJ-7797-11A;TCGA-G9-6351-11A;TCGA-EJ-7328-11A;TCGA-EJ-7327-11A;TCGA-HC-8260-11A;TCGA-G9-6363-11A;TCGA-J4-A83J-11A;TCGA-EJ-7789-11A;TCGA-EJ-7785-11A;TCGA-G9-6333-11A;TCGA-EJ-7115-11A;TCGA-EJ-7317-11A;TCGA-HC-7742-11A
12.152024269104004;10.750537872314451;12.104681015014648;11.277727127075195;12.122007369995115;12.174256324768066;11.067228317260742;12.173009872436523;10.748379707336426;10.743313789367676;10.743313789367676;12.081512451171877;12.093341827392578;10.902594566345217;12.152024269104004;12.173803329467772;11.875701904296877;11.923063278198242;10.770949363708496;11.373531341552734;12.07369613647461;11.547974586486816;11.002209663391112;12.093341827392578;11.933391571044922;11.29860019683838;11.933391571044922;10.758143424987791;10.912863731384276;10.743382453918455;10.882065773010254;11.202973365783691;12.174535751342772;11.078423500061035;10.743638038635254;11.418737411499023;11.67702579498291;11.538651466369627;12.030153274536133;12.096271514892578;11.99692153930664;12.168907165527344;12.087315559387209;12.144099235534668;12.16310977935791;10.743319511413574;12.168336868286133;10.78323459625244;11.032776832580566;11.883963584899902;11.59868049621582;12.17424488067627;11.29978040285854;12.037890085142507;11.158609688214478;10.24436383512051;11.1767964781476;12.285980105928212;11.68650052718322;11.232420927176076;11.121533517340032;10.800899899920305;10.4655664048094;11.862249900851513;11.96686590038754;11.682116764950074;11.397674632948268;11.325305455089682;11.788310503700918;12.00982861736811;11.096056239180946;11.519144787997414;11.23421867823847;10.901621158346112;10.637530551525307;11.024447124040648;11.04916787237217;11.821773981970567;11.075479149488016;11.172427508645482;11.789126046425231;11.425215903299383;10.623881490013458;11.0566377151132;11.61240779313867;11.510764167917891;11.711666973564348;11.839597483021176;11.998942951443086;11.183015000882756;11.952741247186488;12.292033985499543;11.81658370778757;11.585901449690772;11.747353829478062;11.618844301766652;12.141468555393084;11.31628153174622;11.771902080697716;11.726218159332198;11.760719947465624;11.090112419664289;11.400879436282183;11.52845411076479
13.10857391357422;12.435484886169434;12.556066513061523;12.827178955078123;11.814116477966309;12.936226844787598;12.580267906188965;11.68588924407959;13.107666969299316;13.06959629058838;11.640003204345703;11.649375915527344;11.792224884033203;13.107840538024902;13.10857391357422;11.641976356506348;12.979769706726074;12.935270309448242;13.004737854003906;13.107244491577148;13.08401107788086;12.207972526550291;11.698405265808104;11.792224884033203;12.745171546936035;13.106928825378418;12.745171546936035;12.988277435302734;13.094603538513184;12.301684379577637;13.090935707092283;12.442315101623535;11.63997745513916;12.90066623687744;12.521824836730955;12.96164894104004;12.122344017028809;12.304306983947754;11.8374605178833;12.442940711975098;13.10859489440918;12.916452407836914;13.071358680725098;13.108420372009276;13.108169555664062;11.675901412963867;13.103955268859863;13.077437400817873;12.965557098388672;12.878045082092283;12.646740913391112;13.107837677001951;12.713171684314805;12.37232095486726;12.458150248057557;12.39231742277876;13.485703545284585;11.4757334309664;12.45404219747008;12.29318423075951;12.3701424794954;12.614939847310737;12.918304233699931;13.594907723063336;12.635037871183252;13.323477033150423;13.044052531801302;12.475480126595476;12.735344469539005;12.200898605038445;13.359200485133632;12.732167425663384;12.95383268214528;12.833483105659584;12.084476237453892;13.336367081389795;12.649256177517314;13.981834819231716;13.64227737850386;11.794821973331224;12.231821178657404;12.177108041703692;12.178976011374523;13.49460561567122;11.99929538702341;13.093087390444218;13.189824558880018;12.418116141207488;12.585197295260024;13.407267764244732;12.147204924942228;12.494855584491198;12.700656452918167;13.29246543494927;13.01314817145476;12.682116764950074;12.743782540330756;12.983528071165097;12.69261550169458;12.505315356136236;12.512740462803498;12.652396861477678;12.993999791792524;12.64250302878052
7.124195098876953;6.108386039733887;6.471646785736084;7.037004470825195;4.888144493103027;7.124197006225586;7.119400978088379;4.908894062042236;6.456838607788086;6.912363529205322;6.428278923034668;4.794194221496582;5.006307601928711;4.811447143554688;7.124195098876953;4.836705684661865;5.612480640411377;4.776880264282227;4.963069438934326;7.123752117156982;6.548467636108398;5.03463888168335;4.802490234375;5.006307601928711;7.088017463684082;5.54524040222168;7.088017463684082;4.856612682342529;4.774846076965332;6.044314861297607;6.670296669006348;4.784708023071289;4.847998142242432;6.742998123168945;4.774286270141602;4.771097183227539;7.12060546875;6.918576240539551;5.055272579193115;4.84033203125;7.124020576477051;7.1221418380737305;5.371618747711182;7.124207019805908;7.124204158782959;4.769970893859863;5.520857810974121;7.061128616333008;6.845981597900391;5.447249889373779;7.120734214782715;5.728244304656982;6.409390936137702;5.672425341971495;4.954196310386875;3.169925001442312;6.066089190457772;4.700439718141092;5.20945336562895;5.643856189774724;5.672425341971495;3.906890595608519;5.614709844115208;5.78135971352466;2.807354922057604;5.129283016944966;4.700439718141092;1.584962500721156;8.787902559391432;5.78135971352466;6.857980995127572;6.189824558880018;5.426264754702098;5.807354922057604;3.700439718141092;5.426264754702098;2.807354922057604;3.584962500721156;6.794415866350106;0.0;4.247927513443585;3.700439718141092;1.0;7.839203788096944;6.0;6.658211482751795;5.392317422778761;0.0;6.022367813028454;4.807354922057604;6.599912842187128;4.807354922057604;3.807354922057604;5.129283016944966;5.285402218862249;3.169925001442312;6.965784284662087;5.977279923499917;6.20945336562895;5.044394119358453;4.087462841250339;5.247927513443585;4.247927513443585;4.247927513443585
9.76901149749756;6.735945701599121;8.036678314208984;6.718119144439697;8.334160804748535;9.921098709106444;7.928711891174316;9.54905128479004;9.897676467895508;9.754522323608398;6.710540294647217;9.130946159362791;7.451725482940674;7.426731109619141;9.76901149749756;9.892147064208984;8.658049583435059;8.771129608154297;6.739503860473633;9.924095153808594;9.867055892944336;6.802898406982422;9.799941062927246;7.451725482940674;7.104815483093262;9.924083709716797;7.104815483093262;9.88259506225586;7.089714527130127;9.800532341003418;9.429327964782717;9.695398330688477;9.858389854431152;8.816347122192383;9.296626091003418;6.709766864776611;6.85573148727417;6.81232213973999;9.513388633728027;6.713074684143066;9.87592315673828;6.727122783660889;6.787322521209717;7.329272270202637;9.922478675842283;6.777776718139648;7.918711185455322;9.65932846069336;8.469468116760254;7.429146289825439;9.924203872680664;7.552052021026611;7.022367813028454;10.184875342908285;9.843921051289035;6.9886846867721655;8.915879378835774;10.557463701597824;10.1331422124006;8.118941072723507;8.409390936137703;8.326429487122303;7.622051819456376;9.368506461507693;9.231221180711186;8.577428828035748;9.573647187493322;9.517669388133813;6.727920454563199;7.98299357469431;10.947636937951827;10.48683502156305;9.271463027904376;10.181152256865566;8.129283016944967;11.423641195075856;9.019590728357882;11.070120944476823;9.368506461507693;6.78135971352466;9.654636028527968;9.571752643503546;9.485829308701904;9.586839787961829;8.807354922057604;7.546894459887636;10.987264012072538;7.330916878114617;8.581200581924957;10.850186837645774;8.98299357469431;11.635718120331047;8.661778097771988;11.359200485133632;9.558420713268664;8.599912842187127;7.971543553950772;8.539158811108031;9.550746785383245;10.823367240046236;8.022367813028454;8.92184093707449;8.098032082960527;8.179909090014934
5.301180839538574;5.183289527893066;4.502208232879639;1.877391338348389;2.978500843048096;4.774552345275879;4.8258867263793945;2.1439359188079834;5.299489498138428;5.284997940063477;4.982812881469727;2.682150363922119;1.877393126487732;5.297230243682861;5.301180839538574;2.060784816741944;2.2135167121887207;5.29653263092041;5.289106845855713;5.151187896728516;5.302229881286621;1.8921873569488523;2.005759954452514;1.877393126487732;1.8779717683792116;3.55557918548584;1.8779717683792116;5.228662490844727;2.6334171295166016;5.300510406494141;5.302134990692139;4.030964374542236;3.004274368286133;1.9952473640441892;1.8791234493255613;2.5553829669952397;1.891007900238037;1.91498064994812;2.991341352462769;2.18323016166687;5.184942722320557;1.877389907836914;3.1986091136932373;2.11784029006958;5.252996444702148;5.290378570556641;5.269212245941162;4.189166069030762;3.1924970149993896;5.276969909667969;4.05997371673584;5.219547748565674;4.954196310386875;5.0;5.285402218862249;7.257387842692652;4.643856189774724;4.169925001442312;5.523561956057013;8.60733031374961;6.894817763307944;3.169925001442312;4.906890595608519;4.857980995127572;3.169925001442312;4.700439718141092;4.523561956057013;3.584962500721156;2.321928094887362;4.906890595608519;6.409390936137702;5.700439718141092;6.9886846867721655;6.149747119504682;3.584962500721156;6.539158811108031;4.321928094887363;5.0;6.129283016944966;2.807354922057604;8.076815597050832;3.807354922057604;3.4594316186372973;5.392317422778761;5.554588851677638;5.78135971352466;5.392317422778761;3.0;1.584962500721156;6.643856189774724;3.4594316186372973;6.169925001442312;3.4594316186372973;6.044394119358453;4.169925001442312;4.954196310386875;6.832890014164741;7.599912842187128;6.247927513443585;5.78135971352466;7.924812503605781;5.491853096329675;5.20945336562895;3.169925001442312
11.811430931091309;10.965052604675291;12.277599334716797;12.291807174682615;11.47433853149414;12.291949272155762;10.855210304260254;10.925641059875488;12.292231559753418;12.12445068359375;10.791131973266602;12.125885009765623;10.887678146362305;11.76379108428955;11.811430931091309;10.809123992919922;11.33117389678955;12.208941459655762;11.634414672851562;11.605233192443848;10.864984512329102;12.04250144958496;12.151654243469238;10.887678146362305;12.290973663330078;12.292272567749023;12.290973663330078;12.290217399597168;12.282522201538086;10.792323112487791;11.212180137634276;11.795650482177734;10.791540145874023;11.112346649169922;12.292097091674805;11.253557205200195;12.277647972106934;10.94349479675293;10.88109016418457;10.8803129196167;12.292266845703123;12.292187690734863;12.198063850402832;12.291182518005373;12.157310485839844;10.795859336853027;12.278432846069336;11.756197929382324;11.74434757232666;12.028029441833496;12.218006134033203;12.26345920562744;11.349281228817452;10.977995368612962;12.11829223302699;11.321928094887362;12.260919533662904;11.615169813843602;11.072132604167232;11.541096615349524;10.94104760634058;11.391243589427445;11.355351096424812;12.29117069932186;11.767770648776704;12.153552031708111;12.026869205263395;11.022367813028454;11.616089313582115;11.879583249612784;11.814582465906277;11.35149140932002;11.68255574108031;11.671541066711884;11.171802288682985;11.643405277115674;11.580258567499788;12.330076554797458;11.852139328187244;11.016111838220512;10.880348808156027;10.793603309279408;11.199058823653022;12.146250445885986;11.841171189248543;11.79400964502097;12.118616689351509;11.62067804213541;11.714245517666123;12.042685372219353;10.817783121774534;12.026523442519766;11.562242424221072;11.600842114387302;12.734074491428045;11.849405100947758;12.177108041703692;11.295194955880657;12.122180901259751;11.805743872151618;11.13699111208023;11.665780028329484;12.456354415108288;11.77313920671969
2.0101752281188965;0.0;0.0;0.7997450232505798;0.0;2.021361351013184;2.021467685699463;2.018989562988281;2.0209803581237797;1.120442271232605;1.9690395593643188;0.6683260798454285;0.0;0.0;2.0101752281188965;2.0202674865722656;0.4859552085399627;1.3038564920425415;1.123149037361145;0.8670190572738647;0.0;0.0;0.0;0.0;2.003358840942383;1.8915855884552;2.003358840942383;1.99865198135376;0.4581476747989654;2.020235776901245;1.9398329257965088;1.6811201572418213;2.0082545280456543;1.7585465908050537;0.000727416947484;1.3356702327728271;0.0;0.859374463558197;0.1389710903167724;0.0;2.021486520767212;1.640676498413086;1.7988648414611816;0.8621187806129456;0.3213698267936706;0.0;1.8417303562164309;1.5711541175842283;1.8962119817733765;1.264869213104248;2.0198495388031006;0.8981209397315979;1.0;1.584962500721156;0.0;0.0;0.0;0.0;1.584962500721156;4.392317422778761;2.584962500721156;1.0;0.0;1.584962500721156;0.0;1.0;0.0;0.0;1.0;2.0;1.584962500721156;0.0;1.0;0.0;2.584962500721156;0.0;0.0;0.0;0.0;0.0;1.0;0.0;3.321928094887362;1.584962500721156;0.0;1.584962500721156;1.584962500721156;0.0;0.0;0.0;2.0;1.0;0.0;0.0;0.0;0.0;0.0;1.0;0.0;1.0;0.0;0.0;0.0;0.0
11.547160148620604;11.571249961853027;8.744080543518066;8.470568656921387;8.81285285949707;8.467230796813965;11.544015884399414;8.884849548339844;11.57161808013916;11.199238777160645;8.474798202514648;10.950396537780762;8.464068412780762;11.466941833496094;11.547160148620604;8.487351417541504;9.116097450256348;11.544198989868164;11.558120727539062;10.278965950012209;11.32212734222412;8.839621543884277;11.566576957702637;8.464068412780762;8.462878227233887;11.53084945678711;8.462878227233887;11.57015323638916;11.568686485290527;9.329133987426758;11.571167945861816;9.614673614501951;11.36964988708496;11.299817085266112;11.56845760345459;9.425066947937012;9.113877296447754;11.486696243286133;8.552644729614258;9.071640014648438;8.970844268798828;8.467734336853027;11.56844997406006;9.863286018371582;11.556178092956545;11.548230171203612;11.57133960723877;8.470924377441406;10.411247253417969;11.571571350097656;8.83028507232666;10.295713424682615;12.578844391558205;11.749450465569916;12.363587246524578;11.643405277115674;12.985130373466898;11.762382038710392;11.922584402713664;12.702389159976336;11.980139577639155;12.242578689451346;12.660664477461278;12.60130652612184;12.619990662606378;12.63594479878872;12.233020426474496;12.615399743725495;10.377210530388552;12.044052531801302;12.259449046285685;12.118616689351509;12.62844554013718;12.078484417411447;11.929258408636972;12.602698865017963;12.954014507722544;13.333155350310616;13.065752701816972;11.28886607416582;12.014369242235135;11.985486199104637;12.332036548361652;13.652284811845306;12.2836671674915;12.60408986146918;11.916999049082808;12.566291930007871;11.855647166027266;12.02997734658958;8.661778097771988;12.12023787734196;12.202429966015352;12.14974711950468;11.888362741170644;12.700656452918167;11.57553924683453;12.35397382181817;12.717676423066395;12.261213451366048;12.506307581100309;12.53818893205242;11.839597483021176;12.06373212019692
12.516851425170898;12.274599075317385;12.481176376342772;10.80248737335205;12.457131385803224;12.06247901916504;12.492521286010742;10.80309009552002;12.516892433166504;12.475665092468262;10.803715705871582;10.846460342407228;11.56060791015625;12.493169784545898;12.516851425170898;10.808505058288574;10.90109157562256;12.4126615524292;11.836118698120115;12.442028999328612;12.515287399291992;11.286495208740234;11.015647888183594;11.56060791015625;10.803876876831056;12.51441764831543;10.803876876831056;12.44709300994873;11.57715892791748;12.51615047454834;12.51697063446045;10.809767723083496;10.808448791503906;11.159615516662598;10.996482849121094;12.371383666992188;10.939080238342283;12.263416290283203;11.374549865722656;12.516860961914062;12.48150634765625;10.825671195983888;12.515324592590332;12.372272491455078;12.516879081726074;12.11460018157959;12.516736030578612;10.827649116516112;11.425325393676758;12.464788436889648;10.831991195678713;12.514309883117676;11.390706372872774;13.48167331644727;13.237508748172656;11.10459875356437;12.826349864720092;11.834471049984222;13.511382050937696;12.187042714339894;13.14433959124784;13.121695390556573;11.771902080697716;13.095726668639047;11.820178962415188;13.00544911354693;13.451855028397755;13.124606006959192;12.107870914279614;12.147204924942228;13.52833200886121;13.30435132166324;12.841760886800548;13.102139753410698;11.499845887083206;14.28886607416582;11.900112062977456;15.339467292852603;13.322209843748894;10.122827994807666;13.229269462266736;14.05604493693527;12.04814625421956;12.508289986140348;11.79766152585376;10.470658874060552;13.550867004960905;10.99859042974533;13.027387694052765;13.930275335112052;11.59618975614441;13.532964631698826;12.618614920250804;14.245404150930328;12.43514933836693;12.637756945412145;12.850382205652153;12.950191349972702;12.46326891598129;13.220378327695228;12.865539970785695;12.33063682472329;12.58941707576861;12.052568050804153
12.82958698272705;12.255992889404297;12.146624565124512;12.775517463684082;11.68784236907959;12.829689025878906;12.818771362304688;12.817206382751465;12.748860359191896;11.657907485961914;11.65676975250244;12.725305557250977;11.73079776763916;12.817100524902344;12.82958698272705;12.7056303024292;12.370492935180664;12.672369956970217;12.504759788513184;12.223343849182127;12.541192054748535;12.16938591003418;12.349129676818848;11.73079776763916;12.388508796691896;12.829648971557615;12.388508796691896;12.453476905822754;12.829533576965332;11.656820297241213;12.631879806518556;11.686851501464844;12.828897476196287;12.211023330688477;11.709999084472656;12.594195365905762;12.471199035644531;12.474534034729004;11.745555877685549;11.71242618560791;12.82960319519043;12.829157829284668;12.828746795654297;12.829065322875977;12.829066276550291;11.658258438110352;12.829448699951172;11.666189193725586;12.596314430236816;12.76681137084961;11.895572662353516;12.8291597366333;12.619073646817748;12.130892269806624;13.11699367754698;11.741466986401146;12.692179576312538;12.51668494930961;12.613559277788264;13.023061249735337;11.97656412341533;13.046612469258132;12.228518097716194;13.242280950302444;12.363860976729532;13.13651056079364;12.89822347121556;12.061708704660624;12.521600439723729;12.791162888555018;12.298349015658186;12.3188252203997;12.4797802640291;12.096056239180946;11.42678889459556;12.037890085142507;12.079151405421891;13.02997734658958;12.44475608969503;11.67065624911844;12.107217075591382;11.90350531042388;11.57790083688697;13.254733389246674;12.326991174900815;13.290594888082572;12.803727526553114;12.219168520462162;11.754887502163468;12.480032814583948;10.93810932621924;12.652620934638165;12.779719355143405;12.526499239136566;13.111950706153165;12.933506249629444;12.746304367701304;12.723234300893376;12.84313591111135;12.4578938373147;12.633449374713493;12.557463701597824;12.687594389576123;12.717676423066395
16.254249572753906;14.959714889526367;15.00640106201172;16.25130271911621;14.964104652404783;16.255266189575195;16.24290657043457;15.500054359436035;16.25435447692871;14.961921691894531;14.956628799438477;14.990741729736328;16.236560821533203;15.95998477935791;16.254249572753906;16.029001235961914;15.085055351257324;15.514193534851074;16.174074172973633;14.964128494262695;15.05125904083252;15.806901931762695;16.202173233032227;16.236560821533203;16.2551212310791;16.25537872314453;16.2551212310791;16.251976013183594;16.24382781982422;15.164666175842283;16.239559173583984;15.224227905273438;14.96336555480957;15.517097473144531;16.25284767150879;16.23440933227539;16.21848487854004;16.02103042602539;14.959956169128418;16.221290588378906;16.25538444519043;16.25539207458496;16.255207061767578;16.255352020263672;16.051624298095703;14.95746612548828;16.251155853271484;15.348600387573242;16.186582565307617;16.243820190429688;15.286612510681152;15.624482154846191;15.146847069293392;15.177030157122418;15.964431123667882;15.020155256487037;16.61132744095157;16.6183711624227;15.455519875047573;16.504182765805346;15.60877459762325;17.131555564021138;17.1546500221246;16.11445406064108;15.7290364952082;16.4053243152725;16.421686824157696;15.166594633778535;15.869449258058928;16.154066509638966;15.661611109515434;15.735027079802624;15.871857121360522;15.51797688755755;15.145096273872104;15.787520006809338;15.847277610481324;16.567629341173127;15.860214044191483;15.246517943188914;15.571723021504283;15.519728383866024;15.234518085739987;16.377447796245658;15.944162985854788;17.95651228838106;15.782511974789088;15.483311954999351;15.886506327479497;15.845710554733882;17.82564825991016;16.28406496777351;16.191676146352428;16.21617745775159;16.34850340710174;16.53767341848018;16.66441950595643;16.161446847518008;16.199058823653022;16.156774386398652;16.11914377529938;15.870774080165248;16.449648419608874;15.873444112515376
9.980243682861328;9.305930137634276;8.122627258300781;7.842581748962402;7.847863674163818;8.159111976623535;9.906153678894045;8.257411003112793;9.980244636535645;9.98042106628418;9.97964572906494;7.927770137786865;7.812567234039307;9.980420112609863;9.980243682861328;7.828993320465088;8.373272895812988;8.192127227783203;9.862853050231934;9.91268825531006;9.9789457321167;9.862503051757812;8.154541015625;7.812567234039307;7.810891628265381;8.273760795593262;7.810891628265381;9.851285934448242;9.97213649749756;9.976133346557615;9.980360984802246;9.176743507385254;8.126137733459473;9.976261138916016;8.25034236907959;8.020037651062012;9.474080085754396;8.116010665893555;7.823145389556885;7.832765102386475;9.345112800598145;7.811057090759277;9.32121753692627;9.888458251953123;9.957324981689451;9.980202674865724;9.934699058532717;9.608353614807127;8.830733299255371;9.839722633361816;8.052858352661133;9.886643409729004;9.774787059601174;10.380461065088973;10.10459875356437;8.294620748891628;9.447083226209651;9.54882190845875;10.002815015607052;10.103287808412022;8.693486957499324;9.558420713268664;9.257387842692651;10.368506461507693;9.169925001442312;10.236014191900084;9.605479518061667;9.071462362556623;9.507794640198696;9.834471049984222;11.65954999687987;9.94251450533924;9.802516365121225;9.236014191900084;9.703903573444665;10.14974711950468;9.14210705730255;9.92035285541508;9.876516946565;9.447083226209651;9.930737337562888;8.044394119358454;8.144658242831882;10.25502856981873;9.813781191217036;8.965784284662087;10.553629293916364;8.507794640198696;9.346513733165636;10.258566033889933;8.426264754702098;10.134426320220928;9.884170519108435;10.20212382383046;10.145932145820517;9.216745858195306;9.923327485419192;9.712527000439824;9.663558104217271;9.94397991434374;9.451211111832327;9.41574176829009;9.457380879072534;9.54882190845875
12.435779571533203;11.51823616027832;11.98997402191162;12.440950393676758;11.463458061218262;12.42923641204834;11.05144500732422;10.979459762573242;12.441275596618652;12.343729972839355;10.974563598632812;10.98924446105957;12.401471138000488;12.302740097045898;12.435779571533203;10.9757719039917;11.876523971557615;11.617593765258787;11.777658462524414;12.379660606384276;11.15717315673828;12.358673095703123;12.30921459197998;12.401471138000488;12.438850402832031;12.441407203674316;12.438850402832031;12.37480354309082;12.392814636230469;11.004478454589844;12.282480239868164;11.413747787475586;10.974560737609863;12.397808074951172;12.441139221191406;12.235742568969728;12.42953109741211;12.41498851776123;11.038254737854004;12.366771697998049;12.44135856628418;12.441244125366213;12.436932563781738;12.441327095031738;12.439555168151855;10.976001739501951;12.43927001953125;11.981196403503418;11.860337257385254;12.287070274353027;11.337812423706056;12.437429428100586;11.57459352733761;11.531868775177552;11.869979332899964;11.420486612825774;12.47649307734159;11.26620091249896;11.325867580575418;11.208234358339787;11.222191138456331;11.171802288682985;11.584492796975876;12.393658591454772;11.807354922057604;12.33399388276136;12.070120944476823;11.289442575688332;12.451468712947358;11.523071826940395;12.352595231134304;11.583082767502932;11.88760142450871;11.887220615468385;11.276124405274238;12.33371442609397;11.971184272404678;12.875941288497554;12.255323690008137;11.211279947482009;11.26209484537018;11.271463027904376;11.23421867823847;12.237209960755022;11.667555107041132;11.631631805917635;12.111135670234708;11.639792893279312;12.465056167831175;12.356176830516356;12.161131882984307;11.967226258835993;11.756556322524087;11.897845456005513;12.521600439723729;11.844705764411938;12.919422024335052;11.252074042796185;12.144658242831882;11.79685079526716;11.233619676759702;11.709945380232496;12.303495376790377;11.830119025444516
12.976946830749512;12.957451820373535;10.7475004196167;10.481201171875;11.002849578857422;11.01633358001709;12.971033096313477;12.844212532043455;12.97772979736328;12.132206916809082;10.494153022766112;12.902857780456545;10.483819961547852;12.939051628112791;12.976946830749512;12.959162712097168;10.647337913513184;12.96047306060791;12.963311195373535;11.99257755279541;12.976487159729004;10.591915130615234;12.671608924865724;10.483819961547852;10.481277465820312;11.038684844970703;10.481277465820312;12.973352432250977;12.87087631225586;12.76734447479248;12.97833251953125;12.730692863464355;12.9783296585083;12.71250343322754;10.76981258392334;10.909802436828612;10.55759620666504;12.564004898071287;10.6552152633667;11.084417343139648;10.508992195129396;10.48126983642578;12.913765907287598;10.72481632232666;12.968467712402344;12.95219898223877;12.96878433227539;10.494107246398926;11.623188972473145;12.977371215820312;11.370648384094238;10.702316284179688;13.3972735315025;13.931845540183671;13.654188473059545;13.27772328161035;13.966775796709472;14.59333276016138;14.140350496628438;14.994795371321157;14.044735626056909;13.56271942704932;14.747825838329282;14.193217322699065;16.522366974485337;13.514837313999376;13.629015032522458;15.496604154575603;11.942147920394849;14.2321960506982;13.290162878784272;13.96605476462555;13.37000621550088;12.980139577639155;15.7737573721398;13.451468712947358;15.683871868622605;14.230620933129869;13.912515144802397;15.968689290135584;14.32678056760998;13.863895873695071;15.227503134450028;14.645602146391854;13.631972774534868;14.706549977818112;13.351905441476942;16.457525167013536;13.465948964154254;13.064742764750257;11.289442575688332;14.19067349813204;13.454813348512523;13.886363427434055;13.209301046034142;13.489095315413504;13.339850002884624;13.609755885423706;13.746094383705463;13.71177450496535;15.096632806531044;13.166476950816804;13.1526017440192;13.301067438218515
16.833730697631836;15.660893440246582;15.670164108276367;16.835805892944336;15.717045783996582;16.836624145507812;16.625568389892578;16.61246681213379;16.83489227294922;15.659818649291992;15.659292221069336;15.671862602233888;16.834238052368164;16.757261276245117;16.833730697631836;16.753515243530273;16.225662231445312;16.570344924926758;16.728939056396484;15.687636375427246;15.774828910827637;16.726560592651367;16.758277893066406;16.834238052368164;16.836660385131836;16.83669662475586;16.836660385131836;16.807783126831055;16.832475662231445;15.667055130004885;16.79804039001465;16.49271011352539;15.66822338104248;16.356468200683594;16.821794509887695;16.834041595458984;16.827587127685547;16.763168334960938;15.662351608276367;16.814376831054688;16.836566925048828;16.836740493774414;16.83664321899414;16.836685180664062;16.78190803527832;15.659372329711914;16.836286544799805;15.84102725982666;16.55158805847168;16.82810401916504;15.720565795898438;16.80866241455078;15.696886046427368;15.670960466379054;16.09481996125598;15.792815707955484;16.494199323942063;16.31930166312921;15.850601963040182;16.750733152104917;16.008165971639134;16.604336044042288;16.498849206531723;16.62911467058147;16.311783786024467;16.622881176445226;16.616103676116555;15.719736403540232;16.675943254080096;16.25266543245025;16.039304639245383;16.05118769466029;15.90388184573618;15.76492341074798;15.604292603111228;15.80705298720543;16.35242281463683;16.779886039160274;16.160541139084334;15.810421011444184;16.25063151408072;15.384547687744648;15.603394530887376;16.66205636858795;15.74968614656818;17.286305065707545;16.347119576638566;15.991388978798357;16.527874034663125;16.17541310253224;16.881854815394114;16.327026273127068;16.41083224797056;16.376125389276176;16.587499191828286;16.445419059502612;16.83605035505807;15.946814915494844;16.187564718943513;16.227728743558213;16.437492010125354;16.30750323669052;16.42028922221946;16.253404328774153
13.366225242614746;12.576848983764648;13.30823802947998;13.388667106628418;12.361516952514648;13.385723114013672;12.095166206359863;12.009445190429688;13.393417358398438;13.387664794921877;11.962943077087402;12.264851570129396;12.87633991241455;13.274353981018066;13.366225242614746;11.994290351867676;12.49501132965088;12.964795112609863;12.636691093444824;13.20492458343506;12.28722095489502;13.093153953552246;12.981386184692385;12.87633991241455;13.373849868774414;13.393425941467283;13.373849868774414;13.389131546020508;13.377907752990724;12.421171188354492;13.33694076538086;12.70927906036377;11.96318531036377;13.359464645385742;13.393349647521973;12.537473678588867;13.343791007995604;13.06698226928711;11.985784530639648;13.167726516723633;13.393030166625977;13.388853073120115;13.380829811096191;13.392803192138672;13.386345863342283;11.980317115783691;13.387592315673828;12.67545223236084;12.68701171875;13.057583808898926;13.03306770324707;13.346967697143556;12.781769511863132;12.823367240046236;13.380055148544896;12.406736482691723;13.640696837570092;13.08696550311009;12.878050912728536;12.615169813843602;12.579315937580017;12.8668925276766;12.675736555361906;13.674302629212166;12.757806672197228;13.586018775355935;13.623652908052923;12.691743519171276;13.138751765258174;13.098525621379464;13.54677390880832;13.177730967033272;13.22881869049588;13.148317686309303;12.229720093237413;13.681128580020994;12.75676478940414;14.656033745160467;13.456097684964202;12.100333819126542;12.770250927394864;13.033939140726387;12.27873982655011;13.551107414066758;13.104271128936894;12.824163209744158;13.690761908445976;12.539158811108033;13.138911718142744;13.625708843064466;11.9683067944308;13.496104779340126;13.018026265843226;13.538310202597684;13.848133874679752;13.159871336778387;13.326008077730997;12.47040467706564;13.507918492629631;13.308339030139408;12.717033749490891;13.088291357347815;13.589182967039353;13.075813377461454
9.973906517028809;9.28081226348877;9.98007869720459;9.536696434020996;9.979558944702148;9.979957580566406;8.567071914672852;8.464311599731445;9.976845741271973;8.496109008789062;8.453906059265137;9.652502059936523;9.802154541015623;8.488236427307129;9.973906517028809;8.468778610229492;8.661911964416504;9.9603910446167;8.851807594299316;9.96884059906006;9.92438507080078;9.596388816833496;8.456439018249512;9.802154541015623;9.84683609008789;9.9796781539917;9.84683609008789;9.591787338256836;8.482068061828613;8.534855842590332;9.939779281616213;8.59704303741455;8.454460144042969;9.55039119720459;8.498961448669434;9.373956680297852;9.912782669067385;9.839606285095217;9.85679054260254;9.979841232299805;9.979476928710938;9.977557182312012;9.922701835632324;9.979925155639648;9.98007869720459;8.453922271728516;9.967558860778809;9.19918727874756;9.538753509521484;8.892607688903809;9.962703704833984;9.976523399353027;8.72451385311995;9.535275376620802;9.4797802640291;8.654636028527968;9.754887502163468;9.134426320220928;9.426264754702098;9.394462694610317;9.310612781659527;9.03342300153745;8.366322214245816;10.271463027904376;9.611024797307351;9.189824558880018;10.118941072723509;9.321928094887362;10.108524456778168;9.266786540694902;10.370687406807216;9.78463484555752;9.640244936222343;9.471675214392045;8.689997971419446;9.571752643503546;9.162391328756906;10.37937836707126;9.870364719583405;7.965784284662087;9.505811553919594;9.43879185257826;9.044394119358454;9.453270634010623;9.199672344836364;8.936637939002571;9.939579214314692;8.679480099505446;10.171176797651771;10.404077136241234;8.64745842645492;10.084808387804362;9.366322214245816;10.214319120800766;9.552669097514272;9.319672120946995;9.49585502688717;9.422064766172811;9.902375114486023;9.91737207947684;8.98299357469431;9.49585502688717;9.61286849729104;8.794415866350105
13.29912567138672;12.392556190490724;13.112030029296877;13.307039260864258;11.65971851348877;13.157940864562988;11.447783470153809;11.38914680480957;13.31149959564209;13.29380226135254;11.367828369140623;11.388999938964844;12.493274688720703;13.284964561462402;13.29912567138672;11.3687105178833;12.72739315032959;12.919318199157717;12.994415283203123;13.280083656311035;12.344914436340332;12.305752754211426;11.40959644317627;12.493274688720703;13.302814483642578;13.311731338500977;13.302814483642578;13.245664596557615;13.269734382629396;12.981513023376465;13.162243843078612;11.92465114593506;11.36634635925293;12.99137020111084;13.31045627593994;13.147024154663086;12.605772018432615;12.486780166625977;11.62409210205078;13.048139572143556;13.311727523803713;13.305988311767578;13.22100830078125;13.309941291809082;13.294048309326172;11.385634422302246;13.297626495361328;13.214972496032717;12.882894515991213;12.039791107177734;12.421072959899902;13.31099796295166;12.49859992877026;12.127671967038982;12.40832974076739;12.319954310686944;13.513110716890193;11.42678889459556;12.255618749839597;12.249113452713727;11.925554439873554;12.470658874060552;13.150857922538847;13.632313662586126;12.700222950799256;13.252813241993014;13.252517607762288;12.518898992777316;12.889123656294238;12.09901899101923;13.459815807989589;12.640470904590089;12.885505729792254;12.902940323128275;12.264149339723328;13.326148561205557;12.866506212226202;14.003517912108602;13.58660526060361;12.141468555393084;12.156715144224702;11.873828574886977;12.371504412043336;13.416005780559267;12.135067945777816;12.822769974444292;13.197830998012195;12.594324603924848;12.428098411832506;13.386940245324311;12.4070021479242;12.28886607416582;12.351767443959892;13.222191138456331;13.21204034123855;12.651724433108065;12.896521622224974;12.585197295260024;12.795024983961389;12.586136091480489;12.309192106959902;12.660218788535618;13.103943429891558;12.659772961881613
11.748489379882812;11.338626861572266;11.35360050201416;11.702399253845217;10.9072904586792;11.324122428894045;10.84146213531494;10.445112228393556;11.752025604248049;11.716742515563965;10.379661560058594;10.412775039672852;11.534942626953123;11.556964874267578;11.748489379882812;10.394967079162598;11.544129371643066;11.670665740966797;11.396164894104004;11.685870170593262;10.79645824432373;10.814982414245604;10.847112655639648;11.534942626953123;11.672643661499023;11.751997947692873;11.672643661499023;11.745734214782717;11.73904800415039;10.8269681930542;11.74234104156494;11.166089057922363;10.379671096801758;11.642013549804688;11.75137996673584;11.608607292175291;11.38074779510498;11.635627746582031;10.419711112976074;11.6498384475708;11.750528335571287;11.741219520568848;11.74989128112793;11.751581192016602;11.751035690307615;10.390830993652344;11.751015663146973;10.81737995147705;11.56386375427246;11.513775825500488;11.150617599487305;11.743102073669434;11.321928094887362;11.286557761607956;11.631631805917635;11.13249972962851;12.227014193649133;11.264442600226602;11.418379719364957;11.43514933836693;11.210671343785622;11.345959596404112;11.578844391558205;12.021327032624372;12.231821178657404;11.889884170302828;12.12638183054264;11.580729651598958;11.11699367754698;11.476239906323851;12.107870914279614;11.756556322524087;11.810973220002165;11.71295682169755;11.62296694479051;12.1901333218648;12.172114932533136;13.116506417748072;12.250002267840449;11.51717725268954;11.29232163280204;11.737669863177452;11.659995892429976;12.36468185586456;11.591522346570734;11.458406613236534;11.945077995107816;11.97906787148051;11.580258567499788;12.227315099905493;11.407798850221974;11.813380386924727;11.573173784686484;12.01854794187165;12.098032082960527;11.445532219028312;11.671098725748465;11.152284842306582;11.854089179870574;11.875749351420056;11.394998514501673;11.709083812550343;11.805340828416384;11.400345796534694
13.06734561920166;11.99314022064209;12.876992225646973;11.892454147338867;13.043410301208496;11.884271621704102;13.067261695861816;11.8866548538208;13.061702728271484;11.945426940917969;11.881811141967772;11.947320938110352;12.158991813659668;13.065924644470217;13.06734561920166;11.884114265441896;11.90223217010498;12.411994934082031;12.773287773132324;13.06548309326172;13.067148208618164;12.874042510986328;13.012304306030272;12.158991813659668;11.882730484008787;12.179408073425291;11.882730484008787;12.90804386138916;13.05428409576416;12.340086936950684;13.06720733642578;12.02617359161377;11.88763427734375;12.728276252746582;11.936413764953612;12.75913906097412;12.19847583770752;13.052606582641602;12.985199928283691;13.010979652404783;13.048880577087402;12.044679641723633;13.066912651062012;13.018319129943848;13.067339897155762;12.050891876220703;13.067315101623535;12.306824684143066;13.049413681030272;13.067224502563477;12.058469772338867;13.067305564880373;12.874597192401634;12.992407315348498;12.426526848451733;11.597587039586216;13.611255388699336;12.538431462950005;12.74819284958946;13.082648042352986;13.04882741336389;12.235415935602528;13.265615046484458;13.43840202279677;13.119589620741122;12.490349505739289;13.491352073563435;13.060189278463422;12.99169898341288;12.569380959522295;13.55158811212731;12.753425699145414;13.613559277788264;12.750706986224948;12.788514432606608;12.58331786813751;13.553509304309202;12.87209768680786;13.167418145831736;12.81016993766466;13.173052457774116;13.055282435501187;13.575657418193968;13.455584087578613;12.80634822671225;13.102795896703824;12.66289085913906;13.979514512467604;12.929998062609029;13.279610581052484;12.687375683437468;13.900206427698745;12.822969090453288;13.606173844717032;12.217654833364024;13.04011845076483;13.027214885159834;13.703903573444665;13.056807035580608;12.65217275350971;12.967226258835993;12.507051302247916;12.7868821936647;13.020459141699511
10.199443817138672;9.48435878753662;9.532336235046388;10.16523551940918;6.713423728942871;9.541236877441406;10.098138809204102;10.048946380615234;9.77530288696289;9.861860275268556;10.097661972045898;9.384661674499512;6.706368446350098;10.198993682861328;10.199443817138672;7.061017036437988;9.216466903686523;6.851563930511475;10.06386661529541;7.551084995269775;10.175972938537598;7.462942123413086;6.706468105316162;6.706368446350098;9.259815216064451;9.095317840576172;9.259815216064451;6.778679370880127;10.194424629211426;10.166937828063965;10.01463508605957;8.033886909484863;9.755922317504885;10.188360214233398;6.730338096618652;8.60521125793457;9.797927856445312;6.793271541595459;6.907928466796875;6.70576810836792;10.197273254394531;10.15388011932373;8.592856407165527;10.19417667388916;10.168227195739746;8.42684268951416;10.116706848144531;7.769408702850342;9.961607933044434;6.834492206573486;6.717385292053223;10.199655532836914;6.459431618637297;8.839203788096944;5.129283016944966;4.169925001442312;10.007027266893967;6.266786540694901;7.672425341971495;4.169925001442312;4.807354922057604;4.906890595608519;4.643856189774724;7.294620748891627;4.321928094887363;6.857980995127572;7.219168520462161;3.321928094887362;7.94251450533924;5.247927513443585;10.812979471251484;9.874981347653774;8.997179480937621;7.546894459887636;5.426264754702098;10.025139562278508;5.357552004618084;9.61286849729104;10.24198314969433;4.700439718141092;7.531381460516312;7.05528243550119;3.4594316186372973;6.066089190457772;10.117643101389092;6.672425341971495;8.90388184573618;3.906890595608519;7.693486957499325;9.294620748891628;5.614709844115208;6.266786540694901;5.321928094887363;7.800899899920305;5.807354922057604;2.807354922057604;10.098032082960527;8.271463027904375;8.741466986401146;6.247927513443585;5.392317422778761;6.321928094887363;5.78135971352466;7.965784284662087
8.932629585266113;7.083002090454102;7.18714714050293;8.739042282104492;7.147728443145752;8.933125495910645;8.930792808532715;8.733399391174316;7.242644786834717;7.1085405349731445;7.060774326324463;7.092751502990723;8.89146900177002;7.06056547164917;8.932629585266113;8.929244995117188;8.64841079711914;7.082273960113525;7.063931465148926;8.930206298828125;7.207684516906738;7.306443691253662;7.42104959487915;8.89146900177002;8.9287691116333;7.920303344726562;8.9287691116333;7.115974426269531;7.060651302337647;7.073322296142578;7.85793399810791;7.752625465393066;8.839946746826172;8.316324234008789;7.060332775115967;7.060912132263184;8.932144165039062;8.877342224121094;7.085074424743652;7.9437971115112305;8.927650451660156;8.932890892028809;7.861273765563965;8.933122634887695;8.933109283447266;7.060171127319336;7.379025459289551;8.244860649108887;7.859914779663086;7.458192348480225;8.932379722595215;7.0705413818359375;6.7414669864011465;8.422064766172813;7.2384047393250786;6.442943495848728;7.459431618637297;7.686500527183218;7.977279923499917;7.727920454563199;8.011227255423254;6.832890014164741;7.129283016944966;7.60733031374961;7.0;7.761551232444479;7.876516946564999;6.94251450533924;9.348728154231075;7.857980995127572;8.842350343413807;7.569855608330948;6.918863237274595;7.426264754702098;6.409390936137702;7.622051819456376;6.507794640198696;7.960001932068081;7.614709844115208;6.022367813028454;7.845490050944375;6.954196310386875;6.129283016944966;8.467605550082997;7.467605550082998;7.303780748177103;8.049848549450562;6.321928094887363;8.169925001442312;8.179909090014934;7.971543553950772;8.479780264029099;7.599912842187128;7.845490050944375;7.539158811108031;7.409390936137702;8.810571634741146;7.948367231584678;6.954196310386875;7.577428828035749;7.523561956057013;7.672425341971495;7.189824558880018;6.954196310386875
11.9378023147583;11.188239097595217;11.824212074279783;10.844401359558104;11.734475135803224;11.93697738647461;11.904090881347656;11.928607940673828;11.914462089538574;10.819149017333984;10.814529418945312;11.861201286315918;11.759296417236328;11.68783950805664;11.9378023147583;11.93650245666504;11.091777801513672;11.701620101928713;11.423154830932615;11.825928688049316;11.931859016418455;11.322709083557127;10.923248291015623;11.759296417236328;10.837390899658203;11.79188346862793;10.837390899658203;11.8418550491333;11.692447662353516;10.824467658996582;11.937150955200195;10.897964477539062;11.937714576721191;11.84868335723877;10.821976661682127;11.495355606079102;11.817974090576172;11.912627220153809;11.244766235351562;11.92832374572754;11.764429092407228;11.807791709899902;11.937312126159668;11.93752670288086;11.937763214111328;10.815467834472656;11.937248229980469;10.867795944213867;11.83410358428955;11.91986083984375;11.814465522766112;11.857419967651367;11.766942940755785;11.95310515059134;11.705200378063116;10.887220615468385;11.879966079664356;11.745254141957256;11.963979787815338;12.245255580306557;11.937005926516589;11.700006150882864;11.625708843064466;12.456867738380344;11.578372691360803;11.75446999527562;12.07815080773465;11.358101707440849;11.486332252768664;11.841171189248543;11.995767150877802;12.121209716409284;12.026523442519766;11.480285320936373;10.792790294301064;12.060695931687556;11.467096033905747;12.7425199716613;12.187352073200495;10.854089179870574;12.14974711950468;11.780949798749663;10.758223214726724;12.35947504884954;11.70433597118232;12.060020354507852;11.860699032611988;11.310612781659527;11.661778097771988;12.100333819126542;10.753216749178955;11.996473488733228;11.618844301766652;12.207014320177532;11.718104713121756;11.578844391558205;11.661332752795186;11.724087461793989;11.991876099003417;11.891024190149498;12.076815597050832;11.62296694479051;11.674192268145683;11.561287945164828
11.967270851135254;12.02918529510498;10.630285263061523;12.02462100982666;10.617328643798828;12.049357414245604;12.032878875732422;10.954028129577637;11.892210960388184;11.861842155456545;10.63496208190918;10.619919776916504;10.970776557922363;11.994033813476562;11.967270851135254;10.88577938079834;12.046228408813477;12.032346725463867;11.052898406982422;12.045866012573242;10.94785499572754;10.692663192749023;11.05886173248291;10.970776557922363;11.923661231994627;12.049202919006348;11.923661231994627;10.897974014282228;12.045440673828123;10.775949478149414;11.261412620544434;11.998565673828123;10.618911743164062;11.923487663269045;10.62185764312744;10.856664657592772;10.991923332214355;11.549715042114258;10.616850852966309;10.77804470062256;12.048907279968262;12.043163299560549;11.725266456604004;12.047780990600586;12.048210144042969;10.630261421203612;12.039567947387695;10.748129844665527;10.663897514343262;10.726491928100586;11.95169448852539;12.048861503601074;11.589182967039353;11.068778277985412;11.417852514885896;10.319672120946995;11.97405602262563;11.121533517340032;11.000704269011246;12.041659151637214;11.426264754702098;10.804937672051908;12.035486451292154;12.296055838078784;11.171802288682985;11.203959703239462;11.734709620225836;11.124767535822471;11.802516365121225;11.121533517340032;11.797256217509783;11.352043425795433;11.681677655209691;11.1705510353167;10.918863237274596;11.666667840690357;11.154818109052105;12.039261794341057;12.122180901259751;10.671541066711884;11.152284842306582;11.468114886378098;10.79685079526716;12.550746785383245;11.194141238863136;11.907266248531066;11.079484783826816;11.407798850221974;11.110483309816226;11.699572453287267;11.341518823245243;11.643856189774723;10.944712061043486;11.449148645375436;11.369597346278676;11.410451351503994;10.665335917185176;11.98584193700334;11.932952892194717;11.64430696154558;11.294620748891628;11.314583244274194;11.286557761607956;10.98655314975666
9.903380393981934;11.452448844909668;12.431720733642578;11.411063194274902;12.460702896118164;12.848602294921877;12.475287437438965;9.864500999450684;9.84735870361328;12.703042030334473;12.8485746383667;9.843031883239746;9.820810317993164;12.007402420043944;9.903380393981934;10.535164833068848;11.906596183776855;12.610276222229004;9.819828033447266;10.450552940368652;10.12929344177246;11.554643630981444;12.62737274169922;9.820810317993164;10.860310554504396;12.74375343322754;10.860310554504396;9.830877304077148;12.442248344421388;10.735461235046388;10.084047317504885;11.60163402557373;9.822649955749512;9.81361198425293;9.85358715057373;9.982269287109377;12.453095436096191;9.82907009124756;9.865243911743164;11.995464324951172;12.719286918640137;12.371201515197754;10.878026008605955;12.83510971069336;12.806325912475586;12.215611457824709;12.83979034423828;9.824993133544922;9.81927490234375;9.95933723449707;10.806903839111328;12.84870147705078;11.381002109550924;12.057653339963936;11.338179249900112;10.679480099505446;13.733545003757078;11.360847084179664;11.106562940444883;12.926851910929878;13.275251543470327;11.180530807344482;14.9049168114081;12.736824699098864;11.399811959325683;10.567005370247031;11.914385132155443;11.700873155140265;14.789126046425231;12.79685079526716;12.022367813028454;13.134426320220928;11.98049663618346;12.611255388699336;11.246146774635864;12.338179249900112;12.531868775177552;12.812377888766893;13.607792641919213;10.558420713268664;12.830911279742782;12.449922415863757;10.964340867792416;15.001012278628464;12.240195053979924;14.532599438672984;11.591522346570734;11.672867276433792;12.940497134458203;12.129605011152504;12.02997734658958;11.687375683437468;10.78953364497036;12.67087750439698;10.619302955415687;12.16679075071818;12.230921088137896;13.395534135462302;12.978889176361571;11.82137539237254;12.733015321685963;11.664447284547972;11.86573327085176;11.102631888854969
6.9686279296875;5.4838080406188965;6.412596702575684;6.309656143188477;6.809415340423584;6.970679759979248;5.956097602844238;6.965564727783203;6.297797679901123;6.017577648162842;5.457159042358398;5.83819580078125;6.895506381988525;5.5670013427734375;6.9686279296875;6.970619201660156;6.925257205963135;6.601188659667969;5.630125999450684;6.956273078918457;6.59214448928833;6.634995460510254;5.476677417755127;6.895506381988525;6.910855770111084;6.599167823791504;6.910855770111084;5.970818519592285;5.561367034912109;5.4640326499938965;6.927888870239258;6.951003551483154;6.964300632476807;5.787677764892578;5.457496643066406;6.091682434082031;6.966531276702881;6.549319267272949;5.510426998138428;6.969454288482666;6.162693023681641;6.963697910308838;6.902235984802246;6.970297336578369;6.9705352783203125;5.457589626312256;6.650710105895996;6.3746442794799805;6.134332180023193;6.058473110198975;6.965116500854492;5.464630126953125;5.087462841250339;6.321928094887363;6.643856189774724;5.087462841250339;5.857980995127572;6.392317422778761;6.832890014164741;6.22881869049588;6.672425341971495;6.066089190457772;6.475733430966398;6.794415866350106;6.129283016944966;5.977279923499917;6.930737337562887;6.357552004618084;6.918863237274595;6.022367813028454;6.894817763307944;6.832890014164741;6.459431618637297;6.442943495848728;5.554588851677638;6.807354922057604;5.78135971352466;7.409390936137702;6.339850002884624;5.727920454563199;6.409390936137702;7.087462841250339;6.066089190457772;7.3750394313469245;6.303780748177103;5.832890014164741;6.459431618637297;5.977279923499917;6.189824558880018;6.442943495848728;6.189824558880018;6.714245517666122;6.266786540694901;6.954196310386875;5.459431618637297;6.189824558880018;7.159871336778389;6.266786540694901;5.977279923499917;6.392317422778761;6.459431618637297;6.022367813028454;5.857980995127572;6.266786540694901
13.411865234375;12.383304595947266;12.587873458862305;13.404026985168455;12.564020156860352;13.41494083404541;13.33078670501709;13.138720512390137;13.355084419250488;12.37584114074707;12.370469093322754;12.41029453277588;13.290589332580566;13.106542587280272;13.411865234375;13.270092964172363;13.306150436401367;13.328904151916504;12.470012664794922;13.327691078186035;12.709571838378906;12.978591918945312;12.9192476272583;13.290589332580566;13.412890434265137;13.41485595703125;13.412890434265137;12.846528053283691;13.335153579711914;12.37070369720459;12.96402072906494;13.039424896240234;12.47586154937744;12.540783882141112;12.395297050476074;13.02633571624756;13.35067367553711;13.062010765075684;12.39071273803711;13.29245948791504;13.414894104003906;13.41479778289795;13.403897285461426;13.414459228515623;13.413097381591797;12.370503425598145;13.413267135620115;12.573578834533691;12.5394287109375;13.304277420043944;13.267803192138672;13.40906047821045;12.976027040189834;12.848427334023928;13.168985440978698;12.173052457774116;13.205487820150566;12.627761852402616;12.887791791341588;13.143542654233215;12.777460812669784;12.742309436084;12.700439718141093;13.678930187152346;12.765286098723683;13.14449892583753;13.052398232071583;12.691743519171276;12.91606605089929;12.897089128312755;12.8957646000164;12.844901876019785;12.863411958941638;12.645208082774683;12.479022346995178;13.062889375245748;13.007903273382048;13.931845540183671;13.050698944430026;12.42783660345852;12.84725313832084;12.6476832678862;12.129605011152504;13.64745842645492;12.762382038710392;13.15876745463608;13.09391268366556;12.63026712502677;13.100333819126542;13.166163082646111;12.518898992777316;13.264589208126823;12.966325193888276;12.91904952367693;13.26839579355656;12.940864139049571;13.191676146352428;13.101975670949232;13.171645941347052;13.023754353299417;12.746724244025833;12.92184093707449;13.03083953214138;12.830317129810208
6.710810661315918;5.153739929199219;5.157508850097656;5.371641159057617;5.247196197509766;6.686770915985107;6.122695446014404;6.7136549949646;5.167367458343506;5.154167652130127;5.162621974945068;5.5636515617370605;6.706292629241943;5.822229862213135;6.710810661315918;6.713746070861816;6.566281318664551;5.487072944641113;5.155953884124756;6.144317626953125;6.211173534393311;6.243690967559815;6.2399749755859375;6.706292629241943;5.646714687347412;5.158199310302734;5.646714687347412;5.168025493621826;5.189149856567383;5.1577887535095215;6.362274646759033;6.525025367736816;6.713748931884766;5.949535846710205;5.167634010314941;5.247530460357666;5.972226619720459;6.276389598846436;5.411545753479004;6.704122066497803;5.2439165115356445;6.042455673217773;6.3860697746276855;6.421278953552246;6.690036296844482;5.158451080322266;6.669957637786865;5.258952617645264;5.191568851470947;6.600052356719971;5.29946231842041;5.996026039123535;5.285402218862249;6.845490050944375;5.906890595608519;4.906890595608519;5.357552004618084;4.857980995127572;7.087462841250339;7.05528243550119;5.426264754702098;5.954196310386875;5.459431618637297;5.169925001442312;5.643856189774724;5.807354922057604;5.321928094887363;5.727920454563199;6.129283016944966;6.857980995127572;4.700439718141092;5.20945336562895;4.954196310386875;4.857980995127572;4.754887502163468;5.426264754702098;5.129283016944966;6.3750394313469245;5.321928094887363;5.523561956057013;6.339850002884624;4.700439718141092;4.700439718141092;6.523561956057013;4.523561956057013;6.149747119504682;5.700439718141092;5.426264754702098;6.491853096329675;5.129283016944966;7.108524456778169;5.087462841250339;6.491853096329675;5.832890014164741;5.954196310386875;5.523561956057013;7.189824558880018;5.584962500721156;4.584962500721156;4.459431618637297;6.539158811108031;4.954196310386875;4.584962500721156;5.554588851677638
12.571499824523926;11.60865879058838;12.535566329956056;12.582849502563477;11.740924835205078;12.727900505065918;12.691773414611816;12.719094276428224;12.404987335205078;11.55253791809082;11.552419662475586;12.674052238464355;11.759480476379396;11.639769554138184;12.571499824523926;12.716717720031738;12.23106288909912;12.559847831726074;11.556142807006836;11.626612663269045;11.565338134765623;11.849452018737791;12.721708297729492;11.759480476379396;12.53193473815918;12.72789478302002;12.53193473815918;11.994318962097168;12.713509559631348;11.552420616149902;11.597597122192385;11.70257568359375;12.72775173187256;11.79537868499756;11.744288444519045;11.587624549865724;12.356888771057127;11.975640296936035;11.591004371643066;11.737348556518556;12.727500915527344;12.727102279663086;12.719440460205078;12.71861743927002;12.719417572021484;11.55246639251709;12.727747917175291;11.55259132385254;11.571385383605955;12.613967895507812;12.24372100830078;12.726902961730955;12.2836671674915;12.349281228817452;13.36098421597397;11.924070185585345;12.465821455643775;13.57553924683453;12.61677855400014;13.112602403528848;12.222191138456331;12.884170519108435;11.921469060531413;13.053756222562145;12.564625862795372;12.813380386924727;12.744833837499543;12.037890085142507;12.065079488999862;12.754887502163468;12.026869205263395;12.216442739160492;12.261213451366048;11.815383295813538;11.728345714710976;11.877667574067882;12.214622686302336;13.055282435501187;12.113742166049189;12.308339030139408;12.75676478940414;12.171802288682985;11.728770849542665;12.80634822671225;13.01524080333268;13.159871336778387;12.526010107061737;12.715533063526584;12.282509306240836;12.136670762341843;11.77561028075954;13.28828934218097;12.782998208920414;12.3063465536885;13.119103237062562;12.815783544128184;12.520864182988744;12.221889161471266;13.1728962458698;12.679480099505446;12.751753251439336;12.714674827308002;12.55026580686874;12.576248129843252
12.20261001586914;10.916914939880373;12.15078830718994;11.944226264953612;11.772451400756836;12.191156387329102;11.174030303955078;10.790650367736816;12.203083038330078;12.117698669433594;10.718764305114746;11.070021629333496;10.746956825256348;12.203627586364746;12.20261001586914;10.759322166442873;11.639625549316406;12.18206024169922;12.188055038452148;11.762125015258787;12.196542739868164;11.8331298828125;10.919020652770996;10.746956825256348;12.159831047058104;12.203763961791992;12.159831047058104;12.1806058883667;12.203089714050291;11.378302574157717;12.194857597351074;12.161578178405762;10.718778610229492;10.940607070922852;11.260592460632324;12.196602821350098;11.976676940917969;10.739829063415527;10.840934753417969;11.119028091430664;12.203509330749512;12.155975341796877;12.183304786682127;12.201361656188965;12.189383506774902;11.168164253234863;12.197036743164062;11.980984687805176;12.068870544433594;11.882999420166016;11.20968532562256;12.2036714553833;11.955286645524469;11.723660944409984;11.657765035265363;11.237807473723135;12.50308035175293;11.31628153174622;11.475226777742266;12.026523442519766;12.011576703176177;11.48733761520718;12.508042334429003;12.264442600226602;11.450180247164754;11.813380386924727;12.237209960755022;11.640696837570092;11.658657792126084;11.709514660706716;12.681458050210274;12.208234358339787;12.087131301540529;12.079818085212354;10.916625922211235;12.54399845013454;11.474212937193943;12.850772862313322;12.774787059601174;10.62844554013718;11.458919206967591;11.774375272802065;11.089450481115907;12.934980832653832;11.480790201095816;12.540370243743569;12.20945336562895;11.208234358339787;12.066761932386909;12.502831804066744;11.866506212226202;12.112439506781552;11.446566409066069;12.431758749166155;11.83605035505807;11.564625862795372;11.939946452458686;12.113416611485944;11.85642552862553;11.893680738390907;12.202736043250168;11.71037597120447;11.532842910961282;11.84901407369482
14.025971412658691;12.963043212890623;13.479681015014648;12.817764282226562;13.257647514343262;14.104925155639648;12.937737464904783;13.955089569091797;14.105299949645996;12.825691223144531;12.809317588806152;13.44974422454834;12.878518104553224;12.877507209777832;14.025971412658691;14.095205307006836;14.062602996826172;14.104954719543455;13.955938339233398;13.940927505493164;13.711125373840332;12.810460090637209;13.953750610351562;12.878518104553224;14.100018501281738;14.105381965637209;14.100018501281738;14.105047225952148;13.347829818725586;12.842937469482422;14.0780611038208;14.095185279846191;13.25471019744873;12.810715675354004;13.563501358032228;13.05319595336914;12.873929977416992;12.820149421691896;12.8202486038208;13.020744323730469;14.103979110717772;13.856793403625488;14.03490924835205;14.061975479125977;14.10000228881836;12.809616088867188;14.100831985473633;12.908452987670898;12.947345733642578;14.052563667297363;14.09994888305664;12.929976463317873;13.62159403901754;14.223624666580813;13.580611894994322;13.296055838078784;14.177497401553005;13.169142076887963;13.980764372110905;14.140749902804927;14.059513463933724;13.705632387361415;14.236761663571585;14.221133942357078;13.036860446673046;14.508413796055969;13.943155804939336;13.80019212646908;13.37232095486726;14.03333696038395;14.33049677763869;14.298349015658186;13.618844301766652;13.918490592292311;13.071629952153245;14.436125913941272;13.536611486625777;15.192408410403756;14.259007607644609;12.357277074642807;14.016460104979208;13.884742903579696;12.894628321374654;14.581730194859666;13.233170262382703;14.430975172588068;14.236911111444602;12.219471067394355;14.007377733321269;14.35024859944484;12.885315061049376;14.055790814565905;13.624567018674917;14.583905452164242;13.899640146764789;13.866699382882029;14.092344222676417;14.226562716555511;13.834767301405412;13.7820767842453;14.47351550830037;13.86785786397283;13.721206019396329;13.483437927061503
12.300100326538086;11.070261001586914;11.038366317749023;12.044648170471191;11.044515609741213;12.018573760986328;12.166340827941896;12.052738189697266;12.300790786743164;11.748418807983398;11.03463649749756;11.104463577270508;12.271556854248049;12.262683868408203;12.300100326538086;12.135032653808594;12.296940803527832;12.24533462524414;12.139982223510742;12.117705345153809;11.40499496459961;11.38706398010254;12.29145050048828;12.271556854248049;12.20497703552246;12.30199909210205;12.20497703552246;12.295296669006348;12.29881191253662;11.04017162322998;12.245478630065918;12.30151653289795;11.053422927856444;12.297039985656738;12.244540214538574;12.19359016418457;12.113516807556152;12.02748680114746;11.03585433959961;11.078004837036133;12.276700019836426;12.23948860168457;12.29780387878418;12.301995277404783;12.29807949066162;11.044005393981934;12.283825874328612;11.473572731018066;12.011210441589355;12.045063972473145;11.724090576171877;11.66682243347168;12.374767814092824;11.2246046815385;12.179909090014934;11.620219825507489;12.47015043527436;12.6965329140783;11.20212382383046;12.529918528120325;11.565578136784328;11.260919533662904;11.507794640198696;12.795227966028678;12.326429487122304;12.167731741103244;12.19383333254655;11.771902080697716;12.14338321398982;12.089450481115907;12.391780606013166;11.866506212226202;12.083146870816742;11.36139553316589;11.698704666770343;12.317129926384542;11.897845456005513;12.56652978262417;12.382624026574916;11.47269083924278;11.721099188707186;11.791569912126878;11.756556322524087;11.938844457466171;12.613329054371054;12.03342300153745;12.177419537989236;12.148476582178278;12.018200178813226;12.151650829973422;12.292033985499543;12.34179677239183;11.975847968006784;12.151333719291657;12.415213598765286;11.8649599151426;12.34485068394299;12.07347215397646;12.89633240390994;12.339293300180094;11.919235786028349;12.065416134676548;12.288000889707574;11.736824699098864
9.414528846740724;8.585380554199219;9.291625022888184;10.21224594116211;8.722482681274414;10.221227645874023;8.590047836303711;8.662899017333984;10.21324062347412;9.839272499084473;8.572776794433594;8.586332321166992;9.67266845703125;10.028936386108398;9.414528846740724;8.602336883544922;10.164803504943848;10.143792152404783;9.993704795837402;9.419782638549805;9.128944396972656;9.250655174255373;8.802324295043945;9.67266845703125;10.22269344329834;10.22216510772705;10.22269344329834;10.122810363769531;9.489445686340332;9.730382919311523;9.416214942932127;10.218693733215332;8.572729110717773;9.787165641784668;10.05974292755127;10.117701530456545;10.17647647857666;8.810093879699707;8.584535598754883;9.170689582824709;10.222419738769531;10.222451210021973;9.360417366027832;10.220252990722656;9.231882095336914;8.576034545898438;9.621566772460938;10.16484260559082;9.349248886108398;8.837841987609863;9.832777976989746;10.212501525878906;8.643856189774725;8.954196310386875;8.577428828035748;8.375039431346925;9.567956075415466;8.566054038171092;9.224001674198105;8.696967526234287;8.804131021183318;8.243173983472952;9.813781191217036;9.324180546618742;7.954196310386875;9.187352073200495;9.426264754702098;8.330916878114618;9.94104760634058;8.954196310386875;10.181152256865566;9.442943495848729;9.214319120800766;8.945443836377912;8.238404739325079;9.992938336165814;8.262094845370179;10.527477006060396;9.674192268145683;8.03342300153745;9.047123912114026;9.22881869049588;7.882643049361842;9.89178370321831;9.157346935362844;8.569855608330947;9.501837184902296;7.584962500721156;10.531381460516313;9.992938336165814;9.74819284958946;9.411510988012072;8.876516946565;9.507794640198696;9.174925682500678;8.335390354693924;9.927777962082342;8.668884984266247;9.257387842692651;9.240791332161956;9.038918989292302;9.113742166049189;8.870364719583405;9.095397022792556
12.78809642791748;12.513145446777344;12.79139232635498;10.717411994934082;12.786883354187012;12.788578987121582;11.821175575256348;10.719718933105469;12.791451454162598;12.36892032623291;10.716662406921388;12.043397903442385;10.843658447265623;12.419666290283203;12.78809642791748;10.845016479492188;10.737091064453123;12.790345191955566;12.78583812713623;11.033876419067385;12.791251182556152;10.75758171081543;10.718746185302734;10.843658447265623;11.857111930847168;12.790802001953123;11.857111930847168;12.79068088531494;10.756935119628906;12.791447639465332;12.791452407836914;11.191435813903809;10.716670036315918;10.728662490844728;10.943657875061035;12.782423973083496;11.47976779937744;10.797410011291504;11.51830005645752;12.79059600830078;12.78721809387207;10.976680755615234;12.768314361572266;12.75654125213623;12.784875869750977;10.95078468322754;12.78428077697754;11.065289497375488;12.435964584350586;12.489768981933594;12.029841423034668;12.786250114440918;10.843921051289035;12.945626722229823;12.101975670949232;10.380461065088973;12.584257887744569;10.699572453287267;12.521845775161932;11.37937836707126;12.057653339963936;11.823367240046236;10.71681946132995;12.910830081296574;11.702172685365548;11.546412195119352;12.841760886800548;12.813981551614678;12.45532722030456;10.122827994807666;13.483563888125094;12.891403996665025;12.720458038393296;12.370414968879698;10.754887502163468;13.99267285018913;11.708221730038352;14.405606859360857;13.689561254285524;10.048486873992337;12.39794197197264;12.610332801911134;11.524051918717824;12.709299252712157;11.467096033905747;10.30149619498255;13.112439506781552;10.23840473932508;12.630494661505578;14.103943429891558;11.160501747555688;12.2603315185576;11.608254821977908;13.505811553919594;10.471675214392045;11.338736382573916;12.464800981655417;12.022020969646356;12.011576703176177;12.334831928118;11.927777962082342;11.752380646552892;11.576484346796851;11.35974956032233
5.94053316116333;3.809143304824829;5.143701076507568;3.770454645156861;4.502089977264404;5.875092506408691;5.940133571624756;4.797361850738525;5.940479755401611;5.939123630523682;5.841334342956543;4.9209489822387695;3.769632816314697;5.939662456512451;5.94053316116333;5.3224968910217285;3.8441591262817374;5.90342903137207;5.919950008392334;5.532711029052734;5.940406322479248;4.054424285888672;3.7701823711395264;3.769632816314697;3.770071506500244;3.848701477050781;3.770071506500244;5.936159133911133;5.638229370117188;5.940491676330566;5.940598011016846;3.979963541030884;5.577882766723633;3.770950317382813;3.775967597961426;5.570097923278809;5.010189533233643;3.7946388721466064;4.162381649017334;4.863385200500488;5.382413864135742;3.770248889923096;5.834864616394043;5.307923316955566;5.915440082550049;5.938216209411621;5.891970634460449;5.566091060638428;5.748873233795166;5.935649871826172;5.557109832763672;5.803756713867188;5.78135971352466;7.05528243550119;6.507794640198696;4.087462841250339;6.247927513443585;6.087462841250339;6.169925001442312;5.584962500721156;6.22881869049588;6.658211482751795;6.6865005271832185;6.426264754702098;7.0;6.9886846867721655;7.562242424221073;7.149747119504682;5.169925001442312;6.882643049361842;6.392317422778761;6.392317422778761;6.459431618637297;5.700439718141092;6.714245517666122;5.882643049361842;8.303780748177102;6.727920454563199;6.7414669864011465;5.832890014164741;5.087462841250339;5.882643049361842;6.977279923499917;6.087462841250339;6.727920454563199;4.807354922057604;6.768184324776926;7.366322214245816;6.523561956057013;8.149747119504681;5.285402218862249;6.392317422778761;7.149747119504682;6.475733430966398;6.189824558880018;6.426264754702098;4.584962500721156;6.392317422778761;6.599912842187128;5.426264754702098;5.754887502163468;6.554588851677638;5.78135971352466;5.554588851677638
12.119217872619627;11.988886833190918;11.076177597045898;11.991415023803713;10.707026481628418;11.388222694396973;11.977392196655272;10.629130363464355;12.119874954223633;12.118576049804688;10.676806449890137;10.628081321716309;11.064620018005373;11.808082580566406;12.119217872619627;10.622166633605955;11.220620155334473;11.368768692016602;11.53430461883545;12.108983039855955;10.946760177612305;10.953140258789062;11.39175033569336;11.064620018005373;11.355087280273438;12.119811058044434;11.355087280273438;12.108222007751465;11.996543884277344;11.874116897583008;12.113987922668455;10.73067855834961;10.621709823608398;11.822158813476562;12.119513511657717;11.22282600402832;11.70136547088623;11.919452667236328;10.637855529785156;11.838778495788574;12.119787216186523;12.032394409179688;12.11198902130127;12.119545936584473;12.11936092376709;10.79766082763672;12.117206573486328;11.55612850189209;11.856947898864746;12.019694328308104;11.811050415039062;11.80771255493164;11.57601187420678;11.929998062609029;11.965423565810127;11.520127550324853;12.705200378063116;11.419960177847887;11.94251450533924;11.786269627648466;11.4241662888181;11.86611979330307;12.185804615108458;12.350110443347928;11.825356341479337;12.487840033823051;12.466076461396252;11.818981539432444;11.857980995127573;11.401946123976536;12.855647166027266;12.254142846855748;12.285113188501493;12.274378153246364;11.473705749619416;13.00615072817031;11.929998062609029;13.907266248531066;12.754052367528924;11.192909219112012;11.61286849729104;11.85369942030022;11.6142497276894;12.71639078949768;11.476239906323851;11.939211882666395;12.580729651598958;11.632086412835182;11.894817763307945;12.85836959985474;11.494355603532846;12.08381170725288;11.850577547205614;12.913450441458098;12.285691191330091;11.880731435141664;12.031356596255709;11.79685079526716;12.097044499322951;12.270587340447513;11.686938171670388;11.856036399819155;12.13249972962851;11.71853287606922
12.724635124206545;11.563464164733888;12.534729957580566;12.27204132080078;12.54124355316162;11.461190223693848;12.6104097366333;11.150437355041504;12.724648475646973;12.71449375152588;11.149075508117676;11.154541969299316;12.702475547790527;12.723857879638672;12.724635124206545;11.150500297546388;11.23747730255127;12.092172622680664;11.72926139831543;12.721901893615724;12.585731506347656;12.675519943237305;12.098428726196287;12.702475547790527;11.286741256713867;12.723965644836426;11.286741256713867;12.648700714111328;12.714056968688965;11.554973602294922;12.72330379486084;11.177663803100586;11.14910888671875;12.592670440673828;12.720520973205566;12.680986404418944;11.572495460510254;12.70590591430664;11.566956520080566;12.724539756774902;12.721923828125;11.539982795715332;12.724298477172852;12.718219757080078;12.724587440490724;11.28607177734375;12.724660873413086;12.197507858276367;11.980509757995604;12.711244583129885;11.211435317993164;12.72362995147705;11.207624468226758;11.90839262077375;12.745044005034464;11.5980525001616;12.712741927075736;11.755722153642282;12.328113894833656;11.964340867792416;12.084144010615145;12.350662988372257;11.451211111832327;12.718746909901064;12.764042217306589;12.572463389083676;12.91513244895065;12.358651200892886;12.130570562805426;11.855647166027266;12.553629293916364;12.419170165028538;12.369597346278676;12.226111098132389;12.197523878257789;12.894817763307945;12.30862344513114;13.984062369686436;12.617926556798752;11.9683067944308;12.1526017440192;12.954196310386877;12.39419471001943;12.72940831698402;12.271171191139771;11.654636028527968;12.550025257465784;12.37775279502222;12.226412192788786;12.856036399819155;13.283522485644026;12.475480126595476;12.201205007299528;12.934796592178404;12.24703741878858;12.43306376512207;12.26473580113014;11.510764167917891;12.56057167123656;12.544964432789238;11.97692206785108;12.086136225027309;12.329516067206534;12.014020470314934
10.300020217895508;10.267814636230469;11.706605911254885;11.705244064331056;11.655280113220217;11.706780433654783;10.231830596923828;10.469653129577637;11.582353591918944;11.336761474609377;10.229573249816896;11.672743797302246;10.234628677368164;10.84963607788086;10.300020217895508;10.304235458374023;10.793062210083008;11.269461631774902;10.240548133850098;10.36406135559082;10.383740425109863;11.64093017578125;10.61631679534912;10.234628677368164;11.703030586242676;11.706781387329102;11.703030586242676;10.881983757019045;11.65117645263672;10.233416557312012;10.25698947906494;10.55935287475586;10.236428260803224;10.300497055053713;11.411056518554688;10.300152778625488;11.705462455749512;10.230545043945312;10.504734992980955;10.338788032531738;11.706761360168455;11.70673942565918;10.761785507202148;11.7063570022583;11.59792709350586;10.23553466796875;11.664305686950684;10.423047065734863;10.432275772094728;10.23658847808838;11.650976181030272;11.706673622131348;10.224001674198105;11.014717929860009;11.175549550636193;8.912889336229961;11.533816389433364;9.573647187493322;11.105908508571158;10.62935662007961;10.124121311829189;10.092757140919852;11.296916206879288;10.696098170955864;10.904634621668151;10.26795708440284;11.92481250360578;10.31174831500496;11.970465440779996;11.11178773580101;11.824958740528524;10.668884984266247;11.332036548361652;11.558420713268664;10.237209960755022;10.421012855779226;11.27262978497637;12.003166506665169;11.360298426618046;10.857980995127573;10.51668494930961;10.71681946132995;10.547858506058416;10.910642730469624;10.20212382383046;11.023754353299417;11.386940245324311;10.752380646552892;11.243769031961852;11.728345714710976;10.367414751246828;11.369597346278676;10.589651146514786;11.235415935602528;11.339850002884624;9.893301530860564;12.467605550082997;10.898601387403938;11.159871336778387;10.820178962415188;10.421012855779226;10.756556322524087;10.90613899619538;10.505811553919594
11.803755760192873;10.988073348999023;11.503907203674316;11.7867431640625;10.533848762512209;11.76657772064209;10.973068237304688;10.445233345031738;11.806735038757324;11.80052661895752;10.424100875854492;10.47488784790039;11.209213256835938;11.783987998962402;11.803755760192873;10.42876148223877;10.991354942321776;11.215874671936035;11.416634559631348;11.741252899169922;11.195028305053713;11.239211082458496;11.35088348388672;11.209213256835938;11.696561813354492;11.806764602661133;11.696561813354492;11.79702377319336;11.792560577392578;10.931288719177246;11.77436351776123;10.71514892578125;10.423519134521484;11.667542457580566;11.806488990783691;11.145755767822266;11.661748886108398;11.444811820983888;10.463805198669434;11.177703857421877;11.80666446685791;11.784832000732422;11.781210899353027;11.806509971618652;11.802118301391602;10.491024017333984;11.798795700073242;11.534967422485352;11.508785247802734;11.606490135192873;11.236172676086426;11.781694412231444;11.145295334933598;11.09077405464075;11.461479447286155;11.165535141377925;12.107870914279614;11.769011321097016;11.00982861736811;11.197216693110052;10.79766152585376;10.975847968006784;11.478769619475765;11.562242424221072;10.839203788096944;11.85681455250301;11.535761377986656;10.758223214726724;11.602234901341063;11.391243589427445;12.269126679149418;11.555547771647063;11.7515440590891;11.49735289347705;10.77561028075954;12.103615656394544;11.094737505048093;12.536732889835417;12.201511344500146;10.251482410620213;10.817783121774534;11.464035152189911;10.709083812550343;12.047123912114026;11.705200378063116;11.464035152189911;11.93110683302934;10.702172685365548;11.664447284547972;11.998237821888049;11.4983506079296;11.70433597118232;11.171176797651771;11.863024710236886;12.274378153246364;11.163020639580791;11.92035285541508;10.972261848733291;11.871905237659186;11.94104760634058;11.065416134676548;11.604553229079038;11.76983784362944;11.25502856981873
10.92035961151123;10.6217041015625;10.697135925292969;10.6544189453125;10.28022575378418;9.873297691345217;10.101956367492676;9.189316749572754;10.92990493774414;10.927224159240724;9.200844764709473;9.222579002380373;9.8243408203125;10.74025058746338;10.92035961151123;9.188213348388672;9.645907402038574;10.607654571533203;10.593419075012209;10.854740142822266;9.944951057434082;10.033222198486328;10.215888023376465;9.8243408203125;10.239381790161133;10.929659843444824;10.239381790161133;10.924057960510254;10.864649772644045;10.80380916595459;10.922004699707031;9.558008193969728;9.187076568603516;10.08353042602539;10.929211616516112;10.65329360961914;10.692434310913086;10.471650123596191;9.299180030822754;10.804031372070312;10.92733383178711;10.7427396774292;10.91877269744873;10.928780555725098;10.927778244018556;9.700765609741213;10.922371864318848;10.286389350891112;10.74651336669922;10.703535079956056;10.36762809753418;10.86961269378662;10.30149619498255;10.030667136246942;10.545929769085468;10.048486873992337;11.491853096329674;10.580258567499788;9.7431513941125;10.347621368568134;10.199672344836364;9.9901039638575;10.76487159073609;10.987264012072538;10.407267764244732;10.818582177480858;11.032734528586714;10.30149619498255;10.095397022792556;9.99717948093762;11.586839787961829;11.086136225027309;11.076815597050832;11.098690096673591;10.236014191900084;11.552669097514272;10.576484346796851;12.342630298678408;11.561765263627708;9.579315937580017;9.7279204545632;10.84313591111135;10.22881869049588;11.697402007502708;10.63390340934852;10.344295907915816;11.189824558880018;10.207014320177532;10.817783121774534;11.71681946132995;9.94251450533924;10.812979471251484;10.167418145831736;11.33427328530719;11.043710863347156;10.383704292474052;10.203348002979762;10.350939181546432;11.00982861736811;11.052568050804153;10.099347810403192;10.615629636968098;10.89026427702111;10.368506461507693
9.93896770477295;9.924398422241213;9.9357328414917;7.816285133361816;9.903460502624512;9.936020851135254;9.93631362915039;7.824462890625;9.938054084777832;9.278013229370115;7.962777614593506;9.269048690795898;7.814003944396973;8.249330520629883;9.93896770477295;7.952167987823486;7.821382522583008;9.646002769470217;9.88693141937256;8.47790241241455;9.928662300109863;8.256126403808594;7.968307018280029;7.814003944396973;7.8954176902771;8.590455055236816;7.8954176902771;9.79096221923828;8.007918357849121;9.915343284606934;9.939324378967283;8.082289695739746;7.962482452392578;8.716976165771484;7.802643775939941;9.41853141784668;9.908825874328612;9.679398536682127;8.300347328186035;9.903571128845217;9.689932823181152;8.760427474975586;9.905092239379885;9.93712043762207;9.939045906066896;8.374316215515137;9.85614013671875;7.94227123260498;9.71132755279541;9.784127235412598;9.010197639465332;9.090813636779783;9.823367240046236;9.83605035505807;9.4797802640291;9.105908508571158;10.605479518061667;10.266786540694902;9.868822554775;10.642051692927977;10.365228849251544;9.733015321685963;10.974414589805528;9.874981347653774;9.541096615349524;10.31741261376487;9.90388184573618;9.923327485419192;10.417852514885896;9.871905237659186;11.003517912108602;10.395534135462302;9.7431513941125;9.13699111208023;10.279610581052484;10.62113611327464;9.98584193700334;10.227615943414223;11.125413470483316;9.426264754702098;9.843921051289035;9.50382573799575;9.092757140919852;11.807354922057604;10.948367231584678;11.047805554007589;9.712527000439824;10.30149619498255;10.436711542137214;10.679480099505446;7.20945336562895;10.113742166049189;9.179909090014934;9.885696373339394;9.682994583681683;9.30149619498255;10.422064766172811;11.070791809423062;10.54399845013454;10.308339030139408;11.216745858195306;10.011227255423254;9.252665432450248;9.177419537989236
10.824337005615234;9.702659606933594;9.698934555053713;10.82379150390625;9.726527214050291;10.666045188903809;10.746917724609377;9.634748458862305;10.822572708129885;10.824010848999023;9.622414588928224;9.628704071044922;10.708967208862305;10.823123931884766;10.824337005615234;9.622591972351074;10.73312282562256;9.763043403625488;9.835957527160645;10.823915481567385;10.308345794677734;10.82116413116455;10.310382843017578;10.708967208862305;10.571889877319336;10.823997497558594;10.571889877319336;10.066638946533203;10.821590423583984;9.624446868896484;10.681833267211914;10.670604705810549;9.622078895568848;10.822925567626951;10.402783393859863;10.131707191467283;10.819241523742676;10.762386322021484;9.650400161743164;9.894309997558594;10.823688507080078;10.821758270263672;10.78461742401123;10.82426643371582;10.824325561523438;9.73780345916748;10.69888973236084;10.787860870361328;10.6548490524292;10.128948211669922;10.080193519592283;10.768817901611328;10.24555270625568;10.095397022792556;10.246740598493144;9.722807531169549;10.58777751632821;10.706496018061188;10.139551352398794;10.77313920671969;10.181152256865566;10.221587121264806;10.456354415108288;10.625708843064466;10.332036548361652;10.25502856981873;10.467605550082997;9.971543553950772;10.955649907528374;10.336506559810257;10.690871009292314;10.349834091457248;10.41574176829009;10.278449458220482;9.945443836377912;10.445014845868425;10.001408194392807;10.97513145692134;10.66266837551754;10.044394119358454;10.266786540694902;10.43879185257826;10.019590728357882;11.687375683437468;10.443979542601252;10.591522346570734;10.372865060112588;10.573647187493322;10.422064766172811;10.555547771647063;10.558420713268664;10.812177305514448;9.91288933622996;10.471675214392045;10.632995197142955;10.038918989292302;10.965062756744627;10.452241240430816;10.709945380232496;10.558420713268664;10.407267764244732;10.480790201095816;10.068778277985412;10.357552004618084
13.008956909179688;11.117165565490724;13.109856605529783;10.898153305053713;13.110082626342772;13.053668975830078;13.020824432373049;10.895330429077148;13.077751159667969;10.920975685119627;10.891496658325195;13.054032325744627;10.89575481414795;11.92562770843506;13.008956909179688;11.078311920166016;10.893132209777832;11.305402755737305;11.843836784362791;12.42597198486328;12.988954544067385;12.827486991882324;13.10374641418457;10.89575481414795;11.374786376953123;13.109542846679688;11.374786376953123;13.000370979309082;12.861854553222656;11.14163875579834;12.96792221069336;10.97064971923828;11.990005493164062;10.896651268005373;10.978836059570312;10.97266960144043;12.300043106079102;10.929527282714844;13.050835609436035;11.11115264892578;13.066962242126465;11.613167762756348;12.930603981018066;11.382074356079102;13.108187675476074;11.069311141967772;13.07554054260254;11.002397537231444;12.450079917907717;13.081581115722656;12.854413032531738;13.064109802246094;11.50928016808786;12.15386865522324;12.061371192659813;10.39231742277876;12.971184272404678;12.224001674198105;12.91214085629572;14.097456074666194;13.00105627463478;14.44740614293345;15.162863337608126;13.364955378481907;10.952741247186488;11.627989784315703;13.196294745028265;11.723234300893376;12.114067647165264;12.495355392235982;13.09819661452721;13.791162888555018;11.91737207947684;13.934796592178404;11.593857938858225;12.862637357558794;13.205793249397155;14.238330094645674;12.97172316117676;11.959639764364184;13.466586337719244;12.703038388986418;11.92740761294903;15.508289986140348;13.156241119235752;13.65530710151048;12.524296837662623;11.42940674151398;12.513974273740658;14.3292357417338;12.782793498733351;13.234817431117325;12.450180247164754;14.147681927770476;11.49735289347705;12.3009244909763;12.526988205432009;14.176251079967246;12.625708843064466;12.186733289128869;12.552188759557149;12.162391328756906;11.575066464578656;12.023407843140218
13.531343460083008;12.231672286987305;12.917241096496582;13.167369842529297;12.63949966430664;13.554526329040527;12.731406211853027;13.554224967956545;12.248502731323242;12.225997924804688;12.225752830505373;13.342961311340332;12.936993598937988;12.341609001159668;13.531343460083008;13.553977012634276;13.504010200500488;12.803227424621582;12.233208656311035;12.93842601776123;12.684016227722168;12.94040584564209;12.36829948425293;12.936993598937988;13.37922477722168;13.423837661743164;13.37922477722168;12.232913970947266;12.478921890258787;12.225775718688965;12.278738975524902;13.114307403564451;13.55453109741211;13.063295364379885;12.225793838500977;12.35582160949707;13.321496963500977;12.63470458984375;12.570168495178224;12.802545547485352;13.537750244140623;13.54879379272461;13.199454307556152;13.510196685791016;13.53002643585205;12.22579574584961;13.506998062133787;12.26071071624756;12.301517486572266;12.67286205291748;13.37604808807373;13.532004356384276;12.711021616791836;13.329936453312436;12.740834826145262;11.743572188935634;12.789126046425231;12.709730036543627;13.057484118798897;12.815983626652724;12.423903765836592;12.649256177517314;12.205487820150566;13.567837271525178;12.851749041416058;13.270003253378444;12.90482275429421;12.269711121142782;13.215229625747924;12.908580264012734;12.34318571544788;12.644081593265676;12.49210354247923;12.103615656394544;11.792790294301064;12.30206767252652;12.365775635326267;13.217957697864112;12.57483001533763;12.33511116842486;12.99205319285264;12.19506456372082;11.817383427897232;13.042172353174928;12.351215321855609;13.13362388678298;12.855647166027266;11.911017407796985;13.133463346523438;12.541580659991167;12.77869318322384;12.965062756744627;13.310896748797711;12.675736555361906;13.051038962117408;13.054434738760843;13.462502272597265;12.87536540064177;12.80916520537188;12.709945380232496;12.809366207816078;12.579551652806565;12.84097456982188;12.86360554432145
14.678723335266112;13.665271759033203;13.669896125793455;14.714144706726074;13.833165168762209;14.72654914855957;14.54726505279541;14.726476669311523;13.765396118164062;13.66758918762207;13.66526222229004;14.114103317260742;14.722437858581545;14.71142578125;14.678723335266112;14.72654628753662;14.71540641784668;14.664421081542969;13.67531394958496;14.293545722961426;14.02920627593994;14.71597385406494;13.964365005493164;14.722437858581545;14.719056129455566;14.723301887512209;14.719056129455566;13.68537712097168;14.71726131439209;13.665297508239746;13.738314628601074;14.725092887878418;14.72654151916504;14.696290016174316;13.665414810180664;14.346834182739258;14.51529312133789;14.45563507080078;13.771014213562012;14.455209732055664;14.71669578552246;14.723636627197266;14.509989738464355;13.917271614074709;14.5294828414917;13.666152000427246;14.554286003112791;13.879559516906738;13.712413787841797;14.13331413269043;14.112730979919434;14.705029487609863;13.925461718703762;13.756556322524087;14.860892982338823;12.947454306767218;14.092096414990792;14.751020945467612;14.331756712255473;14.740096955578911;14.206251272060689;14.29368717482627;13.939579214314692;14.656480728639783;14.521661777494655;14.07363951028323;14.593274395169932;13.833384274007493;14.679480099505446;14.074810461160451;13.608832338914842;13.442295588602516;13.898412441684211;13.25989034989582;13.86524997211658;13.402479172214964;13.681458050210274;14.566291930007871;13.896616222076874;14.603742238069026;14.249113452713727;14.49160260669611;13.73735298466663;14.9734283155401;14.365297208845051;14.505935576704188;13.9734283155401;14.961901822341002;14.491226790680209;13.753321227945042;15.026091122525854;14.873492175915208;14.104189211153557;13.90820495312589;14.268030211860133;14.344712009935012;14.360229829749484;14.18665592245552;14.30185339497469;14.226261653315504;14.355351096424812;13.934335888026032;13.733015321685963;13.964521373897238
13.149151802062988;12.11680030822754;12.892098426818848;13.152786254882812;12.35181999206543;13.1563081741333;12.047452926635742;12.326537132263184;13.154507637023926;12.77082061767578;12.042037963867188;12.17670726776123;12.612515449523926;13.12595558166504;13.149151802062988;12.27057647705078;13.035993576049805;13.130404472351074;12.52079963684082;13.117205619812012;12.944443702697754;12.892321586608888;12.181246757507324;12.612515449523926;13.154215812683104;13.156320571899414;13.154215812683104;13.056121826171877;13.095256805419922;12.045544624328612;12.98125171661377;13.09174919128418;12.042560577392578;12.824869155883787;12.705671310424805;12.730650901794434;13.146071434020996;12.376852989196776;12.062466621398926;12.934158325195312;13.156173706054688;13.155508995056152;13.058427810668944;13.156279563903809;13.15406608581543;12.042555809020996;13.14346981048584;13.005799293518066;12.474408149719238;12.504523277282717;13.073480606079102;13.14206886291504;12.67529549909406;12.5898851792902;13.111461739857722;12.325305455089682;13.209301046034142;12.973697366305352;12.78729042655958;13.136029849385553;12.479022346995178;12.79644525906185;12.7255792804196;13.510022358813766;12.529186505250893;13.028596777067108;13.102303817212649;12.28164030006605;12.853114583440288;12.78729042655958;12.80755617685892;12.721312842175312;12.840581250560753;12.562003863651553;11.949461979360152;12.913263430628762;12.255618749839597;13.757181632816716;12.97924654446865;12.157346935362844;12.7901448269498;12.726218159332198;11.93258386928929;13.469260236005406;12.88760142450871;13.222493052246469;12.8649599151426;12.491352073563435;12.80473605161403;13.076147528022505;12.565816107100892;13.308339030139408;12.855647166027266;12.972620862058744;13.298778580955656;13.007027266893967;12.41732511767992;12.800090987624994;13.3445733225962;13.16333519208196;12.8107724413447;12.871135184243045;13.169768450518076;12.689997971419446
10.502603530883787;9.61259937286377;9.52221965789795;10.489934921264648;9.536383628845217;10.53125286102295;9.696542739868164;10.484129905700684;10.51872444152832;9.519978523254396;9.51147747039795;9.556037902832031;10.287213325500488;10.527047157287598;10.502603530883787;10.452866554260254;10.52855110168457;10.528029441833496;10.139902114868164;10.085249900817873;10.16762638092041;10.213223457336426;10.28089714050293;10.287213325500488;10.5224027633667;10.53182888031006;10.5224027633667;10.361082077026367;10.530591011047363;9.51155948638916;10.369832992553713;10.52955150604248;9.67910099029541;10.458925247192385;9.737135887145996;10.274650573730469;10.342960357666016;10.349713325500488;9.513100624084473;10.042102813720703;10.531567573547363;10.531167984008787;10.507102012634276;10.525558471679688;10.509125709533691;9.515058517456056;10.530695915222168;9.554702758789062;9.652377128601074;10.420001983642578;9.653610229492188;10.524752616882324;10.047123912114026;9.766528908598865;10.358651200892886;9.330916878114618;10.55170826162069;10.231221180711186;9.847057346091336;11.62844554013718;10.12670447284319;9.850186837645774;10.73893668167614;10.886458695703706;9.878050912728536;10.230020435705637;11.098032082960527;9.946906274456396;10.074141462752506;10.103287808412022;10.044394119358454;9.92035285541508;10.107217075591382;9.513727595952435;9.78135971352466;9.9901039638575;10.051208940914766;11.025139562278508;10.365228849251544;10.449148645375436;10.58777751632821;9.552669097514272;9.43254190038826;11.3437409184722;10.382624026574916;10.847057346091336;9.99717948093762;10.129283016944967;10.17617314910749;10.224001674198105;10.0;10.55170826162069;10.221587121264806;9.86573327085176;10.411510988012072;10.537218400538595;10.273795599214264;10.481799431665753;10.449148645375436;10.358651200892886;10.37937836707126;10.46352437327118;10.430452551665532;10.296916206879288
11.379953384399414;10.33905792236328;11.528414726257324;11.569292068481444;10.784101486206056;11.60565948486328;10.15063190460205;10.147927284240724;11.608038902282717;11.601984024047852;10.125600814819336;10.275092124938965;10.638139724731444;11.530972480773926;11.379953384399414;10.184672355651855;10.96776294708252;11.566225051879885;11.291897773742676;11.312052726745604;10.718602180480955;11.19687271118164;11.134153366088867;10.638139724731444;11.591809272766112;11.608173370361328;11.591809272766112;11.603047370910645;11.563021659851074;10.503860473632812;11.431694984436035;11.586389541625977;10.125507354736328;11.52360725402832;11.60557746887207;11.132508277893066;11.55854034423828;10.604676246643066;10.1373872756958;11.463610649108888;11.607747077941896;11.582451820373535;11.508898735046388;11.607428550720217;11.554780006408691;10.163772583007812;11.583478927612305;11.422578811645508;10.728720664978027;10.984993934631348;11.45262622833252;11.49502658843994;10.71338651493703;10.462502272597265;11.096715154488535;11.482303782323182;11.723660944409984;11.30149619498255;10.685624839726357;11.406205005418856;10.892542816648552;10.71338651493703;11.1879705919842;11.250298417906333;10.677719641641009;11.199672344836364;11.11829223302699;10.306061689428342;11.33147682185962;11.070791809423062;11.377210530388552;11.023061249735337;11.135067945777816;11.035486451292154;10.39660478118186;11.571752643503546;10.78135971352466;12.068778277985412;11.63662462054365;10.669770888525518;10.900112062977456;10.93737382019215;10.451211111832327;11.851358649033513;11.445532219028312;11.15608307628868;11.295194955880657;10.55170826162069;11.44190670454224;11.357552004618084;11.490349505739289;11.084144010615145;10.745674324002136;11.066089190457772;11.635264656539514;10.875749351420056;11.776021715252812;10.608254821977908;11.485326189240524;11.26620091249896;11.025831668332026;11.03823313473178;11.43567026093655;11.236014191900084
10.699390411376951;10.231223106384276;10.70538330078125;8.118712425231934;10.594441413879396;10.642309188842772;8.21418571472168;8.15723705291748;10.706042289733888;10.698287010192873;8.283455848693848;10.210282325744627;8.182584762573242;10.695347785949709;10.699390411376951;8.627544403076172;8.138343811035156;10.704829216003418;10.693231582641602;8.223906517028809;10.705742835998535;8.265539169311523;8.115025520324707;8.182584762573242;8.481871604919434;10.705175399780272;8.481871604919434;10.703609466552734;9.135293006896973;10.706024169921877;10.706040382385254;8.541064262390137;8.147597312927246;8.182197570800781;10.584410667419434;10.69199275970459;8.463045120239258;8.161356925964355;8.677512168884277;10.704962730407717;10.687314987182615;8.138439178466797;10.67227554321289;10.04794692993164;10.521541595458984;10.537123680114746;10.702707290649414;8.396624565124512;9.227148056030272;10.46597957611084;8.140105247497559;10.70118236541748;9.027905996569883;11.0566377151132;10.696098170955864;8.451211111832329;11.51668494930961;9.939579214314692;10.43879185257826;8.219168520462162;10.673309075561695;9.45532722030456;8.89178370321831;10.947636937951827;10.332036548361652;9.124121311829189;11.006326078524934;10.86573327085176;9.038918989292302;8.59618975614441;12.2903068962579;11.35149140932002;11.163020639580791;10.772314573921651;9.519636252843211;12.791366414695004;10.324180546618742;12.598750409571752;12.392854039872873;8.022367813028454;10.045759661382682;11.06406908038551;10.558420713268664;10.171176797651771;10.365228849251544;9.491853096329674;11.702605602110248;8.826548487290914;10.52845411076479;12.786473845221302;9.199672344836364;11.11829223302699;9.753216749178955;11.71639078949768;9.847057346091336;9.224001674198105;10.73640193131829;10.20945336562895;10.79603960882977;11.298635406734242;9.703903573444665;9.791162888555018;9.988684686772164;9.041659151637214
12.362768173217772;12.046961784362791;12.307594299316406;12.351654052734377;11.910940170288086;12.358452796936035;11.102187156677246;11.113279342651367;12.364715576171877;12.341629981994627;11.074109077453612;11.271469116210938;11.151867866516112;12.321223258972168;12.362768173217772;11.086114883422852;11.134374618530272;11.443206787109377;12.0841703414917;12.284772872924805;11.57472324371338;12.311444282531738;12.293675422668455;11.151867866516112;12.313883781433104;12.36472225189209;12.313883781433104;12.35832405090332;12.361841201782228;11.083106994628906;12.35043716430664;11.354818344116213;11.077370643615724;12.26254653930664;12.36435890197754;11.62668800354004;12.351981163024902;12.169382095336914;11.111327171325684;12.30203914642334;12.364606857299805;12.3588285446167;12.363304138183594;12.364217758178713;12.363884925842283;11.088431358337402;12.364463806152344;11.861878395080566;11.917054176330566;12.352876663208008;11.874174118041992;12.168474197387695;11.847840355630714;11.336506559810257;11.82137539237254;11.641148597411233;12.715104009236168;12.237508748172656;11.552188759557149;12.314300001897534;11.365775635326267;11.399811959325683;12.76487159073609;12.088125692188209;11.604553229079038;12.184255495405347;11.861474675125772;11.240791332161956;11.742730476519174;12.207624468226758;12.306916113522542;12.069449767427784;11.90651484484695;11.926295994781112;11.593391122791736;12.132821006779572;12.204876767603992;12.676177476832605;12.389900172773064;11.49235394515987;11.691307330191115;11.345405246717796;11.140829770773;13.75676478940414;12.350386742312844;12.547135531830865;12.04678297035635;11.508785162064513;11.579315937580017;12.4655664048094;12.128960950855696;12.189515729800194;12.073137383110383;11.673750739438065;12.451468712947358;11.59618975614441;12.17804232886482;12.022020969646356;12.513974273740658;12.151016538892248;11.667998535672528;12.194449079479025;12.129605011152504;11.906890595608518
10.368943214416504;7.865695476531982;8.9510498046875;7.842911720275879;8.299222946166992;10.366097450256348;10.099942207336426;8.216081619262695;10.37447452545166;10.284818649291992;8.308158874511719;7.866024494171143;8.285244941711426;10.32131576538086;10.368943214416504;10.250351905822754;7.916684627532959;10.355181694030762;10.37217617034912;7.971286773681641;10.373028755187988;7.941529750823975;7.881988048553467;8.285244941711426;10.24578857421875;8.383142471313477;10.24578857421875;10.372801780700684;7.879877090454102;10.374579429626465;10.374576568603516;10.367408752441406;7.8415141105651855;8.790142059326172;7.943075180053711;10.344361305236816;9.618278503417969;7.921672344207764;7.841878890991211;10.332423210144045;9.773751258850098;7.901490688323975;9.963446617126465;10.30205535888672;8.97912311553955;8.634987831115723;10.174248695373535;10.040253639221191;8.910799026489258;10.335807800292969;9.745250701904297;8.23270320892334;9.179909090014934;9.800899899920305;8.784634845557521;9.159871336778387;8.703903573444663;9.236014191900084;9.642051692927977;8.584962500721156;7.467605550082998;7.686500527183218;9.330916878114618;9.041659151637214;6.820178962415188;9.105908508571158;8.523561956057012;6.475733430966398;8.744833837499545;8.584962500721156;10.298062567719017;8.879583249612784;9.250298417906333;9.084808387804362;8.459431618637296;9.285402218862249;7.900866807980749;9.791162888555018;9.192292814470768;5.169925001442312;8.625708843064466;8.581200581924957;6.108524456778169;9.665335917185176;8.515699838284043;7.022367813028454;9.862637357558794;6.523561956057013;8.499845887083206;9.717676423066395;10.269126679149418;9.131856960608792;8.238404739325079;8.894817763307943;9.537218400538595;7.86418614465428;10.650154213675094;8.787902559391432;8.527477006060396;9.14974711950468;7.912889336229962;9.330916878114618;7.554588851677638;10.014020470314934
9.16989803314209;10.112271308898926;6.906044483184815;10.22121524810791;6.89525842666626;8.651768684387207;10.200410842895508;7.215483665466309;10.22073459625244;10.194108963012695;8.033180236816406;8.2401123046875;8.976110458374023;8.716766357421875;9.16989803314209;6.894204616546631;9.545169830322266;6.927423477172852;7.824120998382568;6.927396297454834;6.894222736358643;9.845673561096191;10.199546813964844;8.976110458374023;9.901331901550291;10.221269607543944;9.901331901550291;9.566784858703612;10.217246055603027;7.007951736450195;7.489266395568848;8.535648345947266;7.100713729858398;10.221197128295898;10.220396041870115;8.088640213012695;10.199438095092772;10.195256233215332;6.909633636474609;6.900874137878418;10.22040843963623;10.220916748046877;10.086153984069824;10.124295234680176;7.423206329345703;9.429327964782717;7.833227634429932;6.928768157958984;9.104985237121582;7.836472511291504;6.900084972381592;7.565206050872803;8.710806433699352;6.643856189774724;8.252665432450248;6.491853096329675;9.457380879072534;8.388017285345136;6.7414669864011465;8.703903573444663;7.400879436282184;8.535275376620802;6.807354922057604;9.804131021183318;5.954196310386875;8.741466986401146;9.453270634010623;5.930737337562887;9.121533517340032;9.264442600226602;8.113742166049189;7.592457037268081;8.361943773735241;8.888743248898258;5.906890595608519;7.918863237274595;6.321928094887363;9.43879185257826;8.451211111832329;4.857980995127572;8.383704292474052;7.05528243550119;6.285402218862249;10.080817527608328;9.719388820942084;8.885696373339394;9.044394119358454;5.459431618637297;8.661778097771988;7.924812503605781;4.754887502163468;8.422064766172813;8.832890014164741;8.247927513443585;9.485829308701904;9.194756854422248;9.651051691178928;8.968666793195208;9.91288933622996;8.661778097771988;5.700439718141092;9.29920801838728;9.560332834212442;8.73809225962049
11.83825969696045;10.63979434967041;11.113537788391112;11.561619758605955;10.289953231811523;11.334271430969238;10.88475227355957;10.186361312866213;11.863211631774902;11.85517406463623;10.16994571685791;10.21644687652588;11.092114448547363;11.754314422607422;11.83825969696045;10.193710327148438;10.79103946685791;11.674960136413574;11.745726585388184;11.733314514160156;11.09013557434082;10.318323135375977;11.648008346557615;11.092114448547363;11.83933925628662;11.863191604614258;11.83933925628662;11.862424850463867;11.837257385253906;11.715967178344728;11.847729682922363;11.6597318649292;10.16968059539795;11.713711738586426;11.863128662109377;11.406494140625;10.723194122314451;11.375591278076172;10.2164888381958;10.928701400756836;11.86215114593506;11.66706657409668;11.847203254699709;11.848593711853027;11.8192138671875;10.262094497680664;11.856681823730469;11.48293113708496;11.533660888671877;11.782716751098633;11.414920806884766;11.82331085205078;11.382083590141969;11.23661220021575;11.602234901341063;11.116343961237469;12.29318423075951;12.064742764750257;10.901621158346112;11.26795708440284;10.926295994781112;11.228217442293436;11.5980525001616;11.852529509404196;11.694357887221452;11.85642552862553;11.8193807908646;11.240791332161956;11.80896417491926;11.711666973564348;12.2836671674915;11.754887502163468;11.90651484484695;11.756973226165448;11.59105477403678;12.07347215397646;12.097373768990222;12.550025257465784;12.238703279427725;11.236014191900084;11.188588845707349;11.332596057789214;11.060695931687556;12.280480810318371;11.948367231584678;11.391243589427445;12.204265456136843;11.57601187420678;11.96000193206808;12.288000889707574;12.223700075986306;12.178353623512892;11.205793249397155;11.779719355143405;12.685186796595348;11.09341756438796;12.068442416025826;10.992938336165814;12.009478745888066;12.131535468676343;10.823367240046236;11.569380959522295;11.998237821888049;11.48733761520718
14.059988975524902;12.969690322875977;12.002744674682615;14.053811073303224;11.993086814880373;11.958436965942385;13.688913345336914;11.956643104553224;14.055957794189451;13.556620597839355;11.949386596679688;11.952068328857422;13.972512245178224;14.059426307678224;14.059988975524902;11.950366973876951;13.712541580200195;12.914764404296877;13.882681846618652;14.05999755859375;13.776995658874512;12.614940643310549;13.989886283874512;13.972512245178224;14.00631046295166;14.05888843536377;14.00631046295166;13.94780445098877;14.059329986572266;12.098164558410645;13.642531394958496;12.350117683410645;11.94943141937256;13.95422077178955;14.059823989868164;13.925925254821776;11.999585151672363;14.055164337158203;13.213005065917969;13.793091773986816;14.058825492858888;13.903883934020996;14.057329177856444;13.949620246887209;14.05937385559082;11.973094940185549;14.056897163391112;14.045573234558104;13.939128875732422;14.053871154785156;12.096976280212402;14.057934761047363;13.50928016808786;11.804131021183318;12.961449694398196;13.273067075722096;14.33105688442662;12.183635381473218;12.121209716409284;12.865539970785695;12.506803437795648;13.14322375612385;13.080817527608328;14.04772036638152;13.556386304097808;13.780949798749663;13.758431440900267;12.716176405807428;12.324743110494415;12.999119179995295;13.10541748977662;12.971184272404678;13.227014193649133;13.119265383175788;12.611485943240922;13.28583565586142;13.302638923787551;13.806650309081014;13.879200317947392;13.09901899101923;12.780129619625306;11.583082767502932;12.93682194449238;14.34318571544788;12.71338651493703;13.730151673173312;13.032734528586714;13.009128789539256;12.267371931265274;13.480790201095816;13.673971520682796;13.007552934613717;13.989128360866411;12.39901083295199;13.619417596048342;13.70433597118232;12.39473062943157;13.61769702930787;13.746094383705463;13.032390168866524;12.753425699145414;13.291314616229643;13.91877008505239;13.252665432450248
11.691984176635742;10.381577491760254;10.387320518493652;11.690637588500977;10.210911750793455;11.536295890808104;11.201627731323242;10.094005584716797;11.692900657653809;11.093164443969728;10.080554962158203;10.089067459106444;11.64624309539795;11.600581169128418;11.691984176635742;10.084821701049805;10.763710975646973;10.614579200744627;11.614180564880373;11.65792465209961;10.481071472167969;11.26673412322998;10.70575714111328;11.64624309539795;11.691302299499512;11.692344665527344;11.691302299499512;11.660528182983398;11.634069442749023;10.305272102355955;11.610895156860352;10.96914291381836;10.080567359924316;11.676188468933104;11.690555572509766;11.557994842529297;11.614653587341309;11.673922538757324;10.141767501831056;11.4518404006958;11.692782402038574;11.692082405090332;11.683894157409668;11.693000793457031;11.69025707244873;10.08107566833496;11.669110298156738;11.593770027160645;11.547382354736328;11.624753952026367;10.694706916809082;11.57969856262207;11.374496145691516;10.25974326369078;10.840777923595054;10.729620743553038;11.74188827273525;9.649256177517314;10.266786540694902;10.63390340934852;10.755722153642282;10.497851836951115;10.5401280385821;11.85914649542596;11.285402218862249;11.145295334933598;11.35424938194524;10.746514321138465;10.971543553950772;10.684748620421626;11.283088353024002;10.657318449581288;10.991521846075695;10.992938336165814;10.745674324002136;11.558420713268664;10.874981347653774;12.127349541059118;11.582141981658776;10.71338651493703;10.54978466794786;10.453270634010623;10.54978466794786;11.860311054919482;10.50084187955693;10.62844554013718;10.9901039638575;11.213104219641906;11.89026427702111;11.52552080909507;11.164906926675688;11.108524456778168;11.0;10.880348808156027;11.247334178028728;10.778898476008376;11.200285605224298;10.88264304936184;11.366322214245816;10.944712061043486;10.512740462803498;11.09077405464075;11.546412195119352;10.962173031109709
12.466421127319336;12.175982475280762;12.418899536132812;12.299179077148438;11.609102249145508;11.774412155151367;10.848471641540527;12.307929039001465;12.463174819946287;11.307456016540527;10.783805847167969;12.332852363586426;11.141329765319824;12.355252265930176;12.466421127319336;11.04145336151123;11.243852615356444;11.069772720336914;11.14352798461914;12.239121437072754;12.14292812347412;12.39319133758545;11.97100067138672;11.141329765319824;11.075660705566406;12.466489791870115;11.075660705566406;11.922382354736328;12.455358505249023;10.783823013305664;12.41307544708252;10.901278495788574;12.454315185546877;12.46351432800293;12.43933391571045;11.27385139465332;11.339204788208008;12.417840957641602;11.384211540222168;12.44131565093994;12.465123176574709;12.350425720214844;12.465837478637695;11.699322700500488;12.465405464172363;10.785394668579102;12.466323852539062;10.83696460723877;11.941429138183594;12.458184242248535;10.843265533447266;12.049525260925291;11.90651484484695;11.807757403589267;11.450695771572915;11.217351905270334;11.94178124227853;11.422064766172811;11.905763049602792;12.095726668639047;11.262682142362165;11.374496145691516;11.61194694181998;11.90388184573618;11.025831668332026;11.885696373339394;11.451726268074506;11.139551352398794;12.846665681899738;12.025831668332026;12.025831668332026;11.663558104217271;11.677719641641009;11.508785162064513;10.620219825507489;11.591522346570734;11.269126679149418;12.108851117040151;11.939211882666395;10.390168956200185;11.857980995127573;11.082814337672271;10.328674927327947;12.60408986146918;11.114393054867309;12.118941072723509;11.81257844413538;10.600842114387302;12.24436383512051;11.801708358916462;12.282219695672588;11.776433032444732;11.747353829478062;11.589651146514786;12.32755264408124;11.30720080914081;12.872674880270605;11.494355603532846;11.57601187420678;11.569380959522295;12.01854794187165;11.982280604558284;11.50084187955693;12.040632200562252
14.342183113098145;13.102212905883787;14.447157859802246;14.012140274047852;14.257542610168455;14.457846641540527;12.99565887451172;14.45334815979004;14.45727252960205;13.029805183410645;12.993083000183104;14.445182800292969;12.994168281555176;14.141800880432127;14.342183113098145;14.180374145507812;14.37053394317627;14.449211120605469;13.226890563964844;13.932414054870604;13.846742630004885;13.787588119506836;13.78990077972412;12.994168281555176;13.693436622619627;14.458008766174316;13.693436622619627;14.421890258789062;14.456018447875977;12.993085861206056;13.839591026306152;14.099197387695312;14.445392608642578;13.10220432281494;13.851318359375;13.41627597808838;14.376877784729004;13.030438423156738;13.245861053466797;13.044663429260254;14.457962036132812;14.447940826416016;14.440942764282228;14.437273025512695;14.44509220123291;12.99424171447754;14.457941055297852;13.02330493927002;13.577189445495604;14.379459381103516;14.401374816894531;14.457192420959473;14.552248810548477;13.603973996309024;13.964792090715711;14.087214193611045;14.417720683658056;12.78483929465315;13.489095315413504;14.820029338882216;13.654636028527968;13.902375114486023;13.951466861932795;14.800697714363126;14.916579274566226;14.354456017505626;13.789635526615887;13.862540503136891;13.20670914935865;14.482870966140382;13.837529385062425;13.604553229079038;13.86379910372885;13.418511490387644;13.873828574886977;13.585314678201458;14.538249568599277;13.908017261062804;14.395065477997743;13.992938336165814;14.064405961891042;12.47192918764169;13.803122072935404;14.850577547205614;13.412172865823786;14.54635190068654;13.792383614935188;14.817583288677616;13.429145170478744;14.100169531129907;13.036173612553483;13.73184933613704;13.74030781425232;13.646108641506103;14.118616689351509;13.856036399819155;13.847742502675754;14.19144482783438;14.40886043602476;13.56961830344664;14.20724315593674;14.115693952197011;14.189670152603751;14.021066720163276
13.988237380981444;12.82993984222412;13.032434463500977;13.988938331604004;12.878362655639648;13.98944854736328;13.402472496032717;13.600268363952637;13.744695663452148;12.836182594299316;12.827205657958984;12.85031795501709;13.966676712036133;13.336465835571287;13.988237380981444;13.326147079467772;13.918130874633787;13.332723617553713;12.872867584228516;13.852258682250977;12.917547225952148;13.78733730316162;13.458151817321776;13.966676712036133;13.9892578125;13.98939609527588;13.9892578125;12.925232887268066;13.739755630493164;12.827216148376465;12.95354175567627;13.643263816833496;12.862234115600586;13.657556533813477;12.87350845336914;13.36815071105957;13.973337173461914;13.705327987670898;12.839262962341309;13.870820999145508;13.98944091796875;13.98944854736328;13.975175857543944;13.989351272583008;13.985673904418944;12.827208518981934;13.981592178344728;13.379555702209473;12.982314109802246;13.710777282714844;13.674073219299316;13.952281951904297;13.382894168892134;13.391243589427445;13.465948964154254;12.740834826145262;13.793196859060943;12.99205319285264;13.410716333604269;13.746514321138465;13.398342887645883;13.416929443213602;13.186423797538945;14.169533592275016;12.99081307915361;13.733227217851562;13.7515440590891;13.066425600635556;14.066089190457772;13.556026992724677;13.264002687114218;13.410716333604269;13.46722342982096;13.401279536596528;12.214015491410844;13.548099416978388;12.694140204076431;14.312102985961063;13.434758522966764;12.360572781480696;13.718746909901064;13.275978964975623;12.28164030006605;14.11496234179294;13.098690096673591;13.710160691782914;13.68376223717448;12.610794169053182;13.780334708123895;13.633222303800787;13.044223335689608;13.804433568115511;13.682775179067027;13.714567511873662;14.06785446938792;13.624338545312986;13.983439002170414;13.437231901039478;13.70606426733497;13.653964643249012;13.4070021479242;13.71037597120447;13.73714169365265;13.70552439716406
18.70054626464844;19.53948402404785;20.70364189147949;20.76231575012207;20.417070388793945;20.762022018432617;18.683408737182617;20.73182678222656;19.46476554870605;18.65442657470703;18.64846992492676;20.7497615814209;20.4433708190918;20.546724319458008;18.70054626464844;20.741744995117188;19.81005096435547;19.761911392211918;18.659873962402344;18.712329864501957;18.65489196777344;20.54515838623047;20.44426727294922;20.4433708190918;20.73525047302246;20.76384925842285;20.73525047302246;19.125316619873047;20.763830184936523;18.648515701293945;18.65674591064453;18.672626495361328;20.763267517089844;20.3558349609375;20.76277732849121;20.022127151489254;19.18164825439453;20.0622501373291;20.16182327270508;20.61886978149414;20.73243522644043;20.7633113861084;20.759904861450195;18.88340187072754;20.209251403808597;18.65108299255371;20.763378143310547;18.64920425415039;18.819398880004883;18.996213912963867;18.71308898925781;20.76325035095215;19.23700917819857;19.28104255453693;20.87156462995789;18.538033539267328;19.699204724685767;20.574492823413504;19.69223918325964;19.38194000267821;17.90829879000133;20.335426339618127;18.549205584942857;20.420303616197376;9.642051692927977;20.296744846204323;20.14593836329113;9.787902559391432;19.02149512612956;20.78890229592619;18.595811092203945;18.576868116875776;19.148754607845337;19.532673625988323;10.857203471508166;17.42181829347999;10.562242424221072;19.1855771923397;18.657342875809505;14.161446847518008;19.860433824770336;16.119508568181146;10.25974326369078;19.56154340476596;20.02680167998913;20.54244529645881;19.90994580603696;11.116343961237469;18.988343519524992;19.1037206544494;19.63187333367889;20.72143217389521;20.58998481453541;18.56351656406622;20.80771495966156;20.641286214875368;19.421744343460368;19.72991609726845;20.67176305002673;19.736717367451053;18.27426894228196;20.11690867271436;20.428297804306546;19.876100217062884
14.414315223693848;13.173521041870115;13.572613716125488;14.615079879760742;13.430787086486816;14.594446182250977;13.234748840332031;14.61287784576416;13.263445854187012;13.174043655395508;13.172505378723145;14.409012794494627;14.61326026916504;14.613702774047852;14.414315223693848;14.481760025024414;14.606131553649902;13.68820095062256;13.195308685302734;13.735085487365724;13.235008239746094;14.61366844177246;13.37633228302002;14.61326026916504;14.58956813812256;14.61494255065918;14.58956813812256;13.180645942687988;14.615019798278809;13.172505378723145;13.175646781921388;13.69022274017334;14.61058235168457;14.594367980957031;14.047768592834473;14.594863891601562;14.337388038635254;14.432769775390623;14.21206760406494;14.464055061340332;14.613049507141112;14.6150541305542;14.585366249084473;13.970376014709473;13.911260604858398;13.17387866973877;14.571453094482422;13.393350601196287;13.653264045715332;13.431854248046877;13.176332473754885;14.61476707458496;13.51261702365554;12.698921662339812;14.506803437795648;13.181462881270017;13.71177450496535;14.6885781571157;13.254733389246674;13.889218742472613;11.957102041562289;13.804635230827737;12.370959793297386;14.340684654363438;10.417852514885896;14.14242620231898;14.013060912553662;9.703903573444665;14.141628207364796;14.269126679149418;12.650154213675094;12.453527867681784;13.536975665610642;12.917185576336395;9.753216749178955;12.023061249735337;10.084808387804362;12.52258153125483;12.65642486327778;10.12670447284319;13.382894168892134;10.63662462054365;9.586839787961829;13.942972605568816;14.189747357807576;13.74157231951848;13.467096033905747;10.625708843064466;14.050783956364931;13.066930068864098;13.751334836401345;14.469578227375443;13.724833563933643;12.786678033890652;14.78978833559524;14.357208333961871;13.566886488038495;13.47154821099913;14.101072883682534;13.826449179423664;12.3009244909763;14.308410139144074;14.236313227042803;13.547015000894593
11.13135814666748;11.09315586090088;11.080641746520996;8.928093910217285;10.795369148254396;9.111001968383787;9.10178565979004;9.08681869506836;11.132887840270996;11.13077449798584;9.232165336608888;10.707053184509276;8.931273460388184;11.132598876953123;11.13135814666748;9.001825332641602;9.238269805908203;11.12685489654541;11.124977111816406;9.170817375183104;11.132153511047363;10.46711254119873;8.958537101745605;8.931273460388184;8.906937599182129;11.122727394104004;8.906937599182129;11.124590873718262;11.111197471618652;11.128084182739258;11.132893562316896;9.600247383117676;9.726336479187012;10.268364906311035;11.070068359375;11.125835418701172;9.770641326904297;9.478363037109377;9.16702651977539;11.127544403076172;10.0912504196167;8.909708976745605;11.128351211547852;10.02940559387207;11.058680534362791;11.130337715148926;11.13179874420166;9.03039836883545;10.103680610656738;11.101194381713867;8.907302856445312;11.111263275146484;10.960725994839056;12.039261794341057;11.761135649828644;10.442943495848729;11.90312867681232;12.029632328044135;11.88264304936184;11.027905996569883;10.910642730469624;11.198445041452365;11.069449767427784;11.371776644337924;10.837627933171404;11.953468962228849;11.801708358916462;10.829722735086058;10.857203471508166;11.26795708440284;12.322491537597468;11.932952892194717;11.441388029346689;11.760304125286382;10.390168956200185;12.536247215688128;11.528942415064895;13.118616689351509;11.93110683302934;9.829722735086058;11.107217075591382;11.960364008877834;10.7632123668144;11.90613899619538;11.068778277985412;10.95492329203032;12.2836671674915;10.025139562278508;11.410451351503994;12.25974326369078;8.977279923499916;12.314300001897534;11.131213905086272;12.34207466799914;11.595723694101627;11.594324603924848;11.642051692927977;11.457380879072534;11.14974711950468;12.363860976729532;11.042343379793692;11.379919817646538;11.072132604167232;11.17804232886482
12.545727729797363;12.186655044555664;11.012613296508787;10.780546188354492;10.708823204040527;12.49001693725586;12.54096508026123;10.709559440612791;12.546009063720703;12.545517921447754;10.88623332977295;10.735406875610352;10.716730117797852;12.348033905029297;12.545727729797363;10.705788612365724;10.831639289855955;12.010557174682615;12.38882827758789;12.449799537658691;12.426935195922852;10.733071327209473;12.310986518859863;10.716730117797852;10.789165496826172;12.54565143585205;10.789165496826172;12.545697212219238;11.865184783935549;12.543731689453123;12.545832633972168;11.27061653137207;10.703620910644531;12.404695510864258;12.543204307556152;10.731467247009276;12.058347702026367;11.706788063049316;10.706296920776367;10.747369766235352;12.545450210571287;10.91806697845459;12.421182632446287;12.545520782470703;12.542954444885254;11.919087409973145;12.51934051513672;11.72629737854004;12.17245101928711;12.52633571624756;12.46413803100586;11.204920768737791;11.954559846999834;13.146568675740786;12.753843508311638;12.326991174900815;14.104271128936894;12.57104154760109;12.547135531830865;11.534789211480266;12.501339618061396;12.648132845652658;13.41706134676029;13.28410112599707;12.384513961398618;13.631745471077506;13.762382038710392;12.619073646817748;12.20181761666792;12.282509306240836;13.73481544784671;13.233769450446928;13.376668061857668;13.237956813306198;11.9683067944308;13.7324854450719;13.529186505250893;14.020459141699511;13.76207054242485;11.068106475858771;11.808562029957525;12.92351319630841;12.090443275081606;12.79543091954113;12.90613899619538;12.99435343685886;13.35837648032824;12.178664851006472;12.158294103604035;13.644532294625444;11.084144010615145;13.494980552661476;13.580376352946306;13.563911244581693;13.62548055047108;13.982548009651426;12.017156386383112;12.440350119200565;13.165221068220944;13.365775635326267;12.552669097514272;13.138431806276849;13.376261076559688;12.702389159976336
7.680576801300049;6.175952434539795;7.334647655487059;5.655826568603516;7.128750324249268;7.088459968566895;7.644606590270996;5.6072540283203125;7.717931747436523;7.718656539916992;7.717243194580078;5.6111321449279785;5.778663158416748;7.626087665557861;7.680576801300049;5.607143878936768;6.811468601226807;7.360532283782959;6.209221363067627;7.7111968994140625;7.345829486846924;7.286185264587402;6.383728504180908;5.778663158416748;5.619105815887451;6.877449989318848;5.619105815887451;7.282462120056152;5.858154296875;7.686089992523193;7.715839385986328;6.694024085998535;5.60695219039917;5.765836238861084;5.756387710571289;6.808572292327881;7.409769535064697;6.961299419403076;5.769159317016602;7.713720321655273;7.659924983978271;5.630641460418701;6.897495269775391;7.69531774520874;7.712000846862793;7.7049031257629395;7.548440933227539;7.376730918884277;5.755491733551025;7.332671642303467;6.00480318069458;7.6076507568359375;6.700439718141092;7.727920454563199;7.845490050944375;6.357552004618084;7.977279923499917;6.189824558880018;7.276124405274237;7.011227255423254;8.60733031374961;6.94251450533924;7.562242424221073;7.906890595608519;6.285402218862249;6.6865005271832185;7.507794640198696;6.285402218862249;7.539158811108031;6.965784284662087;8.588714635582264;7.754887502163468;8.169925001442312;7.78135971352466;7.179909090014935;8.930737337562887;6.700439718141092;9.39231742277876;8.59618975614441;5.727920454563199;7.266786540694901;7.924812503605781;6.20945336562895;8.519636252843213;7.129283016944966;6.149747119504682;7.20945336562895;7.139551352398794;7.03342300153745;9.157346935362844;6.954196310386875;7.383704292474052;6.087462841250339;7.912889336229962;6.108524456778169;6.906890595608519;7.247927513443585;8.204571144249204;7.906890595608519;7.800899899920305;6.870364719583405;7.169925001442312;7.022367813028454;6.044394119358453
13.2645263671875;13.240674018859863;11.740888595581056;12.55323314666748;11.550323486328123;12.795048713684082;13.233102798461914;11.426765441894531;13.26552677154541;13.264140129089355;11.440215110778809;11.43315601348877;11.436596870422363;13.143182754516602;13.2645263671875;11.426514625549316;11.57228183746338;13.156536102294922;13.224499702453612;13.24982452392578;12.724725723266602;11.532092094421388;13.02870750427246;11.436596870422363;11.90926456451416;13.265429496765137;11.90926456451416;13.264763832092283;13.24532413482666;13.113543510437012;13.264451026916504;11.540268898010254;11.426461219787598;11.749561309814451;13.263683319091797;12.346982955932615;12.94489574432373;13.012239456176758;11.45238971710205;11.758545875549316;13.26529312133789;12.697772026062012;13.259292602539062;13.264892578125;13.264962196350098;12.42307472229004;13.26423168182373;12.50527572631836;13.029545783996582;13.25568675994873;12.95795440673828;13.182940483093262;13.367141694552364;12.531381460516313;13.059851410770802;12.955649907528374;14.16749655104036;12.097373768990222;11.868050853745158;13.065584428061502;12.88149638481011;13.177886656348791;13.788820271926742;13.911111061926714;13.102303817212649;14.092013802969072;13.707251271063232;12.89614316077451;13.084310133597755;12.774375272802065;13.73523868071836;13.198138052401116;13.533329732305834;13.219924768862814;12.253552062637464;13.5302844003166;12.96992608191987;13.30035256032822;14.050103720581296;11.993646060016596;12.668220198888896;11.2836671674915;12.314583244274194;14.579374869997288;12.59105477403678;13.573055409708704;13.530772085621978;12.77272694923985;13.720992350106709;13.896710815726117;11.232420927176076;12.97100459807343;13.085140461701762;13.461607340113764;13.784328117579138;13.430844535105216;13.173989374166537;13.29217781631975;13.338179249900112;12.82714419098428;13.149111990706889;13.389765762278635;13.6142497276894;13.440739423014271
11.137943267822266;10.392488479614258;11.135283470153809;9.037612915039062;11.042646408081056;9.66514492034912;10.81127643585205;9.031248092651367;11.139721870422363;11.138387680053713;9.143392562866213;9.41504192352295;9.655726432800291;11.125412940979004;11.137943267822266;9.037311553955078;9.09946346282959;11.13633918762207;11.109869956970217;10.186756134033203;11.13756275177002;9.292911529541016;9.052101135253906;9.655726432800291;9.081549644470217;11.138395309448242;9.081549644470217;11.13863468170166;10.323026657104492;11.139691352844238;11.139715194702148;9.345643043518066;9.029579162597656;9.214439392089844;11.09676742553711;11.133133888244627;9.348384857177734;9.256269454956056;9.24879264831543;11.138751029968262;11.126944541931152;9.056336402893066;11.133825302124023;10.940686225891112;11.113690376281738;11.025111198425291;11.137250900268556;9.781301498413086;10.596525192260742;11.044037818908691;9.275883674621582;11.130127906799316;9.799281621521924;11.495355392235982;11.62890115202819;9.76155123244448;11.35149140932002;11.41204051455165;11.982280604558284;10.619302955415687;12.101975670949232;11.519636252843211;10.625708843064466;11.366322214245816;11.04507705193494;10.909893083770042;11.670213636738564;11.934428040626804;10.800899899920305;10.55170826162069;12.201205007299528;12.167418145831736;11.563672959827514;11.422064766172811;10.576484346796851;12.693922488081014;11.184255495405347;14.114067647165264;11.766528908598865;9.76487159073609;10.790348496751914;13.147840893672337;11.269126679149418;11.722380635163802;11.206403913973848;8.842350343413807;11.834471049984222;9.89633240390994;11.736824699098864;12.14051027236822;10.265615046484458;12.002111776479852;10.557463701597824;12.726856755450727;9.961449694398196;10.588714635582264;11.26502894245816;10.77313920671969;11.463013413449692;12.29920801838728;11.025831668332026;11.266786540694902;11.101319154423276;11.034798962577268
11.079304695129396;9.98642921447754;10.643072128295898;10.774067878723145;10.331130981445312;11.052701950073242;10.388686180114746;9.7870512008667;11.081616401672363;11.08164119720459;9.94361686706543;9.787775039672852;9.812758445739746;11.081518173217772;11.079304695129396;9.786054611206056;10.352476119995115;11.023310661315918;10.203672409057615;11.077190399169922;11.000235557556152;10.947282791137695;10.152875900268556;9.812758445739746;10.037537574768066;11.081632614135742;10.037537574768066;11.058176040649414;11.081110000610352;10.919015884399414;11.079227447509766;10.908884048461914;9.777362823486328;10.4531831741333;11.016156196594238;10.72720718383789;10.364897727966309;9.94125270843506;9.83876895904541;10.844558715820312;11.081198692321776;10.016631126403809;11.044140815734863;11.033644676208496;11.079776763916016;11.04824447631836;11.079710006713867;10.8994779586792;10.415850639343262;10.388696670532228;10.584794998168944;11.081222534179688;10.580258567499788;10.993646060016596;10.76487159073609;9.946906274456396;11.243173983472952;10.705632387361415;11.216745858195306;10.720244258287568;10.605479518061667;10.295768934420508;10.417852514885896;11.115693952197011;12.03342300153745;11.030667136246942;10.997885127829113;11.304921669581672;10.91737207947684;10.450180247164754;11.403544678202014;10.820178962415188;10.779719355143405;10.705632387361415;11.068106475858771;11.51422090935813;11.557942286787448;12.474212937193943;11.50382573799575;11.172427508645482;10.757390009366638;11.077483356859508;11.376125389276174;11.095397022792556;10.360847084179664;10.42940674151398;11.264442600226602;11.498849206531723;11.119589620741122;11.462502272597265;10.84313591111135;11.057314877782703;10.838416075797335;11.42259043389256;10.888743248898258;10.508785162064513;11.18239435340453;10.807354922057604;10.7431513941125;10.97656412341533;10.715104009236168;10.749869427396844;10.7047682393626;10.159871336778387
5.243205547332764;1.788230061531067;5.237997531890869;3.987569093704224;5.24190092086792;2.066898822784424;5.111000061035156;1.7885730266571045;2.0531210899353027;5.178903579711914;5.234139919281006;1.9657427072525024;5.207557201385498;5.242570400238037;5.243205547332764;1.814360857009888;1.7943192720413208;1.969175219535828;1.908504843711853;5.203100204467773;5.242458343505859;5.24044132232666;1.7827409505844116;5.207557201385498;1.81922447681427;1.7870194911956787;1.81922447681427;1.7835475206375122;2.770942687988281;4.940666198730469;5.207211971282959;1.7856628894805908;1.8090671300888064;1.972154974937439;1.782778024673462;5.233611583709717;4.624578475952148;2.2754244804382324;5.2277045249938965;5.24221134185791;4.319912433624268;1.9167582988739011;5.071861267089844;5.202225208282471;5.242415904998779;4.588762283325195;5.12450122833252;5.105850696563721;4.328970432281494;2.285937786102295;1.7839282751083374;5.243209838867188;1.0;5.554588851677638;6.7414669864011465;3.0;4.807354922057604;2.321928094887362;4.523561956057013;0.0;6.977279923499917;3.0;1.0;4.954196310386875;2.0;1.584962500721156;2.584962500721156;3.906890595608519;6.169925001442312;3.807354922057604;3.700439718141092;3.321928094887362;3.4594316186372973;4.584962500721156;1.584962500721156;5.247927513443585;4.0;6.266786540694901;5.0;0.0;1.584962500721156;6.266786540694901;2.321928094887362;3.4594316186372973;5.392317422778761;4.087462841250339;4.247927513443585;1.584962500721156;6.044394119358453;2.807354922057604;3.0;0.0;0.0;4.247927513443585;2.584962500721156;1.0;6.339850002884624;5.672425341971495;4.584962500721156;3.807354922057604;5.491853096329675;2.0;2.321928094887362;0.0
10.994449615478516;9.74604320526123;10.89610767364502;9.38666820526123;9.664929389953612;9.551519393920898;10.95286750793457;9.43061637878418;10.994418144226074;10.989006042480469;9.386940956115724;9.8638277053833;9.384037017822266;10.994346618652344;10.994449615478516;9.392759323120115;9.645298957824709;10.379599571228027;10.845903396606444;10.963866233825684;10.994010925292969;9.58614730834961;10.63857364654541;9.384037017822266;9.389764785766602;10.994250297546388;9.389764785766602;10.991368293762209;10.990178108215332;10.99101448059082;10.994325637817385;9.958151817321776;9.395960807800291;10.60197925567627;10.90335464477539;9.62864112854004;9.441203117370604;9.398372650146484;9.723398208618164;9.384943008422852;10.99404239654541;9.391716957092283;10.895638465881348;10.930071830749512;10.993629455566406;10.94835376739502;10.990889549255373;10.338151931762695;10.90061092376709;10.871357917785645;10.113523483276367;10.99412727355957;10.567005370247031;11.202736043250168;11.038918989292302;10.366322214245816;11.675074920385445;10.394462694610317;11.27786854617684;10.755722153642282;11.496853777388042;11.36194377373524;11.715104009236168;11.057991722759176;10.8649599151426;11.425215903299383;12.477252323937952;10.76983784362944;10.5980525001616;10.895575282380683;11.852529509404196;11.116343961237469;11.269126679149418;11.269126679149418;10.681238411777803;11.59944798152872;11.726643921483994;12.790755750118311;11.64430696154558;10.31741261376487;11.109830654278792;11.347621368568134;10.988684686772164;11.567480801143043;10.476746203939468;10.98299357469431;11.622051819456376;10.393390457443989;11.399277924508969;12.065416134676548;9.834471049984222;11.281350514981035;11.52061868055628;12.244958393151132;11.071462362556623;11.290594888082572;10.90388184573618;10.836839359748716;10.915879378835774;10.929258408636972;11.107870914279614;10.987974524296153;11.246740598493144;11.371776644337924
10.230206489562988;10.152148246765137;10.213457107543944;8.268533706665039;10.221914291381836;8.746051788330078;9.88853931427002;8.45644474029541;10.232736587524414;9.516546249389648;8.26904010772705;10.003584861755373;8.277315139770508;10.222445487976074;10.230206489562988;8.952757835388184;8.349651336669922;10.232468605041504;10.227547645568848;9.213499069213867;10.23273468017578;8.4804048538208;8.312092781066895;8.277315139770508;8.268797874450684;9.80568790435791;8.268797874450684;10.230549812316896;9.801924705505373;10.230627059936523;10.232792854309082;8.841017723083496;8.920990943908691;8.282739639282227;8.344650268554688;10.222930908203123;8.449971199035645;8.583563804626465;9.115511894226074;10.230856895446776;8.75545597076416;8.269243240356445;10.227293968200684;8.604673385620117;10.219274520874023;10.18895435333252;10.232327461242676;8.33972454071045;9.670613288879396;10.22996997833252;8.591268539428711;10.200064659118652;10.154818109052105;11.24198314969433;10.733015321685963;9.605479518061667;10.554588851677638;9.980139577639155;11.466076461396252;11.036173612553483;10.735556023911537;11.03960451795376;9.94251450533924;11.043027283594547;11.832494484336111;10.934428040626804;10.76155123244448;11.553149275598548;9.603626344986193;10.014020470314934;11.082814337672271;11.020979938904212;10.772314573921651;10.400879436282183;10.923327485419192;11.216139556425135;11.660887270302569;12.368779260041338;11.20945336562895;10.580258567499788;11.164906926675688;11.456354415108288;11.10459875356437;11.153552031708111;10.1331422124006;10.200898605038445;11.06339508128851;11.42259043389256;10.208234358339787;11.258566033889933;9.355351096424812;10.866506212226202;10.802516365121225;11.47218311618954;9.857980995127573;10.470658874060552;10.76155123244448;11.022367813028454;10.53818893205242;10.86573327085176;11.338736382573916;10.28424574982967;10.219168520462162;10.303780748177102
12.353249549865724;12.953618049621582;8.357325553894043;13.45645523071289;8.93301773071289;8.357531547546387;13.340741157531738;8.412243843078613;13.517369270324709;13.50400447845459;13.51575756072998;8.358795166015625;13.518075942993164;13.31173324584961;12.353249549865724;8.681496620178223;12.12189483642578;12.314738273620604;13.086607933044434;8.995976448059082;8.545441627502441;12.531570434570312;12.394668579101562;13.518075942993164;13.339126586914062;8.61821460723877;13.339126586914062;12.801631927490234;12.937273025512695;13.512093544006348;13.51658058166504;12.409134864807127;8.423495292663574;13.390420913696287;13.515039443969728;13.517182350158691;11.694646835327148;13.518869400024414;8.393753051757812;13.519197463989258;8.357124328613281;9.900897979736328;13.517208099365234;8.49524211883545;10.32109832763672;13.429250717163086;13.501187324523926;8.488115310668945;8.621557235717773;13.478938102722168;8.356955528259277;10.93832302093506;8.174925682500678;9.41574176829009;9.90388184573618;7.383704292474052;9.823367240046236;8.823367240046235;9.445014845868425;7.366322214245816;9.257387842692651;9.29232163280204;10.071462362556623;10.01262453886506;9.108524456778168;8.353146825498083;9.94251450533924;9.08746284125034;13.56450678433871;9.14210705730255;10.651948610723446;10.302638923787551;10.222794902868111;10.103287808412022;8.233619676759702;9.726218159332198;8.668884984266247;10.74819284958946;10.642954223480332;7.930737337562887;8.531381460516313;10.24555270625568;8.668884984266247;9.618385502258606;9.76983784362944;7.98299357469431;10.188588845707349;8.144658242831882;8.791162888555018;10.69261550169458;14.064911136698967;10.019590728357882;11.715533063526584;10.222794902868111;8.665335917185176;8.46352437327118;12.84901407369482;9.398743691938192;9.96000193206808;9.78463484555752;8.08214904135387;9.403012023574997;9.375039431346924;8.897845456005511
13.95080852508545;12.971628189086914;14.867402076721191;14.873140335083008;14.875544548034668;13.991653442382812;12.969722747802734;14.713424682617188;14.661840438842772;14.295741081237791;12.968622207641602;14.776445388793944;14.032928466796877;14.859222412109377;13.95080852508545;13.630468368530272;14.32578182220459;13.157628059387209;12.968490600585938;14.11232089996338;13.061490058898926;14.87567138671875;14.857807159423828;14.032928466796877;13.992258071899414;14.876152992248535;13.992258071899414;12.980605125427246;14.876091957092283;12.96841049194336;13.004225730895996;13.62912940979004;14.772510528564451;14.72499656677246;14.861257553100586;13.175192832946776;14.146953582763672;13.114632606506348;14.81461238861084;13.325532913208008;14.636652946472168;14.853665351867676;14.816736221313477;13.131808280944824;14.865137100219728;13.121357917785645;14.876054763793944;12.969943046569824;12.989795684814451;13.099569320678713;12.974813461303713;14.876157760620115;13.89614316077451;13.762485855861582;11.980139577639155;12.489597122389307;13.295768934420508;11.989749275462133;13.521109643651332;14.99147755834286;12.898412441684211;13.523194374830966;12.5090326863065;14.005273656563938;13.229119220658594;13.336506559810257;13.284534954008423;12.234817431117325;13.601886830639092;14.104844423218584;12.99028127536032;12.4189067312579;13.1767964781476;12.756347825516588;12.80634822671225;12.622738217871143;11.579315937580017;12.964521373897238;13.762693467754428;14.210290836058007;14.623309967191387;12.36468185586456;12.984418458801136;14.426264754702098;12.715104009236168;14.023667733561714;12.682336269711378;13.26620091249896;14.976071804762835;13.682226521505408;14.483815777264256;11.997532347526366;13.3781593597821;12.857980995127573;13.58660526060361;12.965062756744627;14.418511490387644;13.352595231134304;13.159556028058768;12.324180546618742;14.04899765291107;13.81277897162766;12.960364008877834;13.897467341721892
11.776338577270508;10.43832302093506;10.9744291305542;11.80936050415039;10.767821311950684;11.815524101257324;10.92475128173828;10.443876266479492;11.8169527053833;11.79974365234375;10.42970371246338;10.43237018585205;11.638702392578123;11.807806015014648;11.776338577270508;10.46302604675293;11.485037803649902;11.701708793640137;10.854496002197266;11.793326377868652;10.640433311462402;11.62599754333496;11.477779388427734;11.638702392578123;11.816302299499512;11.81764316558838;11.816302299499512;11.749585151672363;11.809422492980955;10.478920936584473;11.246021270751951;11.702178955078123;10.429658889770508;10.88683795928955;11.806764602661133;11.617053985595703;11.622471809387209;11.21777629852295;10.465289115905762;11.718524932861328;11.817645072937012;11.81080150604248;11.77933120727539;11.815825462341309;11.80519676208496;10.45256519317627;11.810333251953123;11.752849578857422;10.952831268310549;11.551156997680664;11.25188159942627;11.813077926635742;10.73640193131829;10.600842114387302;11.281930026955443;11.027905996569883;11.744833837499543;10.434628227636724;10.681238411777803;11.712097051087548;10.749031382040204;10.880348808156027;11.576484346796851;11.539643506238036;10.687375683437468;11.498849206531723;11.352595231134304;10.496853777388042;11.071462362556623;10.700439718141093;11.398209261466851;10.824163209744158;11.04507705193494;11.065416134676548;10.419960177847887;11.4542992936199;10.841564347730577;11.894059846274022;11.54882190845875;10.007027266893967;10.97656412341533;10.425215903299383;10.458406613236534;11.790755750118311;10.68650052718322;11.579315937580017;11.337621901992508;10.625708843064466;11.171802288682985;11.51175265376738;11.62662165235837;11.105253779700885;10.940313597145968;11.389093521904474;11.455840909126398;11.337621901992508;11.284824100224624;11.06339508128851;11.332596057789214;10.98299357469431;11.081483438093674;10.897845456005513;11.373408960228696;11.084144010615145
9.194995880126951;7.852154731750488;9.380030632019045;6.797163963317871;8.981756210327148;9.388014793395996;6.895658493041992;8.109352111816406;9.388763427734377;9.257627487182615;6.763700485229492;9.313515663146973;6.763901710510254;8.660783767700195;9.194995880126951;9.107887268066406;6.77745532989502;9.382513046264648;9.386462211608888;6.7843918800354;9.367264747619627;6.915966033935547;7.811155796051025;6.763901710510254;9.300578117370604;9.388179779052734;9.300578117370604;9.388694763183594;8.41128158569336;9.3066987991333;9.387953758239746;9.38248062133789;6.860603332519531;7.091829299926758;9.225281715393066;8.902792930603027;9.124468803405762;6.785780906677246;6.80049467086792;6.982725620269775;9.38134765625;7.456382751464844;9.199440002441406;9.205023765563965;8.037199020385742;7.13554048538208;9.362053871154783;7.453403949737549;8.51675033569336;9.369391441345217;9.23038101196289;8.486125946044922;9.61654884377899;7.800899899920305;8.554588851677638;8.761551232444479;11.043710863347156;9.243173983472952;8.0;10.839991070539886;9.627533884472792;9.090112419664289;11.079484783826816;9.94104760634058;6.906890595608519;7.741466986401146;8.49585502688717;6.599912842187128;8.933690654952233;9.569855608330949;9.729620743553038;9.134426320220928;9.405141463136344;8.994353436858859;9.623881490013458;8.640244936222345;7.523561956057013;9.294620748891628;10.179909090014934;7.622051819456376;9.81698362325538;7.693486957499325;6.643856189774724;10.506803437795648;10.356451970221755;10.602698865017963;8.49585502688717;8.50382573799575;8.550746785383243;10.352043425795433;7.022367813028454;8.103287808412022;8.262094845370179;8.584962500721156;9.310612781659527;7.714245517666122;9.85642552862553;9.116343961237469;9.707359132080883;9.38586240064146;9.90839262077375;9.603626344986193;9.044394119358454;9.29920801838728
14.317327499389648;13.061405181884766;12.99382781982422;14.338552474975586;12.993669509887695;14.339315414428713;13.724599838256836;14.33353042602539;13.65210247039795;12.990910530090332;12.989977836608888;13.12506866455078;13.986790657043455;14.280513763427734;14.317327499389648;14.32889175415039;14.300665855407717;13.488475799560549;13.150534629821776;13.170380592346191;13.014275550842283;14.04413890838623;14.331923484802246;13.986790657043455;14.338242530822754;14.33921241760254;14.338242530822754;13.258975982666016;14.338279724121094;12.989983558654783;13.101550102233888;14.302507400512695;14.334579467773438;14.324468612670898;13.568591117858888;13.49106788635254;14.291735649108888;14.25347137451172;12.99250030517578;13.02626132965088;14.337258338928224;14.339301109313965;14.32591724395752;14.336553573608398;14.317577362060549;12.990079879760742;14.337396621704102;12.996642112731934;13.106879234313965;14.112777709960938;13.090292930603027;14.333452224731444;14.020632761657708;12.909893083770042;13.598750409571752;13.190596342475638;13.805139264316736;13.140989493445831;12.911204709977175;14.431171106634984;12.95764621521841;13.66855262986872;13.42600261332936;14.321575831415734;13.686281655144432;13.982637133669424;13.44643717584693;12.78749449969676;14.150857922538847;14.026177596889225;13.001232245244363;12.86727873970966;13.212344386559144;12.93110683302934;12.983884292164657;12.26238852375102;13.297632789142511;12.59898297103609;13.564625862795372;13.446824840780309;13.62605121423426;10.5980525001616;12.620219825507489;14.150857922538847;13.385323176175872;14.359612311115082;13.526865979393818;13.480790201095816;13.73312127365905;13.19598729802851;12.7795141791435;13.35397382181817;13.999735810460262;12.826747082520203;14.045930263291575;13.672314837200204;13.66211201631089;13.540370243743569;13.880253135551404;13.119427511067276;13.80231440599149;13.773654362961867;13.7795141791435;13.79644525906185
16.76698112487793;15.300623893737791;15.386980056762695;16.79291534423828;15.383283615112305;16.792373657226562;15.42421817779541;16.702064514160156;16.774333953857422;15.28463649749756;15.26957893371582;15.442719459533691;16.79029655456543;16.789072036743164;16.76698112487793;16.78548812866211;16.097572326660156;15.598668098449709;16.267011642456055;15.289029121398926;15.297868728637695;16.77444076538086;16.30081558227539;16.79029655456543;16.79289436340332;16.792922973632812;16.79289436340332;16.34369659423828;16.792850494384766;15.31063461303711;16.53877830505371;16.140165328979492;16.34475326538086;16.758649826049805;16.792688369750977;16.788070678710938;16.754405975341797;16.721460342407227;15.295894622802734;16.77973175048828;16.784116744995117;16.792930603027344;16.79241180419922;16.7880916595459;16.70830726623535;15.270918846130373;16.78968048095703;15.318787574768066;16.275238037109375;16.017017364501953;15.270771026611328;16.788066864013672;15.485766428363634;14.954014507722544;16.285962050460792;14.745464248276845;16.17143093609063;15.892851092421342;14.903740656510257;15.902375114486023;15.365638958234518;15.39486457818436;15.293004565378526;16.288397496991358;16.754052367528924;16.016177144641983;16.134867468443186;15.829028964915974;16.675460910996275;15.86891898838627;15.664447284547972;15.423477064079776;15.48069554952344;16.101401235329103;16.08250251822288;15.458022048382626;16.420700422176893;15.890478043048583;15.859267847576502;16.427689315366692;15.735106433783058;14.764664292073348;16.182161541746314;16.050210028566877;15.7047682393626;15.949963461264677;16.228330195419613;16.67920516953017;15.3292357417338;15.97960382407446;16.865926545021903;16.320888670154403;16.02570192373543;15.520342440374003;16.675254143155012;15.819081362649287;16.47046823051341;15.22622401599265;16.297507412936966;15.753556277508256;15.143144020581184;15.879319995011633;16.3730690466864;15.930021170686404
15.7205810546875;15.4179048538208;15.908337593078612;16.64324378967285;15.169877052307127;16.635347366333008;15.157691955566406;16.62165069580078;16.641979217529297;15.794198036193848;15.15342617034912;16.437387466430664;16.490015029907227;16.520767211914062;15.7205810546875;15.849528312683104;16.620996475219727;16.39755630493164;15.327829360961914;15.33336067199707;15.162212371826172;16.541812896728516;16.522445678710938;16.490015029907227;16.622974395751953;16.643465042114258;16.622974395751953;16.543550491333008;16.642601013183594;15.153427124023438;15.188913345336914;16.61661148071289;15.445773124694824;16.642057418823242;16.64313316345215;15.663056373596191;16.574337005615234;16.473037719726562;15.16116714477539;16.010995864868164;16.642799377441406;16.64322280883789;16.584064483642578;16.64105224609375;15.93045711517334;15.15599250793457;16.636486053466797;15.222892761230469;15.259453773498535;16.039535522460938;15.411698341369627;16.54552459716797;15.882834071545622;15.561108910019191;16.448245388310358;15.877164287450231;16.46953053313795;16.458102174514448;15.560093957642495;16.676934995905345;14.021413793008133;15.710994720660423;14.378362599204976;17.077942262505115;8.308339030139408;16.610693257597543;15.781282863375532;8.071462362556623;16.197293495529134;16.579050711907627;15.570033561381877;14.734868358746205;15.691798033522238;15.167692545421904;7.459431618637297;14.74740628253269;8.194756854422248;15.088871035643148;14.843577605036456;8.754887502163468;15.611255388699336;12.386401423640775;7.276124405274237;15.950259709566208;16.544964432789236;15.926017956356542;15.978241220950906;8.682994583681683;15.929327767308214;15.886625400039287;15.567807569023898;16.23043330453316;16.613401003135557;14.65273295816898;17.34315968506292;15.860141281864353;15.91837412099312;14.86727873970966;16.674495740766723;16.233900489669598;15.067812464029402;16.197139886602148;16.752236892602625;16.308196801614532
14.898534774780272;13.92111873626709;14.889443397521973;14.900456428527832;14.51358699798584;14.909202575683594;13.568082809448242;14.015811920166016;14.909395217895508;14.886295318603516;13.54397678375244;14.55799674987793;13.887359619140623;14.905035972595217;14.898534774780272;13.900476455688477;14.090985298156738;14.8534517288208;14.68988800048828;14.078807830810549;14.58061981201172;14.82457160949707;13.830452919006348;13.887359619140623;14.872050285339355;14.909440994262695;14.872050285339355;14.904119491577148;14.90834140777588;13.663324356079102;14.895848274230955;14.132755279541016;13.553911209106444;14.243350982666016;14.906879425048828;14.844542503356934;14.8958101272583;13.6972074508667;13.59945297241211;14.587388038635254;14.908456802368164;14.906126976013184;14.902766227722168;14.909085273742676;14.90272331237793;13.646353721618652;14.905349731445312;14.056320190429688;14.6742582321167;14.187633514404297;14.074664115905762;14.892739295959473;14.474973384391149;14.398342887645883;14.835705029771797;13.960092459790063;15.221247250430247;15.280843250978712;14.365775635326267;14.508166165598634;14.26700608999518;14.630380897751948;14.527904570799706;14.898459680434105;13.947819546020028;15.035529408461116;14.976877329653048;13.950647019424986;14.805391215041409;14.61056350392504;15.058625976659789;14.92569351045582;14.963483155240697;14.63180230029938;13.656983419574544;15.00886626655775;14.101401235329105;15.87058145436048;15.104189211153557;13.153710352151716;13.949917879203063;14.78978833559524;13.43149760425805;15.305705529987204;14.775095822585955;14.768959647713142;15.13574936041006;13.621250608337666;14.343810303829477;15.182045121827144;13.573292149952245;15.271681866743002;14.434693376772678;14.93741980030596;15.4520159626431;14.664891669286089;14.752485185884188;14.345821028950624;15.183984228356824;15.057907134500766;14.310399769619735;14.77853919446228;14.970645182266663;14.731159901472807
12.263754844665527;11.151578903198242;12.50172996520996;12.538471221923828;12.085010528564451;12.53836441040039;11.14919662475586;11.39488124847412;12.534061431884766;11.297734260559082;11.136602401733398;12.110283851623535;12.48108959197998;12.52019500732422;12.263754844665527;11.62383270263672;11.468062400817873;12.446845054626465;12.265609741210938;11.66889762878418;11.560386657714844;12.480834007263184;11.377521514892578;12.48108959197998;12.538475036621094;12.538500785827637;12.538475036621094;12.510287284851074;12.53782081604004;11.140583992004396;11.45652198791504;12.062438011169434;11.136862754821776;11.624767303466797;12.537016868591309;12.528521537780762;12.521177291870115;11.441177368164062;11.308524131774902;12.229209899902344;12.538362503051758;12.538493156433104;12.526250839233398;12.53625202178955;12.321009635925291;11.137022972106934;12.521854400634766;12.28961944580078;12.274024963378906;11.644847869873049;11.942317008972168;12.537482261657717;11.715533063526584;11.376668061857668;11.791162888555018;11.060695931687556;12.1999790076159;12.129283016944967;11.376668061857668;11.759888183221834;11.303780748177102;11.487840033823051;11.084808387804362;12.30435132166324;11.33147682185962;12.184875342908285;12.146250445885986;10.970105890612182;12.16867211813223;12.131213905086272;11.846665681899738;11.400345796534694;11.649705265471413;11.688250309133178;10.766528908598865;11.913263430628762;11.377210530388552;12.642728643769;11.89178370321831;11.11309098344238;11.615629636968098;11.482303782323182;10.77313920671969;12.175861383565296;11.78340754217352;11.598517810612622;12.082814337672271;11.367414751246828;11.638888382252262;12.017852331905962;12.370959793297386;12.162391328756906;11.763627351727628;11.982280604558284;12.48255589154897;11.91026795581084;11.760719947465624;11.406736482691723;12.512493573945038;12.02167404285837;11.287135186086704;11.81658370778757;12.703471046071948;11.637077657143664
14.094035148620604;12.719481468200684;13.972390174865724;14.093013763427734;13.16711139678955;14.095276832580566;12.508929252624512;12.636992454528809;14.095625877380373;13.62763786315918;12.495737075805664;12.686408042907717;12.65988540649414;14.082671165466309;14.094035148620604;12.525948524475098;12.832712173461914;13.856161117553713;13.967033386230469;14.04948902130127;13.757434844970703;13.846704483032228;12.555424690246582;12.65988540649414;14.09165382385254;14.095874786376951;14.09165382385254;14.077670097351074;14.087848663330078;12.555009841918944;13.975994110107422;12.558040618896484;12.496191024780272;12.572607040405272;14.094257354736328;13.782593727111816;14.055374145507812;12.76083278656006;12.888994216918944;13.631993293762209;14.09588623046875;14.095098495483398;14.073345184326172;14.095829963684082;14.0896635055542;12.502446174621582;14.094508171081545;14.05962085723877;13.924944877624512;13.943887710571287;13.960573196411133;14.091070175170898;12.91139198784346;12.955286645524469;13.69490195142856;12.665335917185176;14.214622686302336;12.787902559391432;12.83289001416474;12.689779629377275;11.748612176736982;13.191676146352428;12.73492126770526;14.00378141003163;14.200898605038445;13.858952310750938;13.751857836240635;13.820877000464831;13.005098178239706;13.041488043881468;13.813280168450795;13.39901083295199;13.378294855911893;13.587191507529832;13.61275333504465;13.914011328541257;13.965423565810127;14.469578227375443;13.86978660094578;13.386940245324311;12.900866807980748;12.217351905270334;13.65250890240818;13.678049891165374;12.932030157887027;13.382488936445046;14.079651444144783;13.91606605089929;13.192292814470768;14.309121036488156;13.129121992887557;13.52258153125483;13.267371931265274;14.00615072817031;14.242578689451346;13.51039331104402;13.457765614851754;12.722380635163802;13.65183652627007;13.302638923787551;12.50432244829189;13.09589146332092;14.00544911354693;13.44475608969503
10.193690299987791;9.285865783691406;10.181319236755373;8.095038414001465;10.10331916809082;9.533063888549805;9.908257484436035;8.11549186706543;10.204527854919434;10.186627388000488;8.08851146697998;9.824579238891602;8.113443374633789;10.02701473236084;10.193690299987791;8.226679801940918;8.168352127075195;10.204300880432127;10.196086883544922;9.666098594665527;10.19749927520752;8.145854949951172;8.149506568908691;8.113443374633789;8.19534969329834;10.204431533813477;8.19534969329834;10.204517364501951;10.020450592041016;10.201522827148438;10.204513549804688;9.272395133972168;8.089821815490723;8.094274520874023;10.19640827178955;10.151653289794922;8.725296974182129;8.213162422180176;8.530950546264648;10.075299263000488;10.187886238098145;8.1580171585083;10.198402404785156;9.806063652038574;10.180490493774414;9.848555564880373;10.20028018951416;8.854135513305664;10.110319137573242;10.195908546447754;10.115765571594238;9.855060577392578;9.335390354693924;10.151016538892248;10.8649599151426;9.96000193206808;11.4797802640291;11.011227255423254;10.43567026093655;10.60177078840771;10.055282435501187;11.026523442519766;8.951284714966972;10.684748620421626;11.825356341479337;10.725366257895642;10.831307243802051;11.834471049984222;9.674192268145683;10.224001674198105;10.406205005418856;10.821773981970567;11.151650829973422;9.603626344986193;10.644757592516257;11.449664538476192;11.571752643503546;12.220075970984304;11.685624839726357;10.787086324551616;10.290018846932618;11.194756854422248;11.705632387361415;11.70433597118232;10.64745842645492;9.978710459106358;10.921097088106793;11.498849206531723;9.67065624911844;10.109830654278792;8.566054038171092;10.35424938194524;11.052568050804153;11.63117705570398;10.258566033889933;9.92481250360578;9.842350343413807;10.139551352398794;11.371776644337924;10.678600139099458;11.118941072723509;11.296916206879288;10.800899899920305;9.86573327085176
9.653817176818848;9.625600814819336;9.63839340209961;7.560822486877441;7.94298791885376;9.463981628417969;9.583545684814451;8.824448585510254;9.6539306640625;9.583661079406738;7.564118385314941;9.586785316467283;7.558829307556152;9.642876625061035;9.653817176818848;7.724376201629639;7.872552394866943;9.633048057556152;9.652787208557127;8.783493995666504;9.653814315795898;7.575692653656006;7.571966648101807;7.558829307556152;7.572001934051514;9.61777687072754;7.572001934051514;9.652618408203123;9.43598175048828;9.650349617004396;9.65390968322754;8.686502456665039;8.154047966003418;8.99972915649414;7.605116367340088;8.677489280700684;8.101142883300781;7.598519325256348;7.67182731628418;7.569693565368652;9.65171241760254;7.585806369781494;9.443750381469728;9.624811172485352;9.641112327575684;9.273670196533203;9.639521598815918;8.393651962280273;9.578252792358398;9.59687328338623;9.512944221496582;9.53035831451416;9.4797802640291;9.43254190038826;9.071462362556623;8.357552004618084;10.184875342908285;8.717676423066395;9.296916206879288;9.164906926675688;9.111135670234708;9.022367813028454;8.915879378835774;10.65284497300198;8.939579214314692;9.398743691938192;9.59618975614441;9.199672344836364;9.002815015607053;8.851749041416058;11.287712379549449;10.10459875356437;9.923327485419192;9.22881869049588;8.741466986401146;10.703038388986418;8.50382573799575;10.79197682089869;10.514714054138487;7.86418614465428;9.06339508128851;9.83605035505807;8.573647187493322;10.52552080909507;9.74819284958946;9.216745858195306;9.899356922923111;9.105908508571158;8.954196310386875;10.251482410620213;6.6865005271832185;9.577428828035748;9.049848549450562;9.774787059601174;8.774787059601174;8.554588851677638;8.900866807980748;10.162391328756906;9.659995892429976;9.672425341971495;8.991521846075695;9.20212382383046;9.164906926675688;8.731319031025064
11.059152603149414;11.02004337310791;9.49287223815918;8.835074424743652;8.952033996582031;9.04871654510498;11.051081657409668;8.866314888000488;11.05971336364746;10.908949851989746;8.834716796875;9.375121116638184;8.835707664489746;10.658848762512209;11.059152603149414;8.857189178466797;8.97350025177002;11.050702095031738;11.05738925933838;10.972173690795898;11.0553560256958;8.838584899902344;10.961433410644531;8.835707664489746;8.842883110046387;11.04595184326172;8.842883110046387;11.059691429138184;10.416060447692873;11.049723625183104;11.059697151184082;10.89445972442627;8.841169357299805;9.905518531799316;10.952651977539062;9.2482328414917;9.06955909729004;10.164813995361328;8.856172561645508;9.01205825805664;11.032814025878906;8.840371131896973;11.036107063293455;10.929327964782717;11.05519962310791;9.956926345825195;11.056299209594728;9.603555679321287;10.897296905517578;11.059493064880373;11.018592834472656;9.019959449768066;11.578372691360803;10.834471049984222;10.821773981970567;12.125090539303256;12.569380959522295;10.348728154231075;10.671541066711884;12.132178380915544;11.4893462407191;10.52258153125483;11.699572453287267;12.089119397915168;12.041659151637214;11.458919206967591;11.287712379549449;11.53430288245463;9.668884984266247;10.811374693509942;12.075479149488016;11.572700226487292;11.82097669262124;10.980853606379736;11.454813348512523;12.116668855967111;12.104271128936894;11.791162888555018;12.70628015884916;11.451211111832327;11.801708358916462;10.567956075415466;11.414685235807214;12.455840909126398;11.344295907915816;12.473198383677529;11.043710863347156;11.963257356633047;11.608254821977908;11.06204613772049;8.894817763307943;11.029287226968243;11.180530807344482;11.332036548361652;10.530406337099068;11.48683502156305;11.258566033889933;11.065416134676548;11.561765263627708;10.88340698638837;12.397674632948268;11.024447124040648;10.537218400538595;11.413627929024171
12.76374626159668;11.10993194580078;12.32924461364746;11.126626968383787;11.205145835876465;11.05052375793457;12.739996910095217;12.099544525146484;12.763108253479004;12.763127326965332;11.063362121582031;11.611574172973633;12.39329719543457;12.76370334625244;12.76374626159668;11.91535472869873;11.400331497192385;11.465181350708008;11.893332481384276;12.763720512390137;12.76162815093994;12.14834213256836;11.35853385925293;12.39329719543457;11.043475151062012;12.753466606140137;11.043475151062012;12.728751182556152;12.762927055358888;12.51378345489502;12.76292896270752;11.101174354553224;12.704625129699709;12.727191925048828;12.760892868041992;11.71125316619873;11.048311233520508;11.926023483276367;12.279383659362791;12.522418022155762;12.653221130371094;11.043548583984377;12.759681701660156;12.618907928466797;12.763731002807615;12.300395965576172;12.76192569732666;12.713645935058594;12.669814109802246;12.729532241821287;12.351731300354004;12.729108810424805;12.160501747555688;13.04524773457825;12.685624839726357;11.933321820732946;13.204876767603992;13.025831668332026;12.749450465569916;12.366322214245816;12.233320082730822;12.309476353841106;12.274960472140602;12.701089824817158;12.25089053572334;12.880540134333732;12.717033749490891;12.306916113522542;10.86418614465428;12.511505595792482;13.618500215814974;13.426919899820705;12.934243729538608;12.972441366563537;11.839203788096944;14.046612469258132;12.56652978262417;13.934980832653832;13.290594888082572;11.60130652612184;12.494355603532846;12.95764621521841;12.032734528586714;13.144180239058922;12.671098725748465;12.628217680223434;13.409390936137704;11.72451385311995;12.748821794614704;13.73862008132209;12.696967526234287;13.280190792216906;12.756139298372927;13.601074338941668;12.96379921393177;12.477252323937952;12.02410078025291;12.14306428063141;12.89614316077451;13.247334178028728;12.56652978262417;12.60177078840771;12.855452509744048;12.458150248057557
13.032910346984863;11.980567932128906;11.937416076660156;12.98994255065918;12.531444549560549;13.027008056640623;13.016112327575684;11.94625473022461;13.026509284973145;11.939945220947266;11.933931350708008;11.93416976928711;13.030424118041992;12.894253730773926;13.032910346984863;12.296307563781738;12.19165325164795;12.44972801208496;12.145723342895508;13.006122589111328;12.341201782226562;12.892498970031738;13.029870986938477;13.030424118041992;13.024531364440918;13.029295921325684;13.024531364440918;12.385095596313477;12.998496055603027;11.93608570098877;13.025687217712402;12.613508224487305;11.93898868560791;12.981830596923828;12.216458320617676;12.936745643615724;12.943689346313477;13.032161712646484;11.958966255187988;13.026378631591797;13.005908966064451;13.031131744384766;13.032873153686523;13.032197952270508;13.032930374145508;11.933977127075195;13.032898902893066;11.961191177368164;12.2654447555542;13.02814769744873;11.960980415344238;13.032334327697754;12.58941707576861;12.257093144491057;12.443202577297011;11.79603960882977;12.85428402017621;12.286557761607956;12.711666973564348;13.174457604291558;12.430452551665532;12.51175265376738;12.728345714710976;13.147045888945716;12.69479315499995;12.49585502688717;12.689779629377275;12.322491537597468;12.712527000439824;12.508042334429003;12.601538675939848;12.60917873814198;12.446566409066069;12.288577736992703;11.922212717785449;12.475480126595476;12.488593333835407;13.390840695766675;12.923884546385334;12.436451292286977;12.74819284958946;12.11178773580101;11.606867837374152;13.46569393586282;12.368779260041338;12.995943767764953;12.59175607602299;12.356451970221755;12.940680648424092;12.779924501967908;12.350662988372257;12.559377090526684;12.655977862486942;12.708221730038352;12.764664292073348;12.220680621052203;12.972620862058744;12.737036036540228;12.671541066711884;12.416269744523207;12.728133100306216;12.445014845868425;12.458919206967591;12.370959793297386
11.676403045654297;10.252179145812988;11.597911834716797;10.316195487976074;11.67161750793457;11.692119598388672;11.026976585388184;11.692033767700195;10.264473915100098;10.24848175048828;10.248472213745115;11.622233390808104;10.797080993652344;10.284540176391602;11.676403045654297;11.692340850830078;10.83405590057373;11.08458423614502;10.252205848693848;11.418123245239258;11.541827201843262;11.094356536865234;10.266362190246582;10.797080993652344;10.409258842468262;10.267303466796877;10.409258842468262;10.257367134094238;10.32208251953125;10.24866008758545;10.752232551574709;10.280755996704102;11.692541122436523;10.264434814453123;10.248546600341797;10.314970970153809;11.429394721984863;10.53922176361084;11.565885543823242;11.624226570129396;11.192023277282717;11.544740676879885;11.568527221679688;11.58564567565918;11.688267707824709;10.248682022094728;11.69032859802246;10.308128356933594;10.436662673950195;11.559511184692385;11.617262840270996;11.686606407165527;10.449148645375436;11.60177078840771;11.14274527675153;10.101975670949232;10.745674324002136;11.119589620741122;11.500343969270403;11.688250309133178;11.035486451292154;10.939579214314692;11.349281228817452;10.86727873970966;10.8193807908646;11.066089190457772;10.935165049603697;10.51175265376738;10.962173031109709;11.1331422124006;10.076815597050832;10.57459352733761;10.52552080909507;10.225207436943505;10.22881869049588;10.207014320177532;10.688250309133178;10.935901682267588;10.515699838284045;10.667998535672528;11.432019846812493;10.617467465294196;10.048486873992337;11.355351096424812;10.39660478118186;11.663558104217271;10.335390354693924;10.82097669262124;11.232420927176076;10.357552004618084;10.900112062977456;11.03342300153745;11.274378153246364;10.752380646552892;10.954196310386877;11.135067945777816;11.189824558880018;10.944712061043486;10.7657004876511;10.755722153642282;11.757390009366638;10.810571634741146;10.48683502156305;10.533329732305834
7.236778736114502;5.800633907318115;5.5246195793151855;7.235012531280518;5.456802368164063;7.239037036895752;7.186991214752197;5.412624835968018;7.181457996368408;7.236941814422607;6.767866134643555;5.403576850891113;7.216332912445068;5.516789436340332;7.236778736114502;5.413557529449463;7.20113468170166;5.950674533843994;5.509667873382568;7.2392120361328125;5.624832630157471;6.199431419372559;5.758780479431152;7.216332912445068;7.236946582794189;7.188401699066162;7.236946582794189;5.803477764129639;5.433945655822754;6.438738822937012;6.545040130615234;7.1680827140808105;5.403014183044434;7.197490215301514;5.506420612335205;5.432006359100342;7.228569030761719;7.210051536560059;5.441140651702881;6.95137357711792;7.2389984130859375;7.238357543945312;5.745884895324707;7.239298820495605;7.239165306091309;5.405279159545898;5.615644454956055;7.229043483734131;6.587717533111572;5.506473064422607;7.23732328414917;5.833962440490723;5.672425341971495;6.0;5.930737337562887;5.614709844115208;6.409390936137702;6.129283016944966;5.554588851677638;6.339850002884624;5.0;4.906890595608519;5.930737337562887;6.714245517666122;4.087462841250339;6.459431618637297;6.3750394313469245;4.700439718141092;7.554588851677638;5.0;7.076815597050831;6.3750394313469245;6.357552004618084;6.022367813028454;4.954196310386875;6.044394119358453;4.700439718141092;5.643856189774724;6.78135971352466;4.523561956057013;4.643856189774724;4.857980995127572;4.459431618637297;7.592457037268081;6.539158811108031;5.672425341971495;5.832890014164741;3.906890595608519;5.977279923499917;6.459431618637297;6.599912842187128;6.539158811108031;5.169925001442312;5.882643049361842;6.584962500721156;6.266786540694901;6.9886846867721655;6.20945336562895;6.3750394313469245;6.614709844115208;5.247927513443585;5.954196310386875;5.930737337562887;5.426264754702098
13.358224868774414;12.499954223632812;13.255245208740234;13.352078437805176;12.855085372924805;13.358195304870604;12.426321983337402;13.246207237243652;13.358262062072754;12.37730598449707;12.339604377746582;13.077951431274414;12.998644828796388;13.352768898010254;13.358224868774414;13.240365028381348;12.495067596435549;13.29450511932373;13.348028182983398;12.687064170837402;13.31851577758789;13.184215545654297;12.44503402709961;12.998644828796388;13.356426239013672;13.358331680297852;13.356426239013672;13.355072975158691;13.357610702514648;12.37432861328125;13.35586643218994;12.54427433013916;12.574419975280762;12.861618995666504;13.334322929382324;13.349058151245115;13.325833320617676;12.79612636566162;12.418306350708008;13.09689712524414;13.357890129089355;13.358232498168944;13.357823371887209;13.358248710632324;13.357089042663574;12.340341567993164;13.357654571533203;12.64949893951416;13.319581031799316;13.309846878051758;12.701351165771484;13.347843170166016;12.94178124227853;12.963618617443972;13.232570825356987;12.279030136449649;13.386670859637618;12.809768128710411;13.186888010029962;13.111135670234708;12.967946705812707;13.02531261992172;12.735132884139947;13.454813348512523;12.987974524296153;13.210214722468027;13.364271474681054;13.004922678569043;13.067602418889496;13.151967870968187;13.334412966291072;13.020979938904212;13.012799104179676;12.82097669262124;12.313449940963055;13.477631797450522;12.806952328210736;14.174223508224696;13.246295253516342;12.41415667927414;13.178976011374523;13.136029849385553;12.477252323937952;13.466458885531264;12.842939559285137;13.210975677726395;13.272338184158624;12.8115753883758;13.099347810403192;13.35149140932002;12.187352073200495;13.415081526165672;13.272046524389935;13.282509306240836;13.274378153246364;12.94288099715904;13.205335081275733;12.677719641641009;13.204876767603992;13.06726628304434;13.121209716409284;13.0591754379151;13.25089053572334;12.985308297255852
13.422151565551758;11.979238510131836;13.405031204223633;13.37151050567627;13.269041061401367;13.110644340515137;13.112370491027832;11.860239028930664;13.422789573669434;13.289992332458496;11.857332229614258;11.931403160095217;13.05124282836914;13.405019760131836;13.422151565551758;11.85772705078125;11.933501243591309;12.388986587524414;12.451526641845703;13.399698257446287;13.00427532196045;13.175848007202148;12.338949203491213;13.05124282836914;13.313963890075684;13.42278289794922;13.313963890075684;13.368127822875977;13.391880989074709;12.696946144104004;13.383838653564451;11.871647834777832;11.857330322265623;12.844167709350586;13.42078685760498;13.243093490600586;12.929695129394531;13.057900428771973;12.800439834594728;13.328185081481934;13.422829627990724;13.39300537109375;13.415642738342283;13.422174453735352;13.422151565551758;11.870920181274414;13.421225547790527;13.178895950317385;13.279536247253418;13.287591934204102;12.440766334533691;13.422319412231444;12.698487638557692;12.3395716783847;12.814582465906277;12.21856323619027;13.441128621804696;11.728345714710976;12.398476501449256;12.548099416978388;12.059344460824423;12.575775579874763;12.428360172704291;13.332316330199218;12.952741247186488;13.076147528022505;13.149588363516528;12.735979039613404;13.14210705730255;12.907266248531066;13.453527867681784;12.767149912284852;12.969206622964236;12.889123656294238;12.479022346995178;13.570567288872004;13.275978964975623;14.15386865522324;13.592807390216146;12.476239906323851;12.511999669441453;12.085140461701762;12.503577318702687;13.593040911589412;12.378836713210614;12.684748620421626;13.355351096424812;12.733650916838716;13.140350496628438;13.847938201949098;12.93755773185546;12.735344469539005;12.541338657970826;13.261213451366048;13.463907474412858;12.627989784315703;13.374767814092824;12.457380879072534;12.8115753883758;12.934428040626804;12.370959793297386;12.797053520629804;13.407533331671324;12.901621158346112
15.090081214904783;15.740328788757324;17.240276336669922;17.239761352539062;17.215190887451172;17.233905792236328;14.710356712341309;16.738739013671875;15.129114151000977;14.707513809204102;14.70639991760254;17.237428665161133;15.127290725708008;17.21193504333496;15.090081214904783;14.998326301574709;16.251283645629883;16.044086456298828;15.16887664794922;16.6491641998291;16.039627075195312;17.165481567382812;16.917184829711914;15.127290725708008;17.14740562438965;17.240646362304688;17.14740562438965;16.40138053894043;17.24061393737793;14.706429481506348;14.708788871765137;14.773996353149414;15.2213716506958;15.989347457885742;17.230865478515625;16.12270736694336;16.654048919677734;14.993915557861328;17.226423263549805;14.759353637695312;17.240161895751953;17.240535736083984;17.06294059753418;17.13348388671875;17.065153121948242;14.707815170288086;17.220815658569336;15.994243621826172;17.158506393432617;15.094133377075195;17.047178268432617;17.240610122680664;16.30787673615767;14.77463265332491;16.35142239240701;15.708410354610876;17.054031908255894;16.111848851840456;15.43472595023744;15.743729955357235;13.578844391558205;16.061898520467867;15.448116305409464;17.690946011338507;12.440090524950488;17.241648050515636;16.936097287112943;11.095397022792556;15.695364244739997;16.53119867507262;14.889503963411476;14.561108910019191;15.75949812859462;15.983104944456905;11.34485068394299;14.62588003880553;12.243769031961852;15.402112722708882;15.92184093707449;11.92184093707449;15.594266279045986;13.044223335689608;11.220982851081777;16.4046925459765;15.977838895308665;16.995413852225152;16.502847339551682;12.980318117957545;16.723300972260276;16.093335027985816;15.840507491260094;17.036119939864594;16.953207481887706;14.827590807390566;17.43488066415235;17.205048652293442;15.49878689112922;16.667624401749563;15.702794962343894;16.418956128754097;14.26099301870257;16.687785730253868;17.24249495652619;16.321734360622077
11.487382888793944;10.656546592712402;10.517416954040527;11.691691398620604;11.741154670715332;11.865568161010742;11.182458877563477;10.987131118774414;11.865278244018556;11.31773567199707;10.51487159729004;10.515945434570312;11.864343643188477;11.67928695678711;11.487382888793944;11.835957527160645;11.756600379943848;11.816240310668944;10.528718948364258;11.654159545898438;10.518170356750488;11.852827072143556;11.863859176635742;11.864343643188477;11.65544891357422;11.859493255615234;11.65544891357422;11.28034210205078;11.859782218933104;10.515088081359863;11.843390464782717;11.45173168182373;11.704203605651855;10.960813522338867;11.757246971130373;11.846026420593262;11.719612121582031;11.866869926452637;10.520516395568848;11.867679595947266;10.56092929840088;11.740168571472168;11.867619514465332;11.55823802947998;11.863298416137695;10.577136993408203;11.867671012878418;10.517135620117188;10.515771865844728;11.863617897033691;10.525686264038086;11.71779441833496;11.217351905270334;11.236014191900084;11.65508344519798;10.414685235807214;11.373408960228696;11.615169813843602;11.23840473932508;12.218865910069676;10.750706986224948;11.290018846932618;10.44190670454224;11.740624044489412;10.066089190457772;12.002111776479852;10.855647166027266;10.066089190457772;11.785452468158542;11.616089313582115;10.91214085629572;11.30435132166324;10.800090987624994;10.60917873814198;9.665335917185176;10.83605035505807;9.620219825507489;10.98370619265935;11.295194955880657;9.802516365121225;11.13827180017222;10.092757140919852;9.398743691938192;12.038918989292302;11.563672959827514;11.759888183221834;11.306061689428342;10.072802534544207;12.141468555393084;11.184255495405347;10.7279204545632;11.285402218862249;10.974414589805528;10.897845456005513;11.6640027628865;10.951284714966972;11.632086412835182;11.41256984680521;11.721953612801386;11.467096033905747;11.794821973331224;11.199058823653022;11.011926066306808;10.918863237274596
13.125497817993164;11.619218826293944;11.611310958862305;13.125009536743164;11.495991706848145;13.108294486999512;13.117470741271973;11.446685791015623;13.12538719177246;13.114886283874512;11.441685676574709;11.446024894714355;12.733296394348145;13.117067337036133;13.125497817993164;11.441730499267578;11.9378080368042;11.483979225158691;11.548528671264648;13.124042510986328;11.534621238708496;13.060465812683104;13.03791332244873;12.733296394348145;12.966473579406738;13.125598907470703;12.966473579406738;12.826919555664062;13.124597549438477;11.454562187194824;12.806897163391112;11.44656467437744;11.441770553588867;13.09259796142578;13.124542236328123;11.643348693847656;12.972274780273438;13.099827766418455;11.61623191833496;11.94483470916748;13.125579833984377;13.118778228759766;13.12170696258545;13.125442504882812;13.12546730041504;11.451936721801758;13.124131202697754;12.812787055969238;12.44515895843506;13.07430934906006;11.961164474487305;13.1233549118042;12.127671967038982;11.278449458220482;12.453785055496157;11.324743110494415;12.8107724413447;11.096715154488535;11.441388029346689;11.69261550169458;11.59245703726808;12.3701424794954;11.96289600533726;13.010877723007034;12.271754805646474;12.766735939529964;12.642051692927977;11.94288099715904;12.344295907915816;12.851749041416058;12.521109643651332;11.859534786382651;12.072802534544207;12.36139553316589;11.688687423222536;12.537461094633018;12.249113452713727;13.488342277532524;12.644081593265676;11.793603309279408;11.62113611327464;11.4893462407191;11.602234901341063;13.089781488353998;11.682994583681683;11.901244032467376;12.761966695382092;12.080484457067568;11.880348808156027;12.878625729805355;11.77066389291676;12.042001306279133;12.175861383565296;12.563672959827514;12.657318449581288;12.27786854617684;12.570092874188056;12.014369242235135;12.63390340934852;12.1270270430046;11.47015043527436;12.563196272216738;13.071462362556623;12.5262546938286
11.654251098632812;10.18056583404541;11.3073148727417;11.622934341430664;10.504457473754885;11.645819664001465;10.865864753723145;10.214080810546877;11.655282974243164;11.64999771118164;10.157824516296388;10.34257698059082;10.350048065185549;11.648993492126465;11.654251098632812;10.1705322265625;10.810945510864258;10.999021530151367;11.276626586914062;11.62550926208496;11.497867584228516;11.580930709838867;11.49379539489746;10.350048065185549;11.575318336486816;11.655282020568848;11.575318336486816;11.648859024047852;11.643936157226562;10.509082794189451;11.629515647888184;11.29067611694336;10.158082962036133;11.378384590148926;11.648673057556152;10.634604454040527;11.651053428649902;10.352706909179688;10.186290740966797;10.1950044631958;11.655179977416992;11.640939712524414;11.607879638671877;11.655128479003906;11.653083801269531;10.310641288757324;11.633638381958008;11.601963996887209;11.535593032836914;11.588634490966797;11.565064430236816;11.599385261535645;11.043710863347156;10.632995197142955;11.451726268074506;10.603626344986193;11.922212717785449;12.03514274788591;10.659995892429976;10.658211482751796;10.30035256032822;10.745674324002136;11.243769031961852;11.500343969270403;10.048486873992337;11.4578938373147;11.637530551525307;9.894817763307945;11.4993476328766;11.189206834597025;11.769424641552751;11.368506461507693;11.36468185586456;11.169298695792843;9.76155123244448;11.268542000300124;10.474719946526482;11.65284497300198;11.680359523513712;9.702172685365548;10.356451970221755;10.623881490013458;9.649256177517314;12.064742764750257;12.231521210875703;11.307770031890705;11.698704666770343;10.105908508571158;11.545929769085468;11.61056350392504;11.102631888854969;11.705632387361415;11.03342300153745;10.897089128312755;12.085804380278086;10.906890595608518;10.06339508128851;10.597121428789569;11.847057346091336;11.837627933171404;10.366322214245816;11.3151495622563;11.652396861477678;11.234817431117325
10.850211143493652;9.593833923339844;9.845815658569336;10.856792449951172;9.532833099365234;10.858156204223633;10.67965602874756;9.608920097351074;10.859219551086426;10.858418464660645;9.516605377197266;9.609329223632812;10.510260581970217;10.808361053466797;10.850211143493652;9.76840591430664;10.011523246765137;10.144439697265623;9.973077774047852;10.779614448547363;9.59575080871582;10.49853229522705;10.841638565063477;10.510260581970217;10.854557991027832;10.859235763549805;10.854557991027832;10.856042861938477;10.854334831237791;9.690815925598145;10.705744743347168;10.786443710327148;9.517207145690918;10.850793838500977;10.859135627746582;9.6395263671875;10.787839889526367;10.576910972595217;9.52000331878662;9.680681228637695;10.85898780822754;10.852972030639648;10.8135986328125;10.858494758605955;10.851308822631836;9.56051254272461;10.806846618652344;10.49396800994873;10.14873504638672;10.567728996276855;10.670540809631348;10.40429401397705;10.122827994807666;9.807354922057604;10.787086324551616;9.73809225962049;11.185494924210866;10.929258408636972;10.0;10.37937836707126;10.13827180017222;9.971543553950772;10.605479518061667;10.94397991434374;10.365228849251544;10.545929769085468;11.27029532647204;9.92184093707449;10.809768128710411;10.321928094887362;10.8649599151426;10.498849206531723;10.757390009366638;10.417852514885896;9.791162888555018;10.7714894695006;10.179909090014934;11.30890780406394;10.902375114486023;9.821773981970567;9.988684686772164;10.5401280385821;9.967226258835993;11.006326078524934;11.007027266893967;10.468624042918018;10.79197682089869;10.439830883981392;10.593391122791736;10.79685079526716;10.20212382383046;11.020979938904212;10.330916878114618;10.747353829478062;11.212496385193948;10.318542809702723;10.066089190457772;9.98584193700334;11.339850002884624;11.001408194392807;10.148476582178278;10.547858506058416;10.873444112515376;10.543031820255235
9.949193000793455;9.842604637145996;9.94798755645752;7.525754928588867;9.76230525970459;9.948965072631836;7.6570940017700195;8.18004322052002;9.950244903564451;9.844342231750488;7.533901691436768;9.435800552368164;7.641727924346924;9.944198608398438;9.949193000793455;9.194938659667969;8.575119972229004;9.950235366821287;9.942303657531738;9.132461547851562;9.9513578414917;8.127944946289062;7.530265808105469;7.641727924346924;7.532590389251709;9.909812927246094;7.532590389251709;9.934151649475098;8.714324951171875;9.941740036010742;9.9515380859375;8.715115547180176;7.962138652801514;8.769314765930176;7.575023174285889;9.928962707519531;8.00503921508789;8.255600929260254;8.378142356872559;9.951327323913574;9.710404396057127;7.531347751617432;9.840818405151367;9.888053894042969;9.92373275756836;9.707545280456545;9.866103172302246;8.963411331176758;8.97126579284668;9.568206787109377;8.672760963439941;8.9837007522583;8.957102041562287;11.21006248324023;10.7431513941125;9.290018846932618;10.579315937580017;11.140829770773;10.546894459887636;9.489847960439295;9.799281621521924;9.734709620225836;10.531381460516313;10.25502856981873;8.539158811108031;11.61286849729104;10.542064542283445;9.118941072723509;8.651051691178928;10.30149619498255;11.326991174900815;10.909143047339898;10.8193807908646;10.583082767502932;9.754887502163468;11.13827180017222;9.174925682500678;10.800090987624994;10.827342704234116;7.665335917185176;9.92481250360578;10.326429487122304;8.204571144249204;9.878050912728536;9.91288933622996;10.685624839726357;11.396069557639867;7.714245517666122;8.885696373339394;11.345959596404112;7.936637939002571;12.00105627463478;9.236014191900084;10.968666793195208;11.436711542137214;11.161761743304677;9.974414589805528;10.673309075561695;10.622051819456376;11.310612781659527;10.144658242831882;9.847057346091336;9.923327485419192;9.874981347653774
