SYN-SAMPLE-90;SYN-SAMPLE-219;SYN-SAMPLE-269;SYN-SAMPLE-493;SYN-SAMPLE-384;SYN-SAMPLE-266;SYN-SAMPLE-300;SYN-SAMPLE-218;SYN-SAMPLE-301;SYN-SAMPLE-375;SYN-SAMPLE-249;SYN-SAMPLE-208;SYN-SAMPLE-6;SYN-SAMPLE-424;SYN-SAMPLE-353;SYN-SAMPLE-183;SYN-SAMPLE-343;SYN-SAMPLE-314;SYN-SAMPLE-303;SYN-SAMPLE-164;SYN-SAMPLE-237;SYN-SAMPLE-290;SYN-SAMPLE-391;SYN-SAMPLE-248;SYN-SAMPLE-374;SYN-SAMPLE-472;SYN-SAMPLE-410;SYN-SAMPLE-331;SYN-SAMPLE-42;SYN-SAMPLE-25;SYN-SAMPLE-96;SYN-SAMPLE-429;SYN-SAMPLE-18;SYN-SAMPLE-5;SYN-SAMPLE-345;SYN-SAMPLE-487;SYN-SAMPLE-460;SYN-SAMPLE-139;SYN-SAMPLE-372;SYN-SAMPLE-289;SYN-SAMPLE-144;SYN-SAMPLE-396;SYN-SAMPLE-24;SYN-SAMPLE-246;SYN-SAMPLE-379;SYN-SAMPLE-342;SYN-SAMPLE-12;SYN-SAMPLE-337;SYN-SAMPLE-123;SYN-SAMPLE-486;SYN-SAMPLE-26;SYN-SAMPLE-35;TCGA-CH-5761-11A;TCGA-HC-7752-11A;TCGA-HC-8259-11A;TCGA-CH-5768-11A;TCGA-EJ-7784-11A;TCGA-EJ-7125-11A;TCGA-G9-6348-11A;TCGA-G9-6365-11A;TCGA-EJ-A8FO-11A;TCGA-G9-6384-11A;TCGA-HC-8262-11A;TCGA-EJ-7321-11A;TCGA-HC-7747-11A;TCGA-HC-7819-11A;TCGA-EJ-7793-11A;TCGA-HC-7745-11A;TCGA-CH-5769-11A;TCGA-G9-6342-11A;TCGA-EJ-7315-11A;TCGA-EJ-7330-11A;TCGA-EJ-7792-11A;TCGA-EJ-7314-11A;TCGA-HC-7740-11A;TCGA-EJ-7781-11A;TCGA-HC-7737-11A;TCGA-EJ-7123-11A;TCGA-EJ-7794-11A;TCGA-HC-7211-11A;TCGA-G9-6496-11A;TCGA-EJ-7783-11A;TCGA-HC-7738-11A;TCGA-CH-5767-11B;TCGA-EJ-7782-11A;TCGA-G9-6356-11A;TCGA-EJ-7331-11A;TCGA-HC-8258-11A;TCGA-G9-6499-11A;TCGA-EJ-7786-11A;TCGA-G9-6362-11A;TCGA-EJ-7797-11A;TCGA-G9-6351-11A;TCGA-EJ-7328-11A;TCGA-EJ-7327-11A;TCGA-HC-8260-11A;TCGA-G9-6363-11A;TCGA-J4-A83J-11A;TCGA-EJ-7789-11A;TCGA-EJ-7785-11A;TCGA-G9-6333-11A;TCGA-EJ-7115-11A;TCGA-EJ-7317-11A;TCGA-HC-7742-11A
12.060269355773926;12.171905517578123;11.81466293334961;12.084904670715332;12.171629905700684;10.775504112243652;10.782907485961914;12.14285659790039;12.169585227966309;12.14783000946045;11.537030220031738;10.8280029296875;10.92129135131836;10.770949363708496;11.52462387084961;11.469778060913086;12.167664527893066;11.91639232635498;10.752443313598633;11.741888999938965;12.173009872436523;11.919517517089844;12.142082214355469;11.442584991455078;10.811763763427734;12.134944915771484;10.743517875671388;12.089296340942385;10.817967414855955;10.7433500289917;11.535791397094728;10.853819847106934;10.881633758544922;12.174662590026855;10.74331760406494;12.15971565246582;10.747780799865724;10.84619426727295;12.153172492980955;10.743313789367676;10.747639656066896;11.646292686462402;12.017258644104004;12.029921531677246;11.893060684204102;10.92555809020996;12.131832122802734;12.17084503173828;11.652408599853516;11.729866981506348;11.067228317260742;11.790352821350098;11.29978040285854;12.037890085142507;11.158609688214478;10.24436383512051;11.1767964781476;12.285980105928212;11.68650052718322;11.232420927176076;11.121533517340032;10.800899899920305;10.4655664048094;11.862249900851513;11.96686590038754;11.682116764950074;11.397674632948268;11.325305455089682;11.788310503700918;12.00982861736811;11.096056239180946;11.519144787997414;11.23421867823847;10.901621158346112;10.637530551525307;11.024447124040648;11.04916787237217;11.821773981970567;11.075479149488016;11.172427508645482;11.789126046425231;11.425215903299383;10.623881490013458;11.0566377151132;11.61240779313867;11.510764167917891;11.711666973564348;11.839597483021176;11.998942951443086;11.183015000882756;11.952741247186488;12.292033985499543;11.81658370778757;11.585901449690772;11.747353829478062;11.618844301766652;12.141468555393084;11.31628153174622;11.771902080697716;11.726218159332198;11.760719947465624;11.090112419664289;11.400879436282183;11.52845411076479
13.067715644836426;11.65570068359375;12.79127025604248;13.10445785522461;11.646806716918944;13.07606029510498;11.677142143249512;13.076858520507812;13.10861873626709;13.10578727722168;13.040090560913086;11.64362621307373;12.678736686706545;13.004737854003906;11.668492317199709;13.03754711151123;12.655208587646484;12.83985710144043;12.900035858154297;11.980291366577148;11.68588924407959;13.03591251373291;11.640220642089844;12.534075736999512;11.654620170593262;13.10162353515625;11.639988899230955;12.968527793884276;12.924036026000977;12.245841979980469;13.073404312133787;11.688650131225586;13.10834503173828;11.639968872070312;12.018601417541504;13.048665046691896;13.082289695739746;11.644150733947754;12.9312105178833;12.861845016479492;12.118328094482422;12.80881404876709;12.78968620300293;13.104822158813477;13.108610153198242;12.819019317626951;11.640140533447266;13.10531234741211;13.07177734375;11.643355369567873;12.580267906188965;12.742040634155272;12.713171684314805;12.37232095486726;12.458150248057557;12.39231742277876;13.485703545284585;11.4757334309664;12.45404219747008;12.29318423075951;12.3701424794954;12.614939847310737;12.918304233699931;13.594907723063336;12.635037871183252;13.323477033150423;13.044052531801302;12.475480126595476;12.735344469539005;12.200898605038445;13.359200485133632;12.732167425663384;12.95383268214528;12.833483105659584;12.084476237453892;13.336367081389795;12.649256177517314;13.981834819231716;13.64227737850386;11.794821973331224;12.231821178657404;12.177108041703692;12.178976011374523;13.49460561567122;11.99929538702341;13.093087390444218;13.189824558880018;12.418116141207488;12.585197295260024;13.407267764244732;12.147204924942228;12.494855584491198;12.700656452918167;13.29246543494927;13.01314817145476;12.682116764950074;12.743782540330756;12.983528071165097;12.69261550169458;12.505315356136236;12.512740462803498;12.652396861477678;12.993999791792524;12.64250302878052
7.124048709869385;7.123401641845703;6.886449813842773;7.12388801574707;4.929568290710449;7.073731899261475;4.845413684844971;7.124180316925049;7.124109268188477;4.769735336303711;7.120547771453857;4.775827407836914;5.999744892120361;4.963069438934326;4.801713466644287;7.124203681945801;7.117386817932129;4.986354351043701;6.072895050048828;4.774787425994873;4.908894062042236;4.871109962463379;5.14858341217041;7.062295436859131;5.344998359680176;6.931285858154297;4.76972770690918;7.120842933654785;6.445863246917725;4.781269073486328;7.106471061706543;4.76969575881958;5.519169807434082;4.844343185424805;4.922653675079346;5.442715167999268;5.201944351196289;4.813441753387451;6.904568672180176;7.123752117156982;4.76979398727417;5.532468318939209;6.807059288024902;5.167375564575195;7.124199867248535;5.325172424316406;4.839579582214356;7.043300628662109;7.117269515991211;4.785238265991211;7.119400978088379;4.773237228393555;6.409390936137702;5.672425341971495;4.954196310386875;3.169925001442312;6.066089190457772;4.700439718141092;5.20945336562895;5.643856189774724;5.672425341971495;3.906890595608519;5.614709844115208;5.78135971352466;2.807354922057604;5.129283016944966;4.700439718141092;1.584962500721156;8.787902559391432;5.78135971352466;6.857980995127572;6.189824558880018;5.426264754702098;5.807354922057604;3.700439718141092;5.426264754702098;2.807354922057604;3.584962500721156;6.794415866350106;0.0;4.247927513443585;3.700439718141092;1.0;7.839203788096944;6.0;6.658211482751795;5.392317422778761;0.0;6.022367813028454;4.807354922057604;6.599912842187128;4.807354922057604;3.807354922057604;5.129283016944966;5.285402218862249;3.169925001442312;6.965784284662087;5.977279923499917;6.20945336562895;5.044394119358453;4.087462841250339;5.247927513443585;4.247927513443585;4.247927513443585
9.741004943847656;9.92420768737793;6.710952281951904;9.030634880065918;7.253794193267822;9.8934907913208;6.803329944610596;9.81785011291504;6.770267963409424;6.711437225341797;6.71771240234375;9.235217094421388;9.920848846435549;6.739503860473633;7.685128211975098;8.03764533996582;7.848652839660644;6.761503219604492;9.899972915649414;6.7099385261535645;9.54905128479004;9.876173973083496;6.70977783203125;6.709765434265137;9.71763038635254;9.766878128051758;6.712906837463379;6.865645408630371;6.739808559417725;9.85395050048828;9.867803573608398;7.253688335418701;9.671605110168455;8.903754234313965;9.82508945465088;9.765789985656738;9.89710521697998;6.940546035766602;9.696553230285645;7.107033729553223;6.722535610198975;7.392369270324707;6.738606929779053;9.813790321350098;7.6029887199401855;6.797414302825928;7.266502380371094;6.7591938972473145;9.923641204833984;9.918718338012695;7.928711891174316;8.524794578552246;7.022367813028454;10.184875342908285;9.843921051289035;6.9886846867721655;8.915879378835774;10.557463701597824;10.1331422124006;8.118941072723507;8.409390936137703;8.326429487122303;7.622051819456376;9.368506461507693;9.231221180711186;8.577428828035748;9.573647187493322;9.517669388133813;6.727920454563199;7.98299357469431;10.947636937951827;10.48683502156305;9.271463027904376;10.181152256865566;8.129283016944967;11.423641195075856;9.019590728357882;11.070120944476823;9.368506461507693;6.78135971352466;9.654636028527968;9.571752643503546;9.485829308701904;9.586839787961829;8.807354922057604;7.546894459887636;10.987264012072538;7.330916878114617;8.581200581924957;10.850186837645774;8.98299357469431;11.635718120331047;8.661778097771988;11.359200485133632;9.558420713268664;8.599912842187127;7.971543553950772;8.539158811108031;9.550746785383245;10.823367240046236;8.022367813028454;8.92184093707449;8.098032082960527;8.179909090014934
1.8889472484588623;1.8774067163467407;5.013625144958496;5.036038398742676;1.8774582147598269;5.295519828796387;1.959949612617493;3.9030373096466064;3.2813961505889893;5.29918098449707;4.959155559539795;4.334129810333252;5.268747806549072;5.289106845855713;1.919377326965332;3.423400640487671;1.877608299255371;5.15911865234375;5.156257629394531;2.432337045669556;2.1439359188079834;5.230407238006592;2.03559684753418;2.2238943576812744;1.87986958026886;5.141395568847656;1.8808581829071045;5.296694755554199;2.2288260459899902;5.301102161407471;5.247579574584961;4.490498065948486;4.962064266204834;5.148351192474365;4.931313991546631;1.8942283391952517;1.9364091157913208;2.5375938415527344;1.936763882637024;5.300039768218994;1.877453684806824;3.0888638496398926;5.238868236541748;1.9729441404342647;3.569923162460327;2.0989551544189453;5.262818813323975;5.301003456115723;2.5143072605133057;1.878177285194397;4.8258867263793945;2.408048629760742;4.954196310386875;5.0;5.285402218862249;7.257387842692652;4.643856189774724;4.169925001442312;5.523561956057013;8.60733031374961;6.894817763307944;3.169925001442312;4.906890595608519;4.857980995127572;3.169925001442312;4.700439718141092;4.523561956057013;3.584962500721156;2.321928094887362;4.906890595608519;6.409390936137702;5.700439718141092;6.9886846867721655;6.149747119504682;3.584962500721156;6.539158811108031;4.321928094887363;5.0;6.129283016944966;2.807354922057604;8.076815597050832;3.807354922057604;3.4594316186372973;5.392317422778761;5.554588851677638;5.78135971352466;5.392317422778761;3.0;1.584962500721156;6.643856189774724;3.4594316186372973;6.169925001442312;3.4594316186372973;6.044394119358453;4.169925001442312;4.954196310386875;6.832890014164741;7.599912842187128;6.247927513443585;5.78135971352466;7.924812503605781;5.491853096329675;5.20945336562895;3.169925001442312
12.084577560424805;12.289419174194336;10.806947708129885;12.135974884033203;11.130620956420898;12.27469539642334;10.85191822052002;10.804744720458984;12.290870666503906;12.27168083190918;11.77729320526123;10.791207313537598;12.291234016418455;11.634414672851562;11.176179885864258;12.281326293945312;12.292160034179688;11.678900718688965;12.281723976135254;10.880074501037598;10.925641059875488;11.616744041442873;10.850337982177734;11.45977020263672;10.9374361038208;12.270550727844238;10.792247772216797;10.915998458862305;12.283284187316896;10.80202865600586;11.74774169921875;11.574626922607422;12.284032821655272;10.793317794799805;10.966633796691896;12.28924560546875;12.292272567749023;10.791868209838867;12.154541015625;12.246240615844728;10.97032356262207;11.499295234680176;11.45014762878418;12.292259216308594;12.29226779937744;10.811979293823242;10.791149139404297;10.99966812133789;11.52457332611084;11.12867259979248;10.855210304260254;11.111980438232422;11.349281228817452;10.977995368612962;12.11829223302699;11.321928094887362;12.260919533662904;11.615169813843602;11.072132604167232;11.541096615349524;10.94104760634058;11.391243589427445;11.355351096424812;12.29117069932186;11.767770648776704;12.153552031708111;12.026869205263395;11.022367813028454;11.616089313582115;11.879583249612784;11.814582465906277;11.35149140932002;11.68255574108031;11.671541066711884;11.171802288682985;11.643405277115674;11.580258567499788;12.330076554797458;11.852139328187244;11.016111838220512;10.880348808156027;10.793603309279408;11.199058823653022;12.146250445885986;11.841171189248543;11.79400964502097;12.118616689351509;11.62067804213541;11.714245517666123;12.042685372219353;10.817783121774534;12.026523442519766;11.562242424221072;11.600842114387302;12.734074491428045;11.849405100947758;12.177108041703692;11.295194955880657;12.122180901259751;11.805743872151618;11.13699111208023;11.665780028329484;12.456354415108288;11.77313920671969
2.0218091011047363;1.6542333364486694;0.6992139220237732;1.8105939626693728;1.9962929487228396;2.021862506866455;1.6196672916412354;1.3394204378128052;0.5075982809066772;0.0;2.021569013595581;0.0;2.016720771789551;1.123149037361145;0.0;1.6982258558273315;0.0;0.0;1.7652380466461182;0.0761793255805969;2.018989562988281;0.0;1.0745965242385864;2.000131845474243;0.0;0.0;0.0;0.0;2.0218546390533447;0.0;1.3915599584579468;0.0;0.0926067233085632;2.020265817642212;0.3961716294288635;0.0;0.69863361120224;1.1225849390029907;1.9913127422332764;1.7421917915344238;0.0;0.0064596552401781;0.0;0.0192571897059679;1.91142737865448;2.020275115966797;1.9233359098434448;1.708302617073059;0.0;0.0;2.021467685699463;0.0;1.0;1.584962500721156;0.0;0.0;0.0;0.0;1.584962500721156;4.392317422778761;2.584962500721156;1.0;0.0;1.584962500721156;0.0;1.0;0.0;0.0;1.0;2.0;1.584962500721156;0.0;1.0;0.0;2.584962500721156;0.0;0.0;0.0;0.0;0.0;1.0;0.0;3.321928094887362;1.584962500721156;0.0;1.584962500721156;1.584962500721156;0.0;0.0;0.0;2.0;1.0;0.0;0.0;0.0;0.0;0.0;1.0;0.0;1.0;0.0;0.0;0.0;0.0
8.463231086730957;8.462823867797852;8.560416221618652;11.264687538146973;8.463583946228027;8.489411354064941;10.893512725830078;8.526318550109863;9.229576110839844;11.571661949157717;10.093141555786133;8.569554328918457;11.571687698364258;11.558120727539062;8.806532859802246;8.464746475219727;8.530179977416992;11.546643257141112;11.571678161621094;10.728342056274414;8.884849548339844;10.21639347076416;8.588380813598633;8.503007888793945;8.482871055603027;11.188501358032228;8.965227127075195;10.126630783081056;11.570877075195312;11.567493438720703;11.53801727294922;11.511706352233888;11.562298774719238;11.457808494567873;11.54073429107666;8.783415794372559;11.558862686157228;10.758060455322266;8.469650268554688;8.509613037109375;8.46397590637207;10.882665634155272;10.012154579162598;11.57006549835205;11.440873146057127;8.465534210205078;11.414262771606444;9.37689208984375;8.555753707885742;8.489480018615723;11.544015884399414;10.375798225402832;12.578844391558205;11.749450465569916;12.363587246524578;11.643405277115674;12.985130373466898;11.762382038710392;11.922584402713664;12.702389159976336;11.980139577639155;12.242578689451346;12.660664477461278;12.60130652612184;12.619990662606378;12.63594479878872;12.233020426474496;12.615399743725495;10.377210530388552;12.044052531801302;12.259449046285685;12.118616689351509;12.62844554013718;12.078484417411447;11.929258408636972;12.602698865017963;12.954014507722544;13.333155350310616;13.065752701816972;11.28886607416582;12.014369242235135;11.985486199104637;12.332036548361652;13.652284811845306;12.2836671674915;12.60408986146918;11.916999049082808;12.566291930007871;11.855647166027266;12.02997734658958;8.661778097771988;12.12023787734196;12.202429966015352;12.14974711950468;11.888362741170644;12.700656452918167;11.57553924683453;12.35397382181817;12.717676423066395;12.261213451366048;12.506307581100309;12.53818893205242;11.839597483021176;12.06373212019692
10.804054260253906;10.801955223083496;12.507526397705078;12.478252410888672;10.804801940917969;10.816168785095217;12.3589448928833;12.516473770141602;12.513702392578123;12.516975402832031;12.424394607543944;12.34370231628418;12.505908966064451;11.836118698120115;10.980232238769531;11.564099311828612;11.023393630981444;10.864290237426758;12.475915908813477;12.49063205718994;10.80309009552002;10.861234664916992;10.810025215148926;12.51236343383789;10.822585105895996;12.512493133544922;10.802593231201172;12.494668960571287;10.86354923248291;12.514577865600586;11.102325439453123;10.819742202758787;12.48432159423828;10.826485633850098;12.474404335021973;12.41810417175293;12.394248962402344;10.851598739624023;10.834818840026855;12.507108688354492;10.856293678283691;11.705914497375488;12.21775245666504;12.515512466430664;12.501416206359863;12.348913192749023;10.81494426727295;12.490795135498049;12.214484214782717;10.801916122436523;12.492521286010742;10.853045463562012;11.390706372872774;13.48167331644727;13.237508748172656;11.10459875356437;12.826349864720092;11.834471049984222;13.511382050937696;12.187042714339894;13.14433959124784;13.121695390556573;11.771902080697716;13.095726668639047;11.820178962415188;13.00544911354693;13.451855028397755;13.124606006959192;12.107870914279614;12.147204924942228;13.52833200886121;13.30435132166324;12.841760886800548;13.102139753410698;11.499845887083206;14.28886607416582;11.900112062977456;15.339467292852603;13.322209843748894;10.122827994807666;13.229269462266736;14.05604493693527;12.04814625421956;12.508289986140348;11.79766152585376;10.470658874060552;13.550867004960905;10.99859042974533;13.027387694052765;13.930275335112052;11.59618975614441;13.532964631698826;12.618614920250804;14.245404150930328;12.43514933836693;12.637756945412145;12.850382205652153;12.950191349972702;12.46326891598129;13.220378327695228;12.865539970785695;12.33063682472329;12.58941707576861;12.052568050804153
12.58871364593506;11.678847312927246;11.70221710205078;12.829155921936035;12.78524684906006;12.061185836791992;11.687773704528809;12.61108684539795;12.829627990722656;12.829686164855955;12.820706367492676;11.656928062438965;12.828652381896973;12.504759788513184;11.699130058288574;12.667010307312012;12.60262966156006;11.958195686340332;12.682151794433594;11.926307678222656;12.817206382751465;11.836162567138672;12.791526794433594;12.792576789855955;11.657851219177246;12.75286102294922;11.657106399536133;11.818714141845703;12.829278945922852;11.656850814819336;12.771642684936523;11.703170776367188;12.811495780944824;12.82907009124756;11.656813621520996;12.756909370422363;12.444121360778809;11.671394348144531;12.682040214538574;11.656781196594238;11.658011436462402;12.24119758605957;12.492471694946287;12.829673767089844;12.829707145690918;12.107757568359377;12.716870307922363;12.738606452941896;11.735923767089844;11.667033195495604;12.818771362304688;11.684022903442385;12.619073646817748;12.130892269806624;13.11699367754698;11.741466986401146;12.692179576312538;12.51668494930961;12.613559277788264;13.023061249735337;11.97656412341533;13.046612469258132;12.228518097716194;13.242280950302444;12.363860976729532;13.13651056079364;12.89822347121556;12.061708704660624;12.521600439723729;12.791162888555018;12.298349015658186;12.3188252203997;12.4797802640291;12.096056239180946;11.42678889459556;12.037890085142507;12.079151405421891;13.02997734658958;12.44475608969503;11.67065624911844;12.107217075591382;11.90350531042388;11.57790083688697;13.254733389246674;12.326991174900815;13.290594888082572;12.803727526553114;12.219168520462162;11.754887502163468;12.480032814583948;10.93810932621924;12.652620934638165;12.779719355143405;12.526499239136566;13.111950706153165;12.933506249629444;12.746304367701304;12.723234300893376;12.84313591111135;12.4578938373147;12.633449374713493;12.557463701597824;12.687594389576123;12.717676423066395
16.255311965942383;16.25258445739746;15.242631912231444;16.251195907592773;16.254222869873047;16.212047576904297;16.153348922729492;16.210365295410156;16.255186080932617;16.255373001098633;15.764866828918455;14.956657409667969;16.254920959472656;16.174074172973633;14.993969917297363;16.18828773498535;16.250978469848633;14.983936309814451;16.251056671142578;16.233367919921875;15.500054359436035;14.95907974243164;16.06175994873047;16.230741500854492;14.973830223083496;16.21769142150879;14.958799362182615;14.959749221801758;16.248939514160156;14.95676612854004;15.007732391357422;14.958653450012209;16.24457359313965;14.957903861999512;14.958352088928224;16.148038864135742;16.255334854125977;14.956985473632812;16.242368698120117;15.208138465881348;15.98201847076416;15.124167442321776;15.035072326660156;16.255380630493164;16.255393981933594;16.24338150024414;14.95694065093994;14.973428726196287;15.311573028564451;14.95952320098877;16.24290657043457;15.218387603759766;15.146847069293392;15.177030157122418;15.964431123667882;15.020155256487037;16.61132744095157;16.6183711624227;15.455519875047573;16.504182765805346;15.60877459762325;17.131555564021138;17.1546500221246;16.11445406064108;15.7290364952082;16.4053243152725;16.421686824157696;15.166594633778535;15.869449258058928;16.154066509638966;15.661611109515434;15.735027079802624;15.871857121360522;15.51797688755755;15.145096273872104;15.787520006809338;15.847277610481324;16.567629341173127;15.860214044191483;15.246517943188914;15.571723021504283;15.519728383866024;15.234518085739987;16.377447796245658;15.944162985854788;17.95651228838106;15.782511974789088;15.483311954999351;15.886506327479497;15.845710554733882;17.82564825991016;16.28406496777351;16.191676146352428;16.21617745775159;16.34850340710174;16.53767341848018;16.66441950595643;16.161446847518008;16.199058823653022;16.156774386398652;16.11914377529938;15.870774080165248;16.449648419608874;15.873444112515376
8.33510684967041;7.810787677764893;9.225004196166992;9.878303527832031;7.811077117919922;9.550582885742188;8.93131160736084;9.823593139648438;9.946788787841797;9.980276107788086;8.456740379333496;7.975828170776367;9.93789768218994;9.862853050231934;7.844399929046631;9.96762466430664;7.814941883087158;9.235067367553713;9.829245567321776;7.907411098480225;8.257411003112793;9.972471237182615;7.843362331390381;7.907558917999268;7.9640727043151855;9.892048835754396;8.78564453125;9.886149406433104;8.228142738342285;9.979716300964355;9.97873592376709;8.294301986694336;9.978856086730955;7.822538375854492;9.956595420837402;8.5436429977417;8.356465339660645;7.887244701385498;7.848762989044189;9.980393409729004;8.509525299072266;9.160249710083008;8.735081672668457;9.464982986450195;9.952951431274414;9.765722274780272;8.873486518859863;8.93523120880127;8.702476501464844;7.812469482421875;9.906153678894045;8.567124366760254;9.774787059601174;10.380461065088973;10.10459875356437;8.294620748891628;9.447083226209651;9.54882190845875;10.002815015607052;10.103287808412022;8.693486957499324;9.558420713268664;9.257387842692651;10.368506461507693;9.169925001442312;10.236014191900084;9.605479518061667;9.071462362556623;9.507794640198696;9.834471049984222;11.65954999687987;9.94251450533924;9.802516365121225;9.236014191900084;9.703903573444665;10.14974711950468;9.14210705730255;9.92035285541508;9.876516946565;9.447083226209651;9.930737337562888;8.044394119358454;8.144658242831882;10.25502856981873;9.813781191217036;8.965784284662087;10.553629293916364;8.507794640198696;9.346513733165636;10.258566033889933;8.426264754702098;10.134426320220928;9.884170519108435;10.20212382383046;10.145932145820517;9.216745858195306;9.923327485419192;9.712527000439824;9.663558104217271;9.94397991434374;9.451211111832327;9.41574176829009;9.457380879072534;9.54882190845875
12.416176795959473;12.184063911437988;12.19133472442627;12.360251426696776;11.063611030578612;12.291383743286133;11.171892166137695;12.311829566955566;12.441390991210938;12.439672470092772;11.844584465026855;10.97534465789795;12.271088600158691;11.777658462524414;11.12548828125;12.439047813415527;12.44036865234375;12.202290534973145;12.39199924468994;12.196707725524902;10.979459762573242;11.558904647827148;10.98304271697998;12.04587173461914;11.098834991455078;12.41511344909668;10.97497272491455;12.326027870178224;12.280874252319336;11.061230659484863;12.014755249023438;10.981538772583008;12.440800666809082;10.97455596923828;11.481167793273926;12.434946060180664;12.44140911102295;10.9766263961792;11.836495399475098;12.438305854797363;12.338377952575684;12.08076000213623;11.984115600585938;12.441404342651367;12.44140911102295;11.065962791442873;10.97455596923828;12.281962394714355;12.15998077392578;10.988420486450195;11.05144500732422;12.292312622070312;11.57459352733761;11.531868775177552;11.869979332899964;11.420486612825774;12.47649307734159;11.26620091249896;11.325867580575418;11.208234358339787;11.222191138456331;11.171802288682985;11.584492796975876;12.393658591454772;11.807354922057604;12.33399388276136;12.070120944476823;11.289442575688332;12.451468712947358;11.523071826940395;12.352595231134304;11.583082767502932;11.88760142450871;11.887220615468385;11.276124405274238;12.33371442609397;11.971184272404678;12.875941288497554;12.255323690008137;11.211279947482009;11.26209484537018;11.271463027904376;11.23421867823847;12.237209960755022;11.667555107041132;11.631631805917635;12.111135670234708;11.639792893279312;12.465056167831175;12.356176830516356;12.161131882984307;11.967226258835993;11.756556322524087;11.897845456005513;12.521600439723729;11.844705764411938;12.919422024335052;11.252074042796185;12.144658242831882;11.79685079526716;11.233619676759702;11.709945380232496;12.303495376790377;11.830119025444516
10.48465061187744;10.481208801269531;10.49577808380127;12.57682991027832;10.492549896240234;11.19869613647461;12.202704429626465;12.213398933410645;10.729994773864746;12.978269577026367;10.531156539916992;10.807722091674805;12.978370666503906;12.963311195373535;10.589345932006836;10.489404678344728;10.481938362121582;12.842856407165527;12.977129936218262;10.680211067199709;12.844212532043455;12.033188819885254;12.46826171875;10.481563568115234;10.486809730529783;12.690571784973145;10.590572357177734;10.777722358703612;12.7800931930542;12.966245651245115;12.960634231567385;12.558902740478516;12.834962844848633;12.978371620178224;12.451796531677246;10.52612590789795;10.74742603302002;12.619595527648926;10.567620277404783;10.52534294128418;10.481170654296877;12.312902450561523;10.807662010192873;12.307646751403809;11.45136260986328;10.50193977355957;12.978226661682127;11.307626724243164;10.542600631713867;10.4857759475708;12.971033096313477;11.971674919128418;13.3972735315025;13.931845540183671;13.654188473059545;13.27772328161035;13.966775796709472;14.59333276016138;14.140350496628438;14.994795371321157;14.044735626056909;13.56271942704932;14.747825838329282;14.193217322699065;16.522366974485337;13.514837313999376;13.629015032522458;15.496604154575603;11.942147920394849;14.2321960506982;13.290162878784272;13.96605476462555;13.37000621550088;12.980139577639155;15.7737573721398;13.451468712947358;15.683871868622605;14.230620933129869;13.912515144802397;15.968689290135584;14.32678056760998;13.863895873695071;15.227503134450028;14.645602146391854;13.631972774534868;14.706549977818112;13.351905441476942;16.457525167013536;13.465948964154254;13.064742764750257;11.289442575688332;14.19067349813204;13.454813348512523;13.886363427434055;13.209301046034142;13.489095315413504;13.339850002884624;13.609755885423706;13.746094383705463;13.71177450496535;15.096632806531044;13.166476950816804;13.1526017440192;13.301067438218515
16.836044311523438;16.83229637145996;16.148229598999023;16.825531005859375;16.83310890197754;16.733747482299805;16.628299713134766;16.815351486206055;16.83669662475586;16.836742401123047;15.953855514526367;15.659302711486816;16.821266174316406;16.728939056396484;15.699522018432615;16.81910514831543;16.83303451538086;16.451427459716797;16.786474227905273;16.83224105834961;16.61246681213379;15.721379280090332;16.80497932434082;16.498483657836914;15.669222831726074;16.817033767700195;15.659760475158691;15.689932823181152;16.81694984436035;15.659331321716309;15.760438919067385;15.665488243103027;16.830204010009766;15.664521217346191;15.659445762634276;16.823925018310547;16.836427688598633;15.659656524658203;16.83237075805664;15.674848556518556;16.51981544494629;15.94284725189209;15.82163143157959;16.83673667907715;16.83673858642578;16.707534790039062;15.659941673278809;16.18199920654297;15.740612983703612;15.664734840393066;16.625568389892578;16.7965087890625;15.696886046427368;15.670960466379054;16.09481996125598;15.792815707955484;16.494199323942063;16.31930166312921;15.850601963040182;16.750733152104917;16.008165971639134;16.604336044042288;16.498849206531723;16.62911467058147;16.311783786024467;16.622881176445226;16.616103676116555;15.719736403540232;16.675943254080096;16.25266543245025;16.039304639245383;16.05118769466029;15.90388184573618;15.76492341074798;15.604292603111228;15.80705298720543;16.35242281463683;16.779886039160274;16.160541139084334;15.810421011444184;16.25063151408072;15.384547687744648;15.603394530887376;16.66205636858795;15.74968614656818;17.286305065707545;16.347119576638566;15.991388978798357;16.527874034663125;16.17541310253224;16.881854815394114;16.327026273127068;16.41083224797056;16.376125389276176;16.587499191828286;16.445419059502612;16.83605035505807;15.946814915494844;16.187564718943513;16.227728743558213;16.437492010125354;16.30750323669052;16.42028922221946;16.253404328774153
13.334664344787598;13.28053855895996;12.02942943572998;12.917403221130373;11.99244785308838;13.345285415649414;12.037214279174805;13.096040725708008;13.392379760742188;13.39323616027832;12.132519721984863;11.963253021240234;13.39193630218506;12.636691093444824;12.030084609985352;13.384748458862305;13.380391120910645;12.331954956054688;13.390850067138672;12.106745719909668;12.009445190429688;12.892961502075195;11.964767456054688;12.045251846313477;12.00428295135498;13.36605453491211;11.963207244873049;12.485589981079102;13.149576187133787;12.259255409240724;13.317282676696776;12.010787963867188;13.3916015625;11.96308708190918;13.039917945861816;13.384489059448242;13.393425941467283;11.964800834655762;12.776945114135742;13.392067909240724;12.640754699707031;13.015439987182615;12.239983558654783;13.393417358398438;13.393362998962402;12.01237964630127;11.962963104248049;12.179146766662598;12.728961944580078;11.9735689163208;12.095166206359863;12.880996704101562;12.781769511863132;12.823367240046236;13.380055148544896;12.406736482691723;13.640696837570092;13.08696550311009;12.878050912728536;12.615169813843602;12.579315937580017;12.8668925276766;12.675736555361906;13.674302629212166;12.757806672197228;13.586018775355935;13.623652908052923;12.691743519171276;13.138751765258174;13.098525621379464;13.54677390880832;13.177730967033272;13.22881869049588;13.148317686309303;12.229720093237413;13.681128580020994;12.75676478940414;14.656033745160467;13.456097684964202;12.100333819126542;12.770250927394864;13.033939140726387;12.27873982655011;13.551107414066758;13.104271128936894;12.824163209744158;13.690761908445976;12.539158811108033;13.138911718142744;13.625708843064466;11.9683067944308;13.496104779340126;13.018026265843226;13.538310202597684;13.848133874679752;13.159871336778387;13.326008077730997;12.47040467706564;13.507918492629631;13.308339030139408;12.717033749490891;13.088291357347815;13.589182967039353;13.075813377461454
9.306306838989258;9.972386360168455;9.420909881591797;9.765057563781738;8.540336608886719;8.885149955749512;8.461530685424805;9.979511260986328;9.980122566223145;9.958575248718262;9.797385215759276;8.530089378356934;8.806282997131348;8.851807594299316;9.61522388458252;9.969898223876951;9.980131149291992;9.208991050720217;8.543001174926758;8.637791633605957;8.464311599731445;8.594171524047852;8.456255912780762;9.480989456176758;8.724084854125977;9.979912757873535;8.453907012939453;9.82056999206543;8.492727279663086;8.478403091430664;9.378957748413086;8.462260246276855;8.758492469787598;8.48131275177002;8.491190910339355;9.979900360107422;9.976458549499512;8.46996784210205;9.917859077453612;8.571371078491211;8.459176063537598;9.87385368347168;9.688491821289062;9.947846412658691;9.97780990600586;8.492181777954102;8.453971862792969;9.976840019226074;9.972670555114746;8.468816757202148;8.567071914672852;8.98493480682373;8.72451385311995;9.535275376620802;9.4797802640291;8.654636028527968;9.754887502163468;9.134426320220928;9.426264754702098;9.394462694610317;9.310612781659527;9.03342300153745;8.366322214245816;10.271463027904376;9.611024797307351;9.189824558880018;10.118941072723509;9.321928094887362;10.108524456778168;9.266786540694902;10.370687406807216;9.78463484555752;9.640244936222343;9.471675214392045;8.689997971419446;9.571752643503546;9.162391328756906;10.37937836707126;9.870364719583405;7.965784284662087;9.505811553919594;9.43879185257826;9.044394119358454;9.453270634010623;9.199672344836364;8.936637939002571;9.939579214314692;8.679480099505446;10.171176797651771;10.404077136241234;8.64745842645492;10.084808387804362;9.366322214245816;10.214319120800766;9.552669097514272;9.319672120946995;9.49585502688717;9.422064766172811;9.902375114486023;9.91737207947684;8.98299357469431;9.49585502688717;9.61286849729104;8.794415866350105
13.260649681091309;11.794715881347656;12.913965225219728;13.004213333129885;11.4055814743042;13.289860725402832;11.378911972045898;12.76846408843994;13.31154441833496;13.302654266357422;13.13295841217041;11.37075138092041;12.516165733337402;12.994415283203123;11.467305183410645;13.268698692321776;13.233323097229004;12.625359535217283;13.160919189453123;12.217225074768066;11.38914680480957;12.717002868652344;11.369564056396484;12.856310844421388;11.430109024047852;13.266361236572266;11.366952896118164;13.06700325012207;12.88406753540039;12.138497352600098;12.962897300720217;11.400249481201172;13.310517311096191;11.366345405578612;13.067205429077148;13.272967338562012;13.311705589294434;11.37620449066162;12.983854293823242;13.305590629577637;13.22509479522705;12.762007713317873;12.854796409606934;13.311304092407228;13.311631202697754;11.925629615783691;11.36636447906494;13.281062126159668;13.090901374816896;11.393020629882812;11.447783470153809;12.950533866882324;12.49859992877026;12.127671967038982;12.40832974076739;12.319954310686944;13.513110716890193;11.42678889459556;12.255618749839597;12.249113452713727;11.925554439873554;12.470658874060552;13.150857922538847;13.632313662586126;12.700222950799256;13.252813241993014;13.252517607762288;12.518898992777316;12.889123656294238;12.09901899101923;13.459815807989589;12.640470904590089;12.885505729792254;12.902940323128275;12.264149339723328;13.326148561205557;12.866506212226202;14.003517912108602;13.58660526060361;12.141468555393084;12.156715144224702;11.873828574886977;12.371504412043336;13.416005780559267;12.135067945777816;12.822769974444292;13.197830998012195;12.594324603924848;12.428098411832506;13.386940245324311;12.4070021479242;12.28886607416582;12.351767443959892;13.222191138456331;13.21204034123855;12.651724433108065;12.896521622224974;12.585197295260024;12.795024983961389;12.586136091480489;12.309192106959902;12.660218788535618;13.103943429891558;12.659772961881613
11.700271606445312;10.46854019165039;10.566822052001951;11.59868621826172;10.441106796264648;11.656854629516602;10.44865608215332;11.73430347442627;11.75153636932373;11.751940727233888;11.590052604675291;10.380209922790527;11.74656581878662;11.396164894104004;10.459327697753906;11.435612678527832;11.726208686828612;11.120970726013184;11.740019798278809;10.83593463897705;10.445112228393556;10.958425521850586;10.380379676818848;11.17682933807373;10.390436172485352;11.72065258026123;10.379706382751465;10.690433502197266;11.719951629638672;10.743677139282228;11.529967308044434;10.406045913696287;11.749774932861328;10.379663467407228;11.416740417480469;11.697391510009766;11.752013206481934;10.383898735046388;11.34740924835205;11.69801139831543;10.580737113952637;11.436914443969728;10.843905448913574;11.751913070678713;11.751879692077637;10.76832103729248;10.379674911499023;11.581741333007812;11.265508651733398;10.38044261932373;10.84146213531494;11.149907112121582;11.321928094887362;11.286557761607956;11.631631805917635;11.13249972962851;12.227014193649133;11.264442600226602;11.418379719364957;11.43514933836693;11.210671343785622;11.345959596404112;11.578844391558205;12.021327032624372;12.231821178657404;11.889884170302828;12.12638183054264;11.580729651598958;11.11699367754698;11.476239906323851;12.107870914279614;11.756556322524087;11.810973220002165;11.71295682169755;11.62296694479051;12.1901333218648;12.172114932533136;13.116506417748072;12.250002267840449;11.51717725268954;11.29232163280204;11.737669863177452;11.659995892429976;12.36468185586456;11.591522346570734;11.458406613236534;11.945077995107816;11.97906787148051;11.580258567499788;12.227315099905493;11.407798850221974;11.813380386924727;11.573173784686484;12.01854794187165;12.098032082960527;11.445532219028312;11.671098725748465;11.152284842306582;11.854089179870574;11.875749351420056;11.394998514501673;11.709083812550343;11.805340828416384;11.400345796534694
12.549861907958984;11.882977485656738;13.03946018218994;13.066154479980469;11.896491050720217;11.884607315063477;13.063636779785156;13.040502548217772;13.038615226745604;13.067045211791992;13.057671546936035;12.750737190246582;13.067272186279297;12.773287773132324;12.9221773147583;11.883719444274902;13.01361083984375;12.704636573791504;13.06553077697754;13.045708656311035;11.8866548538208;11.90721607208252;11.903556823730469;13.02989673614502;12.16416835784912;13.066242218017578;11.882780075073242;12.956210136413574;13.066275596618652;12.618196487426758;12.72142505645752;11.968217849731444;13.057817459106444;12.045714378356934;12.107813835144045;13.051907539367676;11.9149169921875;11.907211303710938;12.033803939819336;11.881893157958984;11.885726928710938;12.16919994354248;12.649076461791992;13.022348403930664;13.060564994812012;12.9114990234375;11.890116691589355;13.06503200531006;13.061989784240724;11.92188549041748;13.067261695861816;11.923420906066896;12.874597192401634;12.992407315348498;12.426526848451733;11.597587039586216;13.611255388699336;12.538431462950005;12.74819284958946;13.082648042352986;13.04882741336389;12.235415935602528;13.265615046484458;13.43840202279677;13.119589620741122;12.490349505739289;13.491352073563435;13.060189278463422;12.99169898341288;12.569380959522295;13.55158811212731;12.753425699145414;13.613559277788264;12.750706986224948;12.788514432606608;12.58331786813751;13.553509304309202;12.87209768680786;13.167418145831736;12.81016993766466;13.173052457774116;13.055282435501187;13.575657418193968;13.455584087578613;12.80634822671225;13.102795896703824;12.66289085913906;13.979514512467604;12.929998062609029;13.279610581052484;12.687375683437468;13.900206427698745;12.822969090453288;13.606173844717032;12.217654833364024;13.04011845076483;13.027214885159834;13.703903573444665;13.056807035580608;12.65217275350971;12.967226258835993;12.507051302247916;12.7868821936647;13.020459141699511
10.094923973083496;6.706192970275879;10.171040534973145;10.07246208190918;6.772590160369873;10.171552658081056;6.743587493896484;9.90616226196289;10.191396713256836;10.194907188415527;10.199379920959473;6.708403587341309;7.870754241943359;10.06386661529541;6.729722023010254;10.182609558105469;6.761470794677734;9.92478084564209;8.117792129516602;7.229500770568848;10.048946380615234;10.194778442382812;10.194931983947754;10.193427085876465;6.707131385803223;7.577959060668945;6.767510414123535;10.198966026306152;10.197765350341797;6.710146903991699;10.199249267578123;6.787082672119141;8.043815612792969;9.969730377197266;6.806076049804688;6.966675281524658;6.757771968841553;7.133777618408203;8.74384880065918;10.190075874328612;6.7196784019470215;7.3843464851379395;10.192079544067385;9.15386962890625;10.199464797973633;10.154176712036133;10.101448059082031;10.194469451904297;6.713680267333984;6.707851886749268;10.098138809204102;6.788722515106201;6.459431618637297;8.839203788096944;5.129283016944966;4.169925001442312;10.007027266893967;6.266786540694901;7.672425341971495;4.169925001442312;4.807354922057604;4.906890595608519;4.643856189774724;7.294620748891627;4.321928094887363;6.857980995127572;7.219168520462161;3.321928094887362;7.94251450533924;5.247927513443585;10.812979471251484;9.874981347653774;8.997179480937621;7.546894459887636;5.426264754702098;10.025139562278508;5.357552004618084;9.61286849729104;10.24198314969433;4.700439718141092;7.531381460516312;7.05528243550119;3.4594316186372973;6.066089190457772;10.117643101389092;6.672425341971495;8.90388184573618;3.906890595608519;7.693486957499325;9.294620748891628;5.614709844115208;6.266786540694901;5.321928094887363;7.800899899920305;5.807354922057604;2.807354922057604;10.098032082960527;8.271463027904375;8.741466986401146;6.247927513443585;5.392317422778761;6.321928094887363;5.78135971352466;7.965784284662087
8.931373596191406;8.933123588562012;7.6850504875183105;8.932616233825684;8.77091121673584;8.651395797729492;8.6636323928833;8.933120727539062;8.932976722717285;7.060186386108398;8.80179500579834;7.060540199279785;8.231812477111816;7.063931465148926;7.077391147613525;8.933120727539062;8.931488037109375;7.112186908721924;7.202035903930664;7.070735454559326;8.733399391174316;7.080074310302734;8.553096771240234;8.682332992553711;7.771724700927734;8.73037338256836;7.060177803039551;8.376444816589355;7.90441083908081;7.060408592224121;8.431568145751953;7.0601677894592285;7.112316131591797;8.88858699798584;7.061737537384033;8.016328811645508;7.254333972930908;7.0833258628845215;8.927764892578125;8.626131057739258;7.060184955596924;7.548049449920654;7.1326904296875;8.041784286499023;8.933032035827637;8.489919662475586;7.889808654785156;8.074170112609863;8.918183326721191;7.084127426147461;8.930792808532715;7.096207141876221;6.7414669864011465;8.422064766172813;7.2384047393250786;6.442943495848728;7.459431618637297;7.686500527183218;7.977279923499917;7.727920454563199;8.011227255423254;6.832890014164741;7.129283016944966;7.60733031374961;7.0;7.761551232444479;7.876516946564999;6.94251450533924;9.348728154231075;7.857980995127572;8.842350343413807;7.569855608330948;6.918863237274595;7.426264754702098;6.409390936137702;7.622051819456376;6.507794640198696;7.960001932068081;7.614709844115208;6.022367813028454;7.845490050944375;6.954196310386875;6.129283016944966;8.467605550082997;7.467605550082998;7.303780748177103;8.049848549450562;6.321928094887363;8.169925001442312;8.179909090014934;7.971543553950772;8.479780264029099;7.599912842187128;7.845490050944375;7.539158811108031;7.409390936137702;8.810571634741146;7.948367231584678;6.954196310386875;7.577428828035749;7.523561956057013;7.672425341971495;7.189824558880018;6.954196310386875
11.905667304992676;11.50834846496582;10.959482192993164;11.928083419799805;11.914593696594238;10.882267951965332;10.846693992614746;11.937793731689451;11.93756866455078;11.937774658203123;11.034077644348145;10.826619148254396;11.937230110168455;11.423154830932615;11.020009994506836;11.792766571044922;11.858288764953612;10.986989974975586;11.790220260620115;10.903803825378418;11.928607940673828;10.92692756652832;11.55025577545166;10.89182186126709;10.829655647277832;11.935298919677734;10.814576148986816;11.346097946166992;11.020350456237791;10.818756103515623;11.888415336608888;10.817877769470217;11.861038208007812;11.937786102294922;10.81517505645752;11.810836791992188;11.22809886932373;10.875762939453123;11.696569442749023;10.816498756408691;10.814667701721191;11.825478553771973;11.317161560058594;11.925461769104004;11.935524940490724;11.110116958618164;11.89612102508545;11.90002727508545;11.822158813476562;10.815444946289062;11.904090881347656;10.84564208984375;11.766942940755785;11.95310515059134;11.705200378063116;10.887220615468385;11.879966079664356;11.745254141957256;11.963979787815338;12.245255580306557;11.937005926516589;11.700006150882864;11.625708843064466;12.456867738380344;11.578372691360803;11.75446999527562;12.07815080773465;11.358101707440849;11.486332252768664;11.841171189248543;11.995767150877802;12.121209716409284;12.026523442519766;11.480285320936373;10.792790294301064;12.060695931687556;11.467096033905747;12.7425199716613;12.187352073200495;10.854089179870574;12.14974711950468;11.780949798749663;10.758223214726724;12.35947504884954;11.70433597118232;12.060020354507852;11.860699032611988;11.310612781659527;11.661778097771988;12.100333819126542;10.753216749178955;11.996473488733228;11.618844301766652;12.207014320177532;11.718104713121756;11.578844391558205;11.661332752795186;11.724087461793989;11.991876099003417;11.891024190149498;12.076815597050832;11.62296694479051;11.674192268145683;11.561287945164828
10.670506477355955;10.681241035461426;10.74107837677002;12.046452522277832;10.61628246307373;11.595829963684082;11.86636734008789;11.862872123718262;12.049399375915527;12.026519775390623;12.049181938171388;10.6162691116333;11.708571434020996;11.052898406982422;10.616421699523926;12.047456741333008;10.64529800415039;11.7257080078125;10.796744346618652;11.05829906463623;10.954028129577637;11.693174362182615;10.639204025268556;12.04702091217041;10.616697311401367;10.863109588623049;10.61620807647705;10.863656044006348;12.04937744140625;10.958374977111816;11.945128440856934;10.618496894836426;11.687758445739746;10.630532264709473;10.710463523864746;11.31622314453125;11.34133529663086;10.7521333694458;11.968573570251465;10.642372131347656;10.618221282958984;11.25459098815918;10.698929786682127;12.04937744140625;12.04940414428711;11.921290397644045;10.813726425170898;12.040664672851562;10.635141372680664;10.618020057678224;12.032878875732422;11.711958885192873;11.589182967039353;11.068778277985412;11.417852514885896;10.319672120946995;11.97405602262563;11.121533517340032;11.000704269011246;12.041659151637214;11.426264754702098;10.804937672051908;12.035486451292154;12.296055838078784;11.171802288682985;11.203959703239462;11.734709620225836;11.124767535822471;11.802516365121225;11.121533517340032;11.797256217509783;11.352043425795433;11.681677655209691;11.1705510353167;10.918863237274596;11.666667840690357;11.154818109052105;12.039261794341057;12.122180901259751;10.671541066711884;11.152284842306582;11.468114886378098;10.79685079526716;12.550746785383245;11.194141238863136;11.907266248531066;11.079484783826816;11.407798850221974;11.110483309816226;11.699572453287267;11.341518823245243;11.643856189774723;10.944712061043486;11.449148645375436;11.369597346278676;11.410451351503994;10.665335917185176;11.98584193700334;11.932952892194717;11.64430696154558;11.294620748891628;11.314583244274194;11.286557761607956;10.98655314975666
9.819594383239746;12.331100463867188;12.354079246520996;12.782953262329102;9.811249732971191;10.677408218383787;12.827576637268066;12.629523277282717;12.83487033843994;12.84868049621582;12.848069190979004;10.201967239379885;10.234262466430664;9.819828033447266;9.909579277038574;12.839438438415527;12.09531021118164;10.243086814880373;9.8193941116333;12.696049690246582;9.864500999450684;10.114909172058104;12.708182334899902;12.848705291748049;9.819181442260742;11.684051513671877;9.950884819030762;12.336617469787598;12.701109886169434;11.623290061950684;9.815007209777832;12.033038139343262;9.836281776428224;12.73685359954834;10.799359321594238;12.672711372375488;12.32112979888916;9.898655891418455;9.88197135925293;12.847899436950684;9.815975189208984;9.832387924194336;11.903507232666016;12.841888427734377;12.847618103027344;11.601736068725586;11.048895835876465;12.793142318725586;9.815375328063965;9.816338539123535;12.475287437438965;9.84428596496582;11.381002109550924;12.057653339963936;11.338179249900112;10.679480099505446;13.733545003757078;11.360847084179664;11.106562940444883;12.926851910929878;13.275251543470327;11.180530807344482;14.9049168114081;12.736824699098864;11.399811959325683;10.567005370247031;11.914385132155443;11.700873155140265;14.789126046425231;12.79685079526716;12.022367813028454;13.134426320220928;11.98049663618346;12.611255388699336;11.246146774635864;12.338179249900112;12.531868775177552;12.812377888766893;13.607792641919213;10.558420713268664;12.830911279742782;12.449922415863757;10.964340867792416;15.001012278628464;12.240195053979924;14.532599438672984;11.591522346570734;11.672867276433792;12.940497134458203;12.129605011152504;12.02997734658958;11.687375683437468;10.78953364497036;12.67087750439698;10.619302955415687;12.16679075071818;12.230921088137896;13.395534135462302;12.978889176361571;11.82137539237254;12.733015321685963;11.664447284547972;11.86573327085176;11.102631888854969
6.902594566345215;6.970385551452637;5.627433776855469;6.737982749938965;6.91856861114502;6.565218925476074;5.814677715301514;6.970675945281982;6.970027446746826;6.932376384735107;5.586343765258789;5.459182262420654;6.379096031188965;5.630125999450684;5.572335720062256;6.970569610595703;6.963593006134033;6.251114845275879;5.490255355834961;5.689158439636231;6.965564727783203;5.76989221572876;6.501263618469238;5.710395812988281;5.695261001586914;6.960357666015625;5.457150936126709;5.658267498016357;5.490349292755127;5.45873498916626;5.998682975769043;5.4571733474731445;5.786917209625244;6.9702558517456055;5.457646369934082;6.891492366790772;6.099856853485107;5.467132568359375;6.967714309692383;6.830519676208496;5.457334518432617;6.735555648803711;5.561694622039795;6.519216537475586;6.947226047515869;6.662139415740967;6.615711212158203;6.666341304779053;6.84626054763794;5.458520412445068;5.956097602844238;6.137048244476318;5.087462841250339;6.321928094887363;6.643856189774724;5.087462841250339;5.857980995127572;6.392317422778761;6.832890014164741;6.22881869049588;6.672425341971495;6.066089190457772;6.475733430966398;6.794415866350106;6.129283016944966;5.977279923499917;6.930737337562887;6.357552004618084;6.918863237274595;6.022367813028454;6.894817763307944;6.832890014164741;6.459431618637297;6.442943495848728;5.554588851677638;6.807354922057604;5.78135971352466;7.409390936137702;6.339850002884624;5.727920454563199;6.409390936137702;7.087462841250339;6.066089190457772;7.3750394313469245;6.303780748177103;5.832890014164741;6.459431618637297;5.977279923499917;6.189824558880018;6.442943495848728;6.189824558880018;6.714245517666122;6.266786540694901;6.954196310386875;5.459431618637297;6.189824558880018;7.159871336778389;6.266786540694901;5.977279923499917;6.392317422778761;6.459431618637297;6.022367813028454;5.857980995127572;6.266786540694901
13.236749649047852;13.410337448120115;12.73133373260498;13.412286758422852;12.98903751373291;13.211780548095703;12.957385063171388;13.322869300842283;13.414925575256348;13.413692474365234;13.377853393554688;12.37061595916748;13.25290298461914;12.470012664794922;12.390325546264648;13.412458419799805;13.407597541809082;12.749163627624512;12.496728897094728;13.122211456298828;13.138720512390137;12.455617904663086;12.777559280395508;13.35418701171875;12.381665229797363;13.396931648254396;12.37048625946045;12.522592544555664;13.39939785003662;12.37086296081543;12.57411003112793;12.371217727661133;13.314275741577148;12.834810256958008;12.370695114135742;13.403209686279297;13.376351356506348;12.371920585632324;13.407666206359863;12.373687744140623;12.37968921661377;12.7529878616333;12.530978202819824;13.41479206085205;13.414932250976562;13.102025032043455;12.379103660583496;13.395180702209473;12.788124084472656;12.383952140808104;13.33078670501709;12.879488945007324;12.976027040189834;12.848427334023928;13.168985440978698;12.173052457774116;13.205487820150566;12.627761852402616;12.887791791341588;13.143542654233215;12.777460812669784;12.742309436084;12.700439718141093;13.678930187152346;12.765286098723683;13.14449892583753;13.052398232071583;12.691743519171276;12.91606605089929;12.897089128312755;12.8957646000164;12.844901876019785;12.863411958941638;12.645208082774683;12.479022346995178;13.062889375245748;13.007903273382048;13.931845540183671;13.050698944430026;12.42783660345852;12.84725313832084;12.6476832678862;12.129605011152504;13.64745842645492;12.762382038710392;13.15876745463608;13.09391268366556;12.63026712502677;13.100333819126542;13.166163082646111;12.518898992777316;13.264589208126823;12.966325193888276;12.91904952367693;13.26839579355656;12.940864139049571;13.191676146352428;13.101975670949232;13.171645941347052;13.023754353299417;12.746724244025833;12.92184093707449;13.03083953214138;12.830317129810208
6.639268398284912;6.70735502243042;6.549895286560059;6.651679515838623;6.713549613952637;5.1605987548828125;6.467293739318848;6.700921058654785;6.56790018081665;6.563353538513184;5.161096096038818;5.49081563949585;5.335399627685547;5.155953884124756;5.265413761138916;6.114310264587402;5.261330604553223;6.337002754211426;5.173125267028809;6.562525272369385;6.7136549949646;6.6038360595703125;6.704065322875977;5.191110610961914;5.924851894378662;5.946873188018799;5.7413249015808105;6.412660598754883;5.15432596206665;5.16320276260376;5.31784200668335;5.163309097290039;6.460408687591553;6.713748455047607;5.154685020446777;5.739338397979736;5.154651641845703;5.490766525268555;6.607711315155029;5.153865814208984;5.593555927276611;5.95766544342041;5.348880290985107;5.8736252784729;5.534348011016846;6.47701358795166;6.7132487297058105;6.273491382598877;6.231228828430176;6.449479579925537;6.122695446014404;6.699545860290527;5.285402218862249;6.845490050944375;5.906890595608519;4.906890595608519;5.357552004618084;4.857980995127572;7.087462841250339;7.05528243550119;5.426264754702098;5.954196310386875;5.459431618637297;5.169925001442312;5.643856189774724;5.807354922057604;5.321928094887363;5.727920454563199;6.129283016944966;6.857980995127572;4.700439718141092;5.20945336562895;4.954196310386875;4.857980995127572;4.754887502163468;5.426264754702098;5.129283016944966;6.3750394313469245;5.321928094887363;5.523561956057013;6.339850002884624;4.700439718141092;4.700439718141092;6.523561956057013;4.523561956057013;6.149747119504682;5.700439718141092;5.426264754702098;6.491853096329675;5.129283016944966;7.108524456778169;5.087462841250339;6.491853096329675;5.832890014164741;5.954196310386875;5.523561956057013;7.189824558880018;5.584962500721156;4.584962500721156;4.459431618637297;6.539158811108031;4.954196310386875;4.584962500721156;5.554588851677638
11.678825378417969;12.722420692443848;11.577937126159668;12.723785400390623;12.634889602661133;11.60670566558838;12.373675346374512;11.627549171447754;12.726452827453612;12.727822303771973;12.718092918395996;11.552687644958496;12.726797103881836;11.556142807006836;11.599858283996582;12.539161682128906;12.71851634979248;11.60485553741455;12.121573448181152;11.938440322875977;12.719094276428224;11.60972499847412;12.583009719848633;12.720419883728027;11.554699897766112;12.4270601272583;11.55300235748291;11.592940330505373;12.727462768554688;11.552474975585938;11.81865406036377;11.593921661376951;12.05483055114746;12.727885246276855;11.55246925354004;12.710268020629885;12.716094970703123;11.563385009765623;12.44934368133545;11.552427291870115;11.55259132385254;11.727307319641112;11.799466133117676;12.727897644042969;12.727890014648438;11.76553440093994;12.494343757629396;11.86925983428955;11.561718940734863;11.664227485656738;12.691773414611816;11.619786262512209;12.2836671674915;12.349281228817452;13.36098421597397;11.924070185585345;12.465821455643775;13.57553924683453;12.61677855400014;13.112602403528848;12.222191138456331;12.884170519108435;11.921469060531413;13.053756222562145;12.564625862795372;12.813380386924727;12.744833837499543;12.037890085142507;12.065079488999862;12.754887502163468;12.026869205263395;12.216442739160492;12.261213451366048;11.815383295813538;11.728345714710976;11.877667574067882;12.214622686302336;13.055282435501187;12.113742166049189;12.308339030139408;12.75676478940414;12.171802288682985;11.728770849542665;12.80634822671225;13.01524080333268;13.159871336778387;12.526010107061737;12.715533063526584;12.282509306240836;12.136670762341843;11.77561028075954;13.28828934218097;12.782998208920414;12.3063465536885;13.119103237062562;12.815783544128184;12.520864182988744;12.221889161471266;13.1728962458698;12.679480099505446;12.751753251439336;12.714674827308002;12.55026580686874;12.576248129843252
11.81318473815918;10.792842864990234;11.36726188659668;12.062246322631836;10.727407455444336;12.199952125549316;10.895307540893556;12.094660758972168;12.203472137451172;12.203819274902344;11.891672134399414;10.719603538513184;12.169038772583008;12.188055038452148;10.874839782714844;12.155423164367676;11.955887794494627;12.082807540893556;11.707151412963867;11.966964721679688;10.790650367736816;12.164291381835938;10.878710746765137;11.988436698913574;10.723172187805176;12.20159149169922;10.7188720703125;11.232064247131348;12.156086921691896;10.764269828796388;11.755521774291992;11.660858154296877;12.17090892791748;10.719118118286133;10.75595760345459;12.18763256072998;12.202058792114258;10.718979835510254;11.98829174041748;12.198907852172852;10.849288940429688;11.211796760559082;12.043142318725586;12.202292442321776;12.203767776489258;11.884814262390137;10.71891975402832;12.175464630126951;11.096022605895996;10.719748497009276;11.174030303955078;11.39764404296875;11.955286645524469;11.723660944409984;11.657765035265363;11.237807473723135;12.50308035175293;11.31628153174622;11.475226777742266;12.026523442519766;12.011576703176177;11.48733761520718;12.508042334429003;12.264442600226602;11.450180247164754;11.813380386924727;12.237209960755022;11.640696837570092;11.658657792126084;11.709514660706716;12.681458050210274;12.208234358339787;12.087131301540529;12.079818085212354;10.916625922211235;12.54399845013454;11.474212937193943;12.850772862313322;12.774787059601174;10.62844554013718;11.458919206967591;11.774375272802065;11.089450481115907;12.934980832653832;11.480790201095816;12.540370243743569;12.20945336562895;11.208234358339787;12.066761932386909;12.502831804066744;11.866506212226202;12.112439506781552;11.446566409066069;12.431758749166155;11.83605035505807;11.564625862795372;11.939946452458686;12.113416611485944;11.85642552862553;11.893680738390907;12.202736043250168;11.71037597120447;11.532842910961282;11.84901407369482
12.925198554992676;14.099945068359377;12.810110092163086;14.048638343811035;12.948439598083496;14.10252571105957;12.850786209106444;13.502120018005373;14.090919494628906;14.103715896606444;12.889548301696776;12.809346199035645;14.10373592376709;13.955938339233398;12.814202308654783;13.307032585144045;13.721760749816896;13.968857765197754;14.094121932983398;12.91615390777588;13.955089569091797;13.980507850646973;12.81188678741455;12.82456111907959;12.810433387756348;14.09395694732666;12.809318542480469;12.812713623046877;13.839847564697266;12.947192192077637;13.11923122406006;12.874417304992676;14.057062149047852;13.463043212890623;12.840765953063965;13.91702651977539;14.105297088623049;12.81167221069336;14.08454418182373;12.861534118652344;12.809319496154783;13.373111724853516;12.94338321685791;14.10529327392578;14.103729248046877;12.840517044067385;12.863136291503906;13.030220985412598;13.298698425292969;12.81312370300293;12.937737464904783;14.078736305236816;13.62159403901754;14.223624666580813;13.580611894994322;13.296055838078784;14.177497401553005;13.169142076887963;13.980764372110905;14.140749902804927;14.059513463933724;13.705632387361415;14.236761663571585;14.221133942357078;13.036860446673046;14.508413796055969;13.943155804939336;13.80019212646908;13.37232095486726;14.03333696038395;14.33049677763869;14.298349015658186;13.618844301766652;13.918490592292311;13.071629952153245;14.436125913941272;13.536611486625777;15.192408410403756;14.259007607644609;12.357277074642807;14.016460104979208;13.884742903579696;12.894628321374654;14.581730194859666;13.233170262382703;14.430975172588068;14.236911111444602;12.219471067394355;14.007377733321269;14.35024859944484;12.885315061049376;14.055790814565905;13.624567018674917;14.583905452164242;13.899640146764789;13.866699382882029;14.092344222676417;14.226562716555511;13.834767301405412;13.7820767842453;14.47351550830037;13.86785786397283;13.721206019396329;13.483437927061503
12.285941123962402;11.155165672302246;11.078506469726562;12.290417671203612;11.247719764709473;12.22718906402588;12.096619606018066;12.292642593383787;12.301673889160156;12.301972389221191;11.27426052093506;11.034639358520508;12.295368194580078;12.139982223510742;11.04164218902588;12.206828117370604;11.252285957336426;12.27474880218506;12.229955673217772;11.521291732788086;12.052738189697266;12.299158096313477;11.045316696166992;11.18583869934082;11.040138244628906;12.202910423278809;11.034690856933594;11.07132053375244;12.287812232971191;11.040170669555664;12.26307773590088;11.057302474975586;12.29323673248291;11.035004615783691;11.056894302368164;11.883124351501465;12.300762176513672;11.035707473754885;12.188825607299805;11.532252311706545;11.052438735961914;12.035760879516602;11.209795951843262;12.302041053771973;12.30212116241455;12.272083282470703;11.03603744506836;11.4131498336792;11.28127670288086;11.03547477722168;12.166340827941896;12.294267654418944;12.374767814092824;11.2246046815385;12.179909090014934;11.620219825507489;12.47015043527436;12.6965329140783;11.20212382383046;12.529918528120325;11.565578136784328;11.260919533662904;11.507794640198696;12.795227966028678;12.326429487122304;12.167731741103244;12.19383333254655;11.771902080697716;12.14338321398982;12.089450481115907;12.391780606013166;11.866506212226202;12.083146870816742;11.36139553316589;11.698704666770343;12.317129926384542;11.897845456005513;12.56652978262417;12.382624026574916;11.47269083924278;11.721099188707186;11.791569912126878;11.756556322524087;11.938844457466171;12.613329054371054;12.03342300153745;12.177419537989236;12.148476582178278;12.018200178813226;12.151650829973422;12.292033985499543;12.34179677239183;11.975847968006784;12.151333719291657;12.415213598765286;11.8649599151426;12.34485068394299;12.07347215397646;12.89633240390994;12.339293300180094;11.919235786028349;12.065416134676548;12.288000889707574;11.736824699098864
10.20481777191162;10.197856903076172;10.145214080810549;9.348483085632324;8.611015319824219;10.222299575805664;9.151029586791992;9.860820770263672;10.219846725463867;9.95564079284668;9.316174507141112;8.572787284851074;8.613548278808594;9.993704795837402;8.591964721679688;10.222338676452637;10.16907024383545;10.216854095458984;8.978911399841309;10.16240692138672;8.662899017333984;10.220695495605469;8.845183372497559;9.656002044677734;8.610755920410156;10.12623691558838;8.572793960571289;10.117124557495115;9.434029579162598;8.603011131286621;9.820646286010742;8.648862838745117;10.02491283416748;8.57273006439209;8.693066596984863;10.09352684020996;10.22184944152832;8.572958946228027;10.214242935180664;10.222020149230955;9.197641372680664;9.518074989318848;10.002896308898926;10.211748123168944;10.217585563659668;9.922163009643556;8.572732925415039;9.924561500549316;9.146071434020996;8.58740234375;8.590047836303711;10.21681308746338;8.643856189774725;8.954196310386875;8.577428828035748;8.375039431346925;9.567956075415466;8.566054038171092;9.224001674198105;8.696967526234287;8.804131021183318;8.243173983472952;9.813781191217036;9.324180546618742;7.954196310386875;9.187352073200495;9.426264754702098;8.330916878114618;9.94104760634058;8.954196310386875;10.181152256865566;9.442943495848729;9.214319120800766;8.945443836377912;8.238404739325079;9.992938336165814;8.262094845370179;10.527477006060396;9.674192268145683;8.03342300153745;9.047123912114026;9.22881869049588;7.882643049361842;9.89178370321831;9.157346935362844;8.569855608330947;9.501837184902296;7.584962500721156;10.531381460516313;9.992938336165814;9.74819284958946;9.411510988012072;8.876516946565;9.507794640198696;9.174925682500678;8.335390354693924;9.927777962082342;8.668884984266247;9.257387842692651;9.240791332161956;9.038918989292302;9.113742166049189;8.870364719583405;9.095397022792556
10.786179542541504;10.764777183532717;12.538790702819824;11.838927268981934;10.717934608459473;12.788840293884276;10.849642753601074;12.79122829437256;12.78886890411377;12.791454315185549;12.246627807617188;10.851728439331056;12.761940956115724;12.78583812713623;10.877400398254396;12.67514991760254;12.513242721557615;11.326294898986816;12.713146209716797;12.237876892089844;10.719718933105469;11.055106163024902;11.282544136047363;12.60347843170166;10.71712875366211;12.79088306427002;10.716569900512695;12.517244338989258;10.746455192565918;12.710966110229492;11.065441131591797;10.764922142028809;11.361767768859863;10.892017364501951;12.537379264831545;12.513575553894045;12.790268898010254;10.734297752380373;11.494232177734377;12.79145050048828;10.716699600219728;11.873794555664062;12.707796096801758;12.629918098449709;12.779096603393556;11.382091522216797;10.72166919708252;12.7852201461792;11.085923194885254;10.716567993164062;11.821175575256348;10.80043125152588;10.843921051289035;12.945626722229823;12.101975670949232;10.380461065088973;12.584257887744569;10.699572453287267;12.521845775161932;11.37937836707126;12.057653339963936;11.823367240046236;10.71681946132995;12.910830081296574;11.702172685365548;11.546412195119352;12.841760886800548;12.813981551614678;12.45532722030456;10.122827994807666;13.483563888125094;12.891403996665025;12.720458038393296;12.370414968879698;10.754887502163468;13.99267285018913;11.708221730038352;14.405606859360857;13.689561254285524;10.048486873992337;12.39794197197264;12.610332801911134;11.524051918717824;12.709299252712157;11.467096033905747;10.30149619498255;13.112439506781552;10.23840473932508;12.630494661505578;14.103943429891558;11.160501747555688;12.2603315185576;11.608254821977908;13.505811553919594;10.471675214392045;11.338736382573916;12.464800981655417;12.022020969646356;12.011576703176177;12.334831928118;11.927777962082342;11.752380646552892;11.576484346796851;11.35974956032233
3.845526933670044;3.7693068981170654;4.91626501083374;5.911940097808838;3.7926220893859854;5.93258810043335;4.785748958587647;5.929587841033936;5.446024894714356;5.939224243164063;5.711517333984375;3.8154456615448;5.939345836639404;5.919950008392334;3.832271099090576;5.844326019287109;3.772305250167847;4.878487586975098;5.909415245056152;4.1634135246276855;4.797361850738525;4.537049293518066;5.9341888427734375;4.482997417449951;3.785366296768189;5.9104485511779785;3.857917070388794;4.6332688331604;4.5532941818237305;5.926201343536377;4.985767364501953;3.958298444747925;5.66042423248291;5.939245223999023;5.886984348297119;3.9234812259674072;3.8177974224090576;3.832821846008301;4.905284404754639;5.940195560455322;3.769078016281128;4.201120853424072;5.399318695068359;3.8193671703338623;5.6035661697387695;5.852184295654297;5.861729145050049;5.899777412414551;4.124858856201172;3.7695388793945312;5.940133571624756;3.771503210067749;5.78135971352466;7.05528243550119;6.507794640198696;4.087462841250339;6.247927513443585;6.087462841250339;6.169925001442312;5.584962500721156;6.22881869049588;6.658211482751795;6.6865005271832185;6.426264754702098;7.0;6.9886846867721655;7.562242424221073;7.149747119504682;5.169925001442312;6.882643049361842;6.392317422778761;6.392317422778761;6.459431618637297;5.700439718141092;6.714245517666122;5.882643049361842;8.303780748177102;6.727920454563199;6.7414669864011465;5.832890014164741;5.087462841250339;5.882643049361842;6.977279923499917;6.087462841250339;6.727920454563199;4.807354922057604;6.768184324776926;7.366322214245816;6.523561956057013;8.149747119504681;5.285402218862249;6.392317422778761;7.149747119504682;6.475733430966398;6.189824558880018;6.426264754702098;4.584962500721156;6.392317422778761;6.599912842187128;5.426264754702098;5.754887502163468;6.554588851677638;5.78135971352466;5.554588851677638
12.014288902282717;10.687023162841797;11.240257263183594;12.108908653259276;10.634041786193848;11.704602241516112;11.104369163513184;12.062588691711426;12.119460105895996;12.11343002319336;12.056758880615234;10.628535270690918;12.116315841674805;11.53430461883545;10.66175937652588;11.951678276062012;12.01115608215332;10.756340980529783;12.11659812927246;11.182557106018066;10.629130363464355;10.677376747131348;10.621760368347168;11.936091423034668;10.725695610046388;12.072454452514648;10.623724937438965;11.080015182495115;12.105962753295898;12.030832290649414;11.695815086364746;10.624540328979492;12.119192123413086;10.621684074401855;12.104308128356934;11.76724910736084;12.11985683441162;10.648313522338867;10.904131889343262;12.117518424987791;11.06891918182373;11.436968803405762;10.842209815979004;12.119731903076172;12.11988353729248;11.325963973999023;10.621770858764648;11.31162929534912;12.033110618591309;10.623147010803224;11.977392196655272;10.762675285339355;11.57601187420678;11.929998062609029;11.965423565810127;11.520127550324853;12.705200378063116;11.419960177847887;11.94251450533924;11.786269627648466;11.4241662888181;11.86611979330307;12.185804615108458;12.350110443347928;11.825356341479337;12.487840033823051;12.466076461396252;11.818981539432444;11.857980995127573;11.401946123976536;12.855647166027266;12.254142846855748;12.285113188501493;12.274378153246364;11.473705749619416;13.00615072817031;11.929998062609029;13.907266248531066;12.754052367528924;11.192909219112012;11.61286849729104;11.85369942030022;11.6142497276894;12.71639078949768;11.476239906323851;11.939211882666395;12.580729651598958;11.632086412835182;11.894817763307945;12.85836959985474;11.494355603532846;12.08381170725288;11.850577547205614;12.913450441458098;12.285691191330091;11.880731435141664;12.031356596255709;11.79685079526716;12.097044499322951;12.270587340447513;11.686938171670388;11.856036399819155;12.13249972962851;11.71853287606922
11.99680995941162;11.153679847717283;12.656845092773438;12.709427833557127;11.171521186828612;11.250020027160645;12.401656150817873;12.67172908782959;12.724682807922363;12.724711418151855;12.389225006103516;11.535517692565918;12.668206214904783;11.72926139831543;11.619208335876465;12.02441120147705;12.589190483093262;11.218765258789062;12.64548683166504;12.515146255493164;11.150437355041504;11.158793449401855;11.148965835571287;12.628250122070312;11.4374361038208;12.721816062927246;11.15391445159912;12.411090850830078;11.763901710510254;12.585028648376465;11.56375217437744;11.156255722045898;12.72467803955078;11.148893356323242;12.444149017333984;12.721810340881348;12.724126815795898;11.16182804107666;11.228856086730955;12.326946258544922;12.71091079711914;12.437792778015137;11.682185173034668;12.72452163696289;12.724552154541016;12.443909645080566;11.14894199371338;12.713258743286133;12.687448501586914;11.15430736541748;12.6104097366333;11.666560173034668;11.207624468226758;11.90839262077375;12.745044005034464;11.5980525001616;12.712741927075736;11.755722153642282;12.328113894833656;11.964340867792416;12.084144010615145;12.350662988372257;11.451211111832327;12.718746909901064;12.764042217306589;12.572463389083676;12.91513244895065;12.358651200892886;12.130570562805426;11.855647166027266;12.553629293916364;12.419170165028538;12.369597346278676;12.226111098132389;12.197523878257789;12.894817763307945;12.30862344513114;13.984062369686436;12.617926556798752;11.9683067944308;12.1526017440192;12.954196310386877;12.39419471001943;12.72940831698402;12.271171191139771;11.654636028527968;12.550025257465784;12.37775279502222;12.226412192788786;12.856036399819155;13.283522485644026;12.475480126595476;12.201205007299528;12.934796592178404;12.24703741878858;12.43306376512207;12.26473580113014;11.510764167917891;12.56057167123656;12.544964432789238;11.97692206785108;12.086136225027309;12.329516067206534;12.014020470314934
10.753458976745604;11.706756591796877;10.52695083618164;10.98129653930664;10.2937593460083;11.62444019317627;10.243958473205566;10.74015998840332;11.705944061279297;11.706632614135742;11.543264389038086;10.233455657958984;10.632967948913574;10.240548133850098;10.84706211090088;11.70669174194336;11.706762313842772;10.365965843200684;10.265640258789062;10.51949405670166;10.469653129577637;11.663663864135742;10.979486465454102;11.69133758544922;10.511934280395508;11.701224327087402;10.231499671936035;11.528566360473633;10.63539981842041;10.231647491455078;10.74752712249756;11.394793510437012;10.425761222839355;10.401549339294434;10.249516487121582;11.706703186035156;11.706768989562988;10.22976303100586;11.557746887207031;11.705819129943848;10.431785583496094;10.438587188720703;11.590500831604004;11.706748962402344;11.706768035888672;10.327579498291016;10.229711532592772;10.376806259155272;10.840600967407228;10.672849655151367;10.231830596923828;10.260374069213867;10.224001674198105;11.014717929860009;11.175549550636193;8.912889336229961;11.533816389433364;9.573647187493322;11.105908508571158;10.62935662007961;10.124121311829189;10.092757140919852;11.296916206879288;10.696098170955864;10.904634621668151;10.26795708440284;11.92481250360578;10.31174831500496;11.970465440779996;11.11178773580101;11.824958740528524;10.668884984266247;11.332036548361652;11.558420713268664;10.237209960755022;10.421012855779226;11.27262978497637;12.003166506665169;11.360298426618046;10.857980995127573;10.51668494930961;10.71681946132995;10.547858506058416;10.910642730469624;10.20212382383046;11.023754353299417;11.386940245324311;10.752380646552892;11.243769031961852;11.728345714710976;10.367414751246828;11.369597346278676;10.589651146514786;11.235415935602528;11.339850002884624;9.893301530860564;12.467605550082997;10.898601387403938;11.159871336778387;10.820178962415188;10.421012855779226;10.756556322524087;10.90613899619538;10.505811553919594
11.79540729522705;11.070427894592283;10.713910102844238;11.76589584350586;10.465655326843262;11.78277587890625;10.495880126953123;11.707983016967772;11.806272506713867;11.805007934570312;11.278837203979492;10.42466926574707;11.800790786743164;11.416634559631348;10.46584129333496;11.786507606506348;11.712864875793455;10.833385467529297;11.799110412597656;10.571351051330566;10.445233345031738;11.20228385925293;10.425585746765137;10.99748420715332;10.457159996032717;11.770240783691406;10.424455642700195;11.321680068969728;11.546881675720217;10.988166809082031;11.679606437683104;10.488462448120115;11.80633544921875;10.423508644104004;11.529800415039062;11.733807563781738;11.806771278381348;10.425434112548828;11.013339042663574;11.80569076538086;11.36569881439209;11.319002151489258;11.12053680419922;11.806657791137695;11.806781768798828;10.69387435913086;10.4235258102417;11.228315353393556;11.524328231811523;10.429302215576172;10.973068237304688;10.751009941101074;11.145295334933598;11.09077405464075;11.461479447286155;11.165535141377925;12.107870914279614;11.769011321097016;11.00982861736811;11.197216693110052;10.79766152585376;10.975847968006784;11.478769619475765;11.562242424221072;10.839203788096944;11.85681455250301;11.535761377986656;10.758223214726724;11.602234901341063;11.391243589427445;12.269126679149418;11.555547771647063;11.7515440590891;11.49735289347705;10.77561028075954;12.103615656394544;11.094737505048093;12.536732889835417;12.201511344500146;10.251482410620213;10.817783121774534;11.464035152189911;10.709083812550343;12.047123912114026;11.705200378063116;11.464035152189911;11.93110683302934;10.702172685365548;11.664447284547972;11.998237821888049;11.4983506079296;11.70433597118232;11.171176797651771;11.863024710236886;12.274378153246364;11.163020639580791;11.92035285541508;10.972261848733291;11.871905237659186;11.94104760634058;11.065416134676548;11.604553229079038;11.76983784362944;11.25502856981873
10.481441497802734;9.25296401977539;9.817320823669434;10.785552024841309;9.193480491638184;10.718060493469238;9.780577659606934;10.892580032348633;10.927507400512695;10.92862606048584;10.574649810791016;9.202813148498535;10.923110008239746;10.593419075012209;9.500940322875977;10.665040016174316;10.894332885742188;9.695743560791016;10.9229097366333;10.226110458374023;9.189316749572754;9.392789840698242;9.188952445983888;10.72035312652588;9.316439628601074;10.90463924407959;9.18978786468506;9.786887168884276;10.791686058044434;10.756743431091309;9.88127326965332;9.280258178710938;10.923489570617676;9.187076568603516;10.906048774719238;10.820796012878418;10.92992877960205;9.20188331604004;9.471115112304688;10.929526329040527;9.719731330871582;10.10233211517334;9.91755199432373;10.929101943969728;10.929794311523438;9.65234088897705;9.18712043762207;10.27163791656494;10.677970886230469;9.1895112991333;10.101956367492676;9.500794410705566;10.30149619498255;10.030667136246942;10.545929769085468;10.048486873992337;11.491853096329674;10.580258567499788;9.7431513941125;10.347621368568134;10.199672344836364;9.9901039638575;10.76487159073609;10.987264012072538;10.407267764244732;10.818582177480858;11.032734528586714;10.30149619498255;10.095397022792556;9.99717948093762;11.586839787961829;11.086136225027309;11.076815597050832;11.098690096673591;10.236014191900084;11.552669097514272;10.576484346796851;12.342630298678408;11.561765263627708;9.579315937580017;9.7279204545632;10.84313591111135;10.22881869049588;11.697402007502708;10.63390340934852;10.344295907915816;11.189824558880018;10.207014320177532;10.817783121774534;11.71681946132995;9.94251450533924;10.812979471251484;10.167418145831736;11.33427328530719;11.043710863347156;10.383704292474052;10.203348002979762;10.350939181546432;11.00982861736811;11.052568050804153;10.099347810403192;10.615629636968098;10.89026427702111;10.368506461507693
7.940437316894531;7.83615255355835;9.246940612792969;9.808880805969238;7.805458068847656;9.576723098754885;9.744648933410645;9.939003944396973;9.930541038513184;9.93576431274414;9.923728942871094;7.950242042541504;9.936688423156738;9.88693141937256;8.372499465942383;9.9315767288208;9.909391403198242;8.343087196350098;9.805277824401855;8.701122283935547;7.824462890625;7.806863784790039;9.784113883972168;9.926210403442385;7.812591552734375;9.917019844055176;7.802684783935547;9.356497764587402;9.900378227233888;8.298645973205566;9.09284210205078;7.808584690093994;7.810850143432617;9.910099983215332;8.095985412597656;8.471692085266113;8.768486976623535;8.073369026184082;7.946022510528564;9.939197540283203;7.802214622497559;8.430953025817871;9.334012031555176;7.9949235916137695;9.937456130981444;8.308374404907227;8.978447914123535;9.885490417480469;7.94878339767456;7.802221775054932;9.93631362915039;7.807839870452881;9.823367240046236;9.83605035505807;9.4797802640291;9.105908508571158;10.605479518061667;10.266786540694902;9.868822554775;10.642051692927977;10.365228849251544;9.733015321685963;10.974414589805528;9.874981347653774;9.541096615349524;10.31741261376487;9.90388184573618;9.923327485419192;10.417852514885896;9.871905237659186;11.003517912108602;10.395534135462302;9.7431513941125;9.13699111208023;10.279610581052484;10.62113611327464;9.98584193700334;10.227615943414223;11.125413470483316;9.426264754702098;9.843921051289035;9.50382573799575;9.092757140919852;11.807354922057604;10.948367231584678;11.047805554007589;9.712527000439824;10.30149619498255;10.436711542137214;10.679480099505446;7.20945336562895;10.113742166049189;9.179909090014934;9.885696373339394;9.682994583681683;9.30149619498255;10.422064766172811;11.070791809423062;10.54399845013454;10.308339030139408;11.216745858195306;10.011227255423254;9.252665432450248;9.177419537989236
10.77955722808838;9.706966400146484;10.475910186767578;10.81280517578125;9.642511367797852;9.789352416992188;10.5979642868042;10.768272399902344;10.824268341064451;10.696991920471191;10.737446784973145;9.622858047485352;10.739361763000488;9.835957527160645;9.789786338806152;10.823894500732422;10.796978950500488;10.534918785095217;10.296650886535645;10.01663589477539;9.634748458862305;10.693733215332031;9.62407112121582;10.62332534790039;10.57486343383789;10.79878044128418;9.634366989135742;10.491957664489746;10.813560485839844;9.646039962768556;10.803325653076172;9.626023292541504;10.816181182861328;9.622050285339355;9.76246166229248;10.81865119934082;10.811001777648926;9.622795104980469;10.5567045211792;10.79748821258545;10.78273868560791;10.350854873657228;9.932486534118652;10.822958946228027;10.824370384216309;10.74516487121582;9.622058868408203;10.566104888916016;10.806917190551758;9.775960922241213;10.746917724609377;10.358124732971191;10.24555270625568;10.095397022792556;10.246740598493144;9.722807531169549;10.58777751632821;10.706496018061188;10.139551352398794;10.77313920671969;10.181152256865566;10.221587121264806;10.456354415108288;10.625708843064466;10.332036548361652;10.25502856981873;10.467605550082997;9.971543553950772;10.955649907528374;10.336506559810257;10.690871009292314;10.349834091457248;10.41574176829009;10.278449458220482;9.945443836377912;10.445014845868425;10.001408194392807;10.97513145692134;10.66266837551754;10.044394119358454;10.266786540694902;10.43879185257826;10.019590728357882;11.687375683437468;10.443979542601252;10.591522346570734;10.372865060112588;10.573647187493322;10.422064766172811;10.555547771647063;10.558420713268664;10.812177305514448;9.91288933622996;10.471675214392045;10.632995197142955;10.038918989292302;10.965062756744627;10.452241240430816;10.709945380232496;10.558420713268664;10.407267764244732;10.480790201095816;10.068778277985412;10.357552004618084
10.898390769958496;13.09949779510498;10.98338222503662;12.510088920593262;10.953418731689451;11.118663787841797;13.041569709777832;10.988656044006348;11.326371192932127;13.107789993286133;11.918675422668455;12.913585662841797;13.110319137573242;11.843836784362791;13.099098205566406;10.91445255279541;13.110284805297852;10.913358688354492;13.09123420715332;12.207029342651367;10.895330429077148;10.893296241760254;11.315505981445312;12.961986541748049;12.862159729003906;13.109187126159668;10.907806396484377;10.97547435760498;13.07978343963623;11.058711051940918;10.930700302124023;12.421182632446287;11.10385036468506;13.07367706298828;11.02803897857666;13.11019802093506;13.0899019241333;10.909110069274902;11.183309555053713;10.959275245666504;10.893583297729492;10.912388801574709;11.60824489593506;13.100666046142578;13.098626136779783;10.92289924621582;10.994791030883787;10.89916706085205;13.044473648071287;12.881750106811523;13.020824432373049;10.901693344116213;11.50928016808786;12.15386865522324;12.061371192659813;10.39231742277876;12.971184272404678;12.224001674198105;12.91214085629572;14.097456074666194;13.00105627463478;14.44740614293345;15.162863337608126;13.364955378481907;10.952741247186488;11.627989784315703;13.196294745028265;11.723234300893376;12.114067647165264;12.495355392235982;13.09819661452721;13.791162888555018;11.91737207947684;13.934796592178404;11.593857938858225;12.862637357558794;13.205793249397155;14.238330094645674;12.97172316117676;11.959639764364184;13.466586337719244;12.703038388986418;11.92740761294903;15.508289986140348;13.156241119235752;13.65530710151048;12.524296837662623;11.42940674151398;12.513974273740658;14.3292357417338;12.782793498733351;13.234817431117325;12.450180247164754;14.147681927770476;11.49735289347705;12.3009244909763;12.526988205432009;14.176251079967246;12.625708843064466;12.186733289128869;12.552188759557149;12.162391328756906;11.575066464578656;12.023407843140218
13.216094017028809;13.549817085266112;13.385113716125488;13.505916595458984;13.548782348632812;12.42514419555664;12.416659355163574;13.381973266601562;13.54880428314209;13.349835395812988;13.460880279541016;12.23837947845459;12.34109592437744;12.233208656311035;12.374812126159668;13.541852951049805;13.50408935546875;12.979714393615724;12.22789192199707;12.97107219696045;13.554224967956545;13.387450218200684;13.509353637695312;13.44306182861328;12.309120178222656;13.202558517456056;12.226842880249023;13.46510887145996;12.831039428710938;12.225786209106444;13.256444931030272;12.227922439575195;12.320053100585938;13.554536819458008;12.225746154785156;13.391785621643066;12.23516082763672;12.304450988769531;13.535658836364746;12.22591495513916;12.22778034210205;12.957690238952637;13.223227500915527;13.48501682281494;13.538529396057127;13.288359642028809;13.547287940979004;13.476840019226074;12.602238655090332;12.603642463684082;12.731406211853027;12.996191024780272;12.711021616791836;13.329936453312436;12.740834826145262;11.743572188935634;12.789126046425231;12.709730036543627;13.057484118798897;12.815983626652724;12.423903765836592;12.649256177517314;12.205487820150566;13.567837271525178;12.851749041416058;13.270003253378444;12.90482275429421;12.269711121142782;13.215229625747924;12.908580264012734;12.34318571544788;12.644081593265676;12.49210354247923;12.103615656394544;11.792790294301064;12.30206767252652;12.365775635326267;13.217957697864112;12.57483001533763;12.33511116842486;12.99205319285264;12.19506456372082;11.817383427897232;13.042172353174928;12.351215321855609;13.13362388678298;12.855647166027266;11.911017407796985;13.133463346523438;12.541580659991167;12.77869318322384;12.965062756744627;13.310896748797711;12.675736555361906;13.051038962117408;13.054434738760843;13.462502272597265;12.87536540064177;12.80916520537188;12.709945380232496;12.809366207816078;12.579551652806565;12.84097456982188;12.86360554432145
14.377038955688477;14.722705841064451;13.95900058746338;14.582615852355955;14.72499656677246;14.315375328063965;14.678442001342772;13.923338890075684;14.69918155670166;14.71139430999756;13.954082489013672;13.66684341430664;13.868781089782717;13.67531394958496;13.84333610534668;14.715524673461914;14.344123840332031;14.556440353393556;13.666498184204102;14.465707778930664;14.726476669311523;14.666744232177734;14.72459316253662;13.82844352722168;14.046221733093262;14.590738296508787;13.724709510803224;13.699261665344238;14.213005065917969;13.665291786193848;14.161857604980469;13.672987937927246;13.891769409179688;14.72654628753662;13.665271759033203;14.723402976989746;13.670587539672852;13.682063102722168;14.726203918457031;13.665266036987305;14.319464683532717;14.11490535736084;13.691685676574709;14.706826210021973;14.657755851745604;14.71824073791504;14.697903633117676;14.528069496154783;13.8709077835083;14.70602035522461;14.54726505279541;14.724292755126951;13.925461718703762;13.756556322524087;14.860892982338823;12.947454306767218;14.092096414990792;14.751020945467612;14.331756712255473;14.740096955578911;14.206251272060689;14.29368717482627;13.939579214314692;14.656480728639783;14.521661777494655;14.07363951028323;14.593274395169932;13.833384274007493;14.679480099505446;14.074810461160451;13.608832338914842;13.442295588602516;13.898412441684211;13.25989034989582;13.86524997211658;13.402479172214964;13.681458050210274;14.566291930007871;13.896616222076874;14.603742238069026;14.249113452713727;14.49160260669611;13.73735298466663;14.9734283155401;14.365297208845051;14.505935576704188;13.9734283155401;14.961901822341002;14.491226790680209;13.753321227945042;15.026091122525854;14.873492175915208;14.104189211153557;13.90820495312589;14.268030211860133;14.344712009935012;14.360229829749484;14.18665592245552;14.30185339497469;14.226261653315504;14.355351096424812;13.934335888026032;13.733015321685963;13.964521373897238
13.102438926696776;13.151623725891112;12.1088285446167;13.013542175292969;12.086800575256348;13.138412475585938;12.048626899719238;13.119826316833496;13.156327247619627;13.155012130737305;12.122923851013184;12.042088508605955;12.710695266723633;12.52079963684082;12.06100368499756;13.156241416931152;13.150861740112305;13.080867767333984;12.367106437683104;12.11149787902832;12.326537132263184;13.13033390045166;12.072163581848145;12.05815315246582;12.06088161468506;13.150824546813965;12.042046546936035;12.372100830078123;12.318025588989258;12.051602363586426;12.922764778137209;12.092818260192873;13.144307136535645;12.0430269241333;12.049427032470703;13.150025367736816;13.15609645843506;12.04247760772705;13.136113166809082;13.078486442565918;12.077000617980955;12.918257713317873;12.318763732910156;13.155771255493164;13.156305313110352;12.075217247009276;12.04214572906494;13.12430191040039;12.85935878753662;12.054386138916016;12.047452926635742;13.124313354492188;12.67529549909406;12.5898851792902;13.111461739857722;12.325305455089682;13.209301046034142;12.973697366305352;12.78729042655958;13.136029849385553;12.479022346995178;12.79644525906185;12.7255792804196;13.510022358813766;12.529186505250893;13.028596777067108;13.102303817212649;12.28164030006605;12.853114583440288;12.78729042655958;12.80755617685892;12.721312842175312;12.840581250560753;12.562003863651553;11.949461979360152;12.913263430628762;12.255618749839597;13.757181632816716;12.97924654446865;12.157346935362844;12.7901448269498;12.726218159332198;11.93258386928929;13.469260236005406;12.88760142450871;13.222493052246469;12.8649599151426;12.491352073563435;12.80473605161403;13.076147528022505;12.565816107100892;13.308339030139408;12.855647166027266;12.972620862058744;13.298778580955656;13.007027266893967;12.41732511767992;12.800090987624994;13.3445733225962;13.16333519208196;12.8107724413447;12.871135184243045;13.169768450518076;12.689997971419446
9.638150215148926;9.769495964050291;9.545522689819336;10.472023963928224;9.622828483581545;9.930667877197266;9.928955078125;9.739627838134766;10.531734466552734;10.531864166259766;9.837495803833008;9.511509895324709;10.436100959777832;10.139902114868164;9.517184257507324;10.363714218139648;10.365878105163574;10.525484085083008;9.826530456542969;10.150837898254396;10.484129905700684;10.512941360473633;9.914626121520996;9.542181968688965;9.514204025268556;10.523462295532228;9.51157283782959;9.541796684265137;10.519204139709473;9.532116889953612;10.258673667907717;9.662074089050291;10.518677711486816;9.680137634277344;9.512818336486816;10.502589225769045;10.508440971374512;9.51470947265625;10.525588989257812;9.511581420898438;9.528203010559082;10.332850456237791;9.55136013031006;10.531842231750488;10.53177261352539;9.868371963500977;9.530940055847168;10.35338306427002;9.6012601852417;9.527047157287598;9.696542739868164;10.531296730041504;10.047123912114026;9.766528908598865;10.358651200892886;9.330916878114618;10.55170826162069;10.231221180711186;9.847057346091336;11.62844554013718;10.12670447284319;9.850186837645774;10.73893668167614;10.886458695703706;9.878050912728536;10.230020435705637;11.098032082960527;9.946906274456396;10.074141462752506;10.103287808412022;10.044394119358454;9.92035285541508;10.107217075591382;9.513727595952435;9.78135971352466;9.9901039638575;10.051208940914766;11.025139562278508;10.365228849251544;10.449148645375436;10.58777751632821;9.552669097514272;9.43254190038826;11.3437409184722;10.382624026574916;10.847057346091336;9.99717948093762;10.129283016944967;10.17617314910749;10.224001674198105;10.0;10.55170826162069;10.221587121264806;9.86573327085176;10.411510988012072;10.537218400538595;10.273795599214264;10.481799431665753;10.449148645375436;10.358651200892886;10.37937836707126;10.46352437327118;10.430452551665532;10.296916206879288
11.540303230285645;11.576201438903809;10.280121803283691;11.00163745880127;10.129783630371094;11.601363182067873;10.36374568939209;11.246206283569336;11.607067108154297;11.607905387878418;10.27781105041504;10.125697135925291;11.583189010620115;11.291897773742676;10.182969093322754;11.606877326965332;11.59286880493164;11.4182767868042;11.567412376403809;10.485796928405762;10.147927284240724;11.528786659240724;10.127799034118652;10.41075325012207;10.159608840942385;11.590797424316406;10.12558650970459;10.633705139160156;10.799221992492676;10.404967308044434;11.290785789489746;10.336853981018066;11.592350959777832;10.125517845153809;10.70372486114502;11.590615272521973;11.608177185058594;10.126173973083496;11.25678825378418;11.608040809631348;10.39551067352295;11.20378589630127;10.590097427368164;11.607915878295898;11.608076095581056;10.325910568237305;10.125503540039062;10.733443260192873;10.845467567443848;10.129351615905762;10.15063190460205;11.556386947631836;10.71338651493703;10.462502272597265;11.096715154488535;11.482303782323182;11.723660944409984;11.30149619498255;10.685624839726357;11.406205005418856;10.892542816648552;10.71338651493703;11.1879705919842;11.250298417906333;10.677719641641009;11.199672344836364;11.11829223302699;10.306061689428342;11.33147682185962;11.070791809423062;11.377210530388552;11.023061249735337;11.135067945777816;11.035486451292154;10.39660478118186;11.571752643503546;10.78135971352466;12.068778277985412;11.63662462054365;10.669770888525518;10.900112062977456;10.93737382019215;10.451211111832327;11.851358649033513;11.445532219028312;11.15608307628868;11.295194955880657;10.55170826162069;11.44190670454224;11.357552004618084;11.490349505739289;11.084144010615145;10.745674324002136;11.066089190457772;11.635264656539514;10.875749351420056;11.776021715252812;10.608254821977908;11.485326189240524;11.26620091249896;11.025831668332026;11.03823313473178;11.43567026093655;11.236014191900084
8.133954048156738;8.113033294677734;10.609527587890623;8.709545135498047;8.119948387145996;10.69536018371582;8.127241134643555;10.687995910644531;10.687848091125488;10.70605182647705;8.902791976928711;8.916705131530762;10.681326866149902;10.693231582641602;8.233458518981934;10.4398832321167;8.170536994934082;9.73540496826172;10.66320514678955;10.411982536315918;8.15723705291748;10.31737995147705;9.52794075012207;9.904425621032717;8.113418579101562;10.6950101852417;8.114294052124023;10.688949584960938;8.115883827209473;10.690919876098633;9.08676815032959;9.488204956054688;10.597806930541992;9.772567749023438;10.659804344177246;9.330511093139648;10.705000877380373;8.176478385925293;8.231268882751465;10.706050872802734;8.202231407165527;9.972626686096191;10.683198928833008;10.626368522644045;10.669055938720703;8.778101921081543;8.279834747314453;10.69536018371582;8.190384864807129;8.112616539001465;8.21418571472168;8.546175956726074;9.027905996569883;11.0566377151132;10.696098170955864;8.451211111832329;11.51668494930961;9.939579214314692;10.43879185257826;8.219168520462162;10.673309075561695;9.45532722030456;8.89178370321831;10.947636937951827;10.332036548361652;9.124121311829189;11.006326078524934;10.86573327085176;9.038918989292302;8.59618975614441;12.2903068962579;11.35149140932002;11.163020639580791;10.772314573921651;9.519636252843211;12.791366414695004;10.324180546618742;12.598750409571752;12.392854039872873;8.022367813028454;10.045759661382682;11.06406908038551;10.558420713268664;10.171176797651771;10.365228849251544;9.491853096329674;11.702605602110248;8.826548487290914;10.52845411076479;12.786473845221302;9.199672344836364;11.11829223302699;9.753216749178955;11.71639078949768;9.847057346091336;9.224001674198105;10.73640193131829;10.20945336562895;10.79603960882977;11.298635406734242;9.703903573444665;9.791162888555018;9.988684686772164;9.041659151637214
12.228273391723633;12.325504302978516;11.174765586853027;11.941402435302734;11.14670467376709;12.217488288879396;11.151077270507812;11.508319854736328;12.364503860473633;12.36472225189209;11.175337791442873;11.078465461730955;12.36417007446289;12.0841703414917;11.47401237487793;12.354591369628906;12.364511489868164;11.4201021194458;12.361035346984863;11.663742065429688;11.113279342651367;11.123454093933104;11.075202941894531;11.144932746887209;11.355064392089844;12.362610816955566;11.075188636779783;11.373870849609377;12.301387786865234;11.296514511108398;12.04841423034668;11.093963623046877;12.36440372467041;11.07480239868164;11.34211540222168;12.362075805664062;12.364724159240724;11.076244354248049;11.466564178466797;12.361065864562988;11.771145820617676;11.883142471313477;11.269225120544434;12.364715576171877;12.36472225189209;11.080432891845703;11.074304580688477;11.185457229614258;12.210739135742188;11.084335327148438;11.102187156677246;12.023646354675291;11.847840355630714;11.336506559810257;11.82137539237254;11.641148597411233;12.715104009236168;12.237508748172656;11.552188759557149;12.314300001897534;11.365775635326267;11.399811959325683;12.76487159073609;12.088125692188209;11.604553229079038;12.184255495405347;11.861474675125772;11.240791332161956;11.742730476519174;12.207624468226758;12.306916113522542;12.069449767427784;11.90651484484695;11.926295994781112;11.593391122791736;12.132821006779572;12.204876767603992;12.676177476832605;12.389900172773064;11.49235394515987;11.691307330191115;11.345405246717796;11.140829770773;13.75676478940414;12.350386742312844;12.547135531830865;12.04678297035635;11.508785162064513;11.579315937580017;12.4655664048094;12.128960950855696;12.189515729800194;12.073137383110383;11.673750739438065;12.451468712947358;11.59618975614441;12.17804232886482;12.022020969646356;12.513974273740658;12.151016538892248;11.667998535672528;12.194449079479025;12.129605011152504;11.906890595608518
10.307608604431152;10.022655487060549;10.27160930633545;9.005126953125;7.854387283325195;10.374530792236328;10.254852294921877;10.374116897583008;10.322242736816406;10.37454891204834;7.9578070640563965;7.843196868896484;10.259502410888672;10.37217617034912;7.844690799713135;10.372471809387209;7.877015590667725;10.120095252990724;10.139912605285645;10.257935523986816;8.216081619262695;9.738309860229492;9.80975341796875;8.082779884338379;7.842764854431152;10.323773384094238;7.840484619140625;9.543724060058594;7.922202587127685;10.042471885681152;9.187281608581545;7.843387603759766;9.685253143310549;7.880810737609863;8.896668434143066;7.900676250457764;10.166105270385742;7.843471050262451;10.177901268005373;10.374581336975098;7.843944072723389;8.649209022521973;8.843674659729004;8.064834594726562;9.981863975524902;10.330507278442385;7.905832767486572;10.15504264831543;7.927019596099853;7.840370178222656;10.099942207336426;9.729703903198242;9.179909090014934;9.800899899920305;8.784634845557521;9.159871336778387;8.703903573444663;9.236014191900084;9.642051692927977;8.584962500721156;7.467605550082998;7.686500527183218;9.330916878114618;9.041659151637214;6.820178962415188;9.105908508571158;8.523561956057012;6.475733430966398;8.744833837499545;8.584962500721156;10.298062567719017;8.879583249612784;9.250298417906333;9.084808387804362;8.459431618637296;9.285402218862249;7.900866807980749;9.791162888555018;9.192292814470768;5.169925001442312;8.625708843064466;8.581200581924957;6.108524456778169;9.665335917185176;8.515699838284043;7.022367813028454;9.862637357558794;6.523561956057013;8.499845887083206;9.717676423066395;10.269126679149418;9.131856960608792;8.238404739325079;8.894817763307943;9.537218400538595;7.86418614465428;10.650154213675094;8.787902559391432;8.527477006060396;9.14974711950468;7.912889336229962;9.330916878114618;7.554588851677638;10.014020470314934
7.020025730133057;6.89492130279541;9.770456314086914;9.906149864196776;7.449739933013916;7.422614097595215;10.216582298278809;6.903261661529541;10.014991760253906;7.776080131530762;10.211087226867676;6.89958381652832;10.211730003356934;7.824120998382568;7.4526166915893555;9.984883308410645;9.359786987304688;8.176621437072754;10.206100463867188;9.957481384277344;7.215483665466309;9.105490684509276;8.60376262664795;10.21629524230957;7.890548706054687;6.9462409019470215;10.174100875854492;9.235858917236328;10.22127914428711;7.010438919067383;10.200965881347656;6.969934463500977;9.029911994934082;6.894242763519287;9.972638130187988;7.556772232055664;10.220973014831545;7.409398555755615;7.118412017822266;10.17831802368164;10.196428298950195;7.874976634979248;7.688251495361328;10.220924377441406;10.221256256103516;10.129816055297852;6.900205612182617;6.902343273162842;6.906831741333008;7.500410079956055;10.200410842895508;7.917230129241943;8.710806433699352;6.643856189774724;8.252665432450248;6.491853096329675;9.457380879072534;8.388017285345136;6.7414669864011465;8.703903573444663;7.400879436282184;8.535275376620802;6.807354922057604;9.804131021183318;5.954196310386875;8.741466986401146;9.453270634010623;5.930737337562887;9.121533517340032;9.264442600226602;8.113742166049189;7.592457037268081;8.361943773735241;8.888743248898258;5.906890595608519;7.918863237274595;6.321928094887363;9.43879185257826;8.451211111832329;4.857980995127572;8.383704292474052;7.05528243550119;6.285402218862249;10.080817527608328;9.719388820942084;8.885696373339394;9.044394119358454;5.459431618637297;8.661778097771988;7.924812503605781;4.754887502163468;8.422064766172813;8.832890014164741;8.247927513443585;9.485829308701904;9.194756854422248;9.651051691178928;8.968666793195208;9.91288933622996;8.661778097771988;5.700439718141092;9.29920801838728;9.560332834212442;8.73809225962049
11.845782279968262;10.570045471191406;10.625754356384276;11.44687271118164;10.19393825531006;11.860527992248535;10.511605262756348;10.954214096069336;11.822795867919922;11.861435890197754;10.9589204788208;10.171429634094238;11.862163543701172;11.745726585388184;10.225393295288086;11.369128227233888;11.132335662841797;11.147092819213867;11.861684799194336;11.153695106506348;10.186361312866213;11.210468292236328;10.1709623336792;10.577497482299805;10.19038200378418;11.690215110778809;10.170170783996582;10.796860694885254;11.829405784606934;11.38180160522461;11.651129722595217;10.261090278625488;11.862383842468262;10.169668197631836;11.787485122680664;11.405634880065918;11.86321258544922;10.172148704528809;11.016481399536133;11.860928535461426;10.745388984680176;11.137040138244627;10.940509796142578;11.862797737121582;11.861549377441406;10.625383377075195;10.169685363769531;10.738171577453612;11.152017593383787;10.176092147827148;10.88475227355957;11.413692474365234;11.382083590141969;11.23661220021575;11.602234901341063;11.116343961237469;12.29318423075951;12.064742764750257;10.901621158346112;11.26795708440284;10.926295994781112;11.228217442293436;11.5980525001616;11.852529509404196;11.694357887221452;11.85642552862553;11.8193807908646;11.240791332161956;11.80896417491926;11.711666973564348;12.2836671674915;11.754887502163468;11.90651484484695;11.756973226165448;11.59105477403678;12.07347215397646;12.097373768990222;12.550025257465784;12.238703279427725;11.236014191900084;11.188588845707349;11.332596057789214;11.060695931687556;12.280480810318371;11.948367231584678;11.391243589427445;12.204265456136843;11.57601187420678;11.96000193206808;12.288000889707574;12.223700075986306;12.178353623512892;11.205793249397155;11.779719355143405;12.685186796595348;11.09341756438796;12.068442416025826;10.992938336165814;12.009478745888066;12.131535468676343;10.823367240046236;11.569380959522295;11.998237821888049;11.48733761520718
14.02968692779541;11.949785232543944;13.800983428955078;14.018455505371094;11.992277145385742;13.67427921295166;12.215486526489258;12.060272216796877;14.04926872253418;13.950825691223145;13.186005592346191;11.97849941253662;14.04354190826416;13.882681846618652;12.102972030639648;12.022475242614746;12.010459899902344;13.960000038146973;14.059407234191896;13.839141845703123;11.956643104553224;13.380608558654783;11.950249671936035;12.075277328491213;12.211631774902344;13.652769088745115;11.952646255493164;14.00294303894043;14.048054695129396;12.54234218597412;13.983744621276855;12.10106372833252;14.060137748718262;11.949376106262209;13.44151496887207;13.890514373779297;14.041436195373535;11.988903045654297;12.891594886779783;11.95167064666748;14.042606353759766;13.818595886230469;13.640007972717283;14.059754371643066;14.057714462280272;12.088122367858888;11.949493408203123;14.049201011657717;14.02763557434082;13.63376522064209;13.688913345336914;14.041316986083984;13.50928016808786;11.804131021183318;12.961449694398196;13.273067075722096;14.33105688442662;12.183635381473218;12.121209716409284;12.865539970785695;12.506803437795648;13.14322375612385;13.080817527608328;14.04772036638152;13.556386304097808;13.780949798749663;13.758431440900267;12.716176405807428;12.324743110494415;12.999119179995295;13.10541748977662;12.971184272404678;13.227014193649133;13.119265383175788;12.611485943240922;13.28583565586142;13.302638923787551;13.806650309081014;13.879200317947392;13.09901899101923;12.780129619625306;11.583082767502932;12.93682194449238;14.34318571544788;12.71338651493703;13.730151673173312;13.032734528586714;13.009128789539256;12.267371931265274;13.480790201095816;13.673971520682796;13.007552934613717;13.989128360866411;12.39901083295199;13.619417596048342;13.70433597118232;12.39473062943157;13.61769702930787;13.746094383705463;13.032390168866524;12.753425699145414;13.291314616229643;13.91877008505239;13.252665432450248
11.690600395202637;11.306286811828612;11.170683860778809;11.659321784973145;10.243045806884766;11.627009391784668;10.440155982971191;11.590924263000488;11.692938804626465;11.656014442443848;10.853962898254396;10.080809593200684;11.601375579833984;11.614180564880373;10.181680679321287;11.657330513000488;11.685503959655762;11.500762939453123;11.681002616882324;10.901145935058594;10.094005584716797;10.591228485107422;10.088031768798828;10.291598320007324;10.203798294067385;11.650711059570312;10.080689430236816;11.366610527038574;11.57113552093506;10.097563743591309;11.619389533996582;10.086615562438965;11.692041397094728;10.080554962158203;10.303058624267578;11.64786148071289;11.6929349899292;10.083243370056152;11.557528495788574;11.352397918701172;11.341142654418944;11.3585844039917;10.886350631713867;11.691324234008787;11.69306182861328;10.504480361938477;10.080561637878418;11.490124702453612;11.54228401184082;10.10414981842041;11.201627731323242;11.612496376037598;11.374496145691516;10.25974326369078;10.840777923595054;10.729620743553038;11.74188827273525;9.649256177517314;10.266786540694902;10.63390340934852;10.755722153642282;10.497851836951115;10.5401280385821;11.85914649542596;11.285402218862249;11.145295334933598;11.35424938194524;10.746514321138465;10.971543553950772;10.684748620421626;11.283088353024002;10.657318449581288;10.991521846075695;10.992938336165814;10.745674324002136;11.558420713268664;10.874981347653774;12.127349541059118;11.582141981658776;10.71338651493703;10.54978466794786;10.453270634010623;10.54978466794786;11.860311054919482;10.50084187955693;10.62844554013718;10.9901039638575;11.213104219641906;11.89026427702111;11.52552080909507;11.164906926675688;11.108524456778168;11.0;10.880348808156027;11.247334178028728;10.778898476008376;11.200285605224298;10.88264304936184;11.366322214245816;10.944712061043486;10.512740462803498;11.09077405464075;11.546412195119352;10.962173031109709
12.031410217285156;11.094768524169922;12.343022346496582;11.086888313293455;12.443159103393556;10.80029010772705;10.819416046142578;10.884201049804688;12.43144702911377;12.466483116149902;11.592829704284668;11.19229221343994;12.46610164642334;11.14352798461914;11.885305404663086;10.982996940612791;12.456820487976074;10.916687965393066;12.44076442718506;12.007010459899902;12.307929039001465;11.130352973937988;10.78399658203125;11.066864013671877;11.534520149230955;12.440237045288086;10.792717933654783;12.433533668518066;12.304010391235352;10.78918743133545;12.457456588745115;10.78761100769043;12.4660005569458;11.739643096923828;10.785238265991213;12.454456329345703;12.465190887451172;10.817344665527344;11.233813285827637;10.786030769348145;12.390928268432615;12.400548934936523;12.115121841430664;12.46644115447998;12.465326309204102;10.898225784301758;10.838167190551758;11.271580696105955;12.430952072143556;11.019768714904783;10.848471641540527;11.133809089660645;11.90651484484695;11.807757403589267;11.450695771572915;11.217351905270334;11.94178124227853;11.422064766172811;11.905763049602792;12.095726668639047;11.262682142362165;11.374496145691516;11.61194694181998;11.90388184573618;11.025831668332026;11.885696373339394;11.451726268074506;11.139551352398794;12.846665681899738;12.025831668332026;12.025831668332026;11.663558104217271;11.677719641641009;11.508785162064513;10.620219825507489;11.591522346570734;11.269126679149418;12.108851117040151;11.939211882666395;10.390168956200185;11.857980995127573;11.082814337672271;10.328674927327947;12.60408986146918;11.114393054867309;12.118941072723509;11.81257844413538;10.600842114387302;12.24436383512051;11.801708358916462;12.282219695672588;11.776433032444732;11.747353829478062;11.589651146514786;12.32755264408124;11.30720080914081;12.872674880270605;11.494355603532846;11.57601187420678;11.569380959522295;12.01854794187165;11.982280604558284;11.50084187955693;12.040632200562252
13.128034591674805;14.189409255981444;13.02347183227539;14.202284812927246;13.96425437927246;14.167177200317385;12.994531631469728;13.016122817993164;14.456928253173828;14.45799732208252;14.13839340209961;12.993579864501951;14.450790405273438;13.226890563964844;13.437018394470217;14.164617538452148;14.45767879486084;14.346274375915527;13.678970336914062;13.403162956237791;14.45334815979004;14.406997680664062;13.132332801818848;13.281146049499512;13.004536628723145;14.45610237121582;12.993109703063965;13.273280143737791;14.447729110717772;13.001224517822266;14.097110748291016;13.393921852111816;14.444009780883787;14.45703411102295;12.994882583618164;14.453084945678713;14.45763874053955;12.99547290802002;14.38200855255127;12.998560905456545;12.993181228637695;14.095260620117188;13.98128890991211;14.45799732208252;14.45797348022461;13.014392852783203;13.180910110473633;14.13100528717041;13.417216300964355;13.017202377319336;12.99565887451172;13.463720321655272;14.552248810548477;13.603973996309024;13.964792090715711;14.087214193611045;14.417720683658056;12.78483929465315;13.489095315413504;14.820029338882216;13.654636028527968;13.902375114486023;13.951466861932795;14.800697714363126;14.916579274566226;14.354456017505626;13.789635526615887;13.862540503136891;13.20670914935865;14.482870966140382;13.837529385062425;13.604553229079038;13.86379910372885;13.418511490387644;13.873828574886977;13.585314678201458;14.538249568599277;13.908017261062804;14.395065477997743;13.992938336165814;14.064405961891042;12.47192918764169;13.803122072935404;14.850577547205614;13.412172865823786;14.54635190068654;13.792383614935188;14.817583288677616;13.429145170478744;14.100169531129907;13.036173612553483;13.73184933613704;13.74030781425232;13.646108641506103;14.118616689351509;13.856036399819155;13.847742502675754;14.19144482783438;14.40886043602476;13.56961830344664;14.20724315593674;14.115693952197011;14.189670152603751;14.021066720163276
13.983919143676758;13.989113807678224;13.908245086669922;13.98402976989746;13.919829368591309;13.673760414123535;13.216788291931152;13.743542671203612;13.989449501037598;13.97789192199707;13.92923355102539;12.82724380493164;12.999796867370604;12.872867584228516;12.844073295593262;13.98923397064209;13.987703323364258;13.512125968933104;12.844606399536133;13.93722438812256;13.600268363952637;13.246851921081545;12.900629997253418;13.97104549407959;12.888837814331056;13.955354690551758;12.827230453491213;13.639162063598633;13.955660820007324;12.827218055725098;13.244163513183594;12.8273286819458;13.91376495361328;12.837377548217772;12.827228546142578;13.980314254760742;13.960858345031738;12.827399253845217;13.985651016235352;12.839428901672363;13.105291366577148;13.466626167297363;13.401052474975586;13.989274978637695;13.989450454711914;13.896800994873049;12.827607154846191;13.879897117614746;13.690738677978516;12.886265754699709;13.402472496032717;13.711487770080566;13.382894168892134;13.391243589427445;13.465948964154254;12.740834826145262;13.793196859060943;12.99205319285264;13.410716333604269;13.746514321138465;13.398342887645883;13.416929443213602;13.186423797538945;14.169533592275016;12.99081307915361;13.733227217851562;13.7515440590891;13.066425600635556;14.066089190457772;13.556026992724677;13.264002687114218;13.410716333604269;13.46722342982096;13.401279536596528;12.214015491410844;13.548099416978388;12.694140204076431;14.312102985961063;13.434758522966764;12.360572781480696;13.718746909901064;13.275978964975623;12.28164030006605;14.11496234179294;13.098690096673591;13.710160691782914;13.68376223717448;12.610794169053182;13.780334708123895;13.633222303800787;13.044223335689608;13.804433568115511;13.682775179067027;13.714567511873662;14.06785446938792;13.624338545312986;13.983439002170414;13.437231901039478;13.70606426733497;13.653964643249012;13.4070021479242;13.71037597120447;13.73714169365265;13.70552439716406
18.7970027923584;20.71858024597168;18.66370391845703;18.741628646850582;20.740856170654297;18.75703811645508;18.661008834838867;18.65503692626953;20.59332275390625;20.76384925842285;19.44829559326172;18.742412567138672;20.68452835083008;18.659873962402344;20.031312942504883;18.715730667114254;20.70692443847656;18.659242630004883;20.16884994506836;19.327926635742188;20.73182678222656;18.845626831054688;19.87178039550781;19.73360824584961;18.699005126953125;20.12928581237793;18.73558807373047;18.73821449279785;20.668699264526367;18.649019241333008;19.62431907653809;20.56324577331543;20.69370460510254;20.76173591613769;18.65387916564941;20.76371192932129;20.76364517211914;18.75936317443848;20.531286239624023;18.648475646972656;20.71177291870117;19.781450271606445;19.185272216796875;20.76384925842285;20.75102806091309;18.78045654296875;19.239517211914062;18.807260513305664;18.679161071777344;20.706867218017575;18.683408737182617;19.24633026123047;19.23700917819857;19.28104255453693;20.87156462995789;18.538033539267328;19.699204724685767;20.574492823413504;19.69223918325964;19.38194000267821;17.90829879000133;20.335426339618127;18.549205584942857;20.420303616197376;9.642051692927977;20.296744846204323;20.14593836329113;9.787902559391432;19.02149512612956;20.78890229592619;18.595811092203945;18.576868116875776;19.148754607845337;19.532673625988323;10.857203471508166;17.42181829347999;10.562242424221072;19.1855771923397;18.657342875809505;14.161446847518008;19.860433824770336;16.119508568181146;10.25974326369078;19.56154340476596;20.02680167998913;20.54244529645881;19.90994580603696;11.116343961237469;18.988343519524992;19.1037206544494;19.63187333367889;20.72143217389521;20.58998481453541;18.56351656406622;20.80771495966156;20.641286214875368;19.421744343460368;19.72991609726845;20.67176305002673;19.736717367451053;18.27426894228196;20.11690867271436;20.428297804306546;19.876100217062884
13.966825485229492;13.624757766723633;14.454496383666992;14.285759925842283;14.614882469177246;13.175899505615234;13.321945190429688;13.180364608764648;14.613182067871094;14.614054679870604;14.357369422912598;13.18837833404541;13.202860832214355;13.195308685302734;14.227821350097656;13.76952075958252;14.579834938049316;14.3364896774292;13.180532455444336;14.523813247680664;14.61287784576416;14.584696769714355;14.480758666992188;14.445880889892578;14.159563064575195;14.342795372009276;13.814949035644531;14.203099250793455;14.349111557006836;13.172524452209473;14.321670532226562;13.531635284423828;14.603937149047852;14.533223152160645;13.172567367553713;14.614801406860352;13.910896301269531;13.191970825195312;14.60749626159668;13.172505378723145;14.615033149719238;14.471917152404783;14.234787940979004;14.61493682861328;14.611053466796877;14.592708587646484;13.229086875915527;14.533893585205078;13.918484687805176;14.609990119934082;13.234748840332031;14.582159996032717;13.51261702365554;12.698921662339812;14.506803437795648;13.181462881270017;13.71177450496535;14.6885781571157;13.254733389246674;13.889218742472613;11.957102041562289;13.804635230827737;12.370959793297386;14.340684654363438;10.417852514885896;14.14242620231898;14.013060912553662;9.703903573444665;14.141628207364796;14.269126679149418;12.650154213675094;12.453527867681784;13.536975665610642;12.917185576336395;9.753216749178955;12.023061249735337;10.084808387804362;12.52258153125483;12.65642486327778;10.12670447284319;13.382894168892134;10.63662462054365;9.586839787961829;13.942972605568816;14.189747357807576;13.74157231951848;13.467096033905747;10.625708843064466;14.050783956364931;13.066930068864098;13.751334836401345;14.469578227375443;13.724833563933643;12.786678033890652;14.78978833559524;14.357208333961871;13.566886488038495;13.47154821099913;14.101072883682534;13.826449179423664;12.3009244909763;14.308410139144074;14.236313227042803;13.547015000894593
8.9066743850708;8.904808044433594;10.997095108032228;9.265154838562012;8.910021781921387;9.90370273590088;8.954901695251465;10.899358749389648;11.06849765777588;11.13290309906006;9.22708225250244;9.740325927734377;11.125625610351562;11.124977111816406;9.189574241638184;10.053631782531738;8.916489601135254;11.064090728759766;11.111428260803224;11.06502628326416;9.08681869506836;11.094024658203123;9.929607391357422;9.388503074645996;8.910884857177734;11.11319351196289;9.106490135192873;11.11173152923584;8.963808059692383;11.129470825195312;10.92227840423584;10.839345932006836;11.118941307067873;10.497488021850586;11.095285415649414;10.053215026855469;11.120691299438477;9.1749267578125;8.922439575195312;11.132798194885254;9.608139038085938;10.955370903015137;11.095941543579102;11.110626220703123;10.92488956451416;9.195024490356444;9.908438682556152;11.081006050109863;8.952256202697754;8.904915809631348;9.10178565979004;10.571171760559082;10.960725994839056;12.039261794341057;11.761135649828644;10.442943495848729;11.90312867681232;12.029632328044135;11.88264304936184;11.027905996569883;10.910642730469624;11.198445041452365;11.069449767427784;11.371776644337924;10.837627933171404;11.953468962228849;11.801708358916462;10.829722735086058;10.857203471508166;11.26795708440284;12.322491537597468;11.932952892194717;11.441388029346689;11.760304125286382;10.390168956200185;12.536247215688128;11.528942415064895;13.118616689351509;11.93110683302934;9.829722735086058;11.107217075591382;11.960364008877834;10.7632123668144;11.90613899619538;11.068778277985412;10.95492329203032;12.2836671674915;10.025139562278508;11.410451351503994;12.25974326369078;8.977279923499916;12.314300001897534;11.131213905086272;12.34207466799914;11.595723694101627;11.594324603924848;11.642051692927977;11.457380879072534;11.14974711950468;12.363860976729532;11.042343379793692;11.379919817646538;11.072132604167232;11.17804232886482
12.385518074035645;10.758340835571287;10.94663143157959;12.542177200317385;10.704063415527344;12.538888931274414;11.898449897766112;12.527642250061035;12.526850700378418;12.425613403320312;11.87717056274414;10.70452880859375;12.54599380493164;12.38882827758789;10.706334114074709;12.518587112426758;10.837322235107422;10.976941108703612;12.545937538146973;10.741817474365234;10.709559440612791;11.575037002563477;10.70473861694336;10.94508934020996;10.709409713745115;12.40513801574707;10.704131126403809;11.983246803283691;12.452728271484377;12.524179458618164;12.522309303283691;10.72331428527832;12.542842864990234;10.70358180999756;12.537469863891602;10.770313262939451;12.54591941833496;10.708281517028809;10.812688827514648;12.54599380493164;10.705906867980955;11.28819751739502;11.110459327697754;12.541916847229004;12.5459623336792;11.143692016601562;10.704096794128418;10.888909339904783;11.844242095947266;10.703669548034668;12.54096508026123;10.73175048828125;11.954559846999834;13.146568675740786;12.753843508311638;12.326991174900815;14.104271128936894;12.57104154760109;12.547135531830865;11.534789211480266;12.501339618061396;12.648132845652658;13.41706134676029;13.28410112599707;12.384513961398618;13.631745471077506;13.762382038710392;12.619073646817748;12.20181761666792;12.282509306240836;13.73481544784671;13.233769450446928;13.376668061857668;13.237956813306198;11.9683067944308;13.7324854450719;13.529186505250893;14.020459141699511;13.76207054242485;11.068106475858771;11.808562029957525;12.92351319630841;12.090443275081606;12.79543091954113;12.90613899619538;12.99435343685886;13.35837648032824;12.178664851006472;12.158294103604035;13.644532294625444;11.084144010615145;13.494980552661476;13.580376352946306;13.563911244581693;13.62548055047108;13.982548009651426;12.017156386383112;12.440350119200565;13.165221068220944;13.365775635326267;12.552669097514272;13.138431806276849;13.376261076559688;12.702389159976336
5.6081647872924805;5.60821533203125;7.717075347900391;7.703566551208496;5.607081890106201;5.789387226104736;7.716756343841553;7.647480010986328;7.716003894805908;7.512892246246338;7.697440624237059;6.5104146003723145;6.0523834228515625;6.209221363067627;5.776031017303467;7.715668678283691;6.626121044158936;7.302472114562988;6.01707649230957;7.699089050292969;5.6072540283203125;6.22377872467041;5.634244441986084;7.718321323394775;6.535477638244629;7.672423839569092;5.914429187774658;7.698644161224365;5.894404888153076;7.718198776245117;5.636480331420898;5.682199954986572;7.608969688415527;5.607116222381592;7.716373443603516;7.19268274307251;7.565643310546875;5.642955780029297;5.669656276702881;7.718675136566162;5.878596782684326;6.64094352722168;7.26746940612793;7.183361053466797;7.71096134185791;7.685709476470947;5.608117580413818;7.600639343261719;7.370808601379394;5.609190464019775;7.644606590270996;6.489486217498779;6.700439718141092;7.727920454563199;7.845490050944375;6.357552004618084;7.977279923499917;6.189824558880018;7.276124405274237;7.011227255423254;8.60733031374961;6.94251450533924;7.562242424221073;7.906890595608519;6.285402218862249;6.6865005271832185;7.507794640198696;6.285402218862249;7.539158811108031;6.965784284662087;8.588714635582264;7.754887502163468;8.169925001442312;7.78135971352466;7.179909090014935;8.930737337562887;6.700439718141092;9.39231742277876;8.59618975614441;5.727920454563199;7.266786540694901;7.924812503605781;6.20945336562895;8.519636252843213;7.129283016944966;6.149747119504682;7.20945336562895;7.139551352398794;7.03342300153745;9.157346935362844;6.954196310386875;7.383704292474052;6.087462841250339;7.912889336229962;6.108524456778169;6.906890595608519;7.247927513443585;8.204571144249204;7.906890595608519;7.800899899920305;6.870364719583405;7.169925001442312;7.022367813028454;6.044394119358453
11.615675926208496;11.427295684814451;11.673787117004396;13.25960636138916;11.42653751373291;13.22919750213623;11.96955394744873;12.66073513031006;13.264167785644531;13.26214599609375;13.201460838317873;11.428288459777832;13.265382766723633;13.224499702453612;11.465155601501465;13.077178955078123;12.85053539276123;12.50930881500244;13.265316009521484;12.123167991638184;11.426765441894531;11.455574035644531;11.430092811584473;12.677542686462402;11.43885326385498;13.220670700073242;11.427204132080078;12.063760757446287;13.264652252197266;13.236432075500488;12.56153678894043;11.525792121887209;13.2640380859375;11.426466941833496;13.258368492126465;12.2362060546875;13.265499114990234;11.440512657165527;11.495620727539062;13.26482391357422;11.43093967437744;11.83726978302002;12.06628131866455;13.264948844909668;13.265518188476562;11.454133987426758;11.426654815673828;13.067622184753418;12.380279541015623;11.427079200744627;13.233102798461914;11.520037651062012;13.367141694552364;12.531381460516313;13.059851410770802;12.955649907528374;14.16749655104036;12.097373768990222;11.868050853745158;13.065584428061502;12.88149638481011;13.177886656348791;13.788820271926742;13.911111061926714;13.102303817212649;14.092013802969072;13.707251271063232;12.89614316077451;13.084310133597755;12.774375272802065;13.73523868071836;13.198138052401116;13.533329732305834;13.219924768862814;12.253552062637464;13.5302844003166;12.96992608191987;13.30035256032822;14.050103720581296;11.993646060016596;12.668220198888896;11.2836671674915;12.314583244274194;14.579374869997288;12.59105477403678;13.573055409708704;13.530772085621978;12.77272694923985;13.720992350106709;13.896710815726117;11.232420927176076;12.97100459807343;13.085140461701762;13.461607340113764;13.784328117579138;13.430844535105216;13.173989374166537;13.29217781631975;13.338179249900112;12.82714419098428;13.149111990706889;13.389765762278635;13.6142497276894;13.440739423014271
9.072015762329102;9.029683113098145;11.046873092651367;10.615589141845703;9.031220436096191;11.01014232635498;10.154047966003418;11.126011848449709;11.134847640991213;11.139723777770996;10.821619033813477;9.31091022491455;11.12953758239746;11.109869956970217;9.17747974395752;10.28822422027588;9.284346580505373;9.537132263183594;11.109659194946287;11.073318481445312;9.031248092651367;9.541998863220217;9.042195320129396;11.095179557800291;9.037811279296877;11.135553359985352;9.030887603759766;10.473295211791992;9.425393104553224;11.136372566223145;9.30946445465088;9.138755798339844;11.092185974121094;9.031015396118164;11.136369705200195;10.669535636901855;11.138957023620604;9.058231353759766;9.168441772460938;11.1397066116333;9.21489429473877;10.35347843170166;10.822296142578123;11.12443733215332;11.127793312072754;11.05780029296875;9.03046703338623;11.097003936767578;9.755844116210938;9.029526710510254;10.81127643585205;9.17086696624756;9.799281621521924;11.495355392235982;11.62890115202819;9.76155123244448;11.35149140932002;11.41204051455165;11.982280604558284;10.619302955415687;12.101975670949232;11.519636252843211;10.625708843064466;11.366322214245816;11.04507705193494;10.909893083770042;11.670213636738564;11.934428040626804;10.800899899920305;10.55170826162069;12.201205007299528;12.167418145831736;11.563672959827514;11.422064766172811;10.576484346796851;12.693922488081014;11.184255495405347;14.114067647165264;11.766528908598865;9.76487159073609;10.790348496751914;13.147840893672337;11.269126679149418;11.722380635163802;11.206403913973848;8.842350343413807;11.834471049984222;9.89633240390994;11.736824699098864;12.14051027236822;10.265615046484458;12.002111776479852;10.557463701597824;12.726856755450727;9.961449694398196;10.588714635582264;11.26502894245816;10.77313920671969;11.463013413449692;12.29920801838728;11.025831668332026;11.266786540694902;11.101319154423276;11.034798962577268
10.073225021362305;9.783815383911133;10.091310501098633;10.860806465148926;9.777771949768066;11.054037094116213;10.477164268493652;10.765798568725586;11.079303741455078;11.08163356781006;10.902632713317873;9.828474044799805;11.073437690734863;10.203672409057615;9.872276306152344;11.070111274719238;10.104445457458496;9.87431812286377;10.810382843017578;10.287592887878418;9.7870512008667;10.272427558898926;9.778264999389648;10.93130874633789;9.831740379333496;11.065252304077148;9.784431457519531;9.874669075012209;11.017468452453612;11.064350128173828;10.146954536437988;9.862030029296877;11.080677032470703;9.777464866638184;11.051403045654297;11.061782836914062;11.081283569335938;9.778779029846191;10.016639709472656;11.081610679626465;10.649012565612791;10.07142734527588;9.879919052124023;11.081247329711914;11.081270217895508;10.843937873840332;9.777474403381348;10.973134994506836;10.7461576461792;9.778841972351074;10.388686180114746;9.909448623657228;10.580258567499788;10.993646060016596;10.76487159073609;9.946906274456396;11.243173983472952;10.705632387361415;11.216745858195306;10.720244258287568;10.605479518061667;10.295768934420508;10.417852514885896;11.115693952197011;12.03342300153745;11.030667136246942;10.997885127829113;11.304921669581672;10.91737207947684;10.450180247164754;11.403544678202014;10.820178962415188;10.779719355143405;10.705632387361415;11.068106475858771;11.51422090935813;11.557942286787448;12.474212937193943;11.50382573799575;11.172427508645482;10.757390009366638;11.077483356859508;11.376125389276174;11.095397022792556;10.360847084179664;10.42940674151398;11.264442600226602;11.498849206531723;11.119589620741122;11.462502272597265;10.84313591111135;11.057314877782703;10.838416075797335;11.42259043389256;10.888743248898258;10.508785162064513;11.18239435340453;10.807354922057604;10.7431513941125;10.97656412341533;10.715104009236168;10.749869427396844;10.7047682393626;10.159871336778387
4.019522190093994;1.7912226915359497;5.242936134338379;5.2066826820373535;3.287928342819214;1.78912091255188;3.896673202514648;5.242893695831299;5.243039131164551;5.24233865737915;5.197025775909424;5.240205764770508;1.7845618724822998;1.908504843711853;5.193972587585449;5.175580024719238;4.83884859085083;1.8352528810501096;1.7828277349472046;5.113105773925781;1.7885730266571045;1.846779465675354;4.164573669433594;5.243024349212647;5.062509059906006;5.230099201202393;4.609838485717773;5.234712600708008;1.7840063571929932;2.208242893218994;1.840752959251404;1.8926899433135984;3.861069202423096;2.054955005645752;2.141251564025879;5.238808631896973;1.783382534980774;2.048705101013184;1.9076801538467407;5.2306647300720215;5.241466045379639;2.242050647735596;5.19428300857544;1.8043895959854128;5.163427352905273;5.239858150482178;1.880738854408264;5.243204116821289;5.217607498168945;1.937718391418457;5.111000061035156;1.7873835563659668;1.0;5.554588851677638;6.7414669864011465;3.0;4.807354922057604;2.321928094887362;4.523561956057013;0.0;6.977279923499917;3.0;1.0;4.954196310386875;2.0;1.584962500721156;2.584962500721156;3.906890595608519;6.169925001442312;3.807354922057604;3.700439718141092;3.321928094887362;3.4594316186372973;4.584962500721156;1.584962500721156;5.247927513443585;4.0;6.266786540694901;5.0;0.0;1.584962500721156;6.266786540694901;2.321928094887362;3.4594316186372973;5.392317422778761;4.087462841250339;4.247927513443585;1.584962500721156;6.044394119358453;2.807354922057604;3.0;0.0;0.0;4.247927513443585;2.584962500721156;1.0;6.339850002884624;5.672425341971495;4.584962500721156;3.807354922057604;5.491853096329675;2.0;2.321928094887362;0.0
10.632428169250488;9.383557319641112;9.702672004699709;10.962965965270996;9.384060859680176;10.771733283996582;9.906296730041504;10.708809852600098;10.9091215133667;10.994232177734377;10.407114028930664;9.50143814086914;10.994382858276367;10.845903396606444;9.48066520690918;9.449207305908203;9.439250946044922;9.545513153076172;10.9931001663208;9.470190048217772;9.43061637878418;10.96336841583252;9.382646560668944;9.964003562927246;9.406767845153809;10.988439559936523;9.384486198425291;10.098655700683594;10.89995002746582;10.979887962341309;10.972721099853516;9.927984237670898;10.992979049682615;9.38493537902832;10.967397689819336;10.800982475280762;10.987574577331545;9.387065887451172;9.450550079345703;10.970559120178224;9.39748764038086;9.642844200134276;10.321228981018066;10.993492126464844;10.993596076965332;10.805152893066406;9.38893699645996;9.909483909606934;10.916109085083008;9.386942863464355;10.95286750793457;9.459057807922363;10.567005370247031;11.202736043250168;11.038918989292302;10.366322214245816;11.675074920385445;10.394462694610317;11.27786854617684;10.755722153642282;11.496853777388042;11.36194377373524;11.715104009236168;11.057991722759176;10.8649599151426;11.425215903299383;12.477252323937952;10.76983784362944;10.5980525001616;10.895575282380683;11.852529509404196;11.116343961237469;11.269126679149418;11.269126679149418;10.681238411777803;11.59944798152872;11.726643921483994;12.790755750118311;11.64430696154558;10.31741261376487;11.109830654278792;11.347621368568134;10.988684686772164;11.567480801143043;10.476746203939468;10.98299357469431;11.622051819456376;10.393390457443989;11.399277924508969;12.065416134676548;9.834471049984222;11.281350514981035;11.52061868055628;12.244958393151132;11.071462362556623;11.290594888082572;10.90388184573618;10.836839359748716;10.915879378835774;10.929258408636972;11.107870914279614;10.987974524296153;11.246740598493144;11.371776644337924
8.2687406539917;8.268510818481445;9.314032554626465;9.25055980682373;8.271845817565918;9.060905456542969;8.717098236083984;10.20926570892334;10.001216888427734;10.232794761657717;9.087538719177246;9.636927604675291;10.231740951538086;10.227547645568848;8.794694900512695;8.330464363098145;8.345656394958496;10.061359405517578;10.205415725708008;10.131810188293455;8.45644474029541;9.055788040161133;9.353926658630373;8.606066703796387;8.272920608520508;10.230782508850098;8.270577430725098;9.38982105255127;8.590718269348145;10.23137664794922;8.843587875366211;9.771857261657717;9.937244415283203;10.225664138793944;10.091096878051758;9.425655364990234;9.311785697937012;8.768983840942383;8.45543098449707;9.940266609191896;8.268753051757812;9.712456703186035;9.865979194641112;9.924237251281738;8.966104507446289;8.437260627746582;9.95034122467041;10.223350524902344;8.518694877624512;8.268570899963379;9.88853931427002;8.624727249145508;10.154818109052105;11.24198314969433;10.733015321685963;9.605479518061667;10.554588851677638;9.980139577639155;11.466076461396252;11.036173612553483;10.735556023911537;11.03960451795376;9.94251450533924;11.043027283594547;11.832494484336111;10.934428040626804;10.76155123244448;11.553149275598548;9.603626344986193;10.014020470314934;11.082814337672271;11.020979938904212;10.772314573921651;10.400879436282183;10.923327485419192;11.216139556425135;11.660887270302569;12.368779260041338;11.20945336562895;10.580258567499788;11.164906926675688;11.456354415108288;11.10459875356437;11.153552031708111;10.1331422124006;10.200898605038445;11.06339508128851;11.42259043389256;10.208234358339787;11.258566033889933;9.355351096424812;10.866506212226202;10.802516365121225;11.47218311618954;9.857980995127573;10.470658874060552;10.76155123244448;11.022367813028454;10.53818893205242;10.86573327085176;11.338736382573916;10.28424574982967;10.219168520462162;10.303780748177102
8.382338523864746;8.356877326965332;13.512946128845217;8.511397361755371;8.402656555175781;9.38003635406494;13.51173496246338;13.002516746520996;10.917576789855955;13.51939296722412;9.050127983093262;9.039411544799805;11.12986946105957;13.086607933044434;8.547745704650879;12.547282218933104;8.357097625732422;13.48093605041504;13.48434829711914;13.519209861755373;8.412243843078613;9.011052131652832;13.501344680786133;9.916792869567873;8.615131378173828;8.38696575164795;13.484260559082031;13.425430297851562;12.989480018615724;13.460614204406738;9.29634952545166;8.51062297821045;13.429083824157717;8.39228630065918;13.502751350402832;8.456888198852539;12.242263793945312;12.35176944732666;8.474769592285156;13.513700485229492;13.487951278686523;12.7531156539917;10.932543754577637;13.300821304321287;8.368545532226562;10.760701179504396;9.018965721130373;13.456506729125977;8.357536315917969;8.37276840209961;13.340741157531738;13.508293151855469;8.174925682500678;9.41574176829009;9.90388184573618;7.383704292474052;9.823367240046236;8.823367240046235;9.445014845868425;7.366322214245816;9.257387842692651;9.29232163280204;10.071462362556623;10.01262453886506;9.108524456778168;8.353146825498083;9.94251450533924;9.08746284125034;13.56450678433871;9.14210705730255;10.651948610723446;10.302638923787551;10.222794902868111;10.103287808412022;8.233619676759702;9.726218159332198;8.668884984266247;10.74819284958946;10.642954223480332;7.930737337562887;8.531381460516313;10.24555270625568;8.668884984266247;9.618385502258606;9.76983784362944;7.98299357469431;10.188588845707349;8.144658242831882;8.791162888555018;10.69261550169458;14.064911136698967;10.019590728357882;11.715533063526584;10.222794902868111;8.665335917185176;8.46352437327118;12.84901407369482;9.398743691938192;9.96000193206808;9.78463484555752;8.08214904135387;9.403012023574997;9.375039431346924;8.897845456005511
13.100334167480469;14.856825828552246;13.352343559265137;13.005772590637209;14.724164962768556;12.96895980834961;13.051154136657717;12.98191738128662;14.461009979248049;14.876157760620115;14.3388090133667;14.648795127868652;14.61549949645996;12.968490600585938;14.869593620300291;13.012349128723145;14.87575626373291;13.13211727142334;12.994447708129885;14.567537307739258;14.713424682617188;14.629753112792969;12.984009742736816;14.785308837890623;14.615486145019531;14.790881156921388;14.484259605407717;13.588483810424805;14.75350570678711;12.980586051940918;13.275683403015137;14.85659408569336;14.694068908691406;14.650569915771484;13.004528999328612;14.876154899597168;14.8743257522583;12.974016189575195;13.132627487182615;12.973761558532717;14.873578071594238;13.063966751098633;13.910165786743164;14.876153945922852;14.773199081420898;13.042281150817873;12.971449851989746;13.99859619140625;13.676013946533203;14.870789527893066;12.969722747802734;13.951008796691896;13.89614316077451;13.762485855861582;11.980139577639155;12.489597122389307;13.295768934420508;11.989749275462133;13.521109643651332;14.99147755834286;12.898412441684211;13.523194374830966;12.5090326863065;14.005273656563938;13.229119220658594;13.336506559810257;13.284534954008423;12.234817431117325;13.601886830639092;14.104844423218584;12.99028127536032;12.4189067312579;13.1767964781476;12.756347825516588;12.80634822671225;12.622738217871143;11.579315937580017;12.964521373897238;13.762693467754428;14.210290836058007;14.623309967191387;12.36468185586456;12.984418458801136;14.426264754702098;12.715104009236168;14.023667733561714;12.682336269711378;13.26620091249896;14.976071804762835;13.682226521505408;14.483815777264256;11.997532347526366;13.3781593597821;12.857980995127573;13.58660526060361;12.965062756744627;14.418511490387644;13.352595231134304;13.159556028058768;12.324180546618742;14.04899765291107;13.81277897162766;12.960364008877834;13.897467341721892
11.744486808776855;11.669435501098633;10.871004104614258;11.799622535705566;10.454492568969728;11.81112575531006;11.414887428283691;10.840283393859863;11.817544937133787;11.81570053100586;11.51433563232422;10.430218696594238;11.310349464416504;10.854496002197266;10.49919319152832;11.811528205871582;11.791491508483888;11.263684272766112;11.409212112426758;11.382272720336914;10.443876266479492;10.87778663635254;10.43854522705078;11.662734031677246;10.516035079956056;11.801549911499023;10.430136680603027;10.578871726989746;11.682151794433594;10.596376419067385;10.553414344787598;10.466050148010254;11.81627082824707;10.429661750793455;10.82447338104248;11.811116218566896;11.817553520202637;10.430205345153809;11.720324516296388;11.801108360290527;11.561297416687012;10.956196784973145;10.63618278503418;11.817439079284668;11.81765365600586;11.561038970947266;10.42966365814209;11.660552024841309;11.528202056884766;10.458845138549805;10.92475128173828;11.74188995361328;10.73640193131829;10.600842114387302;11.281930026955443;11.027905996569883;11.744833837499543;10.434628227636724;10.681238411777803;11.712097051087548;10.749031382040204;10.880348808156027;11.576484346796851;11.539643506238036;10.687375683437468;11.498849206531723;11.352595231134304;10.496853777388042;11.071462362556623;10.700439718141093;11.398209261466851;10.824163209744158;11.04507705193494;11.065416134676548;10.419960177847887;11.4542992936199;10.841564347730577;11.894059846274022;11.54882190845875;10.007027266893967;10.97656412341533;10.425215903299383;10.458406613236534;11.790755750118311;10.68650052718322;11.579315937580017;11.337621901992508;10.625708843064466;11.171802288682985;11.51175265376738;11.62662165235837;11.105253779700885;10.940313597145968;11.389093521904474;11.455840909126398;11.337621901992508;11.284824100224624;11.06339508128851;11.332596057789214;10.98299357469431;11.081483438093674;10.897845456005513;11.373408960228696;11.084144010615145
8.346009254455566;8.986685752868652;6.838087558746338;7.010804176330566;6.776205062866211;9.388755798339844;6.941473484039307;7.472560405731201;8.811050415039062;9.38872528076172;6.852179050445557;6.764290809631348;9.38869571685791;9.386462211608888;6.971034049987793;9.332012176513672;9.294515609741213;9.204826354980469;9.382658004760742;7.407983303070068;8.109352111816406;8.630265235900879;8.789599418640137;6.776906967163086;6.764369964599609;9.367175102233888;6.763657093048096;7.253309726715088;9.179943084716797;7.386742115020752;9.042088508605955;7.674852848052978;8.824934005737305;9.29586696624756;7.077455043792725;7.306492328643799;9.388741493225098;6.767626762390137;7.972145080566406;9.388761520385742;6.763634204864502;7.473156452178955;8.494352340698242;9.197150230407717;9.38536548614502;6.777109622955322;6.941845417022705;7.818093299865723;6.772841453552246;6.763633728027344;6.895658493041992;7.545693874359131;9.61654884377899;7.800899899920305;8.554588851677638;8.761551232444479;11.043710863347156;9.243173983472952;8.0;10.839991070539886;9.627533884472792;9.090112419664289;11.079484783826816;9.94104760634058;6.906890595608519;7.741466986401146;8.49585502688717;6.599912842187128;8.933690654952233;9.569855608330949;9.729620743553038;9.134426320220928;9.405141463136344;8.994353436858859;9.623881490013458;8.640244936222345;7.523561956057013;9.294620748891628;10.179909090014934;7.622051819456376;9.81698362325538;7.693486957499325;6.643856189774724;10.506803437795648;10.356451970221755;10.602698865017963;8.49585502688717;8.50382573799575;8.550746785383243;10.352043425795433;7.022367813028454;8.103287808412022;8.262094845370179;8.584962500721156;9.310612781659527;7.714245517666122;9.85642552862553;9.116343961237469;9.707359132080883;9.38586240064146;9.90839262077375;9.603626344986193;9.044394119358454;9.29920801838728
14.214186668395996;14.27319049835205;13.132869720458984;14.310471534729004;14.079489707946776;13.60242748260498;13.756779670715332;13.38559627532959;14.338871002197266;14.339160919189451;13.685931205749512;12.989989280700684;14.293749809265137;13.150534629821776;12.996703147888184;14.320672988891602;14.046049118041992;14.186999320983888;13.68338108062744;13.625986099243164;14.33353042602539;14.057723999023438;14.320018768310549;13.302660942077637;12.991466522216797;13.595534324645996;12.9904203414917;13.484536170959473;14.338127136230469;12.989988327026367;14.232095718383787;12.99943733215332;14.299617767333984;14.331501960754396;12.989991188049316;14.1746187210083;14.297577857971191;12.994056701660156;14.275842666625977;12.99018383026123;13.009130477905272;13.548293113708496;13.196493148803713;14.339301109313965;14.339306831359863;13.236339569091797;13.567422866821287;14.004179954528809;12.995522499084473;13.02220630645752;13.724599838256836;14.292051315307615;14.020632761657708;12.909893083770042;13.598750409571752;13.190596342475638;13.805139264316736;13.140989493445831;12.911204709977175;14.431171106634984;12.95764621521841;13.66855262986872;13.42600261332936;14.321575831415734;13.686281655144432;13.982637133669424;13.44643717584693;12.78749449969676;14.150857922538847;14.026177596889225;13.001232245244363;12.86727873970966;13.212344386559144;12.93110683302934;12.983884292164657;12.26238852375102;13.297632789142511;12.59898297103609;13.564625862795372;13.446824840780309;13.62605121423426;10.5980525001616;12.620219825507489;14.150857922538847;13.385323176175872;14.359612311115082;13.526865979393818;13.480790201095816;13.73312127365905;13.19598729802851;12.7795141791435;13.35397382181817;13.999735810460262;12.826747082520203;14.045930263291575;13.672314837200204;13.66211201631089;13.540370243743569;13.880253135551404;13.119427511067276;13.80231440599149;13.773654362961867;13.7795141791435;13.79644525906185
16.78218650817871;16.706083297729492;15.393617630004885;15.729373931884766;16.786415100097656;16.29462242126465;15.514200210571287;16.56542205810547;16.79224967956543;16.79293441772461;15.34418487548828;15.269847869873049;16.744937896728516;16.267011642456055;15.42246150970459;16.639245986938477;16.75139617919922;15.492863655090332;16.74253273010254;16.598026275634766;16.702064514160156;15.347881317138672;16.78784942626953;15.647509574890137;15.285000801086426;16.520849227905273;15.298613548278809;15.30764865875244;16.686532974243164;15.26963233947754;15.657017707824709;15.292223930358888;16.78754425048828;15.926793098449709;15.271931648254396;16.790346145629883;16.792831420898438;15.276649475097656;16.755842208862305;15.310791969299316;16.789207458496094;15.83313274383545;15.371630668640137;16.79292869567871;16.792844772338867;15.983654022216797;15.28376007080078;15.614832878112791;15.286664962768556;15.32278537750244;15.42421817779541;16.772390365600586;15.485766428363634;14.954014507722544;16.285962050460792;14.745464248276845;16.17143093609063;15.892851092421342;14.903740656510257;15.902375114486023;15.365638958234518;15.39486457818436;15.293004565378526;16.288397496991358;16.754052367528924;16.016177144641983;16.134867468443186;15.829028964915974;16.675460910996275;15.86891898838627;15.664447284547972;15.423477064079776;15.48069554952344;16.101401235329103;16.08250251822288;15.458022048382626;16.420700422176893;15.890478043048583;15.859267847576502;16.427689315366692;15.735106433783058;14.764664292073348;16.182161541746314;16.050210028566877;15.7047682393626;15.949963461264677;16.228330195419613;16.67920516953017;15.3292357417338;15.97960382407446;16.865926545021903;16.320888670154403;16.02570192373543;15.520342440374003;16.675254143155012;15.819081362649287;16.47046823051341;15.22622401599265;16.297507412936966;15.753556277508256;15.143144020581184;15.879319995011633;16.3730690466864;15.930021170686404
16.34274673461914;16.54831886291504;15.200006484985352;16.21660041809082;16.398866653442383;15.617915153503418;15.225133895874023;15.162395477294922;16.6428165435791;16.64322853088379;15.27544116973877;15.153454780578612;16.577251434326172;15.327829360961914;15.19840145111084;16.5709285736084;16.631576538085938;16.588401794433594;16.16420555114746;15.376572608947754;16.62165069580078;16.63990592956543;15.165700912475586;15.191831588745115;15.174391746520996;16.33621597290039;15.156940460205078;15.665484428405762;16.497295379638672;15.155816078186035;16.62295913696289;16.07746696472168;16.642202377319336;15.171781539916992;15.157371520996094;16.612947463989258;16.64345932006836;15.155438423156738;16.497509002685547;15.187243461608888;16.535757064819336;16.59686851501465;15.558713912963867;16.643461227416992;16.643442153930664;15.315704345703123;15.153948783874512;15.350690841674805;15.210925102233888;15.344988822937012;15.157691955566406;16.630107879638672;15.882834071545622;15.561108910019191;16.448245388310358;15.877164287450231;16.46953053313795;16.458102174514448;15.560093957642495;16.676934995905345;14.021413793008133;15.710994720660423;14.378362599204976;17.077942262505115;8.308339030139408;16.610693257597543;15.781282863375532;8.071462362556623;16.197293495529134;16.579050711907627;15.570033561381877;14.734868358746205;15.691798033522238;15.167692545421904;7.459431618637297;14.74740628253269;8.194756854422248;15.088871035643148;14.843577605036456;8.754887502163468;15.611255388699336;12.386401423640775;7.276124405274237;15.950259709566208;16.544964432789236;15.926017956356542;15.978241220950906;8.682994583681683;15.929327767308214;15.886625400039287;15.567807569023898;16.23043330453316;16.613401003135557;14.65273295816898;17.34315968506292;15.860141281864353;15.91837412099312;14.86727873970966;16.674495740766723;16.233900489669598;15.067812464029402;16.197139886602148;16.752236892602625;16.308196801614532
14.808116912841797;14.413466453552246;13.558992385864258;14.425389289855955;13.889498710632324;14.890448570251465;13.547127723693848;14.875000953674316;14.909209251403809;14.909440994262695;13.695300102233888;13.544326782226562;14.903535842895508;14.68988800048828;13.708111763000488;14.906696319580078;14.893964767456056;13.882977485656738;14.856771469116213;13.602553367614746;14.015811920166016;14.597843170166016;13.88982391357422;13.721209526062012;13.555094718933104;14.90443992614746;13.544648170471191;13.7144775390625;14.109138488769531;13.56783390045166;14.65268325805664;13.924476623535156;14.903950691223145;13.56723403930664;13.653604507446287;14.905157089233398;14.909438133239746;13.544721603393556;14.610986709594728;14.908653259277344;13.892510414123535;14.477054595947266;14.27965259552002;14.90938949584961;14.909409523010254;13.622401237487791;13.54459285736084;14.362905502319336;13.79702854156494;13.54575538635254;13.568082809448242;13.77259922027588;14.474973384391149;14.398342887645883;14.835705029771797;13.960092459790063;15.221247250430247;15.280843250978712;14.365775635326267;14.508166165598634;14.26700608999518;14.630380897751948;14.527904570799706;14.898459680434105;13.947819546020028;15.035529408461116;14.976877329653048;13.950647019424986;14.805391215041409;14.61056350392504;15.058625976659789;14.92569351045582;14.963483155240697;14.63180230029938;13.656983419574544;15.00886626655775;14.101401235329105;15.87058145436048;15.104189211153557;13.153710352151716;13.949917879203063;14.78978833559524;13.43149760425805;15.305705529987204;14.775095822585955;14.768959647713142;15.13574936041006;13.621250608337666;14.343810303829477;15.182045121827144;13.573292149952245;15.271681866743002;14.434693376772678;14.93741980030596;15.4520159626431;14.664891669286089;14.752485185884188;14.345821028950624;15.183984228356824;15.057907134500766;14.310399769619735;14.77853919446228;14.970645182266663;14.731159901472807
12.522313117980955;12.534445762634276;11.169184684753418;11.73262882232666;12.236470222473145;12.532371520996094;11.143568992614746;11.533050537109377;12.538216590881348;12.53842830657959;11.26753044128418;11.136670112609863;12.450775146484377;12.265609741210938;11.560317993164062;12.533485412597656;12.537139892578123;11.855809211730955;12.281611442565918;11.608059883117676;11.39488124847412;11.96139907836914;12.10171890258789;11.28916072845459;11.188998222351074;12.52242374420166;11.136832237243652;11.21781063079834;12.360556602478027;11.136720657348633;11.843212127685549;11.525995254516602;12.525893211364746;11.13845157623291;11.139667510986328;12.53819179534912;12.538493156433104;11.13682746887207;12.529133796691896;11.477730751037598;12.467387199401855;11.900606155395508;11.819639205932615;12.538479804992676;12.538374900817873;11.22748851776123;11.136616706848145;12.255422592163086;11.57314395904541;11.437454223632812;11.14919662475586;12.08645725250244;11.715533063526584;11.376668061857668;11.791162888555018;11.060695931687556;12.1999790076159;12.129283016944967;11.376668061857668;11.759888183221834;11.303780748177102;11.487840033823051;11.084808387804362;12.30435132166324;11.33147682185962;12.184875342908285;12.146250445885986;10.970105890612182;12.16867211813223;12.131213905086272;11.846665681899738;11.400345796534694;11.649705265471413;11.688250309133178;10.766528908598865;11.913263430628762;11.377210530388552;12.642728643769;11.89178370321831;11.11309098344238;11.615629636968098;11.482303782323182;10.77313920671969;12.175861383565296;11.78340754217352;11.598517810612622;12.082814337672271;11.367414751246828;11.638888382252262;12.017852331905962;12.370959793297386;12.162391328756906;11.763627351727628;11.982280604558284;12.48255589154897;11.91026795581084;11.760719947465624;11.406736482691723;12.512493573945038;12.02167404285837;11.287135186086704;11.81658370778757;12.703471046071948;11.637077657143664
14.089204788208008;14.06146240234375;12.543363571166992;14.066780090332031;13.11772918701172;14.092567443847656;12.495885848999023;13.654394149780272;14.095877647399902;14.095507621765137;12.656164169311523;12.497275352478027;13.72991943359375;13.967033386230469;12.73203182220459;14.09045124053955;14.094866752624512;13.405159950256348;14.053519248962402;12.58586311340332;12.636992454528809;13.08494758605957;12.525053977966309;12.524436950683594;12.591890335083008;14.09446620941162;12.49606704711914;12.845623970031738;12.723244667053224;12.623741149902344;13.348590850830078;13.013921737670898;14.095815658569336;12.496338844299316;12.705070495605469;14.093695640563965;14.09585952758789;12.497926712036133;14.035812377929688;13.975902557373049;13.557068824768066;13.568211555480955;13.40491771697998;14.095776557922363;14.095887184143066;12.505471229553224;12.49595546722412;13.879106521606444;14.052289962768556;12.619914054870604;12.508929252624512;13.680521965026855;12.91139198784346;12.955286645524469;13.69490195142856;12.665335917185176;14.214622686302336;12.787902559391432;12.83289001416474;12.689779629377275;11.748612176736982;13.191676146352428;12.73492126770526;14.00378141003163;14.200898605038445;13.858952310750938;13.751857836240635;13.820877000464831;13.005098178239706;13.041488043881468;13.813280168450795;13.39901083295199;13.378294855911893;13.587191507529832;13.61275333504465;13.914011328541257;13.965423565810127;14.469578227375443;13.86978660094578;13.386940245324311;12.900866807980748;12.217351905270334;13.65250890240818;13.678049891165374;12.932030157887027;13.382488936445046;14.079651444144783;13.91606605089929;13.192292814470768;14.309121036488156;13.129121992887557;13.52258153125483;13.267371931265274;14.00615072817031;14.242578689451346;13.51039331104402;13.457765614851754;12.722380635163802;13.65183652627007;13.302638923787551;12.50432244829189;13.09589146332092;14.00544911354693;13.44475608969503
8.099604606628418;8.091100692749023;8.114189147949219;9.545516967773438;8.094138145446777;10.190117835998535;8.258247375488281;9.917071342468262;10.050633430480955;10.204455375671388;8.694624900817871;8.100253105163574;10.204504013061523;10.196086883544922;8.503894805908203;8.23961353302002;9.418038368225098;9.516036033630373;10.204188346862791;8.678857803344727;8.11549186706543;8.449370384216309;8.164017677307129;8.158086776733398;8.099294662475586;10.20284652709961;8.088825225830078;8.1065034866333;9.95781421661377;10.196733474731444;8.5316801071167;9.257080078125;10.177989959716797;8.276670455932617;10.199475288391112;9.837735176086426;10.204473495483398;8.110024452209473;9.125025749206545;10.193026542663574;8.08876895904541;9.222718238830566;8.78244400024414;10.188697814941406;10.149871826171877;8.268942832946777;8.09157657623291;9.723011016845703;9.23512840270996;8.089043617248535;9.908257484436035;8.206497192382812;9.335390354693924;10.151016538892248;10.8649599151426;9.96000193206808;11.4797802640291;11.011227255423254;10.43567026093655;10.60177078840771;10.055282435501187;11.026523442519766;8.951284714966972;10.684748620421626;11.825356341479337;10.725366257895642;10.831307243802051;11.834471049984222;9.674192268145683;10.224001674198105;10.406205005418856;10.821773981970567;11.151650829973422;9.603626344986193;10.644757592516257;11.449664538476192;11.571752643503546;12.220075970984304;11.685624839726357;10.787086324551616;10.290018846932618;11.194756854422248;11.705632387361415;11.70433597118232;10.64745842645492;9.978710459106358;10.921097088106793;11.498849206531723;9.67065624911844;10.109830654278792;8.566054038171092;10.35424938194524;11.052568050804153;11.63117705570398;10.258566033889933;9.92481250360578;9.842350343413807;10.139551352398794;11.371776644337924;10.678600139099458;11.118941072723509;11.296916206879288;10.800899899920305;9.86573327085176
8.31812858581543;7.55918025970459;7.880602359771728;9.560669898986816;7.560774803161621;9.652894020080566;7.579140663146973;9.561054229736328;9.6275053024292;9.653594017028809;9.554893493652344;7.562707901000977;9.653593063354492;9.652787208557127;7.58009672164917;9.22061252593994;7.692822933197021;9.34249496459961;9.646498680114746;7.593332290649414;8.824448585510254;9.599213600158691;7.832169532775879;7.777819156646728;7.559330940246582;9.639543533325195;7.558863639831543;9.219072341918944;9.628694534301758;9.490619659423828;9.652637481689451;7.7417497634887695;9.441524505615234;9.41341781616211;8.846060752868652;7.670597076416016;9.36307430267334;7.669079780578613;8.320706367492676;9.649514198303224;7.558787822723389;9.058810234069824;9.493508338928224;9.34871768951416;9.653018951416016;8.340827941894531;9.270536422729492;9.555355072021484;7.795197010040283;7.558802604675293;9.583545684814451;7.593708992004394;9.4797802640291;9.43254190038826;9.071462362556623;8.357552004618084;10.184875342908285;8.717676423066395;9.296916206879288;9.164906926675688;9.111135670234708;9.022367813028454;8.915879378835774;10.65284497300198;8.939579214314692;9.398743691938192;9.59618975614441;9.199672344836364;9.002815015607053;8.851749041416058;11.287712379549449;10.10459875356437;9.923327485419192;9.22881869049588;8.741466986401146;10.703038388986418;8.50382573799575;10.79197682089869;10.514714054138487;7.86418614465428;9.06339508128851;9.83605035505807;8.573647187493322;10.52552080909507;9.74819284958946;9.216745858195306;9.899356922923111;9.105908508571158;8.954196310386875;10.251482410620213;6.6865005271832185;9.577428828035748;9.049848549450562;9.774787059601174;8.774787059601174;8.554588851677638;8.900866807980748;10.162391328756906;9.659995892429976;9.672425341971495;8.991521846075695;9.20212382383046;9.164906926675688;8.731319031025064
8.99718189239502;8.837246894836426;8.899737358093262;11.002197265625;8.834857940673828;11.029401779174805;10.679975509643556;10.336051940917969;10.339110374450684;11.043418884277344;9.904044151306152;8.839225769042969;11.05971336364746;11.05738925933838;8.852995872497559;8.911324501037598;8.9518461227417;10.922406196594238;11.059706687927246;9.157754898071287;8.866314888000488;9.753789901733398;8.836398124694824;8.84713363647461;8.83812427520752;11.008689880371094;8.83474063873291;9.235078811645508;11.057138442993164;11.05320167541504;11.02380084991455;8.967391967773438;11.04603099822998;8.884296417236328;11.01757526397705;8.864150047302246;11.05674171447754;8.9360990524292;9.049185752868652;10.878725051879885;8.834684371948242;10.095677375793455;9.230106353759766;11.00617504119873;11.048095703125;8.894379615783691;8.916631698608398;9.87000560760498;9.870908737182615;8.834863662719727;11.051081657409668;9.300904273986816;11.578372691360803;10.834471049984222;10.821773981970567;12.125090539303256;12.569380959522295;10.348728154231075;10.671541066711884;12.132178380915544;11.4893462407191;10.52258153125483;11.699572453287267;12.089119397915168;12.041659151637214;11.458919206967591;11.287712379549449;11.53430288245463;9.668884984266247;10.811374693509942;12.075479149488016;11.572700226487292;11.82097669262124;10.980853606379736;11.454813348512523;12.116668855967111;12.104271128936894;11.791162888555018;12.70628015884916;11.451211111832327;11.801708358916462;10.567956075415466;11.414685235807214;12.455840909126398;11.344295907915816;12.473198383677529;11.043710863347156;11.963257356633047;11.608254821977908;11.06204613772049;8.894817763307943;11.029287226968243;11.180530807344482;11.332036548361652;10.530406337099068;11.48683502156305;11.258566033889933;11.065416134676548;11.561765263627708;10.88340698638837;12.397674632948268;11.024447124040648;10.537218400538595;11.413627929024171
12.7548189163208;11.045897483825684;11.145184516906738;12.749910354614258;11.841485977172852;11.199644088745115;11.069963455200195;12.72246265411377;12.748250961303713;12.763486862182615;11.124897003173828;11.624685287475586;12.76341152191162;11.893332481384276;11.23552131652832;11.062453269958496;11.045673370361328;11.066774368286133;12.762438774108888;11.060002326965332;12.099544525146484;12.381425857543944;11.042943954467772;11.051090240478516;11.83869743347168;12.735788345336914;11.080924987792969;11.355719566345217;11.291766166687012;12.675293922424316;12.755084991455078;11.070143699645996;12.763744354248049;11.140880584716797;12.69419765472412;12.720691680908203;12.634387016296388;11.109044075012209;11.261141777038574;11.063860893249512;12.70919132232666;12.580474853515623;11.392468452453612;12.76161289215088;12.745518684387209;12.672511100769045;11.173261642456056;12.245437622070312;12.76309585571289;11.525457382202148;12.739996910095217;11.248379707336426;12.160501747555688;13.04524773457825;12.685624839726357;11.933321820732946;13.204876767603992;13.025831668332026;12.749450465569916;12.366322214245816;12.233320082730822;12.309476353841106;12.274960472140602;12.701089824817158;12.25089053572334;12.880540134333732;12.717033749490891;12.306916113522542;10.86418614465428;12.511505595792482;13.618500215814974;13.426919899820705;12.934243729538608;12.972441366563537;11.839203788096944;14.046612469258132;12.56652978262417;13.934980832653832;13.290594888082572;11.60130652612184;12.494355603532846;12.95764621521841;12.032734528586714;13.144180239058922;12.671098725748465;12.628217680223434;13.409390936137704;11.72451385311995;12.748821794614704;13.73862008132209;12.696967526234287;13.280190792216906;12.756139298372927;13.601074338941668;12.96379921393177;12.477252323937952;12.02410078025291;12.14306428063141;12.89614316077451;13.247334178028728;12.56652978262417;12.60177078840771;12.855452509744048;12.458150248057557
12.906984329223633;12.341445922851562;12.845992088317873;13.019618034362791;12.005718231201172;12.042540550231934;13.01185417175293;13.02989673614502;13.032870292663574;13.03293228149414;12.659095764160156;11.934961318969728;13.028932571411133;12.145723342895508;12.035759925842283;12.958383560180664;12.991745948791504;12.665095329284668;12.879742622375488;13.02647304534912;11.94625473022461;11.935644149780272;12.37912654876709;12.812954902648926;11.955127716064451;12.97983741760254;11.934020042419434;12.29249095916748;13.030030250549316;11.93474006652832;12.033910751342772;11.934069633483888;12.99776554107666;11.946398735046388;11.935088157653809;13.017874717712402;12.969213485717772;11.936202049255373;12.407163619995115;11.941466331481934;12.009796142578123;12.047684669494627;12.014703750610352;13.03285026550293;13.032837867736816;12.00124454498291;11.9353609085083;13.027016639709473;12.26249885559082;11.937582969665527;13.016112327575684;12.993786811828612;12.58941707576861;12.257093144491057;12.443202577297011;11.79603960882977;12.85428402017621;12.286557761607956;12.711666973564348;13.174457604291558;12.430452551665532;12.51175265376738;12.728345714710976;13.147045888945716;12.69479315499995;12.49585502688717;12.689779629377275;12.322491537597468;12.712527000439824;12.508042334429003;12.601538675939848;12.60917873814198;12.446566409066069;12.288577736992703;11.922212717785449;12.475480126595476;12.488593333835407;13.390840695766675;12.923884546385334;12.436451292286977;12.74819284958946;12.11178773580101;11.606867837374152;13.46569393586282;12.368779260041338;12.995943767764953;12.59175607602299;12.356451970221755;12.940680648424092;12.779924501967908;12.350662988372257;12.559377090526684;12.655977862486942;12.708221730038352;12.764664292073348;12.220680621052203;12.972620862058744;12.737036036540228;12.671541066711884;12.416269744523207;12.728133100306216;12.445014845868425;12.458919206967591;12.370959793297386
11.411903381347656;11.692234992980955;10.792983055114746;11.606895446777344;11.690855026245115;10.267641067504885;10.262179374694824;11.658394813537598;11.66307258605957;11.679780006408691;11.303807258605955;11.002598762512209;10.436704635620115;10.252205848693848;11.279884338378906;11.229148864746094;11.68727207183838;10.5722017288208;10.251912117004396;10.684621810913086;11.692033767700195;10.481447219848633;11.631021499633787;10.71320915222168;10.792229652404783;11.671013832092283;10.254989624023438;11.281221389770508;10.27163314819336;10.250953674316406;10.531349182128906;10.348182678222656;10.34250545501709;11.692543029785156;10.248600006103516;11.664288520812988;10.24893283843994;10.705760955810549;11.669371604919434;10.24845027923584;10.248929023742676;10.83487033843994;11.082900047302246;10.814266204833984;11.04868507385254;10.446627616882324;11.691128730773926;11.656121253967283;11.505125999450684;11.445396423339844;11.026976585388184;10.40800952911377;10.449148645375436;11.60177078840771;11.14274527675153;10.101975670949232;10.745674324002136;11.119589620741122;11.500343969270403;11.688250309133178;11.035486451292154;10.939579214314692;11.349281228817452;10.86727873970966;10.8193807908646;11.066089190457772;10.935165049603697;10.51175265376738;10.962173031109709;11.1331422124006;10.076815597050832;10.57459352733761;10.52552080909507;10.225207436943505;10.22881869049588;10.207014320177532;10.688250309133178;10.935901682267588;10.515699838284045;10.667998535672528;11.432019846812493;10.617467465294196;10.048486873992337;11.355351096424812;10.39660478118186;11.663558104217271;10.335390354693924;10.82097669262124;11.232420927176076;10.357552004618084;10.900112062977456;11.03342300153745;11.274378153246364;10.752380646552892;10.954196310386877;11.135067945777816;11.189824558880018;10.944712061043486;10.7657004876511;10.755722153642282;11.757390009366638;10.810571634741146;10.48683502156305;10.533329732305834
7.232195854187012;7.237471103668213;6.977511405944824;7.234761238098144;5.4179277420043945;7.202755928039551;7.109070777893066;7.238924980163574;7.239225387573242;5.403036594390869;7.22520637512207;5.405393600463867;5.577885150909424;5.509667873382568;5.427294731140137;7.239312171936035;7.224337100982666;6.572000503540039;5.835978031158447;5.587501525878906;5.412624835968018;5.926797389984131;5.405516624450684;7.194265842437744;6.717375755310059;6.880452156066895;5.403430938720703;6.837616920471191;7.107977390289307;5.66555118560791;6.781264305114746;5.403061866760254;6.276269912719727;5.403010845184326;6.63724422454834;6.653285503387451;7.1053385734558105;5.419159889221191;7.215755462646484;7.238311290740967;5.487029552459717;6.511474132537842;5.553177356719971;6.663068771362305;7.239088535308838;7.120665550231934;5.403061389923096;7.162675857543945;7.233693599700928;5.522209167480469;7.186991214752197;6.88909387588501;5.672425341971495;6.0;5.930737337562887;5.614709844115208;6.409390936137702;6.129283016944966;5.554588851677638;6.339850002884624;5.0;4.906890595608519;5.930737337562887;6.714245517666122;4.087462841250339;6.459431618637297;6.3750394313469245;4.700439718141092;7.554588851677638;5.0;7.076815597050831;6.3750394313469245;6.357552004618084;6.022367813028454;4.954196310386875;6.044394119358453;4.700439718141092;5.643856189774724;6.78135971352466;4.523561956057013;4.643856189774724;4.857980995127572;4.459431618637297;7.592457037268081;6.539158811108031;5.672425341971495;5.832890014164741;3.906890595608519;5.977279923499917;6.459431618637297;6.599912842187128;6.539158811108031;5.169925001442312;5.882643049361842;6.584962500721156;6.266786540694901;6.9886846867721655;6.20945336562895;6.3750394313469245;6.614709844115208;5.247927513443585;5.954196310386875;5.930737337562887;5.426264754702098
13.356537818908691;13.168011665344238;12.346606254577637;13.246977806091309;13.331893920898438;13.343366622924805;12.340063095092772;13.3455228805542;13.358275413513184;13.358338356018066;12.400311470031738;12.33968448638916;13.357739448547363;13.348028182983398;12.476163864135742;13.334482192993164;13.35410213470459;12.821388244628906;13.350661277770996;12.48849868774414;13.246207237243652;12.599417686462402;13.180624008178713;12.35228443145752;12.34267807006836;13.355124473571776;12.339628219604492;12.371011734008787;13.296257972717283;12.339911460876465;13.231029510498049;12.38847827911377;13.356707572937012;12.674893379211426;12.340461730957031;13.351557731628418;13.358210563659668;12.340445518493652;13.338258743286133;12.459951400756836;12.3975830078125;12.966988563537598;12.768631935119627;13.358281135559082;13.35832405090332;12.371753692626951;12.346708297729492;13.197810173034668;12.635726928710938;12.341401100158691;12.426321983337402;12.647461891174316;12.94178124227853;12.963618617443972;13.232570825356987;12.279030136449649;13.386670859637618;12.809768128710411;13.186888010029962;13.111135670234708;12.967946705812707;13.02531261992172;12.735132884139947;13.454813348512523;12.987974524296153;13.210214722468027;13.364271474681054;13.004922678569043;13.067602418889496;13.151967870968187;13.334412966291072;13.020979938904212;13.012799104179676;12.82097669262124;12.313449940963055;13.477631797450522;12.806952328210736;14.174223508224696;13.246295253516342;12.41415667927414;13.178976011374523;13.136029849385553;12.477252323937952;13.466458885531264;12.842939559285137;13.210975677726395;13.272338184158624;12.8115753883758;13.099347810403192;13.35149140932002;12.187352073200495;13.415081526165672;13.272046524389935;13.282509306240836;13.274378153246364;12.94288099715904;13.205335081275733;12.677719641641009;13.204876767603992;13.06726628304434;13.121209716409284;13.0591754379151;13.25089053572334;12.985308297255852
13.378761291503906;12.572914123535156;13.043049812316896;13.411333084106444;11.982816696166992;13.209104537963867;12.147765159606934;13.299302101135254;13.422805786132812;13.422593116760254;13.331379890441896;11.887938499450684;13.291289329528809;12.451526641845703;12.6576509475708;12.992749214172363;13.420644760131836;11.926222801208496;13.35843276977539;12.439565658569336;11.860239028930664;11.904314041137695;11.85899829864502;13.345291137695312;12.134238243103027;13.420470237731934;11.85813045501709;12.840420722961426;13.102840423583984;12.178628921508787;12.550198554992676;11.940964698791504;13.422142028808594;11.857322692871094;13.036396980285645;13.421491622924805;13.422781944274902;11.860321044921877;12.70944595336914;13.232918739318848;13.29052448272705;12.536267280578612;12.833718299865724;13.422401428222656;13.42286777496338;12.89918613433838;11.85732364654541;13.344368934631348;13.398602485656738;11.908897399902344;13.112370491027832;11.975579261779783;12.698487638557692;12.3395716783847;12.814582465906277;12.21856323619027;13.441128621804696;11.728345714710976;12.398476501449256;12.548099416978388;12.059344460824423;12.575775579874763;12.428360172704291;13.332316330199218;12.952741247186488;13.076147528022505;13.149588363516528;12.735979039613404;13.14210705730255;12.907266248531066;13.453527867681784;12.767149912284852;12.969206622964236;12.889123656294238;12.479022346995178;13.570567288872004;13.275978964975623;14.15386865522324;13.592807390216146;12.476239906323851;12.511999669441453;12.085140461701762;12.503577318702687;13.593040911589412;12.378836713210614;12.684748620421626;13.355351096424812;12.733650916838716;13.140350496628438;13.847938201949098;12.93755773185546;12.735344469539005;12.541338657970826;13.261213451366048;13.463907474412858;12.627989784315703;13.374767814092824;12.457380879072534;12.8115753883758;12.934428040626804;12.370959793297386;12.797053520629804;13.407533331671324;12.901621158346112
17.202205657958984;17.23872184753418;14.712244987487791;15.912762641906738;17.16089630126953;15.27950668334961;14.706722259521484;14.737953186035156;17.19545555114746;17.238122940063477;16.259952545166016;14.891057968139648;17.167341232299805;15.16887664794922;17.198333740234375;14.788622856140137;17.240581512451172;14.984400749206545;16.59296226501465;14.721339225769045;16.738739013671875;16.959199905395508;14.787637710571287;15.326251029968262;15.380330085754396;17.220558166503906;14.707850456237791;15.47165584564209;17.140533447265625;14.706600189208984;17.116455078125;17.23341941833496;17.167070388793945;15.486868858337402;14.707907676696776;17.240615844726562;17.24038314819336;14.724321365356444;17.133703231811523;14.706401824951172;16.805652618408203;16.517362594604492;16.983421325683594;17.240612030029297;17.239173889160156;14.73757266998291;14.708224296569824;16.67685317993164;17.074491500854492;17.229488372802734;14.710356712341309;14.7549467086792;16.30787673615767;14.77463265332491;16.35142239240701;15.708410354610876;17.054031908255894;16.111848851840456;15.43472595023744;15.743729955357235;13.578844391558205;16.061898520467867;15.448116305409464;17.690946011338507;12.440090524950488;17.241648050515636;16.936097287112943;11.095397022792556;15.695364244739997;16.53119867507262;14.889503963411476;14.561108910019191;15.75949812859462;15.983104944456905;11.34485068394299;14.62588003880553;12.243769031961852;15.402112722708882;15.92184093707449;11.92184093707449;15.594266279045986;13.044223335689608;11.220982851081777;16.4046925459765;15.977838895308665;16.995413852225152;16.502847339551682;12.980318117957545;16.723300972260276;16.093335027985816;15.840507491260094;17.036119939864594;16.953207481887706;14.827590807390566;17.43488066415235;17.205048652293442;15.49878689112922;16.667624401749563;15.702794962343894;16.418956128754097;14.26099301870257;16.687785730253868;17.24249495652619;16.321734360622077
10.515410423278809;10.576375007629396;11.580166816711426;11.401494026184082;10.63317584991455;10.524762153625488;11.8597412109375;11.46585750579834;11.867305755615234;11.867679595947266;10.617884635925291;10.547052383422852;11.232833862304688;10.528718948364258;10.6068754196167;11.843260765075684;11.3155517578125;11.53983211517334;10.61134147644043;11.867535591125488;10.987131118774414;10.518397331237791;11.575639724731444;11.60482120513916;10.56383991241455;11.771492958068848;10.552967071533203;10.713543891906738;11.018584251403809;11.603754043579102;10.515779495239258;10.525498390197754;11.86448097229004;11.76351833343506;10.68843936920166;11.862528800964355;11.853261947631836;10.543756484985352;11.12557315826416;10.723505020141602;11.626502990722656;11.610928535461426;10.539887428283691;11.867671966552734;11.80606460571289;10.63224983215332;10.68936824798584;11.563801765441896;10.52126121520996;10.520546913146973;11.182458877563477;11.86463737487793;11.217351905270334;11.236014191900084;11.65508344519798;10.414685235807214;11.373408960228696;11.615169813843602;11.23840473932508;12.218865910069676;10.750706986224948;11.290018846932618;10.44190670454224;11.740624044489412;10.066089190457772;12.002111776479852;10.855647166027266;10.066089190457772;11.785452468158542;11.616089313582115;10.91214085629572;11.30435132166324;10.800090987624994;10.60917873814198;9.665335917185176;10.83605035505807;9.620219825507489;10.98370619265935;11.295194955880657;9.802516365121225;11.13827180017222;10.092757140919852;9.398743691938192;12.038918989292302;11.563672959827514;11.759888183221834;11.306061689428342;10.072802534544207;12.141468555393084;11.184255495405347;10.7279204545632;11.285402218862249;10.974414589805528;10.897845456005513;11.6640027628865;10.951284714966972;11.632086412835182;11.41256984680521;11.721953612801386;11.467096033905747;11.794821973331224;11.199058823653022;11.011926066306808;10.918863237274596
13.095677375793455;11.873515129089355;12.786521911621094;13.12475872039795;11.5284423828125;12.460443496704102;12.103310585021973;12.424999237060549;13.125575065612791;13.119452476501465;13.089344024658203;11.444151878356934;13.105419158935549;11.548528671264648;11.591634750366213;13.11056423187256;13.091355323791504;11.49761962890625;13.105284690856934;11.877593040466309;11.446685791015623;11.497904777526855;11.442300796508787;13.033655166625977;12.030377388000488;13.052285194396973;11.453361511230469;13.026473999023438;13.10127067565918;11.516969680786133;13.0296630859375;11.455376625061035;13.125572204589844;11.441560745239258;12.300649642944336;13.123143196105955;13.125360488891602;11.442734718322754;12.075005531311035;12.443678855895996;13.11436653137207;12.165627479553224;12.272584915161133;13.12558650970459;13.125614166259766;12.291433334350586;11.441569328308104;12.72045612335205;13.066926956176758;12.336624145507812;13.117470741271973;11.51630973815918;12.127671967038982;11.278449458220482;12.453785055496157;11.324743110494415;12.8107724413447;11.096715154488535;11.441388029346689;11.69261550169458;11.59245703726808;12.3701424794954;11.96289600533726;13.010877723007034;12.271754805646474;12.766735939529964;12.642051692927977;11.94288099715904;12.344295907915816;12.851749041416058;12.521109643651332;11.859534786382651;12.072802534544207;12.36139553316589;11.688687423222536;12.537461094633018;12.249113452713727;13.488342277532524;12.644081593265676;11.793603309279408;11.62113611327464;11.4893462407191;11.602234901341063;13.089781488353998;11.682994583681683;11.901244032467376;12.761966695382092;12.080484457067568;11.880348808156027;12.878625729805355;11.77066389291676;12.042001306279133;12.175861383565296;12.563672959827514;12.657318449581288;12.27786854617684;12.570092874188056;12.014369242235135;12.63390340934852;12.1270270430046;11.47015043527436;12.563196272216738;13.071462362556623;12.5262546938286
11.645224571228027;11.562349319458008;10.343040466308594;11.612333297729492;10.197389602661133;11.638021469116213;10.524720191955566;11.396538734436035;11.653831481933594;11.645153045654297;10.37400245666504;10.157877922058104;11.653629302978516;11.276626586914062;10.30037784576416;11.653763771057127;11.644731521606444;11.303194046020508;11.652257919311523;10.458842277526855;10.214080810546877;11.597813606262209;10.182902336120604;10.273409843444824;10.72933292388916;11.65086269378662;10.16020679473877;10.862208366394045;11.545665740966797;10.337616920471191;11.60153579711914;10.250860214233398;11.65322971343994;10.157793998718262;10.792612075805664;11.646846771240234;11.655248641967772;10.15794277191162;11.424211502075195;11.654511451721191;10.41205596923828;10.738961219787598;10.794319152832031;11.65517807006836;11.65531063079834;10.624679565429688;10.157715797424316;10.339118957519531;11.594226837158203;10.271697998046877;10.865864753723145;10.923565864562988;11.043710863347156;10.632995197142955;11.451726268074506;10.603626344986193;11.922212717785449;12.03514274788591;10.659995892429976;10.658211482751796;10.30035256032822;10.745674324002136;11.243769031961852;11.500343969270403;10.048486873992337;11.4578938373147;11.637530551525307;9.894817763307945;11.4993476328766;11.189206834597025;11.769424641552751;11.368506461507693;11.36468185586456;11.169298695792843;9.76155123244448;11.268542000300124;10.474719946526482;11.65284497300198;11.680359523513712;9.702172685365548;10.356451970221755;10.623881490013458;9.649256177517314;12.064742764750257;12.231521210875703;11.307770031890705;11.698704666770343;10.105908508571158;11.545929769085468;11.61056350392504;11.102631888854969;11.705632387361415;11.03342300153745;10.897089128312755;12.085804380278086;10.906890595608518;10.06339508128851;10.597121428789569;11.847057346091336;11.837627933171404;10.366322214245816;11.3151495622563;11.652396861477678;11.234817431117325
10.85203456878662;10.830480575561523;9.533623695373535;10.786130905151367;9.55763339996338;10.851768493652344;10.511996269226074;10.16573715209961;10.854954719543455;10.849726676940918;9.686100006103516;9.516008377075195;10.859150886535645;9.973077774047852;9.534781455993652;10.85559368133545;10.642130851745604;9.707509994506836;10.85752773284912;9.563127517700195;9.608920097351074;10.178637504577637;9.52321434020996;9.629090309143066;9.574725151062012;10.623576164245604;9.518254280090332;9.605515480041504;10.843669891357422;9.570889472961426;10.805027961730955;9.53334140777588;10.857150077819824;9.516200065612791;10.317557334899902;10.78525161743164;10.859235763549805;9.516556739807127;10.36281681060791;10.858537673950195;10.172816276550291;10.040363311767578;9.573171615600586;10.859213829040527;10.859227180480955;9.84167194366455;9.516014099121094;9.548920631408691;10.056056022644045;9.540641784667969;10.67965602874756;10.227816581726074;10.122827994807666;9.807354922057604;10.787086324551616;9.73809225962049;11.185494924210866;10.929258408636972;10.0;10.37937836707126;10.13827180017222;9.971543553950772;10.605479518061667;10.94397991434374;10.365228849251544;10.545929769085468;11.27029532647204;9.92184093707449;10.809768128710411;10.321928094887362;10.8649599151426;10.498849206531723;10.757390009366638;10.417852514885896;9.791162888555018;10.7714894695006;10.179909090014934;11.30890780406394;10.902375114486023;9.821773981970567;9.988684686772164;10.5401280385821;9.967226258835993;11.006326078524934;11.007027266893967;10.468624042918018;10.79197682089869;10.439830883981392;10.593391122791736;10.79685079526716;10.20212382383046;11.020979938904212;10.330916878114618;10.747353829478062;11.212496385193948;10.318542809702723;10.066089190457772;9.98584193700334;11.339850002884624;11.001408194392807;10.148476582178278;10.547858506058416;10.873444112515376;10.543031820255235
7.632843017578125;7.526206493377685;8.979937553405762;9.283442497253418;7.5814738273620605;9.796525955200195;7.529619216918945;9.950541496276855;9.948548316955566;9.951607704162598;7.607839584350586;8.162446975708008;9.612887382507324;9.942303657531738;7.631075859069824;9.906343460083008;7.620916366577148;9.68340301513672;9.115872383117676;8.286009788513184;8.18004322052002;9.904419898986816;7.70380973815918;7.653064727783203;7.528622150421143;9.949556350708008;7.525589942932129;9.830909729003906;7.525374412536621;9.918485641479492;9.64296054840088;8.975427627563477;9.821104049682615;9.110333442687988;8.550087928771973;9.259203910827637;9.605103492736816;7.6553850173950195;8.642942428588867;9.949604988098145;7.57618236541748;9.915312767028809;9.855949401855469;9.142127990722656;9.786484718322754;8.078713417053223;8.563912391662598;9.90753936767578;8.995255470275879;7.525323390960693;7.6570940017700195;9.73833179473877;8.957102041562287;11.21006248324023;10.7431513941125;9.290018846932618;10.579315937580017;11.140829770773;10.546894459887636;9.489847960439295;9.799281621521924;9.734709620225836;10.531381460516313;10.25502856981873;8.539158811108031;11.61286849729104;10.542064542283445;9.118941072723509;8.651051691178928;10.30149619498255;11.326991174900815;10.909143047339898;10.8193807908646;10.583082767502932;9.754887502163468;11.13827180017222;9.174925682500678;10.800090987624994;10.827342704234116;7.665335917185176;9.92481250360578;10.326429487122304;8.204571144249204;9.878050912728536;9.91288933622996;10.685624839726357;11.396069557639867;7.714245517666122;8.885696373339394;11.345959596404112;7.936637939002571;12.00105627463478;9.236014191900084;10.968666793195208;11.436711542137214;11.161761743304677;9.974414589805528;10.673309075561695;10.622051819456376;11.310612781659527;10.144658242831882;9.847057346091336;9.923327485419192;9.874981347653774
