SYN-SAMPLE-443;SYN-SAMPLE-42;SYN-SAMPLE-61;SYN-SAMPLE-284;SYN-SAMPLE-397;SYN-SAMPLE-232;SYN-SAMPLE-465;SYN-SAMPLE-415;SYN-SAMPLE-329;SYN-SAMPLE-358;SYN-SAMPLE-288;SYN-SAMPLE-106;SYN-SAMPLE-202;SYN-SAMPLE-118;SYN-SAMPLE-174;SYN-SAMPLE-51;SYN-SAMPLE-8;SYN-SAMPLE-338;SYN-SAMPLE-224;SYN-SAMPLE-37;SYN-SAMPLE-475;SYN-SAMPLE-280;SYN-SAMPLE-251;SYN-SAMPLE-276;SYN-SAMPLE-412;SYN-SAMPLE-275;SYN-SAMPLE-80;SYN-SAMPLE-315;SYN-SAMPLE-395;SYN-SAMPLE-480;SYN-SAMPLE-66;SYN-SAMPLE-205;SYN-SAMPLE-101;SYN-SAMPLE-291;SYN-SAMPLE-419;SYN-SAMPLE-315;SYN-SAMPLE-352;SYN-SAMPLE-10;SYN-SAMPLE-6;SYN-SAMPLE-68;SYN-SAMPLE-327;SYN-SAMPLE-82;SYN-SAMPLE-317;SYN-SAMPLE-317;SYN-SAMPLE-239;SYN-SAMPLE-298;SYN-SAMPLE-232;SYN-SAMPLE-388;SYN-SAMPLE-372;SYN-SAMPLE-113;SYN-SAMPLE-391;SYN-SAMPLE-118;TCGA-CH-5761-11A;TCGA-HC-7752-11A;TCGA-HC-8259-11A;TCGA-CH-5768-11A;TCGA-EJ-7784-11A;TCGA-EJ-7125-11A;TCGA-G9-6348-11A;TCGA-G9-6365-11A;TCGA-EJ-A8FO-11A;TCGA-G9-6384-11A;TCGA-HC-8262-11A;TCGA-EJ-7321-11A;TCGA-HC-7747-11A;TCGA-HC-7819-11A;TCGA-EJ-7793-11A;TCGA-HC-7745-11A;TCGA-CH-5769-11A;TCGA-G9-6342-11A;TCGA-EJ-7315-11A;TCGA-EJ-7330-11A;TCGA-EJ-7792-11A;TCGA-EJ-7314-11A;TCGA-HC-7740-11A;TCGA-EJ-7781-11A;TCGA-HC-7737-11A;TCGA-EJ-7123-11A;TCGA-EJ-7794-11A;TCGA-HC-7211-11A;TCGA-G9-6496-11A;TCGA-EJ-7783-11A;TCGA-HC-7738-11A;TCGA-CH-5767-11B;TCGA-EJ-7782-11A;TCGA-G9-6356-11A;TCGA-EJ-7331-11A;TCGA-HC-8258-11A;TCGA-G9-6499-11A;TCGA-EJ-7786-11A;TCGA-G9-6362-11A;TCGA-EJ-7797-11A;TCGA-G9-6351-11A;TCGA-EJ-7328-11A;TCGA-EJ-7327-11A;TCGA-HC-8260-11A;TCGA-G9-6363-11A;TCGA-J4-A83J-11A;TCGA-EJ-7789-11A;TCGA-EJ-7785-11A;TCGA-G9-6333-11A;TCGA-EJ-7115-11A;TCGA-EJ-7317-11A;TCGA-HC-7742-11A
10.792073249816896;10.817967414855955;11.141674041748049;11.909768104553224;10.743313789367676;10.74693489074707;12.174568176269531;10.745335578918455;11.062999725341797;11.974733352661133;10.843999862670898;12.13422393798828;12.026445388793944;12.07369613647461;11.766385078430176;12.13235092163086;11.538651466369627;11.381699562072754;12.104681015014648;11.501441955566406;10.763760566711426;11.118433952331545;12.167198181152344;12.030153274536133;11.98763942718506;10.882065773010254;10.792343139648438;12.16310977935791;12.152024269104004;12.167851448059082;12.122438430786133;11.864469528198242;12.174514770507812;11.654175758361816;12.14389705657959;12.16310977935791;11.985076904296877;12.105361938476562;10.92129135131836;10.924701690673828;10.743837356567385;12.096271514892578;10.749041557312012;10.749041557312012;11.959599494934082;10.743627548217772;10.74693489074707;11.93224811553955;12.153172492980955;12.024002075195312;12.142082214355469;12.07369613647461;11.29978040285854;12.037890085142507;11.158609688214478;10.24436383512051;11.1767964781476;12.285980105928212;11.68650052718322;11.232420927176076;11.121533517340032;10.800899899920305;10.4655664048094;11.862249900851513;11.96686590038754;11.682116764950074;11.397674632948268;11.325305455089682;11.788310503700918;12.00982861736811;11.096056239180946;11.519144787997414;11.23421867823847;10.901621158346112;10.637530551525307;11.024447124040648;11.04916787237217;11.821773981970567;11.075479149488016;11.172427508645482;11.789126046425231;11.425215903299383;10.623881490013458;11.0566377151132;11.61240779313867;11.510764167917891;11.711666973564348;11.839597483021176;11.998942951443086;11.183015000882756;11.952741247186488;12.292033985499543;11.81658370778757;11.585901449690772;11.747353829478062;11.618844301766652;12.141468555393084;11.31628153174622;11.771902080697716;11.726218159332198;11.760719947465624;11.090112419664289;11.400879436282183;11.52845411076479
11.723067283630373;12.924036026000977;12.942758560180664;12.947622299194336;11.662508010864258;13.051349639892578;11.641314506530762;13.108599662780762;11.810426712036133;11.714229583740234;13.07523250579834;13.037423133850098;12.798726081848145;13.08401107788086;12.847310066223145;13.10862636566162;12.304306983947754;13.10646915435791;12.556066513061523;12.022894859313965;13.108182907104492;12.656392097473145;12.996289253234863;11.8374605178833;11.639991760253906;13.090935707092283;11.639967918395996;13.108169555664062;13.10857391357422;12.108461380004885;13.107563972473145;13.088004112243652;11.650846481323242;13.007678985595703;13.104825019836426;13.108169555664062;11.800908088684082;12.277210235595703;12.678736686706545;13.107314109802246;11.860848426818848;12.442940711975098;13.108229637145996;13.108229637145996;11.639965057373049;11.640110969543455;13.051349639892578;11.641254425048828;12.9312105178833;13.04116153717041;11.640220642089844;13.08401107788086;12.713171684314805;12.37232095486726;12.458150248057557;12.39231742277876;13.485703545284585;11.4757334309664;12.45404219747008;12.29318423075951;12.3701424794954;12.614939847310737;12.918304233699931;13.594907723063336;12.635037871183252;13.323477033150423;13.044052531801302;12.475480126595476;12.735344469539005;12.200898605038445;13.359200485133632;12.732167425663384;12.95383268214528;12.833483105659584;12.084476237453892;13.336367081389795;12.649256177517314;13.981834819231716;13.64227737850386;11.794821973331224;12.231821178657404;12.177108041703692;12.178976011374523;13.49460561567122;11.99929538702341;13.093087390444218;13.189824558880018;12.418116141207488;12.585197295260024;13.407267764244732;12.147204924942228;12.494855584491198;12.700656452918167;13.29246543494927;13.01314817145476;12.682116764950074;12.743782540330756;12.983528071165097;12.69261550169458;12.505315356136236;12.512740462803498;12.652396861477678;12.993999791792524;12.64250302878052
5.49111795425415;6.445863246917725;5.008882522583008;4.781765937805176;7.119859218597412;7.066227912902832;7.113596439361572;7.120742321014404;7.113574981689453;7.124088287353516;4.7721781730651855;6.134234428405762;7.107100486755371;6.548467636108398;4.872190475463867;7.12420654296875;6.918576240539551;7.109584331512451;6.471646785736084;5.323126316070557;7.123316287994385;5.042459487915039;7.117666721343994;5.055272579193115;4.772190093994141;6.670296669006348;4.797266006469727;7.124204158782959;7.124195098876953;4.957743644714356;4.845483303070068;7.113999366760254;7.122106075286865;6.303264141082764;6.789485931396484;7.124204158782959;4.783002853393555;6.588125228881836;5.999744892120361;6.954795837402344;5.362171173095703;4.84033203125;7.12420654296875;7.12420654296875;4.770248889923096;4.769669532775879;7.066227912902832;7.124115943908691;6.904568672180176;6.815858840942383;5.14858341217041;6.548467636108398;6.409390936137702;5.672425341971495;4.954196310386875;3.169925001442312;6.066089190457772;4.700439718141092;5.20945336562895;5.643856189774724;5.672425341971495;3.906890595608519;5.614709844115208;5.78135971352466;2.807354922057604;5.129283016944966;4.700439718141092;1.584962500721156;8.787902559391432;5.78135971352466;6.857980995127572;6.189824558880018;5.426264754702098;5.807354922057604;3.700439718141092;5.426264754702098;2.807354922057604;3.584962500721156;6.794415866350106;0.0;4.247927513443585;3.700439718141092;1.0;7.839203788096944;6.0;6.658211482751795;5.392317422778761;0.0;6.022367813028454;4.807354922057604;6.599912842187128;4.807354922057604;3.807354922057604;5.129283016944966;5.285402218862249;3.169925001442312;6.965784284662087;5.977279923499917;6.20945336562895;5.044394119358453;4.087462841250339;5.247927513443585;4.247927513443585;4.247927513443585
9.394956588745115;6.739808559417725;8.129179000854492;8.586292266845703;6.742740154266357;9.909165382385254;9.876073837280272;9.203984260559082;7.737776279449463;6.987262725830078;9.909944534301758;9.923741340637209;9.915533065795898;9.867055892944336;6.850981712341309;9.763060569763184;6.81232213973999;9.906716346740724;8.036678314208984;6.862803936004639;9.921185493469238;6.820899486541748;6.78102445602417;9.513388633728027;9.757484436035156;9.429327964782717;6.711641311645508;9.922478675842283;9.76901149749756;9.800724983215332;9.884489059448242;9.809455871582031;9.924071311950684;6.921626091003418;6.709924697875977;9.922478675842283;9.87779426574707;6.710511207580566;9.920848846435549;9.82280158996582;6.888694763183594;6.713074684143066;9.789780616760254;9.789780616760254;6.7105817794799805;6.715545177459717;9.909165382385254;6.7571868896484375;9.696553230285645;7.095791816711426;6.70977783203125;9.867055892944336;7.022367813028454;10.184875342908285;9.843921051289035;6.9886846867721655;8.915879378835774;10.557463701597824;10.1331422124006;8.118941072723507;8.409390936137703;8.326429487122303;7.622051819456376;9.368506461507693;9.231221180711186;8.577428828035748;9.573647187493322;9.517669388133813;6.727920454563199;7.98299357469431;10.947636937951827;10.48683502156305;9.271463027904376;10.181152256865566;8.129283016944967;11.423641195075856;9.019590728357882;11.070120944476823;9.368506461507693;6.78135971352466;9.654636028527968;9.571752643503546;9.485829308701904;9.586839787961829;8.807354922057604;7.546894459887636;10.987264012072538;7.330916878114617;8.581200581924957;10.850186837645774;8.98299357469431;11.635718120331047;8.661778097771988;11.359200485133632;9.558420713268664;8.599912842187127;7.971543553950772;8.539158811108031;9.550746785383245;10.823367240046236;8.022367813028454;8.92184093707449;8.098032082960527;8.179909090014934
1.9314944744110107;2.2288260459899902;1.966102957725525;5.241281032562256;5.295611381530762;5.034390926361084;1.8781238794326784;5.302080154418945;1.877877712249756;3.88820481300354;3.79200291633606;1.8868632316589355;1.885709881782532;5.302229881286621;2.734227180480957;5.297507762908936;1.91498064994812;5.04271411895752;4.502208232879639;1.9825592041015625;5.242562294006348;2.7195751667022705;5.302196979522705;2.991341352462769;1.8785728216171265;5.302134990692139;1.8773788213729856;5.252996444702148;5.301180839538574;1.9131170511245728;5.301836013793945;5.293856620788574;1.9238311052322388;2.053865671157837;3.5642879009246826;5.252996444702148;1.881430745124817;4.56635856628418;5.268747806549072;5.302237987518311;5.298070907592773;2.18323016166687;5.301918983459473;5.301918983459473;5.275784492492676;1.879257321357727;5.034390926361084;3.824682235717773;1.936763882637024;5.249848365783691;2.03559684753418;5.302229881286621;4.954196310386875;5.0;5.285402218862249;7.257387842692652;4.643856189774724;4.169925001442312;5.523561956057013;8.60733031374961;6.894817763307944;3.169925001442312;4.906890595608519;4.857980995127572;3.169925001442312;4.700439718141092;4.523561956057013;3.584962500721156;2.321928094887362;4.906890595608519;6.409390936137702;5.700439718141092;6.9886846867721655;6.149747119504682;3.584962500721156;6.539158811108031;4.321928094887363;5.0;6.129283016944966;2.807354922057604;8.076815597050832;3.807354922057604;3.4594316186372973;5.392317422778761;5.554588851677638;5.78135971352466;5.392317422778761;3.0;1.584962500721156;6.643856189774724;3.4594316186372973;6.169925001442312;3.4594316186372973;6.044394119358453;4.169925001442312;4.954196310386875;6.832890014164741;7.599912842187128;6.247927513443585;5.78135971352466;7.924812503605781;5.491853096329675;5.20945336562895;3.169925001442312
11.58523941040039;12.283284187316896;10.804901123046877;12.09286880493164;10.792293548583984;12.06570053100586;10.798239707946776;12.291719436645508;12.29226779937744;11.360315322875977;12.292271614074709;12.29214096069336;12.212458610534668;10.864984512329102;11.788718223571776;11.675199508666992;10.94349479675293;10.963849067687988;12.277599334716797;12.130522727966309;12.292055130004885;12.21780014038086;11.994110107421877;10.88109016418457;10.802101135253906;11.212180137634276;10.81025505065918;12.157310485839844;11.811430931091309;12.141695976257324;12.291656494140623;12.274765014648438;11.651869773864746;10.964563369750977;11.978264808654783;12.157310485839844;11.318323135375977;10.995675086975098;12.291234016418455;12.287004470825195;10.85240077972412;10.8803129196167;12.232677459716797;12.232677459716797;10.791131973266602;10.791403770446776;12.06570053100586;10.794296264648438;12.154541015625;12.188575744628906;10.850337982177734;10.864984512329102;11.349281228817452;10.977995368612962;12.11829223302699;11.321928094887362;12.260919533662904;11.615169813843602;11.072132604167232;11.541096615349524;10.94104760634058;11.391243589427445;11.355351096424812;12.29117069932186;11.767770648776704;12.153552031708111;12.026869205263395;11.022367813028454;11.616089313582115;11.879583249612784;11.814582465906277;11.35149140932002;11.68255574108031;11.671541066711884;11.171802288682985;11.643405277115674;11.580258567499788;12.330076554797458;11.852139328187244;11.016111838220512;10.880348808156027;10.793603309279408;11.199058823653022;12.146250445885986;11.841171189248543;11.79400964502097;12.118616689351509;11.62067804213541;11.714245517666123;12.042685372219353;10.817783121774534;12.026523442519766;11.562242424221072;11.600842114387302;12.734074491428045;11.849405100947758;12.177108041703692;11.295194955880657;12.122180901259751;11.805743872151618;11.13699111208023;11.665780028329484;12.456354415108288;11.77313920671969
1.9723938703536987;2.0218546390533447;2.0218427181243896;0.0;2.0165064334869385;0.3130264282226562;2.017859697341919;0.2307321429252624;1.4862343072891235;0.0697331428527832;0.8590638041496277;0.0;1.781395673751831;0.0;0.8315762281417847;0.0;0.859374463558197;1.9908162355422971;0.0;0.2670460939407348;1.509720802307129;0.2293433547019958;1.57987380027771;0.1389710903167724;0.9219766855239868;1.9398329257965088;0.7307323813438416;0.3213698267936706;2.0101752281188965;1.8669935464859009;1.5160444974899292;2.0141870975494385;0.0;1.9290153980255127;2.002659320831299;0.3213698267936706;0.0;0.0;2.016720771789551;2.019540309906006;1.7326616048812866;0.0;0.0479770936071872;0.0479770936071872;1.9567406177520752;0.0;0.3130264282226562;2.021346092224121;1.9913127422332764;0.0;1.0745965242385864;0.0;1.0;1.584962500721156;0.0;0.0;0.0;0.0;1.584962500721156;4.392317422778761;2.584962500721156;1.0;0.0;1.584962500721156;0.0;1.0;0.0;0.0;1.0;2.0;1.584962500721156;0.0;1.0;0.0;2.584962500721156;0.0;0.0;0.0;0.0;0.0;1.0;0.0;3.321928094887362;1.584962500721156;0.0;1.584962500721156;1.584962500721156;0.0;0.0;0.0;2.0;1.0;0.0;0.0;0.0;0.0;0.0;1.0;0.0;1.0;0.0;0.0;0.0;0.0
11.5674467086792;11.570877075195312;8.492314338684082;10.964295387268066;8.476768493652344;8.948015213012695;8.464795112609863;11.571544647216797;8.47103214263916;11.027109146118164;11.571688652038574;8.572749137878418;8.48840618133545;11.32212734222412;8.811380386352539;9.238125801086426;11.486696243286133;10.366510391235352;8.744080543518066;11.001126289367676;11.57168197631836;11.55480670928955;11.571666717529297;8.552644729614258;8.527366638183594;11.571167945861816;8.463330268859863;11.556178092956545;11.547160148620604;8.472146987915039;11.560820579528809;11.568523406982422;8.470953941345215;9.291345596313477;8.574259757995605;11.556178092956545;8.472448348999023;11.349212646484377;11.571687698364258;11.5404052734375;8.627235412597656;9.071640014648438;11.570666313171388;11.570666313171388;11.488126754760742;8.518614768981934;8.948015213012695;8.465900421142578;8.469650268554688;11.569153785705566;8.588380813598633;11.32212734222412;12.578844391558205;11.749450465569916;12.363587246524578;11.643405277115674;12.985130373466898;11.762382038710392;11.922584402713664;12.702389159976336;11.980139577639155;12.242578689451346;12.660664477461278;12.60130652612184;12.619990662606378;12.63594479878872;12.233020426474496;12.615399743725495;10.377210530388552;12.044052531801302;12.259449046285685;12.118616689351509;12.62844554013718;12.078484417411447;11.929258408636972;12.602698865017963;12.954014507722544;13.333155350310616;13.065752701816972;11.28886607416582;12.014369242235135;11.985486199104637;12.332036548361652;13.652284811845306;12.2836671674915;12.60408986146918;11.916999049082808;12.566291930007871;11.855647166027266;12.02997734658958;8.661778097771988;12.12023787734196;12.202429966015352;12.14974711950468;11.888362741170644;12.700656452918167;11.57553924683453;12.35397382181817;12.717676423066395;12.261213451366048;12.506307581100309;12.53818893205242;11.839597483021176;12.06373212019692
11.001314163208008;10.86354923248291;10.866671562194824;10.91610336303711;11.763755798339844;12.047369003295898;10.803145408630373;12.516976356506348;10.804605484008787;11.732446670532228;12.505374908447266;12.423243522644045;10.803949356079102;12.515287399291992;11.10622787475586;12.516948699951172;12.263416290283203;10.802007675170898;12.481176376342772;12.414247512817385;12.516952514648438;10.873153686523438;12.516975402832031;11.374549865722656;10.80202865600586;12.51697063446045;10.801854133605955;12.516879081726074;12.516851425170898;10.804044723510742;12.509964942932127;11.721044540405272;10.908309936523438;11.948563575744627;12.51116180419922;12.516879081726074;10.946781158447266;12.51672649383545;12.505908966064451;12.516785621643066;11.929086685180664;12.516860961914062;12.516968727111816;12.516968727111816;10.802206993103027;10.870039939880373;12.047369003295898;10.804076194763184;10.834818840026855;10.82919692993164;10.810025215148926;12.515287399291992;11.390706372872774;13.48167331644727;13.237508748172656;11.10459875356437;12.826349864720092;11.834471049984222;13.511382050937696;12.187042714339894;13.14433959124784;13.121695390556573;11.771902080697716;13.095726668639047;11.820178962415188;13.00544911354693;13.451855028397755;13.124606006959192;12.107870914279614;12.147204924942228;13.52833200886121;13.30435132166324;12.841760886800548;13.102139753410698;11.499845887083206;14.28886607416582;11.900112062977456;15.339467292852603;13.322209843748894;10.122827994807666;13.229269462266736;14.05604493693527;12.04814625421956;12.508289986140348;11.79766152585376;10.470658874060552;13.550867004960905;10.99859042974533;13.027387694052765;13.930275335112052;11.59618975614441;13.532964631698826;12.618614920250804;14.245404150930328;12.43514933836693;12.637756945412145;12.850382205652153;12.950191349972702;12.46326891598129;13.220378327695228;12.865539970785695;12.33063682472329;12.58941707576861;12.052568050804153
11.893568992614746;12.829278945922852;11.718088150024414;11.80963897705078;11.65676975250244;11.662654876708984;12.369758605957031;12.790188789367676;12.74667739868164;12.688140869140623;12.829663276672363;12.801528930664062;12.43641471862793;12.541192054748535;12.688101768493652;12.80843448638916;12.474534034729004;11.878113746643066;12.146624565124512;12.731367111206056;12.82357692718506;12.19611930847168;12.829319953918455;11.745555877685549;11.683686256408691;12.631879806518556;11.657026290893556;12.829066276550291;12.82958698272705;12.45905876159668;12.829266548156738;12.829289436340332;11.95982551574707;12.732600212097168;12.82773494720459;12.829066276550291;11.675826072692873;12.223220825195312;12.828652381896973;12.827964782714844;11.662483215332031;11.71242618560791;12.759648323059082;12.759648323059082;12.16663932800293;11.656773567199709;11.662654876708984;12.056807518005373;12.682040214538574;12.441976547241213;12.791526794433594;12.541192054748535;12.619073646817748;12.130892269806624;13.11699367754698;11.741466986401146;12.692179576312538;12.51668494930961;12.613559277788264;13.023061249735337;11.97656412341533;13.046612469258132;12.228518097716194;13.242280950302444;12.363860976729532;13.13651056079364;12.89822347121556;12.061708704660624;12.521600439723729;12.791162888555018;12.298349015658186;12.3188252203997;12.4797802640291;12.096056239180946;11.42678889459556;12.037890085142507;12.079151405421891;13.02997734658958;12.44475608969503;11.67065624911844;12.107217075591382;11.90350531042388;11.57790083688697;13.254733389246674;12.326991174900815;13.290594888082572;12.803727526553114;12.219168520462162;11.754887502163468;12.480032814583948;10.93810932621924;12.652620934638165;12.779719355143405;12.526499239136566;13.111950706153165;12.933506249629444;12.746304367701304;12.723234300893376;12.84313591111135;12.4578938373147;12.633449374713493;12.557463701597824;12.687594389576123;12.717676423066395
16.193328857421875;16.248939514160156;15.787097930908203;14.958345413208008;14.95673942565918;15.061155319213867;15.018202781677246;16.250370025634766;16.25534439086914;16.020166397094727;16.255361557006836;16.24968719482422;16.047590255737305;15.05125904083252;16.24530792236328;15.455180168151855;16.02103042602539;14.959359169006348;15.00640106201172;16.0649471282959;16.254819869995117;14.959689140319824;16.23240089416504;14.959956169128418;14.974367141723633;16.239559173583984;15.035273551940918;16.051624298095703;16.254249572753906;16.18504524230957;16.231660842895508;16.097885131835938;14.999984741210938;16.112167358398438;16.255332946777344;16.051624298095703;16.17314910888672;15.9287748336792;16.254920959472656;16.154560089111328;15.02503776550293;16.221290588378906;15.995186805725098;15.995186805725098;14.956636428833008;14.963051795959473;15.061155319213867;15.027463912963867;16.242368698120117;14.95671558380127;16.06175994873047;15.05125904083252;15.146847069293392;15.177030157122418;15.964431123667882;15.020155256487037;16.61132744095157;16.6183711624227;15.455519875047573;16.504182765805346;15.60877459762325;17.131555564021138;17.1546500221246;16.11445406064108;15.7290364952082;16.4053243152725;16.421686824157696;15.166594633778535;15.869449258058928;16.154066509638966;15.661611109515434;15.735027079802624;15.871857121360522;15.51797688755755;15.145096273872104;15.787520006809338;15.847277610481324;16.567629341173127;15.860214044191483;15.246517943188914;15.571723021504283;15.519728383866024;15.234518085739987;16.377447796245658;15.944162985854788;17.95651228838106;15.782511974789088;15.483311954999351;15.886506327479497;15.845710554733882;17.82564825991016;16.28406496777351;16.191676146352428;16.21617745775159;16.34850340710174;16.53767341848018;16.66441950595643;16.161446847518008;16.199058823653022;16.156774386398652;16.11914377529938;15.870774080165248;16.449648419608874;15.873444112515376
8.218517303466797;8.228142738342285;9.974252700805664;9.89798069000244;9.980348587036133;9.955598831176758;7.811164379119873;9.980435371398926;7.813881874084473;9.958019256591797;9.978034019470217;7.814137935638428;7.819619178771973;9.9789457321167;8.224641799926758;9.980399131774902;8.116010665893555;9.703396797180176;8.122627258300781;7.82412576675415;9.980170249938965;9.546931266784668;9.957417488098145;7.823145389556885;7.811137676239014;9.980360984802246;7.810750007629394;9.957324981689451;9.980243682861328;7.811123847961426;9.976288795471191;9.774484634399414;7.821089267730713;8.318021774291992;8.909119606018066;9.957324981689451;7.814534664154053;7.881986141204834;9.93789768218994;9.980401039123535;9.930845260620115;7.832765102386475;9.98043441772461;9.98043441772461;8.125085830688477;7.875673770904541;9.955598831176758;9.841574668884276;7.848762989044189;9.631591796875;7.843362331390381;9.9789457321167;9.774787059601174;10.380461065088973;10.10459875356437;8.294620748891628;9.447083226209651;9.54882190845875;10.002815015607052;10.103287808412022;8.693486957499324;9.558420713268664;9.257387842692651;10.368506461507693;9.169925001442312;10.236014191900084;9.605479518061667;9.071462362556623;9.507794640198696;9.834471049984222;11.65954999687987;9.94251450533924;9.802516365121225;9.236014191900084;9.703903573444665;10.14974711950468;9.14210705730255;9.92035285541508;9.876516946565;9.447083226209651;9.930737337562888;8.044394119358454;8.144658242831882;10.25502856981873;9.813781191217036;8.965784284662087;10.553629293916364;8.507794640198696;9.346513733165636;10.258566033889933;8.426264754702098;10.134426320220928;9.884170519108435;10.20212382383046;10.145932145820517;9.216745858195306;9.923327485419192;9.712527000439824;9.663558104217271;9.94397991434374;9.451211111832327;9.41574176829009;9.457380879072534;9.54882190845875
11.878165245056152;12.280874252319336;10.98781681060791;11.55376434326172;11.03437614440918;12.167169570922852;11.05941104888916;12.44140338897705;12.441218376159668;11.956167221069336;12.441319465637209;12.440692901611328;12.221551895141602;11.15717315673828;11.606030464172363;12.441166877746582;12.41498851776123;12.254798889160156;11.98997402191162;12.050515174865724;12.441370964050291;12.14597511291504;12.386357307434082;11.038254737854004;10.974739074707031;12.282480239868164;10.989907264709473;12.439555168151855;12.435779571533203;11.449878692626951;12.431687355041504;11.95303440093994;11.426777839660645;12.280662536621094;12.425613403320312;12.439555168151855;11.71543025970459;12.397067070007324;12.271088600158691;12.430490493774414;11.012535095214844;12.366771697998049;12.440988540649414;12.440988540649414;10.974550247192385;10.976693153381348;12.167169570922852;10.98401927947998;11.836495399475098;12.379891395568848;10.98304271697998;11.15717315673828;11.57459352733761;11.531868775177552;11.869979332899964;11.420486612825774;12.47649307734159;11.26620091249896;11.325867580575418;11.208234358339787;11.222191138456331;11.171802288682985;11.584492796975876;12.393658591454772;11.807354922057604;12.33399388276136;12.070120944476823;11.289442575688332;12.451468712947358;11.523071826940395;12.352595231134304;11.583082767502932;11.88760142450871;11.887220615468385;11.276124405274238;12.33371442609397;11.971184272404678;12.875941288497554;12.255323690008137;11.211279947482009;11.26209484537018;11.271463027904376;11.23421867823847;12.237209960755022;11.667555107041132;11.631631805917635;12.111135670234708;11.639792893279312;12.465056167831175;12.356176830516356;12.161131882984307;11.967226258835993;11.756556322524087;11.897845456005513;12.521600439723729;11.844705764411938;12.919422024335052;11.252074042796185;12.144658242831882;11.79685079526716;11.233619676759702;11.709945380232496;12.303495376790377;11.830119025444516
12.95113754272461;12.7800931930542;12.851327896118164;12.55629062652588;10.572452545166016;10.920494079589844;10.616132736206056;12.97810173034668;10.48119068145752;12.890812873840332;12.97830581665039;10.48715591430664;10.487995147705078;12.976487159729004;10.58426570892334;12.626066207885742;12.564004898071287;10.7112398147583;10.7475004196167;10.522261619567873;12.978103637695312;12.90542984008789;12.978178977966309;10.6552152633667;10.638976097106934;12.97833251953125;10.481159210205078;12.968467712402344;12.976946830749512;10.52899932861328;12.961082458496094;12.668360710144045;10.54825496673584;11.326058387756348;10.557040214538574;12.968467712402344;10.50601291656494;11.812267303466797;12.978370666503906;12.977925300598145;12.247618675231934;11.084417343139648;12.977949142456056;12.977949142456056;12.978314399719238;10.482041358947754;10.920494079589844;11.518157958984377;10.567620277404783;12.780311584472656;12.46826171875;12.976487159729004;13.3972735315025;13.931845540183671;13.654188473059545;13.27772328161035;13.966775796709472;14.59333276016138;14.140350496628438;14.994795371321157;14.044735626056909;13.56271942704932;14.747825838329282;14.193217322699065;16.522366974485337;13.514837313999376;13.629015032522458;15.496604154575603;11.942147920394849;14.2321960506982;13.290162878784272;13.96605476462555;13.37000621550088;12.980139577639155;15.7737573721398;13.451468712947358;15.683871868622605;14.230620933129869;13.912515144802397;15.968689290135584;14.32678056760998;13.863895873695071;15.227503134450028;14.645602146391854;13.631972774534868;14.706549977818112;13.351905441476942;16.457525167013536;13.465948964154254;13.064742764750257;11.289442575688332;14.19067349813204;13.454813348512523;13.886363427434055;13.209301046034142;13.489095315413504;13.339850002884624;13.609755885423706;13.746094383705463;13.71177450496535;15.096632806531044;13.166476950816804;13.1526017440192;13.301067438218515
16.788326263427734;16.81694984436035;16.613962173461914;15.697161674499512;15.659296989440918;15.68776512145996;16.589569091796875;16.83406639099121;16.836519241333008;16.749984741210938;16.83667755126953;16.834999084472656;16.688617706298828;15.774828910827637;16.820051193237305;16.77119255065918;16.763168334960938;15.732718467712402;15.670164108276367;16.4929256439209;16.83604621887207;15.674427032470703;16.772258758544922;15.662351608276367;15.663293838500977;16.79804039001465;15.70277500152588;16.78190803527832;16.833730697631836;16.832666397094727;16.83466339111328;16.40115737915039;16.010927200317383;16.737958908081055;16.836517333984375;16.78190803527832;16.79541778564453;16.60580825805664;16.821266174316406;16.78355598449707;15.7039155960083;16.814376831054688;16.70328140258789;16.70328140258789;15.659295082092283;15.65969467163086;15.68776512145996;15.928007125854492;16.83237075805664;15.66994571685791;16.80497932434082;15.774828910827637;15.696886046427368;15.670960466379054;16.09481996125598;15.792815707955484;16.494199323942063;16.31930166312921;15.850601963040182;16.750733152104917;16.008165971639134;16.604336044042288;16.498849206531723;16.62911467058147;16.311783786024467;16.622881176445226;16.616103676116555;15.719736403540232;16.675943254080096;16.25266543245025;16.039304639245383;16.05118769466029;15.90388184573618;15.76492341074798;15.604292603111228;15.80705298720543;16.35242281463683;16.779886039160274;16.160541139084334;15.810421011444184;16.25063151408072;15.384547687744648;15.603394530887376;16.66205636858795;15.74968614656818;17.286305065707545;16.347119576638566;15.991388978798357;16.527874034663125;16.17541310253224;16.881854815394114;16.327026273127068;16.41083224797056;16.376125389276176;16.587499191828286;16.445419059502612;16.83605035505807;15.946814915494844;16.187564718943513;16.227728743558213;16.437492010125354;16.30750323669052;16.42028922221946;16.253404328774153
12.712010383605955;13.149576187133787;12.863697052001951;12.958731651306152;12.062602996826172;13.252860069274902;11.976778984069824;13.393424034118652;13.393107414245604;12.711214065551758;13.393424987792969;13.392870903015137;12.71662712097168;12.28722095489502;12.081878662109377;13.386762619018556;13.06698226928711;13.129693031311035;13.30823802947998;12.543264389038086;13.39342212677002;13.304076194763184;13.30290985107422;11.985784530639648;11.963142395019531;13.33694076538086;11.963825225830078;13.386345863342283;13.366225242614746;12.67727756500244;13.391521453857422;12.650956153869627;12.124103546142578;12.892170906066896;12.795990943908691;13.386345863342283;12.317092895507812;12.854395866394045;13.39193630218506;13.391243934631348;12.091801643371582;13.167726516723633;13.393295288085938;13.393295288085938;11.962933540344238;11.963327407836914;13.252860069274902;11.968846321105955;12.776945114135742;13.133769035339355;11.964767456054688;12.28722095489502;12.781769511863132;12.823367240046236;13.380055148544896;12.406736482691723;13.640696837570092;13.08696550311009;12.878050912728536;12.615169813843602;12.579315937580017;12.8668925276766;12.675736555361906;13.674302629212166;12.757806672197228;13.586018775355935;13.623652908052923;12.691743519171276;13.138751765258174;13.098525621379464;13.54677390880832;13.177730967033272;13.22881869049588;13.148317686309303;12.229720093237413;13.681128580020994;12.75676478940414;14.656033745160467;13.456097684964202;12.100333819126542;12.770250927394864;13.033939140726387;12.27873982655011;13.551107414066758;13.104271128936894;12.824163209744158;13.690761908445976;12.539158811108033;13.138911718142744;13.625708843064466;11.9683067944308;13.496104779340126;13.018026265843226;13.538310202597684;13.848133874679752;13.159871336778387;13.326008077730997;12.47040467706564;13.507918492629631;13.308339030139408;12.717033749490891;13.088291357347815;13.589182967039353;13.075813377461454
8.456419944763184;8.492727279663086;8.776824951171875;9.481729507446287;8.453937530517578;9.740765571594238;9.476943969726562;9.97857666015625;9.827140808105469;9.350667953491213;9.020297050476074;9.979449272155762;9.471324920654297;9.92438507080078;8.507768630981445;9.980064392089844;9.839606285095217;8.540003776550293;9.98007869720459;8.878219604492188;9.955222129821776;9.919355392456056;9.974896430969238;9.85679054260254;8.458109855651855;9.939779281616213;8.453959465026855;9.98007869720459;9.973906517028809;9.105449676513672;9.967406272888184;8.517142295837402;9.977849006652832;9.731940269470217;9.972494125366213;9.98007869720459;8.801712036132812;9.977388381958008;8.806282997131348;9.97708797454834;8.455849647521973;9.979841232299805;9.975356101989746;9.975356101989746;8.453906059265137;8.453971862792969;9.740765571594238;8.456555366516113;9.917859077453612;9.79026222229004;8.456255912780762;9.92438507080078;8.72451385311995;9.535275376620802;9.4797802640291;8.654636028527968;9.754887502163468;9.134426320220928;9.426264754702098;9.394462694610317;9.310612781659527;9.03342300153745;8.366322214245816;10.271463027904376;9.611024797307351;9.189824558880018;10.118941072723509;9.321928094887362;10.108524456778168;9.266786540694902;10.370687406807216;9.78463484555752;9.640244936222343;9.471675214392045;8.689997971419446;9.571752643503546;9.162391328756906;10.37937836707126;9.870364719583405;7.965784284662087;9.505811553919594;9.43879185257826;9.044394119358454;9.453270634010623;9.199672344836364;8.936637939002571;9.939579214314692;8.679480099505446;10.171176797651771;10.404077136241234;8.64745842645492;10.084808387804362;9.366322214245816;10.214319120800766;9.552669097514272;9.319672120946995;9.49585502688717;9.422064766172811;9.902375114486023;9.91737207947684;8.98299357469431;9.49585502688717;9.61286849729104;8.794415866350105
11.379451751708984;12.88406753540039;12.265838623046877;12.899028778076172;11.893291473388672;13.205053329467772;11.3772611618042;13.311638832092283;13.307090759277344;11.40389633178711;13.309700012207031;13.306117057800291;12.885209083557127;12.344914436340332;12.362714767456056;13.309961318969728;12.486780166625977;13.286930084228516;13.112030029296877;12.03796100616455;13.31118106842041;12.849666595458984;13.089479446411133;11.62409210205078;11.36648178100586;13.162243843078612;11.374163627624512;13.294048309326172;13.29912567138672;12.813271522521973;13.308674812316896;12.9957914352417;11.381514549255373;13.12407398223877;13.271814346313477;13.294048309326172;11.636191368103027;12.879093170166016;12.516165733337402;13.302797317504885;11.779151916503906;13.048139572143556;13.303730964660645;13.303730964660645;11.366342544555664;11.381796836853027;13.205053329467772;11.37115478515625;12.983854293823242;13.138921737670898;11.369564056396484;12.344914436340332;12.49859992877026;12.127671967038982;12.40832974076739;12.319954310686944;13.513110716890193;11.42678889459556;12.255618749839597;12.249113452713727;11.925554439873554;12.470658874060552;13.150857922538847;13.632313662586126;12.700222950799256;13.252813241993014;13.252517607762288;12.518898992777316;12.889123656294238;12.09901899101923;13.459815807989589;12.640470904590089;12.885505729792254;12.902940323128275;12.264149339723328;13.326148561205557;12.866506212226202;14.003517912108602;13.58660526060361;12.141468555393084;12.156715144224702;11.873828574886977;12.371504412043336;13.416005780559267;12.135067945777816;12.822769974444292;13.197830998012195;12.594324603924848;12.428098411832506;13.386940245324311;12.4070021479242;12.28886607416582;12.351767443959892;13.222191138456331;13.21204034123855;12.651724433108065;12.896521622224974;12.585197295260024;12.795024983961389;12.586136091480489;12.309192106959902;12.660218788535618;13.103943429891558;12.659772961881613
10.83979320526123;11.719951629638672;11.669477462768556;11.068313598632812;10.435124397277832;11.443276405334473;10.407434463500977;11.752039909362791;11.526996612548828;10.787225723266602;11.75202178955078;11.73801612854004;11.154029846191406;10.79645824432373;10.683576583862305;11.7493896484375;11.635627746582031;11.703618049621582;11.35360050201416;11.033063888549805;11.75204086303711;11.652792930603027;11.72310733795166;10.419711112976074;10.379765510559082;11.74234104156494;10.380041122436523;11.751035690307615;11.748489379882812;11.090856552124023;11.748970985412598;11.5403413772583;10.383166313171388;11.663321495056152;11.671680450439451;11.751035690307615;10.553096771240234;11.50090789794922;11.74656581878662;11.748177528381348;10.461475372314451;11.6498384475708;11.751907348632812;11.751907348632812;10.379653930664062;10.379895210266112;11.443276405334473;10.380398750305176;11.34740924835205;11.615139961242676;10.380379676818848;10.79645824432373;11.321928094887362;11.286557761607956;11.631631805917635;11.13249972962851;12.227014193649133;11.264442600226602;11.418379719364957;11.43514933836693;11.210671343785622;11.345959596404112;11.578844391558205;12.021327032624372;12.231821178657404;11.889884170302828;12.12638183054264;11.580729651598958;11.11699367754698;11.476239906323851;12.107870914279614;11.756556322524087;11.810973220002165;11.71295682169755;11.62296694479051;12.1901333218648;12.172114932533136;13.116506417748072;12.250002267840449;11.51717725268954;11.29232163280204;11.737669863177452;11.659995892429976;12.36468185586456;11.591522346570734;11.458406613236534;11.945077995107816;11.97906787148051;11.580258567499788;12.227315099905493;11.407798850221974;11.813380386924727;11.573173784686484;12.01854794187165;12.098032082960527;11.445532219028312;11.671098725748465;11.152284842306582;11.854089179870574;11.875749351420056;11.394998514501673;11.709083812550343;11.805340828416384;11.400345796534694
13.067280769348145;13.066275596618652;11.902393341064451;11.910852432250977;11.88185214996338;12.885355949401855;11.891973495483398;13.0565185546875;11.88225269317627;12.70038604736328;13.056940078735352;12.320420265197754;12.467453956604004;13.067148208618164;13.023869514465332;13.065320014953612;13.052606582641602;11.90383243560791;12.876992225646973;12.813562393188477;13.067217826843262;11.893781661987305;13.067346572875977;12.985199928283691;11.90011978149414;13.06720733642578;11.881831169128418;13.067339897155762;13.06734561920166;11.89111328125;13.063082695007324;13.066847801208496;12.54260540008545;12.841999053955078;13.066094398498535;13.067339897155762;12.000661849975586;13.053730010986328;13.067272186279297;12.98996925354004;11.885289192199709;13.010979652404783;13.0618257522583;13.0618257522583;11.881913185119627;11.882039070129396;12.885355949401855;11.881879806518556;12.033803939819336;11.926997184753418;11.903556823730469;13.067148208618164;12.874597192401634;12.992407315348498;12.426526848451733;11.597587039586216;13.611255388699336;12.538431462950005;12.74819284958946;13.082648042352986;13.04882741336389;12.235415935602528;13.265615046484458;13.43840202279677;13.119589620741122;12.490349505739289;13.491352073563435;13.060189278463422;12.99169898341288;12.569380959522295;13.55158811212731;12.753425699145414;13.613559277788264;12.750706986224948;12.788514432606608;12.58331786813751;13.553509304309202;12.87209768680786;13.167418145831736;12.81016993766466;13.173052457774116;13.055282435501187;13.575657418193968;13.455584087578613;12.80634822671225;13.102795896703824;12.66289085913906;13.979514512467604;12.929998062609029;13.279610581052484;12.687375683437468;13.900206427698745;12.822969090453288;13.606173844717032;12.217654833364024;13.04011845076483;13.027214885159834;13.703903573444665;13.056807035580608;12.65217275350971;12.967226258835993;12.507051302247916;12.7868821936647;13.020459141699511
6.753042221069336;10.197765350341797;10.06747055053711;10.190138816833496;10.195599555969238;7.445443630218506;7.117217540740967;10.19815444946289;10.116592407226562;10.140823364257812;7.299837112426758;6.734179973602295;7.085362434387207;10.175972938537598;10.12321662902832;10.182930946350098;6.793271541595459;10.132912635803224;9.532336235046388;7.352054119110107;10.125208854675291;9.87510585784912;10.199529647827148;6.907928466796875;6.707866191864014;10.01463508605957;6.795534133911133;10.168227195739746;10.199443817138672;8.216192245483398;10.19932460784912;10.198200225830078;6.706573486328125;9.140392303466797;10.177459716796877;10.168227195739746;6.705821990966797;6.767050266265869;7.870754241943359;10.199207305908203;10.16517448425293;6.70576810836792;10.199591636657717;10.199591636657717;10.138806343078612;6.705687046051025;7.445443630218506;10.197142601013184;8.74384880065918;10.195111274719238;10.194931983947754;10.175972938537598;6.459431618637297;8.839203788096944;5.129283016944966;4.169925001442312;10.007027266893967;6.266786540694901;7.672425341971495;4.169925001442312;4.807354922057604;4.906890595608519;4.643856189774724;7.294620748891627;4.321928094887363;6.857980995127572;7.219168520462161;3.321928094887362;7.94251450533924;5.247927513443585;10.812979471251484;9.874981347653774;8.997179480937621;7.546894459887636;5.426264754702098;10.025139562278508;5.357552004618084;9.61286849729104;10.24198314969433;4.700439718141092;7.531381460516312;7.05528243550119;3.4594316186372973;6.066089190457772;10.117643101389092;6.672425341971495;8.90388184573618;3.906890595608519;7.693486957499325;9.294620748891628;5.614709844115208;6.266786540694901;5.321928094887363;7.800899899920305;5.807354922057604;2.807354922057604;10.098032082960527;8.271463027904375;8.741466986401146;6.247927513443585;5.392317422778761;6.321928094887363;5.78135971352466;7.965784284662087
8.891656875610352;7.90441083908081;8.920516014099121;7.06245231628418;7.306009769439697;8.448067665100098;8.93307876586914;8.52106761932373;8.922645568847656;8.933104515075684;7.0615010261535645;8.85008430480957;8.926797866821289;7.207684516906738;7.088508129119873;8.93310260772705;8.877342224121094;8.557662010192871;7.18714714050293;8.601511001586914;8.896835327148438;7.958362102508545;7.709425926208496;7.085074424743652;7.0940704345703125;7.85793399810791;7.076966762542725;8.933109283447266;8.932629585266113;8.864453315734863;7.061550617218018;8.470418930053711;8.933112144470215;8.163854598999023;8.461426734924316;8.933109283447266;8.036585807800293;7.938332080841064;8.231812477111816;7.738913059234619;7.126718521118164;7.9437971115112305;8.933037757873535;8.933037757873535;7.066617488861084;7.06016731262207;8.448067665100098;8.93310832977295;8.927764892578125;7.929852962493896;8.553096771240234;7.207684516906738;6.7414669864011465;8.422064766172813;7.2384047393250786;6.442943495848728;7.459431618637297;7.686500527183218;7.977279923499917;7.727920454563199;8.011227255423254;6.832890014164741;7.129283016944966;7.60733031374961;7.0;7.761551232444479;7.876516946564999;6.94251450533924;9.348728154231075;7.857980995127572;8.842350343413807;7.569855608330948;6.918863237274595;7.426264754702098;6.409390936137702;7.622051819456376;6.507794640198696;7.960001932068081;7.614709844115208;6.022367813028454;7.845490050944375;6.954196310386875;6.129283016944966;8.467605550082997;7.467605550082998;7.303780748177103;8.049848549450562;6.321928094887363;8.169925001442312;8.179909090014934;7.971543553950772;8.479780264029099;7.599912842187128;7.845490050944375;7.539158811108031;7.409390936137702;8.810571634741146;7.948367231584678;6.954196310386875;7.577428828035749;7.523561956057013;7.672425341971495;7.189824558880018;6.954196310386875
10.91270351409912;11.020350456237791;11.892191886901855;10.900732040405272;10.814566612243652;11.005012512207031;11.93548583984375;11.936625480651855;10.82219123840332;11.936822891235352;11.935911178588867;11.464417457580566;11.029223442077637;11.931859016418455;10.880805015563965;11.937665939331056;11.912627220153809;11.046977996826172;11.824212074279783;10.838727951049805;11.93612575531006;11.62045955657959;11.93763828277588;11.244766235351562;10.92609977722168;11.937150955200195;10.814613342285156;11.937763214111328;11.9378023147583;10.94956874847412;11.888446807861328;11.267528533935549;11.89297103881836;11.91165542602539;11.926450729370115;11.937763214111328;10.939313888549805;11.91628646850586;11.937230110168455;11.93045711517334;10.819351196289062;11.92832374572754;11.937511444091797;11.937511444091797;10.998957633972168;10.814530372619627;11.005012512207031;11.837924003601074;11.696569442749023;11.268505096435549;11.55025577545166;11.931859016418455;11.766942940755785;11.95310515059134;11.705200378063116;10.887220615468385;11.879966079664356;11.745254141957256;11.963979787815338;12.245255580306557;11.937005926516589;11.700006150882864;11.625708843064466;12.456867738380344;11.578372691360803;11.75446999527562;12.07815080773465;11.358101707440849;11.486332252768664;11.841171189248543;11.995767150877802;12.121209716409284;12.026523442519766;11.480285320936373;10.792790294301064;12.060695931687556;11.467096033905747;12.7425199716613;12.187352073200495;10.854089179870574;12.14974711950468;11.780949798749663;10.758223214726724;12.35947504884954;11.70433597118232;12.060020354507852;11.860699032611988;11.310612781659527;11.661778097771988;12.100333819126542;10.753216749178955;11.996473488733228;11.618844301766652;12.207014320177532;11.718104713121756;11.578844391558205;11.661332752795186;11.724087461793989;11.991876099003417;11.891024190149498;12.076815597050832;11.62296694479051;11.674192268145683;11.561287945164828
11.774458885192873;12.04937744140625;12.049431800842283;11.932902336120604;10.665422439575195;10.760104179382324;10.72801113128662;12.028120994567873;11.262558937072754;10.975979804992676;12.010946273803713;11.9677734375;11.823249816894531;10.94785499572754;10.741926193237305;12.04879093170166;11.549715042114258;12.047323226928713;10.630285263061523;12.049323081970217;11.951423645019531;12.048839569091797;11.323412895202637;10.616850852966309;10.616170883178713;11.261412620544434;10.616170883178713;12.048210144042969;11.967270851135254;12.02757740020752;12.038409233093262;12.04875373840332;10.671626091003418;11.49558448791504;11.572639465332031;12.048210144042969;10.62013816833496;10.674595832824709;11.708571434020996;12.047242164611816;10.725286483764648;10.77804470062256;12.047938346862791;12.047938346862791;10.616700172424316;10.616169929504396;10.760104179382324;11.78977870941162;11.968573570251465;12.049203872680664;10.639204025268556;10.94785499572754;11.589182967039353;11.068778277985412;11.417852514885896;10.319672120946995;11.97405602262563;11.121533517340032;11.000704269011246;12.041659151637214;11.426264754702098;10.804937672051908;12.035486451292154;12.296055838078784;11.171802288682985;11.203959703239462;11.734709620225836;11.124767535822471;11.802516365121225;11.121533517340032;11.797256217509783;11.352043425795433;11.681677655209691;11.1705510353167;10.918863237274596;11.666667840690357;11.154818109052105;12.039261794341057;12.122180901259751;10.671541066711884;11.152284842306582;11.468114886378098;10.79685079526716;12.550746785383245;11.194141238863136;11.907266248531066;11.079484783826816;11.407798850221974;11.110483309816226;11.699572453287267;11.341518823245243;11.643856189774723;10.944712061043486;11.449148645375436;11.369597346278676;11.410451351503994;10.665335917185176;11.98584193700334;11.932952892194717;11.64430696154558;11.294620748891628;11.314583244274194;11.286557761607956;10.98655314975666
12.180194854736328;12.701109886169434;12.789408683776855;11.594045639038086;12.848638534545898;9.969075202941896;10.331900596618652;12.819841384887695;12.792570114135742;12.845999717712402;12.807416915893556;10.207901000976562;9.847163200378418;10.12929344177246;9.981942176818848;12.841360092163086;9.82907009124756;9.844982147216797;12.431720733642578;12.84870433807373;10.15212345123291;12.528133392333984;12.848666191101074;9.865243911743164;9.811324119567873;10.084047317504885;9.859434127807615;12.806325912475586;9.903380393981934;11.993242263793944;12.669578552246094;12.843974113464355;10.585217475891112;9.812087059020996;11.507640838623049;12.806325912475586;9.811908721923828;12.77341651916504;10.234262466430664;12.513389587402344;12.49108600616455;11.995464324951172;12.848276138305664;12.848276138305664;12.845895767211914;9.8148832321167;9.969075202941896;12.847926139831545;9.88197135925293;12.83547019958496;12.708182334899902;10.12929344177246;11.381002109550924;12.057653339963936;11.338179249900112;10.679480099505446;13.733545003757078;11.360847084179664;11.106562940444883;12.926851910929878;13.275251543470327;11.180530807344482;14.9049168114081;12.736824699098864;11.399811959325683;10.567005370247031;11.914385132155443;11.700873155140265;14.789126046425231;12.79685079526716;12.022367813028454;13.134426320220928;11.98049663618346;12.611255388699336;11.246146774635864;12.338179249900112;12.531868775177552;12.812377888766893;13.607792641919213;10.558420713268664;12.830911279742782;12.449922415863757;10.964340867792416;15.001012278628464;12.240195053979924;14.532599438672984;11.591522346570734;11.672867276433792;12.940497134458203;12.129605011152504;12.02997734658958;11.687375683437468;10.78953364497036;12.67087750439698;10.619302955415687;12.16679075071818;12.230921088137896;13.395534135462302;12.978889176361571;11.82137539237254;12.733015321685963;11.664447284547972;11.86573327085176;11.102631888854969
5.490912437438965;5.490349292755127;6.9706621170043945;5.815309047698975;5.496376514434815;6.7859978675842285;6.970527172088623;6.969485759735107;6.550215721130371;6.970606327056885;6.010725498199463;6.643986701965332;6.587319850921631;6.59214448928833;5.509274005889893;6.970667839050293;6.549319267272949;5.770717144012451;6.412596702575684;5.705147743225098;6.885601043701172;6.965083599090576;6.42659330368042;5.510426998138428;5.462311744689941;6.927888870239258;5.457206726074219;6.9705352783203125;6.9686279296875;6.95194673538208;5.496070861816406;5.460299491882324;6.970335960388184;6.733460426330566;6.909929275512695;6.9705352783203125;6.293872833251953;6.900503635406494;6.379096031188965;6.899284362792969;5.640196323394775;6.969454288482666;6.9706807136535645;6.9706807136535645;5.45777702331543;5.457136154174805;6.7859978675842285;6.970407485961914;6.967714309692383;6.751431941986084;6.501263618469238;6.59214448928833;5.087462841250339;6.321928094887363;6.643856189774724;5.087462841250339;5.857980995127572;6.392317422778761;6.832890014164741;6.22881869049588;6.672425341971495;6.066089190457772;6.475733430966398;6.794415866350106;6.129283016944966;5.977279923499917;6.930737337562887;6.357552004618084;6.918863237274595;6.022367813028454;6.894817763307944;6.832890014164741;6.459431618637297;6.442943495848728;5.554588851677638;6.807354922057604;5.78135971352466;7.409390936137702;6.339850002884624;5.727920454563199;6.409390936137702;7.087462841250339;6.066089190457772;7.3750394313469245;6.303780748177103;5.832890014164741;6.459431618637297;5.977279923499917;6.189824558880018;6.442943495848728;6.189824558880018;6.714245517666122;6.266786540694901;6.954196310386875;5.459431618637297;6.189824558880018;7.159871336778389;6.266786540694901;5.977279923499917;6.392317422778761;6.459431618637297;6.022367813028454;5.857980995127572;6.266786540694901
13.108033180236816;13.39939785003662;13.332670211791992;12.476941108703612;12.370473861694336;12.499882698059082;13.262043952941896;13.388262748718262;13.40992259979248;13.129083633422852;13.404621124267578;13.412335395812988;13.355517387390137;12.709571838378906;12.962902069091797;13.41327953338623;13.062010765075684;12.70205307006836;12.587873458862305;13.392550468444824;13.358736991882324;13.0624361038208;13.38914680480957;12.39071273803711;12.37149715423584;12.96402072906494;12.370637893676758;13.413097381591797;13.411865234375;13.409543991088867;13.40474796295166;13.389102935791016;13.387577056884766;12.990470886230469;13.410719871520996;13.413097381591797;12.938628196716309;13.14578914642334;13.25290298461914;13.401649475097656;12.37544059753418;13.29245948791504;13.34778881072998;13.34778881072998;12.370488166809082;12.370471000671388;12.499882698059082;12.91846752166748;13.407666206359863;13.071843147277832;12.777559280395508;12.709571838378906;12.976027040189834;12.848427334023928;13.168985440978698;12.173052457774116;13.205487820150566;12.627761852402616;12.887791791341588;13.143542654233215;12.777460812669784;12.742309436084;12.700439718141093;13.678930187152346;12.765286098723683;13.14449892583753;13.052398232071583;12.691743519171276;12.91606605089929;12.897089128312755;12.8957646000164;12.844901876019785;12.863411958941638;12.645208082774683;12.479022346995178;13.062889375245748;13.007903273382048;13.931845540183671;13.050698944430026;12.42783660345852;12.84725313832084;12.6476832678862;12.129605011152504;13.64745842645492;12.762382038710392;13.15876745463608;13.09391268366556;12.63026712502677;13.100333819126542;13.166163082646111;12.518898992777316;13.264589208126823;12.966325193888276;12.91904952367693;13.26839579355656;12.940864139049571;13.191676146352428;13.101975670949232;13.171645941347052;13.023754353299417;12.746724244025833;12.92184093707449;13.03083953214138;12.830317129810208
5.713570594787598;5.15432596206665;6.7110371589660645;6.115801334381104;5.155275821685791;5.180235862731934;6.713731288909912;5.243265151977539;5.227917194366455;6.666449069976807;5.225224018096924;5.997613906860352;6.068543434143066;6.211173534393311;5.807584285736084;6.707877159118652;6.276389598846436;5.369972229003906;5.157508850097656;5.234302043914795;5.812879085540772;5.256115913391113;6.5128703117370605;5.411545753479004;6.674660682678223;6.362274646759033;6.452130317687988;6.690036296844482;6.710810661315918;6.687249183654785;5.352675437927246;5.261317729949951;6.713318347930908;5.8618035316467285;6.24436616897583;6.690036296844482;6.706470489501953;6.407196998596191;5.335399627685547;5.185074329376221;5.160565376281738;6.704122066497803;5.43551778793335;5.43551778793335;6.713604927062988;5.207749366760254;5.180235862731934;6.712469100952148;6.607711315155029;5.443084239959717;6.704065322875977;6.211173534393311;5.285402218862249;6.845490050944375;5.906890595608519;4.906890595608519;5.357552004618084;4.857980995127572;7.087462841250339;7.05528243550119;5.426264754702098;5.954196310386875;5.459431618637297;5.169925001442312;5.643856189774724;5.807354922057604;5.321928094887363;5.727920454563199;6.129283016944966;6.857980995127572;4.700439718141092;5.20945336562895;4.954196310386875;4.857980995127572;4.754887502163468;5.426264754702098;5.129283016944966;6.3750394313469245;5.321928094887363;5.523561956057013;6.339850002884624;4.700439718141092;4.700439718141092;6.523561956057013;4.523561956057013;6.149747119504682;5.700439718141092;5.426264754702098;6.491853096329675;5.129283016944966;7.108524456778169;5.087462841250339;6.491853096329675;5.832890014164741;5.954196310386875;5.523561956057013;7.189824558880018;5.584962500721156;4.584962500721156;4.459431618637297;6.539158811108031;4.954196310386875;4.584962500721156;5.554588851677638
12.68955898284912;12.727462768554688;11.775261878967283;11.65736198425293;11.552419662475586;11.552915573120115;12.687094688415527;12.168081283569336;12.726399421691896;12.391650199890137;12.727899551391602;12.721431732177734;12.41140365600586;11.565338134765623;11.99321746826172;12.015728950500488;11.975640296936035;11.572794914245604;12.535566329956056;12.72724723815918;12.66193389892578;12.424806594848633;12.727710723876951;11.591004371643066;11.829298973083496;11.597597122192385;11.557332992553713;12.719417572021484;12.571499824523926;12.703272819519045;12.720864295959473;12.727516174316406;12.701874732971191;11.657184600830078;12.611990928649902;12.719417572021484;11.653631210327148;12.319103240966797;12.726797103881836;12.542168617248535;11.55257511138916;11.737348556518556;11.827887535095217;11.827887535095217;12.676908493041992;11.552452087402344;11.552915573120115;12.100939750671388;12.44934368133545;12.33855438232422;12.583009719848633;11.565338134765623;12.2836671674915;12.349281228817452;13.36098421597397;11.924070185585345;12.465821455643775;13.57553924683453;12.61677855400014;13.112602403528848;12.222191138456331;12.884170519108435;11.921469060531413;13.053756222562145;12.564625862795372;12.813380386924727;12.744833837499543;12.037890085142507;12.065079488999862;12.754887502163468;12.026869205263395;12.216442739160492;12.261213451366048;11.815383295813538;11.728345714710976;11.877667574067882;12.214622686302336;13.055282435501187;12.113742166049189;12.308339030139408;12.75676478940414;12.171802288682985;11.728770849542665;12.80634822671225;13.01524080333268;13.159871336778387;12.526010107061737;12.715533063526584;12.282509306240836;12.136670762341843;11.77561028075954;13.28828934218097;12.782998208920414;12.3063465536885;13.119103237062562;12.815783544128184;12.520864182988744;12.221889161471266;13.1728962458698;12.679480099505446;12.751753251439336;12.714674827308002;12.55026580686874;12.576248129843252
10.803421974182127;12.156086921691896;12.061707496643066;12.190017700195312;10.79179573059082;12.094976425170898;10.719120025634766;12.20380687713623;12.056184768676758;11.769001960754396;12.203409194946287;12.135420799255373;10.984820365905762;12.196542739868164;12.18352222442627;12.202828407287598;10.739829063415527;10.89694881439209;12.15078830718994;11.68984317779541;12.199199676513672;12.032923698425291;12.200987815856934;10.840934753417969;10.71878147125244;12.194857597351074;10.718765258789062;12.189383506774902;12.20261001586914;12.065948486328123;12.203792572021484;12.123343467712402;10.720929145812988;11.285116195678713;12.201732635498049;12.189383506774902;10.925591468811035;11.27084255218506;12.169038772583008;12.20378589630127;12.071261405944824;11.119028091430664;12.203734397888184;12.203734397888184;10.718757629394531;10.718775749206545;12.094976425170898;10.731338500976562;11.98829174041748;12.11920166015625;10.878710746765137;12.196542739868164;11.955286645524469;11.723660944409984;11.657765035265363;11.237807473723135;12.50308035175293;11.31628153174622;11.475226777742266;12.026523442519766;12.011576703176177;11.48733761520718;12.508042334429003;12.264442600226602;11.450180247164754;11.813380386924727;12.237209960755022;11.640696837570092;11.658657792126084;11.709514660706716;12.681458050210274;12.208234358339787;12.087131301540529;12.079818085212354;10.916625922211235;12.54399845013454;11.474212937193943;12.850772862313322;12.774787059601174;10.62844554013718;11.458919206967591;11.774375272802065;11.089450481115907;12.934980832653832;11.480790201095816;12.540370243743569;12.20945336562895;11.208234358339787;12.066761932386909;12.502831804066744;11.866506212226202;12.112439506781552;11.446566409066069;12.431758749166155;11.83605035505807;11.564625862795372;11.939946452458686;12.113416611485944;11.85642552862553;11.893680738390907;12.202736043250168;11.71037597120447;11.532842910961282;11.84901407369482
13.06175422668457;13.839847564697266;13.72490119934082;14.032626152038574;12.809325218200684;13.196786880493164;12.937521934509276;14.095134735107422;13.392658233642578;12.863103866577148;14.105351448059082;14.10504913330078;13.948738098144531;13.711125373840332;13.32053565979004;14.00222110748291;12.820149421691896;13.462233543395996;13.479681015014648;13.951191902160645;14.105148315429688;13.936484336853027;13.661226272583008;12.8202486038208;12.812500953674316;14.0780611038208;12.809318542480469;14.10000228881836;14.025971412658691;14.103009223937988;14.103949546813965;14.048068046569824;13.910496711730955;12.872992515563965;13.16741943359375;14.10000228881836;14.056930541992188;12.879602432250977;14.10373592376709;14.10201358795166;13.183633804321287;13.020744323730469;13.859146118164062;13.859146118164062;12.809330940246582;12.809317588806152;13.196786880493164;12.810644149780272;14.08454418182373;14.00369930267334;12.81188678741455;13.711125373840332;13.62159403901754;14.223624666580813;13.580611894994322;13.296055838078784;14.177497401553005;13.169142076887963;13.980764372110905;14.140749902804927;14.059513463933724;13.705632387361415;14.236761663571585;14.221133942357078;13.036860446673046;14.508413796055969;13.943155804939336;13.80019212646908;13.37232095486726;14.03333696038395;14.33049677763869;14.298349015658186;13.618844301766652;13.918490592292311;13.071629952153245;14.436125913941272;13.536611486625777;15.192408410403756;14.259007607644609;12.357277074642807;14.016460104979208;13.884742903579696;12.894628321374654;14.581730194859666;13.233170262382703;14.430975172588068;14.236911111444602;12.219471067394355;14.007377733321269;14.35024859944484;12.885315061049376;14.055790814565905;13.624567018674917;14.583905452164242;13.899640146764789;13.866699382882029;14.092344222676417;14.226562716555511;13.834767301405412;13.7820767842453;14.47351550830037;13.86785786397283;13.721206019396329;13.483437927061503
12.269207954406738;12.287812232971191;12.302133560180664;12.287124633789062;11.035482406616213;11.6389741897583;11.310014724731444;12.30182647705078;11.24539852142334;12.001805305480955;12.302098274230955;12.279109954833984;11.900952339172363;11.40499496459961;12.137928009033203;12.299636840820312;12.02748680114746;12.28199291229248;11.038366317749023;11.765454292297363;12.30196762084961;12.289494514465332;11.054858207702637;11.03585433959961;11.035075187683104;12.245478630065918;11.034689903259276;12.29807949066162;12.300100326538086;12.068312644958496;12.30085277557373;12.112662315368652;11.041379928588867;12.233438491821287;12.20724105834961;12.29807949066162;12.226874351501465;11.037816047668455;12.295368194580078;12.298108100891112;11.225482940673828;11.078004837036133;12.30171012878418;12.30171012878418;11.03463649749756;11.03463649749756;11.6389741897583;11.077105522155762;12.188825607299805;12.287433624267578;11.045316696166992;11.40499496459961;12.374767814092824;11.2246046815385;12.179909090014934;11.620219825507489;12.47015043527436;12.6965329140783;11.20212382383046;12.529918528120325;11.565578136784328;11.260919533662904;11.507794640198696;12.795227966028678;12.326429487122304;12.167731741103244;12.19383333254655;11.771902080697716;12.14338321398982;12.089450481115907;12.391780606013166;11.866506212226202;12.083146870816742;11.36139553316589;11.698704666770343;12.317129926384542;11.897845456005513;12.56652978262417;12.382624026574916;11.47269083924278;11.721099188707186;11.791569912126878;11.756556322524087;11.938844457466171;12.613329054371054;12.03342300153745;12.177419537989236;12.148476582178278;12.018200178813226;12.151650829973422;12.292033985499543;12.34179677239183;11.975847968006784;12.151333719291657;12.415213598765286;11.8649599151426;12.34485068394299;12.07347215397646;12.89633240390994;12.339293300180094;11.919235786028349;12.065416134676548;12.288000889707574;11.736824699098864
8.726093292236328;9.434029579162598;10.132265090942385;10.221063613891602;9.65049934387207;10.055716514587402;8.59050178527832;10.217082023620604;10.219831466674805;9.84505844116211;9.557439804077148;10.219907760620115;10.138221740722656;9.128944396972656;10.210969924926758;10.198423385620115;8.810093879699707;9.955511093139648;9.291625022888184;9.724468231201172;10.07913589477539;10.092994689941406;8.592143058776855;8.584535598754883;8.572783470153809;9.416214942932127;8.575559616088867;9.231882095336914;9.414528846740724;10.219562530517578;10.221402168273926;9.419607162475586;8.778081893920898;9.251246452331545;10.149518966674805;9.231882095336914;10.082143783569336;8.801687240600586;8.613548278808594;10.21796989440918;10.103799819946287;9.170689582824709;10.20204734802246;10.20204734802246;8.572728157043457;8.57279109954834;10.055716514587402;9.22235107421875;10.214242935180664;10.21513557434082;8.845183372497559;9.128944396972656;8.643856189774725;8.954196310386875;8.577428828035748;8.375039431346925;9.567956075415466;8.566054038171092;9.224001674198105;8.696967526234287;8.804131021183318;8.243173983472952;9.813781191217036;9.324180546618742;7.954196310386875;9.187352073200495;9.426264754702098;8.330916878114618;9.94104760634058;8.954196310386875;10.181152256865566;9.442943495848729;9.214319120800766;8.945443836377912;8.238404739325079;9.992938336165814;8.262094845370179;10.527477006060396;9.674192268145683;8.03342300153745;9.047123912114026;9.22881869049588;7.882643049361842;9.89178370321831;9.157346935362844;8.569855608330947;9.501837184902296;7.584962500721156;10.531381460516313;9.992938336165814;9.74819284958946;9.411510988012072;8.876516946565;9.507794640198696;9.174925682500678;8.335390354693924;9.927777962082342;8.668884984266247;9.257387842692651;9.240791332161956;9.038918989292302;9.113742166049189;8.870364719583405;9.095397022792556
10.723278999328612;10.746455192565918;11.380382537841797;12.517800331115724;12.754518508911133;12.470622062683104;10.717909812927246;12.791457176208496;11.144693374633787;12.681321144104004;12.631096839904783;12.441933631896973;10.717883110046388;12.791251182556152;11.35483741760254;12.790534019470217;10.797410011291504;10.716696739196776;12.79139232635498;11.09701156616211;12.79093074798584;11.216716766357422;12.791388511657717;11.51830005645752;10.716598510742188;12.791452407836914;10.716567993164062;12.784875869750977;12.78809642791748;10.83310890197754;12.791268348693848;10.796156883239746;10.74790859222412;11.395757675170898;12.78899383544922;12.784875869750977;10.772793769836426;12.786436080932615;12.761940956115724;12.791457176208496;12.789894104003906;12.79059600830078;12.791439056396484;12.791439056396484;10.71687126159668;10.716639518737791;12.470622062683104;10.785856246948242;11.494232177734377;10.797739028930664;11.282544136047363;12.791251182556152;10.843921051289035;12.945626722229823;12.101975670949232;10.380461065088973;12.584257887744569;10.699572453287267;12.521845775161932;11.37937836707126;12.057653339963936;11.823367240046236;10.71681946132995;12.910830081296574;11.702172685365548;11.546412195119352;12.841760886800548;12.813981551614678;12.45532722030456;10.122827994807666;13.483563888125094;12.891403996665025;12.720458038393296;12.370414968879698;10.754887502163468;13.99267285018913;11.708221730038352;14.405606859360857;13.689561254285524;10.048486873992337;12.39794197197264;12.610332801911134;11.524051918717824;12.709299252712157;11.467096033905747;10.30149619498255;13.112439506781552;10.23840473932508;12.630494661505578;14.103943429891558;11.160501747555688;12.2603315185576;11.608254821977908;13.505811553919594;10.471675214392045;11.338736382573916;12.464800981655417;12.022020969646356;12.011576703176177;12.334831928118;11.927777962082342;11.752380646552892;11.576484346796851;11.35974956032233
3.982646942138672;4.5532941818237305;5.930895805358887;5.041996955871582;5.940446376800537;5.90056848526001;3.849879264831543;5.940589427947998;3.774882555007935;5.938525676727295;5.256801605224609;3.7749271392822266;3.775548934936523;5.940406322479248;5.643867015838623;5.931138038635254;3.7946388721466064;3.7696027755737305;5.143701076507568;3.8005857467651367;5.939920425415039;3.788825750350952;5.939881324768066;4.162381649017334;3.773890972137451;5.940598011016846;3.7690608501434326;5.915440082550049;5.94053316116333;3.781235456466675;5.93990421295166;5.863298416137695;3.862960338592529;4.245720863342285;5.881728172302246;5.915440082550049;3.77520203590393;4.366107940673828;5.939345836639404;5.940598487854004;5.940468788146973;4.863385200500488;5.940593242645264;5.940593242645264;5.935380935668945;3.7690317630767822;5.90056848526001;5.93783712387085;4.905284404754639;3.7826855182647705;5.9341888427734375;5.940406322479248;5.78135971352466;7.05528243550119;6.507794640198696;4.087462841250339;6.247927513443585;6.087462841250339;6.169925001442312;5.584962500721156;6.22881869049588;6.658211482751795;6.6865005271832185;6.426264754702098;7.0;6.9886846867721655;7.562242424221073;7.149747119504682;5.169925001442312;6.882643049361842;6.392317422778761;6.392317422778761;6.459431618637297;5.700439718141092;6.714245517666122;5.882643049361842;8.303780748177102;6.727920454563199;6.7414669864011465;5.832890014164741;5.087462841250339;5.882643049361842;6.977279923499917;6.087462841250339;6.727920454563199;4.807354922057604;6.768184324776926;7.366322214245816;6.523561956057013;8.149747119504681;5.285402218862249;6.392317422778761;7.149747119504682;6.475733430966398;6.189824558880018;6.426264754702098;4.584962500721156;6.392317422778761;6.599912842187128;5.426264754702098;5.754887502163468;6.554588851677638;5.78135971352466;5.554588851677638
11.633804321289062;12.105962753295898;11.261886596679688;10.652689933776855;11.859710693359377;12.049090385437012;10.625436782836914;12.119892120361328;11.979262351989746;11.217448234558104;12.119854927062988;12.03444766998291;11.430328369140623;10.946760177612305;10.788694381713867;12.119413375854492;11.919452667236328;12.034857749938965;11.076177597045898;11.667126655578612;12.119892120361328;11.533588409423828;12.093804359436035;10.637855529785156;10.621986389160156;12.113987922668455;10.624070167541504;12.11936092376709;12.119217872619627;10.642369270324709;11.95802402496338;12.085409164428713;10.632189750671388;11.767221450805664;12.06549072265625;12.11936092376709;10.653932571411133;11.719378471374512;12.116315841674805;12.093443870544434;10.680109024047852;11.838778495788574;12.119872093200684;12.119872093200684;10.62168312072754;10.635995864868164;12.049090385437012;10.624804496765137;10.904131889343262;11.104228973388672;10.621760368347168;10.946760177612305;11.57601187420678;11.929998062609029;11.965423565810127;11.520127550324853;12.705200378063116;11.419960177847887;11.94251450533924;11.786269627648466;11.4241662888181;11.86611979330307;12.185804615108458;12.350110443347928;11.825356341479337;12.487840033823051;12.466076461396252;11.818981539432444;11.857980995127573;11.401946123976536;12.855647166027266;12.254142846855748;12.285113188501493;12.274378153246364;11.473705749619416;13.00615072817031;11.929998062609029;13.907266248531066;12.754052367528924;11.192909219112012;11.61286849729104;11.85369942030022;11.6142497276894;12.71639078949768;11.476239906323851;11.939211882666395;12.580729651598958;11.632086412835182;11.894817763307945;12.85836959985474;11.494355603532846;12.08381170725288;11.850577547205614;12.913450441458098;12.285691191330091;11.880731435141664;12.031356596255709;11.79685079526716;12.097044499322951;12.270587340447513;11.686938171670388;11.856036399819155;12.13249972962851;11.71853287606922
12.195955276489258;11.763901710510254;11.902555465698242;11.160422325134276;11.155219078063965;12.630075454711914;11.152463912963867;12.724711418151855;11.476178169250488;11.167081832885742;12.724591255187988;12.682953834533691;11.240677833557127;12.585731506347656;11.228256225585938;12.724705696105955;12.70590591430664;11.4035062789917;12.534729957580566;11.84117317199707;12.724679946899414;11.336596488952637;12.724543571472168;11.566956520080566;11.149075508117676;12.72330379486084;11.14899444580078;12.724587440490724;12.724635124206545;11.150763511657717;12.715070724487305;11.696331024169922;11.196518898010254;12.626778602600098;12.72372817993164;12.724587440490724;11.55838680267334;12.722600936889648;12.668206214904783;12.720699310302734;11.157427787780762;12.724539756774902;12.724227905273438;12.724227905273438;11.148845672607422;11.55298900604248;12.630075454711914;11.148984909057615;11.228856086730955;11.165401458740234;11.148965835571287;12.585731506347656;11.207624468226758;11.90839262077375;12.745044005034464;11.5980525001616;12.712741927075736;11.755722153642282;12.328113894833656;11.964340867792416;12.084144010615145;12.350662988372257;11.451211111832327;12.718746909901064;12.764042217306589;12.572463389083676;12.91513244895065;12.358651200892886;12.130570562805426;11.855647166027266;12.553629293916364;12.419170165028538;12.369597346278676;12.226111098132389;12.197523878257789;12.894817763307945;12.30862344513114;13.984062369686436;12.617926556798752;11.9683067944308;12.1526017440192;12.954196310386877;12.39419471001943;12.72940831698402;12.271171191139771;11.654636028527968;12.550025257465784;12.37775279502222;12.226412192788786;12.856036399819155;13.283522485644026;12.475480126595476;12.201205007299528;12.934796592178404;12.24703741878858;12.43306376512207;12.26473580113014;11.510764167917891;12.56057167123656;12.544964432789238;11.97692206785108;12.086136225027309;12.329516067206534;12.014020470314934
10.23105525970459;10.63539981842041;10.24187183380127;11.694618225097656;10.392837524414062;11.289555549621582;10.281329154968262;11.705591201782228;11.706781387329102;11.694138526916504;11.706602096557615;11.70673656463623;11.32805061340332;10.383740425109863;11.25790023803711;11.623490333557127;10.230545043945312;10.232272148132324;11.706605911254885;11.6984224319458;11.543950080871582;11.56391429901123;11.70224952697754;10.504734992980955;10.243590354919434;10.25698947906494;10.265164375305176;11.59792709350586;10.300020217895508;11.670361518859863;11.70615005493164;11.603334426879885;11.691819190979004;10.23214054107666;11.421283721923828;11.59792709350586;10.300024032592772;11.043773651123049;10.632967948913574;11.693708419799805;10.476805686950684;10.338788032531738;11.705914497375488;11.705914497375488;10.229568481445312;10.230806350708008;11.289555549621582;11.154789924621582;11.557746887207031;11.6681489944458;10.979486465454102;10.383740425109863;10.224001674198105;11.014717929860009;11.175549550636193;8.912889336229961;11.533816389433364;9.573647187493322;11.105908508571158;10.62935662007961;10.124121311829189;10.092757140919852;11.296916206879288;10.696098170955864;10.904634621668151;10.26795708440284;11.92481250360578;10.31174831500496;11.970465440779996;11.11178773580101;11.824958740528524;10.668884984266247;11.332036548361652;11.558420713268664;10.237209960755022;10.421012855779226;11.27262978497637;12.003166506665169;11.360298426618046;10.857980995127573;10.51668494930961;10.71681946132995;10.547858506058416;10.910642730469624;10.20212382383046;11.023754353299417;11.386940245324311;10.752380646552892;11.243769031961852;11.728345714710976;10.367414751246828;11.369597346278676;10.589651146514786;11.235415935602528;11.339850002884624;9.893301530860564;12.467605550082997;10.898601387403938;11.159871336778387;10.820178962415188;10.421012855779226;10.756556322524087;10.90613899619538;10.505811553919594
10.834811210632324;11.546881675720217;10.860312461853027;11.033927917480469;11.144363403320312;11.692559242248535;10.428908348083496;11.806785583496094;11.800641059875488;11.197697639465332;11.80676555633545;11.794549942016602;11.25585651397705;11.195028305053713;10.80924129486084;11.80561065673828;11.444811820983888;11.63798713684082;11.503907203674316;10.852224349975586;11.806779861450195;11.105435371398926;11.737256050109863;10.463805198669434;10.42365264892578;11.77436351776123;10.42513656616211;11.802118301391602;11.803755760192873;10.557430267333984;11.802342414855955;11.71142292022705;10.438488006591797;11.484956741333008;11.648123741149902;11.802118301391602;10.58989715576172;11.158934593200684;11.800790786743164;11.804752349853516;10.694991111755373;11.177703857421877;11.80666160583496;11.80666160583496;10.42349624633789;10.42543601989746;11.692559242248535;10.43059253692627;11.013339042663574;11.335394859313965;10.425585746765137;11.195028305053713;11.145295334933598;11.09077405464075;11.461479447286155;11.165535141377925;12.107870914279614;11.769011321097016;11.00982861736811;11.197216693110052;10.79766152585376;10.975847968006784;11.478769619475765;11.562242424221072;10.839203788096944;11.85681455250301;11.535761377986656;10.758223214726724;11.602234901341063;11.391243589427445;12.269126679149418;11.555547771647063;11.7515440590891;11.49735289347705;10.77561028075954;12.103615656394544;11.094737505048093;12.536732889835417;12.201511344500146;10.251482410620213;10.817783121774534;11.464035152189911;10.709083812550343;12.047123912114026;11.705200378063116;11.464035152189911;11.93110683302934;10.702172685365548;11.664447284547972;11.998237821888049;11.4983506079296;11.70433597118232;11.171176797651771;11.863024710236886;12.274378153246364;11.163020639580791;11.92035285541508;10.972261848733291;11.871905237659186;11.94104760634058;11.065416134676548;11.604553229079038;11.76983784362944;11.25502856981873
10.10544776916504;10.791686058044434;9.748967170715332;9.548004150390623;10.80837059020996;10.867952346801758;9.189510345458984;10.929951667785645;10.810345649719238;10.499750137329102;10.92988395690918;10.839064598083496;9.529460906982422;9.944951057434082;9.625685691833496;10.927294731140137;10.471650123596191;9.748835563659668;10.697135925292969;10.50316333770752;10.929943084716797;10.284480094909668;10.9137544631958;9.299180030822754;9.187386512756348;10.922004699707031;9.190655708312988;10.927778244018556;10.92035961151123;9.242369651794434;10.901610374450684;10.64685344696045;9.194609642028809;10.208795547485352;10.85359001159668;10.927778244018556;9.30648422241211;10.77109718322754;10.923110008239746;10.920416831970217;9.95888328552246;10.804031372070312;10.929926872253418;10.929926872253418;9.1870698928833;9.195530891418455;10.867952346801758;9.19033908843994;9.471115112304688;10.020981788635254;9.188952445983888;9.944951057434082;10.30149619498255;10.030667136246942;10.545929769085468;10.048486873992337;11.491853096329674;10.580258567499788;9.7431513941125;10.347621368568134;10.199672344836364;9.9901039638575;10.76487159073609;10.987264012072538;10.407267764244732;10.818582177480858;11.032734528586714;10.30149619498255;10.095397022792556;9.99717948093762;11.586839787961829;11.086136225027309;11.076815597050832;11.098690096673591;10.236014191900084;11.552669097514272;10.576484346796851;12.342630298678408;11.561765263627708;9.579315937580017;9.7279204545632;10.84313591111135;10.22881869049588;11.697402007502708;10.63390340934852;10.344295907915816;11.189824558880018;10.207014320177532;10.817783121774534;11.71681946132995;9.94251450533924;10.812979471251484;10.167418145831736;11.33427328530719;11.043710863347156;10.383704292474052;10.203348002979762;10.350939181546432;11.00982861736811;11.052568050804153;10.099347810403192;10.615629636968098;10.89026427702111;10.368506461507693
9.830233573913574;9.900378227233888;9.05305290222168;7.885867118835449;9.89366340637207;9.188000679016112;7.85755729675293;9.939456939697266;8.599065780639648;9.939393043518066;8.972128868103027;7.812239170074463;7.807414531707764;9.928662300109863;7.939415454864502;9.937488555908203;9.679398536682127;7.806245803833008;9.9357328414917;9.427542686462402;9.938709259033203;9.75730323791504;9.93947410583496;8.300347328186035;7.80274486541748;9.939324378967283;7.802310943603516;9.939045906066896;9.93896770477295;7.81405782699585;9.403615951538086;9.063465118408203;8.332852363586426;8.638084411621094;9.927746772766112;9.939045906066896;7.80292272567749;9.93642520904541;9.936688423156738;9.93936824798584;9.849737167358398;9.903571128845217;9.939476013183594;9.939476013183594;9.06675910949707;7.8022141456604;9.188000679016112;9.89376449584961;7.946022510528564;8.739596366882324;9.784113883972168;9.928662300109863;9.823367240046236;9.83605035505807;9.4797802640291;9.105908508571158;10.605479518061667;10.266786540694902;9.868822554775;10.642051692927977;10.365228849251544;9.733015321685963;10.974414589805528;9.874981347653774;9.541096615349524;10.31741261376487;9.90388184573618;9.923327485419192;10.417852514885896;9.871905237659186;11.003517912108602;10.395534135462302;9.7431513941125;9.13699111208023;10.279610581052484;10.62113611327464;9.98584193700334;10.227615943414223;11.125413470483316;9.426264754702098;9.843921051289035;9.50382573799575;9.092757140919852;11.807354922057604;10.948367231584678;11.047805554007589;9.712527000439824;10.30149619498255;10.436711542137214;10.679480099505446;7.20945336562895;10.113742166049189;9.179909090014934;9.885696373339394;9.682994583681683;9.30149619498255;10.422064766172811;11.070791809423062;10.54399845013454;10.308339030139408;11.216745858195306;10.011227255423254;9.252665432450248;9.177419537989236
10.717276573181152;10.813560485839844;10.796513557434082;10.517034530639648;9.638161659240724;10.818546295166016;9.64671516418457;10.82439136505127;10.80393409729004;10.504202842712402;10.797819137573242;10.821893692016602;10.734071731567385;10.308345794677734;10.48796844482422;10.82438850402832;10.762386322021484;10.767662048339844;9.698934555053713;10.449281692504885;10.82430934906006;10.803454399108888;10.391450881958008;9.650400161743164;9.622135162353516;10.681833267211914;9.623141288757324;10.824325561523438;10.824337005615234;9.983075141906738;10.800827980041504;10.761550903320312;10.503816604614258;10.754828453063965;10.79704761505127;10.824325561523438;10.059271812438965;9.741987228393556;10.739361763000488;10.82247543334961;9.636977195739746;9.894309997558594;10.824395179748535;10.824395179748535;9.62204933166504;9.622097969055176;10.818546295166016;9.649972915649414;10.5567045211792;10.79202365875244;9.62407112121582;10.308345794677734;10.24555270625568;10.095397022792556;10.246740598493144;9.722807531169549;10.58777751632821;10.706496018061188;10.139551352398794;10.77313920671969;10.181152256865566;10.221587121264806;10.456354415108288;10.625708843064466;10.332036548361652;10.25502856981873;10.467605550082997;9.971543553950772;10.955649907528374;10.336506559810257;10.690871009292314;10.349834091457248;10.41574176829009;10.278449458220482;9.945443836377912;10.445014845868425;10.001408194392807;10.97513145692134;10.66266837551754;10.044394119358454;10.266786540694902;10.43879185257826;10.019590728357882;11.687375683437468;10.443979542601252;10.591522346570734;10.372865060112588;10.573647187493322;10.422064766172811;10.555547771647063;10.558420713268664;10.812177305514448;9.91288933622996;10.471675214392045;10.632995197142955;10.038918989292302;10.965062756744627;10.452241240430816;10.709945380232496;10.558420713268664;10.407267764244732;10.480790201095816;10.068778277985412;10.357552004618084
13.10762882232666;13.07978343963623;10.891497611999512;10.897449493408203;10.891525268554688;12.822508811950684;10.900131225585938;13.04078483581543;12.925458908081056;11.748197555541992;13.110280990600586;13.095887184143066;12.049409866333008;12.988954544067385;12.813310623168944;11.722362518310549;10.929527282714844;10.891496658325195;13.109856605529783;13.08879566192627;13.099489212036133;10.913750648498535;13.110413551330566;13.050835609436035;12.75380039215088;12.96792221069336;10.892943382263184;13.108187675476074;13.008956909179688;11.342649459838867;13.034034729003906;13.0892972946167;13.108323097229004;10.893424034118652;12.823480606079102;13.108187675476074;12.351455688476562;13.011832237243652;13.110319137573242;12.842644691467283;11.115230560302734;11.11115264892578;12.975260734558104;12.975260734558104;10.983983993530272;10.9139404296875;12.822508811950684;10.891860961914062;11.183309555053713;10.894195556640623;11.315505981445312;12.988954544067385;11.50928016808786;12.15386865522324;12.061371192659813;10.39231742277876;12.971184272404678;12.224001674198105;12.91214085629572;14.097456074666194;13.00105627463478;14.44740614293345;15.162863337608126;13.364955378481907;10.952741247186488;11.627989784315703;13.196294745028265;11.723234300893376;12.114067647165264;12.495355392235982;13.09819661452721;13.791162888555018;11.91737207947684;13.934796592178404;11.593857938858225;12.862637357558794;13.205793249397155;14.238330094645674;12.97172316117676;11.959639764364184;13.466586337719244;12.703038388986418;11.92740761294903;15.508289986140348;13.156241119235752;13.65530710151048;12.524296837662623;11.42940674151398;12.513974273740658;14.3292357417338;12.782793498733351;13.234817431117325;12.450180247164754;14.147681927770476;11.49735289347705;12.3009244909763;12.526988205432009;14.176251079967246;12.625708843064466;12.186733289128869;12.552188759557149;12.162391328756906;11.575066464578656;12.023407843140218
12.260174751281738;12.831039428710938;13.443148612976074;13.193281173706056;12.225760459899902;12.240490913391112;13.554329872131348;12.362207412719728;13.339592933654783;13.482792854309082;12.480905532836914;13.383130073547363;13.428768157958984;12.684016227722168;13.10755443572998;13.535518646240234;12.63470458984375;13.227242469787598;12.917241096496582;13.247252464294434;12.265410423278809;13.335317611694336;13.499478340148926;12.570168495178224;13.130372047424316;12.278738975524902;12.25503921508789;13.53002643585205;13.531343460083008;13.549383163452148;13.25485610961914;13.50966739654541;13.554095268249512;12.931378364562988;13.520565032958984;13.53002643585205;12.814672470092772;13.056015968322754;12.34109592437744;12.968159675598145;12.228240966796877;12.802545547485352;12.795372009277344;12.795372009277344;13.520602226257324;12.225781440734863;12.240490913391112;13.551467895507812;13.535658836364746;13.493754386901855;13.509353637695312;12.684016227722168;12.711021616791836;13.329936453312436;12.740834826145262;11.743572188935634;12.789126046425231;12.709730036543627;13.057484118798897;12.815983626652724;12.423903765836592;12.649256177517314;12.205487820150566;13.567837271525178;12.851749041416058;13.270003253378444;12.90482275429421;12.269711121142782;13.215229625747924;12.908580264012734;12.34318571544788;12.644081593265676;12.49210354247923;12.103615656394544;11.792790294301064;12.30206767252652;12.365775635326267;13.217957697864112;12.57483001533763;12.33511116842486;12.99205319285264;12.19506456372082;11.817383427897232;13.042172353174928;12.351215321855609;13.13362388678298;12.855647166027266;11.911017407796985;13.133463346523438;12.541580659991167;12.77869318322384;12.965062756744627;13.310896748797711;12.675736555361906;13.051038962117408;13.054434738760843;13.462502272597265;12.87536540064177;12.80916520537188;12.709945380232496;12.809366207816078;12.579551652806565;12.84097456982188;12.86360554432145
14.43699836730957;14.213005065917969;14.726543426513672;14.64702320098877;13.66526222229004;13.738842010498049;14.725686073303224;13.72474765777588;14.71206283569336;13.835235595703123;13.887744903564451;14.72509765625;14.671921730041504;14.02920627593994;14.672950744628906;14.391890525817873;14.45563507080078;13.981003761291504;13.669896125793455;14.360515594482422;13.68133544921875;14.548056602478027;13.750030517578123;13.771014213562012;14.205875396728516;13.738314628601074;13.685818672180176;14.5294828414917;14.678723335266112;14.726537704467772;14.724785804748535;14.327614784240724;14.726497650146484;14.625121116638184;14.698442459106444;14.5294828414917;14.721672058105469;13.694865226745604;13.868781089782717;14.720026969909668;13.67244815826416;14.455209732055664;13.710232734680176;13.710232734680176;13.93729019165039;13.665359497070312;13.738842010498049;14.69739055633545;14.726203918457031;14.08778953552246;14.72459316253662;14.02920627593994;13.925461718703762;13.756556322524087;14.860892982338823;12.947454306767218;14.092096414990792;14.751020945467612;14.331756712255473;14.740096955578911;14.206251272060689;14.29368717482627;13.939579214314692;14.656480728639783;14.521661777494655;14.07363951028323;14.593274395169932;13.833384274007493;14.679480099505446;14.074810461160451;13.608832338914842;13.442295588602516;13.898412441684211;13.25989034989582;13.86524997211658;13.402479172214964;13.681458050210274;14.566291930007871;13.896616222076874;14.603742238069026;14.249113452713727;14.49160260669611;13.73735298466663;14.9734283155401;14.365297208845051;14.505935576704188;13.9734283155401;14.961901822341002;14.491226790680209;13.753321227945042;15.026091122525854;14.873492175915208;14.104189211153557;13.90820495312589;14.268030211860133;14.344712009935012;14.360229829749484;14.18665592245552;14.30185339497469;14.226261653315504;14.355351096424812;13.934335888026032;13.733015321685963;13.964521373897238
12.062494277954102;12.318025588989258;13.10466194152832;13.14252471923828;12.043571472167969;12.997915267944336;12.168339729309082;13.15620231628418;13.155263900756836;13.07796573638916;13.154664039611816;13.155383110046388;12.94510269165039;12.944443702697754;12.285842895507812;13.156229972839355;12.376852989196776;13.09328556060791;12.892098426818848;12.19424533843994;13.154138565063477;13.13778591156006;12.40593719482422;12.062466621398926;12.042089462280272;12.98125171661377;12.042089462280272;13.15406608581543;13.149151802062988;13.141718864440918;13.155864715576172;12.3407564163208;12.989341735839844;12.620485305786133;13.024545669555664;13.15406608581543;12.606736183166504;12.363961219787598;12.710695266723633;13.155831336975098;12.112869262695312;12.934158325195312;13.155848503112791;13.155848503112791;12.042037963867188;12.04203987121582;12.997915267944336;12.292154312133787;13.136113166809082;13.151723861694336;12.072163581848145;12.944443702697754;12.67529549909406;12.5898851792902;13.111461739857722;12.325305455089682;13.209301046034142;12.973697366305352;12.78729042655958;13.136029849385553;12.479022346995178;12.79644525906185;12.7255792804196;13.510022358813766;12.529186505250893;13.028596777067108;13.102303817212649;12.28164030006605;12.853114583440288;12.78729042655958;12.80755617685892;12.721312842175312;12.840581250560753;12.562003863651553;11.949461979360152;12.913263430628762;12.255618749839597;13.757181632816716;12.97924654446865;12.157346935362844;12.7901448269498;12.726218159332198;11.93258386928929;13.469260236005406;12.88760142450871;13.222493052246469;12.8649599151426;12.491352073563435;12.80473605161403;13.076147528022505;12.565816107100892;13.308339030139408;12.855647166027266;12.972620862058744;13.298778580955656;13.007027266893967;12.41732511767992;12.800090987624994;13.3445733225962;13.16333519208196;12.8107724413447;12.871135184243045;13.169768450518076;12.689997971419446
10.153523445129396;10.519204139709473;10.528604507446287;10.522147178649902;9.51147747039795;9.59134578704834;9.5267915725708;10.527718544006348;10.26457691192627;9.852123260498049;10.531784057617188;10.528436660766602;10.370610237121582;10.16762638092041;10.375173568725586;10.483909606933594;10.349713325500488;10.370553970336914;9.52221965789795;10.331003189086914;10.480298042297363;10.529787063598633;10.013195037841797;9.513100624084473;9.511731147766112;10.369832992553713;9.511483192443848;10.509125709533691;10.502603530883787;10.531603813171388;10.531814575195312;10.49728775024414;9.879411697387695;10.27579402923584;10.4103364944458;10.509125709533691;10.419639587402344;9.574097633361816;10.436100959777832;10.530916213989258;9.51746654510498;10.042102813720703;10.455816268920898;10.455816268920898;9.511483192443848;9.511494636535645;9.59134578704834;9.515958786010742;10.525588989257812;10.531271934509276;9.914626121520996;10.16762638092041;10.047123912114026;9.766528908598865;10.358651200892886;9.330916878114618;10.55170826162069;10.231221180711186;9.847057346091336;11.62844554013718;10.12670447284319;9.850186837645774;10.73893668167614;10.886458695703706;9.878050912728536;10.230020435705637;11.098032082960527;9.946906274456396;10.074141462752506;10.103287808412022;10.044394119358454;9.92035285541508;10.107217075591382;9.513727595952435;9.78135971352466;9.9901039638575;10.051208940914766;11.025139562278508;10.365228849251544;10.449148645375436;10.58777751632821;9.552669097514272;9.43254190038826;11.3437409184722;10.382624026574916;10.847057346091336;9.99717948093762;10.129283016944967;10.17617314910749;10.224001674198105;10.0;10.55170826162069;10.221587121264806;9.86573327085176;10.411510988012072;10.537218400538595;10.273795599214264;10.481799431665753;10.449148645375436;10.358651200892886;10.37937836707126;10.46352437327118;10.430452551665532;10.296916206879288
10.377364158630373;10.799221992492676;11.56961441040039;11.583967208862305;10.78398323059082;11.553028106689451;10.129122734069824;11.608163833618164;11.606771469116213;11.197515487670898;11.60814380645752;11.602547645568848;10.611637115478516;10.718602180480955;10.517351150512695;11.60222053527832;10.604676246643066;11.170228958129885;11.528414726257324;10.84691333770752;11.607705116271973;11.592763900756836;11.21808624267578;10.1373872756958;10.125534057617188;11.431694984436035;10.125659942626951;11.554780006408691;11.379953384399414;11.184619903564451;11.60720920562744;10.550715446472168;10.272857666015623;10.618380546569824;11.327143669128418;11.554780006408691;10.71310806274414;10.896833419799805;11.583189010620115;11.607351303100586;10.750569343566896;11.463610649108888;11.60801601409912;11.60801601409912;10.12548828125;10.125642776489258;11.553028106689451;10.167753219604492;11.25678825378418;11.56454086303711;10.127799034118652;10.718602180480955;10.71338651493703;10.462502272597265;11.096715154488535;11.482303782323182;11.723660944409984;11.30149619498255;10.685624839726357;11.406205005418856;10.892542816648552;10.71338651493703;11.1879705919842;11.250298417906333;10.677719641641009;11.199672344836364;11.11829223302699;10.306061689428342;11.33147682185962;11.070791809423062;11.377210530388552;11.023061249735337;11.135067945777816;11.035486451292154;10.39660478118186;11.571752643503546;10.78135971352466;12.068778277985412;11.63662462054365;10.669770888525518;10.900112062977456;10.93737382019215;10.451211111832327;11.851358649033513;11.445532219028312;11.15608307628868;11.295194955880657;10.55170826162069;11.44190670454224;11.357552004618084;11.490349505739289;11.084144010615145;10.745674324002136;11.066089190457772;11.635264656539514;10.875749351420056;11.776021715252812;10.608254821977908;11.485326189240524;11.26620091249896;11.025831668332026;11.03823313473178;11.43567026093655;11.236014191900084
8.112722396850586;8.115883827209473;8.437623023986816;10.691027641296388;10.705018043518066;10.277634620666504;8.113083839416504;10.70605182647705;9.39627456665039;10.02913761138916;10.69949436187744;9.711522102355955;8.112716674804688;10.705742835998535;8.998644828796387;10.703692436218262;8.161356925964355;8.112871170043945;10.70538330078125;8.199831008911133;10.705499649047852;9.125718116760254;10.706042289733888;8.677512168884277;8.112765312194824;10.706040382385254;8.11267375946045;10.521541595458984;10.699390411376951;8.186758041381836;10.705975532531738;8.192559242248535;8.114087104797363;8.928998947143555;10.696046829223633;10.521541595458984;8.21951961517334;10.702518463134766;10.681326866149902;10.706050872802734;10.7041654586792;10.704962730407717;10.706034660339355;10.706034660339355;8.159034729003906;8.244406700134277;10.277634620666504;8.4238920211792;8.231268882751465;8.968293190002441;9.52794075012207;10.705742835998535;9.027905996569883;11.0566377151132;10.696098170955864;8.451211111832329;11.51668494930961;9.939579214314692;10.43879185257826;8.219168520462162;10.673309075561695;9.45532722030456;8.89178370321831;10.947636937951827;10.332036548361652;9.124121311829189;11.006326078524934;10.86573327085176;9.038918989292302;8.59618975614441;12.2903068962579;11.35149140932002;11.163020639580791;10.772314573921651;9.519636252843211;12.791366414695004;10.324180546618742;12.598750409571752;12.392854039872873;8.022367813028454;10.045759661382682;11.06406908038551;10.558420713268664;10.171176797651771;10.365228849251544;9.491853096329674;11.702605602110248;8.826548487290914;10.52845411076479;12.786473845221302;9.199672344836364;11.11829223302699;9.753216749178955;11.71639078949768;9.847057346091336;9.224001674198105;10.73640193131829;10.20945336562895;10.79603960882977;11.298635406734242;9.703903573444665;9.791162888555018;9.988684686772164;9.041659151637214
11.80274486541748;12.301387786865234;11.079694747924805;11.12435531616211;11.076641082763672;12.313153266906738;11.077709197998049;12.364724159240724;12.36464023590088;12.135714530944824;12.364724159240724;12.345012664794922;11.66640567779541;11.57472324371338;11.203160285949709;12.363858222961426;12.169382095336914;11.819472312927246;12.307594299316406;11.301030158996582;12.364721298217772;12.223515510559082;12.364681243896484;11.111327171325684;11.074941635131836;12.35043716430664;11.07479190826416;12.363884925842283;12.362768173217772;11.38099193572998;12.34064483642578;11.850593566894531;11.49062728881836;11.493760108947754;12.312910079956056;12.363884925842283;11.194984436035156;12.35454273223877;12.36417007446289;12.357136726379396;11.08349895477295;12.30203914642334;12.36471939086914;12.36471939086914;11.074104309082031;11.086187362670898;12.313153266906738;11.07795524597168;11.466564178466797;11.79714584350586;11.075202941894531;11.57472324371338;11.847840355630714;11.336506559810257;11.82137539237254;11.641148597411233;12.715104009236168;12.237508748172656;11.552188759557149;12.314300001897534;11.365775635326267;11.399811959325683;12.76487159073609;12.088125692188209;11.604553229079038;12.184255495405347;11.861474675125772;11.240791332161956;11.742730476519174;12.207624468226758;12.306916113522542;12.069449767427784;11.90651484484695;11.926295994781112;11.593391122791736;12.132821006779572;12.204876767603992;12.676177476832605;12.389900172773064;11.49235394515987;11.691307330191115;11.345405246717796;11.140829770773;13.75676478940414;12.350386742312844;12.547135531830865;12.04678297035635;11.508785162064513;11.579315937580017;12.4655664048094;12.128960950855696;12.189515729800194;12.073137383110383;11.673750739438065;12.451468712947358;11.59618975614441;12.17804232886482;12.022020969646356;12.513974273740658;12.151016538892248;11.667998535672528;12.194449079479025;12.129605011152504;11.906890595608518
9.121573448181152;7.922202587127685;10.374492645263672;10.14742946624756;10.374506950378418;10.228015899658203;7.890103816986084;10.37458038330078;7.930585384368896;10.37143325805664;9.15925121307373;7.849282741546631;7.856904029846191;10.373028755187988;9.685949325561523;10.373208999633787;7.921672344207764;7.847151279449463;8.9510498046875;7.850829601287842;10.361480712890623;8.407723426818848;10.306517601013184;7.841878890991211;7.840401649475098;10.374576568603516;7.840394020080566;8.97912311553955;10.368943214416504;8.983412742614746;10.35659408569336;7.853841781616211;7.848775863647461;8.16495418548584;10.355295181274414;8.97912311553955;8.52614974975586;9.463949203491213;10.259502410888672;10.374557495117188;10.374136924743652;10.332423210144045;10.374573707580566;10.374573707580566;7.842483997344971;7.840436935424805;10.228015899658203;10.372767448425291;10.177901268005373;7.884261131286621;9.80975341796875;10.373028755187988;9.179909090014934;9.800899899920305;8.784634845557521;9.159871336778387;8.703903573444663;9.236014191900084;9.642051692927977;8.584962500721156;7.467605550082998;7.686500527183218;9.330916878114618;9.041659151637214;6.820178962415188;9.105908508571158;8.523561956057012;6.475733430966398;8.744833837499545;8.584962500721156;10.298062567719017;8.879583249612784;9.250298417906333;9.084808387804362;8.459431618637296;9.285402218862249;7.900866807980749;9.791162888555018;9.192292814470768;5.169925001442312;8.625708843064466;8.581200581924957;6.108524456778169;9.665335917185176;8.515699838284043;7.022367813028454;9.862637357558794;6.523561956057013;8.499845887083206;9.717676423066395;10.269126679149418;9.131856960608792;8.238404739325079;8.894817763307943;9.537218400538595;7.86418614465428;10.650154213675094;8.787902559391432;8.527477006060396;9.14974711950468;7.912889336229962;9.330916878114618;7.554588851677638;10.014020470314934
10.220797538757324;10.22127914428711;7.018383026123047;8.3461332321167;7.695148468017578;7.516668796539307;6.897204399108887;10.22035789489746;10.221275329589844;8.541777610778809;10.220972061157228;10.141558647155762;7.72435998916626;6.894222736358643;9.857542991638184;6.926964282989502;10.195256233215332;9.00508975982666;6.906044483184815;10.21357536315918;10.220762252807615;10.209952354431152;8.746498107910156;6.909633636474609;7.375530242919922;7.489266395568848;10.20280933380127;7.423206329345703;9.16989803314209;7.493342876434326;9.82188320159912;10.209527969360352;6.896973133087158;9.845227241516112;9.968737602233888;7.423206329345703;7.032937049865723;7.050416469573975;10.211730003356934;10.139183044433594;7.015878677368164;6.900874137878418;10.216447830200195;10.216447830200195;6.907407760620117;10.098343849182127;7.516668796539307;6.93123197555542;7.118412017822266;10.182743072509766;8.60376262664795;6.894222736358643;8.710806433699352;6.643856189774724;8.252665432450248;6.491853096329675;9.457380879072534;8.388017285345136;6.7414669864011465;8.703903573444663;7.400879436282184;8.535275376620802;6.807354922057604;9.804131021183318;5.954196310386875;8.741466986401146;9.453270634010623;5.930737337562887;9.121533517340032;9.264442600226602;8.113742166049189;7.592457037268081;8.361943773735241;8.888743248898258;5.906890595608519;7.918863237274595;6.321928094887363;9.43879185257826;8.451211111832329;4.857980995127572;8.383704292474052;7.05528243550119;6.285402218862249;10.080817527608328;9.719388820942084;8.885696373339394;9.044394119358454;5.459431618637297;8.661778097771988;7.924812503605781;4.754887502163468;8.422064766172813;8.832890014164741;8.247927513443585;9.485829308701904;9.194756854422248;9.651051691178928;8.968666793195208;9.91288933622996;8.661778097771988;5.700439718141092;9.29920801838728;9.560332834212442;8.73809225962049
11.49246597290039;11.829405784606934;10.954375267028809;11.102706909179688;11.04804801940918;11.757797241210938;10.173670768737791;11.863173484802246;11.797968864440918;10.26042652130127;11.863210678100586;11.84270477294922;11.456151008605955;11.09013557434082;11.164637565612791;11.767318725585938;11.375591278076172;11.658313751220703;11.113537788391112;10.75155258178711;11.863184928894045;11.126938819885254;11.821491241455078;10.2164888381958;10.170106887817385;11.847729682922363;10.171940803527832;11.8192138671875;11.83825969696045;11.085493087768556;11.861528396606444;11.736723899841309;10.171531677246094;11.384119033813477;11.377447128295898;11.8192138671875;10.881864547729492;11.105156898498535;11.862163543701172;11.86166763305664;11.119178771972656;10.928701400756836;11.859243392944336;11.859243392944336;10.169663429260254;10.173043251037598;11.757797241210938;10.172053337097168;11.016481399536133;11.180716514587402;10.1709623336792;11.09013557434082;11.382083590141969;11.23661220021575;11.602234901341063;11.116343961237469;12.29318423075951;12.064742764750257;10.901621158346112;11.26795708440284;10.926295994781112;11.228217442293436;11.5980525001616;11.852529509404196;11.694357887221452;11.85642552862553;11.8193807908646;11.240791332161956;11.80896417491926;11.711666973564348;12.2836671674915;11.754887502163468;11.90651484484695;11.756973226165448;11.59105477403678;12.07347215397646;12.097373768990222;12.550025257465784;12.238703279427725;11.236014191900084;11.188588845707349;11.332596057789214;11.060695931687556;12.280480810318371;11.948367231584678;11.391243589427445;12.204265456136843;11.57601187420678;11.96000193206808;12.288000889707574;12.223700075986306;12.178353623512892;11.205793249397155;11.779719355143405;12.685186796595348;11.09341756438796;12.068442416025826;10.992938336165814;12.009478745888066;12.131535468676343;10.823367240046236;11.569380959522295;11.998237821888049;11.48733761520718
14.030241012573242;14.048054695129396;11.954512596130373;12.492247581481934;11.949444770812988;13.883132934570312;11.956255912780762;13.81809425354004;13.448600769042969;11.949469566345217;14.05723476409912;14.058320045471191;14.030807495117188;13.776995658874512;13.870519638061523;14.05419921875;14.055164337158203;14.059948921203612;12.002744674682615;12.75178050994873;14.060086250305176;12.124773025512695;14.016648292541504;13.213005065917969;11.949801445007324;13.642531394958496;11.95345401763916;14.05937385559082;14.059988975524902;13.350196838378906;14.05331039428711;14.052173614501951;11.972935676574709;14.052579879760742;13.858221054077148;14.05937385559082;13.910274505615234;13.879676818847656;14.04354190826416;13.599272727966309;12.006505012512209;13.793091773986816;12.29979419708252;12.29979419708252;11.949373245239258;11.957866668701172;13.883132934570312;11.949399948120115;12.891594886779783;13.837237358093262;11.950249671936035;13.776995658874512;13.50928016808786;11.804131021183318;12.961449694398196;13.273067075722096;14.33105688442662;12.183635381473218;12.121209716409284;12.865539970785695;12.506803437795648;13.14322375612385;13.080817527608328;14.04772036638152;13.556386304097808;13.780949798749663;13.758431440900267;12.716176405807428;12.324743110494415;12.999119179995295;13.10541748977662;12.971184272404678;13.227014193649133;13.119265383175788;12.611485943240922;13.28583565586142;13.302638923787551;13.806650309081014;13.879200317947392;13.09901899101923;12.780129619625306;11.583082767502932;12.93682194449238;14.34318571544788;12.71338651493703;13.730151673173312;13.032734528586714;13.009128789539256;12.267371931265274;13.480790201095816;13.673971520682796;13.007552934613717;13.989128360866411;12.39901083295199;13.619417596048342;13.70433597118232;12.39473062943157;13.61769702930787;13.746094383705463;13.032390168866524;12.753425699145414;13.291314616229643;13.91877008505239;13.252665432450248
11.500428199768066;11.57113552093506;10.709155082702637;10.418624877929688;10.081787109375;11.510244369506836;10.154322624206545;11.692936897277832;11.685075759887695;10.369930267333984;11.689043998718262;11.683749198913574;11.58849048614502;10.481071472167969;11.03895664215088;11.691425323486328;11.673922538757324;11.650518417358398;10.387320518493652;10.184417724609377;11.693049430847168;10.812437057495115;11.497344970703123;10.141767501831056;10.08084487915039;11.610895156860352;10.086837768554688;11.69025707244873;11.691984176635742;10.868489265441896;11.675376892089844;11.01210880279541;10.1762113571167;11.641047477722168;11.67255687713623;11.69025707244873;11.1761474609375;11.414019584655762;11.601375579833984;11.641077041625977;10.128662109375;11.4518404006958;11.688180923461914;11.688180923461914;10.080554008483888;10.080987930297852;11.510244369506836;10.085752487182615;11.557528495788574;11.025257110595703;10.088031768798828;10.481071472167969;11.374496145691516;10.25974326369078;10.840777923595054;10.729620743553038;11.74188827273525;9.649256177517314;10.266786540694902;10.63390340934852;10.755722153642282;10.497851836951115;10.5401280385821;11.85914649542596;11.285402218862249;11.145295334933598;11.35424938194524;10.746514321138465;10.971543553950772;10.684748620421626;11.283088353024002;10.657318449581288;10.991521846075695;10.992938336165814;10.745674324002136;11.558420713268664;10.874981347653774;12.127349541059118;11.582141981658776;10.71338651493703;10.54978466794786;10.453270634010623;10.54978466794786;11.860311054919482;10.50084187955693;10.62844554013718;10.9901039638575;11.213104219641906;11.89026427702111;11.52552080909507;11.164906926675688;11.108524456778168;11.0;10.880348808156027;11.247334178028728;10.778898476008376;11.200285605224298;10.88264304936184;11.366322214245816;10.944712061043486;10.512740462803498;11.09077405464075;11.546412195119352;10.962173031109709
10.91457748413086;12.304010391235352;10.784056663513184;10.903556823730469;10.783805847167969;11.559446334838867;10.852768898010254;12.466360092163086;12.458318710327148;10.787691116333008;12.466493606567385;12.456315994262695;11.703998565673828;12.14292812347412;11.011871337890623;12.43287181854248;12.417840957641602;11.264362335205078;12.418899536132812;10.831498146057127;12.466249465942385;12.438913345336914;12.466493606567385;11.384211540222168;11.137798309326172;12.41307544708252;10.786717414855955;12.465405464172363;12.466421127319336;11.88822078704834;12.143780708312988;12.106775283813477;11.950729370117188;12.398983001708984;12.442176818847656;12.465405464172363;11.185260772705078;12.465455055236816;12.46610164642334;12.206960678100586;10.783817291259766;12.44131565093994;12.451939582824709;12.451939582824709;10.783808708190918;11.652462005615234;11.559446334838867;10.783823013305664;11.233813285827637;11.716951370239258;10.78399658203125;12.14292812347412;11.90651484484695;11.807757403589267;11.450695771572915;11.217351905270334;11.94178124227853;11.422064766172811;11.905763049602792;12.095726668639047;11.262682142362165;11.374496145691516;11.61194694181998;11.90388184573618;11.025831668332026;11.885696373339394;11.451726268074506;11.139551352398794;12.846665681899738;12.025831668332026;12.025831668332026;11.663558104217271;11.677719641641009;11.508785162064513;10.620219825507489;11.591522346570734;11.269126679149418;12.108851117040151;11.939211882666395;10.390168956200185;11.857980995127573;11.082814337672271;10.328674927327947;12.60408986146918;11.114393054867309;12.118941072723509;11.81257844413538;10.600842114387302;12.24436383512051;11.801708358916462;12.282219695672588;11.776433032444732;11.747353829478062;11.589651146514786;12.32755264408124;11.30720080914081;12.872674880270605;11.494355603532846;11.57601187420678;11.569380959522295;12.01854794187165;11.982280604558284;11.50084187955693;12.040632200562252
12.999900817871094;14.447729110717772;13.036510467529297;14.42377471923828;12.993083953857422;13.3174467086792;13.34814167022705;14.45734977722168;14.420480728149414;14.313671112060549;14.45801067352295;14.440168380737305;14.290043830871582;13.846742630004885;14.131625175476074;14.186901092529297;13.030438423156738;13.42420768737793;14.447157859802246;14.021705627441406;14.444628715515137;14.45071506500244;14.453914642333984;13.245861053466797;13.115118980407717;13.839591026306152;12.993112564086914;14.44509220123291;14.342183113098145;14.415250778198242;14.45793914794922;14.45633316040039;14.316551208496094;13.11633586883545;14.322866439819336;14.44509220123291;13.053373336791992;13.529544830322266;14.450790405273438;14.45712184906006;12.995312690734863;13.044663429260254;14.44503116607666;14.44503116607666;12.993293762207031;12.993085861206056;13.3174467086792;13.004514694213867;14.38200855255127;14.456811904907228;13.132332801818848;13.846742630004885;14.552248810548477;13.603973996309024;13.964792090715711;14.087214193611045;14.417720683658056;12.78483929465315;13.489095315413504;14.820029338882216;13.654636028527968;13.902375114486023;13.951466861932795;14.800697714363126;14.916579274566226;14.354456017505626;13.789635526615887;13.862540503136891;13.20670914935865;14.482870966140382;13.837529385062425;13.604553229079038;13.86379910372885;13.418511490387644;13.873828574886977;13.585314678201458;14.538249568599277;13.908017261062804;14.395065477997743;13.992938336165814;14.064405961891042;12.47192918764169;13.803122072935404;14.850577547205614;13.412172865823786;14.54635190068654;13.792383614935188;14.817583288677616;13.429145170478744;14.100169531129907;13.036173612553483;13.73184933613704;13.74030781425232;13.646108641506103;14.118616689351509;13.856036399819155;13.847742502675754;14.19144482783438;14.40886043602476;13.56961830344664;14.20724315593674;14.115693952197011;14.189670152603751;14.021066720163276
13.074082374572754;13.955660820007324;13.655454635620115;13.084938049316406;12.827207565307615;13.100207328796388;13.843031883239746;13.957919120788574;13.989283561706545;13.369004249572754;13.887587547302246;13.988947868347168;13.980782508850098;12.917547225952148;13.83917236328125;13.988954544067385;13.705327987670898;13.621383666992188;13.032434463500977;13.925634384155272;13.81938648223877;13.729497909545898;13.905194282531738;12.839262962341309;12.828968048095703;12.95354175567627;12.828954696655272;13.985673904418944;13.988237380981444;13.985493659973145;13.89975929260254;13.872905731201172;13.981456756591797;13.70073699951172;13.988845825195312;13.985673904418944;13.831379890441896;13.784110069274902;12.999796867370604;13.902508735656738;12.827632904052734;13.870820999145508;13.91107940673828;13.91107940673828;12.827205657958984;12.8272123336792;13.100207328796388;13.35458755493164;13.985651016235352;13.82809352874756;12.900629997253418;12.917547225952148;13.382894168892134;13.391243589427445;13.465948964154254;12.740834826145262;13.793196859060943;12.99205319285264;13.410716333604269;13.746514321138465;13.398342887645883;13.416929443213602;13.186423797538945;14.169533592275016;12.99081307915361;13.733227217851562;13.7515440590891;13.066425600635556;14.066089190457772;13.556026992724677;13.264002687114218;13.410716333604269;13.46722342982096;13.401279536596528;12.214015491410844;13.548099416978388;12.694140204076431;14.312102985961063;13.434758522966764;12.360572781480696;13.718746909901064;13.275978964975623;12.28164030006605;14.11496234179294;13.098690096673591;13.710160691782914;13.68376223717448;12.610794169053182;13.780334708123895;13.633222303800787;13.044223335689608;13.804433568115511;13.682775179067027;13.714567511873662;14.06785446938792;13.624338545312986;13.983439002170414;13.437231901039478;13.70606426733497;13.653964643249012;13.4070021479242;13.71037597120447;13.73714169365265;13.70552439716406
18.77426147460937;20.668699264526367;18.758533477783203;18.80529022216797;18.64846992492676;18.65174102783203;20.40396881103516;19.111608505249023;20.76382064819336;18.651071548461918;20.76384925842285;20.763816833496094;20.138267517089844;18.65489196777344;19.04010581970215;18.651811599731445;20.0622501373291;18.881637573242188;20.70364189147949;20.71258544921875;20.218677520751957;20.00883102416992;20.762815475463867;20.16182327270508;20.18524169921875;18.65674591064453;18.981653213500977;20.209251403808597;18.70054626464844;20.755332946777344;20.76206398010254;19.340734481811523;20.04014015197754;20.143035888671875;19.48846244812012;20.209251403808597;19.7034854888916;20.70765686035156;20.68452835083008;19.51263427734375;18.649213790893555;20.61886978149414;18.651411056518555;18.651411056518555;18.69582939147949;20.078693389892575;18.65174102783203;18.65052795410156;20.531286239624023;18.97801780700684;19.87178039550781;18.65489196777344;19.23700917819857;19.28104255453693;20.87156462995789;18.538033539267328;19.699204724685767;20.574492823413504;19.69223918325964;19.38194000267821;17.90829879000133;20.335426339618127;18.549205584942857;20.420303616197376;9.642051692927977;20.296744846204323;20.14593836329113;9.787902559391432;19.02149512612956;20.78890229592619;18.595811092203945;18.576868116875776;19.148754607845337;19.532673625988323;10.857203471508166;17.42181829347999;10.562242424221072;19.1855771923397;18.657342875809505;14.161446847518008;19.860433824770336;16.119508568181146;10.25974326369078;19.56154340476596;20.02680167998913;20.54244529645881;19.90994580603696;11.116343961237469;18.988343519524992;19.1037206544494;19.63187333367889;20.72143217389521;20.58998481453541;18.56351656406622;20.80771495966156;20.641286214875368;19.421744343460368;19.72991609726845;20.67176305002673;19.736717367451053;18.27426894228196;20.11690867271436;20.428297804306546;19.876100217062884
13.191174507141112;14.349111557006836;14.319178581237791;14.565025329589844;13.172505378723145;13.208306312561035;14.467730522155762;13.273037910461426;14.614032745361328;13.174261093139648;14.589082717895508;14.615015029907228;14.567910194396973;13.235008239746094;14.600399017333984;13.82402229309082;14.432769775390623;13.78165054321289;13.572613716125488;14.246323585510254;13.267001152038574;14.46096420288086;13.45767307281494;14.21206760406494;14.173876762390137;13.175646781921388;14.021270751953123;13.911260604858398;14.414315223693848;14.612427711486816;14.612619400024414;14.283365249633787;14.561662673950195;14.606600761413574;14.612404823303224;13.911260604858398;14.597900390625;13.78687572479248;13.202860832214355;13.82338809967041;13.172597885131836;14.464055061340332;13.173494338989258;13.173494338989258;13.172595024108888;13.84993839263916;13.208306312561035;13.17398452758789;14.60749626159668;14.41171646118164;14.480758666992188;13.235008239746094;13.51261702365554;12.698921662339812;14.506803437795648;13.181462881270017;13.71177450496535;14.6885781571157;13.254733389246674;13.889218742472613;11.957102041562289;13.804635230827737;12.370959793297386;14.340684654363438;10.417852514885896;14.14242620231898;14.013060912553662;9.703903573444665;14.141628207364796;14.269126679149418;12.650154213675094;12.453527867681784;13.536975665610642;12.917185576336395;9.753216749178955;12.023061249735337;10.084808387804362;12.52258153125483;12.65642486327778;10.12670447284319;13.382894168892134;10.63662462054365;9.586839787961829;13.942972605568816;14.189747357807576;13.74157231951848;13.467096033905747;10.625708843064466;14.050783956364931;13.066930068864098;13.751334836401345;14.469578227375443;13.724833563933643;12.786678033890652;14.78978833559524;14.357208333961871;13.566886488038495;13.47154821099913;14.101072883682534;13.826449179423664;12.3009244909763;14.308410139144074;14.236313227042803;13.547015000894593
8.905486106872559;8.963808059692383;9.30838394165039;11.128134727478027;11.109856605529783;10.61685848236084;8.905294418334961;11.13290309906006;8.97748851776123;10.856887817382812;11.132823944091797;9.25279140472412;8.904891967773438;11.132153511047363;9.86153507232666;11.130670547485352;9.478363037109377;8.90958023071289;11.080641746520996;8.978740692138672;11.132780075073242;11.077683448791504;11.132891654968262;9.16702651977539;8.905386924743652;11.132893562316896;8.904980659484863;11.058680534362791;11.13135814666748;8.914604187011719;11.132758140563965;9.109840393066406;8.905444145202637;10.361442565917969;11.0902681350708;11.058680534362791;8.951379776000977;11.127741813659668;11.125625610351562;11.132899284362791;11.109402656555176;11.127544403076172;11.13290023803711;11.13290023803711;9.190832138061523;9.56988525390625;10.61685848236084;9.028565406799316;8.922439575195312;11.07097339630127;9.929607391357422;11.132153511047363;10.960725994839056;12.039261794341057;11.761135649828644;10.442943495848729;11.90312867681232;12.029632328044135;11.88264304936184;11.027905996569883;10.910642730469624;11.198445041452365;11.069449767427784;11.371776644337924;10.837627933171404;11.953468962228849;11.801708358916462;10.829722735086058;10.857203471508166;11.26795708440284;12.322491537597468;11.932952892194717;11.441388029346689;11.760304125286382;10.390168956200185;12.536247215688128;11.528942415064895;13.118616689351509;11.93110683302934;9.829722735086058;11.107217075591382;11.960364008877834;10.7632123668144;11.90613899619538;11.068778277985412;10.95492329203032;12.2836671674915;10.025139562278508;11.410451351503994;12.25974326369078;8.977279923499916;12.314300001897534;11.131213905086272;12.34207466799914;11.595723694101627;11.594324603924848;11.642051692927977;11.457380879072534;11.14974711950468;12.363860976729532;11.042343379793692;11.379919817646538;11.072132604167232;11.17804232886482
12.501893997192385;12.452728271484377;11.536185264587402;11.134249687194824;12.544432640075684;12.47633457183838;10.703944206237791;12.54601001739502;11.990154266357422;12.522088050842283;12.545984268188477;11.59733772277832;10.871676445007324;12.426935195922852;10.91908073425293;12.543660163879396;11.706788063049316;11.785128593444824;11.012613296508787;11.157163619995115;12.54601001739502;11.2274808883667;12.530131340026855;10.706296920776367;10.703628540039062;12.545832633972168;10.703600883483888;12.542954444885254;12.545727729797363;10.708698272705078;12.534735679626465;12.539765357971191;10.70551300048828;11.137662887573242;11.310588836669922;12.542954444885254;10.720815658569336;10.86235809326172;12.54599380493164;12.545849800109863;12.246442794799805;10.747369766235352;12.546009063720703;12.546009063720703;10.703568458557127;10.703678131103516;12.47633457183838;10.900022506713867;10.812688827514648;11.574280738830566;10.70473861694336;12.426935195922852;11.954559846999834;13.146568675740786;12.753843508311638;12.326991174900815;14.104271128936894;12.57104154760109;12.547135531830865;11.534789211480266;12.501339618061396;12.648132845652658;13.41706134676029;13.28410112599707;12.384513961398618;13.631745471077506;13.762382038710392;12.619073646817748;12.20181761666792;12.282509306240836;13.73481544784671;13.233769450446928;13.376668061857668;13.237956813306198;11.9683067944308;13.7324854450719;13.529186505250893;14.020459141699511;13.76207054242485;11.068106475858771;11.808562029957525;12.92351319630841;12.090443275081606;12.79543091954113;12.90613899619538;12.99435343685886;13.35837648032824;12.178664851006472;12.158294103604035;13.644532294625444;11.084144010615145;13.494980552661476;13.580376352946306;13.563911244581693;13.62548055047108;13.982548009651426;12.017156386383112;12.440350119200565;13.165221068220944;13.365775635326267;12.552669097514272;13.138431806276849;13.376261076559688;12.702389159976336
6.677273273468018;5.894404888153076;7.497004508972168;6.970542907714844;7.718643188476562;7.709993362426758;5.607601642608643;7.7186760902404785;5.663453102111816;7.60698938369751;6.328334808349609;6.059842109680176;5.63538932800293;7.345829486846924;6.518344879150391;7.718666553497314;6.961299419403076;5.608480930328369;7.334647655487059;7.711496829986572;7.7174859046936035;7.336408615112305;7.65967845916748;5.769159317016602;5.6070404052734375;7.715839385986328;5.607113838195801;7.712000846862793;7.680576801300049;5.610801696777344;7.18752908706665;7.379614353179932;5.8679070472717285;5.8002705574035645;7.6645188331604;7.712000846862793;5.782947063446045;7.700103282928467;6.0523834228515625;7.717385292053223;7.675599098205566;7.713720321655273;7.718675136566162;7.718675136566162;5.607300758361816;5.648892879486084;7.709993362426758;6.575700283050537;5.669656276702881;7.466418743133545;5.634244441986084;7.345829486846924;6.700439718141092;7.727920454563199;7.845490050944375;6.357552004618084;7.977279923499917;6.189824558880018;7.276124405274237;7.011227255423254;8.60733031374961;6.94251450533924;7.562242424221073;7.906890595608519;6.285402218862249;6.6865005271832185;7.507794640198696;6.285402218862249;7.539158811108031;6.965784284662087;8.588714635582264;7.754887502163468;8.169925001442312;7.78135971352466;7.179909090014935;8.930737337562887;6.700439718141092;9.39231742277876;8.59618975614441;5.727920454563199;7.266786540694901;7.924812503605781;6.20945336562895;8.519636252843213;7.129283016944966;6.149747119504682;7.20945336562895;7.139551352398794;7.03342300153745;9.157346935362844;6.954196310386875;7.383704292474052;6.087462841250339;7.912889336229962;6.108524456778169;6.906890595608519;7.247927513443585;8.204571144249204;7.906890595608519;7.800899899920305;6.870364719583405;7.169925001442312;7.022367813028454;6.044394119358453
13.218356132507324;13.264652252197266;11.4387788772583;11.488118171691896;13.042461395263672;13.203449249267578;11.426650047302246;13.26552677154541;13.050424575805664;13.017080307006836;13.265520095825195;12.952630996704102;11.73387336730957;12.724725723266602;11.69233512878418;13.261813163757324;13.012239456176758;13.01292896270752;11.740888595581056;13.036410331726074;13.265527725219728;12.129478454589844;13.264837265014648;11.45238971710205;11.426496505737305;13.264451026916504;11.426621437072754;13.264962196350098;13.2645263671875;11.44003677368164;13.261969566345217;13.263223648071287;11.42844009399414;11.97171115875244;12.998329162597656;13.264962196350098;11.431123733520508;12.893144607543944;13.265382766723633;13.26527500152588;12.692255973815918;11.758545875549316;13.265522003173828;13.265522003173828;11.42646312713623;11.42656421661377;13.203449249267578;11.435662269592283;11.495620727539062;13.061467170715332;11.430092811584473;12.724725723266602;13.367141694552364;12.531381460516313;13.059851410770802;12.955649907528374;14.16749655104036;12.097373768990222;11.868050853745158;13.065584428061502;12.88149638481011;13.177886656348791;13.788820271926742;13.911111061926714;13.102303817212649;14.092013802969072;13.707251271063232;12.89614316077451;13.084310133597755;12.774375272802065;13.73523868071836;13.198138052401116;13.533329732305834;13.219924768862814;12.253552062637464;13.5302844003166;12.96992608191987;13.30035256032822;14.050103720581296;11.993646060016596;12.668220198888896;11.2836671674915;12.314583244274194;14.579374869997288;12.59105477403678;13.573055409708704;13.530772085621978;12.77272694923985;13.720992350106709;13.896710815726117;11.232420927176076;12.97100459807343;13.085140461701762;13.461607340113764;13.784328117579138;13.430844535105216;13.173989374166537;13.29217781631975;13.338179249900112;12.82714419098428;13.149111990706889;13.389765762278635;13.6142497276894;13.440739423014271
9.055169105529783;9.425393104553224;10.984647750854492;10.854692459106444;11.136429786682127;11.071775436401367;9.029597282409668;11.139724731445312;9.090553283691406;9.8396577835083;11.135734558105469;10.565366744995115;9.03026008605957;11.13756275177002;10.216034889221191;11.13899040222168;9.256269454956056;9.029751777648926;11.135283470153809;10.059457778930664;11.139623641967772;9.850006103515623;11.139423370361328;9.24879264831543;9.02957534790039;11.139715194702148;9.029532432556152;11.113690376281738;11.137943267822266;9.033812522888184;11.13939380645752;9.365960121154783;9.030413627624512;10.188566207885742;11.13806438446045;11.113690376281738;9.176261901855469;11.11154842376709;11.12953758239746;11.13971996307373;11.11744499206543;11.138751029968262;11.139715194702148;11.139715194702148;9.029534339904783;9.059261322021484;11.071775436401367;9.034268379211426;9.168441772460938;9.080866813659668;9.042195320129396;11.13756275177002;9.799281621521924;11.495355392235982;11.62890115202819;9.76155123244448;11.35149140932002;11.41204051455165;11.982280604558284;10.619302955415687;12.101975670949232;11.519636252843211;10.625708843064466;11.366322214245816;11.04507705193494;10.909893083770042;11.670213636738564;11.934428040626804;10.800899899920305;10.55170826162069;12.201205007299528;12.167418145831736;11.563672959827514;11.422064766172811;10.576484346796851;12.693922488081014;11.184255495405347;14.114067647165264;11.766528908598865;9.76487159073609;10.790348496751914;13.147840893672337;11.269126679149418;11.722380635163802;11.206403913973848;8.842350343413807;11.834471049984222;9.89633240390994;11.736824699098864;12.14051027236822;10.265615046484458;12.002111776479852;10.557463701597824;12.726856755450727;9.961449694398196;10.588714635582264;11.26502894245816;10.77313920671969;11.463013413449692;12.29920801838728;11.025831668332026;11.266786540694902;11.101319154423276;11.034798962577268
10.172728538513184;11.017468452453612;11.072277069091797;10.539311408996582;11.06464958190918;11.077360153198242;9.777507781982422;11.081643104553224;10.828909873962402;10.05641269683838;11.081621170043944;11.011763572692873;9.873649597167969;11.000235557556152;10.0347318649292;11.081530570983888;9.94125270843506;10.18153953552246;10.643072128295898;10.831709861755373;11.081555366516112;10.96585464477539;11.07776927947998;9.83876895904541;9.777350425720217;11.079227447509766;9.777353286743164;11.079776763916016;11.079304695129396;10.16205596923828;11.081055641174316;10.96887493133545;9.78098487854004;10.226941108703612;10.992239952087402;11.079776763916016;9.789512634277344;10.441818237304688;11.073437690734863;11.08163070678711;10.726449966430664;10.844558715820312;11.081642150878906;11.081642150878906;9.777339935302734;9.778716087341309;11.077360153198242;9.79430103302002;10.016639709472656;10.49135398864746;9.778264999389648;11.000235557556152;10.580258567499788;10.993646060016596;10.76487159073609;9.946906274456396;11.243173983472952;10.705632387361415;11.216745858195306;10.720244258287568;10.605479518061667;10.295768934420508;10.417852514885896;11.115693952197011;12.03342300153745;11.030667136246942;10.997885127829113;11.304921669581672;10.91737207947684;10.450180247164754;11.403544678202014;10.820178962415188;10.779719355143405;10.705632387361415;11.068106475858771;11.51422090935813;11.557942286787448;12.474212937193943;11.50382573799575;11.172427508645482;10.757390009366638;11.077483356859508;11.376125389276174;11.095397022792556;10.360847084179664;10.42940674151398;11.264442600226602;11.498849206531723;11.119589620741122;11.462502272597265;10.84313591111135;11.057314877782703;10.838416075797335;11.42259043389256;10.888743248898258;10.508785162064513;11.18239435340453;10.807354922057604;10.7431513941125;10.97656412341533;10.715104009236168;10.749869427396844;10.7047682393626;10.159871336778387
1.7869367599487305;1.7840063571929932;3.7997145652771;2.025364398956299;5.211849212646484;5.162905216217041;4.043681621551514;5.242107391357422;1.90743100643158;4.26539421081543;1.78240704536438;2.81521987915039;1.7899266481399536;5.242458343505859;3.6429429054260254;5.243235111236572;2.2754244804382324;1.7826966047286987;5.237997531890869;2.186485767364502;3.046731472015381;1.784550428390503;5.2432050704956055;5.2277045249938965;1.86823046207428;5.207211971282959;3.310206174850464;5.242415904998779;5.243205547332764;1.7832530736923218;4.69245195388794;1.8226655721664429;4.792098045349121;4.5537848472595215;5.243225574493408;5.242415904998779;2.285808563232422;5.239342212677002;1.7845618724822998;5.210529327392578;3.689796447753906;5.24221134185791;5.242661952972412;5.242661952972412;1.9037617444992063;4.747058391571045;5.162905216217041;4.006038188934326;1.9076801538467407;1.7830060720443726;4.164573669433594;5.242458343505859;1.0;5.554588851677638;6.7414669864011465;3.0;4.807354922057604;2.321928094887362;4.523561956057013;0.0;6.977279923499917;3.0;1.0;4.954196310386875;2.0;1.584962500721156;2.584962500721156;3.906890595608519;6.169925001442312;3.807354922057604;3.700439718141092;3.321928094887362;3.4594316186372973;4.584962500721156;1.584962500721156;5.247927513443585;4.0;6.266786540694901;5.0;0.0;1.584962500721156;6.266786540694901;2.321928094887362;3.4594316186372973;5.392317422778761;4.087462841250339;4.247927513443585;1.584962500721156;6.044394119358453;2.807354922057604;3.0;0.0;0.0;4.247927513443585;2.584962500721156;1.0;6.339850002884624;5.672425341971495;4.584962500721156;3.807354922057604;5.491853096329675;2.0;2.321928094887362;0.0
10.428021430969238;10.89995002746582;9.84882640838623;10.835554122924805;10.425955772399902;10.946053504943848;9.382097244262695;10.99447250366211;9.407280921936035;9.672796249389648;10.99447250366211;10.77157974243164;9.607307434082031;10.994010925292969;10.898015975952148;10.991028785705566;9.398372650146484;9.534167289733888;10.89610767364502;9.907094955444336;10.99446964263916;9.478318214416504;10.994181632995604;9.723398208618164;9.383685111999512;10.994325637817385;9.382072448730469;10.993629455566406;10.994449615478516;9.39495086669922;10.994436264038086;10.993499755859377;9.386150360107422;9.6765775680542;10.732364654541016;10.993629455566406;9.497475624084473;9.406646728515623;10.994382858276367;10.994287490844728;10.429872512817385;9.384943008422852;10.994369506835938;10.994369506835938;9.382176399230955;9.382894515991213;10.946053504943848;9.382293701171877;9.450550079345703;9.54039192199707;9.382646560668944;10.994010925292969;10.567005370247031;11.202736043250168;11.038918989292302;10.366322214245816;11.675074920385445;10.394462694610317;11.27786854617684;10.755722153642282;11.496853777388042;11.36194377373524;11.715104009236168;11.057991722759176;10.8649599151426;11.425215903299383;12.477252323937952;10.76983784362944;10.5980525001616;10.895575282380683;11.852529509404196;11.116343961237469;11.269126679149418;11.269126679149418;10.681238411777803;11.59944798152872;11.726643921483994;12.790755750118311;11.64430696154558;10.31741261376487;11.109830654278792;11.347621368568134;10.988684686772164;11.567480801143043;10.476746203939468;10.98299357469431;11.622051819456376;10.393390457443989;11.399277924508969;12.065416134676548;9.834471049984222;11.281350514981035;11.52061868055628;12.244958393151132;11.071462362556623;11.290594888082572;10.90388184573618;10.836839359748716;10.915879378835774;10.929258408636972;11.107870914279614;10.987974524296153;11.246740598493144;11.371776644337924
8.316704750061035;8.590718269348145;9.014254570007324;10.117185592651367;8.856243133544922;9.506518363952637;8.27288818359375;10.232784271240234;8.2685546875;10.115300178527832;10.23032569885254;8.365707397460938;8.26904296875;10.23273468017578;9.007080078125;10.2210693359375;8.583563804626465;8.26872444152832;10.213457107543944;8.577677726745605;10.231328010559082;9.702814102172852;10.232778549194336;9.115511894226074;8.272049903869629;10.232792854309082;8.268486976623535;10.219274520874023;10.230206489562988;8.292656898498535;10.232359886169434;8.931451797485352;8.303192138671875;8.766847610473633;10.178579330444336;10.219274520874023;8.302142143249512;10.223320960998535;10.231740951538086;10.232783317565918;10.1922607421875;10.230856895446776;10.232669830322266;10.232669830322266;9.364343643188477;8.273429870605469;9.506518363952637;8.30555248260498;8.45543098449707;9.236403465270996;9.353926658630373;10.23273468017578;10.154818109052105;11.24198314969433;10.733015321685963;9.605479518061667;10.554588851677638;9.980139577639155;11.466076461396252;11.036173612553483;10.735556023911537;11.03960451795376;9.94251450533924;11.043027283594547;11.832494484336111;10.934428040626804;10.76155123244448;11.553149275598548;9.603626344986193;10.014020470314934;11.082814337672271;11.020979938904212;10.772314573921651;10.400879436282183;10.923327485419192;11.216139556425135;11.660887270302569;12.368779260041338;11.20945336562895;10.580258567499788;11.164906926675688;11.456354415108288;11.10459875356437;11.153552031708111;10.1331422124006;10.200898605038445;11.06339508128851;11.42259043389256;10.208234358339787;11.258566033889933;9.355351096424812;10.866506212226202;10.802516365121225;11.47218311618954;9.857980995127573;10.470658874060552;10.76155123244448;11.022367813028454;10.53818893205242;10.86573327085176;11.338736382573916;10.28424574982967;10.219168520462162;10.303780748177102
13.517260551452637;12.989480018615724;13.356270790100098;9.119154930114746;13.518144607543944;8.826537132263184;13.00745677947998;13.51837158203125;9.000972747802734;10.755803108215332;12.184748649597168;9.4052095413208;8.382140159606934;8.545441627502441;8.816750526428223;13.03770923614502;13.518869400024414;10.88192653656006;8.357325553894043;10.99109935760498;13.518498420715332;12.21677303314209;13.240617752075195;8.393753051757812;8.359576225280762;13.51658058166504;13.42205047607422;10.32109832763672;12.353249549865724;10.09135627746582;11.137001991271973;8.362747192382812;8.358067512512207;13.44366455078125;9.601665496826172;10.32109832763672;11.90009593963623;13.516310691833496;11.12986946105957;13.089755058288574;13.503836631774902;13.519197463989258;13.441498756408691;13.441498756408691;11.568349838256836;12.274313926696776;8.826537132263184;13.493542671203612;8.474769592285156;12.48969268798828;13.501344680786133;8.545441627502441;8.174925682500678;9.41574176829009;9.90388184573618;7.383704292474052;9.823367240046236;8.823367240046235;9.445014845868425;7.366322214245816;9.257387842692651;9.29232163280204;10.071462362556623;10.01262453886506;9.108524456778168;8.353146825498083;9.94251450533924;9.08746284125034;13.56450678433871;9.14210705730255;10.651948610723446;10.302638923787551;10.222794902868111;10.103287808412022;8.233619676759702;9.726218159332198;8.668884984266247;10.74819284958946;10.642954223480332;7.930737337562887;8.531381460516313;10.24555270625568;8.668884984266247;9.618385502258606;9.76983784362944;7.98299357469431;10.188588845707349;8.144658242831882;8.791162888555018;10.69261550169458;14.064911136698967;10.019590728357882;11.715533063526584;10.222794902868111;8.665335917185176;8.46352437327118;12.84901407369482;9.398743691938192;9.96000193206808;9.78463484555752;8.08214904135387;9.403012023574997;9.375039431346924;8.897845456005511
13.250141143798828;14.75350570678711;12.995247840881348;14.54328155517578;12.968454360961914;13.156205177307127;14.849358558654783;14.870638847351074;14.871950149536133;12.987895965576172;14.876157760620115;14.875894546508787;14.386109352111816;13.061490058898926;13.696755409240724;14.721794128417969;13.114632606506348;13.094995498657228;14.867402076721191;14.842479705810549;14.845908164978027;14.646769523620604;14.876153945922852;14.81461238861084;14.700801849365234;13.004225730895996;14.612712860107422;14.865137100219728;13.95080852508545;14.846967697143556;14.875749588012695;14.794780731201172;14.84768009185791;13.036965370178224;13.319989204406738;14.865137100219728;13.863754272460938;14.698443412780762;14.61549949645996;14.234890937805176;12.968440055847168;13.325532913208008;14.768487930297852;14.768487930297852;12.968757629394531;14.83569049835205;13.156205177307127;12.968634605407717;13.132627487182615;14.796857833862305;12.984009742736816;13.061490058898926;13.89614316077451;13.762485855861582;11.980139577639155;12.489597122389307;13.295768934420508;11.989749275462133;13.521109643651332;14.99147755834286;12.898412441684211;13.523194374830966;12.5090326863065;14.005273656563938;13.229119220658594;13.336506559810257;13.284534954008423;12.234817431117325;13.601886830639092;14.104844423218584;12.99028127536032;12.4189067312579;13.1767964781476;12.756347825516588;12.80634822671225;12.622738217871143;11.579315937580017;12.964521373897238;13.762693467754428;14.210290836058007;14.623309967191387;12.36468185586456;12.984418458801136;14.426264754702098;12.715104009236168;14.023667733561714;12.682336269711378;13.26620091249896;14.976071804762835;13.682226521505408;14.483815777264256;11.997532347526366;13.3781593597821;12.857980995127573;13.58660526060361;12.965062756744627;14.418511490387644;13.352595231134304;13.159556028058768;12.324180546618742;14.04899765291107;13.81277897162766;12.960364008877834;13.897467341721892
11.50243091583252;11.682151794433594;11.742042541503906;10.996129035949709;10.464638710021973;11.754972457885742;10.431018829345703;11.81749439239502;11.815935134887695;10.515680313110352;11.81581687927246;11.815797805786133;11.657196998596191;10.640433311462402;11.499615669250488;11.815857887268066;11.21777629852295;11.509492874145508;10.9744291305542;11.720795631408691;11.815275192260742;10.96341609954834;11.475714683532717;10.465289115905762;10.429699897766112;11.246021270751951;10.429932594299316;11.80519676208496;11.776338577270508;11.711830139160156;11.815590858459473;11.69333839416504;10.657262802124023;11.21420955657959;11.808223724365234;11.80519676208496;11.595632553100586;11.274144172668455;11.310349464416504;11.815269470214844;10.798733711242676;11.718524932861328;11.807908058166504;11.807908058166504;10.429651260375977;10.42999267578125;11.754972457885742;10.435112953186035;11.720324516296388;10.97364330291748;10.43854522705078;10.640433311462402;10.73640193131829;10.600842114387302;11.281930026955443;11.027905996569883;11.744833837499543;10.434628227636724;10.681238411777803;11.712097051087548;10.749031382040204;10.880348808156027;11.576484346796851;11.539643506238036;10.687375683437468;11.498849206531723;11.352595231134304;10.496853777388042;11.071462362556623;10.700439718141093;11.398209261466851;10.824163209744158;11.04507705193494;11.065416134676548;10.419960177847887;11.4542992936199;10.841564347730577;11.894059846274022;11.54882190845875;10.007027266893967;10.97656412341533;10.425215903299383;10.458406613236534;11.790755750118311;10.68650052718322;11.579315937580017;11.337621901992508;10.625708843064466;11.171802288682985;11.51175265376738;11.62662165235837;11.105253779700885;10.940313597145968;11.389093521904474;11.455840909126398;11.337621901992508;11.284824100224624;11.06339508128851;11.332596057789214;10.98299357469431;11.081483438093674;10.897845456005513;11.373408960228696;11.084144010615145
8.45705509185791;9.179943084716797;7.726604461669922;9.309334754943848;9.231054306030272;9.037063598632812;6.768998622894287;9.388764381408691;9.349846839904783;9.379672050476074;9.388760566711426;6.850808620452881;6.783807277679443;9.367264747619627;7.720747470855713;8.3728609085083;6.785780906677246;6.797428131103516;9.380030632019045;6.781400203704834;9.388104438781738;9.29436492919922;9.388197898864746;6.80049467086792;6.765113353729248;9.387953758239746;6.763713836669922;8.037199020385742;9.194995880126951;8.675172805786133;9.388298034667969;8.055027961730957;6.775486946105957;6.794560432434082;8.743160247802734;8.037199020385742;6.778451442718506;8.252087593078613;9.38869571685791;9.388761520385742;9.379434585571287;6.982725620269775;9.388741493225098;9.388741493225098;6.782003402709961;6.763620376586914;9.037063598632812;8.953497886657715;7.972145080566406;8.979671478271484;8.789599418640137;9.367264747619627;9.61654884377899;7.800899899920305;8.554588851677638;8.761551232444479;11.043710863347156;9.243173983472952;8.0;10.839991070539886;9.627533884472792;9.090112419664289;11.079484783826816;9.94104760634058;6.906890595608519;7.741466986401146;8.49585502688717;6.599912842187128;8.933690654952233;9.569855608330949;9.729620743553038;9.134426320220928;9.405141463136344;8.994353436858859;9.623881490013458;8.640244936222345;7.523561956057013;9.294620748891628;10.179909090014934;7.622051819456376;9.81698362325538;7.693486957499325;6.643856189774724;10.506803437795648;10.356451970221755;10.602698865017963;8.49585502688717;8.50382573799575;8.550746785383243;10.352043425795433;7.022367813028454;8.103287808412022;8.262094845370179;8.584962500721156;9.310612781659527;7.714245517666122;9.85642552862553;9.116343961237469;9.707359132080883;9.38586240064146;9.90839262077375;9.603626344986193;9.044394119358454;9.29920801838728
14.329416275024414;14.338127136230469;14.130830764770508;13.720354080200195;12.98997974395752;12.992656707763672;14.233566284179688;14.20124626159668;14.33888816833496;14.289212226867676;14.33930492401123;14.299105644226074;14.2431058883667;13.014275550842283;13.807332992553713;14.232122421264648;14.25347137451172;14.311501502990724;12.99382781982422;14.188631057739258;14.26419734954834;14.3140230178833;14.3048095703125;12.99250030517578;12.992850303649902;13.101550102233888;12.998287200927734;14.317577362060549;14.317327499389648;14.337931632995604;14.325565338134766;14.316648483276367;13.729562759399414;14.047490119934082;14.182099342346191;14.317577362060549;13.43392276763916;13.292021751403809;14.293749809265137;14.052703857421877;12.991387367248535;13.02626132965088;14.032984733581545;14.032984733581545;13.061928749084473;12.98997974395752;12.992656707763672;14.292970657348633;14.275842666625977;14.336257934570312;14.320018768310549;13.014275550842283;14.020632761657708;12.909893083770042;13.598750409571752;13.190596342475638;13.805139264316736;13.140989493445831;12.911204709977175;14.431171106634984;12.95764621521841;13.66855262986872;13.42600261332936;14.321575831415734;13.686281655144432;13.982637133669424;13.44643717584693;12.78749449969676;14.150857922538847;14.026177596889225;13.001232245244363;12.86727873970966;13.212344386559144;12.93110683302934;12.983884292164657;12.26238852375102;13.297632789142511;12.59898297103609;13.564625862795372;13.446824840780309;13.62605121423426;10.5980525001616;12.620219825507489;14.150857922538847;13.385323176175872;14.359612311115082;13.526865979393818;13.480790201095816;13.73312127365905;13.19598729802851;12.7795141791435;13.35397382181817;13.999735810460262;12.826747082520203;14.045930263291575;13.672314837200204;13.66211201631089;13.540370243743569;13.880253135551404;13.119427511067276;13.80231440599149;13.773654362961867;13.7795141791435;13.79644525906185
16.144229888916016;16.686532974243164;16.662744522094727;15.36967945098877;15.269612312316896;15.291184425354004;16.311891555786133;16.790857315063477;16.792930603027344;15.869556427001951;16.792926788330078;16.791400909423828;15.838573455810549;15.297868728637695;16.307388305664062;16.48287582397461;16.721460342407227;15.373639106750488;15.386980056762695;15.73216152191162;16.792009353637695;16.01398468017578;16.780248641967773;15.295894622802734;15.273951530456545;16.53877830505371;16.140316009521484;16.70830726623535;16.76698112487793;16.79159164428711;16.78628158569336;15.302871704101562;15.327997207641602;16.75904655456543;16.78459930419922;16.70830726623535;16.60072898864746;16.67501449584961;16.744937896728516;16.628658294677734;15.34005641937256;16.77973175048828;16.509885787963867;16.509885787963867;15.269892692565918;15.304503440856934;15.291184425354004;15.570094108581545;16.755842208862305;15.329894065856934;16.78784942626953;15.297868728637695;15.485766428363634;14.954014507722544;16.285962050460792;14.745464248276845;16.17143093609063;15.892851092421342;14.903740656510257;15.902375114486023;15.365638958234518;15.39486457818436;15.293004565378526;16.288397496991358;16.754052367528924;16.016177144641983;16.134867468443186;15.829028964915974;16.675460910996275;15.86891898838627;15.664447284547972;15.423477064079776;15.48069554952344;16.101401235329103;16.08250251822288;15.458022048382626;16.420700422176893;15.890478043048583;15.859267847576502;16.427689315366692;15.735106433783058;14.764664292073348;16.182161541746314;16.050210028566877;15.7047682393626;15.949963461264677;16.228330195419613;16.67920516953017;15.3292357417338;15.97960382407446;16.865926545021903;16.320888670154403;16.02570192373543;15.520342440374003;16.675254143155012;15.819081362649287;16.47046823051341;15.22622401599265;16.297507412936966;15.753556277508256;15.143144020581184;15.879319995011633;16.3730690466864;15.930021170686404
15.421664237976074;16.497295379638672;16.62433624267578;16.640575408935547;15.153428077697754;15.262958526611328;15.239928245544434;16.64303207397461;16.643095016479492;15.298225402832031;16.643465042114258;16.64168357849121;16.2354679107666;15.162212371826172;15.526552200317385;16.11492156982422;16.473037719726562;16.626197814941406;15.908337593078612;15.718857765197754;16.64020538330078;16.64316749572754;15.393514633178713;15.16116714477539;15.161392211914062;15.188913345336914;15.161344528198242;15.93045711517334;15.7205810546875;16.612924575805664;16.641950607299805;16.17121124267578;15.212435722351074;16.379745483398438;15.805672645568848;15.93045711517334;15.981922149658203;15.476914405822754;16.577251434326172;16.563318252563477;15.153646469116213;16.010995864868164;16.530942916870117;16.530942916870117;15.15342617034912;15.170486450195312;15.262958526611328;15.154935836791992;16.497509002685547;16.64310646057129;15.165700912475586;15.162212371826172;15.882834071545622;15.561108910019191;16.448245388310358;15.877164287450231;16.46953053313795;16.458102174514448;15.560093957642495;16.676934995905345;14.021413793008133;15.710994720660423;14.378362599204976;17.077942262505115;8.308339030139408;16.610693257597543;15.781282863375532;8.071462362556623;16.197293495529134;16.579050711907627;15.570033561381877;14.734868358746205;15.691798033522238;15.167692545421904;7.459431618637297;14.74740628253269;8.194756854422248;15.088871035643148;14.843577605036456;8.754887502163468;15.611255388699336;12.386401423640775;7.276124405274237;15.950259709566208;16.544964432789236;15.926017956356542;15.978241220950906;8.682994583681683;15.929327767308214;15.886625400039287;15.567807569023898;16.23043330453316;16.613401003135557;14.65273295816898;17.34315968506292;15.860141281864353;15.91837412099312;14.86727873970966;16.674495740766723;16.233900489669598;15.067812464029402;16.197139886602148;16.752236892602625;16.308196801614532
13.550984382629396;14.109138488769531;14.400288581848145;14.752127647399902;13.617169380187988;14.614766120910645;13.568865776062012;14.909440994262695;14.909235954284668;14.864054679870604;14.90944004058838;14.906792640686035;13.745637893676758;14.58061981201172;13.88831901550293;14.90724754333496;13.6972074508667;13.657537460327148;14.889443397521973;13.744213104248049;14.909390449523926;14.783802032470703;14.870007514953612;13.59945297241211;13.544272422790527;14.895848274230955;13.544563293457031;14.90272331237793;14.898534774780272;14.279353141784668;14.909297943115234;13.772625923156738;13.609296798706056;14.406778335571287;14.851469993591309;14.90272331237793;13.704084396362305;14.349491119384766;14.903535842895508;14.909398078918455;14.355538368225098;14.587388038635254;14.909422874450684;14.909422874450684;13.543972969055176;13.544114112854004;14.614766120910645;13.63841724395752;14.610986709594728;14.520684242248535;13.88982391357422;14.58061981201172;14.474973384391149;14.398342887645883;14.835705029771797;13.960092459790063;15.221247250430247;15.280843250978712;14.365775635326267;14.508166165598634;14.26700608999518;14.630380897751948;14.527904570799706;14.898459680434105;13.947819546020028;15.035529408461116;14.976877329653048;13.950647019424986;14.805391215041409;14.61056350392504;15.058625976659789;14.92569351045582;14.963483155240697;14.63180230029938;13.656983419574544;15.00886626655775;14.101401235329105;15.87058145436048;15.104189211153557;13.153710352151716;13.949917879203063;14.78978833559524;13.43149760425805;15.305705529987204;14.775095822585955;14.768959647713142;15.13574936041006;13.621250608337666;14.343810303829477;15.182045121827144;13.573292149952245;15.271681866743002;14.434693376772678;14.93741980030596;15.4520159626431;14.664891669286089;14.752485185884188;14.345821028950624;15.183984228356824;15.057907134500766;14.310399769619735;14.77853919446228;14.970645182266663;14.731159901472807
11.191320419311523;12.360556602478027;11.496317863464355;12.349756240844728;11.136635780334473;11.916173934936523;11.287766456604004;12.513347625732422;12.538496971130373;11.402235984802246;12.538415908813477;12.538480758666992;12.409611701965332;11.560386657714844;12.339763641357422;12.306095123291016;11.441177368164062;11.24705696105957;12.50172996520996;11.630062103271484;12.510666847229004;11.941494941711426;11.797527313232422;11.308524131774902;11.138261795043944;11.45652198791504;11.164319038391112;12.321009635925291;12.263754844665527;12.53371810913086;12.538347244262695;11.323667526245115;11.71161651611328;12.209595680236816;12.519814491271973;12.321009635925291;12.301408767700195;11.617226600646973;12.450775146484377;12.533942222595217;11.299734115600586;12.229209899902344;11.735189437866213;11.735189437866213;11.136602401733398;11.136758804321287;11.916173934936523;11.162388801574709;12.529133796691896;11.616986274719238;12.10171890258789;11.560386657714844;11.715533063526584;11.376668061857668;11.791162888555018;11.060695931687556;12.1999790076159;12.129283016944967;11.376668061857668;11.759888183221834;11.303780748177102;11.487840033823051;11.084808387804362;12.30435132166324;11.33147682185962;12.184875342908285;12.146250445885986;10.970105890612182;12.16867211813223;12.131213905086272;11.846665681899738;11.400345796534694;11.649705265471413;11.688250309133178;10.766528908598865;11.913263430628762;11.377210530388552;12.642728643769;11.89178370321831;11.11309098344238;11.615629636968098;11.482303782323182;10.77313920671969;12.175861383565296;11.78340754217352;11.598517810612622;12.082814337672271;11.367414751246828;11.638888382252262;12.017852331905962;12.370959793297386;12.162391328756906;11.763627351727628;11.982280604558284;12.48255589154897;11.91026795581084;11.760719947465624;11.406736482691723;12.512493573945038;12.02167404285837;11.287135186086704;11.81658370778757;12.703471046071948;11.637077657143664
12.496537208557127;12.723244667053224;12.50271224975586;13.092841148376465;12.500462532043455;13.969891548156738;12.520748138427734;14.09571647644043;14.095301628112791;13.245508193969728;14.095806121826172;14.094494819641112;13.94140338897705;13.757434844970703;13.491787910461426;14.09497356414795;12.76083278656006;13.999935150146484;13.972390174865724;12.53691291809082;14.09562873840332;12.577651977539062;13.970711708068848;12.888994216918944;12.49909782409668;13.975994110107422;12.49715805053711;14.0896635055542;14.094035148620604;13.55351448059082;14.095206260681152;13.796133041381836;13.149930000305176;13.39743709564209;14.07915210723877;14.0896635055542;13.054834365844728;13.459188461303713;13.72991943359375;14.089240074157717;12.652691841125488;13.631993293762209;14.075913429260254;14.075913429260254;12.495736122131348;12.498221397399902;13.969891548156738;12.506340026855469;14.035812377929688;13.09351634979248;12.525053977966309;13.757434844970703;12.91139198784346;12.955286645524469;13.69490195142856;12.665335917185176;14.214622686302336;12.787902559391432;12.83289001416474;12.689779629377275;11.748612176736982;13.191676146352428;12.73492126770526;14.00378141003163;14.200898605038445;13.858952310750938;13.751857836240635;13.820877000464831;13.005098178239706;13.041488043881468;13.813280168450795;13.39901083295199;13.378294855911893;13.587191507529832;13.61275333504465;13.914011328541257;13.965423565810127;14.469578227375443;13.86978660094578;13.386940245324311;12.900866807980748;12.217351905270334;13.65250890240818;13.678049891165374;12.932030157887027;13.382488936445046;14.079651444144783;13.91606605089929;13.192292814470768;14.309121036488156;13.129121992887557;13.52258153125483;13.267371931265274;14.00615072817031;14.242578689451346;13.51039331104402;13.457765614851754;12.722380635163802;13.65183652627007;13.302638923787551;12.50432244829189;13.09589146332092;14.00544911354693;13.44475608969503
8.465681076049805;9.95781421661377;9.326973915100098;9.881054878234863;8.454963684082031;10.158496856689451;8.088973999023438;10.204522132873535;8.245267868041992;9.184123039245604;10.204505920410156;10.121976852416992;8.118741989135742;10.19749927520752;9.134340286254885;9.75723361968994;8.213162422180176;8.089690208435059;10.181319236755373;8.361530303955078;10.204514503479004;9.254612922668455;10.197970390319824;8.530950546264648;8.091329574584961;10.204513549804688;8.088516235351562;10.180490493774414;10.193690299987791;8.297676086425781;10.204440116882324;9.643739700317385;8.10460376739502;8.718971252441406;10.012954711914062;10.180490493774414;8.302674293518066;9.198538780212402;10.204504013061523;10.204522132873535;10.155525207519531;10.075299263000488;10.203899383544922;10.203899383544922;8.088553428649902;8.088554382324219;10.158496856689451;8.088909149169922;9.125025749206545;8.316871643066406;8.164017677307129;10.19749927520752;9.335390354693924;10.151016538892248;10.8649599151426;9.96000193206808;11.4797802640291;11.011227255423254;10.43567026093655;10.60177078840771;10.055282435501187;11.026523442519766;8.951284714966972;10.684748620421626;11.825356341479337;10.725366257895642;10.831307243802051;11.834471049984222;9.674192268145683;10.224001674198105;10.406205005418856;10.821773981970567;11.151650829973422;9.603626344986193;10.644757592516257;11.449664538476192;11.571752643503546;12.220075970984304;11.685624839726357;10.787086324551616;10.290018846932618;11.194756854422248;11.705632387361415;11.70433597118232;10.64745842645492;9.978710459106358;10.921097088106793;11.498849206531723;9.67065624911844;10.109830654278792;8.566054038171092;10.35424938194524;11.052568050804153;11.63117705570398;10.258566033889933;9.92481250360578;9.842350343413807;10.139551352398794;11.371776644337924;10.678600139099458;11.118941072723509;11.296916206879288;10.800899899920305;9.86573327085176
7.662514686584473;9.628694534301758;9.37767505645752;9.624845504760742;9.50027084350586;9.354459762573242;7.559898853302002;9.653942108154297;7.569379806518555;9.612095832824709;9.651988983154297;7.577463150024414;7.596376895904541;9.653814315795898;9.01255989074707;9.63984489440918;7.598519325256348;8.8322114944458;9.63839340209961;7.583004474639893;9.653724670410156;9.50721263885498;9.653026580810549;7.67182731628418;7.559567928314209;9.65390968322754;7.558784961700439;9.641112327575684;9.653817176818848;7.573968410491943;9.653825759887695;9.6478853225708;7.560962200164795;8.326096534729004;9.518888473510742;9.641112327575684;7.559345245361328;7.677128314971924;9.653593063354492;9.653943061828612;9.634906768798828;7.569693565368652;9.653940200805664;9.653940200805664;7.832810401916504;7.558785915374756;9.354459762573242;8.345537185668945;8.320706367492676;9.507917404174805;7.832169532775879;9.653814315795898;9.4797802640291;9.43254190038826;9.071462362556623;8.357552004618084;10.184875342908285;8.717676423066395;9.296916206879288;9.164906926675688;9.111135670234708;9.022367813028454;8.915879378835774;10.65284497300198;8.939579214314692;9.398743691938192;9.59618975614441;9.199672344836364;9.002815015607053;8.851749041416058;11.287712379549449;10.10459875356437;9.923327485419192;9.22881869049588;8.741466986401146;10.703038388986418;8.50382573799575;10.79197682089869;10.514714054138487;7.86418614465428;9.06339508128851;9.83605035505807;8.573647187493322;10.52552080909507;9.74819284958946;9.216745858195306;9.899356922923111;9.105908508571158;8.954196310386875;10.251482410620213;6.6865005271832185;9.577428828035748;9.049848549450562;9.774787059601174;8.774787059601174;8.554588851677638;8.900866807980748;10.162391328756906;9.659995892429976;9.672425341971495;8.991521846075695;9.20212382383046;9.164906926675688;8.731319031025064
11.0574369430542;11.057138442993164;9.261655807495115;10.257092475891112;9.068314552307127;10.88990306854248;8.834853172302246;11.059686660766602;8.839676856994629;10.687736511230469;11.059699058532717;8.97258472442627;9.0714750289917;11.0553560256958;9.540037155151367;10.752046585083008;10.164813995361328;10.025181770324709;9.49287223815918;9.25528621673584;11.059712409973145;10.723184585571287;11.057988166809082;8.856172561645508;8.835624694824219;11.059697151184082;8.834681510925293;11.05519962310791;11.059152603149414;8.857271194458008;11.054853439331056;11.055238723754885;8.840038299560547;9.269542694091797;9.64762020111084;11.05519962310791;8.867514610290527;9.25261688232422;11.05971336364746;11.059449195861816;10.320246696472168;9.01205825805664;11.059587478637695;11.059587478637695;8.835367202758789;8.834688186645508;10.88990306854248;8.83633041381836;9.049185752868652;10.756714820861816;8.836398124694824;11.0553560256958;11.578372691360803;10.834471049984222;10.821773981970567;12.125090539303256;12.569380959522295;10.348728154231075;10.671541066711884;12.132178380915544;11.4893462407191;10.52258153125483;11.699572453287267;12.089119397915168;12.041659151637214;11.458919206967591;11.287712379549449;11.53430288245463;9.668884984266247;10.811374693509942;12.075479149488016;11.572700226487292;11.82097669262124;10.980853606379736;11.454813348512523;12.116668855967111;12.104271128936894;11.791162888555018;12.70628015884916;11.451211111832327;11.801708358916462;10.567956075415466;11.414685235807214;12.455840909126398;11.344295907915816;12.473198383677529;11.043710863347156;11.963257356633047;11.608254821977908;11.06204613772049;8.894817763307943;11.029287226968243;11.180530807344482;11.332036548361652;10.530406337099068;11.48683502156305;11.258566033889933;11.065416134676548;11.561765263627708;10.88340698638837;12.397674632948268;11.024447124040648;10.537218400538595;11.413627929024171
11.140673637390137;11.291766166687012;12.757699966430664;11.407297134399414;11.04884910583496;12.749313354492188;11.200218200683594;12.763694763183594;11.043503761291504;11.04405689239502;12.763654708862305;12.694636344909668;11.816590309143066;12.76162815093994;11.385984420776367;12.763734817504885;11.926023483276367;12.656461715698242;12.32924461364746;11.047346115112305;12.763744354248049;11.101851463317873;12.755666732788086;12.279383659362791;11.072760581970217;12.76292896270752;11.04297924041748;12.763731002807615;12.76374626159668;11.044337272644045;12.747581481933594;12.45420742034912;11.262330055236816;12.745481491088867;12.613754272460938;12.763731002807615;11.915085792541504;11.344372749328612;12.76341152191162;12.736331939697266;11.049513816833496;12.522418022155762;12.762694358825684;12.762694358825684;11.042962074279783;11.0537691116333;12.749313354492188;11.043171882629396;11.261141777038574;11.044507026672363;11.042943954467772;12.76162815093994;12.160501747555688;13.04524773457825;12.685624839726357;11.933321820732946;13.204876767603992;13.025831668332026;12.749450465569916;12.366322214245816;12.233320082730822;12.309476353841106;12.274960472140602;12.701089824817158;12.25089053572334;12.880540134333732;12.717033749490891;12.306916113522542;10.86418614465428;12.511505595792482;13.618500215814974;13.426919899820705;12.934243729538608;12.972441366563537;11.839203788096944;14.046612469258132;12.56652978262417;13.934980832653832;13.290594888082572;11.60130652612184;12.494355603532846;12.95764621521841;12.032734528586714;13.144180239058922;12.671098725748465;12.628217680223434;13.409390936137704;11.72451385311995;12.748821794614704;13.73862008132209;12.696967526234287;13.280190792216906;12.756139298372927;13.601074338941668;12.96379921393177;12.477252323937952;12.02410078025291;12.14306428063141;12.89614316077451;13.247334178028728;12.56652978262417;12.60177078840771;12.855452509744048;12.458150248057557
13.03278923034668;13.030030250549316;12.097426414489746;11.93507957458496;11.933951377868652;12.00381088256836;13.001981735229492;13.032130241394045;12.927651405334473;12.914127349853516;13.032086372375488;13.011040687561035;12.61847686767578;12.341201782226562;12.103562355041504;13.032899856567385;13.032161712646484;12.663454055786133;11.937416076660156;12.945353507995604;13.032845497131348;12.111003875732422;13.032929420471191;11.958966255187988;11.934042930603027;13.025687217712402;11.938623428344728;13.032930374145508;13.032910346984863;12.961389541625977;12.99272918701172;12.859962463378906;12.779386520385742;12.913649559020996;13.025823593139648;13.032930374145508;12.577909469604492;13.030924797058104;13.028932571411133;12.992863655090332;11.9368314743042;13.026378631591797;13.032154083251951;13.032154083251951;11.933947563171388;11.933940887451172;12.00381088256836;12.246079444885254;12.407163619995115;12.403550148010254;12.37912654876709;12.341201782226562;12.58941707576861;12.257093144491057;12.443202577297011;11.79603960882977;12.85428402017621;12.286557761607956;12.711666973564348;13.174457604291558;12.430452551665532;12.51175265376738;12.728345714710976;13.147045888945716;12.69479315499995;12.49585502688717;12.689779629377275;12.322491537597468;12.712527000439824;12.508042334429003;12.601538675939848;12.60917873814198;12.446566409066069;12.288577736992703;11.922212717785449;12.475480126595476;12.488593333835407;13.390840695766675;12.923884546385334;12.436451292286977;12.74819284958946;12.11178773580101;11.606867837374152;13.46569393586282;12.368779260041338;12.995943767764953;12.59175607602299;12.356451970221755;12.940680648424092;12.779924501967908;12.350662988372257;12.559377090526684;12.655977862486942;12.708221730038352;12.764664292073348;12.220680621052203;12.972620862058744;12.737036036540228;12.671541066711884;12.416269744523207;12.728133100306216;12.445014845868425;12.458919206967591;12.370959793297386
10.253824234008787;10.27163314819336;11.030340194702148;10.371214866638184;10.248461723327637;10.284439086914062;11.692523002624512;10.272442817687988;10.299830436706545;11.666059494018556;10.331276893615724;11.169520378112791;11.570561408996582;11.541827201843262;10.612142562866213;11.663945198059082;10.53922176361084;10.601181983947754;11.597911834716797;10.478145599365234;10.296067237854004;10.286595344543455;11.692061424255373;11.565885543823242;11.683959007263184;10.752232551574709;10.352975845336914;11.688267707824709;11.676403045654297;11.616547584533691;11.302970886230469;11.460165023803713;11.692526817321776;10.46406078338623;11.55498504638672;11.688267707824709;10.882964134216309;11.630159378051758;10.436704635620115;10.487011909484863;10.249955177307127;11.624226570129396;10.472943305969238;10.472943305969238;11.691012382507324;10.250040054321287;10.284439086914062;11.679961204528809;11.669371604919434;10.479762077331545;11.631021499633787;11.541827201843262;10.449148645375436;11.60177078840771;11.14274527675153;10.101975670949232;10.745674324002136;11.119589620741122;11.500343969270403;11.688250309133178;11.035486451292154;10.939579214314692;11.349281228817452;10.86727873970966;10.8193807908646;11.066089190457772;10.935165049603697;10.51175265376738;10.962173031109709;11.1331422124006;10.076815597050832;10.57459352733761;10.52552080909507;10.225207436943505;10.22881869049588;10.207014320177532;10.688250309133178;10.935901682267588;10.515699838284045;10.667998535672528;11.432019846812493;10.617467465294196;10.048486873992337;11.355351096424812;10.39660478118186;11.663558104217271;10.335390354693924;10.82097669262124;11.232420927176076;10.357552004618084;10.900112062977456;11.03342300153745;11.274378153246364;10.752380646552892;10.954196310386877;11.135067945777816;11.189824558880018;10.944712061043486;10.7657004876511;10.755722153642282;11.757390009366638;10.810571634741146;10.48683502156305;10.533329732305834
7.103364944458008;7.107977390289307;7.238061428070068;5.764032363891602;7.224608898162842;7.23227596282959;6.824599742889404;7.234071731567383;7.228533267974853;7.204385280609131;5.405019283294678;7.215551853179932;7.233642101287842;5.624832630157471;5.668672561645508;7.239311695098877;7.210051536560059;7.237292766571045;5.5246195793151855;7.172455787658691;7.234231472015381;7.195001125335693;5.415804862976074;5.441140651702881;5.40316104888916;6.545040130615234;5.413281440734863;7.239165306091309;7.236778736114502;7.128864765167236;5.563520431518555;7.089587211608887;7.217798709869385;7.040987491607666;6.893939018249512;7.239165306091309;6.487621784210205;5.796855449676514;5.577885150909424;7.1744256019592285;5.588141441345215;6.95137357711792;7.239294528961182;7.239294528961182;5.403008460998535;5.403014659881592;7.23227596282959;7.178633213043213;7.215755462646484;7.214571952819824;5.405516624450684;5.624832630157471;5.672425341971495;6.0;5.930737337562887;5.614709844115208;6.409390936137702;6.129283016944966;5.554588851677638;6.339850002884624;5.0;4.906890595608519;5.930737337562887;6.714245517666122;4.087462841250339;6.459431618637297;6.3750394313469245;4.700439718141092;7.554588851677638;5.0;7.076815597050831;6.3750394313469245;6.357552004618084;6.022367813028454;4.954196310386875;6.044394119358453;4.700439718141092;5.643856189774724;6.78135971352466;4.523561956057013;4.643856189774724;4.857980995127572;4.459431618637297;7.592457037268081;6.539158811108031;5.672425341971495;5.832890014164741;3.906890595608519;5.977279923499917;6.459431618637297;6.599912842187128;6.539158811108031;5.169925001442312;5.882643049361842;6.584962500721156;6.266786540694901;6.9886846867721655;6.20945336562895;6.3750394313469245;6.614709844115208;5.247927513443585;5.954196310386875;5.930737337562887;5.426264754702098
12.367548942565918;13.296257972717283;12.558255195617676;12.710420608520508;12.339619636535645;12.627263069152832;12.834830284118652;13.358304023742676;13.355676651000977;13.280472755432127;13.358333587646484;13.355064392089844;12.912642478942873;13.31851577758789;13.0684175491333;13.354568481445312;12.79612636566162;12.449122428894045;13.255245208740234;12.347572326660156;13.35830020904541;12.575727462768556;13.354555130004885;12.418306350708008;12.341509819030762;13.35586643218994;12.340086936950684;13.357089042663574;13.358224868774414;13.31109619140625;13.358226776123049;12.676813125610352;12.525979042053224;13.281015396118164;13.354808807373049;13.357089042663574;12.59145450592041;13.028091430664062;13.357739448547363;13.358165740966797;12.454697608947754;13.09689712524414;13.357184410095217;13.357184410095217;12.339608192443848;12.33961296081543;12.627263069152832;12.44283962249756;13.338258743286133;12.475835800170898;13.180624008178713;13.31851577758789;12.94178124227853;12.963618617443972;13.232570825356987;12.279030136449649;13.386670859637618;12.809768128710411;13.186888010029962;13.111135670234708;12.967946705812707;13.02531261992172;12.735132884139947;13.454813348512523;12.987974524296153;13.210214722468027;13.364271474681054;13.004922678569043;13.067602418889496;13.151967870968187;13.334412966291072;13.020979938904212;13.012799104179676;12.82097669262124;12.313449940963055;13.477631797450522;12.806952328210736;14.174223508224696;13.246295253516342;12.41415667927414;13.178976011374523;13.136029849385553;12.477252323937952;13.466458885531264;12.842939559285137;13.210975677726395;13.272338184158624;12.8115753883758;13.099347810403192;13.35149140932002;12.187352073200495;13.415081526165672;13.272046524389935;13.282509306240836;13.274378153246364;12.94288099715904;13.205335081275733;12.677719641641009;13.204876767603992;13.06726628304434;13.121209716409284;13.0591754379151;13.25089053572334;12.985308297255852
12.673073768615724;13.102840423583984;11.90318202972412;11.898093223571776;11.870854377746582;13.32739543914795;11.860149383544922;13.422858238220217;13.402578353881836;11.919244766235352;13.422046661376951;13.418661117553713;12.829431533813477;13.00427532196045;12.768051147460938;13.422523498535156;13.057900428771973;12.275081634521484;13.405031204223633;12.518450736999512;13.422832489013672;11.873858451843262;13.41987133026123;12.800439834594728;11.859496116638184;13.383838653564451;11.859198570251465;13.422151565551758;13.422151565551758;11.895879745483398;13.421351432800291;13.292250633239746;11.972543716430664;13.079683303833008;13.42083740234375;13.422151565551758;12.354172706604004;13.307624816894531;13.291289329528809;13.41195583343506;11.928533554077148;13.328185081481934;13.417033195495604;13.417033195495604;11.857317924499512;11.90662956237793;13.32739543914795;11.857423782348633;12.70944595336914;11.87283706665039;11.85899829864502;13.00427532196045;12.698487638557692;12.3395716783847;12.814582465906277;12.21856323619027;13.441128621804696;11.728345714710976;12.398476501449256;12.548099416978388;12.059344460824423;12.575775579874763;12.428360172704291;13.332316330199218;12.952741247186488;13.076147528022505;13.149588363516528;12.735979039613404;13.14210705730255;12.907266248531066;13.453527867681784;12.767149912284852;12.969206622964236;12.889123656294238;12.479022346995178;13.570567288872004;13.275978964975623;14.15386865522324;13.592807390216146;12.476239906323851;12.511999669441453;12.085140461701762;12.503577318702687;13.593040911589412;12.378836713210614;12.684748620421626;13.355351096424812;12.733650916838716;13.140350496628438;13.847938201949098;12.93755773185546;12.735344469539005;12.541338657970826;13.261213451366048;13.463907474412858;12.627989784315703;13.374767814092824;12.457380879072534;12.8115753883758;12.934428040626804;12.370959793297386;12.797053520629804;13.407533331671324;12.901621158346112
14.74921703338623;17.140533447265625;14.707304000854492;16.817951202392578;14.70639991760254;15.103321075439451;15.089400291442873;14.715747833251951;17.240392684936523;14.74319553375244;17.240644454956055;17.240558624267578;17.23220443725586;16.039627075195312;16.965299606323242;14.736103057861328;14.993915557861328;16.707618713378906;17.240276336669922;16.683847427368164;15.161264419555664;16.379138946533203;17.160289764404297;17.226423263549805;16.496288299560547;14.708788871765137;14.756736755371094;17.065153121948242;15.090081214904783;17.111909866333008;17.240230560302734;17.20574378967285;17.019996643066406;16.49318504333496;16.5876407623291;17.065153121948242;15.860553741455078;15.669273376464844;17.167341232299805;15.354673385620115;14.706879615783691;14.759353637695312;14.707051277160645;14.707051277160645;14.706400871276855;14.749391555786133;15.103321075439451;14.706450462341309;17.133703231811523;17.04277992248535;14.787637710571287;16.039627075195312;16.30787673615767;14.77463265332491;16.35142239240701;15.708410354610876;17.054031908255894;16.111848851840456;15.43472595023744;15.743729955357235;13.578844391558205;16.061898520467867;15.448116305409464;17.690946011338507;12.440090524950488;17.241648050515636;16.936097287112943;11.095397022792556;15.695364244739997;16.53119867507262;14.889503963411476;14.561108910019191;15.75949812859462;15.983104944456905;11.34485068394299;14.62588003880553;12.243769031961852;15.402112722708882;15.92184093707449;11.92184093707449;15.594266279045986;13.044223335689608;11.220982851081777;16.4046925459765;15.977838895308665;16.995413852225152;16.502847339551682;12.980318117957545;16.723300972260276;16.093335027985816;15.840507491260094;17.036119939864594;16.953207481887706;14.827590807390566;17.43488066415235;17.205048652293442;15.49878689112922;16.667624401749563;15.702794962343894;16.418956128754097;14.26099301870257;16.687785730253868;17.24249495652619;16.321734360622077
11.793455123901367;11.018584251403809;11.8422269821167;10.519814491271973;10.515892028808594;10.56232452392578;11.831801414489746;11.867668151855469;10.809929847717283;11.52767562866211;11.867671966552734;11.805499076843262;10.567225456237791;10.518170356750488;10.525115966796877;11.867396354675291;11.866869926452637;10.53372573852539;10.517416954040527;11.85949993133545;11.86489486694336;11.816980361938477;11.867066383361816;10.520516395568848;10.515283584594728;11.843390464782717;10.51584529876709;11.863298416137695;11.487382888793944;11.682385444641112;11.458712577819824;10.521088600158691;11.636028289794922;11.190377235412598;11.69214153289795;11.863298416137695;11.542647361755373;11.867669105529783;11.232833862304688;11.823176383972168;10.572245597839355;11.867679595947266;11.866047859191896;11.866047859191896;10.525269508361816;10.61154556274414;10.56232452392578;11.807464599609377;11.12557315826416;11.59534740447998;11.575639724731444;10.518170356750488;11.217351905270334;11.236014191900084;11.65508344519798;10.414685235807214;11.373408960228696;11.615169813843602;11.23840473932508;12.218865910069676;10.750706986224948;11.290018846932618;10.44190670454224;11.740624044489412;10.066089190457772;12.002111776479852;10.855647166027266;10.066089190457772;11.785452468158542;11.616089313582115;10.91214085629572;11.30435132166324;10.800090987624994;10.60917873814198;9.665335917185176;10.83605035505807;9.620219825507489;10.98370619265935;11.295194955880657;9.802516365121225;11.13827180017222;10.092757140919852;9.398743691938192;12.038918989292302;11.563672959827514;11.759888183221834;11.306061689428342;10.072802534544207;12.141468555393084;11.184255495405347;10.7279204545632;11.285402218862249;10.974414589805528;10.897845456005513;11.6640027628865;10.951284714966972;11.632086412835182;11.41256984680521;11.721953612801386;11.467096033905747;11.794821973331224;11.199058823653022;11.011926066306808;10.918863237274596
13.061676025390623;13.10127067565918;11.456612586975098;11.445340156555176;11.443411827087402;12.986677169799805;11.480669975280762;13.125587463378906;13.124422073364258;11.493517875671388;13.12552261352539;13.124964714050291;13.050288200378418;11.534621238708496;11.845611572265623;13.12547206878662;13.099827766418455;13.067115783691406;11.611310958862305;12.831993103027344;13.125611305236816;11.47752571105957;13.123062133789062;11.61623191833496;11.442835807800291;12.806897163391112;11.450716972351074;13.12546730041504;13.125497817993164;11.479286193847656;13.117192268371582;13.11977481842041;11.961699485778809;12.878409385681152;13.080584526062012;13.12546730041504;11.733647346496582;12.923598289489746;13.105419158935549;13.096909523010254;11.447851181030272;11.94483470916748;13.12410831451416;13.12410831451416;11.44155979156494;11.460271835327148;12.986677169799805;11.44619846343994;12.075005531311035;11.65427303314209;11.442300796508787;11.534621238708496;12.127671967038982;11.278449458220482;12.453785055496157;11.324743110494415;12.8107724413447;11.096715154488535;11.441388029346689;11.69261550169458;11.59245703726808;12.3701424794954;11.96289600533726;13.010877723007034;12.271754805646474;12.766735939529964;12.642051692927977;11.94288099715904;12.344295907915816;12.851749041416058;12.521109643651332;11.859534786382651;12.072802534544207;12.36139553316589;11.688687423222536;12.537461094633018;12.249113452713727;13.488342277532524;12.644081593265676;11.793603309279408;11.62113611327464;11.4893462407191;11.602234901341063;13.089781488353998;11.682994583681683;11.901244032467376;12.761966695382092;12.080484457067568;11.880348808156027;12.878625729805355;11.77066389291676;12.042001306279133;12.175861383565296;12.563672959827514;12.657318449581288;12.27786854617684;12.570092874188056;12.014369242235135;12.63390340934852;12.1270270430046;11.47015043527436;12.563196272216738;13.071462362556623;12.5262546938286
11.377012252807615;11.545665740966797;10.5098295211792;11.471449851989746;10.635000228881836;11.64352321624756;10.164698600769045;11.6553316116333;11.653057098388672;11.636634826660156;11.655268669128418;11.653396606445312;11.555315971374512;11.497867584228516;11.564900398254396;11.654363632202148;10.352706909179688;10.769172668457031;11.3073148727417;10.78430461883545;11.655325889587402;10.646549224853516;11.313271522521973;10.186290740966797;10.158601760864258;11.629515647888184;10.158455848693848;11.653083801269531;11.654251098632812;10.62371826171875;11.654784202575684;11.635096549987791;11.47529411315918;10.48135471343994;11.503460884094238;11.653083801269531;11.159399032592772;10.200188636779783;11.653629302978516;11.654657363891602;10.87863063812256;10.1950044631958;11.65532398223877;11.65532398223877;10.15762996673584;10.157647132873535;11.64352321624756;10.25729751586914;11.424211502075195;11.001256942749023;10.182902336120604;11.497867584228516;11.043710863347156;10.632995197142955;11.451726268074506;10.603626344986193;11.922212717785449;12.03514274788591;10.659995892429976;10.658211482751796;10.30035256032822;10.745674324002136;11.243769031961852;11.500343969270403;10.048486873992337;11.4578938373147;11.637530551525307;9.894817763307945;11.4993476328766;11.189206834597025;11.769424641552751;11.368506461507693;11.36468185586456;11.169298695792843;9.76155123244448;11.268542000300124;10.474719946526482;11.65284497300198;11.680359523513712;9.702172685365548;10.356451970221755;10.623881490013458;9.649256177517314;12.064742764750257;12.231521210875703;11.307770031890705;11.698704666770343;10.105908508571158;11.545929769085468;11.61056350392504;11.102631888854969;11.705632387361415;11.03342300153745;10.897089128312755;12.085804380278086;10.906890595608518;10.06339508128851;10.597121428789569;11.847057346091336;11.837627933171404;10.366322214245816;11.3151495622563;11.652396861477678;11.234817431117325
10.851759910583496;10.843669891357422;10.83779525756836;10.032401084899902;9.83925437927246;10.782294273376465;9.53490924835205;10.859230041503906;10.859129905700684;10.21657371520996;10.859235763549805;10.857293128967283;10.604745864868164;9.59575080871582;9.706396102905272;10.848869323730469;10.576910972595217;10.626750946044922;9.845815658569336;10.347359657287598;10.859233856201172;10.761754035949709;10.610844612121582;9.52000331878662;9.516138076782228;10.705744743347168;9.520516395568848;10.851308822631836;10.850211143493652;10.45542335510254;10.851116180419922;10.72426700592041;9.592997550964355;10.28007984161377;9.915278434753418;10.851308822631836;10.100173950195312;9.621071815490724;10.859150886535645;10.8575439453125;9.70821762084961;9.680681228637695;10.85915756225586;10.85915756225586;9.515958786010742;9.516019821166992;10.782294273376465;9.62574291229248;10.36281681060791;10.240280151367188;9.52321434020996;9.59575080871582;10.122827994807666;9.807354922057604;10.787086324551616;9.73809225962049;11.185494924210866;10.929258408636972;10.0;10.37937836707126;10.13827180017222;9.971543553950772;10.605479518061667;10.94397991434374;10.365228849251544;10.545929769085468;11.27029532647204;9.92184093707449;10.809768128710411;10.321928094887362;10.8649599151426;10.498849206531723;10.757390009366638;10.417852514885896;9.791162888555018;10.7714894695006;10.179909090014934;11.30890780406394;10.902375114486023;9.821773981970567;9.988684686772164;10.5401280385821;9.967226258835993;11.006326078524934;11.007027266893967;10.468624042918018;10.79197682089869;10.439830883981392;10.593391122791736;10.79685079526716;10.20212382383046;11.020979938904212;10.330916878114618;10.747353829478062;11.212496385193948;10.318542809702723;10.066089190457772;9.98584193700334;11.339850002884624;11.001408194392807;10.148476582178278;10.547858506058416;10.873444112515376;10.543031820255235
7.525238513946533;7.525374412536621;9.86530303955078;9.94359302520752;9.406007766723633;9.47744083404541;7.529031753540039;9.951610565185549;7.529604911804199;9.725345611572266;9.846160888671877;8.20766544342041;7.526742935180664;9.9513578414917;8.293596267700195;9.951519966125488;8.255600929260254;7.5989089012146;9.94798755645752;7.54702091217041;9.93073272705078;9.848894119262695;9.938363075256348;8.378142356872559;7.525484561920166;9.9515380859375;7.525230884552002;9.92373275756836;9.949193000793455;7.604380130767822;9.949085235595703;7.544690132141113;7.600166320800781;9.799650192260742;9.933679580688477;9.92373275756836;8.087718963623047;9.945701599121094;9.612887382507324;9.951608657836914;9.909744262695312;9.951327323913574;9.951581001281738;9.951581001281738;7.5336689949035645;7.545091152191162;9.47744083404541;8.037432670593262;8.642942428588867;9.651043891906738;7.70380973815918;9.9513578414917;8.957102041562287;11.21006248324023;10.7431513941125;9.290018846932618;10.579315937580017;11.140829770773;10.546894459887636;9.489847960439295;9.799281621521924;9.734709620225836;10.531381460516313;10.25502856981873;8.539158811108031;11.61286849729104;10.542064542283445;9.118941072723509;8.651051691178928;10.30149619498255;11.326991174900815;10.909143047339898;10.8193807908646;10.583082767502932;9.754887502163468;11.13827180017222;9.174925682500678;10.800090987624994;10.827342704234116;7.665335917185176;9.92481250360578;10.326429487122304;8.204571144249204;9.878050912728536;9.91288933622996;10.685624839726357;11.396069557639867;7.714245517666122;8.885696373339394;11.345959596404112;7.936637939002571;12.00105627463478;9.236014191900084;10.968666793195208;11.436711542137214;11.161761743304677;9.974414589805528;10.673309075561695;10.622051819456376;11.310612781659527;10.144658242831882;9.847057346091336;9.923327485419192;9.874981347653774
