SYN-SAMPLE-122;SYN-SAMPLE-201;SYN-SAMPLE-54;SYN-SAMPLE-342;SYN-SAMPLE-360;SYN-SAMPLE-5;SYN-SAMPLE-421;SYN-SAMPLE-141;SYN-SAMPLE-325;SYN-SAMPLE-177;SYN-SAMPLE-207;SYN-SAMPLE-411;SYN-SAMPLE-358;SYN-SAMPLE-219;SYN-SAMPLE-315;SYN-SAMPLE-296;SYN-SAMPLE-381;SYN-SAMPLE-342;SYN-SAMPLE-368;SYN-SAMPLE-97;SYN-SAMPLE-62;SYN-SAMPLE-151;SYN-SAMPLE-237;SYN-SAMPLE-430;SYN-SAMPLE-454;SYN-SAMPLE-444;SYN-SAMPLE-265;SYN-SAMPLE-189;SYN-SAMPLE-216;SYN-SAMPLE-95;SYN-SAMPLE-170;SYN-SAMPLE-43;SYN-SAMPLE-319;SYN-SAMPLE-78;SYN-SAMPLE-155;SYN-SAMPLE-472;SYN-SAMPLE-47;SYN-SAMPLE-375;SYN-SAMPLE-31;SYN-SAMPLE-379;SYN-SAMPLE-308;SYN-SAMPLE-87;SYN-SAMPLE-149;SYN-SAMPLE-287;SYN-SAMPLE-80;SYN-SAMPLE-381;SYN-SAMPLE-326;SYN-SAMPLE-244;SYN-SAMPLE-118;SYN-SAMPLE-176;SYN-SAMPLE-250;SYN-SAMPLE-361;TCGA-CH-5761-11A;TCGA-HC-7752-11A;TCGA-HC-8259-11A;TCGA-CH-5768-11A;TCGA-EJ-7784-11A;TCGA-EJ-7125-11A;TCGA-G9-6348-11A;TCGA-G9-6365-11A;TCGA-EJ-A8FO-11A;TCGA-G9-6384-11A;TCGA-HC-8262-11A;TCGA-EJ-7321-11A;TCGA-HC-7747-11A;TCGA-HC-7819-11A;TCGA-EJ-7793-11A;TCGA-HC-7745-11A;TCGA-CH-5769-11A;TCGA-G9-6342-11A;TCGA-EJ-7315-11A;TCGA-EJ-7330-11A;TCGA-EJ-7792-11A;TCGA-EJ-7314-11A;TCGA-HC-7740-11A;TCGA-EJ-7781-11A;TCGA-HC-7737-11A;TCGA-EJ-7123-11A;TCGA-EJ-7794-11A;TCGA-HC-7211-11A;TCGA-G9-6496-11A;TCGA-EJ-7783-11A;TCGA-HC-7738-11A;TCGA-CH-5767-11B;TCGA-EJ-7782-11A;TCGA-G9-6356-11A;TCGA-EJ-7331-11A;TCGA-HC-8258-11A;TCGA-G9-6499-11A;TCGA-EJ-7786-11A;TCGA-G9-6362-11A;TCGA-EJ-7797-11A;TCGA-G9-6351-11A;TCGA-EJ-7328-11A;TCGA-EJ-7327-11A;TCGA-HC-8260-11A;TCGA-G9-6363-11A;TCGA-J4-A83J-11A;TCGA-EJ-7789-11A;TCGA-EJ-7785-11A;TCGA-G9-6333-11A;TCGA-EJ-7115-11A;TCGA-EJ-7317-11A;TCGA-HC-7742-11A
12.151371002197266;10.743402481079102;10.777820587158203;10.92555809020996;10.847118377685549;12.174662590026855;12.173998832702637;11.125850677490234;12.17411994934082;10.879554748535156;12.056958198547363;11.776511192321776;11.974733352661133;12.171905517578123;12.16310977935791;12.125280380249023;12.03937816619873;10.92555809020996;12.16999626159668;12.173797607421877;10.760332107543944;11.750441551208496;12.173009872436523;10.743938446044922;10.85354709625244;11.842973709106444;10.915934562683104;11.114274978637695;12.171504974365234;12.04050636291504;10.887834548950195;10.743423461914062;11.995389938354492;12.138097763061523;10.743318557739258;12.134944915771484;10.836652755737305;12.14783000946045;12.106348991394045;11.893060684204102;10.912863731384276;11.762349128723145;11.090180397033691;12.064898490905762;10.792343139648438;12.03937816619873;12.10043716430664;11.232057571411133;12.07369613647461;12.174654006958008;12.166247367858888;12.125587463378906;11.29978040285854;12.037890085142507;11.158609688214478;10.24436383512051;11.1767964781476;12.285980105928212;11.68650052718322;11.232420927176076;11.121533517340032;10.800899899920305;10.4655664048094;11.862249900851513;11.96686590038754;11.682116764950074;11.397674632948268;11.325305455089682;11.788310503700918;12.00982861736811;11.096056239180946;11.519144787997414;11.23421867823847;10.901621158346112;10.637530551525307;11.024447124040648;11.04916787237217;11.821773981970567;11.075479149488016;11.172427508645482;11.789126046425231;11.425215903299383;10.623881490013458;11.0566377151132;11.61240779313867;11.510764167917891;11.711666973564348;11.839597483021176;11.998942951443086;11.183015000882756;11.952741247186488;12.292033985499543;11.81658370778757;11.585901449690772;11.747353829478062;11.618844301766652;12.141468555393084;11.31628153174622;11.771902080697716;11.726218159332198;11.760719947465624;11.090112419664289;11.400879436282183;11.52845411076479
11.639965057373049;13.108579635620115;12.189655303955078;12.819019317626951;12.98808479309082;11.639968872070312;13.04868221282959;12.058866500854492;11.640042304992676;12.346345901489258;11.647815704345703;11.734127044677734;11.714229583740234;11.65570068359375;13.108169555664062;13.108062744140623;12.809350967407228;12.819019317626951;11.651490211486816;13.108328819274902;11.841594696044922;12.574517250061035;11.68588924407959;13.105025291442873;12.40744972229004;12.7783203125;11.983617782592772;12.228002548217772;11.657649040222168;13.045438766479492;12.212631225585938;12.838541030883787;12.234992980957031;11.64468479156494;11.64013957977295;13.10162353515625;11.802874565124512;13.10578727722168;11.640348434448242;13.108610153198242;13.094603538513184;11.89145565032959;12.452988624572754;11.659603118896484;11.639967918395996;12.809350967407228;13.039556503295898;11.647995948791504;13.08401107788086;11.639972686767578;12.886151313781738;12.7017183303833;12.713171684314805;12.37232095486726;12.458150248057557;12.39231742277876;13.485703545284585;11.4757334309664;12.45404219747008;12.29318423075951;12.3701424794954;12.614939847310737;12.918304233699931;13.594907723063336;12.635037871183252;13.323477033150423;13.044052531801302;12.475480126595476;12.735344469539005;12.200898605038445;13.359200485133632;12.732167425663384;12.95383268214528;12.833483105659584;12.084476237453892;13.336367081389795;12.649256177517314;13.981834819231716;13.64227737850386;11.794821973331224;12.231821178657404;12.177108041703692;12.178976011374523;13.49460561567122;11.99929538702341;13.093087390444218;13.189824558880018;12.418116141207488;12.585197295260024;13.407267764244732;12.147204924942228;12.494855584491198;12.700656452918167;13.29246543494927;13.01314817145476;12.682116764950074;12.743782540330756;12.983528071165097;12.69261550169458;12.505315356136236;12.512740462803498;12.652396861477678;12.993999791792524;12.64250302878052
4.769855976104736;7.110868453979492;7.124203681945801;5.325172424316406;4.791007518768311;4.844343185424805;7.072540760040283;4.772786617279053;4.771198749542236;6.782265663146973;6.329120635986328;4.831317901611328;7.124088287353516;7.123401641845703;7.124204158782959;7.124207496643066;6.057344436645508;5.325172424316406;7.113988876342773;7.124192714691162;4.960365295410156;5.205050945281982;4.908894062042236;7.12385892868042;4.775134563446045;4.7754645347595215;4.822286605834961;4.927314281463623;7.124202251434326;4.774235725402832;7.124035358428955;4.7697343826293945;4.890485286712647;4.782862186431885;6.877101421356201;6.931285858154297;6.871939659118652;4.769735336303711;7.108616352081299;7.124199867248535;4.774846076965332;4.772794246673584;4.779149532318115;6.675726413726807;4.797266006469727;6.057344436645508;6.956905364990234;4.820454120635986;6.548467636108398;4.78248405456543;6.141374111175537;7.058603763580322;6.409390936137702;5.672425341971495;4.954196310386875;3.169925001442312;6.066089190457772;4.700439718141092;5.20945336562895;5.643856189774724;5.672425341971495;3.906890595608519;5.614709844115208;5.78135971352466;2.807354922057604;5.129283016944966;4.700439718141092;1.584962500721156;8.787902559391432;5.78135971352466;6.857980995127572;6.189824558880018;5.426264754702098;5.807354922057604;3.700439718141092;5.426264754702098;2.807354922057604;3.584962500721156;6.794415866350106;0.0;4.247927513443585;3.700439718141092;1.0;7.839203788096944;6.0;6.658211482751795;5.392317422778761;0.0;6.022367813028454;4.807354922057604;6.599912842187128;4.807354922057604;3.807354922057604;5.129283016944966;5.285402218862249;3.169925001442312;6.965784284662087;5.977279923499917;6.20945336562895;5.044394119358453;4.087462841250339;5.247927513443585;4.247927513443585;4.247927513443585
6.713555335998535;8.429348945617676;9.881004333496094;6.797414302825928;6.70971155166626;8.903754234313965;9.923662185668944;9.92422580718994;6.760727405548096;6.761233329772949;9.902535438537598;9.914642333984377;6.987262725830078;9.92420768737793;9.922478675842283;9.90786075592041;7.344803810119629;6.797414302825928;9.006877899169922;9.827637672424316;6.745840549468994;6.74109411239624;9.54905128479004;9.923385620117188;9.836923599243164;6.72135591506958;6.787614345550537;6.884178638458252;9.128636360168455;9.047439575195312;9.783942222595217;6.77748441696167;8.149056434631348;7.121252059936523;6.896644115447998;9.766878128051758;9.807135581970217;6.711437225341797;8.959012985229492;7.6029887199401855;7.089714527130127;8.317693710327148;9.343183517456056;8.932211875915527;6.711641311645508;7.344803810119629;9.922245025634766;8.150585174560547;9.867055892944336;9.87427806854248;6.709817409515381;9.920228004455566;7.022367813028454;10.184875342908285;9.843921051289035;6.9886846867721655;8.915879378835774;10.557463701597824;10.1331422124006;8.118941072723507;8.409390936137703;8.326429487122303;7.622051819456376;9.368506461507693;9.231221180711186;8.577428828035748;9.573647187493322;9.517669388133813;6.727920454563199;7.98299357469431;10.947636937951827;10.48683502156305;9.271463027904376;10.181152256865566;8.129283016944967;11.423641195075856;9.019590728357882;11.070120944476823;9.368506461507693;6.78135971352466;9.654636028527968;9.571752643503546;9.485829308701904;9.586839787961829;8.807354922057604;7.546894459887636;10.987264012072538;7.330916878114617;8.581200581924957;10.850186837645774;8.98299357469431;11.635718120331047;8.661778097771988;11.359200485133632;9.558420713268664;8.599912842187127;7.971543553950772;8.539158811108031;9.550746785383245;10.823367240046236;8.022367813028454;8.92184093707449;8.098032082960527;8.179909090014934
1.881999492645264;3.614180326461792;5.183592319488525;2.0989551544189453;2.288646697998047;5.148351192474365;1.8780096769332888;4.881100654602051;1.9252231121063232;2.2246294021606445;1.877378344535828;1.8886562585830688;3.88820481300354;1.8774067163467407;5.252996444702148;5.118724346160889;2.280797481536865;2.0989551544189453;1.8773800134658811;5.096157550811768;3.2590649127960205;2.212133407592773;2.1439359188079834;5.298469543457031;3.507894515991211;5.275572299957275;5.30216121673584;5.175250053405762;1.8795188665390012;5.244994640350342;5.269776344299316;4.188732147216797;3.8413665294647217;4.378497123718262;5.275686740875244;5.141395568847656;2.3910882472991943;5.29918098449707;2.1566162109375;3.569923162460327;2.6334171295166016;5.206671237945557;1.878564715385437;3.492063045501709;1.8773788213729856;2.280797481536865;4.206880569458008;4.157474040985107;5.302229881286621;5.245627880096436;5.30186128616333;1.90035343170166;4.954196310386875;5.0;5.285402218862249;7.257387842692652;4.643856189774724;4.169925001442312;5.523561956057013;8.60733031374961;6.894817763307944;3.169925001442312;4.906890595608519;4.857980995127572;3.169925001442312;4.700439718141092;4.523561956057013;3.584962500721156;2.321928094887362;4.906890595608519;6.409390936137702;5.700439718141092;6.9886846867721655;6.149747119504682;3.584962500721156;6.539158811108031;4.321928094887363;5.0;6.129283016944966;2.807354922057604;8.076815597050832;3.807354922057604;3.4594316186372973;5.392317422778761;5.554588851677638;5.78135971352466;5.392317422778761;3.0;1.584962500721156;6.643856189774724;3.4594316186372973;6.169925001442312;3.4594316186372973;6.044394119358453;4.169925001442312;4.954196310386875;6.832890014164741;7.599912842187128;6.247927513443585;5.78135971352466;7.924812503605781;5.491853096329675;5.20945336562895;3.169925001442312
10.791152954101562;12.292272567749023;10.791505813598633;10.811979293823242;11.27367115020752;10.793317794799805;12.271194458007812;12.233316421508787;10.807229042053224;12.07294750213623;12.00376319885254;11.957317352294922;11.360315322875977;12.289419174194336;12.157310485839844;12.288334846496582;11.819865226745604;10.811979293823242;12.24020004272461;12.207776069641112;12.276724815368652;12.196993827819824;10.925641059875488;12.292269706726074;11.43016242980957;11.599284172058104;10.792268753051758;12.272287368774414;11.930777549743652;11.724236488342283;10.791269302368164;11.599397659301758;12.17307949066162;10.794916152954102;10.791133880615234;12.270550727844238;11.955421447753906;12.27168083190918;10.791139602661133;12.29226779937744;12.282522201538086;10.90701389312744;10.863398551940918;10.817065238952637;10.81025505065918;11.819865226745604;12.29077434539795;10.792386054992676;10.864984512329102;10.794464111328123;10.831392288208008;12.172842979431152;11.349281228817452;10.977995368612962;12.11829223302699;11.321928094887362;12.260919533662904;11.615169813843602;11.072132604167232;11.541096615349524;10.94104760634058;11.391243589427445;11.355351096424812;12.29117069932186;11.767770648776704;12.153552031708111;12.026869205263395;11.022367813028454;11.616089313582115;11.879583249612784;11.814582465906277;11.35149140932002;11.68255574108031;11.671541066711884;11.171802288682985;11.643405277115674;11.580258567499788;12.330076554797458;11.852139328187244;11.016111838220512;10.880348808156027;10.793603309279408;11.199058823653022;12.146250445885986;11.841171189248543;11.79400964502097;12.118616689351509;11.62067804213541;11.714245517666123;12.042685372219353;10.817783121774534;12.026523442519766;11.562242424221072;11.600842114387302;12.734074491428045;11.849405100947758;12.177108041703692;11.295194955880657;12.122180901259751;11.805743872151618;11.13699111208023;11.665780028329484;12.456354415108288;11.77313920671969
2.0202391147613525;2.0217411518096924;2.0212647914886475;2.020275115966797;0.0;2.020265817642212;0.0;0.0;0.0;1.8180015087127688;0.0;0.0;0.0697331428527832;1.6542333364486694;0.3213698267936706;2.0179145336151123;0.7326302528381348;2.020275115966797;0.0053875464946031;0.0714031457901001;2.0209460258483887;1.1455010175704956;2.018989562988281;2.0218636989593506;2.0186681747436523;0.0;0.0;1.952847361564636;2.0027427673339844;0.0;2.0218393802642822;0.0;0.0;0.2982223033905029;2.02136492729187;0.0;1.3743528127670288;0.0;2.004245519638061;1.91142737865448;0.4581476747989654;0.0;2.021517515182495;2.021117925643921;0.7307323813438416;0.7326302528381348;0.31049644947052;0.0;0.0;0.0118701476603746;0.8689298629760742;0.8743230700492859;1.0;1.584962500721156;0.0;0.0;0.0;0.0;1.584962500721156;4.392317422778761;2.584962500721156;1.0;0.0;1.584962500721156;0.0;1.0;0.0;0.0;1.0;2.0;1.584962500721156;0.0;1.0;0.0;2.584962500721156;0.0;0.0;0.0;0.0;0.0;1.0;0.0;3.321928094887362;1.584962500721156;0.0;1.584962500721156;1.584962500721156;0.0;0.0;0.0;2.0;1.0;0.0;0.0;0.0;0.0;0.0;1.0;0.0;1.0;0.0;0.0;0.0;0.0
8.853864669799805;10.957154273986816;8.476937294006348;8.465534210205078;11.513710975646973;11.457808494567873;8.463272094726562;11.337170600891112;10.580766677856444;11.556903839111328;8.463272094726562;8.468639373779297;11.027109146118164;8.462823867797852;11.556178092956545;8.464998245239258;8.629616737365723;8.465534210205078;8.462898254394531;10.284797668457031;11.57167625427246;11.027320861816406;8.884849548339844;8.50582504272461;9.790815353393556;11.549402236938477;11.567004203796388;11.571653366088867;8.463136672973633;11.543631553649902;8.53853702545166;11.570032119750977;10.499419212341309;9.77981948852539;9.47504425048828;11.188501358032228;11.569316864013672;11.571661949157717;8.477410316467285;11.440873146057127;11.568686485290527;9.456080436706545;8.895877838134766;8.477056503295898;8.463330268859863;8.629616737365723;11.295492172241213;8.553436279296875;11.32212734222412;11.398547172546388;10.6420259475708;8.463045120239258;12.578844391558205;11.749450465569916;12.363587246524578;11.643405277115674;12.985130373466898;11.762382038710392;11.922584402713664;12.702389159976336;11.980139577639155;12.242578689451346;12.660664477461278;12.60130652612184;12.619990662606378;12.63594479878872;12.233020426474496;12.615399743725495;10.377210530388552;12.044052531801302;12.259449046285685;12.118616689351509;12.62844554013718;12.078484417411447;11.929258408636972;12.602698865017963;12.954014507722544;13.333155350310616;13.065752701816972;11.28886607416582;12.014369242235135;11.985486199104637;12.332036548361652;13.652284811845306;12.2836671674915;12.60408986146918;11.916999049082808;12.566291930007871;11.855647166027266;12.02997734658958;8.661778097771988;12.12023787734196;12.202429966015352;12.14974711950468;11.888362741170644;12.700656452918167;11.57553924683453;12.35397382181817;12.717676423066395;12.261213451366048;12.506307581100309;12.53818893205242;11.839597483021176;12.06373212019692
10.801854133605955;12.363327026367188;11.187728881835938;12.348913192749023;11.338360786437988;10.826485633850098;11.301255226135254;11.165019035339355;10.801953315734863;11.456819534301758;10.803257942199709;11.844676971435549;11.732446670532228;10.801955223083496;12.516879081726074;11.77411651611328;12.20445728302002;12.348913192749023;10.801878929138184;12.516767501831056;12.394712448120115;12.472636222839355;10.80309009552002;11.489770889282228;12.088993072509766;11.014399528503418;12.51696491241455;12.494192123413086;10.802659034729004;12.51269245147705;11.201336860656738;11.265439987182615;11.305554389953612;10.803759574890137;10.88511085510254;12.512493133544922;11.74479866027832;12.516975402832031;11.299906730651855;12.501416206359863;11.57715892791748;10.985642433166504;10.81554126739502;10.802255630493164;10.801854133605955;12.20445728302002;12.15001392364502;10.804698944091797;12.515287399291992;10.93362045288086;12.516975402832031;10.87863826751709;11.390706372872774;13.48167331644727;13.237508748172656;11.10459875356437;12.826349864720092;11.834471049984222;13.511382050937696;12.187042714339894;13.14433959124784;13.121695390556573;11.771902080697716;13.095726668639047;11.820178962415188;13.00544911354693;13.451855028397755;13.124606006959192;12.107870914279614;12.147204924942228;13.52833200886121;13.30435132166324;12.841760886800548;13.102139753410698;11.499845887083206;14.28886607416582;11.900112062977456;15.339467292852603;13.322209843748894;10.122827994807666;13.229269462266736;14.05604493693527;12.04814625421956;12.508289986140348;11.79766152585376;10.470658874060552;13.550867004960905;10.99859042974533;13.027387694052765;13.930275335112052;11.59618975614441;13.532964631698826;12.618614920250804;14.245404150930328;12.43514933836693;12.637756945412145;12.850382205652153;12.950191349972702;12.46326891598129;13.220378327695228;12.865539970785695;12.33063682472329;12.58941707576861;12.052568050804153
12.43418312072754;12.80921745300293;11.659153938293455;12.107757568359377;11.78830623626709;12.82907009124756;12.575541496276855;11.65877914428711;12.822710037231444;11.842846870422363;11.748270988464355;11.712014198303224;12.688140869140623;11.678847312927246;12.829066276550291;12.669899940490724;12.72641658782959;12.107757568359377;11.97326374053955;12.829231262207031;12.829047203063965;12.827367782592772;12.817206382751465;12.35760498046875;11.71234893798828;12.554182052612305;11.92577838897705;12.82322883605957;12.093626022338867;12.419591903686523;11.691275596618652;11.657702445983888;12.493576049804688;12.675918579101562;11.656810760498049;12.75286102294922;12.763994216918944;12.829686164855955;11.695371627807615;12.829707145690918;12.829533576965332;11.70591163635254;11.693711280822754;12.01733684539795;11.657026290893556;12.72641658782959;12.820581436157228;11.674560546875;12.541192054748535;12.810171127319336;11.978382110595703;11.719918251037598;12.619073646817748;12.130892269806624;13.11699367754698;11.741466986401146;12.692179576312538;12.51668494930961;12.613559277788264;13.023061249735337;11.97656412341533;13.046612469258132;12.228518097716194;13.242280950302444;12.363860976729532;13.13651056079364;12.89822347121556;12.061708704660624;12.521600439723729;12.791162888555018;12.298349015658186;12.3188252203997;12.4797802640291;12.096056239180946;11.42678889459556;12.037890085142507;12.079151405421891;13.02997734658958;12.44475608969503;11.67065624911844;12.107217075591382;11.90350531042388;11.57790083688697;13.254733389246674;12.326991174900815;13.290594888082572;12.803727526553114;12.219168520462162;11.754887502163468;12.480032814583948;10.93810932621924;12.652620934638165;12.779719355143405;12.526499239136566;13.111950706153165;12.933506249629444;12.746304367701304;12.723234300893376;12.84313591111135;12.4578938373147;12.633449374713493;12.557463701597824;12.687594389576123;12.717676423066395
14.977798461914062;16.2546443939209;14.962281227111816;16.24338150024414;15.233999252319336;14.957903861999512;15.513335227966309;15.490164756774902;15.006322860717772;14.961312294006348;16.1495304107666;16.242815017700195;16.020166397094727;16.25258445739746;16.051624298095703;16.25506591796875;15.994046211242676;16.24338150024414;16.151615142822266;16.199861526489258;16.254966735839844;16.25531005859375;15.500054359436035;16.254159927368164;15.077580451965332;14.95755100250244;14.958481788635254;16.224348068237305;16.16875648498535;16.245168685913086;14.959253311157228;15.125595092773438;14.99218463897705;14.96931266784668;14.95665168762207;16.21769142150879;15.712176322937012;16.255373001098633;14.957727432250977;16.255393981933594;16.24382781982422;14.95715618133545;16.163936614990234;15.174731254577637;15.035273551940918;15.994046211242676;15.60942268371582;14.95673370361328;15.05125904083252;14.956735610961914;15.935813903808594;16.249893188476562;15.146847069293392;15.177030157122418;15.964431123667882;15.020155256487037;16.61132744095157;16.6183711624227;15.455519875047573;16.504182765805346;15.60877459762325;17.131555564021138;17.1546500221246;16.11445406064108;15.7290364952082;16.4053243152725;16.421686824157696;15.166594633778535;15.869449258058928;16.154066509638966;15.661611109515434;15.735027079802624;15.871857121360522;15.51797688755755;15.145096273872104;15.787520006809338;15.847277610481324;16.567629341173127;15.860214044191483;15.246517943188914;15.571723021504283;15.519728383866024;15.234518085739987;16.377447796245658;15.944162985854788;17.95651228838106;15.782511974789088;15.483311954999351;15.886506327479497;15.845710554733882;17.82564825991016;16.28406496777351;16.191676146352428;16.21617745775159;16.34850340710174;16.53767341848018;16.66441950595643;16.161446847518008;16.199058823653022;16.156774386398652;16.11914377529938;15.870774080165248;16.449648419608874;15.873444112515376
7.811440467834473;9.979900360107422;9.973746299743652;9.765722274780272;9.006084442138672;7.822538375854492;7.813060760498047;7.993285179138184;7.811132907867432;9.667363166809082;7.810751438140869;7.833355903625488;9.958019256591797;7.810787677764893;9.957324981689451;9.956357955932615;7.855291843414307;9.765722274780272;7.810812950134277;9.655792236328123;8.767842292785645;8.072556495666504;8.257411003112793;9.79104995727539;7.920098781585693;8.62855052947998;9.98041534423828;8.888753890991211;7.846977710723877;9.945591926574709;9.971776962280272;9.956876754760742;8.07440185546875;7.946281433105469;9.965203285217283;9.892048835754396;9.760835647583008;9.980276107788086;7.921765327453613;9.952951431274414;9.97213649749756;8.062494277954102;9.827994346618652;7.884985446929932;7.810750007629394;7.855291843414307;7.846912860870361;7.854731559753418;9.9789457321167;7.81111478805542;8.703450202941895;7.979516506195068;9.774787059601174;10.380461065088973;10.10459875356437;8.294620748891628;9.447083226209651;9.54882190845875;10.002815015607052;10.103287808412022;8.693486957499324;9.558420713268664;9.257387842692651;10.368506461507693;9.169925001442312;10.236014191900084;9.605479518061667;9.071462362556623;9.507794640198696;9.834471049984222;11.65954999687987;9.94251450533924;9.802516365121225;9.236014191900084;9.703903573444665;10.14974711950468;9.14210705730255;9.92035285541508;9.876516946565;9.447083226209651;9.930737337562888;8.044394119358454;8.144658242831882;10.25502856981873;9.813781191217036;8.965784284662087;10.553629293916364;8.507794640198696;9.346513733165636;10.258566033889933;8.426264754702098;10.134426320220928;9.884170519108435;10.20212382383046;10.145932145820517;9.216745858195306;9.923327485419192;9.712527000439824;9.663558104217271;9.94397991434374;9.451211111832327;9.41574176829009;9.457380879072534;9.54882190845875
10.9745512008667;12.441413879394531;11.032218933105469;11.065962791442873;12.423738479614258;10.97455596923828;12.433256149291992;12.3076753616333;10.974740982055664;12.24131679534912;12.08249568939209;11.550604820251465;11.956167221069336;12.184063911437988;12.439555168151855;12.434863090515137;11.96738338470459;11.065962791442873;12.33827781677246;12.440664291381836;11.769035339355469;12.25298309326172;10.979459762573242;12.441046714782717;11.03400421142578;11.404001235961914;11.0347900390625;12.23869514465332;12.21060848236084;12.420927047729492;10.981130599975586;12.28550148010254;11.681636810302734;10.974727630615234;10.974563598632812;12.41511344909668;11.761519432067873;12.439672470092772;10.977860450744627;12.44140911102295;12.392814636230469;10.98178482055664;12.251409530639648;10.978760719299316;10.989907264709473;11.96738338470459;12.357169151306152;10.97543716430664;11.15717315673828;10.97455596923828;12.219860076904297;11.825212478637695;11.57459352733761;11.531868775177552;11.869979332899964;11.420486612825774;12.47649307734159;11.26620091249896;11.325867580575418;11.208234358339787;11.222191138456331;11.171802288682985;11.584492796975876;12.393658591454772;11.807354922057604;12.33399388276136;12.070120944476823;11.289442575688332;12.451468712947358;11.523071826940395;12.352595231134304;11.583082767502932;11.88760142450871;11.887220615468385;11.276124405274238;12.33371442609397;11.971184272404678;12.875941288497554;12.255323690008137;11.211279947482009;11.26209484537018;11.271463027904376;11.23421867823847;12.237209960755022;11.667555107041132;11.631631805917635;12.111135670234708;11.639792893279312;12.465056167831175;12.356176830516356;12.161131882984307;11.967226258835993;11.756556322524087;11.897845456005513;12.521600439723729;11.844705764411938;12.919422024335052;11.252074042796185;12.144658242831882;11.79685079526716;11.233619676759702;11.709945380232496;12.303495376790377;11.830119025444516
12.096394538879396;10.55946159362793;11.444196701049805;10.50193977355957;12.240522384643556;12.978371620178224;10.481185913085938;12.697968482971191;12.815569877624512;12.950343132019045;10.48121166229248;10.551889419555664;12.890812873840332;10.481208801269531;12.968467712402344;10.618934631347656;10.546600341796877;10.50193977355957;10.481144905090332;11.74070930480957;12.971790313720703;11.31031608581543;12.844212532043455;10.61274242401123;11.029866218566896;12.828715324401855;12.978215217590332;12.858726501464844;10.487812995910645;11.38451862335205;12.848871231079102;12.283820152282717;11.482701301574709;12.90618133544922;12.139056205749512;12.690571784973145;12.971368789672852;12.978269577026367;11.092158317565918;11.45136260986328;12.87087631225586;11.78557586669922;12.744183540344238;11.956612586975098;10.481159210205078;10.546600341796877;10.750957489013672;10.837812423706056;12.976487159729004;12.978277206420898;12.100388526916504;10.486055374145508;13.3972735315025;13.931845540183671;13.654188473059545;13.27772328161035;13.966775796709472;14.59333276016138;14.140350496628438;14.994795371321157;14.044735626056909;13.56271942704932;14.747825838329282;14.193217322699065;16.522366974485337;13.514837313999376;13.629015032522458;15.496604154575603;11.942147920394849;14.2321960506982;13.290162878784272;13.96605476462555;13.37000621550088;12.980139577639155;15.7737573721398;13.451468712947358;15.683871868622605;14.230620933129869;13.912515144802397;15.968689290135584;14.32678056760998;13.863895873695071;15.227503134450028;14.645602146391854;13.631972774534868;14.706549977818112;13.351905441476942;16.457525167013536;13.465948964154254;13.064742764750257;11.289442575688332;14.19067349813204;13.454813348512523;13.886363427434055;13.209301046034142;13.489095315413504;13.339850002884624;13.609755885423706;13.746094383705463;13.71177450496535;15.096632806531044;13.166476950816804;13.1526017440192;13.301067438218515
15.663969039916992;16.835346221923828;15.664206504821776;16.707534790039062;16.367660522460938;15.664521217346191;16.761188507080078;16.567546844482422;16.132766723632812;15.674046516418455;16.61222267150879;16.736629486083984;16.749984741210938;16.83229637145996;16.78190803527832;16.834972381591797;16.312063217163086;16.707534790039062;16.81720542907715;16.820880889892578;16.82425308227539;16.835052490234375;16.61246681213379;16.8145751953125;15.890416145324709;15.729410171508787;15.66981315612793;16.79505157470703;16.828996658325195;16.83591651916504;15.663581848144531;15.826898574829102;15.713906288146973;15.699007034301758;15.659292221069336;16.817033767700195;15.830487251281738;16.836742401123047;15.664095878601074;16.83673858642578;16.832475662231445;15.662206649780272;16.825714111328125;16.126075744628906;15.70277500152588;16.312063217163086;16.333890914916992;15.66062831878662;15.774828910827637;15.661211967468262;16.66864013671875;16.797624588012695;15.696886046427368;15.670960466379054;16.09481996125598;15.792815707955484;16.494199323942063;16.31930166312921;15.850601963040182;16.750733152104917;16.008165971639134;16.604336044042288;16.498849206531723;16.62911467058147;16.311783786024467;16.622881176445226;16.616103676116555;15.719736403540232;16.675943254080096;16.25266543245025;16.039304639245383;16.05118769466029;15.90388184573618;15.76492341074798;15.604292603111228;15.80705298720543;16.35242281463683;16.779886039160274;16.160541139084334;15.810421011444184;16.25063151408072;15.384547687744648;15.603394530887376;16.66205636858795;15.74968614656818;17.286305065707545;16.347119576638566;15.991388978798357;16.527874034663125;16.17541310253224;16.881854815394114;16.327026273127068;16.41083224797056;16.376125389276176;16.587499191828286;16.445419059502612;16.83605035505807;15.946814915494844;16.187564718943513;16.227728743558213;16.437492010125354;16.30750323669052;16.42028922221946;16.253404328774153
11.962933540344238;13.393425941467283;12.033864974975586;12.01237964630127;13.128829956054688;11.96308708190918;13.316304206848145;13.316651344299316;11.963032722473145;13.375977516174316;12.393121719360352;12.68572235107422;12.711214065551758;13.28053855895996;13.386345863342283;13.383893013000488;12.440239906311035;12.01237964630127;12.392024993896484;13.363300323486328;13.087616920471191;13.049346923828123;12.009445190429688;13.393414497375488;12.104084014892578;12.224494934082031;12.144487380981444;13.053285598754885;12.69568157196045;12.931641578674316;11.98700714111328;13.16294288635254;12.993062019348145;11.963274955749512;11.963007926940918;13.36605453491211;13.26366901397705;13.39323616027832;11.963323593139648;13.393362998962402;13.377907752990724;11.975218772888184;13.381757736206056;11.969734191894531;11.963825225830078;12.440239906311035;13.343448638916016;11.963929176330566;12.28722095489502;11.96303653717041;12.170001983642578;12.841275215148926;12.781769511863132;12.823367240046236;13.380055148544896;12.406736482691723;13.640696837570092;13.08696550311009;12.878050912728536;12.615169813843602;12.579315937580017;12.8668925276766;12.675736555361906;13.674302629212166;12.757806672197228;13.586018775355935;13.623652908052923;12.691743519171276;13.138751765258174;13.098525621379464;13.54677390880832;13.177730967033272;13.22881869049588;13.148317686309303;12.229720093237413;13.681128580020994;12.75676478940414;14.656033745160467;13.456097684964202;12.100333819126542;12.770250927394864;13.033939140726387;12.27873982655011;13.551107414066758;13.104271128936894;12.824163209744158;13.690761908445976;12.539158811108033;13.138911718142744;13.625708843064466;11.9683067944308;13.496104779340126;13.018026265843226;13.538310202597684;13.848133874679752;13.159871336778387;13.326008077730997;12.47040467706564;13.507918492629631;13.308339030139408;12.717033749490891;13.088291357347815;13.589182967039353;13.075813377461454
8.453906059265137;9.976007461547852;8.511510848999023;8.492181777954102;9.920062065124512;8.48131275177002;9.979410171508787;8.651080131530762;8.454150199890137;9.977417945861816;9.874850273132324;9.032411575317385;9.350667953491213;9.972386360168455;9.98007869720459;9.97995948791504;9.92979621887207;8.492181777954102;9.87617301940918;9.9801025390625;8.463655471801758;9.155925750732422;8.464311599731445;9.958208084106444;8.652434349060059;8.580549240112305;8.650375366210938;8.472075462341309;9.941366195678713;8.45441722869873;8.470466613769531;8.456047058105469;9.823763847351074;8.454649925231934;8.453906059265137;9.979912757873535;8.658954620361328;9.958575248718262;8.490053176879883;9.97780990600586;8.482068061828613;8.776200294494629;9.486326217651367;8.46442985534668;8.453959465026855;9.92979621887207;9.968994140625;8.45418930053711;9.92438507080078;8.54154109954834;9.979759216308594;9.971161842346191;8.72451385311995;9.535275376620802;9.4797802640291;8.654636028527968;9.754887502163468;9.134426320220928;9.426264754702098;9.394462694610317;9.310612781659527;9.03342300153745;8.366322214245816;10.271463027904376;9.611024797307351;9.189824558880018;10.118941072723509;9.321928094887362;10.108524456778168;9.266786540694902;10.370687406807216;9.78463484555752;9.640244936222343;9.471675214392045;8.689997971419446;9.571752643503546;9.162391328756906;10.37937836707126;9.870364719583405;7.965784284662087;9.505811553919594;9.43879185257826;9.044394119358454;9.453270634010623;9.199672344836364;8.936637939002571;9.939579214314692;8.679480099505446;10.171176797651771;10.404077136241234;8.64745842645492;10.084808387804362;9.366322214245816;10.214319120800766;9.552669097514272;9.319672120946995;9.49585502688717;9.422064766172811;9.902375114486023;9.91737207947684;8.98299357469431;9.49585502688717;9.61286849729104;8.794415866350105
11.366342544555664;13.311759948730469;11.567826271057127;11.925629615783691;13.269620895385742;11.366345405578612;13.297526359558104;11.763460159301758;11.366515159606934;12.842511177062988;11.717320442199709;11.493244171142578;11.40389633178711;11.794715881347656;13.294048309326172;13.305707931518556;12.838461875915527;11.925629615783691;12.15683364868164;13.30544662475586;11.577481269836426;12.258113861083984;11.38914680480957;13.311692237854004;11.693743705749512;12.15451431274414;11.380696296691896;12.316150665283203;11.7517728805542;13.15153694152832;11.469537734985352;13.23859405517578;12.194506645202637;11.367114067077637;11.367598533630373;13.266361236572266;11.443276405334473;13.302654266357422;11.36677074432373;13.311631202697754;13.269734382629396;11.440532684326172;13.141278266906738;11.392071723937988;11.374163627624512;12.838461875915527;13.218280792236328;11.379317283630373;12.344914436340332;11.366348266601562;13.119871139526367;12.64079761505127;12.49859992877026;12.127671967038982;12.40832974076739;12.319954310686944;13.513110716890193;11.42678889459556;12.255618749839597;12.249113452713727;11.925554439873554;12.470658874060552;13.150857922538847;13.632313662586126;12.700222950799256;13.252813241993014;13.252517607762288;12.518898992777316;12.889123656294238;12.09901899101923;13.459815807989589;12.640470904590089;12.885505729792254;12.902940323128275;12.264149339723328;13.326148561205557;12.866506212226202;14.003517912108602;13.58660526060361;12.141468555393084;12.156715144224702;11.873828574886977;12.371504412043336;13.416005780559267;12.135067945777816;12.822769974444292;13.197830998012195;12.594324603924848;12.428098411832506;13.386940245324311;12.4070021479242;12.28886607416582;12.351767443959892;13.222191138456331;13.21204034123855;12.651724433108065;12.896521622224974;12.585197295260024;12.795024983961389;12.586136091480489;12.309192106959902;12.660218788535618;13.103943429891558;12.659772961881613
10.379653930664062;11.752042770385742;10.717470169067385;10.76832103729248;11.516575813293455;10.379663467407228;11.388364791870115;10.851104736328123;10.379698753356934;11.71518611907959;10.82715892791748;10.572989463806152;10.787225723266602;10.46854019165039;11.751035690307615;11.720376014709473;11.280402183532717;10.76832103729248;10.40283489227295;11.746529579162598;11.576302528381348;11.59866714477539;10.445112228393556;11.751328468322754;10.59059238433838;10.932450294494627;10.654149055480955;11.58609390258789;10.488789558410645;11.008852005004885;10.654947280883787;11.43256950378418;11.014098167419434;10.379918098449709;10.379950523376465;11.72065258026123;11.192441940307615;11.751940727233888;10.381096839904783;11.751879692077637;11.73904800415039;10.388951301574709;11.73028564453125;10.38621997833252;10.380041122436523;11.280402183532717;11.665608406066896;10.379868507385254;10.79645824432373;10.37965965270996;11.345159530639648;10.741484642028809;11.321928094887362;11.286557761607956;11.631631805917635;11.13249972962851;12.227014193649133;11.264442600226602;11.418379719364957;11.43514933836693;11.210671343785622;11.345959596404112;11.578844391558205;12.021327032624372;12.231821178657404;11.889884170302828;12.12638183054264;11.580729651598958;11.11699367754698;11.476239906323851;12.107870914279614;11.756556322524087;11.810973220002165;11.71295682169755;11.62296694479051;12.1901333218648;12.172114932533136;13.116506417748072;12.250002267840449;11.51717725268954;11.29232163280204;11.737669863177452;11.659995892429976;12.36468185586456;11.591522346570734;11.458406613236534;11.945077995107816;11.97906787148051;11.580258567499788;12.227315099905493;11.407798850221974;11.813380386924727;11.573173784686484;12.01854794187165;12.098032082960527;11.445532219028312;11.671098725748465;11.152284842306582;11.854089179870574;11.875749351420056;11.394998514501673;11.709083812550343;11.805340828416384;11.400345796534694
11.882659912109377;11.89986801147461;11.91075325012207;12.9114990234375;11.89157772064209;12.045714378356934;12.84512710571289;12.937103271484377;11.914901733398438;12.347797393798828;11.890575408935549;12.257423400878906;12.70038604736328;11.882977485656738;13.067339897155762;12.114187240600586;12.966532707214355;12.9114990234375;11.88442611694336;13.067304611206056;13.06715488433838;13.047392845153809;11.8866548538208;11.881938934326172;12.671074867248535;12.026559829711914;13.064860343933104;13.065759658813477;11.882597923278809;13.067270278930664;11.905631065368652;11.91322422027588;11.916194915771484;11.93237018585205;11.882436752319336;13.066242218017578;13.04023551940918;13.067045211791992;12.125865936279297;13.060564994812012;13.05428409576416;12.616342544555664;11.96882438659668;11.884028434753418;11.881831169128418;12.966532707214355;12.774073600769045;11.881987571716309;13.067148208618164;12.115209579467772;13.06728744506836;12.232245445251465;12.874597192401634;12.992407315348498;12.426526848451733;11.597587039586216;13.611255388699336;12.538431462950005;12.74819284958946;13.082648042352986;13.04882741336389;12.235415935602528;13.265615046484458;13.43840202279677;13.119589620741122;12.490349505739289;13.491352073563435;13.060189278463422;12.99169898341288;12.569380959522295;13.55158811212731;12.753425699145414;13.613559277788264;12.750706986224948;12.788514432606608;12.58331786813751;13.553509304309202;12.87209768680786;13.167418145831736;12.81016993766466;13.173052457774116;13.055282435501187;13.575657418193968;13.455584087578613;12.80634822671225;13.102795896703824;12.66289085913906;13.979514512467604;12.929998062609029;13.279610581052484;12.687375683437468;13.900206427698745;12.822969090453288;13.606173844717032;12.217654833364024;13.04011845076483;13.027214885159834;13.703903573444665;13.056807035580608;12.65217275350971;12.967226258835993;12.507051302247916;12.7868821936647;13.020459141699511
7.179999351501465;10.199649810791016;10.163779258728027;10.154176712036133;6.97465705871582;9.969730377197266;6.911108493804932;6.705665588378906;8.71214485168457;10.164642333984377;6.705761909484863;6.705840587615967;10.140823364257812;6.706192970275879;10.168227195739746;9.652955055236816;7.466223239898682;10.154176712036133;6.7814531326293945;10.126255989074709;9.65823745727539;7.599415302276611;10.048946380615234;10.197805404663086;6.998891353607178;9.15414333343506;8.925020217895508;9.924854278564451;9.829107284545898;10.184889793395996;10.179967880249023;6.709500789642334;7.526801586151123;9.257696151733398;10.19159698486328;7.577959060668945;9.375126838684082;10.194907188415527;9.397775650024414;10.199464797973633;10.194424629211426;7.19644832611084;8.338249206542969;9.360556602478027;6.795534133911133;7.466223239898682;7.543045043945312;7.031705856323242;10.175972938537598;7.123246192932129;9.964166641235352;6.729547500610352;6.459431618637297;8.839203788096944;5.129283016944966;4.169925001442312;10.007027266893967;6.266786540694901;7.672425341971495;4.169925001442312;4.807354922057604;4.906890595608519;4.643856189774724;7.294620748891627;4.321928094887363;6.857980995127572;7.219168520462161;3.321928094887362;7.94251450533924;5.247927513443585;10.812979471251484;9.874981347653774;8.997179480937621;7.546894459887636;5.426264754702098;10.025139562278508;5.357552004618084;9.61286849729104;10.24198314969433;4.700439718141092;7.531381460516312;7.05528243550119;3.4594316186372973;6.066089190457772;10.117643101389092;6.672425341971495;8.90388184573618;3.906890595608519;7.693486957499325;9.294620748891628;5.614709844115208;6.266786540694901;5.321928094887363;7.800899899920305;5.807354922057604;2.807354922057604;10.098032082960527;8.271463027904375;8.741466986401146;6.247927513443585;5.392317422778761;6.321928094887363;5.78135971352466;7.965784284662087
7.064517498016357;7.287205696105957;8.933065414428711;8.489919662475586;7.062016010284424;8.88858699798584;8.928021430969238;7.258117198944092;7.127087593078613;8.894598007202148;8.89882755279541;8.673047065734863;8.933104515075684;8.933123588562012;8.933109283447266;8.933124542236328;7.334011077880859;8.489919662475586;8.932433128356934;8.933087348937988;7.353168487548828;7.402687072753906;8.733399391174316;8.9065523147583;8.335886001586914;7.060231685638428;7.062527179718018;7.088076591491699;8.933125495910645;7.061029434204102;8.932677268981934;7.0601677894592285;7.067781448364258;7.11901330947876;7.070554256439209;8.73037338256836;8.838603973388672;7.060186386108398;8.927620887756348;8.933032035827637;7.060651302337647;7.060309886932373;7.6677632331848145;8.922091484069824;7.076966762542725;7.334011077880859;8.78054428100586;7.2901291847229;7.207684516906738;8.585880279541016;7.129553318023682;8.928359985351562;6.7414669864011465;8.422064766172813;7.2384047393250786;6.442943495848728;7.459431618637297;7.686500527183218;7.977279923499917;7.727920454563199;8.011227255423254;6.832890014164741;7.129283016944966;7.60733031374961;7.0;7.761551232444479;7.876516946564999;6.94251450533924;9.348728154231075;7.857980995127572;8.842350343413807;7.569855608330948;6.918863237274595;7.426264754702098;6.409390936137702;7.622051819456376;6.507794640198696;7.960001932068081;7.614709844115208;6.022367813028454;7.845490050944375;6.954196310386875;6.129283016944966;8.467605550082997;7.467605550082998;7.303780748177103;8.049848549450562;6.321928094887363;8.169925001442312;8.179909090014934;7.971543553950772;8.479780264029099;7.599912842187128;7.845490050944375;7.539158811108031;7.409390936137702;8.810571634741146;7.948367231584678;6.954196310386875;7.577428828035749;7.523561956057013;7.672425341971495;7.189824558880018;6.954196310386875
11.111370086669922;10.88113498687744;11.627352714538574;11.110116958618164;10.983966827392578;11.937786102294922;11.156742095947266;10.830208778381348;11.346724510192873;11.849148750305176;11.18235206604004;11.293484687805176;11.936822891235352;11.50834846496582;11.937763214111328;11.93564224243164;11.734722137451172;11.110116958618164;10.855069160461426;11.937562942504885;11.247079849243164;11.891520500183104;11.928607940673828;10.860199928283691;10.814716339111328;11.166475296020508;11.928698539733888;10.91868495941162;11.920991897583008;10.83539867401123;11.879157066345217;10.814741134643556;11.636797904968262;11.64530086517334;10.814717292785645;11.935298919677734;11.858559608459473;11.937774658203123;11.877742767333984;11.935524940490724;11.692447662353516;10.885443687438965;11.81459903717041;11.335947036743164;10.814613342285156;11.734722137451172;11.287593841552734;10.815851211547852;11.931859016418455;11.933598518371582;11.906859397888184;11.82297420501709;11.766942940755785;11.95310515059134;11.705200378063116;10.887220615468385;11.879966079664356;11.745254141957256;11.963979787815338;12.245255580306557;11.937005926516589;11.700006150882864;11.625708843064466;12.456867738380344;11.578372691360803;11.75446999527562;12.07815080773465;11.358101707440849;11.486332252768664;11.841171189248543;11.995767150877802;12.121209716409284;12.026523442519766;11.480285320936373;10.792790294301064;12.060695931687556;11.467096033905747;12.7425199716613;12.187352073200495;10.854089179870574;12.14974711950468;11.780949798749663;10.758223214726724;12.35947504884954;11.70433597118232;12.060020354507852;11.860699032611988;11.310612781659527;11.661778097771988;12.100333819126542;10.753216749178955;11.996473488733228;11.618844301766652;12.207014320177532;11.718104713121756;11.578844391558205;11.661332752795186;11.724087461793989;11.991876099003417;11.891024190149498;12.076815597050832;11.62296694479051;11.674192268145683;11.561287945164828
10.616168975830078;12.049010276794434;12.029666900634766;11.921290397644045;12.02134132385254;10.630532264709473;12.028529167175291;10.62360954284668;10.63999366760254;12.049260139465332;10.616717338562012;10.63755702972412;10.975979804992676;10.681241035461426;12.048210144042969;12.018364906311035;10.624038696289062;11.921290397644045;10.7792329788208;12.034704208374023;12.04886531829834;10.944085121154783;10.954028129577637;12.02568531036377;12.04945468902588;11.85599136352539;10.645500183105469;12.04867172241211;11.837743759155272;11.891385078430176;12.046833992004396;10.751808166503906;10.634370803833008;10.62539768218994;10.648723602294922;10.863109588623049;11.942028999328612;12.026519775390623;10.621736526489258;12.04940414428711;12.045440673828123;10.620817184448242;12.044779777526855;11.412461280822754;10.616170883178713;10.624038696289062;12.047435760498049;11.760093688964844;10.94785499572754;10.638384819030762;10.7266845703125;10.617837905883787;11.589182967039353;11.068778277985412;11.417852514885896;10.319672120946995;11.97405602262563;11.121533517340032;11.000704269011246;12.041659151637214;11.426264754702098;10.804937672051908;12.035486451292154;12.296055838078784;11.171802288682985;11.203959703239462;11.734709620225836;11.124767535822471;11.802516365121225;11.121533517340032;11.797256217509783;11.352043425795433;11.681677655209691;11.1705510353167;10.918863237274596;11.666667840690357;11.154818109052105;12.039261794341057;12.122180901259751;10.671541066711884;11.152284842306582;11.468114886378098;10.79685079526716;12.550746785383245;11.194141238863136;11.907266248531066;11.079484783826816;11.407798850221974;11.110483309816226;11.699572453287267;11.341518823245243;11.643856189774723;10.944712061043486;11.449148645375436;11.369597346278676;11.410451351503994;10.665335917185176;11.98584193700334;11.932952892194717;11.64430696154558;11.294620748891628;11.314583244274194;11.286557761607956;10.98655314975666
9.815061569213867;12.682456970214844;12.835063934326172;11.601736068725586;9.842591285705566;12.73685359954834;10.657694816589355;9.815448760986328;10.837502479553224;12.564830780029297;9.811405181884766;9.896427154541016;12.845999717712402;12.331100463867188;12.806325912475586;12.577232360839844;9.843116760253906;11.601736068725586;10.160233497619627;12.832147598266602;12.84805679321289;12.009475708007812;9.864500999450684;12.844320297241213;12.84870147705078;12.830034255981444;12.848341941833496;12.84870147705078;12.845417022705078;12.840831756591797;12.825982093811035;9.837532997131348;10.025071144104004;9.846817016601562;12.843279838562012;11.684051513671877;11.12792682647705;12.84868049621582;11.595107078552246;12.847618103027344;12.442248344421388;11.146852493286133;9.874281883239746;11.945931434631348;9.859434127807615;9.843116760253906;12.8285551071167;11.362176895141602;10.12929344177246;12.82382583618164;12.848695755004885;9.811546325683594;11.381002109550924;12.057653339963936;11.338179249900112;10.679480099505446;13.733545003757078;11.360847084179664;11.106562940444883;12.926851910929878;13.275251543470327;11.180530807344482;14.9049168114081;12.736824699098864;11.399811959325683;10.567005370247031;11.914385132155443;11.700873155140265;14.789126046425231;12.79685079526716;12.022367813028454;13.134426320220928;11.98049663618346;12.611255388699336;11.246146774635864;12.338179249900112;12.531868775177552;12.812377888766893;13.607792641919213;10.558420713268664;12.830911279742782;12.449922415863757;10.964340867792416;15.001012278628464;12.240195053979924;14.532599438672984;11.591522346570734;11.672867276433792;12.940497134458203;12.129605011152504;12.02997734658958;11.687375683437468;10.78953364497036;12.67087750439698;10.619302955415687;12.16679075071818;12.230921088137896;13.395534135462302;12.978889176361571;11.82137539237254;12.733015321685963;11.664447284547972;11.86573327085176;11.102631888854969
5.457601547241211;6.22068977355957;6.970132827758789;6.662139415740967;6.002943515777588;6.9702558517456055;6.821842670440674;5.472896099090576;5.492984294891357;6.96898889541626;6.011209011077881;6.642440319061279;6.970606327056885;6.970385551452637;6.9705352783203125;6.970652580261231;5.85521411895752;6.662139415740967;6.891066074371338;6.968860149383545;5.48983907699585;6.459176540374756;6.965564727783203;6.8270463943481445;5.578490257263184;5.474388599395752;6.951687335968018;5.461154937744141;6.970658779144287;5.4571614265441895;6.969959259033203;5.45715856552124;5.723612785339356;5.75261926651001;5.457269191741943;6.960357666015625;5.577125072479248;6.932376384735107;6.940347194671631;6.947226047515869;5.561367034912109;5.46044921875;6.717886447906494;6.949421405792236;5.457206726074219;5.85521411895752;5.823192596435547;5.562887668609619;6.59214448928833;6.929049968719482;6.688980579376221;6.95957612991333;5.087462841250339;6.321928094887363;6.643856189774724;5.087462841250339;5.857980995127572;6.392317422778761;6.832890014164741;6.22881869049588;6.672425341971495;6.066089190457772;6.475733430966398;6.794415866350106;6.129283016944966;5.977279923499917;6.930737337562887;6.357552004618084;6.918863237274595;6.022367813028454;6.894817763307944;6.832890014164741;6.459431618637297;6.442943495848728;5.554588851677638;6.807354922057604;5.78135971352466;7.409390936137702;6.339850002884624;5.727920454563199;6.409390936137702;7.087462841250339;6.066089190457772;7.3750394313469245;6.303780748177103;5.832890014164741;6.459431618637297;5.977279923499917;6.189824558880018;6.442943495848728;6.189824558880018;6.714245517666122;6.266786540694901;6.954196310386875;5.459431618637297;6.189824558880018;7.159871336778389;6.266786540694901;5.977279923499917;6.392317422778761;6.459431618637297;6.022367813028454;5.857980995127572;6.266786540694901
12.370641708374023;13.409782409667969;12.400480270385742;13.102025032043455;12.590409278869627;12.834810256958008;13.41203498840332;12.857748985290527;12.68989372253418;13.017167091369627;12.612611770629885;13.07829475402832;13.129083633422852;13.410337448120115;13.413097381591797;13.414114952087402;12.815951347351074;13.102025032043455;13.392276763916016;13.414453506469728;13.375066757202148;13.270402908325195;13.138720512390137;13.402852058410645;13.405524253845217;12.470807075500488;12.382810592651367;13.384196281433104;13.401373863220217;13.26540470123291;12.452579498291016;12.37186336517334;12.427748680114746;12.398260116577148;12.370469093322754;13.396931648254396;12.627646446228027;13.413692474365234;12.378334999084473;13.414932250976562;13.335153579711914;12.377504348754885;12.790023803710938;13.097509384155272;12.370637893676758;12.815951347351074;13.404874801635742;12.413707733154297;12.709571838378906;12.750484466552734;13.338526725769045;13.194897651672363;12.976027040189834;12.848427334023928;13.168985440978698;12.173052457774116;13.205487820150566;12.627761852402616;12.887791791341588;13.143542654233215;12.777460812669784;12.742309436084;12.700439718141093;13.678930187152346;12.765286098723683;13.14449892583753;13.052398232071583;12.691743519171276;12.91606605089929;12.897089128312755;12.8957646000164;12.844901876019785;12.863411958941638;12.645208082774683;12.479022346995178;13.062889375245748;13.007903273382048;13.931845540183671;13.050698944430026;12.42783660345852;12.84725313832084;12.6476832678862;12.129605011152504;13.64745842645492;12.762382038710392;13.15876745463608;13.09391268366556;12.63026712502677;13.100333819126542;13.166163082646111;12.518898992777316;13.264589208126823;12.966325193888276;12.91904952367693;13.26839579355656;12.940864139049571;13.191676146352428;13.101975670949232;13.171645941347052;13.023754353299417;12.746724244025833;12.92184093707449;13.03083953214138;12.830317129810208
6.713725090026856;5.153705596923828;6.506474018096924;6.47701358795166;5.33386754989624;6.713748455047607;6.675946235656738;6.562767028808594;6.713305473327637;5.181060791015625;6.513779640197754;6.641013145446777;6.666449069976807;6.70735502243042;6.690036296844482;6.564914703369141;5.29026460647583;6.47701358795166;6.70649528503418;6.704771518707275;5.155351638793945;5.52746057510376;6.7136549949646;5.153713703155518;5.654419898986816;5.1893310546875;6.232676982879639;5.192703723907471;6.712094306945801;6.712081432342529;6.609373092651367;5.155275821685791;5.34194278717041;6.707554340362549;5.167130470275879;5.946873188018799;5.181760787963867;6.563353538513184;6.712876319885254;5.534348011016846;5.189149856567383;5.25798225402832;6.695374011993408;6.687673091888428;6.452130317687988;5.29026460647583;5.177826881408691;6.5598883628845215;6.211173534393311;6.713730812072754;6.679891586303711;6.535747051239014;5.285402218862249;6.845490050944375;5.906890595608519;4.906890595608519;5.357552004618084;4.857980995127572;7.087462841250339;7.05528243550119;5.426264754702098;5.954196310386875;5.459431618637297;5.169925001442312;5.643856189774724;5.807354922057604;5.321928094887363;5.727920454563199;6.129283016944966;6.857980995127572;4.700439718141092;5.20945336562895;4.954196310386875;4.857980995127572;4.754887502163468;5.426264754702098;5.129283016944966;6.3750394313469245;5.321928094887363;5.523561956057013;6.339850002884624;4.700439718141092;4.700439718141092;6.523561956057013;4.523561956057013;6.149747119504682;5.700439718141092;5.426264754702098;6.491853096329675;5.129283016944966;7.108524456778169;5.087462841250339;6.491853096329675;5.832890014164741;5.954196310386875;5.523561956057013;7.189824558880018;5.584962500721156;4.584962500721156;4.459431618637297;6.539158811108031;4.954196310386875;4.584962500721156;5.554588851677638
12.67974853515625;12.54152774810791;11.552498817443848;11.76553440093994;11.569784164428713;12.727885246276855;12.687583923339844;12.007401466369627;12.725759506225586;12.201358795166016;12.201214790344238;12.22001838684082;12.391650199890137;12.722420692443848;12.719417572021484;12.20555591583252;12.08743953704834;11.76553440093994;12.683201789855955;12.725531578063965;12.72787094116211;12.712417602539062;12.719094276428224;12.603642463684082;12.721477508544922;11.800058364868164;11.564366340637209;12.7278470993042;12.671785354614258;12.694650650024414;11.553350448608398;11.552709579467772;12.045644760131836;12.144969940185549;11.552424430847168;12.4270601272583;12.713874816894531;12.727822303771973;11.58818244934082;12.727890014648438;12.713509559631348;11.567268371582031;11.968622207641602;12.130555152893066;11.557332992553713;12.08743953704834;12.727219581604004;11.577760696411133;11.565338134765623;12.727739334106444;12.537151336669922;11.604333877563477;12.2836671674915;12.349281228817452;13.36098421597397;11.924070185585345;12.465821455643775;13.57553924683453;12.61677855400014;13.112602403528848;12.222191138456331;12.884170519108435;11.921469060531413;13.053756222562145;12.564625862795372;12.813380386924727;12.744833837499543;12.037890085142507;12.065079488999862;12.754887502163468;12.026869205263395;12.216442739160492;12.261213451366048;11.815383295813538;11.728345714710976;11.877667574067882;12.214622686302336;13.055282435501187;12.113742166049189;12.308339030139408;12.75676478940414;12.171802288682985;11.728770849542665;12.80634822671225;13.01524080333268;13.159871336778387;12.526010107061737;12.715533063526584;12.282509306240836;12.136670762341843;11.77561028075954;13.28828934218097;12.782998208920414;12.3063465536885;13.119103237062562;12.815783544128184;12.520864182988744;12.221889161471266;13.1728962458698;12.679480099505446;12.751753251439336;12.714674827308002;12.55026580686874;12.576248129843252
10.718757629394531;12.203813552856444;10.797809600830078;11.884814262390137;10.948617935180664;10.719118118286133;11.156317710876465;10.815386772155762;10.721471786499023;11.556987762451172;10.719318389892578;11.017777442932127;11.769001960754396;10.792842864990234;12.189383506774902;12.200876235961914;11.912358283996582;11.884814262390137;10.721195220947266;12.181309700012209;12.146610260009766;12.168938636779783;10.790650367736816;12.2037992477417;11.78526782989502;12.170943260192873;12.16957950592041;12.13393783569336;10.787843704223633;12.15298557281494;10.817011833190918;10.856520652770996;11.82626724243164;10.727662086486816;10.71882152557373;12.20159149169922;10.842373847961426;12.203819274902344;10.7188720703125;12.203767776489258;12.203089714050291;11.640594482421877;10.89059829711914;10.81562042236328;10.718765258789062;11.912358283996582;12.118806838989258;10.723483085632324;12.196542739868164;10.720060348510742;12.169754028320312;11.46158504486084;11.955286645524469;11.723660944409984;11.657765035265363;11.237807473723135;12.50308035175293;11.31628153174622;11.475226777742266;12.026523442519766;12.011576703176177;11.48733761520718;12.508042334429003;12.264442600226602;11.450180247164754;11.813380386924727;12.237209960755022;11.640696837570092;11.658657792126084;11.709514660706716;12.681458050210274;12.208234358339787;12.087131301540529;12.079818085212354;10.916625922211235;12.54399845013454;11.474212937193943;12.850772862313322;12.774787059601174;10.62844554013718;11.458919206967591;11.774375272802065;11.089450481115907;12.934980832653832;11.480790201095816;12.540370243743569;12.20945336562895;11.208234358339787;12.066761932386909;12.502831804066744;11.866506212226202;12.112439506781552;11.446566409066069;12.431758749166155;11.83605035505807;11.564625862795372;11.939946452458686;12.113416611485944;11.85642552862553;11.893680738390907;12.202736043250168;11.71037597120447;11.532842910961282;11.84901407369482
12.809318542480469;14.06572437286377;12.813807487487791;12.840517044067385;12.820427894592283;13.463043212890623;13.574833869934082;14.105189323425291;12.828959465026855;12.85654354095459;12.95900535583496;14.074159622192385;12.863103866577148;14.099945068359377;14.10000228881836;14.101284980773926;13.192084312438965;12.840517044067385;12.821711540222168;14.09758472442627;13.950239181518556;13.909414291381836;13.955089569091797;14.105185508728027;14.093426704406738;13.029942512512209;12.81701946258545;14.036319732666016;13.042500495910645;13.395027160644531;12.831088066101074;12.917831420898438;13.812217712402344;12.86482048034668;12.809317588806152;14.09395694732666;12.85408878326416;14.103715896606444;12.809327125549316;14.103729248046877;13.347829818725586;12.861902236938477;12.88952922821045;13.523082733154297;12.809318542480469;13.192084312438965;14.104844093322754;12.954957962036133;13.711125373840332;14.03859806060791;12.91352653503418;13.9259614944458;13.62159403901754;14.223624666580813;13.580611894994322;13.296055838078784;14.177497401553005;13.169142076887963;13.980764372110905;14.140749902804927;14.059513463933724;13.705632387361415;14.236761663571585;14.221133942357078;13.036860446673046;14.508413796055969;13.943155804939336;13.80019212646908;13.37232095486726;14.03333696038395;14.33049677763869;14.298349015658186;13.618844301766652;13.918490592292311;13.071629952153245;14.436125913941272;13.536611486625777;15.192408410403756;14.259007607644609;12.357277074642807;14.016460104979208;13.884742903579696;12.894628321374654;14.581730194859666;13.233170262382703;14.430975172588068;14.236911111444602;12.219471067394355;14.007377733321269;14.35024859944484;12.885315061049376;14.055790814565905;13.624567018674917;14.583905452164242;13.899640146764789;13.866699382882029;14.092344222676417;14.226562716555511;13.834767301405412;13.7820767842453;14.47351550830037;13.86785786397283;13.721206019396329;13.483437927061503
11.034645080566406;12.30160427093506;11.741053581237791;12.272083282470703;11.225790023803713;11.035004615783691;11.208056449890137;12.279044151306152;11.035249710083008;12.254767417907717;11.157480239868164;12.198601722717283;12.001805305480955;11.155165672302246;12.29807949066162;12.285409927368164;11.30563735961914;12.272083282470703;11.039224624633787;12.263589859008787;12.28240203857422;12.277013778686523;12.052738189697266;12.281548500061035;12.175992012023926;11.31206512451172;11.10588264465332;11.91301727294922;11.528450965881348;12.241414070129396;11.996496200561523;11.089305877685549;11.413064002990724;11.054838180541992;11.03464126586914;12.202910423278809;12.252694129943848;12.301972389221191;11.03666877746582;12.30212116241455;12.29881191253662;11.040933609008787;12.30204963684082;11.170785903930664;11.034689903259276;11.30563735961914;12.07595920562744;11.036751747131348;11.40499496459961;11.034730911254885;11.03527545928955;11.42729949951172;12.374767814092824;11.2246046815385;12.179909090014934;11.620219825507489;12.47015043527436;12.6965329140783;11.20212382383046;12.529918528120325;11.565578136784328;11.260919533662904;11.507794640198696;12.795227966028678;12.326429487122304;12.167731741103244;12.19383333254655;11.771902080697716;12.14338321398982;12.089450481115907;12.391780606013166;11.866506212226202;12.083146870816742;11.36139553316589;11.698704666770343;12.317129926384542;11.897845456005513;12.56652978262417;12.382624026574916;11.47269083924278;11.721099188707186;11.791569912126878;11.756556322524087;11.938844457466171;12.613329054371054;12.03342300153745;12.177419537989236;12.148476582178278;12.018200178813226;12.151650829973422;12.292033985499543;12.34179677239183;11.975847968006784;12.151333719291657;12.415213598765286;11.8649599151426;12.34485068394299;12.07347215397646;12.89633240390994;12.339293300180094;11.919235786028349;12.065416134676548;12.288000889707574;11.736824699098864
8.572728157043457;10.222722053527832;9.815072059631348;9.922163009643556;9.81435203552246;8.57273006439209;10.194250106811523;10.032785415649414;8.573277473449707;9.597612380981444;8.721355438232422;9.804889678955078;9.84505844116211;10.197856903076172;9.231882095336914;10.222467422485352;9.19760036468506;9.922163009643556;9.729694366455078;9.731307983398438;8.640998840332031;9.32085418701172;8.662899017333984;10.222744941711426;10.175019264221191;9.461206436157228;8.575044631958008;9.280001640319824;10.212822914123535;10.220991134643556;8.979772567749023;9.11276626586914;9.389896392822266;8.57348918914795;8.572790145874023;10.12623691558838;8.585882186889648;9.95564079284668;8.572857856750488;10.217585563659668;9.489445686340332;8.67625904083252;9.818414688110352;9.17410659790039;8.575559616088867;9.19760036468506;10.14310073852539;8.587648391723633;9.128944396972656;8.572754859924316;9.056398391723633;10.17764377593994;8.643856189774725;8.954196310386875;8.577428828035748;8.375039431346925;9.567956075415466;8.566054038171092;9.224001674198105;8.696967526234287;8.804131021183318;8.243173983472952;9.813781191217036;9.324180546618742;7.954196310386875;9.187352073200495;9.426264754702098;8.330916878114618;9.94104760634058;8.954196310386875;10.181152256865566;9.442943495848729;9.214319120800766;8.945443836377912;8.238404739325079;9.992938336165814;8.262094845370179;10.527477006060396;9.674192268145683;8.03342300153745;9.047123912114026;9.22881869049588;7.882643049361842;9.89178370321831;9.157346935362844;8.569855608330947;9.501837184902296;7.584962500721156;10.531381460516313;9.992938336165814;9.74819284958946;9.411510988012072;8.876516946565;9.507794640198696;9.174925682500678;8.335390354693924;9.927777962082342;8.668884984266247;9.257387842692651;9.240791332161956;9.038918989292302;9.113742166049189;8.870364719583405;9.095397022792556
10.71656608581543;12.791095733642578;11.5629243850708;11.382091522216797;10.885783195495604;10.892017364501951;10.732154846191406;11.380138397216797;10.716601371765137;12.069129943847656;10.716755867004396;11.886330604553224;12.681321144104004;10.764777183532717;12.784875869750977;12.789901733398438;12.591005325317385;11.382091522216797;10.716578483581545;12.787474632263184;11.082681655883787;12.491063117980955;10.719718933105469;12.791457176208496;11.34900951385498;11.120434761047363;12.790641784667969;11.371298789978027;10.908720016479492;10.971878051757812;11.623144149780272;10.87015151977539;12.340816497802734;10.71824550628662;10.736848831176758;12.79088306427002;10.77716064453125;12.791454315185549;10.726655006408691;12.779096603393556;10.756935119628906;11.535889625549316;10.756113052368164;10.767204284667969;10.716567993164062;12.591005325317385;12.368220329284668;10.717494010925291;12.791251182556152;11.216493606567385;12.79145622253418;12.451763153076172;10.843921051289035;12.945626722229823;12.101975670949232;10.380461065088973;12.584257887744569;10.699572453287267;12.521845775161932;11.37937836707126;12.057653339963936;11.823367240046236;10.71681946132995;12.910830081296574;11.702172685365548;11.546412195119352;12.841760886800548;12.813981551614678;12.45532722030456;10.122827994807666;13.483563888125094;12.891403996665025;12.720458038393296;12.370414968879698;10.754887502163468;13.99267285018913;11.708221730038352;14.405606859360857;13.689561254285524;10.048486873992337;12.39794197197264;12.610332801911134;11.524051918717824;12.709299252712157;11.467096033905747;10.30149619498255;13.112439506781552;10.23840473932508;12.630494661505578;14.103943429891558;11.160501747555688;12.2603315185576;11.608254821977908;13.505811553919594;10.471675214392045;11.338736382573916;12.464800981655417;12.022020969646356;12.011576703176177;12.334831928118;11.927777962082342;11.752380646552892;11.576484346796851;11.35974956032233
3.7807869911193848;5.885792255401611;5.933246612548828;5.852184295654297;3.7693850994110103;5.939245223999023;3.769997358322144;3.7825517654418954;4.418034553527832;3.905981540679932;3.769039869308472;3.8889591693878174;5.938525676727295;3.7693068981170654;5.915440082550049;5.912590026855469;4.832880020141602;5.852184295654297;3.769056797027588;5.707210063934326;5.769412040710449;5.497280120849609;4.797361850738525;5.9360456466674805;3.954517602920532;4.005961418151856;5.940186977386475;4.895342826843262;4.319468975067139;4.664395332336426;5.939813137054443;3.7932634353637695;3.874711036682129;5.61175537109375;5.928162574768066;5.9104485511779785;3.85261607170105;5.939224243164063;4.177667140960693;5.6035661697387695;5.638229370117188;5.471996307373047;3.7694437503814697;5.824410438537598;3.7690608501434326;4.832880020141602;4.118453025817871;3.8767380714416495;5.940406322479248;5.925806045532227;5.93834400177002;4.272568702697754;5.78135971352466;7.05528243550119;6.507794640198696;4.087462841250339;6.247927513443585;6.087462841250339;6.169925001442312;5.584962500721156;6.22881869049588;6.658211482751795;6.6865005271832185;6.426264754702098;7.0;6.9886846867721655;7.562242424221073;7.149747119504682;5.169925001442312;6.882643049361842;6.392317422778761;6.392317422778761;6.459431618637297;5.700439718141092;6.714245517666122;5.882643049361842;8.303780748177102;6.727920454563199;6.7414669864011465;5.832890014164741;5.087462841250339;5.882643049361842;6.977279923499917;6.087462841250339;6.727920454563199;4.807354922057604;6.768184324776926;7.366322214245816;6.523561956057013;8.149747119504681;5.285402218862249;6.392317422778761;7.149747119504682;6.475733430966398;6.189824558880018;6.426264754702098;4.584962500721156;6.392317422778761;6.599912842187128;5.426264754702098;5.754887502163468;6.554588851677638;5.78135971352466;5.554588851677638
10.621685981750488;12.11988925933838;11.609901428222656;11.325963973999023;11.8374662399292;10.621684074401855;11.27639389038086;11.159122467041016;10.621688842773438;11.84041976928711;10.83709716796875;10.7086763381958;11.217448234558104;10.687023162841797;12.11936092376709;12.112853050231934;11.16697597503662;11.325963973999023;10.671080589294434;12.117938041687012;12.096755027770996;11.868224143981934;10.629130363464355;12.119359970092772;11.347804069519045;10.636083602905272;10.93472957611084;12.093039512634276;10.717961311340332;11.839613914489746;11.00770092010498;12.077342987060549;10.723040580749512;10.621831893920898;10.73387050628662;12.072454452514648;11.598396301269531;12.11343002319336;10.627875328063965;12.11988353729248;11.996543884277344;10.623236656188965;11.729388236999512;10.623214721679688;10.624070167541504;11.16697597503662;11.986666679382324;10.62212371826172;10.946760177612305;10.62168312072754;11.662117958068848;11.097684860229492;11.57601187420678;11.929998062609029;11.965423565810127;11.520127550324853;12.705200378063116;11.419960177847887;11.94251450533924;11.786269627648466;11.4241662888181;11.86611979330307;12.185804615108458;12.350110443347928;11.825356341479337;12.487840033823051;12.466076461396252;11.818981539432444;11.857980995127573;11.401946123976536;12.855647166027266;12.254142846855748;12.285113188501493;12.274378153246364;11.473705749619416;13.00615072817031;11.929998062609029;13.907266248531066;12.754052367528924;11.192909219112012;11.61286849729104;11.85369942030022;11.6142497276894;12.71639078949768;11.476239906323851;11.939211882666395;12.580729651598958;11.632086412835182;11.894817763307945;12.85836959985474;11.494355603532846;12.08381170725288;11.850577547205614;12.913450441458098;12.285691191330091;11.880731435141664;12.031356596255709;11.79685079526716;12.097044499322951;12.270587340447513;11.686938171670388;11.856036399819155;12.13249972962851;11.71853287606922
11.148852348327637;12.724652290344238;11.15363597869873;12.443909645080566;12.664998054504396;11.148893356323242;12.56499481201172;12.555310249328612;11.148869514465332;12.185291290283203;11.299027442932127;12.10008430480957;11.167081832885742;11.153679847717283;12.724587440490724;12.51475715637207;12.465651512145996;12.443909645080566;11.17612361907959;12.724674224853516;12.243927001953123;12.620028495788574;11.150437355041504;12.227779388427734;11.499670028686523;11.26299285888672;12.714122772216797;12.285086631774902;11.150371551513672;12.644546508789062;11.153203010559082;12.69212532043457;11.31087875366211;11.149248123168944;11.14889430999756;12.721816062927246;12.195520401000977;12.724711418151855;11.152227401733398;12.724552154541016;12.714056968688965;11.171221733093262;12.685263633728027;11.149127960205078;11.14899444580078;12.465651512145996;11.848804473876951;11.149470329284668;12.585731506347656;11.1488618850708;12.724651336669922;11.492782592773438;11.207624468226758;11.90839262077375;12.745044005034464;11.5980525001616;12.712741927075736;11.755722153642282;12.328113894833656;11.964340867792416;12.084144010615145;12.350662988372257;11.451211111832327;12.718746909901064;12.764042217306589;12.572463389083676;12.91513244895065;12.358651200892886;12.130570562805426;11.855647166027266;12.553629293916364;12.419170165028538;12.369597346278676;12.226111098132389;12.197523878257789;12.894817763307945;12.30862344513114;13.984062369686436;12.617926556798752;11.9683067944308;12.1526017440192;12.954196310386877;12.39419471001943;12.72940831698402;12.271171191139771;11.654636028527968;12.550025257465784;12.37775279502222;12.226412192788786;12.856036399819155;13.283522485644026;12.475480126595476;12.201205007299528;12.934796592178404;12.24703741878858;12.43306376512207;12.26473580113014;11.510764167917891;12.56057167123656;12.544964432789238;11.97692206785108;12.086136225027309;12.329516067206534;12.014020470314934
10.229569435119627;11.706779479980469;10.263534545898438;10.327579498291016;10.238910675048828;10.401549339294434;11.70591640472412;10.255762100219728;10.277713775634766;11.20935344696045;11.265969276428224;11.071037292480469;11.694138526916504;11.706756591796877;11.59792709350586;11.70580005645752;11.221521377563477;10.327579498291016;11.697721481323242;11.686610221862791;11.083003044128418;11.511247634887695;10.469653129577637;11.706780433654783;11.278372764587402;11.245427131652832;10.601728439331056;11.688450813293455;11.705939292907717;11.555055618286133;10.23125457763672;10.23082160949707;11.686540603637695;10.233107566833496;10.229636192321776;11.701224327087402;10.691555976867676;11.706632614135742;10.23067569732666;11.706768035888672;11.65117645263672;10.733007431030272;10.230602264404297;10.370447158813477;10.265164375305176;11.221521377563477;11.706080436706545;10.23439121246338;10.383740425109863;10.892745971679688;11.640430450439451;11.64215087890625;10.224001674198105;11.014717929860009;11.175549550636193;8.912889336229961;11.533816389433364;9.573647187493322;11.105908508571158;10.62935662007961;10.124121311829189;10.092757140919852;11.296916206879288;10.696098170955864;10.904634621668151;10.26795708440284;11.92481250360578;10.31174831500496;11.970465440779996;11.11178773580101;11.824958740528524;10.668884984266247;11.332036548361652;11.558420713268664;10.237209960755022;10.421012855779226;11.27262978497637;12.003166506665169;11.360298426618046;10.857980995127573;10.51668494930961;10.71681946132995;10.547858506058416;10.910642730469624;10.20212382383046;11.023754353299417;11.386940245324311;10.752380646552892;11.243769031961852;11.728345714710976;10.367414751246828;11.369597346278676;10.589651146514786;11.235415935602528;11.339850002884624;9.893301530860564;12.467605550082997;10.898601387403938;11.159871336778387;10.820178962415188;10.421012855779226;10.756556322524087;10.90613899619538;10.505811553919594
10.423497200012209;11.806791305541992;10.797078132629396;10.69387435913086;11.182130813598633;10.423508644104004;11.45414924621582;11.311756134033203;10.423561096191406;11.343921661376951;10.74614429473877;10.872119903564451;11.197697639465332;11.070427894592283;11.802118301391602;11.804774284362791;11.203008651733398;10.69387435913086;10.501596450805664;11.79910373687744;11.449418067932127;11.612950325012209;10.445233345031738;11.80673885345459;10.445233345031738;10.96562671661377;10.70691967010498;11.545210838317873;10.714430809020996;11.591763496398926;10.54055881500244;11.6953706741333;11.212698936462402;10.42420768737793;10.425644874572754;11.770240783691406;11.49288272857666;11.805007934570312;10.424254417419434;11.806781768798828;11.792560577392578;10.44693088531494;11.483132362365724;10.429522514343262;10.42513656616211;11.203008651733398;11.644280433654783;10.424234390258787;11.195028305053713;10.423502922058104;10.88447380065918;11.293931007385254;11.145295334933598;11.09077405464075;11.461479447286155;11.165535141377925;12.107870914279614;11.769011321097016;11.00982861736811;11.197216693110052;10.79766152585376;10.975847968006784;11.478769619475765;11.562242424221072;10.839203788096944;11.85681455250301;11.535761377986656;10.758223214726724;11.602234901341063;11.391243589427445;12.269126679149418;11.555547771647063;11.7515440590891;11.49735289347705;10.77561028075954;12.103615656394544;11.094737505048093;12.536732889835417;12.201511344500146;10.251482410620213;10.817783121774534;11.464035152189911;10.709083812550343;12.047123912114026;11.705200378063116;11.464035152189911;11.93110683302934;10.702172685365548;11.664447284547972;11.998237821888049;11.4983506079296;11.70433597118232;11.171176797651771;11.863024710236886;12.274378153246364;11.163020639580791;11.92035285541508;10.972261848733291;11.871905237659186;11.94104760634058;11.065416134676548;11.604553229079038;11.76983784362944;11.25502856981873
9.1870698928833;10.929944038391112;9.97647476196289;9.65234088897705;10.273950576782228;9.187076568603516;9.655562400817873;9.999037742614746;9.187104225158691;10.549609184265137;9.386353492736816;9.54088306427002;10.499750137329102;9.25296401977539;10.927778244018556;10.888998985290527;10.235589981079102;9.65234088897705;9.200221061706545;10.921517372131348;10.847187042236328;10.7979097366333;9.189316749572754;10.92957592010498;9.717041015625;9.466957092285156;10.494816780090332;10.851905822753906;9.308237075805664;10.401422500610352;9.42605209350586;10.816160202026367;9.751755714416504;9.187362670898438;9.23899745941162;10.90463924407959;10.170402526855469;10.92862606048584;9.19007396697998;10.929794311523438;10.864649772644045;9.219858169555664;10.093963623046877;9.19046115875244;9.190655708312988;10.235589981079102;10.755420684814451;9.18772792816162;9.944951057434082;9.18708610534668;10.829299926757812;9.65145206451416;10.30149619498255;10.030667136246942;10.545929769085468;10.048486873992337;11.491853096329674;10.580258567499788;9.7431513941125;10.347621368568134;10.199672344836364;9.9901039638575;10.76487159073609;10.987264012072538;10.407267764244732;10.818582177480858;11.032734528586714;10.30149619498255;10.095397022792556;9.99717948093762;11.586839787961829;11.086136225027309;11.076815597050832;11.098690096673591;10.236014191900084;11.552669097514272;10.576484346796851;12.342630298678408;11.561765263627708;9.579315937580017;9.7279204545632;10.84313591111135;10.22881869049588;11.697402007502708;10.63390340934852;10.344295907915816;11.189824558880018;10.207014320177532;10.817783121774534;11.71681946132995;9.94251450533924;10.812979471251484;10.167418145831736;11.33427328530719;11.043710863347156;10.383704292474052;10.203348002979762;10.350939181546432;11.00982861736811;11.052568050804153;10.099347810403192;10.615629636968098;10.89026427702111;10.368506461507693
7.802666187286377;9.886743545532228;9.89181137084961;8.308374404907227;8.645920753479004;9.910099983215332;7.802805423736572;7.805595874786377;7.806500434875488;9.938490867614746;7.802421569824219;7.824007511138916;9.939393043518066;7.83615255355835;9.939045906066896;9.929753303527832;8.887215614318848;8.308374404907227;7.803341865539551;9.93022632598877;9.938008308410645;9.747647285461426;7.824462890625;9.938924789428713;8.694429397583008;7.996458053588867;9.939208984375;9.828431129455566;9.596047401428224;7.802927017211914;9.834616661071776;7.803183555603027;8.098301887512207;7.858099937438965;9.29331874847412;9.917019844055176;9.905279159545898;9.93576431274414;9.624619483947754;9.937456130981444;8.007918357849121;7.889450550079346;8.081340789794922;8.040253639221191;7.802310943603516;8.887215614318848;8.277697563171387;7.804757595062256;9.928662300109863;9.705679893493652;9.939407348632812;7.863783359527588;9.823367240046236;9.83605035505807;9.4797802640291;9.105908508571158;10.605479518061667;10.266786540694902;9.868822554775;10.642051692927977;10.365228849251544;9.733015321685963;10.974414589805528;9.874981347653774;9.541096615349524;10.31741261376487;9.90388184573618;9.923327485419192;10.417852514885896;9.871905237659186;11.003517912108602;10.395534135462302;9.7431513941125;9.13699111208023;10.279610581052484;10.62113611327464;9.98584193700334;10.227615943414223;11.125413470483316;9.426264754702098;9.843921051289035;9.50382573799575;9.092757140919852;11.807354922057604;10.948367231584678;11.047805554007589;9.712527000439824;10.30149619498255;10.436711542137214;10.679480099505446;7.20945336562895;10.113742166049189;9.179909090014934;9.885696373339394;9.682994583681683;9.30149619498255;10.422064766172811;11.070791809423062;10.54399845013454;10.308339030139408;11.216745858195306;10.011227255423254;9.252665432450248;9.177419537989236
9.62204933166504;10.824389457702637;10.44363498687744;10.74516487121582;10.58749008178711;9.622050285339355;10.822854042053224;9.691622734069824;9.622276306152344;10.82300853729248;10.129196166992188;9.833598136901855;10.504202842712402;9.706966400146484;10.824325561523438;10.809694290161133;10.118332862854004;10.74516487121582;10.71042537689209;10.822458267211914;10.776793479919434;10.679529190063477;9.634748458862305;10.642556190490724;10.495450973510742;9.702078819274902;10.222185134887695;10.261648178100586;10.043539047241213;10.266090393066406;9.891968727111816;9.647570610046388;9.74298095703125;9.62269115447998;9.622082710266112;10.79878044128418;10.781328201293944;10.696991920471191;9.63891315460205;10.824370384216309;10.821590423583984;9.629334449768066;10.773271560668944;9.624764442443848;9.623141288757324;10.118332862854004;10.635000228881836;9.641875267028809;10.308345794677734;9.622052192687988;9.64382553100586;9.947169303894045;10.24555270625568;10.095397022792556;10.246740598493144;9.722807531169549;10.58777751632821;10.706496018061188;10.139551352398794;10.77313920671969;10.181152256865566;10.221587121264806;10.456354415108288;10.625708843064466;10.332036548361652;10.25502856981873;10.467605550082997;9.971543553950772;10.955649907528374;10.336506559810257;10.690871009292314;10.349834091457248;10.41574176829009;10.278449458220482;9.945443836377912;10.445014845868425;10.001408194392807;10.97513145692134;10.66266837551754;10.044394119358454;10.266786540694902;10.43879185257826;10.019590728357882;11.687375683437468;10.443979542601252;10.591522346570734;10.372865060112588;10.573647187493322;10.422064766172811;10.555547771647063;10.558420713268664;10.812177305514448;9.91288933622996;10.471675214392045;10.632995197142955;10.038918989292302;10.965062756744627;10.452241240430816;10.709945380232496;10.558420713268664;10.407267764244732;10.480790201095816;10.068778277985412;10.357552004618084
10.895339012145996;11.602210998535156;10.891535758972168;10.92289924621582;10.891621589660645;13.07367706298828;12.95268440246582;13.097530364990234;12.378429412841797;10.926429748535156;12.07685089111328;13.053356170654297;11.748197555541992;13.09949779510498;13.108187675476074;11.559359550476074;13.035192489624023;10.92289924621582;11.990032196044922;13.107207298278809;13.110302925109863;13.100317001342772;10.895330429077148;13.007699012756348;12.712242126464844;10.909226417541504;13.094146728515623;13.10880184173584;10.914978981018066;12.313836097717283;10.891508102416992;10.898256301879885;11.792716979980469;10.973248481750488;10.891557693481444;13.109187126159668;13.070439338684082;13.107789993286133;10.902251243591309;13.098626136779783;12.861854553222656;12.303214073181152;10.89151096343994;10.95239543914795;10.892943382263184;13.035192489624023;13.104976654052734;10.933500289916992;12.988954544067385;13.110015869140623;13.098454475402832;12.892437934875488;11.50928016808786;12.15386865522324;12.061371192659813;10.39231742277876;12.971184272404678;12.224001674198105;12.91214085629572;14.097456074666194;13.00105627463478;14.44740614293345;15.162863337608126;13.364955378481907;10.952741247186488;11.627989784315703;13.196294745028265;11.723234300893376;12.114067647165264;12.495355392235982;13.09819661452721;13.791162888555018;11.91737207947684;13.934796592178404;11.593857938858225;12.862637357558794;13.205793249397155;14.238330094645674;12.97172316117676;11.959639764364184;13.466586337719244;12.703038388986418;11.92740761294903;15.508289986140348;13.156241119235752;13.65530710151048;12.524296837662623;11.42940674151398;12.513974273740658;14.3292357417338;12.782793498733351;13.234817431117325;12.450180247164754;14.147681927770476;11.49735289347705;12.3009244909763;12.526988205432009;14.176251079967246;12.625708843064466;12.186733289128869;12.552188759557149;12.162391328756906;11.575066464578656;12.023407843140218
13.545573234558104;12.255023956298828;12.573128700256348;13.288359642028809;12.427105903625488;13.554536819458008;13.549752235412598;12.272663116455078;13.551372528076172;12.968094825744627;13.12306308746338;12.73748779296875;13.482792854309082;13.549817085266112;13.53002643585205;13.53132438659668;12.950014114379885;13.288359642028809;13.551027297973633;13.549381256103516;12.438674926757812;13.113225936889648;13.554224967956545;12.458780288696287;13.40888214111328;12.320061683654783;12.329474449157717;13.11232566833496;13.553616523742676;13.35185432434082;13.023366928100586;12.225752830505373;12.873161315917969;13.491698265075684;12.22587776184082;13.202558517456056;12.409076690673828;13.349835395812988;13.524785995483398;13.538529396057127;12.478921890258787;12.286288261413574;12.639930725097656;13.529876708984377;12.25503921508789;12.950014114379885;13.483622550964355;12.882024765014648;12.684016227722168;13.554445266723633;13.356711387634276;13.302663803100586;12.711021616791836;13.329936453312436;12.740834826145262;11.743572188935634;12.789126046425231;12.709730036543627;13.057484118798897;12.815983626652724;12.423903765836592;12.649256177517314;12.205487820150566;13.567837271525178;12.851749041416058;13.270003253378444;12.90482275429421;12.269711121142782;13.215229625747924;12.908580264012734;12.34318571544788;12.644081593265676;12.49210354247923;12.103615656394544;11.792790294301064;12.30206767252652;12.365775635326267;13.217957697864112;12.57483001533763;12.33511116842486;12.99205319285264;12.19506456372082;11.817383427897232;13.042172353174928;12.351215321855609;13.13362388678298;12.855647166027266;11.911017407796985;13.133463346523438;12.541580659991167;12.77869318322384;12.965062756744627;13.310896748797711;12.675736555361906;13.051038962117408;13.054434738760843;13.462502272597265;12.87536540064177;12.80916520537188;12.709945380232496;12.809366207816078;12.579551652806565;12.84097456982188;12.86360554432145
14.680153846740724;13.988205909729004;13.672176361083984;14.71824073791504;13.8681058883667;14.72654628753662;14.726472854614258;14.569347381591797;14.726499557495115;14.64451789855957;14.353154182434082;14.69350814819336;13.835235595703123;14.722705841064451;14.5294828414917;14.533578872680664;13.947676658630373;14.71824073791504;14.726360321044922;14.586134910583496;14.186847686767578;14.378562927246094;14.726476669311523;13.760482788085938;14.726458549499512;13.68366241455078;13.691439628601074;13.836814880371094;14.70868968963623;14.493932723999023;13.747644424438477;13.665326118469238;13.694683074951172;14.702674865722656;13.66526222229004;14.590738296508787;13.936365127563477;14.71139430999756;14.051705360412598;14.657755851745604;14.71726131439209;13.728697776794434;14.72645664215088;14.722966194152832;13.685818672180176;13.947676658630373;14.513983726501465;14.71536350250244;14.02920627593994;14.72653102874756;13.769160270690918;14.50467300415039;13.925461718703762;13.756556322524087;14.860892982338823;12.947454306767218;14.092096414990792;14.751020945467612;14.331756712255473;14.740096955578911;14.206251272060689;14.29368717482627;13.939579214314692;14.656480728639783;14.521661777494655;14.07363951028323;14.593274395169932;13.833384274007493;14.679480099505446;14.074810461160451;13.608832338914842;13.442295588602516;13.898412441684211;13.25989034989582;13.86524997211658;13.402479172214964;13.681458050210274;14.566291930007871;13.896616222076874;14.603742238069026;14.249113452713727;14.49160260669611;13.73735298466663;14.9734283155401;14.365297208845051;14.505935576704188;13.9734283155401;14.961901822341002;14.491226790680209;13.753321227945042;15.026091122525854;14.873492175915208;14.104189211153557;13.90820495312589;14.268030211860133;14.344712009935012;14.360229829749484;14.18665592245552;14.30185339497469;14.226261653315504;14.355351096424812;13.934335888026032;13.733015321685963;13.964521373897238
12.042037963867188;13.156329154968262;12.289724349975586;12.075217247009276;13.086929321289062;12.0430269241333;13.148180961608888;12.806960105895996;12.046398162841797;13.07934284210205;12.106341361999512;12.346043586730955;13.07796573638916;13.151623725891112;13.15406608581543;13.156183242797852;12.22836208343506;12.075217247009276;12.975433349609377;13.152582168579102;12.064806938171388;12.257990837097168;12.326537132263184;13.156112670898438;12.49542999267578;13.037642478942873;12.096565246582031;12.141353607177734;13.143814086914062;12.40959358215332;12.162908554077148;12.087215423583984;12.847139358520508;12.04731273651123;12.042038917541504;13.150824546813965;12.087223052978516;13.155012130737305;12.042400360107422;13.156305313110352;13.095256805419922;12.145303726196287;13.124375343322754;12.262189865112305;12.042089462280272;12.22836208343506;13.119763374328612;12.057181358337402;12.944443702697754;12.044590950012209;12.391571998596191;13.048871994018556;12.67529549909406;12.5898851792902;13.111461739857722;12.325305455089682;13.209301046034142;12.973697366305352;12.78729042655958;13.136029849385553;12.479022346995178;12.79644525906185;12.7255792804196;13.510022358813766;12.529186505250893;13.028596777067108;13.102303817212649;12.28164030006605;12.853114583440288;12.78729042655958;12.80755617685892;12.721312842175312;12.840581250560753;12.562003863651553;11.949461979360152;12.913263430628762;12.255618749839597;13.757181632816716;12.97924654446865;12.157346935362844;12.7901448269498;12.726218159332198;11.93258386928929;13.469260236005406;12.88760142450871;13.222493052246469;12.8649599151426;12.491352073563435;12.80473605161403;13.076147528022505;12.565816107100892;13.308339030139408;12.855647166027266;12.972620862058744;13.298778580955656;13.007027266893967;12.41732511767992;12.800090987624994;13.3445733225962;13.16333519208196;12.8107724413447;12.871135184243045;13.169768450518076;12.689997971419446
9.51149845123291;10.524850845336914;9.511869430541992;9.868371963500977;10.525124549865724;9.680137634277344;10.47507095336914;10.335224151611328;10.270076751708984;10.50594425201416;9.519926071166992;9.990073204040527;9.852123260498049;9.769495964050291;10.509125709533691;10.453469276428224;9.566574096679688;9.868371963500977;9.79669189453125;10.48828125;10.449237823486328;10.026554107666016;10.484129905700684;9.685564041137695;10.53074550628662;10.471694946289062;9.63511848449707;10.48735523223877;9.641225814819336;10.522900581359863;9.515127182006836;9.984341621398926;9.73891830444336;9.59089469909668;9.51147747039795;10.523462295532228;9.693611145019531;10.531864166259766;9.511505126953123;10.53177261352539;10.530591011047363;9.54320240020752;10.527909278869627;9.829625129699709;9.511483192443848;9.566574096679688;10.505411148071287;9.609935760498049;10.16762638092041;9.815767288208008;9.545846939086914;9.751845359802246;10.047123912114026;9.766528908598865;10.358651200892886;9.330916878114618;10.55170826162069;10.231221180711186;9.847057346091336;11.62844554013718;10.12670447284319;9.850186837645774;10.73893668167614;10.886458695703706;9.878050912728536;10.230020435705637;11.098032082960527;9.946906274456396;10.074141462752506;10.103287808412022;10.044394119358454;9.92035285541508;10.107217075591382;9.513727595952435;9.78135971352466;9.9901039638575;10.051208940914766;11.025139562278508;10.365228849251544;10.449148645375436;10.58777751632821;9.552669097514272;9.43254190038826;11.3437409184722;10.382624026574916;10.847057346091336;9.99717948093762;10.129283016944967;10.17617314910749;10.224001674198105;10.0;10.55170826162069;10.221587121264806;9.86573327085176;10.411510988012072;10.537218400538595;10.273795599214264;10.481799431665753;10.449148645375436;10.358651200892886;10.37937836707126;10.46352437327118;10.430452551665532;10.296916206879288
10.12548828125;11.608179092407228;10.570735931396484;10.325910568237305;11.546219825744627;10.125517845153809;11.094030380249023;11.55856704711914;10.125517845153809;11.593721389770508;10.16640853881836;11.127555847167969;11.197515487670898;11.576201438903809;11.554780006408691;11.607702255249023;10.401905059814451;10.325910568237305;10.356425285339355;11.518390655517578;11.13310718536377;11.261924743652344;10.147927284240724;11.60817527770996;11.032011985778809;10.98568058013916;10.436233520507812;11.19046688079834;11.407194137573242;11.003592491149902;10.217500686645508;11.365221977233888;11.208054542541504;10.125959396362305;10.125566482543944;11.590797424316406;10.859414100646973;11.607905387878418;10.125561714172363;11.608076095581056;11.563021659851074;10.173972129821776;11.603920936584473;10.153903007507324;10.125659942626951;10.401905059814451;11.487482070922852;10.127982139587402;10.718602180480955;10.125533103942873;10.96963119506836;11.32378387451172;10.71338651493703;10.462502272597265;11.096715154488535;11.482303782323182;11.723660944409984;11.30149619498255;10.685624839726357;11.406205005418856;10.892542816648552;10.71338651493703;11.1879705919842;11.250298417906333;10.677719641641009;11.199672344836364;11.11829223302699;10.306061689428342;11.33147682185962;11.070791809423062;11.377210530388552;11.023061249735337;11.135067945777816;11.035486451292154;10.39660478118186;11.571752643503546;10.78135971352466;12.068778277985412;11.63662462054365;10.669770888525518;10.900112062977456;10.93737382019215;10.451211111832327;11.851358649033513;11.445532219028312;11.15608307628868;11.295194955880657;10.55170826162069;11.44190670454224;11.357552004618084;11.490349505739289;11.084144010615145;10.745674324002136;11.066089190457772;11.635264656539514;10.875749351420056;11.776021715252812;10.608254821977908;11.485326189240524;11.26620091249896;11.025831668332026;11.03823313473178;11.43567026093655;11.236014191900084
8.112611770629883;10.705954551696776;8.507845878601074;8.778101921081543;9.573259353637695;9.772567749023438;8.114299774169922;8.485968589782715;8.114262580871582;9.43969440460205;8.112630844116211;8.704669952392578;10.02913761138916;8.113033294677734;10.521541595458984;10.641063690185549;9.76423454284668;8.778101921081543;8.1126127243042;10.570711135864258;8.278402328491211;10.248092651367188;8.15723705291748;10.706042289733888;8.145695686340332;10.59010410308838;10.705995559692385;9.808037757873535;8.134025573730469;10.40451717376709;8.578553199768066;10.245400428771973;10.578140258789062;8.158902168273926;9.335209846496582;10.6950101852417;8.138898849487305;10.70605182647705;8.146197319030762;10.669055938720703;9.135293006896973;10.230782508850098;8.173768043518066;8.145125389099121;8.11267375946045;9.76423454284668;8.653848648071289;8.133667945861816;10.705742835998535;9.786285400390623;10.706050872802734;8.38388729095459;9.027905996569883;11.0566377151132;10.696098170955864;8.451211111832329;11.51668494930961;9.939579214314692;10.43879185257826;8.219168520462162;10.673309075561695;9.45532722030456;8.89178370321831;10.947636937951827;10.332036548361652;9.124121311829189;11.006326078524934;10.86573327085176;9.038918989292302;8.59618975614441;12.2903068962579;11.35149140932002;11.163020639580791;10.772314573921651;9.519636252843211;12.791366414695004;10.324180546618742;12.598750409571752;12.392854039872873;8.022367813028454;10.045759661382682;11.06406908038551;10.558420713268664;10.171176797651771;10.365228849251544;9.491853096329674;11.702605602110248;8.826548487290914;10.52845411076479;12.786473845221302;9.199672344836364;11.11829223302699;9.753216749178955;11.71639078949768;9.847057346091336;9.224001674198105;10.73640193131829;10.20945336562895;10.79603960882977;11.298635406734242;9.703903573444665;9.791162888555018;9.988684686772164;9.041659151637214
11.074115753173828;12.364723205566406;11.076740264892578;11.080432891845703;12.354504585266112;11.07480239868164;11.684919357299805;12.233370780944824;11.074326515197754;12.252964973449709;11.288347244262695;11.181955337524414;12.135714530944824;12.325504302978516;12.363884925842283;12.36181926727295;11.473552703857422;11.080432891845703;12.027541160583496;12.360740661621094;12.342580795288086;12.23427963256836;11.113279342651367;12.364660263061523;11.07895851135254;11.285746574401855;12.169736862182615;12.345439910888672;11.505645751953123;11.728483200073242;11.07432746887207;12.326665878295898;11.59287929534912;11.075148582458496;11.07411003112793;12.362610816955566;12.068039894104004;12.36472225189209;11.074433326721191;12.36472225189209;12.361841201782228;11.079137802124023;12.197434425354004;11.07885456085205;11.07479190826416;11.473552703857422;12.016471862792969;11.074502944946287;11.57472324371338;11.074217796325684;12.298773765563965;12.042696952819824;11.847840355630714;11.336506559810257;11.82137539237254;11.641148597411233;12.715104009236168;12.237508748172656;11.552188759557149;12.314300001897534;11.365775635326267;11.399811959325683;12.76487159073609;12.088125692188209;11.604553229079038;12.184255495405347;11.861474675125772;11.240791332161956;11.742730476519174;12.207624468226758;12.306916113522542;12.069449767427784;11.90651484484695;11.926295994781112;11.593391122791736;12.132821006779572;12.204876767603992;12.676177476832605;12.389900172773064;11.49235394515987;11.691307330191115;11.345405246717796;11.140829770773;13.75676478940414;12.350386742312844;12.547135531830865;12.04678297035635;11.508785162064513;11.579315937580017;12.4655664048094;12.128960950855696;12.189515729800194;12.073137383110383;11.673750739438065;12.451468712947358;11.59618975614441;12.17804232886482;12.022020969646356;12.513974273740658;12.151016538892248;11.667998535672528;12.194449079479025;12.129605011152504;11.906890595608518
7.840370178222656;10.367767333984377;10.37423610687256;10.330507278442385;8.150428771972656;7.880810737609863;7.840444087982178;10.186100006103516;7.840410232543945;9.093157768249512;7.840403079986572;9.831743240356444;10.37143325805664;10.022655487060549;8.97912311553955;10.374573707580566;7.896421432495117;10.330507278442385;7.840568542480469;8.581388473510742;8.108928680419922;8.322619438171387;8.216081619262695;10.37458038330078;9.678932189941406;7.881740570068359;10.367155075073242;8.062719345092773;10.363517761230469;10.339844703674316;10.373617172241213;8.526981353759766;7.861965179443359;7.849524021148682;8.74032211303711;10.323773384094238;7.899981021881103;10.37454891204834;7.951652526855469;9.981863975524902;7.879877090454102;7.866765022277832;10.297191619873049;10.274710655212402;7.840394020080566;7.896421432495117;7.849091053009033;7.841892242431641;10.373028755187988;7.842667102813721;10.374332427978516;10.353437423706056;9.179909090014934;9.800899899920305;8.784634845557521;9.159871336778387;8.703903573444663;9.236014191900084;9.642051692927977;8.584962500721156;7.467605550082998;7.686500527183218;9.330916878114618;9.041659151637214;6.820178962415188;9.105908508571158;8.523561956057012;6.475733430966398;8.744833837499545;8.584962500721156;10.298062567719017;8.879583249612784;9.250298417906333;9.084808387804362;8.459431618637296;9.285402218862249;7.900866807980749;9.791162888555018;9.192292814470768;5.169925001442312;8.625708843064466;8.581200581924957;6.108524456778169;9.665335917185176;8.515699838284043;7.022367813028454;9.862637357558794;6.523561956057013;8.499845887083206;9.717676423066395;10.269126679149418;9.131856960608792;8.238404739325079;8.894817763307943;9.537218400538595;7.86418614465428;10.650154213675094;8.787902559391432;8.527477006060396;9.14974711950468;7.912889336229962;9.330916878114618;7.554588851677638;10.014020470314934
9.08609390258789;10.221284866333008;6.895514965057373;10.129816055297852;10.125218391418455;6.894242763519287;7.793514728546143;7.229503154754639;7.69713830947876;10.220749855041504;8.65555477142334;6.992522716522217;8.541777610778809;6.89492130279541;7.423206329345703;6.902854442596436;7.322832584381103;10.129816055297852;9.74846363067627;6.998650074005127;10.221281051635742;10.043416976928713;7.215483665466309;10.220317840576172;10.219902992248535;6.915616989135742;6.9015212059021;10.220884323120115;6.930619716644287;10.189515113830566;6.894153594970703;9.557406425476074;7.049366474151611;6.907739162445068;8.091657638549805;6.9462409019470215;10.221098899841309;7.776080131530762;7.11607551574707;10.221256256103516;10.217246055603027;6.895345211029053;10.14506721496582;6.896777153015137;10.20280933380127;7.322832584381103;9.54648494720459;6.914477825164795;6.894222736358643;6.893968105316162;6.895061492919922;6.895212650299072;8.710806433699352;6.643856189774724;8.252665432450248;6.491853096329675;9.457380879072534;8.388017285345136;6.7414669864011465;8.703903573444663;7.400879436282184;8.535275376620802;6.807354922057604;9.804131021183318;5.954196310386875;8.741466986401146;9.453270634010623;5.930737337562887;9.121533517340032;9.264442600226602;8.113742166049189;7.592457037268081;8.361943773735241;8.888743248898258;5.906890595608519;7.918863237274595;6.321928094887363;9.43879185257826;8.451211111832329;4.857980995127572;8.383704292474052;7.05528243550119;6.285402218862249;10.080817527608328;9.719388820942084;8.885696373339394;9.044394119358454;5.459431618637297;8.661778097771988;7.924812503605781;4.754887502163468;8.422064766172813;8.832890014164741;8.247927513443585;9.485829308701904;9.194756854422248;9.651051691178928;8.968666793195208;9.91288933622996;8.661778097771988;5.700439718141092;9.29920801838728;9.560332834212442;8.73809225962049
10.169663429260254;11.863222122192385;10.415820121765137;10.625383377075195;10.987817764282228;10.169668197631836;10.756205558776855;11.83924961090088;10.16972541809082;11.239344596862791;10.507691383361816;11.2380952835083;10.26042652130127;10.570045471191406;11.8192138671875;11.829071044921877;11.108469009399414;10.625383377075195;10.183549880981444;11.738691329956056;11.782224655151367;11.679658889770508;10.186361312866213;11.863216400146484;10.472333908081056;10.699183464050291;10.216275215148926;11.788222312927246;10.25830364227295;11.82763671875;10.33646297454834;11.78492259979248;10.8759183883667;10.170038223266602;10.17409324645996;11.690215110778809;11.448226928710938;11.861435890197754;10.169896125793455;11.861549377441406;11.837257385253906;10.196094512939451;11.779534339904783;10.201200485229492;10.171940803527832;11.108469009399414;11.70689868927002;10.170616149902344;11.09013557434082;10.169672966003418;10.8995943069458;10.951197624206545;11.382083590141969;11.23661220021575;11.602234901341063;11.116343961237469;12.29318423075951;12.064742764750257;10.901621158346112;11.26795708440284;10.926295994781112;11.228217442293436;11.5980525001616;11.852529509404196;11.694357887221452;11.85642552862553;11.8193807908646;11.240791332161956;11.80896417491926;11.711666973564348;12.2836671674915;11.754887502163468;11.90651484484695;11.756973226165448;11.59105477403678;12.07347215397646;12.097373768990222;12.550025257465784;12.238703279427725;11.236014191900084;11.188588845707349;11.332596057789214;11.060695931687556;12.280480810318371;11.948367231584678;11.391243589427445;12.204265456136843;11.57601187420678;11.96000193206808;12.288000889707574;12.223700075986306;12.178353623512892;11.205793249397155;11.779719355143405;12.685186796595348;11.09341756438796;12.068442416025826;10.992938336165814;12.009478745888066;12.131535468676343;10.823367240046236;11.569380959522295;11.998237821888049;11.48733761520718
11.94937515258789;14.05836582183838;11.954726219177246;12.088122367858888;13.959120750427246;11.949376106262209;14.059263229370115;14.05544376373291;12.011033058166504;12.27027988433838;12.377320289611816;12.263799667358398;11.949469566345217;11.949785232543944;14.05937385559082;12.171466827392578;13.903400421142578;12.088122367858888;12.535483360290527;14.058637619018556;13.511348724365234;13.86426067352295;11.956643104553224;12.629305839538574;11.987375259399414;13.867804527282717;11.954785346984863;13.826492309570312;11.949589729309082;14.057254791259766;11.959985733032228;14.047696113586426;12.957138061523438;11.987544059753418;11.949417114257812;13.652769088745115;13.331951141357422;13.950825691223145;11.949488639831545;14.057714462280272;14.059329986572266;12.750965118408203;13.75411319732666;11.960927963256836;11.95345401763916;13.903400421142578;13.974750518798828;13.56354808807373;13.776995658874512;11.949552536010742;12.611988067626951;12.001041412353516;13.50928016808786;11.804131021183318;12.961449694398196;13.273067075722096;14.33105688442662;12.183635381473218;12.121209716409284;12.865539970785695;12.506803437795648;13.14322375612385;13.080817527608328;14.04772036638152;13.556386304097808;13.780949798749663;13.758431440900267;12.716176405807428;12.324743110494415;12.999119179995295;13.10541748977662;12.971184272404678;13.227014193649133;13.119265383175788;12.611485943240922;13.28583565586142;13.302638923787551;13.806650309081014;13.879200317947392;13.09901899101923;12.780129619625306;11.583082767502932;12.93682194449238;14.34318571544788;12.71338651493703;13.730151673173312;13.032734528586714;13.009128789539256;12.267371931265274;13.480790201095816;13.673971520682796;13.007552934613717;13.989128360866411;12.39901083295199;13.619417596048342;13.70433597118232;12.39473062943157;13.61769702930787;13.746094383705463;13.032390168866524;12.753425699145414;13.291314616229643;13.91877008505239;13.252665432450248
10.080554962158203;11.693089485168455;10.19437313079834;10.504480361938477;11.64258861541748;10.080554962158203;11.646414756774902;11.552963256835938;10.080782890319824;11.480430603027344;11.273426055908203;10.687395095825195;10.369930267333984;11.306286811828612;11.69025707244873;11.69140625;11.15045166015625;10.504480361938477;11.486454963684082;11.690264701843262;10.721906661987305;11.271339416503906;10.094005584716797;11.690608024597168;10.131412506103516;10.255634307861328;10.082967758178713;10.356762886047363;11.195085525512695;11.129746437072754;10.108498573303224;11.33798122406006;10.335907936096191;10.0812406539917;10.080557823181152;11.650711059570312;11.164648056030272;11.656014442443848;10.081298828125;11.69306182861328;11.634069442749023;10.089323043823242;11.667298316955566;10.100529670715332;10.086837768554688;11.15045166015625;11.156333923339844;10.081595420837402;10.481071472167969;10.080554962158203;10.803021430969238;11.48756217956543;11.374496145691516;10.25974326369078;10.840777923595054;10.729620743553038;11.74188827273525;9.649256177517314;10.266786540694902;10.63390340934852;10.755722153642282;10.497851836951115;10.5401280385821;11.85914649542596;11.285402218862249;11.145295334933598;11.35424938194524;10.746514321138465;10.971543553950772;10.684748620421626;11.283088353024002;10.657318449581288;10.991521846075695;10.992938336165814;10.745674324002136;11.558420713268664;10.874981347653774;12.127349541059118;11.582141981658776;10.71338651493703;10.54978466794786;10.453270634010623;10.54978466794786;11.860311054919482;10.50084187955693;10.62844554013718;10.9901039638575;11.213104219641906;11.89026427702111;11.52552080909507;11.164906926675688;11.108524456778168;11.0;10.880348808156027;11.247334178028728;10.778898476008376;11.200285605224298;10.88264304936184;11.366322214245816;10.944712061043486;10.512740462803498;11.09077405464075;11.546412195119352;10.962173031109709
11.153964042663574;12.46295166015625;10.783812522888184;10.898225784301758;12.457569122314451;11.739643096923828;12.376124382019045;11.406475067138672;10.865198135375977;12.455090522766112;12.288269996643066;10.85715389251709;10.787691116333008;11.094768524169922;12.465405464172363;10.860358238220217;12.217538833618164;10.898225784301758;12.204121589660645;12.462884902954102;12.345415115356444;12.325695991516112;12.307929039001465;10.908135414123535;10.784326553344728;10.857892990112305;12.365982055664062;12.435347557067873;10.784222602844238;12.203913688659668;10.783808708190918;11.056214332580566;12.22531795501709;10.841753005981444;10.783805847167969;12.440237045288086;12.423229217529297;12.466483116149902;10.86100959777832;12.465326309204102;12.455358505249023;10.787131309509276;11.107616424560549;10.784924507141112;10.786717414855955;12.217538833618164;11.661656379699709;10.791629791259766;12.14292812347412;10.842769622802734;12.456579208374023;11.803489685058594;11.90651484484695;11.807757403589267;11.450695771572915;11.217351905270334;11.94178124227853;11.422064766172811;11.905763049602792;12.095726668639047;11.262682142362165;11.374496145691516;11.61194694181998;11.90388184573618;11.025831668332026;11.885696373339394;11.451726268074506;11.139551352398794;12.846665681899738;12.025831668332026;12.025831668332026;11.663558104217271;11.677719641641009;11.508785162064513;10.620219825507489;11.591522346570734;11.269126679149418;12.108851117040151;11.939211882666395;10.390168956200185;11.857980995127573;11.082814337672271;10.328674927327947;12.60408986146918;11.114393054867309;12.118941072723509;11.81257844413538;10.600842114387302;12.24436383512051;11.801708358916462;12.282219695672588;11.776433032444732;11.747353829478062;11.589651146514786;12.32755264408124;11.30720080914081;12.872674880270605;11.494355603532846;11.57601187420678;11.569380959522295;12.01854794187165;11.982280604558284;11.50084187955693;12.040632200562252
13.006855010986328;14.457785606384276;12.99321746826172;13.014392852783203;13.35041332244873;14.45703411102295;14.227961540222168;13.533696174621582;13.896089553833008;13.74095058441162;13.087677001953123;13.060870170593262;14.313671112060549;14.189409255981444;14.44509220123291;14.38963222503662;14.062450408935549;13.014392852783203;13.349713325500488;14.446344375610352;14.383393287658691;14.220637321472168;14.45334815979004;14.45510959625244;13.582757949829102;14.289234161376951;13.3834867477417;14.456990242004396;13.49209213256836;14.419066429138184;12.993792533874512;13.017789840698242;14.404855728149414;13.492852210998535;12.993083000183104;14.45610237121582;13.063542366027832;14.45799732208252;12.99371337890625;14.45797348022461;14.456018447875977;13.252157211303713;12.996373176574709;13.258554458618164;12.993112564086914;14.062450408935549;14.457175254821776;12.99348258972168;13.846742630004885;14.440564155578612;13.412619590759276;14.134937286376951;14.552248810548477;13.603973996309024;13.964792090715711;14.087214193611045;14.417720683658056;12.78483929465315;13.489095315413504;14.820029338882216;13.654636028527968;13.902375114486023;13.951466861932795;14.800697714363126;14.916579274566226;14.354456017505626;13.789635526615887;13.862540503136891;13.20670914935865;14.482870966140382;13.837529385062425;13.604553229079038;13.86379910372885;13.418511490387644;13.873828574886977;13.585314678201458;14.538249568599277;13.908017261062804;14.395065477997743;13.992938336165814;14.064405961891042;12.47192918764169;13.803122072935404;14.850577547205614;13.412172865823786;14.54635190068654;13.792383614935188;14.817583288677616;13.429145170478744;14.100169531129907;13.036173612553483;13.73184933613704;13.74030781425232;13.646108641506103;14.118616689351509;13.856036399819155;13.847742502675754;14.19144482783438;14.40886043602476;13.56961830344664;14.20724315593674;14.115693952197011;14.189670152603751;14.021066720163276
12.827347755432127;13.988706588745115;12.838844299316406;13.896800994873049;13.622483253479004;12.837377548217772;13.989179611206056;13.058714866638184;12.914942741394045;13.526827812194824;13.877286911010742;13.68410587310791;13.369004249572754;13.989113807678224;13.985673904418944;13.989227294921877;13.54638957977295;13.896800994873049;13.98902416229248;13.989069938659668;13.680989265441896;13.918340682983398;13.600268363952637;13.968565940856934;13.800877571105955;12.84399127960205;12.827739715576172;13.855306625366213;13.985992431640623;13.949233055114746;12.832618713378906;12.827764511108398;12.970622062683104;12.834047317504885;12.827205657958984;13.955354690551758;12.912032127380373;13.97789192199707;12.83243465423584;13.989450454711914;13.739755630493164;12.828307151794434;13.3976411819458;13.266419410705566;12.828954696655272;13.54638957977295;13.95357894897461;12.856611251831056;12.917547225952148;12.83446979522705;13.853504180908203;13.960199356079102;13.382894168892134;13.391243589427445;13.465948964154254;12.740834826145262;13.793196859060943;12.99205319285264;13.410716333604269;13.746514321138465;13.398342887645883;13.416929443213602;13.186423797538945;14.169533592275016;12.99081307915361;13.733227217851562;13.7515440590891;13.066425600635556;14.066089190457772;13.556026992724677;13.264002687114218;13.410716333604269;13.46722342982096;13.401279536596528;12.214015491410844;13.548099416978388;12.694140204076431;14.312102985961063;13.434758522966764;12.360572781480696;13.718746909901064;13.275978964975623;12.28164030006605;14.11496234179294;13.098690096673591;13.710160691782914;13.68376223717448;12.610794169053182;13.780334708123895;13.633222303800787;13.044223335689608;13.804433568115511;13.682775179067027;13.714567511873662;14.06785446938792;13.624338545312986;13.983439002170414;13.437231901039478;13.70606426733497;13.653964643249012;13.4070021479242;13.71037597120447;13.73714169365265;13.70552439716406
20.341068267822266;20.763219833374023;18.64847183227539;18.78045654296875;19.6850643157959;20.76173591613769;20.76351928710937;18.86518096923828;20.7614860534668;20.160377502441406;20.7149600982666;19.919490814208984;18.651071548461918;20.71858024597168;20.209251403808597;18.64859771728516;20.51459503173828;18.78045654296875;20.751373291015625;20.52116584777832;20.72881507873535;20.69532585144043;20.73182678222656;19.835922241210938;18.879812240600582;20.60197257995605;18.84568214416504;20.745513916015625;18.741840362548828;20.051483154296875;18.64849281311035;18.93439102172852;20.66594886779785;19.616079330444336;18.648473739624023;20.12928581237793;20.708154678344727;20.76384925842285;18.65917587280273;20.75102806091309;20.763830184936523;19.10099983215332;20.73357582092285;19.09674072265625;18.981653213500977;20.51459503173828;20.75286865234375;19.13812065124512;18.65489196777344;20.756465911865234;20.389692306518555;18.762733459472656;19.23700917819857;19.28104255453693;20.87156462995789;18.538033539267328;19.699204724685767;20.574492823413504;19.69223918325964;19.38194000267821;17.90829879000133;20.335426339618127;18.549205584942857;20.420303616197376;9.642051692927977;20.296744846204323;20.14593836329113;9.787902559391432;19.02149512612956;20.78890229592619;18.595811092203945;18.576868116875776;19.148754607845337;19.532673625988323;10.857203471508166;17.42181829347999;10.562242424221072;19.1855771923397;18.657342875809505;14.161446847518008;19.860433824770336;16.119508568181146;10.25974326369078;19.56154340476596;20.02680167998913;20.54244529645881;19.90994580603696;11.116343961237469;18.988343519524992;19.1037206544494;19.63187333367889;20.72143217389521;20.58998481453541;18.56351656406622;20.80771495966156;20.641286214875368;19.421744343460368;19.72991609726845;20.67176305002673;19.736717367451053;18.27426894228196;20.11690867271436;20.428297804306546;19.876100217062884
14.51907444000244;14.599213600158691;13.172507286071776;14.592708587646484;14.58005714416504;14.533223152160645;14.615094184875488;13.202628135681152;14.614622116088867;14.2468843460083;14.60718059539795;14.240095138549805;13.174261093139648;13.624757766723633;13.911260604858398;13.181031227111816;14.57442569732666;14.592708587646484;14.614896774291992;14.5390625;13.52818202972412;14.564512252807615;14.61287784576416;13.172858238220217;14.169428825378418;14.225802421569824;13.181455612182615;13.643155097961426;13.213828086853027;14.582026481628418;13.172520637512209;13.199292182922363;14.442293167114258;14.49160861968994;13.172505378723145;14.342795372009276;13.406306266784668;14.614054679870604;13.199302673339844;14.611053466796877;14.615019798278809;13.702152252197266;14.544340133666992;13.261573791503906;14.021270751953123;14.57442569732666;14.48257827758789;14.056513786315918;13.235008239746094;14.334258079528809;13.36814308166504;13.98021125793457;13.51261702365554;12.698921662339812;14.506803437795648;13.181462881270017;13.71177450496535;14.6885781571157;13.254733389246674;13.889218742472613;11.957102041562289;13.804635230827737;12.370959793297386;14.340684654363438;10.417852514885896;14.14242620231898;14.013060912553662;9.703903573444665;14.141628207364796;14.269126679149418;12.650154213675094;12.453527867681784;13.536975665610642;12.917185576336395;9.753216749178955;12.023061249735337;10.084808387804362;12.52258153125483;12.65642486327778;10.12670447284319;13.382894168892134;10.63662462054365;9.586839787961829;13.942972605568816;14.189747357807576;13.74157231951848;13.467096033905747;10.625708843064466;14.050783956364931;13.066930068864098;13.751334836401345;14.469578227375443;13.724833563933643;12.786678033890652;14.78978833559524;14.357208333961871;13.566886488038495;13.47154821099913;14.101072883682534;13.826449179423664;12.3009244909763;14.308410139144074;14.236313227042803;13.547015000894593
8.905335426330566;11.132258415222168;9.107415199279783;9.195024490356444;11.119502067565918;10.497488021850586;8.90529727935791;8.962569236755371;8.928617477416992;11.039146423339844;8.904828071594238;8.93355941772461;10.856887817382812;8.904808044433594;11.058680534362791;9.114055633544922;9.92903995513916;9.195024490356444;8.904815673828125;10.6405029296875;10.392450332641602;10.932143211364746;9.08681869506836;11.03046417236328;8.910679817199707;11.1201810836792;11.132902145385742;11.02220058441162;8.905540466308594;11.014364242553713;9.314183235168455;11.10598087310791;11.062756538391112;9.209198951721191;9.702638626098633;11.11319351196289;9.127813339233398;11.13290309906006;9.018902778625488;10.92488956451416;11.111197471618652;10.611123085021973;9.079130172729492;8.911182403564453;8.904980659484863;9.92903995513916;9.021939277648926;8.969136238098145;11.132153511047363;9.96742820739746;11.132856369018556;8.909156799316406;10.960725994839056;12.039261794341057;11.761135649828644;10.442943495848729;11.90312867681232;12.029632328044135;11.88264304936184;11.027905996569883;10.910642730469624;11.198445041452365;11.069449767427784;11.371776644337924;10.837627933171404;11.953468962228849;11.801708358916462;10.829722735086058;10.857203471508166;11.26795708440284;12.322491537597468;11.932952892194717;11.441388029346689;11.760304125286382;10.390168956200185;12.536247215688128;11.528942415064895;13.118616689351509;11.93110683302934;9.829722735086058;11.107217075591382;11.960364008877834;10.7632123668144;11.90613899619538;11.068778277985412;10.95492329203032;12.2836671674915;10.025139562278508;11.410451351503994;12.25974326369078;8.977279923499916;12.314300001897534;11.131213905086272;12.34207466799914;11.595723694101627;11.594324603924848;11.642051692927977;11.457380879072534;11.14974711950468;12.363860976729532;11.042343379793692;11.379919817646538;11.072132604167232;11.17804232886482
10.70355224609375;12.54598331451416;12.517477989196776;11.143692016601562;10.726677894592283;10.70358180999756;10.70652961730957;12.453036308288574;10.703557968139648;11.908814430236816;10.706929206848145;11.117803573608398;12.522088050842283;10.758340835571287;12.542954444885254;12.545576095581056;10.783756256103516;11.143692016601562;10.70364761352539;12.491490364074709;12.531991004943848;11.838142395019531;10.709559440612791;12.546008110046388;11.38229751586914;10.74553680419922;11.722806930541992;12.509723663330078;11.08707046508789;12.491838455200195;12.432555198669434;12.213851928710938;10.847160339355469;10.703922271728516;12.262280464172363;12.40513801574707;12.534241676330566;12.425613403320312;10.706400871276855;12.5459623336792;11.865184783935549;10.709559440612791;11.047911643981934;10.715547561645508;10.703600883483888;10.783756256103516;12.282096862792969;10.703661918640137;12.426935195922852;10.703571319580078;10.947059631347656;11.25232219696045;11.954559846999834;13.146568675740786;12.753843508311638;12.326991174900815;14.104271128936894;12.57104154760109;12.547135531830865;11.534789211480266;12.501339618061396;12.648132845652658;13.41706134676029;13.28410112599707;12.384513961398618;13.631745471077506;13.762382038710392;12.619073646817748;12.20181761666792;12.282509306240836;13.73481544784671;13.233769450446928;13.376668061857668;13.237956813306198;11.9683067944308;13.7324854450719;13.529186505250893;14.020459141699511;13.76207054242485;11.068106475858771;11.808562029957525;12.92351319630841;12.090443275081606;12.79543091954113;12.90613899619538;12.99435343685886;13.35837648032824;12.178664851006472;12.158294103604035;13.644532294625444;11.084144010615145;13.494980552661476;13.580376352946306;13.563911244581693;13.62548055047108;13.982548009651426;12.017156386383112;12.440350119200565;13.165221068220944;13.365775635326267;12.552669097514272;13.138431806276849;13.376261076559688;12.702389159976336
5.606934547424316;7.7160491943359375;7.496278762817383;7.685709476470947;7.596948623657227;5.607116222381592;5.860393047332764;6.09360408782959;5.606986999511719;7.59691047668457;5.607987403869629;6.39219331741333;7.60698938369751;5.60821533203125;7.712000846862793;7.700153350830078;6.243106842041016;7.685709476470947;5.60890531539917;7.711005210876465;7.587846279144287;7.123928070068359;5.6072540283203125;7.668593406677246;7.717994213104248;6.054610252380371;7.715676784515381;7.691840648651123;5.745310306549072;7.702471256256103;7.139064311981201;7.384629726409912;5.7779221534729;5.609118461608887;6.921889781951904;7.672423839569092;5.7352800369262695;7.512892246246338;5.657554626464844;7.71096134185791;5.858154296875;5.97764778137207;5.612183094024658;5.61322546005249;5.607113838195801;6.243106842041016;7.228540897369385;5.6747236251831055;7.345829486846924;5.6102495193481445;7.71833610534668;5.678719997406006;6.700439718141092;7.727920454563199;7.845490050944375;6.357552004618084;7.977279923499917;6.189824558880018;7.276124405274237;7.011227255423254;8.60733031374961;6.94251450533924;7.562242424221073;7.906890595608519;6.285402218862249;6.6865005271832185;7.507794640198696;6.285402218862249;7.539158811108031;6.965784284662087;8.588714635582264;7.754887502163468;8.169925001442312;7.78135971352466;7.179909090014935;8.930737337562887;6.700439718141092;9.39231742277876;8.59618975614441;5.727920454563199;7.266786540694901;7.924812503605781;6.20945336562895;8.519636252843213;7.129283016944966;6.149747119504682;7.20945336562895;7.139551352398794;7.03342300153745;9.157346935362844;6.954196310386875;7.383704292474052;6.087462841250339;7.912889336229962;6.108524456778169;6.906890595608519;7.247927513443585;8.204571144249204;7.906890595608519;7.800899899920305;6.870364719583405;7.169925001442312;7.022367813028454;6.044394119358453
11.426458358764648;13.265525817871094;11.994848251342772;11.454133987426758;12.273319244384766;11.426466941833496;11.472466468811035;12.74785041809082;11.426569938659668;12.49864387512207;11.428963661193848;11.439372062683104;13.017080307006836;11.427295684814451;13.264962196350098;13.204007148742676;11.798866271972656;11.454133987426758;11.42751693725586;13.259642601013184;13.264753341674805;12.973411560058594;11.426765441894531;13.265508651733398;12.49027156829834;12.358440399169922;12.110712051391602;13.264028549194336;11.463054656982422;13.052517890930176;11.8041410446167;13.20941925048828;11.555234909057615;11.426871299743652;11.565900802612305;13.220670700073242;13.03901195526123;13.26214599609375;11.42672348022461;13.265518188476562;13.24532413482666;11.453902244567873;11.451668739318848;11.433553695678713;11.426621437072754;11.798866271972656;13.23454761505127;11.428000450134276;12.724725723266602;11.426522254943848;13.020092964172363;11.435053825378418;13.367141694552364;12.531381460516313;13.059851410770802;12.955649907528374;14.16749655104036;12.097373768990222;11.868050853745158;13.065584428061502;12.88149638481011;13.177886656348791;13.788820271926742;13.911111061926714;13.102303817212649;14.092013802969072;13.707251271063232;12.89614316077451;13.084310133597755;12.774375272802065;13.73523868071836;13.198138052401116;13.533329732305834;13.219924768862814;12.253552062637464;13.5302844003166;12.96992608191987;13.30035256032822;14.050103720581296;11.993646060016596;12.668220198888896;11.2836671674915;12.314583244274194;14.579374869997288;12.59105477403678;13.573055409708704;13.530772085621978;12.77272694923985;13.720992350106709;13.896710815726117;11.232420927176076;12.97100459807343;13.085140461701762;13.461607340113764;13.784328117579138;13.430844535105216;13.173989374166537;13.29217781631975;13.338179249900112;12.82714419098428;13.149111990706889;13.389765762278635;13.6142497276894;13.440739423014271
9.02951431274414;11.139657974243164;9.715835571289062;11.05780029296875;9.868117332458496;9.031015396118164;9.036917686462402;9.377118110656738;9.029520988464355;10.62668800354004;9.029763221740724;10.29084300994873;9.8396577835083;9.029683113098145;11.113690376281738;11.051399230957031;10.67816162109375;11.05780029296875;9.02952003479004;11.09519863128662;10.959322929382324;11.078550338745115;9.031248092651367;11.139593124389648;10.464455604553224;9.242332458496094;11.138998031616213;10.960997581481934;9.031678199768066;10.944613456726074;9.687030792236328;10.870908737182615;9.955350875854492;9.030317306518556;9.51068878173828;11.135553359985352;9.152663230895996;11.139723777770996;9.033198356628418;11.127793312072754;10.323026657104492;9.465864181518556;9.681422233581545;9.03145980834961;9.029532432556152;10.67816162109375;9.937432289123535;9.03009033203125;11.13756275177002;9.031968116760254;11.139716148376465;9.524145126342772;9.799281621521924;11.495355392235982;11.62890115202819;9.76155123244448;11.35149140932002;11.41204051455165;11.982280604558284;10.619302955415687;12.101975670949232;11.519636252843211;10.625708843064466;11.366322214245816;11.04507705193494;10.909893083770042;11.670213636738564;11.934428040626804;10.800899899920305;10.55170826162069;12.201205007299528;12.167418145831736;11.563672959827514;11.422064766172811;10.576484346796851;12.693922488081014;11.184255495405347;14.114067647165264;11.766528908598865;9.76487159073609;10.790348496751914;13.147840893672337;11.269126679149418;11.722380635163802;11.206403913973848;8.842350343413807;11.834471049984222;9.89633240390994;11.736824699098864;12.14051027236822;10.265615046484458;12.002111776479852;10.557463701597824;12.726856755450727;9.961449694398196;10.588714635582264;11.26502894245816;10.77313920671969;11.463013413449692;12.29920801838728;11.025831668332026;11.266786540694902;11.101319154423276;11.034798962577268
9.777338981628418;11.081643104553224;10.556241989135742;10.843937873840332;10.20974349975586;9.777464866638184;10.474200248718262;10.091046333312988;9.777366638183594;11.026862144470217;9.777752876281738;9.88259220123291;10.05641269683838;9.783815383911133;11.079776763916016;11.03188705444336;10.02241039276123;10.843937873840332;9.778385162353516;11.061877250671388;11.060992240905762;10.679191589355469;9.7870512008667;11.081634521484377;11.073651313781738;10.496930122375488;11.079769134521484;11.06068992614746;9.784334182739258;11.01239013671875;10.526917457580566;10.439154624938965;9.8704252243042;9.777754783630373;9.8236665725708;11.065252304077148;10.330520629882812;11.08163356781006;9.77878475189209;11.081270217895508;11.081110000610352;9.864313125610352;10.951601028442385;9.790620803833008;9.777353286743164;10.02241039276123;10.922797203063965;9.781816482543944;11.000235557556152;9.777490615844728;11.049942016601562;9.80349063873291;10.580258567499788;10.993646060016596;10.76487159073609;9.946906274456396;11.243173983472952;10.705632387361415;11.216745858195306;10.720244258287568;10.605479518061667;10.295768934420508;10.417852514885896;11.115693952197011;12.03342300153745;11.030667136246942;10.997885127829113;11.304921669581672;10.91737207947684;10.450180247164754;11.403544678202014;10.820178962415188;10.779719355143405;10.705632387361415;11.068106475858771;11.51422090935813;11.557942286787448;12.474212937193943;11.50382573799575;11.172427508645482;10.757390009366638;11.077483356859508;11.376125389276174;11.095397022792556;10.360847084179664;10.42940674151398;11.264442600226602;11.498849206531723;11.119589620741122;11.462502272597265;10.84313591111135;11.057314877782703;10.838416075797335;11.42259043389256;10.888743248898258;10.508785162064513;11.18239435340453;10.807354922057604;10.7431513941125;10.97656412341533;10.715104009236168;10.749869427396844;10.7047682393626;10.159871336778387
2.172938346862793;4.068085670471191;4.730967998504639;5.239858150482178;1.8623653650283811;2.054955005645752;5.169236660003662;1.7825490236282349;1.8164454698562624;1.9859318733215328;2.0048093795776367;2.847742319107056;4.26539421081543;1.7912226915359497;5.242415904998779;5.0623064041137695;5.203708648681641;5.239858150482178;3.216533660888672;5.243206024169922;1.790893793106079;4.93345308303833;1.7885730266571045;1.7909389734268188;1.8282068967819212;2.5356550216674805;5.243221282958984;1.792861819267273;2.5292181968688965;2.760301113128662;3.592025756835937;1.7831265926361084;2.158592700958252;2.280187129974365;3.642588376998901;5.230099201202393;1.7988648414611816;5.24233865737915;5.242096424102783;5.163427352905273;2.770942687988281;5.101778030395508;1.8392140865325928;1.79379141330719;3.310206174850464;5.203708648681641;1.7970304489135742;2.238903522491455;5.242458343505859;2.0683605670928955;5.243235111236572;3.574594736099243;1.0;5.554588851677638;6.7414669864011465;3.0;4.807354922057604;2.321928094887362;4.523561956057013;0.0;6.977279923499917;3.0;1.0;4.954196310386875;2.0;1.584962500721156;2.584962500721156;3.906890595608519;6.169925001442312;3.807354922057604;3.700439718141092;3.321928094887362;3.4594316186372973;4.584962500721156;1.584962500721156;5.247927513443585;4.0;6.266786540694901;5.0;0.0;1.584962500721156;6.266786540694901;2.321928094887362;3.4594316186372973;5.392317422778761;4.087462841250339;4.247927513443585;1.584962500721156;6.044394119358453;2.807354922057604;3.0;0.0;0.0;4.247927513443585;2.584962500721156;1.0;6.339850002884624;5.672425341971495;4.584962500721156;3.807354922057604;5.491853096329675;2.0;2.321928094887362;0.0
9.382073402404783;10.993237495422363;9.730026245117188;10.805152893066406;9.382808685302734;9.38493537902832;9.530739784240724;10.76811408996582;9.382204055786133;9.413421630859377;9.383079528808594;10.314796447753906;9.672796249389648;9.383557319641112;10.993629455566406;10.85430145263672;10.513221740722656;10.805152893066406;9.382083892822266;10.98692226409912;10.978399276733398;10.907710075378418;9.43061637878418;10.98914623260498;10.080188751220703;9.501471519470217;10.985318183898926;10.96295166015625;9.382220268249512;10.99400520324707;9.676950454711914;10.035258293151855;9.990456581115724;9.391494750976562;9.893123626708984;10.988439559936523;10.865949630737305;10.994232177734377;9.383581161499023;10.993596076965332;10.990178108215332;10.121787071228027;9.64582633972168;9.383867263793944;9.382072448730469;10.513221740722656;10.924274444580078;9.382601737976074;10.994010925292969;9.38548755645752;10.377531051635742;9.916468620300291;10.567005370247031;11.202736043250168;11.038918989292302;10.366322214245816;11.675074920385445;10.394462694610317;11.27786854617684;10.755722153642282;11.496853777388042;11.36194377373524;11.715104009236168;11.057991722759176;10.8649599151426;11.425215903299383;12.477252323937952;10.76983784362944;10.5980525001616;10.895575282380683;11.852529509404196;11.116343961237469;11.269126679149418;11.269126679149418;10.681238411777803;11.59944798152872;11.726643921483994;12.790755750118311;11.64430696154558;10.31741261376487;11.109830654278792;11.347621368568134;10.988684686772164;11.567480801143043;10.476746203939468;10.98299357469431;11.622051819456376;10.393390457443989;11.399277924508969;12.065416134676548;9.834471049984222;11.281350514981035;11.52061868055628;12.244958393151132;11.071462362556623;11.290594888082572;10.90388184573618;10.836839359748716;10.915879378835774;10.929258408636972;11.107870914279614;10.987974524296153;11.246740598493144;11.371776644337924
8.268712997436523;8.821419715881348;8.651634216308594;8.437260627746582;9.481714248657228;10.225664138793944;8.26921272277832;8.629013061523438;8.354986190795898;9.769525527954102;8.26850414276123;8.364051818847656;10.115300178527832;8.268510818481445;10.219274520874023;9.009182929992676;9.384513854980469;8.437260627746582;8.268487930297852;10.09182357788086;10.12845230102539;9.861244201660156;8.45644474029541;9.274656295776367;8.606818199157715;10.163293838500977;10.23279094696045;10.190301895141602;8.27014446258545;9.824933052062988;9.51908016204834;9.80837059020996;9.749567031860352;8.964548110961914;8.36467456817627;10.230782508850098;8.383818626403809;10.232794761657717;8.395758628845215;8.966104507446289;9.801924705505373;10.078484535217283;8.276439666748047;8.366384506225586;8.268486976623535;9.384513854980469;8.991395950317383;8.290120124816895;10.23273468017578;10.226318359375;10.232779502868652;8.374344825744629;10.154818109052105;11.24198314969433;10.733015321685963;9.605479518061667;10.554588851677638;9.980139577639155;11.466076461396252;11.036173612553483;10.735556023911537;11.03960451795376;9.94251450533924;11.043027283594547;11.832494484336111;10.934428040626804;10.76155123244448;11.553149275598548;9.603626344986193;10.014020470314934;11.082814337672271;11.020979938904212;10.772314573921651;10.400879436282183;10.923327485419192;11.216139556425135;11.660887270302569;12.368779260041338;11.20945336562895;10.580258567499788;11.164906926675688;11.456354415108288;11.10459875356437;11.153552031708111;10.1331422124006;10.200898605038445;11.06339508128851;11.42259043389256;10.208234358339787;11.258566033889933;9.355351096424812;10.866506212226202;10.802516365121225;11.47218311618954;9.857980995127573;10.470658874060552;10.76155123244448;11.022367813028454;10.53818893205242;10.86573327085176;11.338736382573916;10.28424574982967;10.219168520462162;10.303780748177102
8.460272789001465;13.509326934814451;12.953620910644531;10.760701179504396;13.511516571044922;8.39228630065918;8.555014610290527;13.25983428955078;11.510631561279297;13.488081932067873;8.369243621826172;8.522649765014648;10.755803108215332;8.356877326965332;10.32109832763672;8.356925010681152;8.455082893371582;10.760701179504396;8.495556831359863;8.76632022857666;12.018390655517578;8.855928421020508;8.412243843078613;8.558549880981445;12.714262008666992;13.134031295776367;13.512669563293455;13.191288948059082;9.591410636901855;13.519049644470217;13.435639381408691;13.509443283081056;8.450383186340332;8.521883964538574;13.176742553710938;8.38696575164795;11.019588470458984;13.51939296722412;13.257092475891112;8.368545532226562;12.937273025512695;8.438485145568848;13.516424179077148;10.32754135131836;13.42205047607422;8.455082893371582;8.366369247436523;13.354813575744627;8.545441627502441;8.447500228881836;13.517618179321287;8.356900215148926;8.174925682500678;9.41574176829009;9.90388184573618;7.383704292474052;9.823367240046236;8.823367240046235;9.445014845868425;7.366322214245816;9.257387842692651;9.29232163280204;10.071462362556623;10.01262453886506;9.108524456778168;8.353146825498083;9.94251450533924;9.08746284125034;13.56450678433871;9.14210705730255;10.651948610723446;10.302638923787551;10.222794902868111;10.103287808412022;8.233619676759702;9.726218159332198;8.668884984266247;10.74819284958946;10.642954223480332;7.930737337562887;8.531381460516313;10.24555270625568;8.668884984266247;9.618385502258606;9.76983784362944;7.98299357469431;10.188588845707349;8.144658242831882;8.791162888555018;10.69261550169458;14.064911136698967;10.019590728357882;11.715533063526584;10.222794902868111;8.665335917185176;8.46352437327118;12.84901407369482;9.398743691938192;9.96000193206808;9.78463484555752;8.08214904135387;9.403012023574997;9.375039431346924;8.897845456005511
14.283025741577148;14.872937202453612;12.96844482421875;13.042281150817873;13.081083297729492;14.650569915771484;14.87611198425293;13.710853576660156;14.82638454437256;14.16215991973877;14.870501518249512;13.327597618103027;12.987895965576172;14.856825828552246;14.865137100219728;12.968735694885254;14.60186004638672;13.042281150817873;14.874279975891112;14.854538917541504;14.822619438171388;14.509195327758787;14.713424682617188;13.143451690673828;13.93049144744873;14.8363676071167;14.873175621032717;14.875699996948242;13.047083854675291;14.875895500183104;12.968446731567385;13.015366554260254;14.767145156860352;13.02072525024414;12.968432426452637;14.790881156921388;14.090615272521973;14.876157760620115;14.62730884552002;14.773199081420898;14.876091957092283;14.448823928833008;14.770387649536133;12.973297119140623;14.612712860107422;14.60186004638672;14.863852500915527;12.998679161071776;13.061490058898926;14.79875373840332;14.86505126953125;12.985593795776367;13.89614316077451;13.762485855861582;11.980139577639155;12.489597122389307;13.295768934420508;11.989749275462133;13.521109643651332;14.99147755834286;12.898412441684211;13.523194374830966;12.5090326863065;14.005273656563938;13.229119220658594;13.336506559810257;13.284534954008423;12.234817431117325;13.601886830639092;14.104844423218584;12.99028127536032;12.4189067312579;13.1767964781476;12.756347825516588;12.80634822671225;12.622738217871143;11.579315937580017;12.964521373897238;13.762693467754428;14.210290836058007;14.623309967191387;12.36468185586456;12.984418458801136;14.426264754702098;12.715104009236168;14.023667733561714;12.682336269711378;13.26620091249896;14.976071804762835;13.682226521505408;14.483815777264256;11.997532347526366;13.3781593597821;12.857980995127573;13.58660526060361;12.965062756744627;14.418511490387644;13.352595231134304;13.159556028058768;12.324180546618742;14.04899765291107;13.81277897162766;12.960364008877834;13.897467341721892
10.429651260375977;11.817665100097656;10.446924209594728;11.561038970947266;11.244070053100586;10.429661750793455;11.795611381530762;11.797334671020508;10.429980278015137;10.936114311218262;10.52720069885254;11.682291984558104;10.515680313110352;11.669435501098633;11.80519676208496;11.815956115722656;11.213253021240234;11.561038970947266;11.180768013000488;11.815482139587402;11.608779907226562;11.689495086669922;10.443876266479492;11.817596435546877;11.812522888183594;10.69511604309082;10.46854019165039;11.657710075378418;10.721768379211426;11.734400749206545;10.437254905700684;11.51453971862793;10.554935455322266;10.430395126342772;10.42966365814209;11.801549911499023;10.590773582458496;11.81570053100586;10.429669380187988;11.81765365600586;11.809422492980955;10.462146759033203;11.77143383026123;10.48876953125;10.429932594299316;11.213253021240234;11.779815673828123;10.444425582885742;10.640433311462402;10.429696083068848;11.651985168457031;11.378050804138184;10.73640193131829;10.600842114387302;11.281930026955443;11.027905996569883;11.744833837499543;10.434628227636724;10.681238411777803;11.712097051087548;10.749031382040204;10.880348808156027;11.576484346796851;11.539643506238036;10.687375683437468;11.498849206531723;11.352595231134304;10.496853777388042;11.071462362556623;10.700439718141093;11.398209261466851;10.824163209744158;11.04507705193494;11.065416134676548;10.419960177847887;11.4542992936199;10.841564347730577;11.894059846274022;11.54882190845875;10.007027266893967;10.97656412341533;10.425215903299383;10.458406613236534;11.790755750118311;10.68650052718322;11.579315937580017;11.337621901992508;10.625708843064466;11.171802288682985;11.51175265376738;11.62662165235837;11.105253779700885;10.940313597145968;11.389093521904474;11.455840909126398;11.337621901992508;11.284824100224624;11.06339508128851;11.332596057789214;10.98299357469431;11.081483438093674;10.897845456005513;11.373408960228696;11.084144010615145
6.76380729675293;9.388760566711426;7.199401378631592;6.777109622955322;7.052841663360596;9.29586696624756;6.763636112213135;9.36134433746338;6.76754093170166;9.204301834106444;6.763689041137695;7.040946006774902;9.379672050476074;8.986685752868652;8.037199020385742;9.38821506500244;6.947286605834961;6.777109622955322;6.764182567596436;7.092565059661865;9.322986602783203;7.999113082885742;8.109352111816406;9.388765335083008;6.960140705108643;8.740632057189941;9.329540252685549;9.302968978881836;9.036887168884276;7.7801642417907715;7.202757835388184;7.533751010894775;8.539864540100098;6.8282318115234375;6.768732070922852;9.367175102233888;8.171141624450684;9.38872528076172;6.764622211456299;9.38536548614502;8.41128158569336;7.14510440826416;7.598867416381836;8.875919342041016;6.763713836669922;6.947286605834961;7.621694087982178;6.7639594078063965;9.367264747619627;8.04401683807373;9.332207679748535;8.575121879577637;9.61654884377899;7.800899899920305;8.554588851677638;8.761551232444479;11.043710863347156;9.243173983472952;8.0;10.839991070539886;9.627533884472792;9.090112419664289;11.079484783826816;9.94104760634058;6.906890595608519;7.741466986401146;8.49585502688717;6.599912842187128;8.933690654952233;9.569855608330949;9.729620743553038;9.134426320220928;9.405141463136344;8.994353436858859;9.623881490013458;8.640244936222345;7.523561956057013;9.294620748891628;10.179909090014934;7.622051819456376;9.81698362325538;7.693486957499325;6.643856189774724;10.506803437795648;10.356451970221755;10.602698865017963;8.49585502688717;8.50382573799575;8.550746785383243;10.352043425795433;7.022367813028454;8.103287808412022;8.262094845370179;8.584962500721156;9.310612781659527;7.714245517666122;9.85642552862553;9.116343961237469;9.707359132080883;9.38586240064146;9.90839262077375;9.603626344986193;9.044394119358454;9.29920801838728
13.327821731567385;14.33418083190918;12.998310089111328;13.236339569091797;13.878997802734377;14.331501960754396;14.286693572998049;13.90321922302246;14.32945728302002;14.23615837097168;13.058865547180176;13.347146034240724;14.289212226867676;14.27319049835205;14.317577362060549;13.960399627685549;13.049846649169922;13.236339569091797;14.314005851745604;14.319095611572266;14.324541091918944;13.983772277832031;14.33353042602539;14.149007797241213;14.257974624633787;14.083747863769531;13.030632019042969;14.323394775390623;14.331533432006836;14.332480430603027;13.044235229492188;12.993285179138184;13.16943073272705;13.391465187072754;12.989980697631836;13.595534324645996;14.31582736968994;14.339160919189451;13.017995834350586;14.339306831359863;14.338279724121094;12.993962287902832;14.33588409423828;14.164626121520996;12.998287200927734;13.049846649169922;14.232294082641602;13.063441276550291;13.014275550842283;14.145123481750488;13.055816650390623;13.014623641967772;14.020632761657708;12.909893083770042;13.598750409571752;13.190596342475638;13.805139264316736;13.140989493445831;12.911204709977175;14.431171106634984;12.95764621521841;13.66855262986872;13.42600261332936;14.321575831415734;13.686281655144432;13.982637133669424;13.44643717584693;12.78749449969676;14.150857922538847;14.026177596889225;13.001232245244363;12.86727873970966;13.212344386559144;12.93110683302934;12.983884292164657;12.26238852375102;13.297632789142511;12.59898297103609;13.564625862795372;13.446824840780309;13.62605121423426;10.5980525001616;12.620219825507489;14.150857922538847;13.385323176175872;14.359612311115082;13.526865979393818;13.480790201095816;13.73312127365905;13.19598729802851;12.7795141791435;13.35397382181817;13.999735810460262;12.826747082520203;14.045930263291575;13.672314837200204;13.66211201631089;13.540370243743569;13.880253135551404;13.119427511067276;13.80231440599149;13.773654362961867;13.7795141791435;13.79644525906185
15.32534885406494;16.792917251586914;15.270526885986328;15.983654022216797;16.759599685668945;15.926793098449709;16.77237892150879;15.38677978515625;16.669658660888672;16.483247756958008;16.221424102783203;16.224090576171875;15.869556427001951;16.706083297729492;16.70830726623535;15.562088012695312;15.930634498596191;15.983654022216797;16.784730911254883;16.69493293762207;16.674198150634766;16.772422790527344;16.702064514160156;16.759326934814453;15.30979824066162;15.682393074035645;15.6812105178833;16.040828704833984;16.63152313232422;16.39097785949707;15.271576881408691;15.62489414215088;15.543471336364746;15.369083404541016;15.269586563110352;16.520849227905273;16.270191192626953;16.79293441772461;15.30220890045166;16.792844772338867;16.792850494384766;15.27500820159912;16.792896270751953;15.708826065063477;16.140316009521484;15.930634498596191;15.4577054977417;15.309496879577637;15.297868728637695;15.339714050292969;16.441104888916016;15.49041748046875;15.485766428363634;14.954014507722544;16.285962050460792;14.745464248276845;16.17143093609063;15.892851092421342;14.903740656510257;15.902375114486023;15.365638958234518;15.39486457818436;15.293004565378526;16.288397496991358;16.754052367528924;16.016177144641983;16.134867468443186;15.829028964915974;16.675460910996275;15.86891898838627;15.664447284547972;15.423477064079776;15.48069554952344;16.101401235329103;16.08250251822288;15.458022048382626;16.420700422176893;15.890478043048583;15.859267847576502;16.427689315366692;15.735106433783058;14.764664292073348;16.182161541746314;16.050210028566877;15.7047682393626;15.949963461264677;16.228330195419613;16.67920516953017;15.3292357417338;15.97960382407446;16.865926545021903;16.320888670154403;16.02570192373543;15.520342440374003;16.675254143155012;15.819081362649287;16.47046823051341;15.22622401599265;16.297507412936966;15.753556277508256;15.143144020581184;15.879319995011633;16.3730690466864;15.930021170686404
15.155781745910645;16.643463134765625;15.153480529785156;15.315704345703123;16.642486572265625;15.171781539916992;16.566537857055664;16.31884002685547;15.27664279937744;16.641874313354492;16.389400482177734;15.859658241271973;15.298225402832031;16.54831886291504;15.93045711517334;16.50705909729004;15.319215774536133;15.315704345703123;16.52149200439453;16.040630340576172;16.094057083129883;16.043859481811523;16.62165069580078;16.61568260192871;15.879022598266602;16.611328125;15.157089233398438;16.403942108154297;15.601263999938965;16.53190803527832;15.153555870056152;16.524782180786133;16.606468200683594;15.192718505859377;15.15342617034912;16.33621597290039;16.510345458984375;16.64322853088379;15.153450965881348;16.643442153930664;16.642601013183594;15.18008041381836;16.64282989501953;15.169013023376465;15.161344528198242;15.319215774536133;16.48879051208496;15.155348777770996;15.162212371826172;15.154067993164062;15.157793045043944;15.76091194152832;15.882834071545622;15.561108910019191;16.448245388310358;15.877164287450231;16.46953053313795;16.458102174514448;15.560093957642495;16.676934995905345;14.021413793008133;15.710994720660423;14.378362599204976;17.077942262505115;8.308339030139408;16.610693257597543;15.781282863375532;8.071462362556623;16.197293495529134;16.579050711907627;15.570033561381877;14.734868358746205;15.691798033522238;15.167692545421904;7.459431618637297;14.74740628253269;8.194756854422248;15.088871035643148;14.843577605036456;8.754887502163468;15.611255388699336;12.386401423640775;7.276124405274237;15.950259709566208;16.544964432789236;15.926017956356542;15.978241220950906;8.682994583681683;15.929327767308214;15.886625400039287;15.567807569023898;16.23043330453316;16.613401003135557;14.65273295816898;17.34315968506292;15.860141281864353;15.91837412099312;14.86727873970966;16.674495740766723;16.233900489669598;15.067812464029402;16.197139886602148;16.752236892602625;16.308196801614532
13.54397964477539;14.909440994262695;13.602560997009276;13.622401237487791;14.014060020446776;13.56723403930664;14.305612564086914;13.663551330566406;13.547900199890137;14.65709114074707;13.668601036071776;14.059969902038574;14.864054679870604;14.413466453552246;14.90272331237793;14.903775215148926;14.5487642288208;13.622401237487791;13.633346557617188;14.89168930053711;14.139533996582031;14.85413932800293;14.015811920166016;14.909431457519531;13.547354698181152;14.684734344482422;14.871203422546388;14.03944969177246;14.356213569641112;13.585265159606934;13.59263038635254;13.818342208862305;14.837657928466797;13.55316925048828;13.54404640197754;14.90443992614746;14.28607940673828;14.909440994262695;13.545156478881836;14.909409523010254;14.90834140777588;13.64395523071289;14.376824378967283;13.57520866394043;13.544563293457031;14.5487642288208;14.80661964416504;13.544970512390137;14.58061981201172;13.549007415771484;14.377758979797363;14.46861171722412;14.474973384391149;14.398342887645883;14.835705029771797;13.960092459790063;15.221247250430247;15.280843250978712;14.365775635326267;14.508166165598634;14.26700608999518;14.630380897751948;14.527904570799706;14.898459680434105;13.947819546020028;15.035529408461116;14.976877329653048;13.950647019424986;14.805391215041409;14.61056350392504;15.058625976659789;14.92569351045582;14.963483155240697;14.63180230029938;13.656983419574544;15.00886626655775;14.101401235329105;15.87058145436048;15.104189211153557;13.153710352151716;13.949917879203063;14.78978833559524;13.43149760425805;15.305705529987204;14.775095822585955;14.768959647713142;15.13574936041006;13.621250608337666;14.343810303829477;15.182045121827144;13.573292149952245;15.271681866743002;14.434693376772678;14.93741980030596;15.4520159626431;14.664891669286089;14.752485185884188;14.345821028950624;15.183984228356824;15.057907134500766;14.310399769619735;14.77853919446228;14.970645182266663;14.731159901472807
11.136605262756348;12.53849983215332;11.137511253356934;11.22748851776123;11.579995155334473;11.13845157623291;12.537715911865234;11.818504333496094;11.28028964996338;11.939584732055664;12.265501022338867;12.30221176147461;11.402235984802246;12.534445762634276;12.321009635925291;12.522786140441896;12.370817184448242;11.22748851776123;12.526347160339355;12.474299430847168;11.73408317565918;12.48489761352539;11.39488124847412;12.53844928741455;11.152458190917969;12.239312171936035;11.13961410522461;11.378732681274414;12.481574058532717;11.426607131958008;11.137470245361328;11.212821006774902;12.375584602355955;11.14439296722412;11.136602401733398;12.52242374420166;11.395245552062988;12.53842830657959;11.136641502380373;12.538374900817873;12.53782081604004;11.419058799743652;12.375367164611816;11.451386451721191;11.164319038391112;12.370817184448242;12.505731582641602;11.148844718933104;11.560386657714844;11.13978099822998;11.42031192779541;12.48560905456543;11.715533063526584;11.376668061857668;11.791162888555018;11.060695931687556;12.1999790076159;12.129283016944967;11.376668061857668;11.759888183221834;11.303780748177102;11.487840033823051;11.084808387804362;12.30435132166324;11.33147682185962;12.184875342908285;12.146250445885986;10.970105890612182;12.16867211813223;12.131213905086272;11.846665681899738;11.400345796534694;11.649705265471413;11.688250309133178;10.766528908598865;11.913263430628762;11.377210530388552;12.642728643769;11.89178370321831;11.11309098344238;11.615629636968098;11.482303782323182;10.77313920671969;12.175861383565296;11.78340754217352;11.598517810612622;12.082814337672271;11.367414751246828;11.638888382252262;12.017852331905962;12.370959793297386;12.162391328756906;11.763627351727628;11.982280604558284;12.48255589154897;11.91026795581084;11.760719947465624;11.406736482691723;12.512493573945038;12.02167404285837;11.287135186086704;11.81658370778757;12.703471046071948;11.637077657143664
12.495746612548828;14.095888137817385;12.517401695251465;12.505471229553224;13.854247093200684;12.496338844299316;14.079334259033203;13.291287422180176;12.500913619995115;12.499479293823242;13.210153579711914;12.82211208343506;13.245508193969728;14.06146240234375;14.0896635055542;14.09581184387207;13.880126953125;12.505471229553224;13.9003267288208;14.09521198272705;12.51141357421875;13.785650253295898;12.636992454528809;14.095779418945312;12.49630641937256;13.624085426330566;12.531976699829102;12.688703536987305;13.768122673034668;13.608489990234377;12.502347946166992;14.039461135864258;13.8866548538208;12.51755428314209;12.49575138092041;14.09446620941162;12.49996566772461;14.095507621765137;12.495805740356444;14.095887184143066;14.087848663330078;12.81134796142578;12.588460922241213;12.602471351623535;12.49715805053711;13.880126953125;14.043771743774414;12.498443603515623;13.757434844970703;12.496105194091797;13.386462211608888;14.081262588500977;12.91139198784346;12.955286645524469;13.69490195142856;12.665335917185176;14.214622686302336;12.787902559391432;12.83289001416474;12.689779629377275;11.748612176736982;13.191676146352428;12.73492126770526;14.00378141003163;14.200898605038445;13.858952310750938;13.751857836240635;13.820877000464831;13.005098178239706;13.041488043881468;13.813280168450795;13.39901083295199;13.378294855911893;13.587191507529832;13.61275333504465;13.914011328541257;13.965423565810127;14.469578227375443;13.86978660094578;13.386940245324311;12.900866807980748;12.217351905270334;13.65250890240818;13.678049891165374;12.932030157887027;13.382488936445046;14.079651444144783;13.91606605089929;13.192292814470768;14.309121036488156;13.129121992887557;13.52258153125483;13.267371931265274;14.00615072817031;14.242578689451346;13.51039331104402;13.457765614851754;12.722380635163802;13.65183652627007;13.302638923787551;12.50432244829189;13.09589146332092;14.00544911354693;13.44475608969503
8.088507652282715;10.20436668395996;8.116000175476074;8.268942832946777;8.137167930603027;8.276670455932617;8.100269317626953;9.970248222351074;8.089982986450195;9.480384826660156;8.090595245361328;9.020939826965332;9.184123039245604;8.091100692749023;10.180490493774414;9.849614143371582;9.67884922027588;8.268942832946777;8.088523864746094;9.885201454162598;10.182417869567873;10.050732612609863;8.11549186706543;10.20445442199707;9.42312240600586;8.71695327758789;10.10169506072998;10.027228355407717;8.091392517089844;8.349335670471191;8.188258171081543;9.637003898620604;9.339746475219728;8.099420547485352;8.09325885772705;10.20284652709961;8.364741325378418;10.204455375671388;8.088637351989746;10.149871826171877;10.020450592041016;9.12107753753662;8.114778518676758;8.123323440551758;8.088516235351562;9.67884922027588;10.140647888183594;8.089193344116211;10.19749927520752;8.724532127380371;10.172212600708008;8.952821731567383;9.335390354693924;10.151016538892248;10.8649599151426;9.96000193206808;11.4797802640291;11.011227255423254;10.43567026093655;10.60177078840771;10.055282435501187;11.026523442519766;8.951284714966972;10.684748620421626;11.825356341479337;10.725366257895642;10.831307243802051;11.834471049984222;9.674192268145683;10.224001674198105;10.406205005418856;10.821773981970567;11.151650829973422;9.603626344986193;10.644757592516257;11.449664538476192;11.571752643503546;12.220075970984304;11.685624839726357;10.787086324551616;10.290018846932618;11.194756854422248;11.705632387361415;11.70433597118232;10.64745842645492;9.978710459106358;10.921097088106793;11.498849206531723;9.67065624911844;10.109830654278792;8.566054038171092;10.35424938194524;11.052568050804153;11.63117705570398;10.258566033889933;9.92481250360578;9.842350343413807;10.139551352398794;11.371776644337924;10.678600139099458;11.118941072723509;11.296916206879288;10.800899899920305;9.86573327085176
7.558906078338623;9.653508186340332;9.48289394378662;8.340827941894531;7.74297571182251;9.41341781616211;7.558985233306885;7.598774433135986;7.5610504150390625;9.477823257446287;7.558802127838135;7.566092967987059;9.612095832824709;7.55918025970459;9.641112327575684;9.65011215209961;8.392115592956543;8.340827941894531;7.558789253234863;9.482732772827148;9.56009578704834;8.801628112792969;8.824448585510254;9.653918266296388;7.609498023986816;8.377930641174316;9.63794231414795;9.372517585754396;7.598514080047607;8.230664253234863;9.60605812072754;7.862942218780518;9.07696533203125;8.132808685302734;8.664134979248047;9.639543533325195;9.169960975646973;9.653594017028809;7.565204620361328;9.653018951416016;9.43598175048828;8.239943504333496;7.634481430053711;8.119414329528809;7.558784961700439;8.392115592956543;9.066645622253418;7.560510635375977;9.653814315795898;7.854156970977783;9.247644424438477;8.448638916015625;9.4797802640291;9.43254190038826;9.071462362556623;8.357552004618084;10.184875342908285;8.717676423066395;9.296916206879288;9.164906926675688;9.111135670234708;9.022367813028454;8.915879378835774;10.65284497300198;8.939579214314692;9.398743691938192;9.59618975614441;9.199672344836364;9.002815015607053;8.851749041416058;11.287712379549449;10.10459875356437;9.923327485419192;9.22881869049588;8.741466986401146;10.703038388986418;8.50382573799575;10.79197682089869;10.514714054138487;7.86418614465428;9.06339508128851;9.83605035505807;8.573647187493322;10.52552080909507;9.74819284958946;9.216745858195306;9.899356922923111;9.105908508571158;8.954196310386875;10.251482410620213;6.6865005271832185;9.577428828035748;9.049848549450562;9.774787059601174;8.774787059601174;8.554588851677638;8.900866807980748;10.162391328756906;9.659995892429976;9.672425341971495;8.991521846075695;9.20212382383046;9.164906926675688;8.731319031025064
8.834688186645508;11.041753768920898;9.676593780517578;8.894379615783691;9.154830932617188;8.884296417236328;8.83488941192627;11.05741024017334;8.834919929504395;10.899346351623535;8.834859848022461;9.114212989807127;10.687736511230469;8.837246894836426;11.05519962310791;10.980131149291992;8.959389686584473;8.894379615783691;8.834686279296875;10.721871376037598;11.059188842773438;10.09458351135254;8.866314888000488;11.05831813812256;10.745697021484377;9.139784812927246;10.401289939880373;11.05522632598877;8.837434768676758;10.971685409545898;9.836281776428224;10.969231605529783;9.074307441711426;8.853418350219727;8.897271156311035;11.008689880371094;11.030795097351074;11.043418884277344;8.835124015808105;11.048095703125;10.416060447692873;8.9259614944458;9.005172729492188;8.873780250549316;8.834681510925293;8.959389686584473;10.855053901672363;8.835089683532715;11.0553560256958;8.865484237670898;9.909664154052734;9.206189155578612;11.578372691360803;10.834471049984222;10.821773981970567;12.125090539303256;12.569380959522295;10.348728154231075;10.671541066711884;12.132178380915544;11.4893462407191;10.52258153125483;11.699572453287267;12.089119397915168;12.041659151637214;11.458919206967591;11.287712379549449;11.53430288245463;9.668884984266247;10.811374693509942;12.075479149488016;11.572700226487292;11.82097669262124;10.980853606379736;11.454813348512523;12.116668855967111;12.104271128936894;11.791162888555018;12.70628015884916;11.451211111832327;11.801708358916462;10.567956075415466;11.414685235807214;12.455840909126398;11.344295907915816;12.473198383677529;11.043710863347156;11.963257356633047;11.608254821977908;11.06204613772049;8.894817763307943;11.029287226968243;11.180530807344482;11.332036548361652;10.530406337099068;11.48683502156305;11.258566033889933;11.065416134676548;11.561765263627708;10.88340698638837;12.397674632948268;11.024447124040648;10.537218400538595;11.413627929024171
11.044281959533691;12.75080680847168;11.995502471923828;12.672511100769045;11.104153633117676;11.140880584716797;12.709041595458984;12.364343643188477;11.043317794799805;11.242630004882812;11.465818405151367;12.378217697143556;11.04405689239502;11.045897483825684;12.763731002807615;12.230462074279783;12.648204803466797;12.672511100769045;11.04720401763916;12.763422012329102;11.42734146118164;12.694713592529297;12.099544525146484;11.11253261566162;11.04415225982666;11.064149856567385;12.72266674041748;11.07793140411377;11.0430908203125;11.941036224365234;12.31459903717041;12.239752769470217;12.015473365783691;11.24610996246338;11.098419189453123;12.735788345336914;12.586244583129885;12.763486862182615;11.151874542236328;12.745518684387209;12.762927055358888;11.293861389160156;12.757596015930176;11.045056343078612;11.04297924041748;12.648204803466797;11.617359161376951;11.07491397857666;12.76162815093994;11.045663833618164;11.801328659057615;12.212624549865724;12.160501747555688;13.04524773457825;12.685624839726357;11.933321820732946;13.204876767603992;13.025831668332026;12.749450465569916;12.366322214245816;12.233320082730822;12.309476353841106;12.274960472140602;12.701089824817158;12.25089053572334;12.880540134333732;12.717033749490891;12.306916113522542;10.86418614465428;12.511505595792482;13.618500215814974;13.426919899820705;12.934243729538608;12.972441366563537;11.839203788096944;14.046612469258132;12.56652978262417;13.934980832653832;13.290594888082572;11.60130652612184;12.494355603532846;12.95764621521841;12.032734528586714;13.144180239058922;12.671098725748465;12.628217680223434;13.409390936137704;11.72451385311995;12.748821794614704;13.73862008132209;12.696967526234287;13.280190792216906;12.756139298372927;13.601074338941668;12.96379921393177;12.477252323937952;12.02410078025291;12.14306428063141;12.89614316077451;13.247334178028728;12.56652978262417;12.60177078840771;12.855452509744048;12.458150248057557
11.934144973754885;12.914849281311035;12.029650688171388;12.00124454498291;12.700340270996094;11.946398735046388;13.018741607666016;12.999141693115234;12.126452445983888;12.758289337158203;12.11217975616455;12.088497161865234;12.914127349853516;12.341445922851562;13.032930374145508;12.651973724365234;12.177130699157717;12.00124454498291;12.918413162231444;13.032909393310549;13.030607223510742;12.95749855041504;11.94625473022461;12.339364051818848;12.787627220153809;12.077373504638672;12.783803939819336;13.027466773986816;12.969115257263184;13.029852867126465;12.049448013305664;11.937010765075684;11.936617851257324;11.935667037963867;11.93393325805664;12.97983741760254;12.950894355773926;13.03293228149414;12.555221557617188;13.032837867736816;12.998496055603027;11.935035705566406;13.031825065612791;12.085698127746582;11.938623428344728;12.177130699157717;12.671098709106444;11.957822799682615;12.341201782226562;11.98027515411377;13.03232765197754;11.939126968383787;12.58941707576861;12.257093144491057;12.443202577297011;11.79603960882977;12.85428402017621;12.286557761607956;12.711666973564348;13.174457604291558;12.430452551665532;12.51175265376738;12.728345714710976;13.147045888945716;12.69479315499995;12.49585502688717;12.689779629377275;12.322491537597468;12.712527000439824;12.508042334429003;12.601538675939848;12.60917873814198;12.446566409066069;12.288577736992703;11.922212717785449;12.475480126595476;12.488593333835407;13.390840695766675;12.923884546385334;12.436451292286977;12.74819284958946;12.11178773580101;11.606867837374152;13.46569393586282;12.368779260041338;12.995943767764953;12.59175607602299;12.356451970221755;12.940680648424092;12.779924501967908;12.350662988372257;12.559377090526684;12.655977862486942;12.708221730038352;12.764664292073348;12.220680621052203;12.972620862058744;12.737036036540228;12.671541066711884;12.416269744523207;12.728133100306216;12.445014845868425;12.458919206967591;12.370959793297386
11.692179679870604;10.24848175048828;10.870641708374023;10.446627616882324;10.266937255859377;11.692543029785156;11.68694305419922;10.282238006591797;11.691434860229492;10.285503387451172;11.581186294555664;10.729127883911133;11.666059494018556;11.692234992980955;11.688267707824709;11.681424140930176;11.454236030578612;10.446627616882324;11.689231872558594;11.6914644241333;10.270567893981934;10.822572708129885;11.692033767700195;10.248817443847656;10.28032398223877;10.583881378173828;11.229192733764648;10.89674186706543;11.691770553588867;10.923176765441896;11.238733291625977;10.24863338470459;11.052546501159668;11.681873321533203;10.249433517456056;11.671013832092283;10.260087013244627;11.679780006408691;11.68894863128662;11.04868507385254;10.32208251953125;11.057793617248535;10.286140441894531;11.670661926269531;10.352975845336914;11.454236030578612;11.452701568603516;10.712560653686523;11.541827201843262;11.692540168762209;11.690718650817873;11.678821563720703;10.449148645375436;11.60177078840771;11.14274527675153;10.101975670949232;10.745674324002136;11.119589620741122;11.500343969270403;11.688250309133178;11.035486451292154;10.939579214314692;11.349281228817452;10.86727873970966;10.8193807908646;11.066089190457772;10.935165049603697;10.51175265376738;10.962173031109709;11.1331422124006;10.076815597050832;10.57459352733761;10.52552080909507;10.225207436943505;10.22881869049588;10.207014320177532;10.688250309133178;10.935901682267588;10.515699838284045;10.667998535672528;11.432019846812493;10.617467465294196;10.048486873992337;11.355351096424812;10.39660478118186;11.663558104217271;10.335390354693924;10.82097669262124;11.232420927176076;10.357552004618084;10.900112062977456;11.03342300153745;11.274378153246364;10.752380646552892;10.954196310386877;11.135067945777816;11.189824558880018;10.944712061043486;10.7657004876511;10.755722153642282;11.757390009366638;10.810571634741146;10.48683502156305;10.533329732305834
5.403008937835693;7.238969802856445;7.239210605621338;7.120665550231934;6.864619731903076;5.403010845184326;7.2383270263671875;6.327517509460449;5.403068542480469;7.237289905548096;6.931868553161621;6.502860069274902;7.204385280609131;7.237471103668213;7.239165306091309;7.239308834075928;5.6709160804748535;7.120665550231934;7.232781887054443;7.238213539123535;5.929574966430664;5.582488059997559;5.412624835968018;7.239118576049805;7.238797187805176;5.4062323570251465;5.404211044311523;5.57688570022583;7.238888740539551;5.453994274139404;7.236291885375977;5.41361665725708;5.422099590301514;5.403246402740479;5.633530616760254;6.880452156066895;6.49062967300415;5.403036594390869;6.05253791809082;7.239088535308838;5.433945655822754;5.404558181762695;7.221028804779053;6.099179744720459;5.413281440734863;5.6709160804748535;7.203071594238281;5.578704833984375;5.624832630157471;5.403022766113281;5.477801322937012;7.116280555725098;5.672425341971495;6.0;5.930737337562887;5.614709844115208;6.409390936137702;6.129283016944966;5.554588851677638;6.339850002884624;5.0;4.906890595608519;5.930737337562887;6.714245517666122;4.087462841250339;6.459431618637297;6.3750394313469245;4.700439718141092;7.554588851677638;5.0;7.076815597050831;6.3750394313469245;6.357552004618084;6.022367813028454;4.954196310386875;6.044394119358453;4.700439718141092;5.643856189774724;6.78135971352466;4.523561956057013;4.643856189774724;4.857980995127572;4.459431618637297;7.592457037268081;6.539158811108031;5.672425341971495;5.832890014164741;3.906890595608519;5.977279923499917;6.459431618637297;6.599912842187128;6.539158811108031;5.169925001442312;5.882643049361842;6.584962500721156;6.266786540694901;6.9886846867721655;6.20945336562895;6.3750394313469245;6.614709844115208;5.247927513443585;5.954196310386875;5.930737337562887;5.426264754702098
12.340191841125488;13.358320236206056;12.355094909667969;12.371753692626951;12.776262283325195;12.674893379211426;13.138066291809082;12.433792114257812;12.56199836730957;12.45398235321045;12.583467483520508;12.562739372253418;13.280472755432127;13.168011665344238;13.357089042663574;13.356026649475098;13.19311809539795;12.371753692626951;12.878830909729004;13.354374885559082;12.85944652557373;13.342829704284668;13.246207237243652;13.35755729675293;12.339666366577148;13.062036514282228;12.897012710571287;12.49171543121338;13.218376159667969;12.457215309143066;12.374744415283203;12.368732452392578;13.155987739562988;12.423056602478027;12.339605331420898;13.355124473571776;12.558155059814451;13.358338356018066;12.344322204589844;13.35832405090332;13.357610702514648;12.390020370483398;13.072429656982422;12.622201919555664;12.340086936950684;13.19311809539795;13.076533317565918;12.340372085571287;13.31851577758789;12.378921508789062;12.851412773132324;13.275399208068848;12.94178124227853;12.963618617443972;13.232570825356987;12.279030136449649;13.386670859637618;12.809768128710411;13.186888010029962;13.111135670234708;12.967946705812707;13.02531261992172;12.735132884139947;13.454813348512523;12.987974524296153;13.210214722468027;13.364271474681054;13.004922678569043;13.067602418889496;13.151967870968187;13.334412966291072;13.020979938904212;13.012799104179676;12.82097669262124;12.313449940963055;13.477631797450522;12.806952328210736;14.174223508224696;13.246295253516342;12.41415667927414;13.178976011374523;13.136029849385553;12.477252323937952;13.466458885531264;12.842939559285137;13.210975677726395;13.272338184158624;12.8115753883758;13.099347810403192;13.35149140932002;12.187352073200495;13.415081526165672;13.272046524389935;13.282509306240836;13.274378153246364;12.94288099715904;13.205335081275733;12.677719641641009;13.204876767603992;13.06726628304434;13.121209716409284;13.0591754379151;13.25089053572334;12.985308297255852
11.857319831848145;13.422877311706545;11.861408233642578;12.89918613433838;12.11329746246338;11.857322692871094;13.39353084564209;13.047415733337402;11.857441902160645;11.933740615844728;12.865535736083984;12.892480850219728;11.919244766235352;12.572914123535156;13.422151565551758;13.412160873413086;13.375307083129885;12.89918613433838;12.184290885925291;13.422751426696776;12.779751777648926;13.350481033325195;11.860239028930664;13.421607971191406;12.013997077941896;11.91815948486328;12.075029373168944;12.798866271972656;11.886698722839355;13.268561363220217;11.858634948730469;13.095909118652344;12.356982231140137;11.85787868499756;11.857410430908203;13.420470237731934;12.573415756225586;13.422593116760254;11.857728004455566;13.42286777496338;13.391880989074709;11.984256744384766;12.689094543457031;11.859230041503906;11.859198570251465;13.375307083129885;13.366880416870115;11.857436180114746;13.00427532196045;11.857328414916992;13.415009498596191;13.334718704223633;12.698487638557692;12.3395716783847;12.814582465906277;12.21856323619027;13.441128621804696;11.728345714710976;12.398476501449256;12.548099416978388;12.059344460824423;12.575775579874763;12.428360172704291;13.332316330199218;12.952741247186488;13.076147528022505;13.149588363516528;12.735979039613404;13.14210705730255;12.907266248531066;13.453527867681784;12.767149912284852;12.969206622964236;12.889123656294238;12.479022346995178;13.570567288872004;13.275978964975623;14.15386865522324;13.592807390216146;12.476239906323851;12.511999669441453;12.085140461701762;12.503577318702687;13.593040911589412;12.378836713210614;12.684748620421626;13.355351096424812;12.733650916838716;13.140350496628438;13.847938201949098;12.93755773185546;12.735344469539005;12.541338657970826;13.261213451366048;13.463907474412858;12.627989784315703;13.374767814092824;12.457380879072534;12.8115753883758;12.934428040626804;12.370959793297386;12.797053520629804;13.407533331671324;12.901621158346112
14.72896957397461;17.237279891967773;14.70643424987793;14.73757266998291;14.767717361450195;15.486868858337402;17.24059295654297;15.544462203979492;16.969951629638672;15.308786392211914;17.233354568481445;16.755821228027344;14.74319553375244;17.23872184753418;17.065153121948242;15.397624969482422;17.227914810180664;14.73757266998291;17.230342864990234;17.195560455322266;16.63316535949707;17.205305099487305;16.738739013671875;16.302919387817383;14.708629608154297;17.235628128051758;14.732043266296388;16.92160415649414;14.993725776672363;14.905375480651855;14.706477165222168;14.821710586547852;17.23797607421875;15.660374641418455;14.70639991760254;17.220558166503906;17.140125274658203;17.238122940063477;14.70707893371582;17.239173889160156;17.24061393737793;17.22329330444336;14.792817115783691;14.767898559570312;14.756736755371094;17.227914810180664;17.240140914916992;14.713814735412598;16.039627075195312;15.564252853393556;14.74860954284668;17.205900192260742;16.30787673615767;14.77463265332491;16.35142239240701;15.708410354610876;17.054031908255894;16.111848851840456;15.43472595023744;15.743729955357235;13.578844391558205;16.061898520467867;15.448116305409464;17.690946011338507;12.440090524950488;17.241648050515636;16.936097287112943;11.095397022792556;15.695364244739997;16.53119867507262;14.889503963411476;14.561108910019191;15.75949812859462;15.983104944456905;11.34485068394299;14.62588003880553;12.243769031961852;15.402112722708882;15.92184093707449;11.92184093707449;15.594266279045986;13.044223335689608;11.220982851081777;16.4046925459765;15.977838895308665;16.995413852225152;16.502847339551682;12.980318117957545;16.723300972260276;16.093335027985816;15.840507491260094;17.036119939864594;16.953207481887706;14.827590807390566;17.43488066415235;17.205048652293442;15.49878689112922;16.667624401749563;15.702794962343894;16.418956128754097;14.26099301870257;16.687785730253868;17.24249495652619;16.321734360622077
10.516121864318848;11.81162929534912;10.543773651123049;10.63224983215332;11.867440223693848;11.76351833343506;11.65956211090088;11.81606388092041;11.2584867477417;11.814447402954102;10.553152084350586;11.113213539123535;11.52767562866211;10.576375007629396;11.863298416137695;10.59272575378418;10.604069709777832;10.63224983215332;11.497344017028809;11.862412452697754;11.836047172546388;11.709528923034668;10.987131118774414;10.536137580871582;11.821860313415527;11.682724952697754;11.867424964904783;11.86675262451172;11.661981582641602;11.860990524291992;10.866371154785156;11.829720497131348;10.576363563537598;10.530771255493164;10.514763832092283;11.771492958068848;10.717083930969238;11.867679595947266;10.64358139038086;11.80606460571289;11.859782218933104;10.516146659851074;11.856401443481444;11.328909873962402;10.51584529876709;10.604069709777832;10.90397834777832;11.111739158630373;10.518170356750488;11.667196273803713;11.867634773254396;10.515868186950684;11.217351905270334;11.236014191900084;11.65508344519798;10.414685235807214;11.373408960228696;11.615169813843602;11.23840473932508;12.218865910069676;10.750706986224948;11.290018846932618;10.44190670454224;11.740624044489412;10.066089190457772;12.002111776479852;10.855647166027266;10.066089190457772;11.785452468158542;11.616089313582115;10.91214085629572;11.30435132166324;10.800090987624994;10.60917873814198;9.665335917185176;10.83605035505807;9.620219825507489;10.98370619265935;11.295194955880657;9.802516365121225;11.13827180017222;10.092757140919852;9.398743691938192;12.038918989292302;11.563672959827514;11.759888183221834;11.306061689428342;10.072802534544207;12.141468555393084;11.184255495405347;10.7279204545632;11.285402218862249;10.974414589805528;10.897845456005513;11.6640027628865;10.951284714966972;11.632086412835182;11.41256984680521;11.721953612801386;11.467096033905747;11.794821973331224;11.199058823653022;11.011926066306808;10.918863237274596
11.44158172607422;13.125615119934082;11.457510948181152;12.291433334350586;11.740199089050291;11.441560745239258;13.124980926513672;12.851377487182615;11.443181991577148;11.757168769836426;12.958576202392578;11.84786319732666;11.493517875671388;11.873515129089355;13.12546730041504;13.09323501586914;12.85352897644043;12.291433334350586;13.05810260772705;13.125534057617188;13.047492980957031;12.992011070251465;11.446685791015623;13.120137214660645;11.580166816711426;11.530556678771973;11.46180248260498;13.066824913024902;11.58593463897705;13.104482650756836;11.448373794555664;12.687386512756348;11.58925437927246;11.44210147857666;11.441619873046877;13.052285194396973;13.101768493652344;13.119452476501465;11.442991256713867;13.125614166259766;13.124597549438477;11.446389198303224;11.73399829864502;11.445375442504885;11.450716972351074;12.85352897644043;13.104143142700195;11.448174476623535;11.534621238708496;11.441563606262209;12.465941429138184;11.87492561340332;12.127671967038982;11.278449458220482;12.453785055496157;11.324743110494415;12.8107724413447;11.096715154488535;11.441388029346689;11.69261550169458;11.59245703726808;12.3701424794954;11.96289600533726;13.010877723007034;12.271754805646474;12.766735939529964;12.642051692927977;11.94288099715904;12.344295907915816;12.851749041416058;12.521109643651332;11.859534786382651;12.072802534544207;12.36139553316589;11.688687423222536;12.537461094633018;12.249113452713727;13.488342277532524;12.644081593265676;11.793603309279408;11.62113611327464;11.4893462407191;11.602234901341063;13.089781488353998;11.682994583681683;11.901244032467376;12.761966695382092;12.080484457067568;11.880348808156027;12.878625729805355;11.77066389291676;12.042001306279133;12.175861383565296;12.563672959827514;12.657318449581288;12.27786854617684;12.570092874188056;12.014369242235135;12.63390340934852;12.1270270430046;11.47015043527436;12.563196272216738;13.071462362556623;12.5262546938286
10.157630920410156;11.6553316116333;10.920554161071776;10.624679565429688;10.187761306762695;10.157793998718262;11.611425399780272;11.611882209777832;10.158422470092772;10.44329833984375;10.391559600830078;11.410381317138672;11.636634826660156;11.562349319458008;11.653083801269531;11.6544828414917;10.97477912902832;10.624679565429688;10.86482048034668;11.64284896850586;11.4606294631958;11.577326774597168;10.214080810546877;11.655200004577637;10.41591739654541;10.229776382446287;10.691970825195312;11.45883083343506;11.377711296081545;11.64409065246582;10.25281810760498;10.685654640197754;10.93165683746338;10.160842895507812;10.158199310302734;11.65086269378662;11.221441268920898;11.645153045654297;10.158334732055664;11.65531063079834;11.643936157226562;10.2085599899292;10.394756317138672;10.181024551391602;10.158455848693848;10.97477912902832;11.629976272583008;10.160161972045898;11.497867584228516;10.157999038696287;10.183226585388184;11.615684509277344;11.043710863347156;10.632995197142955;11.451726268074506;10.603626344986193;11.922212717785449;12.03514274788591;10.659995892429976;10.658211482751796;10.30035256032822;10.745674324002136;11.243769031961852;11.500343969270403;10.048486873992337;11.4578938373147;11.637530551525307;9.894817763307945;11.4993476328766;11.189206834597025;11.769424641552751;11.368506461507693;11.36468185586456;11.169298695792843;9.76155123244448;11.268542000300124;10.474719946526482;11.65284497300198;11.680359523513712;9.702172685365548;10.356451970221755;10.623881490013458;9.649256177517314;12.064742764750257;12.231521210875703;11.307770031890705;11.698704666770343;10.105908508571158;11.545929769085468;11.61056350392504;11.102631888854969;11.705632387361415;11.03342300153745;10.897089128312755;12.085804380278086;10.906890595608518;10.06339508128851;10.597121428789569;11.847057346091336;11.837627933171404;10.366322214245816;11.3151495622563;11.652396861477678;11.234817431117325
9.515960693359377;10.85923671722412;9.89891529083252;9.84167194366455;9.792285919189451;9.516200065612791;10.60821533203125;10.843269348144531;9.516280174255373;10.846860885620115;9.984399795532228;10.67276096343994;10.21657371520996;10.830480575561523;10.851308822631836;10.8564453125;9.669779777526855;9.84167194366455;10.214808464050291;10.758305549621582;10.85280418395996;10.7105073928833;9.608920097351074;10.859235763549805;10.439874649047852;9.577921867370604;9.544139862060549;10.743746757507324;10.58765697479248;10.302509307861328;9.695738792419434;9.949007987976074;9.777934074401855;9.51650047302246;9.516661643981934;10.623576164245604;10.856353759765623;10.849726676940918;9.51625919342041;10.859227180480955;10.854334831237791;9.518610000610352;10.858172416687012;9.559674263000488;9.520516395568848;9.669779777526855;10.767817497253418;9.51900577545166;9.59575080871582;9.516033172607422;9.524160385131836;9.977633476257324;10.122827994807666;9.807354922057604;10.787086324551616;9.73809225962049;11.185494924210866;10.929258408636972;10.0;10.37937836707126;10.13827180017222;9.971543553950772;10.605479518061667;10.94397991434374;10.365228849251544;10.545929769085468;11.27029532647204;9.92184093707449;10.809768128710411;10.321928094887362;10.8649599151426;10.498849206531723;10.757390009366638;10.417852514885896;9.791162888555018;10.7714894695006;10.179909090014934;11.30890780406394;10.902375114486023;9.821773981970567;9.988684686772164;10.5401280385821;9.967226258835993;11.006326078524934;11.007027266893967;10.468624042918018;10.79197682089869;10.439830883981392;10.593391122791736;10.79685079526716;10.20212382383046;11.020979938904212;10.330916878114618;10.747353829478062;11.212496385193948;10.318542809702723;10.066089190457772;9.98584193700334;11.339850002884624;11.001408194392807;10.148476582178278;10.547858506058416;10.873444112515376;10.543031820255235
7.5252366065979;9.70327854156494;9.34957504272461;8.078713417053223;9.948426246643066;9.110333442687988;7.533754825592041;7.618582725524902;7.5276031494140625;9.626014709472656;7.525445938110352;8.279313087463379;9.725345611572266;7.526206493377685;9.92373275756836;9.950685501098633;9.712902069091797;8.078713417053223;7.525253295898437;9.905303001403809;7.534091472625732;9.792032241821287;8.18004322052002;9.93585205078125;7.5301513671875;9.916446685791016;9.95157241821289;7.55089521408081;7.562798023223877;7.529941082000732;9.74343204498291;9.491422653198242;9.936134338378906;8.174668312072754;7.573819637298584;9.949556350708008;7.588592052459717;9.951607704162598;7.569317817687988;9.786484718322754;8.714324951171875;9.6475191116333;8.370412826538086;7.664319038391113;7.525230884552002;9.712902069091797;8.081782341003418;7.68946361541748;9.9513578414917;8.854936599731445;9.95094871520996;9.271124839782717;8.957102041562287;11.21006248324023;10.7431513941125;9.290018846932618;10.579315937580017;11.140829770773;10.546894459887636;9.489847960439295;9.799281621521924;9.734709620225836;10.531381460516313;10.25502856981873;8.539158811108031;11.61286849729104;10.542064542283445;9.118941072723509;8.651051691178928;10.30149619498255;11.326991174900815;10.909143047339898;10.8193807908646;10.583082767502932;9.754887502163468;11.13827180017222;9.174925682500678;10.800090987624994;10.827342704234116;7.665335917185176;9.92481250360578;10.326429487122304;8.204571144249204;9.878050912728536;9.91288933622996;10.685624839726357;11.396069557639867;7.714245517666122;8.885696373339394;11.345959596404112;7.936637939002571;12.00105627463478;9.236014191900084;10.968666793195208;11.436711542137214;11.161761743304677;9.974414589805528;10.673309075561695;10.622051819456376;11.310612781659527;10.144658242831882;9.847057346091336;9.923327485419192;9.874981347653774
