TCGA-A8-A06T-01A;TCGA-BH-A0BM-01A;TCGA-E9-A249-01A;TCGA-A2-A04U-01A;TCGA-A2-A0YE-01A;TCGA-E9-A22D-01A;TCGA-C8-A8HR-01A;TCGA-OL-A66H-01A;TCGA-AN-A0FV-01A;TCGA-D8-A1Y1-01A;TCGA-A8-A07P-01A;TCGA-D8-A1JE-01A;TCGA-GM-A2DK-01A;TCGA-AR-A252-01A;TCGA-PE-A5DD-01A;TCGA-E2-A1L7-01A;TCGA-E2-A15M-01A;TCGA-C8-A12Y-01A;TCGA-A2-A0SV-01A;TCGA-A8-A094-01A;TCGA-A8-A076-01A;TCGA-E2-A15F-01A;TCGA-A1-A0SD-01A;TCGA-B6-A0IG-01A;TCGA-AO-A0JL-01A;TCGA-EW-A1P7-01A;TCGA-BH-A18G-01A;TCGA-E9-A6HE-01A;TCGA-EW-A1OX-01A;TCGA-GM-A5PX-01A;TCGA-EW-A6SA-01A;TCGA-D8-A1XC-01A;TCGA-A8-A08F-01A;TCGA-AR-A0TU-01A;TCGA-D8-A1XK-01A;TCGA-AR-A24L-01A;TCGA-BH-A1EN-01A;TCGA-E2-A15L-01A;TCGA-D8-A4Z1-01A;TCGA-D8-A1Y3-01A;TCGA-A2-A1FV-01A;TCGA-A7-A0DC-01B;TCGA-C8-A1HG-01A;TCGA-AO-A1KT-01A;TCGA-BH-A1FB-01A;TCGA-BH-A0BZ-01A;TCGA-E9-A1RE-01A;TCGA-D8-A1JD-01A;TCGA-D8-A1JD-01A;TCGA-5L-AAT0-01A;TCGA-AC-A62X-01A;TCGA-BH-A0B7-01A;TCGA-BH-A1FN-01A;TCGA-E2-A155-01A;TCGA-D8-A27G-01A;TCGA-AO-A0JD-01A;TCGA-E2-A15J-01A;TCGA-C8-A134-01A;TCGA-EW-A1J2-01A;TCGA-C8-A130-01A;TCGA-B6-A0IN-01A;TCGA-AO-A1KO-01A;TCGA-A2-A4RY-01A;TCGA-A8-A09W-01A;TCGA-D8-A1XV-01A;TCGA-BH-A0BW-01A;TCGA-AN-A0FD-01A;TCGA-AO-A0J7-01A;TCGA-C8-A1HG-01A;TCGA-BH-A1F5-01A;TCGA-WT-AB44-01A;TCGA-A8-A07P-01A;TCGA-BH-A1EU-01A;TCGA-A7-A13G-01B;TCGA-E2-A574-01A;TCGA-BH-A0DG-01A;TCGA-A8-A08R-01A;TCGA-A8-A08R-01A;TCGA-GM-A2DM-01A;TCGA-A1-A0SK-01A;TCGA-BH-A1FG-01A;TCGA-A2-A3KC-01A;TCGA-AN-A0FZ-01A;TCGA-EW-A1J3-01A;TCGA-EW-A1J1-01A;TCGA-A2-A0YE-01A;TCGA-BH-A1EX-01A;TCGA-LL-A740-01A;TCGA-LD-A7W6-01A;TCGA-BH-A28O-01A;TCGA-AR-A24O-01A;TCGA-D8-A1XF-01A;TCGA-E2-A1LB-01A;TCGA-D8-A1JN-01A;TCGA-AN-A0FD-01A;TCGA-GM-A3XL-01A;TCGA-C8-A12T-01A;TCGA-A7-A6VV-01A;TCGA-AO-A0JE-01A;TCGA-A7-A56D-01A;TCGA-A8-A07Z-01A;TCGA-PE-A5DE-01A;TCGA-A7-A0DC-01A;TCGA-E9-A1RE-01A;TCGA-MS-A51U-01A;TCGA-LD-A74U-01A;TCGA-AC-A2QJ-01A;TCGA-E2-A1B1-01A;TCGA-A7-A26E-01A;TCGA-A2-A0T2-01A;TCGA-A8-A08P-01A;TCGA-AC-A2QJ-01A;TCGA-BH-A18F-01A;TCGA-BH-A203-11A;TCGA-BH-A0E0-11A;TCGA-BH-A0B5-11A;TCGA-BH-A18R-11A;TCGA-BH-A18U-11A;TCGA-BH-A1FM-11B;TCGA-BH-A0B8-11A;TCGA-BH-A18J-11A;TCGA-E2-A1L7-11A;TCGA-E2-A1LS-11A;TCGA-AC-A23H-11A;TCGA-E2-A158-11A;TCGA-E9-A1RB-11A;TCGA-BH-A18V-11A;TCGA-E2-A15I-11A;TCGA-BH-A18S-11A;TCGA-BH-A0BA-11A;TCGA-BH-A0B3-11B;TCGA-BH-A0DO-11A;TCGA-GI-A2C9-11A;TCGA-BH-A0BQ-11A;TCGA-A7-A0CE-11A;TCGA-E2-A1IG-11A;TCGA-BH-A0C3-11A;TCGA-BH-A0H5-11A;TCGA-BH-A0BW-11A;TCGA-BH-A0DQ-11A;TCGA-E2-A15K-11A;TCGA-BH-A0DD-11A;TCGA-A7-A13G-11A;TCGA-BH-A1F0-11B;TCGA-BH-A18K-11A;TCGA-E9-A1N5-11A;TCGA-BH-A1FN-11A;TCGA-BH-A18M-11A;TCGA-E9-A1N9-11A;TCGA-BH-A0BT-11A;TCGA-BH-A0BS-11A;TCGA-E9-A1RI-11A;TCGA-BH-A0BV-11A;TCGA-BH-A0BM-11A;TCGA-BH-A0B7-11A;TCGA-BH-A1EU-11A;TCGA-BH-A0H7-11A;TCGA-BH-A18L-11A;TCGA-A7-A0DB-11A;TCGA-BH-A18Q-11A;TCGA-BH-A209-11A;TCGA-BH-A0DK-11A;TCGA-E2-A15M-11A;TCGA-BH-A1EN-11A;TCGA-BH-A0DV-11A;TCGA-BH-A0DH-11A;TCGA-BH-A0C0-11A;TCGA-BH-A1FD-11B;TCGA-BH-A1FJ-11B;TCGA-AC-A2FM-11B;TCGA-BH-A1FC-11A;TCGA-BH-A1F8-11B;TCGA-BH-A204-11A;TCGA-A7-A0CH-11A;TCGA-E9-A1NA-11A;TCGA-BH-A0H9-11A;TCGA-E9-A1RC-11A;TCGA-AC-A2FF-11A;TCGA-E2-A1LH-11A;TCGA-E9-A1N6-11A;TCGA-BH-A0AZ-11A;TCGA-E9-A1NG-11A;TCGA-BH-A0DL-11A;TCGA-E9-A1R7-11A;TCGA-BH-A0DZ-11A;TCGA-A7-A0DC-11A;TCGA-A7-A0D9-11A;TCGA-BH-A0BC-11A;TCGA-BH-A0BJ-11A;TCGA-E2-A1LB-11A;TCGA-BH-A0HK-11A;TCGA-E2-A1BC-11A;TCGA-BH-A1FR-11B;TCGA-BH-A1FB-11A;TCGA-BH-A0HA-11A;TCGA-BH-A0E1-11A;TCGA-E9-A1RD-11A;TCGA-BH-A208-11A;TCGA-E2-A153-11A;TCGA-E9-A1RF-11A;TCGA-BH-A1F6-11B;TCGA-BH-A1EV-11A;TCGA-BH-A1FH-11B;TCGA-BH-A1FG-11B;TCGA-BH-A18N-11A;TCGA-BH-A0DG-11A;TCGA-BH-A1F2-11A;TCGA-E9-A1ND-11A;TCGA-A7-A13E-11A;TCGA-E9-A1RH-11A;TCGA-BH-A1FU-11A;TCGA-BH-A0BZ-11A;TCGA-BH-A1ET-11B;TCGA-BH-A0DP-11A;TCGA-AC-A2FB-11A;TCGA-E9-A1NF-11A;TCGA-BH-A0AU-11A;TCGA-E9-A1N4-11A;TCGA-GI-A2C8-11A;TCGA-BH-A0AY-11A;TCGA-BH-A18P-11A;TCGA-BH-A1FE-11B;TCGA-BH-A1EO-11A;TCGA-BH-A1EW-11B;TCGA-BH-A0DT-11A;TCGA-A7-A13F-11A
3.169925001442312;2.321928094887362;2.584962500721156;1.584962500721156;0.0;3.700439718141092;2.584962500721156;1.584962500721156;1.0;2.321928094887362;0.0;1.0;3.0;4.169925001442312;2.584962500721156;1.584962500721156;4.169925001442312;1.584962500721156;3.0;0.0;1.0;3.321928094887362;0.0;2.0;4.247927513443585;7.03342300153745;3.4594316186372973;0.0;0.0;2.584962500721156;1.584962500721156;1.584962500721156;3.321928094887362;3.807354922057604;3.169925001442312;2.807354922057604;0.0;2.0;4.087462841250339;1.584962500721156;1.584962500721156;0.0;1.0;1.0;4.584962500721156;1.0;2.321928094887362;1.0;1.0;2.321928094887362;0.0;2.807354922057604;1.584962500721156;0.0;1.584962500721156;1.0;1.584962500721156;3.0;2.584962500721156;1.584962500721156;4.459431618637297;3.169925001442312;2.0;1.0;1.584962500721156;1.584962500721156;0.0;1.584962500721156;1.0;1.0;2.0;0.0;7.312882955284356;3.4594316186372973;2.807354922057604;0.0;4.321928094887363;4.321928094887363;1.0;5.672425341971495;0.0;3.0;3.4594316186372973;3.0;2.807354922057604;0.0;3.4594316186372973;1.584962500721156;2.584962500721156;2.807354922057604;3.584962500721156;1.0;0.0;1.0;0.0;4.807354922057604;2.584962500721156;1.0;1.584962500721156;0.0;1.584962500721156;4.087462841250339;2.0;2.321928094887362;1.584962500721156;1.584962500721156;1.0;4.321928094887363;3.4594316186372973;2.584962500721156;0.0;1.0;1.584962500721156;2.807354922057604;0.0;3.584962500721156;1.584962500721156;1.584962500721156;2.807354922057604;0.0;1.584962500721156;1.584962500721156;0.0;1.584962500721156;3.4594316186372973;5.321928094887363;0.0;3.321928094887362;0.0;1.584962500721156;2.584962500721156;1.584962500721156;3.0;3.807354922057604;2.0;2.0;0.0;1.584962500721156;5.169925001442312;3.0;3.0;3.169925001442312;0.0;1.0;1.584962500721156;2.0;3.169925001442312;2.321928094887362;1.0;1.0;0.0;6.149747119504682;3.0;2.0;2.584962500721156;2.321928094887362;2.321928094887362;1.0;0.0;2.321928094887362;3.584962500721156;2.321928094887362;1.0;3.4594316186372973;1.584962500721156;2.0;1.584962500721156;1.0;4.523561956057013;0.0;1.584962500721156;0.0;2.584962500721156;2.807354922057604;0.0;0.0;1.584962500721156;3.321928094887362;2.584962500721156;1.0;2.321928094887362;2.0;3.584962500721156;4.459431618637297;1.584962500721156;2.584962500721156;0.0;3.4594316186372973;3.321928094887362;1.0;6.0;2.0;3.807354922057604;2.0;1.0;3.0;1.0;2.0;3.4594316186372973;2.321928094887362;3.700439718141092;2.0;2.584962500721156;3.0;1.0;1.584962500721156;1.584962500721156;3.0;2.321928094887362;2.0;2.584962500721156;1.584962500721156;3.169925001442312;3.169925001442312;2.807354922057604;1.0;0.0;2.321928094887362;0.0;2.584962500721156;1.0;0.0;3.807354922057604;2.0;1.0;2.0
11.511258495502268;9.696967526234287;11.433585441150496;10.380461065088973;12.032734528586714;11.06339508128851;10.81698362325538;10.493855449240822;10.52845411076479;11.42783660345852;10.187352073200495;10.11504365016171;9.813781191217036;10.7279204545632;10.346513733165636;10.515699838284045;10.7279204545632;10.391243589427445;10.972979786066292;9.41574176829009;10.016808287686557;10.755722153642282;10.4189067312579;10.198445041452365;10.371776644337924;10.79603960882977;10.014020470314934;10.457380879072534;10.595257481449035;11.12088584278779;11.222794902868111;10.65284497300198;11.216139556425135;11.284824100224624;11.582141981658776;10.091435386323608;10.43149760425805;11.224001674198105;11.083479327331842;10.755722153642282;10.537218400538595;9.52943055414615;9.906890595608518;11.049848549450562;10.955649907528374;11.044394119358454;10.957102041562289;11.290594888082572;11.290594888082572;10.273795599214264;10.496853777388042;10.377210530388552;10.011227255423254;10.323054760341646;10.820178962415188;9.85642552862553;11.61378946447258;11.505811553919594;11.269711121142782;11.165535141377925;9.684748620421626;10.834471049984222;11.163020639580791;10.508785162064513;9.702172685365548;10.122827994807666;10.034798962577268;11.66222330531784;9.906890595608518;10.439830883981392;9.759888183221834;10.187352073200495;11.067434360756522;9.987264012072538;10.65642486327778;10.829722735086058;11.4655664048094;11.4655664048094;10.614709844115207;11.840384550711669;9.964340867792416;11.4893462407191;10.72451385311995;10.090112419664289;9.98299357469431;12.032734528586714;11.26502894245816;10.44604940671655;11.5401280385821;11.668441828052998;10.280770770130603;11.067434360756522;10.708221730038352;9.445014845868425;10.034798962577268;11.538673953082668;9.862637357558794;11.480285320936373;10.577428828035748;9.693486957499324;10.725366257895642;10.52061868055628;10.827342704234116;10.957102041562289;10.708221730038352;11.095397022792556;10.139551352398794;10.632086412835182;10.339850002884624;10.39660478118186;11.14274527675153;10.139551352398794;10.14338321398982;10.642954223480332;10.843921051289035;10.171176797651771;11.405673332281866;10.81698362325538;11.394462694610317;10.157346935362844;10.743992861060176;11.339293300180094;10.570804437724496;10.46352437327118;10.074141462752506;10.897845456005513;10.868822554775;10.00982861736811;10.407267764244732;10.760719947465624;11.152918576136624;11.172427508645482;11.257387842692651;10.837627933171404;11.40832974076739;10.38586240064146;11.2836671674915;11.227014193649133;10.709083812550343;11.507794640198696;10.779719355143405;10.378294855911893;10.26209484537018;11.358651200892886;11.020285500844649;10.353146825498085;11.151016538892248;10.944712061043486;11.049848549450562;10.80896417491926;11.464035152189911;10.047123912114026;11.21006248324023;11.243173983472952;11.160501747555688;10.31741261376487;11.321364432039449;10.782179193831208;10.018200178813226;11.451726268074506;10.84862294042934;11.40832974076739;10.594324603924848;11.13249972962851;11.385323176175872;11.150381968817848;11.5473765634981;10.745674324002136;10.679480099505446;11.369052007001388;9.88264304936184;9.894817763307945;10.501837184902296;10.86418614465428;10.929998062609029;10.016808287686557;10.50481898763284;11.33371442609397;10.930737337562888;10.79685079526716;11.688687423222536;10.380461065088973;11.12023787734196;10.337621901992508;10.906890595608518;10.41679752760606;10.130570562805426;10.754887502163468;10.88264304936184;11.177419537989236;11.105253779700885;9.871905237659186;10.580258567499788;10.721099188707186;11.41679752760606;10.971543553950772;10.808159772868375;11.622509454683335;10.964340867792416;9.885696373339394;10.452241240430816;11.227014193649133;10.449148645375436;10.283088353024002;11.17367713630342;11.122827994807666;11.43514933836693;10.552669097514272;10.116343961237469;10.192292814470768;10.814582465906277;10.855647166027266;11.614709844115207;11.36468185586456;11.252074042796185;10.373952655370193;11.383704292474052;11.659995892429976;9.430452551665532;10.746514321138465;10.635718120331047;10.750706986224948;11.323054760341646;11.711236767793784;11.192909219112012;10.498849206531723
9.552669097514272;5.044394119358453;8.689997971419446;9.184875342908285;9.905387005018133;10.426264754702098;8.873444112515376;8.228818690495881;8.611024797307353;9.850186837645774;8.396604781181859;8.417852514885897;7.988684686772165;8.988684686772165;7.22881869049588;11.03960451795376;9.283088353024002;9.025139562278508;10.531381460516313;8.807354922057604;9.451211111832327;9.06339508128851;7.330916878114617;9.92481250360578;8.303780748177102;8.876516946565;7.851749041416057;9.693486957499324;8.67595703294175;4.392317422778761;9.839203788096944;6.977279923499917;10.898601387403938;11.14338321398982;10.269126679149418;9.044394119358454;9.271463027904376;8.909893083770042;7.303780748177103;11.077483356859508;8.686500527183219;5.807354922057604;8.535275376620802;9.321928094887362;8.348728154231077;9.493855449240822;9.199672344836364;10.29920801838728;10.29920801838728;7.20945336562895;8.573647187493322;9.13699111208023;9.06339508128851;9.831307243802051;9.22881869049588;8.499845887083206;8.543031820255237;10.025139562278508;7.0;10.825753832883112;7.876516946564999;6.285402218862249;6.6865005271832185;8.640244936222345;7.727920454563199;9.729620743553038;6.754887502163468;9.543031820255235;8.535275376620802;8.011227255423254;3.169925001442312;8.396604781181859;8.149747119504681;7.129283016944966;7.700439718141092;7.826548487290915;11.022367813028454;11.022367813028454;6.672425341971495;11.944346034137832;7.813781191217037;7.118941072723508;8.204571144249204;9.030667136246942;6.832890014164741;9.905387005018133;9.111135670234708;7.515699838284043;8.611024797307353;6.442943495848728;9.092757140919852;9.710806433699352;8.134426320220927;6.6865005271832185;6.754887502163468;11.3409627642517;10.524541715035848;11.045759661382682;8.038918989292302;7.774787059601174;8.661778097771988;8.73809225962049;7.562242424221073;9.199672344836364;6.442943495848728;8.499845887083206;8.531381460516313;9.461479447286155;7.96289600533726;9.640244936222343;8.45532722030456;8.531381460516313;9.726218159332198;7.451211111832329;6.20945336562895;3.906890595608519;5.906890595608519;7.417852514885898;7.044394119358453;4.087462841250339;6.108524456778169;6.569855608330948;4.523561956057013;6.754887502163468;5.491853096329675;7.918863237274595;4.700439718141092;4.523561956057013;6.22881869049588;7.219168520462161;6.189824558880018;6.507794640198696;7.159871336778389;6.965784284662087;7.3750394313469245;6.022367813028454;8.353146825498083;6.266786540694901;9.172427508645482;7.076815597050831;7.483815777264256;5.584962500721156;4.392317422778761;5.954196310386875;5.247927513443585;8.519636252843213;7.60733031374961;6.392317422778761;8.016808287686555;6.442943495848728;7.948367231584678;3.169925001442312;8.900866807980748;7.918863237274595;7.03342300153745;5.857980995127572;7.948367231584678;6.491853096329675;6.94251450533924;6.977279923499917;7.357552004618084;6.906890595608519;4.954196310386875;6.754887502163468;5.044394119358453;7.189824558880018;6.3750394313469245;4.754887502163468;6.247927513443585;5.700439718141092;5.285402218862249;7.011227255423254;5.087462841250339;6.426264754702098;6.9886846867721655;3.4594316186372973;5.247927513443585;8.823367240046235;6.672425341971495;6.426264754702098;5.754887502163468;5.459431618637297;7.894817763307944;5.700439718141092;7.794415866350106;6.357552004618084;4.321928094887363;7.876516946564999;6.965784284662087;8.098032082960527;6.523561956057013;2.807354922057604;6.6293566200796095;6.285402218862249;7.044394119358453;5.491853096329675;6.066089190457772;7.044394119358453;6.930737337562887;4.0;7.169925001442312;8.625708843064466;6.303780748177103;6.266786540694901;6.357552004618084;7.392317422778761;6.6865005271832185;7.651051691178928;5.285402218862249;5.643856189774724;5.977279923499917;5.832890014164741;6.20945336562895;4.906890595608519;7.499845887083206;5.832890014164741;5.584962500721156;7.149747119504682;3.0;6.3750394313469245;5.321928094887363;6.727920454563199;6.599912842187128;8.290018846932618;6.807354922057604;5.643856189774724
11.262682142362165;7.857980995127572;11.430452551665532;11.479275030250204;10.857980995127573;10.992938336165814;9.93810932621924;9.59618975614441;9.972979786066292;11.28828934218097;10.439830883981392;11.49235394515987;9.337621901992508;10.167418145831736;8.632995197142957;8.842350343413807;11.109177703355275;9.847057346091336;11.640244936222343;9.103287808412022;10.096715154488535;10.498849206531723;9.840777923595054;12.62067804213541;7.451211111832329;9.177419537989236;7.721099188707186;10.001408194392807;8.912889336229961;8.375039431346925;10.469641817239516;9.679480099505446;8.016808287686555;7.257387842692652;10.281930026955443;11.650603022215307;10.025139562278508;11.231221180711186;8.794415866350105;11.151650829973422;11.060020354507852;9.434628227636724;10.016808287686557;10.852529509404196;10.086136225027309;10.617467465294196;11.679480099505446;11.283088353024002;11.283088353024002;8.50382573799575;10.057991722759176;9.162391328756906;10.4757334309664;10.557463701597824;9.929258408636972;10.325305455089682;10.215532999745657;8.027905996569885;10.309476353841106;11.609640474436812;8.74819284958946;9.4757334309664;8.400879436282183;10.473705749619416;10.247927513443583;11.2246046815385;8.584962500721156;11.389093521904474;10.016808287686557;9.756556322524087;5.857980995127572;10.439830883981392;10.593391122791736;10.154818109052105;9.483815777264256;8.823367240046235;11.942147920394849;11.942147920394849;9.554588851677638;11.884552133987237;10.067434360756522;10.506803437795648;10.874212934830874;11.194756854422248;9.623881490013458;10.857980995127573;11.144658242831882;9.1006623390052;10.105908508571158;8.76487159073609;10.753216749178955;12.261507309202056;8.707359132080883;7.409390936137702;8.584962500721156;6.658211482751795;9.61286849729104;10.147204924942228;10.603626344986193;7.400879436282184;9.519636252843211;9.287712379549449;10.793603309279408;11.679480099505446;8.665335917185176;9.011227255423254;8.280770770130603;10.904634621668151;10.443979542601252;8.388017285345136;10.847057346091336;8.280770770130603;10.460455896309636;9.533329732305834;8.233619676759702;8.417852514885897;9.52552080909507;9.118941072723509;9.654636028527968;8.67595703294175;9.121533517340032;9.400879436282183;9.098032082960527;9.398743691938192;7.679480099505446;10.257387842692651;7.971543553950772;8.761551232444479;8.357552004618084;9.152284842306582;9.63117705570398;9.273795599214264;8.985841937003341;9.487840033823051;9.523561956057012;8.800899899920305;9.098032082960527;9.266786540694902;10.211888294546004;9.99717948093762;7.98299357469431;9.29232163280204;9.147204924942228;9.036173612553483;8.829722735086058;9.643856189774723;9.684748620421626;9.12670447284319;9.603626344986193;8.951284714966972;9.103287808412022;9.4655664048094;9.709083812550343;8.62935662007961;9.60177078840771;8.339850002884624;9.290018846932618;8.918863237274595;9.121533517340032;9.622051819456376;9.59618975614441;9.800899899920305;8.179909090014934;9.105908508571158;9.519636252843211;8.483815777264256;9.41574176829009;8.977279923499916;9.599912842187129;7.888743248898259;8.03342300153745;8.754887502163468;8.761551232444479;8.894817763307943;9.172427508645482;7.523561956057013;9.489847960439295;10.281930026955443;8.78135971352466;9.330916878114618;9.722807531169549;9.144658242831882;9.804131021183318;9.566054038171092;8.939579214314692;9.084808387804362;8.851749041416058;8.710806433699352;9.264442600226602;9.226412192788786;8.88264304936184;6.954196310386875;8.546894459887637;8.388017285345136;9.654636028527968;8.487840033823051;9.722807531169549;9.285402218862249;8.810571634741146;9.449148645375436;9.717676423066395;10.93810932621924;8.603626344986193;8.430452551665532;9.26209484537018;9.85642552862553;9.527477006060396;8.768184324776927;8.854868383260236;8.965784284662087;8.807354922057604;9.3151495622563;9.620219825507489;9.071462362556623;9.3151495622563;9.243173983472952;9.372865060112588;10.105908508571158;8.686500527183219;8.948367231584678;8.405141463136344;10.3409627642517;9.403012023574997;11.055960234452296;9.517669388133813;8.845490050944376
6.507794640198696;8.055282435501189;5.78135971352466;4.523561956057013;8.361943773735241;7.189824558880018;8.758223214726724;7.2384047393250786;3.321928094887362;6.189824558880018;6.6293566200796095;6.285402218862249;8.20945336562895;9.353146825498085;6.108524456778169;5.643856189774724;10.526499239136566;5.754887502163468;5.20945336562895;4.754887502163468;5.426264754702098;6.247927513443585;7.672425341971495;6.392317422778761;5.044394119358453;9.08214904135387;4.0;7.960001932068081;3.0;8.124121311829187;6.9886846867721655;4.523561956057013;4.247927513443585;4.247927513443585;5.584962500721156;6.700439718141092;7.118941072723508;4.584962500721156;8.383704292474052;4.459431618637297;8.51175265376738;5.700439718141092;4.392317422778761;5.357552004618084;9.240791332161956;6.392317422778761;6.357552004618084;7.139551352398794;7.139551352398794;6.977279923499917;3.169925001442312;8.810571634741146;3.169925001442312;6.727920454563199;8.67595703294175;5.087462841250339;4.906890595608519;5.882643049361842;8.754887502163468;5.643856189774724;8.179909090014934;8.758223214726724;8.154818109052105;7.651051691178928;4.459431618637297;5.700439718141092;5.882643049361842;3.0;4.392317422778761;6.584962500721156;7.321928094887363;6.6293566200796095;10.347621368568134;6.906890595608519;4.321928094887363;7.247927513443585;5.087462841250339;5.087462841250339;5.044394119358453;1.584962500721156;6.491853096329675;8.90388184573618;6.442943495848728;5.857980995127572;6.714245517666122;8.361943773735241;7.820178962415188;6.672425341971495;7.531381460516312;9.388017285345136;9.702172685365548;4.459431618637297;4.906890595608519;4.700439718141092;5.882643049361842;4.754887502163468;4.392317422778761;4.643856189774724;6.409390936137702;4.459431618637297;4.700439718141092;6.882643049361842;4.954196310386875;6.357552004618084;8.087462841250339;8.59618975614441;7.129283016944966;9.971543553950772;8.837627933171404;5.0;5.832890014164741;7.129283016944966;8.499845887083206;9.076815597050832;8.60733031374961;12.132821006779572;9.94397991434374;8.405141463136344;10.002815015607052;10.98655314975666;8.92184093707449;8.693486957499324;11.916999049082808;8.848622940429339;10.443979542601252;11.043027283594547;9.014020470314934;10.860311054919482;8.67595703294175;9.507794640198696;8.791162888555018;7.800899899920305;9.7431513941125;9.383704292474052;10.111135670234708;10.27029532647204;9.326429487122304;8.330916878114618;8.479780264029099;10.368506461507693;9.041659151637214;10.5980525001616;11.7047682393626;9.933690654952231;9.800899899920305;10.169925001442312;9.068778277985412;10.00842862207058;8.459431618637296;6.658211482751795;7.707359132080882;10.753216749178955;10.312882955284357;7.577428828035749;8.098032082960527;8.820178962415188;8.810571634741146;10.521600439723729;10.213104219641906;9.278449458220482;10.221587121264806;8.400879436282183;9.63117705570398;10.590587049915037;7.499845887083206;10.07815080773465;8.087462841250339;9.445014845868425;9.278449458220482;8.507794640198696;8.46352437327118;7.727920454563199;10.992938336165814;9.022367813028454;9.546894459887636;9.909893083770042;11.055282435501187;11.0;5.832890014164741;8.933690654952233;9.734709620225836;9.226412192788786;9.537218400538595;10.001408194392807;8.682994583681683;9.77313920671969;10.507794640198696;8.546894459887637;9.46352437327118;8.060695931687555;7.94251450533924;11.027905996569883;8.348728154231077;8.224001674198105;6.357552004618084;7.011227255423254;9.850186837645774;9.405141463136344;8.577428828035748;10.483815777264256;10.52552080909507;10.585901449690772;8.686500527183219;8.027905996569885;9.515699838284045;9.26209484537018;11.482303782323182;8.76487159073609;10.13827180017222;11.217351905270334;9.036173612553483;9.975847968006784;9.60177078840771;8.370687406807217;9.41574176829009;9.519636252843211;7.851749041416057;7.546894459887636;8.194756854422248;9.469641817239516;11.174925682500678;8.189824558880018;10.906890595608518;9.642051692927977;8.703903573444663;10.131856960608792
11.205182326228645;8.960001932068081;10.460455896309636;10.651051691178928;11.71853287606922;11.29978040285854;10.303780748177102;10.496853777388042;10.103287808412022;10.397674632948268;11.371776644337924;9.897845456005513;10.400879436282183;10.43254190038826;8.894817763307943;9.162391328756906;10.915879378835774;10.99859042974533;11.33371442609397;10.419960177847887;11.36139553316589;9.932214751968385;12.070791809423062;11.280770770130603;9.041659151637214;10.403012023574997;9.556506054671928;11.048486873992337;9.7431513941125;9.915879378835774;10.263269200372662;8.118941072723507;10.436711542137214;10.453270634010623;11.623881490013458;11.393390457443989;11.487840033823051;10.121533517340032;9.257387842692651;11.27786854617684;8.451211111832329;7.483815777264256;8.651051691178928;10.913637428049103;10.26209484537018;12.708868340211673;10.51668494930961;11.320800548881635;11.320800548881635;9.821773981970567;11.33147682185962;10.44086916761087;9.693486957499324;9.868822554775;10.569855608330949;10.188588845707349;9.859534786382651;12.250298417906333;10.427312844134963;10.306061689428342;11.4893462407191;9.157346935362844;9.67065624911844;9.93810932621924;7.948367231584678;11.022367813028454;9.826548487290914;9.975847968006784;8.651051691178928;8.658211482751796;7.857980995127572;11.371776644337924;10.347621368568134;8.308339030139408;10.715961990255144;9.92184093707449;11.312882955284357;11.312882955284357;9.843921051289035;10.3151495622563;9.902375114486023;10.263269200372662;11.54061240824953;9.047123912114026;10.828929827651486;11.71853287606922;10.543031820255235;10.842350343413807;9.86418614465428;9.681238411777803;9.83605035505807;10.34207466799914;10.298062567719017;9.906890595608518;9.826548487290914;12.017852331905962;8.654636028527968;10.813781191217036;10.333155350310616;9.677719641641009;10.079484783826816;10.576484346796851;9.543031820255235;10.51668494930961;9.556506054671928;9.945443836377912;11.210671343785622;11.133784409179908;10.055282435501187;11.26502894245816;10.4231159101471;11.210671343785622;10.52061868055628;9.014020470314934;9.826548487290914;8.912889336229961;9.564149489985732;9.348728154231075;9.49585502688717;8.741466986401146;9.368506461507693;9.659995892429976;9.1006623390052;9.1006623390052;8.573647187493322;9.35974956032233;9.426264754702098;8.164906926675688;9.26209484537018;9.569855608330949;9.546894459887636;9.41574176829009;9.810571634741146;9.264442600226602;10.458406613236534;9.084808387804362;9.627533884472792;9.1006623390052;10.090112419664289;9.958552715431011;9.778077129535358;9.38586240064146;8.60733031374961;9.85642552862553;9.0;9.159871336778387;9.688250309133178;9.368506461507693;9.280770770130603;9.7279204545632;9.897845456005513;8.906890595608518;9.964340867792416;9.505811553919594;9.20212382383046;8.396604781181859;10.088788238716909;9.39660478118186;9.103287808412022;9.588714635582264;9.893301530860564;9.80896417491926;9.189824558880018;10.10459875356437;9.703903573444665;10.090112419664289;9.853309555403674;8.968666793195208;8.945443836377912;10.11504365016171;9.055282435501187;8.588714635582264;8.906890595608518;9.65284497300198;9.818582177480858;9.025139562278508;9.303780748177102;10.625708843064466;9.179909090014934;9.14210705730255;9.779719355143405;9.052568050804153;10.052568050804153;9.154818109052105;9.932214751968385;8.86418614465428;8.614709844115207;9.722807531169549;9.684748620421626;9.977279923499916;9.539158811108033;7.721099188707186;9.285402218862249;9.169925001442312;9.445014845868425;9.445014845868425;9.7431513941125;9.668884984266247;9.409390936137704;8.60733031374961;9.337621901992508;9.449148645375436;9.041659151637214;7.434628227636725;9.665335917185176;9.550746785383245;9.586839787961829;10.139551352398794;9.24555270625568;9.060695931687556;8.888743248898258;9.854868383260236;9.679480099505446;9.505811553919594;9.958552715431011;9.428360172704291;9.83605035505807;9.659995892429976;9.640244936222343;9.139551352398794;8.930737337562887;8.861086905995395;10.978710459106358;10.27262978497637;9.35974956032233;9.457380879072534
9.25974326369078;9.216745858195306;9.515699838284045;9.481799431665753;8.611024797307353;9.103287808412022;10.839991070539886;9.965784284662089;9.154818109052105;9.400879436282183;9.269126679149418;8.710806433699352;9.715961990255144;9.758223214726724;11.322491537597468;8.668884984266247;11.130570562805426;9.792790294301064;9.179909090014934;8.233619676759702;9.388017285345136;7.900866807980749;10.368506461507693;9.571752643503546;10.492854620174748;9.847057346091336;7.693486957499325;9.187352073200495;8.876516946565;9.974414589805528;10.659995892429976;8.741466986401146;8.804131021183318;8.044394119358454;8.754887502163468;10.189824558880018;9.605479518061667;9.861086905995396;10.306061689428342;7.994353436858858;9.61286849729104;9.060695931687556;6.965784284662087;9.30149619498255;10.34318571544788;9.881113960675096;9.204571144249204;9.20212382383046;9.20212382383046;9.184875342908285;9.981567281903017;10.460455896309636;8.603626344986193;9.076815597050832;9.567956075415466;8.31741261376487;9.407267764244732;9.794415866350104;10.286557761607956;10.555547771647063;10.468624042918018;9.605479518061667;10.732167425663384;9.06339508128851;8.060695931687555;8.442943495848729;9.0;8.977279923499916;6.965784284662087;7.665335917185176;7.392317422778761;9.269126679149418;10.492854620174748;9.194756854422248;5.459431618637297;10.205793249397155;9.469641817239516;9.469641817239516;8.451211111832329;8.813781191217037;8.366322214245816;11.011926066306808;10.563196272216738;8.857980995127573;9.573647187493322;8.611024797307353;9.118941072723509;10.29920801838728;10.200898605038445;11.510269670898175;10.905387005018133;8.507794640198696;10.236014191900084;8.442943495848729;9.0;7.988684686772165;9.264442600226602;9.915879378835774;9.813781191217036;8.280770770130603;9.049848549450562;10.045759661382682;9.618385502258606;9.204571144249204;10.071462362556623;10.989394499844732;9.980139577639155;10.453270634010623;8.649256177517314;9.936637939002573;9.507794640198696;9.980139577639155;9.85642552862553;10.053925881531104;9.409390936137704;10.376125389276174;11.632995197142955;11.356451970221755;11.508785162064513;11.802516365121225;10.216745858195306;10.66622400280318;11.055282435501187;11.107870914279614;10.887220615468385;10.8193807908646;10.27262978497637;10.530406337099068;10.406205005418856;11.281930026955443;11.34485068394299;10.536247215688128;11.787902559391432;10.250298417906333;10.434628227636724;11.000704269011246;11.246740598493144;10.263269200372662;10.323054760341646;12.060020354507852;11.07347215397646;10.989394499844732;11.338736382573916;11.806549621985962;10.14974711950468;9.44086916761087;11.840384550711669;10.91737207947684;11.000704269011246;9.68650052718322;9.556506054671928;10.397674632948268;10.567956075415466;8.977279923499916;10.556506054671928;9.7714894695006;10.249113452713727;10.926295994781112;10.987264012072538;11.590119174107176;10.881113960675096;9.932214751968385;11.07347215397646;12.227315099905493;10.298062567719017;10.82097669262124;10.73809225962049;10.96000193206808;10.855647166027266;10.336506559810257;10.467605550082997;10.642954223480332;11.367414751246828;11.386401423640775;11.52943055414615;10.905387005018133;10.60733031374961;11.746094383705463;8.968666793195208;10.785452468158542;10.932214751968385;10.390168956200185;11.332596057789214;10.641148597411233;10.118941072723509;10.413627929024171;10.145932145820517;10.743992861060176;11.157978449945432;9.766528908598865;11.184875342908285;10.339850002884624;10.790348496751914;10.397674632948268;9.485829308701904;9.497851836951115;11.527477006060396;10.527477006060396;10.197216693110052;9.94104760634058;10.799281621521924;11.08214904135387;10.961449694398196;9.187352073200495;11.591989767615123;10.32755264408124;11.978352958165145;10.517669388133813;10.936637939002573;10.665335917185176;10.060695931687556;10.565102078360312;12.78135971352466;10.555547771647063;11.318542809702723;11.107870914279614;10.452241240430816;11.234817431117325;9.4241662888181;11.089450481115907;10.577428828035748;10.064742764750257;11.467096033905747;11.197830998012195;10.310612781659527;11.112439506781552
12.973697366305352;10.251482410620213;12.23511671439625;9.861086905995396;10.99081307915361;12.20181761666792;11.071462362556623;11.239598529249124;11.56271942704932;11.737669863177452;12.066425600635556;12.44190670454224;10.925554439873554;12.510764167917891;10.754052367528924;10.782179193831208;12.606173844717032;11.789126046425231;11.841957399099549;10.709083812550343;11.827342704234116;12.106562940444883;12.214015491410844;10.726218159332198;10.274960472140602;11.789941128390916;10.625708843064466;10.459431618637296;12.068442416025826;11.326429487122304;11.969386521342283;11.647008638441648;11.47015043527436;10.62844554013718;12.844313461203296;12.733015321685963;12.174925682500678;11.676397887044764;10.99929538702341;11.67065624911844;12.48608080265197;10.660887270302569;10.216745858195306;11.768184324776929;12.219168520462162;11.60408986146918;11.881878707600446;12.68057929578025;12.68057929578025;10.1357092861044;10.644757592516257;12.550506316170104;11.79766152585376;12.72749506902543;11.950191349972702;11.828136484194108;11.418379719364957;12.584962500721156;12.293759009667864;11.427312844134963;10.91737207947684;12.263269200372662;10.850186837645774;11.800090987624994;11.660887270302569;13.095232171619331;11.287712379549449;11.461990950585571;10.216745858195306;12.930552554336137;9.34207466799914;12.066425600635556;12.872482508106724;11.502334580197996;9.977279923499916;11.016808287686557;13.256208688527389;13.256208688527389;11.914385132155443;11.31174831500496;11.883025068440173;11.469641817239516;12.307485448589476;11.360298426618046;12.208843990734614;10.99081307915361;12.509775004326936;11.241387363998935;11.531868775177552;11.14210705730255;11.943247395901553;11.777255315191924;11.69261550169458;11.681677655209691;11.287712379549449;11.276124405274238;11.136350341454156;12.478769619475765;10.828929827651486;10.007027266893967;10.715104009236168;11.167418145831736;12.134747168669016;11.881878707600446;10.827342704234116;11.228217442293436;9.192292814470768;12.896899984419877;12.28439035916582;11.59944798152872;11.416269744523207;9.192292814470768;10.881113960675096;12.10000522442272;10.84862294042934;12.04746477331842;11.898601387403938;11.370687406807216;11.921469060531413;11.733439082899434;11.095397022792556;11.394998514501673;12.210975677726395;11.689561254285524;10.8649599151426;12.223398414711628;10.490850876740298;11.840384550711669;11.346513733165636;11.399811959325683;11.780949798749663;11.529918528120325;11.40886043602476;11.380461065088973;11.403544678202014;11.136350341454156;11.370687406807216;11.611024797307351;11.65954999687987;12.154185209265297;10.489847960439295;11.588246152044816;12.024793384702548;12.034111146096592;11.490349505739289;10.44604940671655;11.932214751968385;11.419433550705378;11.797256217509783;11.822570830950168;11.703038388986418;12.432019846812493;11.968666793195208;11.391780606013166;11.419433550705378;11.267371931265274;11.314583244274194;11.559855041513623;11.141468555393084;12.01854794187165;12.052568050804153;12.303780748177102;11.356451970221755;12.04882741336389;12.0566377151132;11.009128789539256;12.070120944476823;11.939211882666395;12.672204323964031;10.733862719678545;10.83605035505807;10.934428040626804;11.965784284662089;11.505811553919594;11.510764167917891;11.00842862207058;12.230921088137896;11.774787059601174;11.304921669581672;11.30035256032822;11.950920352030098;11.769424641552751;11.821773981970567;12.178664851006472;10.89633240390994;11.632995197142955;11.4231159101471;11.140190703191836;11.322491537597468;11.312315746690109;11.510269670898175;10.99859042974533;11.400879436282183;11.330356716957944;11.511258495502268;11.051208940914766;12.103615656394544;11.924441392339196;11.322491537597468;12.032734528586714;12.325867580575418;12.547858506058416;11.027214885159834;12.101975670949232;11.929258408636972;11.937005926516589;12.246146774635864;10.526499239136566;11.260919533662904;11.995767150877802;11.080151309614088;11.780129619625306;12.246443717117286;11.894059846274022;11.89519657256334;11.507299124122763;11.4231159101471;12.286846502735887;11.076815597050832;11.538673953082668;12.061708704660624;12.135067945777816;12.221587121264806;12.540370243743569;11.762382038710392;11.358651200892886
11.11178773580101;10.792790294301064;11.571752643503546;12.27583351001347;12.626393504173995;10.754887502163468;10.800899899920305;10.393390457443989;10.470658874060552;11.4241662888181;11.4542992936199;13.183480311333778;9.954196310386877;12.206098613995795;11.114393054867309;10.576484346796851;12.963979787815338;10.681238411777803;11.088788238716909;10.337621901992508;11.901998185668496;11.034111146096592;12.159871336778387;10.583082767502932;10.61286849729104;12.466586337719244;11.164906926675688;10.090112419664289;10.871135184243045;11.024447124040648;10.76983784362944;11.64430696154558;10.44086916761087;11.163649676015824;11.915505962231933;12.115368837820224;11.097373768990222;12.465821455643775;11.20945336562895;9.159871336778387;12.64745842645492;11.411510988012072;8.20945336562895;10.604553229079038;12.358925869154714;10.51175265376738;10.935165049603697;12.499596781489752;12.499596781489752;9.792790294301064;12.24347153839633;11.072132604167232;11.23661220021575;11.19537220740274;11.555068391333338;12.139231570719351;11.357002092264985;11.943247395901553;12.664891669286089;11.30035256032822;10.439830883981392;13.524541715035848;11.394998514501673;11.358101707440849;11.014020470314934;13.146409569587783;9.92184093707449;12.421012855779226;8.20945336562895;12.36221781591308;9.802516365121225;11.4542992936199;13.4812949046311;12.42757474756509;11.729195859132094;10.753216749178955;12.210671343785622;12.210671343785622;11.258566033889933;14.025831668332026;11.43879185257826;12.015415052386688;10.52845411076479;11.890644283619087;11.699138625275914;12.626393504173995;11.91176647065955;10.324180546618742;11.766528908598865;12.060020354507852;12.4231159101471;10.758223214726724;10.710806433699352;11.094077685671904;9.92184093707449;11.224001674198105;10.476746203939468;12.689124404913258;10.655530723155644;9.26209484537018;10.934428040626804;10.688250309133178;13.562600191127032;10.935165049603697;11.171802288682985;11.33427328530719;8.665335917185176;13.24272753598652;12.66200071871848;10.074141462752506;11.262682142362165;8.665335917185176;11.642954223480332;12.806146803320525;10.677719641641009;11.251482410620213;12.96902670215077;12.311464515448444;12.70714340198091;11.579787329526992;11.63117705570398;12.407533331671324;12.435930651703597;12.959277505720502;11.294620748891628;13.123313124568744;10.711666973564348;11.84979602224561;11.50481898763284;12.38720958071964;12.691089186236532;12.81977993183848;12.676397887044764;12.889123656294238;11.988684686772164;11.910642730469624;12.659326997414103;12.56961830344664;12.44889062962926;12.99081307915361;10.714245517666123;12.02997734658958;12.068442416025826;12.35149140932002;12.417852514885896;12.11829223302699;12.624567018674917;12.0003521774803;12.188588845707349;12.03514274788591;12.539158811108033;12.522826699925806;13.204265456136843;11.766528908598865;12.586370695113963;12.19598729802851;11.623424289869911;12.001408194392807;11.400879436282183;13.02997734658958;12.955286645524469;12.437752072323605;11.83368074865474;12.360024019571876;13.0591754379151;10.967226258835993;13.031184262140842;11.978710459106358;13.210671343785622;10.720244258287568;11.161131882984307;11.81177605532666;12.181773438808808;11.229419688230417;12.081483438093674;10.46454575033394;12.160186576600662;12.832098846039134;11.717676423066395;12.041659151637214;13.208843990734614;11.735979039613404;12.807354922057604;12.686719366021846;10.794415866350104;11.971902746045467;11.749450465569916;12.002815015607052;12.53818893205242;12.922212717785449;11.605016447911364;10.26795708440284;11.99116750614001;12.075144844066315;12.76424960536716;12.26707926567123;12.536247215688128;13.113579397950534;12.04678297035635;12.343463343667905;13.190904940346524;13.367687756270046;11.65642486327778;12.206098613995795;12.524541715035848;13.174613647235942;12.66777683839343;10.710806433699352;11.798471801101618;12.214015491410844;12.104926303807776;12.257093144491057;13.378565810000564;12.355626393637916;12.433324626715926;11.7279204545632;12.45455634396194;13.145295334933598;11.822172461476178;11.952377251967985;11.934428040626804;13.189361290465795;12.19075064966236;13.657765035265363;12.419960177847887;12.148794321424337
10.836839359748716;7.845490050944375;8.64745842645492;3.321928094887362;5.426264754702098;10.926295994781112;7.266786540694901;3.807354922057604;6.20945336562895;9.544964432789238;5.882643049361842;13.32671035834696;8.0;9.90388184573618;4.754887502163468;4.857980995127572;8.08214904135387;5.754887502163468;3.807354922057604;3.584962500721156;5.426264754702098;8.108524456778168;7.357552004618084;5.044394119358453;2.584962500721156;7.700439718141092;1.584962500721156;5.643856189774724;1.584962500721156;7.693486957499325;2.584962500721156;13.625138043832138;11.03960451795376;2.584962500721156;3.700439718141092;14.38242138663626;4.321928094887363;12.94288099715904;7.531381460516312;3.807354922057604;6.392317422778761;6.266786540694901;4.087462841250339;8.94251450533924;8.491853096329674;6.894817763307944;5.087462841250339;8.038918989292302;8.038918989292302;5.700439718141092;3.169925001442312;8.189824558880018;3.0;4.247927513443585;4.523561956057013;3.169925001442312;11.97692206785108;4.087462841250339;8.29920801838728;5.169925001442312;6.321928094887363;9.485829308701904;7.303780748177103;4.906890595608519;13.754991860009431;4.247927513443585;7.665335917185176;3.700439718141092;4.087462841250339;7.426264754702098;5.807354922057604;5.882643049361842;9.535275376620802;7.475733430966398;3.0;7.839203788096944;4.459431618637297;4.459431618637297;12.524051918717824;2.0;4.643856189774724;7.0;6.044394119358453;4.392317422778761;7.011227255423254;5.426264754702098;7.60733031374961;6.189824558880018;7.044394119358453;9.066089190457772;9.280770770130603;3.0;5.321928094887363;3.700439718141092;7.665335917185176;0.0;6.129283016944966;5.954196310386875;7.0;5.426264754702098;11.51175265376738;7.787902559391432;7.467605550082998;5.087462841250339;7.807354922057604;5.832890014164741;0.0;9.084808387804362;8.149747119504681;2.0;3.807354922057604;0.0;8.118941072723507;10.840777923595054;7.467605550082998;9.887220615468385;10.830515206976838;8.546894459887637;11.084144010615145;10.63662462054365;9.105908508571158;8.842350343413807;11.640244936222343;10.258566033889933;8.980139577639157;11.756973226165448;8.087462841250339;10.907641803665529;9.108524456778168;9.84862294042934;10.225207436943505;10.112439506781552;9.926295994781112;9.843921051289035;9.804131021183318;10.179909090014934;9.659995892429976;8.581200581924957;7.693486957499325;9.4241662888181;7.475733430966398;10.654636028527968;10.483815777264256;10.653740778706569;9.192292814470768;9.663558104217271;9.002815015607053;10.060695931687556;9.821773981970567;6.906890595608519;8.74819284958946;11.12670447284319;10.376125389276174;7.60733031374961;9.111135670234708;10.236014191900084;8.661778097771988;10.337621901992508;9.098032082960527;10.77066389291676;10.369597346278676;8.791162888555018;9.071462362556623;10.957102041562289;8.758223214726724;9.226412192788786;9.581200581924955;10.969386521342283;11.171802288682985;7.98299357469431;9.328674927327947;8.98299357469431;10.627533884472792;9.659995892429976;10.410451351503994;8.573647187493322;10.117643101389092;10.714245517666123;6.930737337562887;10.29920801838728;10.337621901992508;10.96000193206808;10.347621368568134;10.24555270625568;7.577428828035749;9.189824558880018;9.7279204545632;8.994353436858859;9.002815015607053;8.829722735086058;10.230020435705637;9.294620748891628;9.813781191217036;9.14210705730255;7.912889336229962;8.055282435501189;10.694357887221452;10.893301530860564;8.554588851677638;9.541096615349524;10.792790294301064;10.555547771647063;9.469641817239516;8.988684686772165;10.265615046484458;11.112439506781552;11.553149275598548;8.566054038171092;9.945443836377912;10.84313591111135;9.164906926675688;9.899356922923111;11.411510988012072;8.011227255423254;9.927777962082342;10.164906926675688;9.717676423066395;8.294620748891628;6.491853096329675;10.58777751632821;10.749031382040204;10.371776644337924;10.963618617443972;10.589651146514786;9.96289600533726;10.13827180017222
2.807354922057604;2.0;2.321928094887362;0.0;0.0;2.0;3.584962500721156;3.0;1.584962500721156;3.584962500721156;2.321928094887362;0.0;3.700439718141092;1.0;2.321928094887362;3.169925001442312;2.0;2.0;4.392317422778761;2.0;1.0;1.584962500721156;1.584962500721156;3.0;3.0;4.0;1.0;3.906890595608519;2.584962500721156;3.4594316186372973;4.392317422778761;2.0;2.584962500721156;2.0;3.584962500721156;1.0;0.0;2.321928094887362;3.0;1.0;2.584962500721156;3.321928094887362;3.4594316186372973;2.321928094887362;2.0;3.0;3.807354922057604;1.0;1.0;3.807354922057604;1.0;2.584962500721156;1.584962500721156;2.584962500721156;2.584962500721156;2.0;2.321928094887362;3.906890595608519;3.4594316186372973;1.0;1.0;1.0;3.0;1.0;0.0;1.584962500721156;1.0;2.584962500721156;3.4594316186372973;1.0;2.0;2.321928094887362;1.584962500721156;3.584962500721156;0.0;1.584962500721156;2.0;2.0;1.584962500721156;0.0;2.0;4.584962500721156;3.700439718141092;1.584962500721156;1.0;0.0;2.584962500721156;1.584962500721156;4.954196310386875;4.954196310386875;1.0;1.0;2.321928094887362;0.0;1.0;0.0;2.321928094887362;2.584962500721156;3.0;1.0;1.584962500721156;2.321928094887362;1.0;3.807354922057604;4.087462841250339;4.459431618637297;3.169925001442312;1.0;1.584962500721156;3.807354922057604;4.247927513443585;3.169925001442312;1.584962500721156;2.321928094887362;1.584962500721156;2.0;3.0;3.584962500721156;1.584962500721156;2.321928094887362;2.321928094887362;1.0;2.321928094887362;0.0;1.584962500721156;1.584962500721156;2.584962500721156;2.584962500721156;2.807354922057604;0.0;3.321928094887362;2.0;2.0;2.0;3.807354922057604;2.0;1.584962500721156;2.807354922057604;2.0;3.321928094887362;2.0;2.0;1.0;2.0;3.169925001442312;0.0;1.0;3.321928094887362;2.584962500721156;0.0;2.584962500721156;1.0;3.321928094887362;3.0;2.0;0.0;3.0;2.321928094887362;2.807354922057604;3.4594316186372973;0.0;2.807354922057604;1.0;2.807354922057604;2.584962500721156;4.169925001442312;4.087462841250339;0.0;1.584962500721156;4.0;2.0;2.0;2.807354922057604;2.0;2.321928094887362;2.584962500721156;2.321928094887362;1.584962500721156;2.807354922057604;2.321928094887362;2.584962500721156;2.584962500721156;2.807354922057604;2.584962500721156;1.0;2.321928094887362;2.0;2.0;0.0;1.0;1.0;2.584962500721156;2.0;0.0;2.0;1.0;2.321928094887362;2.584962500721156;2.584962500721156;1.584962500721156;2.0;2.321928094887362;1.584962500721156;0.0;1.0;1.584962500721156;3.807354922057604;1.584962500721156;1.0;3.0;3.584962500721156;1.584962500721156;2.807354922057604;3.169925001442312;2.584962500721156;2.321928094887362;3.700439718141092;2.584962500721156;2.0;0.0;3.169925001442312;0.0;2.321928094887362;2.321928094887362;1.0;1.0
12.716176405807428;12.362765744153958;13.463652084955491;13.785043714779723;15.063942729537434;12.368233611380942;13.991521846075695;12.364955378481907;13.613098794209224;13.700006150882864;13.556386304097808;13.474719946526482;13.195526004646196;12.638435913990472;14.690434556395054;12.71831881047926;13.922770209274663;13.372457000417915;13.46824219236017;11.25915476886684;13.577664851764846;12.191059214531656;14.152284842306582;14.21257237850645;12.828533210455618;13.534546067459992;14.136830946102725;12.792993591002716;13.010003521295204;13.082648042352986;13.547858506058416;11.921469060531413;13.256208688527389;13.319248732817504;13.96641532571231;14.16812363935923;13.553029246059738;14.14569337467702;13.679700005769249;12.071797522284209;13.534181274578224;11.732167425663384;10.450180247164754;12.941231050303047;13.475860066475883;14.063226532302876;13.561645948816334;14.021934245770227;14.021934245770227;13.35631440692812;12.580729651598958;13.728770849542665;13.513850940118791;14.217276163307282;14.515268640599905;12.73956967402599;13.163020639580791;13.1728962458698;14.504198286749505;14.398476501449256;13.988329649231089;13.384513961398618;13.56271942704932;13.057991722759176;10.52552080909507;13.605826723159224;13.826945650415484;12.65508344519798;10.450180247164754;12.228217442293436;11.76983784362944;13.556386304097808;13.516192477879368;12.782179193831208;13.374903629112072;14.383906752309382;15.02054595429038;15.02054595429038;11.318542809702723;13.921283086307383;12.269418929741096;15.019025979241784;14.066257405352257;13.941322763537936;13.66077587818261;15.063942729537434;13.836740757757024;13.594207951809086;13.959639764364184;14.513110716890193;13.966235056432945;14.289946825614136;13.311322594732095;12.379649117760035;13.826945650415484;13.934428040626804;13.574002137683546;15.343879685849876;13.440998900540311;11.905763049602792;13.0515488384404;12.889503963411476;12.86785786397283;13.561645948816334;13.64622117183188;13.790857545499614;13.867761359404687;15.160856232599665;13.568490571886253;13.026523442519766;12.539401179028111;13.867761359404687;13.70173963867435;13.744623639343583;13.199365616857982;12.829722735086058;13.767253386915764;13.135388651579046;13.665780028329484;13.713493918252984;13.236163717219272;13.64880694972577;13.336506559810257;13.215381320721084;14.174067423074606;13.050528905530555;12.249113452713727;12.59618975614441;13.267518241801469;13.476239906323851;13.40047922497788;13.661555442467758;14.052228393347402;13.27262978497637;13.640244936222343;13.47015043527436;13.80302113929134;13.458791075608133;13.582024340280569;13.820278702816962;13.877284133523196;14.60020330405384;13.235715094761895;13.594207951809086;13.669770888525518;13.436190995481416;13.151967870968187;13.640357924830376;13.840679590429296;13.431367014075487;13.896521622224974;13.154026940926496;14.588129007386325;13.477252323937952;13.224303209373389;12.556506054671928;13.068274455720507;13.411775775576528;13.124444460008585;13.844607698610256;13.95546828795982;13.433455039827054;14.041488043881468;14.19391031528667;13.33622758948339;13.109504215757006;14.10705356960822;13.937649678896111;12.80332391904149;12.876516946565;13.167574951988176;13.03307880613062;13.575657418193968;14.750811646897551;14.531259606127044;13.663669281733675;14.7431513941125;14.13747150335196;13.069449767427784;13.428360172704291;13.848427334023928;14.376193234513126;14.319178156047638;13.794314321740464;13.472056157502356;13.735027079802624;13.270879295328784;13.375853976418467;13.594674503689903;14.3274122972704;13.605942439625368;12.772108342052116;13.23825544610397;12.916439322580777;13.514837313999376;12.89026427702111;14.151413003496929;13.711236767793784;13.7324854450719;13.124121311829189;13.804534402995223;13.94617524072356;12.608254821977908;12.298349015658186;14.067938476436064;13.917931444281608;14.013933264158965;13.214319120800766;14.127430154309826;13.363176553811964;13.416665599935456;14.175315631699174;14.4629495307459;13.488718845605542;14.064911136698967;13.875845323150736;13.582847628550269;13.44047989881122;12.776021715252812;13.56843119316746;13.5346676445924;12.926110641785304;14.18185106774912;13.71639078949768;13.401279536596528;14.176406929058992
3.807354922057604;2.0;2.807354922057604;1.0;3.4594316186372973;4.169925001442312;2.321928094887362;2.0;4.643856189774724;4.247927513443585;2.0;2.321928094887362;0.0;3.321928094887362;2.0;4.247927513443585;2.0;2.0;3.169925001442312;1.584962500721156;2.807354922057604;2.807354922057604;2.584962500721156;3.4594316186372973;1.0;1.0;1.0;0.0;3.584962500721156;1.0;3.321928094887362;2.807354922057604;2.584962500721156;0.0;3.0;3.0;3.700439718141092;3.700439718141092;3.169925001442312;3.584962500721156;3.4594316186372973;4.807354922057604;2.321928094887362;3.0;3.4594316186372973;1.0;4.321928094887363;3.0;3.0;2.321928094887362;2.0;3.321928094887362;2.0;2.0;1.584962500721156;3.321928094887362;3.584962500721156;3.0;3.700439718141092;1.584962500721156;3.584962500721156;3.584962500721156;3.584962500721156;1.584962500721156;3.169925001442312;1.584962500721156;3.169925001442312;3.169925001442312;2.321928094887362;3.169925001442312;0.0;2.0;3.169925001442312;4.857980995127572;2.0;2.584962500721156;3.321928094887362;3.321928094887362;1.584962500721156;4.906890595608519;1.0;3.700439718141092;2.321928094887362;3.321928094887362;3.169925001442312;3.4594316186372973;3.584962500721156;3.4594316186372973;4.169925001442312;3.807354922057604;1.584962500721156;7.118941072723508;1.584962500721156;1.584962500721156;3.169925001442312;0.0;3.0;3.700439718141092;5.832890014164741;0.0;1.0;1.0;4.906890595608519;4.321928094887363;2.584962500721156;3.4594316186372973;0.0;4.321928094887363;2.807354922057604;0.0;3.0;0.0;1.0;4.247927513443585;2.321928094887362;1.584962500721156;3.700439718141092;2.321928094887362;3.906890595608519;2.0;4.584962500721156;2.807354922057604;1.584962500721156;3.700439718141092;3.0;3.321928094887362;1.0;2.321928094887362;3.169925001442312;4.584962500721156;4.169925001442312;4.523561956057013;3.4594316186372973;3.169925001442312;3.584962500721156;2.0;5.044394119358453;3.700439718141092;4.584962500721156;3.700439718141092;1.584962500721156;1.0;2.321928094887362;2.807354922057604;3.807354922057604;3.321928094887362;4.087462841250339;3.700439718141092;3.0;3.584962500721156;4.523561956057013;1.584962500721156;4.0;3.584962500721156;4.247927513443585;3.4594316186372973;3.0;1.0;0.0;3.584962500721156;4.087462841250339;3.807354922057604;2.0;3.321928094887362;3.321928094887362;3.4594316186372973;5.169925001442312;2.807354922057604;3.584962500721156;1.584962500721156;1.584962500721156;2.321928094887362;2.0;2.807354922057604;3.0;0.0;1.0;3.169925001442312;4.584962500721156;3.584962500721156;3.807354922057604;0.0;3.807354922057604;1.0;3.4594316186372973;2.321928094887362;2.807354922057604;3.169925001442312;4.087462841250339;4.169925001442312;2.0;1.584962500721156;2.584962500721156;4.087462841250339;4.392317422778761;3.4594316186372973;0.0;4.700439718141092;4.087462841250339;2.0;3.321928094887362;3.584962500721156;2.321928094887362;3.169925001442312;3.321928094887362;4.169925001442312;3.700439718141092;2.321928094887362;2.321928094887362;0.0;3.0;2.321928094887362;4.247927513443585;4.584962500721156;4.807354922057604;1.584962500721156;4.754887502163468;4.643856189774724;1.584962500721156;2.584962500721156;3.321928094887362;4.247927513443585;0.0;4.643856189774724;2.584962500721156;2.584962500721156
12.246146774635864;11.053247125912426;11.977995368612962;11.27786854617684;11.466076461396252;12.887411032553183;11.676397887044764;12.20181761666792;11.283088353024002;12.173052457774116;11.078817949961978;10.459431618637296;10.85642552862553;11.825356341479337;11.933690654952231;10.579315937580017;12.110809526898654;12.564387696052629;11.95673914505908;10.227615943414223;11.40886043602476;11.626165319904498;12.242280950302444;11.851749041416058;11.024447124040648;12.533086342167612;11.59105477403678;12.660887270302569;10.521600439723729;11.776433032444732;11.576956664706092;10.91139198784346;11.226412192788786;12.26766453750112;13.184255495405347;10.620219825507489;11.448116305409464;11.946906274456396;11.118941072723509;12.52772134428452;9.328674927327947;9.079484783826816;10.221587121264806;12.219773550892874;11.81977993183848;11.986908624697694;11.468114886378098;11.84979602224561;11.84979602224561;10.972261848733291;11.184875342908285;11.709514660706716;11.852139328187244;10.952741247186488;11.38855550398256;10.208234358339787;12.2836671674915;13.044735626056909;11.90350531042388;11.215532999745657;11.074810461160451;10.434628227636724;11.989394499844732;10.92035285541508;10.442943495848729;12.67065624911844;11.47218311618954;11.1357092861044;10.221587121264806;10.26209484537018;11.979425195331473;11.078817949961978;11.556506054671928;10.348728154231075;12.196909442541138;11.11699367754698;11.59898297103609;11.59898297103609;11.862249900851513;10.014020470314934;10.398743691938192;11.442425193331609;11.10000522442272;11.285980105928212;11.312315746690109;11.466076461396252;12.198445041452365;11.221587121264806;11.564149489985732;11.731743290707842;11.077483356859508;10.610102062999664;11.04507705193494;10.459431618637296;11.47218311618954;12.530893981193922;11.829326335841666;11.847448903982432;11.83605035505807;11.4797802640291;11.151016538892248;11.874981347653774;9.815383295813538;11.468114886378098;10.922584402713664;12.046441948007311;11.859922972861758;12.413892328372643;10.499845887083206;11.925925264972856;11.761135649828644;11.859922972861758;11.954196310386877;10.59898297103609;10.868822554775;10.125413470483316;11.130570562805426;10.922584402713664;11.4893462407191;10.35974956032233;11.019590728357882;11.508289986140348;10.41256984680521;10.186114239541643;10.30035256032822;10.860311054919482;11.375039431346924;9.86418614465428;11.305491792110685;10.854868383260236;11.467605550082997;11.185494924210866;11.98903963696239;11.214926187942435;11.50382573799575;10.853309555403674;11.000704269011246;10.995767150877802;12.272921326867005;11.298062567719017;11.5980525001616;10.610102062999664;10.179909090014934;11.203348002979762;10.715104009236168;10.476746203939468;11.57553924683453;11.281350514981035;11.321928094887362;10.927037168720297;11.464035152189911;9.22881869049588;11.31628153174622;11.34207466799914;11.403544678202014;9.930737337562888;10.768184324776929;11.057991722759176;10.611024797307351;11.63117705570398;11.186733289128869;11.371776644337924;10.793603309279408;11.57553924683453;11.400879436282183;10.842350343413807;11.454813348512523;10.562242424221072;10.64565843240871;11.729620743553038;10.760719947465624;10.24198314969433;10.66266837551754;11.527477006060396;11.187352073200495;10.561287945164828;10.42940674151398;11.866506212226202;10.965784284662089;11.486332252768664;11.199058823653022;10.800899899920305;11.915879378835774;10.360847084179664;11.440350119200565;10.515699838284045;10.247927513443583;10.92851837525789;11.114393054867309;11.064742764750257;11.345405246717796;9.958552715431011;10.698704666770343;10.839991070539886;11.036173612553483;10.624795455860236;10.93737382019215;11.376125389276174;11.53430288245463;9.900866807980748;10.675074920385445;11.52552080909507;10.71681946132995;8.954196310386875;11.41204051455165;11.094077685671904;11.456354415108288;11.214926187942435;10.127994320976391;10.169925001442312;10.75905593916017;10.828929827651486;11.460455896309636;11.023061249735337;11.29748950116098;10.600842114387302;11.1767964781476;12.050528905530555;10.413627929024171;11.02167404285837;10.425215903299383;10.487840033823051;11.683433292835405;11.721099188707186;11.155450731312138;10.655530723155644
11.047123912114026;11.536732889835417;11.4189067312579;12.439830883981392;12.551467952626895;11.84979602224561;13.13249972962851;10.461479447286155;12.60408986146918;14.458534778744625;11.9947069952581;12.899168076134323;12.57530287507339;13.555068391333338;11.916999049082808;11.276706019892432;13.073806847178492;11.794821973331224;12.583787954502338;11.11829223302699;12.744833837499543;14.630039552656095;13.437492010125352;13.223096690347695;11.211279947482009;13.575184674668517;12.421012855779226;12.294907880953652;13.259596162488425;12.217048913556338;13.227315099905493;12.734286232096348;13.507423019098228;9.967226258835993;14.635831464011892;13.507051302247916;11.701306461958623;12.930922097125269;13.040632200562252;15.019894732491704;16.22774754272479;11.309476353841106;11.47218311618954;15.138751765258174;13.920911065923454;13.557463701597824;15.185185166820329;12.689779629377275;12.689779629377275;12.3297963382207;12.610332801911134;12.620219825507489;12.01017840402054;12.798269274949693;13.009128789539256;10.213104219641906;11.186114239541643;13.213104219641906;13.815383295813538;11.41415667927414;11.715104009236168;13.466713778648694;13.702389159976336;11.686062749895417;12.559616085812724;11.160501747555688;11.94104760634058;10.682994583681683;11.47218311618954;12.688031702413934;11.069449767427784;11.9947069952581;13.533086342167612;11.420486612825774;11.81498293642679;13.229269462266736;11.911017407796985;11.911017407796985;11.576484346796851;13.4248223873518;11.2940463132715;13.1666338592993;13.672314837200204;11.872674880270605;11.839991070539886;12.551467952626895;13.342630298678408;11.979425195331473;12.072467608241858;13.950100198809134;12.73047013718422;14.617295268308863;10.694357887221452;9.310612781659527;11.94104760634058;9.741466986401146;12.7795141791435;12.898790308381212;12.185494924210866;12.019243216603607;10.563196272216738;11.3409627642517;11.186114239541643;15.185185166820329;12.598750409571752;13.061539958530144;12.978174174468167;13.715533063526584;12.362765744153958;10.197216693110052;11.842743180731658;12.978174174468167;12.635037871183252;13.89121410590583;13.30848124464402;14.391914828931892;14.13016832814676;13.41323123912454;14.243099585151974;14.03419714109205;13.289298471903477;13.697510607377868;14.337830932691126;14.218184804521943;13.59898297103609;14.363176553811964;13.404875455015208;13.41481734468885;13.286413369370344;13.574238722636666;13.608832338914842;13.85904940635557;13.942239575363963;13.987885729402086;13.88683970588442;13.766632427778108;13.918676926815126;13.73946419458592;13.034627039197348;14.230695977736552;13.620105248607066;14.182704710518964;14.408197036444903;14.16820200623727;13.6713199131833;12.828136484194108;14.0380616201336;13.628673364068312;13.590587049915037;13.657318449581288;13.33161677384507;14.163728286289151;14.046100845028802;13.663446918132603;13.40207940450145;13.628217680223434;13.520373136339725;14.043539998771736;13.813681000582536;14.394060699054595;13.896237785445184;13.6032786098684;13.62490966089025;14.40693573620228;13.659326997414103;13.778487861222372;13.844117269587995;14.129283016944967;14.026004642978943;13.76994112565983;12.882452001882136;13.07363951028323;14.533573081389802;14.05273784954982;13.94196459298614;13.206403913973848;14.408462432884376;14.248817059278505;12.817783121774534;13.49460561567122;14.563732534705844;13.842546775443642;13.937741620077096;14.220907299509877;13.309760544729622;13.527477006060396;14.252295842326314;13.564744931424242;13.772108342052116;13.561168590869755;13.89973454235751;13.044735626056909;13.207471955404491;13.344295907915816;13.764560631570992;12.673971520682796;14.43280285635187;13.883025068440173;13.491853096329674;14.468369487109523;14.413032853263864;14.000792278469312;13.584845089120613;12.800090987624994;13.996561756654629;13.84519599345634;14.504012024398088;13.802516365121225;13.992141731625926;14.299064886779355;13.755722153642282;14.073723181157018;14.276851386917684;13.94452905919877;14.443850077438436;14.276269830912272;13.510146020155364;13.07263508111231;11.714245517666123;13.662445857580664;13.74819284958946;13.556865246766623;14.91246836404911;14.153710352151716;13.92174797692491;13.961178349604277
13.03514274788591;10.689997971419446;12.420223419348645;11.430452551665532;12.629128904028171;12.88626815287296;11.794821973331224;12.271171191139771;12.054943416573323;12.940864139049571;12.280480810318371;12.791569912126878;11.25915476886684;12.023061249735337;12.127994320976391;11.584492796975876;12.483563888125094;11.675516044082778;12.471167133724393;10.893301530860564;12.52135506255826;12.058668250340572;12.09341756438796;12.70173963867435;10.394462694610317;12.15386865522324;10.335390354693924;12.767977501603912;12.36221781591308;12.06373212019692;12.367414751246828;11.619761463298424;12.031701202740305;11.834075953434883;12.729195859132094;11.863024710236886;12.400879436282183;12.068778277985412;11.808562029957525;12.805340828416384;12.174301544467632;9.375039431346924;10.171176797651771;12.56057167123656;12.075813377461454;12.706927639617405;12.43905168059173;12.428098411832506;12.428098411832506;11.596655667674662;12.477505317369708;12.08115052127187;11.39660478118186;12.510022358813766;12.317129926384542;11.95637615724967;12.093087390444218;12.381272555711789;12.664225040837929;12.091435386323608;11.200898605038445;11.887220615468385;11.893680738390907;11.827739648806956;10.802516365121225;11.663113308455806;12.097044499322951;12.696098170955864;10.171176797651771;11.527477006060396;10.92851837525789;12.280480810318371;12.977816540594027;10.935901682267588;11.239001757765582;12.235715094761895;12.037203741151972;12.037203741151972;12.08746284125034;11.556026992724677;12.06339508128851;12.342630298678408;12.461223627613371;11.442943495848729;12.555547771647063;12.629128904028171;12.879966079664356;11.75905593916017;12.536732889835417;12.094407633081207;12.146568675740786;11.157978449945432;11.82456102997028;11.90651484484695;12.097044499322951;12.42259043389256;11.667111542075029;11.589651146514786;11.731743290707842;12.598285174146604;12.432019846812493;12.283956487665112;10.131856960608792;12.43905168059173;11.949097155729207;12.184565452446156;12.477758266443889;12.508289986140348;11.839006900339438;10.96289600533726;13.14863546054867;12.477758266443889;11.641600215834355;11.863024710236886;11.4757334309664;11.993999791792524;12.00562454919388;11.543031820255235;12.165849146176395;11.972261848733291;11.699138625275914;11.939211882666395;12.208539206738363;11.773963368433558;11.38747886584238;12.0003521774803;11.934796592178404;11.377210530388552;11.623881490013458;11.534789211480266;11.99116750614001;11.802516365121225;11.9683067944308;11.595723694101627;12.167104482379932;11.566054038171092;11.998942951443086;11.581200581924955;11.712527000439824;12.185804615108458;11.854868383260236;11.89973454235751;12.157346935362844;12.059344460824423;11.410451351503994;10.924070185585345;12.204571144249204;11.697402007502708;11.889503963411476;12.036860446673046;12.07648160120702;11.92072501975118;12.04678297035635;11.859534786382651;11.49585502688717;11.040289721025715;11.731743290707842;11.963979787815338;11.4812949046311;11.985486199104637;12.169611882604212;12.288000889707574;11.5473765634981;12.3437409184722;11.929258408636972;12.00562454919388;12.132178380915544;12.250002267840449;12.00105627463478;12.360024019571876;11.397139806235604;11.207014320177532;12.0;12.240195053979924;12.179909090014934;11.718104713121756;12.235715094761895;12.307770031890705;11.633449374713493;11.702605602110248;12.04882741336389;11.493355121494906;12.106890045092218;11.556026992724677;11.89973454235751;11.50481898763284;11.767770648776704;11.623881490013458;11.527965641133957;11.806952328210736;12.013671614058635;11.254438148267257;11.439830883981392;11.56271942704932;11.670213636738564;11.390706372872774;12.216442739160492;11.808562029957525;11.693922488081014;11.85914649542596;12.143702076857933;12.065416134676548;11.473705749619416;11.589651146514786;12.14338321398982;11.820178962415188;12.244661144764198;12.027560482248775;11.79685079526716;11.854868383260236;11.33371442609397;12.19598729802851;12.216745858195306;12.01297364837454;12.301210371298426;11.874981347653774;11.945443836377912;11.993999791792524;13.082980613825388;11.63390340934852;11.836444911341369;11.53818893205242;12.584962500721156;12.372048825272772;11.90388184573618;11.744833837499543
0.0;2.807354922057604;2.321928094887362;2.807354922057604;0.0;0.0;2.0;0.0;2.0;3.4594316186372973;2.0;4.523561956057013;1.0;3.4594316186372973;2.807354922057604;1.584962500721156;3.906890595608519;0.0;0.0;1.0;0.0;2.321928094887362;0.0;0.0;0.0;2.0;1.0;2.321928094887362;0.0;5.285402218862249;1.0;1.0;0.0;0.0;0.0;3.321928094887362;1.584962500721156;2.0;3.584962500721156;0.0;2.321928094887362;0.0;0.0;4.0;3.0;0.0;2.321928094887362;2.0;2.0;4.459431618637297;0.0;0.0;1.0;0.0;2.584962500721156;1.0;0.0;1.0;2.0;1.0;0.0;3.169925001442312;3.807354922057604;2.584962500721156;2.0;0.0;1.0;4.169925001442312;0.0;2.807354922057604;2.584962500721156;2.0;4.954196310386875;4.392317422778761;1.0;2.0;0.0;0.0;3.4594316186372973;3.0;0.0;2.321928094887362;2.321928094887362;3.4594316186372973;3.906890595608519;0.0;4.087462841250339;2.321928094887362;2.584962500721156;4.459431618637297;3.0;0.0;2.807354922057604;3.0;1.0;1.0;1.0;0.0;0.0;0.0;0.0;0.0;1.0;2.321928094887362;2.584962500721156;3.807354922057604;3.169925001442312;4.584962500721156;5.569855608330948;0.0;1.0;3.169925001442312;0.0;4.392317422778761;0.0;0.0;4.169925001442312;2.807354922057604;1.0;2.321928094887362;3.807354922057604;3.169925001442312;2.0;4.247927513443585;1.0;3.0;3.4594316186372973;1.584962500721156;3.321928094887362;3.584962500721156;4.169925001442312;4.643856189774724;3.584962500721156;2.0;4.857980995127572;3.0;2.584962500721156;3.169925001442312;2.807354922057604;2.0;2.321928094887362;1.584962500721156;1.0;4.087462841250339;2.584962500721156;2.321928094887362;5.169925001442312;1.0;3.169925001442312;4.523561956057013;3.807354922057604;2.807354922057604;3.4594316186372973;3.906890595608519;4.087462841250339;2.807354922057604;3.700439718141092;3.169925001442312;3.584962500721156;3.807354922057604;5.044394119358453;1.584962500721156;2.584962500721156;4.169925001442312;3.0;4.523561956057013;4.392317422778761;3.321928094887362;4.169925001442312;4.523561956057013;2.321928094887362;4.584962500721156;1.584962500721156;3.0;3.0;0.0;0.0;3.321928094887362;3.321928094887362;2.807354922057604;3.0;3.4594316186372973;3.700439718141092;3.0;2.584962500721156;1.584962500721156;1.584962500721156;5.247927513443585;4.0;2.0;0.0;0.0;3.807354922057604;4.0;2.0;3.807354922057604;3.321928094887362;3.169925001442312;1.584962500721156;2.0;3.906890595608519;5.0;1.584962500721156;5.087462841250339;3.4594316186372973;4.392317422778761;0.0;1.584962500721156;1.0;1.0;2.321928094887362;2.584962500721156;4.584962500721156;3.169925001442312;3.0;2.0;3.4594316186372973;5.044394119358453;0.0;0.0;2.584962500721156;3.700439718141092;2.0;3.0;2.0;2.321928094887362
8.951284714966972;8.991521846075695;9.41574176829009;8.807354922057604;11.127994320976391;11.326991174900815;10.015415052386688;7.754887502163468;7.515699838284043;9.661778097771988;7.988684686772165;8.73809225962049;9.005624549193879;12.268542000300124;8.60733031374961;11.461990950585571;11.677719641641009;9.7515440590891;9.826548487290914;7.672425341971495;8.294620748891628;9.932214751968385;9.579315937580017;9.430452551665532;9.94982671075911;12.41256984680521;8.727920454563199;8.535275376620802;4.584962500721156;8.622051819456376;8.164906926675688;7.800899899920305;8.758223214726724;10.473705749619416;11.436190995481416;10.25974326369078;6.857980995127572;9.084808387804362;10.036173612553483;10.80896417491926;8.543031820255237;10.622051819456376;9.252665432450248;9.868822554775;11.855257827193196;10.308339030139408;8.658211482751796;9.792790294301064;9.792790294301064;9.681238411777803;10.674192268145683;11.240195053979924;9.722807531169549;7.800899899920305;9.853309555403674;9.055282435501187;6.918863237274595;11.401412878714178;10.651948610723446;9.194756854422248;9.972979786066292;11.490850876740298;10.977279923499916;8.535275376620802;10.222794902868111;10.405141463136344;8.45532722030456;8.611024797307353;9.252665432450248;8.832890014164741;9.08214904135387;7.988684686772165;11.73978060977326;10.963618617443972;8.62935662007961;10.22881869049588;9.605479518061667;9.605479518061667;8.467605550082997;11.075479149488016;9.211888294546004;9.954196310386877;9.451211111832327;10.606405212697783;9.634811050171718;11.127994320976391;9.68650052718322;8.50382573799575;9.539158811108033;11.429929741353272;10.018200178813226;6.22881869049588;7.807354922057604;8.03342300153745;8.45532722030456;10.290018846932618;8.405141463136344;9.930737337562888;9.618385502258606;7.851749041416057;8.948367231584678;11.671541066711884;9.372865060112588;8.658211482751796;10.075479149488016;10.659995892429976;9.264442600226602;11.436190995481416;8.64745842645492;10.462502272597265;9.434628227636724;9.264442600226602;10.246740598493144;11.417852514885896;11.239001757765582;8.930737337562887;10.74819284958946;10.876516946565;11.534789211480266;9.280770770130603;9.878050912728536;11.293471648838134;9.831307243802051;11.228217442293436;8.717676423066395;11.131856960608792;11.12605911607068;9.94104760634058;11.162391328756906;10.63662462054365;11.02167404285837;11.5473765634981;11.335390354693924;11.475226777742266;11.884552133987237;9.782998208920414;11.02997734658958;11.34485068394299;12.391780606013166;11.201511344500146;10.7657004876511;8.005624549193879;10.020979938904212;11.229419688230417;11.124121311829189;9.99717948093762;11.862249900851513;10.579315937580017;10.599912842187129;11.945809584900822;11.222191138456331;8.78135971352466;11.1357092861044;11.663113308455806;10.906890595608518;10.326429487122304;10.794415866350104;10.778077129535358;8.727920454563199;11.86727873970966;11.341518823245243;11.486332252768664;10.876516946565;11.12670447284319;11.777666280880757;11.464035152189911;11.98370619265935;10.742309436084;10.90312867681232;11.91513244895065;9.588714635582264;10.250298417906333;9.34207466799914;10.680359523513712;10.31741261376487;7.6293566200796095;8.266786540694902;11.82456102997028;10.991521846075695;10.731319031025064;11.898601387403938;9.324180546618742;11.75112558336727;9.419960177847887;11.636171441635922;9.94251450533924;8.74819284958946;10.897089128312755;11.603626344986193;11.409390936137704;11.482303782323182;8.888743248898258;10.65284497300198;10.86727873970966;11.841957399099549;10.562242424221072;10.032045726930807;11.41204051455165;11.375039431346924;8.566054038171092;11.025139562278508;11.22881869049588;10.785452468158542;9.932214751968385;11.364134655008051;11.267371931265274;11.287712379549449;10.111135670234708;9.894817763307945;9.25502856981873;11.010528105886484;10.067434360756522;10.980853606379736;11.68079903457298;11.552669097514272;8.038918989292302;10.812177305514448;10.987264012072538;5.930737337562887;10.477758266443889;11.03960451795376;11.338179249900112;9.18239435340453;10.929998062609029;11.773963368433558;10.345405246717796
15.335843917182553;9.005624549193879;16.517700141025706;4.0;6.149747119504682;11.44086916761087;10.752380646552892;9.668884984266247;6.409390936137702;15.092633277855525;12.140829770773;14.46677749489209;10.597121428789569;13.37218489648635;12.016460104979208;13.878146731480664;13.498973829262413;13.31599862262856;11.501339618061396;8.968666793195208;10.375039431346924;14.80705298720543;11.169925001442312;10.637530551525307;5.78135971352466;10.169925001442312;4.700439718141092;12.933321820732946;10.909893083770042;11.929258408636972;5.357552004618084;14.49866225224872;9.906890595608518;3.906890595608519;3.807354922057604;13.74420315113283;5.832890014164741;13.60848585649532;12.80332391904149;11.511258495502268;9.400879436282183;10.532355925288847;12.7238742188639;11.950920352030098;16.01924321660361;7.74819284958946;12.94288099715904;13.521600439723729;13.521600439723729;10.364134655008051;4.169925001442312;7.614709844115208;11.130570562805426;8.507794640198696;8.005624549193879;12.385592813601365;12.483815777264256;7.312882955284356;13.522704120798252;11.386940245324311;6.599912842187128;13.322773176454564;12.844313461203296;6.754887502163468;14.33838819986657;5.044394119358453;9.63117705570398;11.913263430628762;12.7238742188639;14.81408172137975;8.055282435501189;12.140829770773;16.25994550335684;12.952741247186488;3.4594316186372973;8.912889336229961;7.03342300153745;7.03342300153745;14.454106475802908;4.807354922057604;13.825455724597957;12.973518004703717;7.700439718141092;13.173364830849035;15.175120670274952;6.149747119504682;8.59618975614441;6.599912842187128;12.579080183834757;10.555547771647063;14.55158811212731;7.584962500721156;6.189824558880018;5.727920454563199;9.63117705570398;5.321928094887363;12.003166506665169;7.044394119358453;6.906890595608519;9.066089190457772;13.398342887645883;12.6640027628865;8.79766152585376;12.94288099715904;12.373408960228696;10.43149760425805;1.0;11.90312867681232;12.233320082730822;5.285402218862249;10.657318449581288;1.0;9.843921051289035;12.70628015884916;12.667555107041132;8.721099188707186;11.184255495405347;12.605248001565805;12.088125692188209;9.558420713268664;10.61286849729104;13.910080531966354;9.881113960675096;11.019590728357882;10.691743519171276;12.590119174107176;11.445532219028312;10.287712379549449;10.64745842645492;11.985486199104637;11.79685079526716;12.711451886714766;11.389631339260522;13.231221180711186;12.925183519434208;11.413627929024171;13.550626555786868;12.796242448203165;9.247927513443583;14.562242424221072;9.407267764244732;9.823367240046236;9.523561956057012;11.806146803320525;12.001408194392807;12.527965641133957;11.965423565810127;13.595956743943162;10.456354415108288;13.601422605700364;11.004922678569043;10.382624026574916;14.7632123668144;11.586370695113963;13.778385189262687;11.757390009366638;11.400879436282183;13.018895621121649;8.044394119358454;11.342630298678408;12.211888294546004;15.648582283363735;12.34623669139025;10.906890595608518;11.544964432789238;12.02997734658958;12.139231570719351;11.960725994839056;13.457509135732698;12.489597122389307;11.06406908038551;10.4797802640291;10.84862294042934;11.669328004395904;10.667111542075029;7.74819284958946;9.436711542137214;13.011401989880063;11.393390457443989;12.433846208442825;13.979157210740588;11.50382573799575;11.817783121774534;11.337621901992508;12.448116305409464;10.80896417491926;9.079484783826816;12.121857245612654;12.073806847178492;11.731743290707842;11.827342704234116;7.022367813028454;11.924441392339196;10.648357582009666;12.337621901992508;12.609871287178828;11.644757592516257;13.490474864825336;12.885886991697456;9.12670447284319;12.807958602256477;13.902940323128275;10.147204924942228;12.599215495017718;13.842546775443642;13.092426815780255;11.219773550892874;9.782998208920414;12.263562639820616;10.409390936137704;13.809466698537456;13.043881707688747;13.258418812598832;12.919980595048962;12.658657792126084;8.60733031374961;13.91176647065955;13.404476350847172;7.366322214245816;13.354111608460832;10.982280604558284;12.170863950411928;8.710806433699352;14.76647714622364;13.489597122389307;12.234817431117325
13.5090326863065;11.366868586167094;12.99081307915361;11.025139562278508;12.57530287507339;12.043710863347156;11.559377090526684;11.41256984680521;13.366458826626095;12.104926303807776;12.279900715802762;13.15212636534252;11.611024797307351;13.517669388133813;11.469133019829592;11.926666629347284;13.176640671134011;13.017156386383112;12.157662727208448;11.307770031890705;13.126543160712323;12.285402218862249;12.529918528120325;11.64745842645492;11.853309555403674;12.075479149488016;11.578844391558205;11.437752072323605;12.922770209274663;11.439830883981392;12.760927813619846;12.43306376512207;12.161446847518008;11.61240779313867;13.545929769085468;13.690871009292314;12.542548262335211;12.557463701597824;11.578844391558205;12.193525360501216;13.35300894667723;11.211888294546004;10.88264304936184;12.36194377373524;12.838022058304546;12.181773438808808;12.341518823245243;13.686719366021846;13.686719366021846;11.051208940914766;12.524541715035848;12.946906274456396;12.52135506255826;13.649929757036618;12.958008883656944;12.909330593006835;12.381002109550924;13.484445307771644;13.151650829973422;12.397139806235604;11.63026712502677;12.970824901362615;11.406205005418856;12.31628153174622;12.12088584278779;13.002287618401075;11.751962413460854;12.8460779861726;10.88264304936184;13.39941145174687;10.674192268145683;12.279900715802762;13.56961830344664;12.392585756275468;10.328674927327947;12.281930026955443;13.197677446307418;13.197677446307418;11.163649676015824;13.173989374166537;12.390437689560535;12.134747168669016;13.22143607744528;12.943247395901553;13.538067651312495;12.57530287507339;13.16427843830117;12.0911047583765;11.81177605532666;11.8668925276766;12.706711844980717;12.733862719678545;11.887220615468385;11.515207030408751;11.751962413460854;11.86611979330307;12.026869205263395;12.767977501603912;12.254733389246674;10.62844554013718;11.439830883981392;11.517669388133813;12.977995368612962;12.341518823245243;11.686938171670388;11.655530723155644;10.602698865017963;13.568312428397611;13.112113658097863;12.443720600656578;12.078817949961978;10.602698865017963;11.649705265471413;12.602698865017963;11.321928094887362;11.761966695382092;12.47826403158172;11.933321820732946;12.572463389083676;11.814582465906277;11.68650052718322;11.734709620225836;12.302353326431202;12.461990950585571;11.145295334933598;12.722594098956584;10.62113611327464;11.712527000439824;11.480790201095816;11.939579214314692;12.567718457850754;12.465311308877183;12.31938987600021;12.389093521904474;11.958915156091347;11.564625862795372;12.30149619498255;12.285113188501493;12.188588845707349;12.868243817704636;10.99929538702341;11.876900591040306;12.136670762341843;12.326429487122304;12.054943416573323;11.452756029032496;12.502334580197996;11.858758099935422;11.950920352030098;12.039947160169094;12.042343379793692;12.40832974076739;12.641600215834355;11.757390009366638;12.282798858683533;11.652396861477678;12.061033601681112;11.701306461958623;11.363039630256514;12.623424289869911;12.613559277788264;12.840384550711669;11.81977993183848;12.437752072323605;12.367687756270046;11.13249972962851;12.702605602110248;12.355626393637916;12.889313822384397;11.064742764750257;11.356451970221755;11.510764167917891;11.99045856507371;11.546412195119352;11.906890595608518;10.682994583681683;12.33063682472329;12.62935662007961;11.854868383260236;11.486332252768664;12.57459352733761;11.698270577692032;12.501837184902296;12.290882822429577;11.513727595952435;11.97692206785108;11.526010107061737;11.86611979330307;12.187352073200495;12.255618749839597;11.773551346428505;10.904634621668151;11.682116764950074;11.934059394900794;12.16804526822409;11.722380635163802;12.34568244818678;12.766114757586722;11.952741247186488;12.215836309962455;12.871135184243045;13.267518241801469;11.43879185257826;12.350939181546432;12.324180546618742;12.86418614465428;12.594091290260412;10.94104760634058;11.874981347653774;12.139551352398794;11.800899899920305;12.114393054867309;12.950191349972702;12.4757334309664;12.230320715661112;11.71037597120447;12.199365616857982;12.639566818681828;12.085472459181284;11.689124404913258;12.1526017440192;12.827739648806956;12.338736382573916;13.185185166820329;12.314583244274194;11.781769511863132
12.5427900615549;11.60408986146918;11.93110683302934;10.973697366305352;13.380325772263731;12.20181761666792;11.543031820255235;11.96289600533726;12.668663423175296;12.01262453886506;11.98192398731734;13.457765614851754;10.91214085629572;13.113416611485944;11.57601187420678;11.303780748177102;12.99859042974533;11.406736482691723;11.307770031890705;11.72749506902543;12.372048825272772;12.97656412341533;12.925183519434208;12.606867837374152;10.532355925288847;12.466331422082767;11.011227255423254;10.646558710154547;12.53016245322715;11.892542816648552;11.198445041452365;12.093747662785669;11.767356854125683;11.183015000882756;11.51422090935813;13.231671202562785;12.283377789285558;13.344712009935012;12.354524889449351;10.256208688527389;13.550746785383245;11.567480801143043;10.829722735086058;12.275542556086725;13.121857245612654;11.894817763307945;11.642954223480332;12.609409624761804;12.609409624761804;11.086799685623452;11.324180546618742;12.485074563698612;11.320800548881635;12.695010739653238;12.347067657165873;11.452756029032496;12.051208940914766;13.133463346523438;13.101154978600524;11.910642730469624;10.802516365121225;13.431367014075487;11.963618617443972;12.557942286787448;11.706927639617405;13.75676478940414;11.869593843240784;11.85681455250301;10.829722735086058;12.806952328210736;10.827342704234116;11.98192398731734;13.771592633363554;13.151333719291657;10.159871336778387;12.33063682472329;12.124444460008585;12.124444460008585;12.545929769085468;12.185804615108458;11.971902746045467;12.58941707576861;12.423378576518491;12.263269200372662;12.349834091457248;13.380325772263731;12.65217275350971;10.948367231584678;12.19198451336031;12.586370695113963;13.275688040384823;11.955286645524469;11.602234901341063;11.948732239819616;11.869593843240784;11.25502856981873;11.595723694101627;11.37937836707126;13.536732889835417;10.018200178813226;11.505811553919594;11.824958740528524;12.141787841671004;11.642954223480332;11.83368074865474;12.246740598493144;9.515699838284045;13.944346034137832;12.935165049603697;11.660887270302569;11.805743872151618;9.515699838284045;12.206098613995795;12.976385117888592;11.667555107041132;12.247927513443583;13.453013354466314;12.539885792751477;13.446954039279555;12.3188252203997;12.518407276671365;12.440090524950488;12.882260929099804;13.095067301607054;11.93810932621924;13.132339064219256;11.419433550705378;12.401679525982452;12.249706056969703;12.537703747907644;13.123151432773575;13.09687983630378;12.942331224510577;12.81678367937856;12.379919817646538;12.215532999745657;12.840777923595054;12.937189885081184;12.658657792126084;13.279610581052484;11.456867738380344;12.465311308877183;12.955286645524469;12.9947069952581;12.381272555711789;11.725792271494155;13.16427843830117;12.495105510007784;12.949279579076595;12.650827374138768;12.86360554432145;12.916812497709833;13.06406908038551;12.293759009667864;12.674412981837063;12.400078902622012;12.63254087654689;12.534546067459992;11.984062369686436;13.398342887645883;13.356451970221755;12.97172316117676;12.390706372872774;13.073974164666753;13.491477345568104;12.002111776479852;13.26605446829837;12.961268803539594;13.744833837499543;11.532355925288847;11.94288099715904;12.07648160120702;12.910642730469624;12.163020639580791;12.849405100947758;11.002815015607052;12.884742903579696;12.927777962082342;12.512740462803498;12.605248001565805;13.299494239009364;12.526010107061737;13.116343961237469;12.817783121774534;11.565578136784328;12.381542951184583;12.455840909126398;12.598517810612622;12.94196459298614;12.627077840517394;12.667998535672528;11.214319120800766;12.114067647165264;12.362491806046062;12.902563541971553;12.292609222764296;13.048657153725893;13.333574677458138;12.45532722030456;12.887030173247677;13.555787402083771;13.686062749895417;12.10000522442272;12.673971520682796;13.138431806276849;13.186114239541643;13.3188252203997;11.579787329526992;12.47699928613306;12.56081046872794;12.384783750093352;12.842350343413807;13.651724433108065;13.240791332161956;13.072132604167232;12.5473765634981;12.582377235640692;13.35631440692812;12.874405076409488;12.479022346995178;12.732803394393494;13.452884697486615;12.79340009848382;13.579198065523013;12.909518114296617;12.413627929024171
5.78135971352466;10.389093521904474;8.968666793195208;5.614709844115208;9.098032082960527;7.965784284662087;8.714245517666123;5.247927513443585;6.6293566200796095;7.129283016944966;5.426264754702098;6.599912842187128;8.164906926675688;6.6865005271832185;7.400879436282184;5.491853096329675;9.084808387804362;7.129283016944966;5.754887502163468;4.392317422778761;8.76487159073609;5.0;9.442943495848729;6.129283016944966;4.087462841250339;8.581200581924957;5.78135971352466;8.118941072723507;3.169925001442312;8.326429487122303;3.4594316186372973;6.6865005271832185;5.285402218862249;3.584962500721156;8.573647187493322;6.9886846867721655;4.087462841250339;5.584962500721156;7.665335917185176;4.321928094887363;8.280770770130603;5.459431618637297;4.169925001442312;7.434628227636725;6.507794640198696;5.857980995127572;5.491853096329675;6.965784284662087;6.965784284662087;6.087462841250339;10.243173983472952;6.523561956057013;4.169925001442312;5.20945336562895;7.584962500721156;4.321928094887363;8.90388184573618;7.577428828035749;7.643856189774724;5.20945336562895;6.569855608330948;7.434628227636725;7.087462841250339;6.658211482751795;3.169925001442312;6.569855608330948;5.78135971352466;4.643856189774724;4.169925001442312;3.169925001442312;6.149747119504682;5.426264754702098;8.714245517666123;7.906890595608519;9.45532722030456;8.741466986401146;9.022367813028454;9.022367813028454;4.523561956057013;6.918863237274595;4.459431618637297;8.876516946565;5.672425341971495;7.693486957499325;2.321928094887362;9.098032082960527;7.467605550082998;5.426264754702098;6.78135971352466;8.055282435501189;9.782998208920414;5.285402218862249;6.066089190457772;6.599912842187128;5.78135971352466;7.499845887083206;6.0;8.388017285345136;6.321928094887363;9.49585502688717;4.857980995127572;5.807354922057604;5.357552004618084;5.491853096329675;6.357552004618084;7.768184324776926;6.845490050944375;7.475733430966398;6.78135971352466;8.194756854422248;4.087462841250339;6.845490050944375;7.592457037268081;9.1006623390052;8.546894459887637;10.9901039638575;9.640244936222343;8.011227255423254;9.970105890612182;10.52258153125483;9.731319031025064;7.569855608330948;11.199672344836364;9.774787059601174;10.499845887083206;11.065416134676548;9.681238411777803;10.577428828035748;9.147204924942228;9.019590728357882;8.417852514885897;7.826548487290915;9.964340867792416;7.761551232444479;8.813781191217037;9.26209484537018;6.754887502163468;7.948367231584678;8.45532722030456;7.651051691178928;11.12670447284319;11.11178773580101;11.157346935362844;9.897845456005513;8.290018846932618;7.266786540694901;8.103287808412022;8.954196310386875;9.554588851677638;7.076815597050831;9.105908508571158;9.807354922057604;9.22881869049588;7.491853096329675;6.672425341971495;8.584962500721156;8.622051819456376;9.945443836377912;10.873444112515376;9.060695931687556;9.357552004618084;6.977279923499917;10.380461065088973;10.997885127829113;8.335390354693924;9.987264012072538;7.845490050944375;8.951284714966972;8.92184093707449;9.273795599214264;8.721099188707186;8.550746785383243;11.426264754702098;10.34318571544788;9.78463484555752;10.938844457466171;11.211279947482009;8.087462841250339;6.930737337562887;9.00842862207058;8.519636252843213;10.73640193131829;9.899356922923111;10.309476353841106;8.43879185257826;9.622051819456376;10.706496018061188;9.131856960608792;8.471675214392045;8.483815777264256;10.1331422124006;10.52845411076479;8.696967526234287;7.475733430966398;7.330916878114617;7.851749041416057;11.263269200372662;8.459431618637296;7.851749041416057;10.744833837499543;9.829722735086058;9.30149619498255;9.50382573799575;7.900866807980749;9.804131021183318;7.426264754702098;10.443979542601252;10.430452551665532;9.952741247186488;10.696967526234287;8.092757140919852;10.509775004326936;10.484822894262146;7.672425341971495;10.29920801838728;11.4655664048094;7.78135971352466;7.011227255423254;9.044394119358454;9.847057346091336;9.964340867792416;8.144658242831882;12.446824840780309;8.430452551665532;7.515699838284043;9.339850002884624
11.079484783826816;9.7714894695006;11.891403996665025;11.398743691938192;11.602698865017963;12.314583244274194;11.502334580197996;11.590119174107176;10.399811959325683;11.914385132155443;10.672425341971495;10.602698865017963;11.42940674151398;10.632995197142955;11.240195053979924;10.632995197142955;11.647008638441648;11.797256217509783;11.68431031112435;9.987264012072538;11.45994384837493;10.811374693509942;10.97513145692134;11.71853287606922;10.893301530860564;11.17804232886482;10.845490050944376;12.736613330694578;10.681238411777803;11.655530723155644;12.04507705193494;10.144658242831882;10.753216749178955;11.874981347653774;11.314583244274194;11.306061689428342;10.556506054671928;10.841564347730577;10.400879436282183;12.032734528586714;9.870364719583405;7.900866807980749;10.00842862207058;11.262682142362165;10.727069558023706;11.913637428049103;11.703471046071948;11.88340698638837;11.88340698638837;10.734709620225836;11.7858611057596;10.795227966028678;10.055282435501187;10.376125389276174;10.603626344986193;10.140829770773;10.857203471508166;12.624795455860236;11.107870914279614;11.919608238603251;11.270879295328784;9.499845887083206;10.857203471508166;11.227615943414223;9.92184093707449;10.791162888555018;11.349281228817452;11.77066389291676;10.00842862207058;9.914385132155443;10.266786540694902;10.672425341971495;10.929998062609029;8.672425341971495;11.469133019829592;10.452241240430816;12.162706018482416;12.162706018482416;10.73809225962049;11.080817527608328;10.413627929024171;11.419960177847887;12.135067945777816;10.593391122791736;10.572700226487292;11.602698865017963;11.465056167831175;12.112439506781552;11.397674632948268;10.957102041562289;10.198445041452365;11.56271942704932;10.597121428789569;9.428360172704291;11.349281228817452;12.653964643249012;11.107870914279614;12.167418145831736;11.06339508128851;12.249409785269128;11.709945380232496;11.490850876740298;9.622051819456376;11.703471046071948;11.24436383512051;11.276706019892432;12.582847628550269;10.881878707600446;10.10459875356437;11.756973226165448;11.441388029346689;12.582847628550269;10.852529509404196;9.60177078840771;9.99435343685886;9.027905996569883;10.06204613772049;10.186114239541643;10.222794902868111;9.090112419664289;10.381542951184583;10.836839359748716;9.12670447284319;9.688250309133178;9.068778277985412;9.991521846075695;11.023061249735337;8.199672344836364;10.246740598493144;9.721099188707186;10.38586240064146;10.239598529249124;11.001408194392807;9.717676423066395;11.347067657165873;9.544964432789238;9.987264012072538;9.73978060977326;10.603626344986193;10.568906154502084;11.060695931687556;9.573647187493322;9.0;10.651051691178928;9.702172685365548;9.799281621521924;10.513727595952435;10.303780748177102;9.902375114486023;9.84862294042934;10.831307243802051;8.611024797307353;10.682994583681683;10.20945336562895;9.859534786382651;8.86418614465428;10.43879185257826;10.265615046484458;10.090112419664289;10.487840033823051;10.410451351503994;10.552669097514272;9.961449694398196;10.65284497300198;10.11504365016171;10.586839787961829;10.295768934420508;9.583082767502932;9.744833837499543;11.61056350392504;9.618385502258606;9.885696373339394;9.804131021183318;10.550746785383245;10.335390354693924;9.857980995127573;10.052568050804153;11.161131882984307;10.17367713630342;9.845490050944376;10.533329732305834;9.778077129535358;10.743992861060176;9.581200581924955;10.914385132155443;9.599912842187129;8.89178370321831;10.20945336562895;10.230020435705637;10.42940674151398;10.642954223480332;9.055282435501187;10.127994320976391;9.749869427396844;9.965784284662089;10.125413470483316;10.283088353024002;10.664447284547972;10.27029532647204;8.997179480937621;10.335390354693924;10.51175265376738;9.980139577639155;9.294620748891628;10.355351096424812;10.022367813028454;10.19598729802851;11.204571144249204;9.554588851677638;9.430452551665532;9.583082767502932;9.923327485419192;10.363039630256514;10.3297963382207;10.62844554013718;9.774787059601174;10.172427508645482;10.562242424221072;8.39231742277876;9.926295994781112;9.483815777264256;9.306061689428342;11.278449458220482;10.860311054919482;9.972979786066292;9.588714635582264
3.169925001442312;2.0;1.584962500721156;8.826548487290914;1.0;5.129283016944966;1.0;2.584962500721156;4.954196310386875;3.807354922057604;3.321928094887362;2.0;8.654636028527968;4.0;0.0;2.0;4.459431618637297;3.0;2.0;2.321928094887362;4.169925001442312;3.906890595608519;2.807354922057604;5.554588851677638;6.247927513443585;2.584962500721156;1.0;2.321928094887362;4.584962500721156;3.4594316186372973;7.303780748177103;1.584962500721156;2.0;8.348728154231077;5.857980995127572;1.584962500721156;2.584962500721156;1.0;2.584962500721156;1.584962500721156;1.584962500721156;1.584962500721156;4.087462841250339;2.321928094887362;2.321928094887362;6.409390936137702;8.73809225962049;0.0;0.0;3.169925001442312;3.321928094887362;3.700439718141092;3.807354922057604;1.0;3.700439718141092;1.584962500721156;1.0;7.0;2.807354922057604;5.321928094887363;8.829722735086058;4.523561956057013;4.321928094887363;1.0;0.0;1.0;5.20945336562895;3.584962500721156;4.087462841250339;2.321928094887362;2.0;3.321928094887362;3.906890595608519;0.0;8.696967526234287;0.0;4.247927513443585;4.247927513443585;0.0;10.096715154488535;2.0;0.0;1.584962500721156;1.584962500721156;5.247927513443585;1.0;1.584962500721156;2.0;2.807354922057604;4.643856189774724;2.0;8.870364719583405;1.0;2.321928094887362;5.20945336562895;5.554588851677638;4.087462841250339;2.321928094887362;1.0;2.321928094887362;4.087462841250339;2.584962500721156;3.321928094887362;8.73809225962049;2.321928094887362;3.321928094887362;3.584962500721156;1.584962500721156;2.4594316186372973;7.679480099505446;0.0;3.584962500721156;1.584962500721156;2.0;3.169925001442312;0.0;3.4594316186372973;2.0;2.321928094887362;2.321928094887362;2.584962500721156;2.807354922057604;1.584962500721156;3.321928094887362;4.459431618637297;3.4594316186372973;3.4594316186372973;1.584962500721156;1.0;1.584962500721156;2.584962500721156;3.906890595608519;4.247927513443585;0.0;3.321928094887362;0.0;4.169925001442312;3.700439718141092;3.321928094887362;3.807354922057604;3.4594316186372973;0.0;0.0;2.0;3.584962500721156;2.0;3.0;2.807354922057604;1.0;2.807354922057604;4.643856189774724;0.0;4.857980995127572;3.169925001442312;3.700439718141092;2.321928094887362;4.584962500721156;1.0;0.0;2.584962500721156;3.584962500721156;3.321928094887362;1.0;1.584962500721156;2.584962500721156;2.807354922057604;4.087462841250339;3.169925001442312;3.0;4.247927513443585;1.0;3.0;1.584962500721156;1.584962500721156;1.584962500721156;1.0;0.0;4.459431618637297;2.321928094887362;1.584962500721156;2.584962500721156;0.0;1.0;1.0;3.321928094887362;3.169925001442312;1.0;3.321928094887362;3.584962500721156;3.584962500721156;1.0;0.0;1.0;2.584962500721156;3.700439718141092;3.700439718141092;1.584962500721156;4.247927513443585;1.584962500721156;0.0;3.169925001442312;3.700439718141092;2.0;1.584962500721156;3.321928094887362;3.0;1.584962500721156;3.0;1.584962500721156;1.584962500721156;1.584962500721156;1.0;3.169925001442312;3.0;1.584962500721156;0.0;4.321928094887363;3.700439718141092;0.0;1.584962500721156;2.0;2.584962500721156;1.0;5.0;3.0;1.0
17.002188709957586;13.420091804602317;15.606810017401765;3.906890595608519;5.700439718141092;14.578372691360803;12.581200581924955;14.571752643503546;9.78135971352466;15.352077919813077;16.648540154525584;16.786461082469867;15.15137336193893;14.769062992630154;15.219244163143571;14.076398090162984;15.716926609389034;14.52759918034517;13.060527067048644;11.240195053979924;14.055790814565905;16.252794766628313;14.969341548850783;14.633960153632223;8.64745842645492;10.543031820255235;6.303780748177103;14.449277635946482;15.100908679830674;13.524908953179844;16.508738746540896;17.275133302825115;15.588890277695285;10.153552031708111;6.357552004618084;15.370040282706118;9.544964432789238;15.483626864533026;12.49859992877026;13.880157456601813;15.81620868632936;15.900112062977456;13.846175952087204;14.463907474412858;15.10283689575297;14.609409624761804;17.077691968430774;14.933321820732946;14.933321820732946;13.528087774047542;7.03342300153745;8.214319120800766;13.082980613825388;16.60442292198046;14.181152256865566;14.981478091767231;13.761031735466885;8.527477006060396;15.87927212537725;14.106971809667089;14.604958553690327;13.397540944856535;11.91737207947684;14.945763871405962;16.572789030490863;10.564149489985732;15.709783875479353;16.24690756742347;13.846175952087204;16.443542551105974;12.51865315567339;16.648540154525584;17.18566913352068;16.788794787792934;4.321928094887363;13.461607340113764;7.60733031374961;7.60733031374961;14.785912177322375;5.20945336562895;17.01889562112165;14.83600102793469;15.41732511767992;15.318189718572718;15.8283844508919;5.700439718141092;12.700439718141093;7.813781191217037;14.85676593025469;12.1331422124006;14.431954576830764;15.18893649703018;8.194756854422248;15.720645070003346;15.709783875479353;9.116343961237469;12.380190466749834;7.066089190457772;9.005624549193879;13.177419537989236;15.054773877229938;14.18997894863252;17.5714563961379;17.077691968430774;12.99453022688921;14.765389707114757;6.266786540694901;12.427312844134963;16.189370943408566;6.882643049361842;14.26766453750112;6.266786540694901;13.532721179953246;13.882260929099804;11.570330101030798;10.672425341971495;14.233769450446928;13.606520882775287;13.827640422902252;10.927777962082342;11.639340708652233;12.924070185585345;11.340406490853294;13.790450320871722;11.18239435340453;12.821574700936909;11.861086905995396;11.283088353024002;13.350386742312844;13.634016895684145;14.74740628253269;13.886458695703706;13.250002267840449;12.430975172588068;14.502210247449966;10.78053976747196;12.79968636133125;13.618041306851776;12.161446847518008;14.04379628804688;10.608254821977908;10.889503963411476;11.40886043602476;13.806851662192422;12.364955378481907;11.16679075071818;11.506307581100309;12.844313461203296;12.039947160169094;15.499877022258303;14.127591367299251;11.127349541059118;13.79197682089869;13.695445810537382;13.203195037381263;13.17819798458498;14.07347215397646;14.204953163327534;10.004220466318197;14.202047278132556;13.191059214531656;14.093335027985816;13.0003521774803;13.151333719291657;13.855744484320727;13.922212717785449;15.119305916856788;13.73259143596501;13.780129619625306;12.830515206976838;12.445014845868425;13.0380616201336;12.727069558023706;14.028855734504766;12.035486451292154;9.927777962082342;11.658657792126084;12.445014845868425;14.00149616092074;11.883025068440173;13.557104658489855;12.324180546618742;13.836149004245492;12.23840473932508;11.340406490853294;14.878338349895197;10.71338651493703;12.97656412341533;12.200898605038445;12.53430288245463;13.939211882666395;8.64745842645492;14.237060543838012;14.353353619025404;12.23511671439625;12.49235394515987;13.25974326369078;13.51434421135734;11.296916206879288;11.19537220740274;13.61447980424533;13.381272555711789;10.975847968006784;14.462757865660365;14.418972594210311;13.451855028397755;13.010003521295204;11.880348808156027;13.352181396917892;12.658880895047878;12.502831804066744;13.951011451391784;14.032906677628253;14.833137165252474;13.506059588827949;9.89178370321831;13.718746909901064;12.636398048883835;10.364134655008051;14.253330456169058;12.856230977341992;12.669992279616398;10.400879436282183;14.710160691782914;12.932399322433792;10.898601387403938
11.169925001442312;11.571278618514595;11.673750739438065;10.921097088106793;10.526499239136566;11.555547771647063;12.7657004876511;11.319107575824985;10.944712061043486;12.393926675640415;11.449664538476192;11.3297963382207;12.615399743725495;10.608254821977908;11.00842862207058;10.964340867792416;11.4797802640291;12.652396861477678;13.488467811145036;10.67595703294175;11.530893981193922;10.927037168720297;11.836839359748716;12.315432637905376;12.410981267043796;12.204571144249204;11.223398414711628;13.288433546793105;10.243173983472952;12.340684654363438;12.322491537597468;8.778077129535358;10.52845411076479;10.7431513941125;10.594324603924848;11.35149140932002;10.140829770773;12.125413470483316;11.332596057789214;11.456867738380344;11.60177078840771;10.181152256865566;10.618385502258606;11.78340754217352;12.491101496916537;12.4189067312579;11.03342300153745;12.041659151637214;12.041659151637214;11.194141238863136;10.348728154231075;11.61378946447258;10.82097669262124;12.220378327695228;11.208234358339787;10.795227966028678;11.944712061043486;12.184255495405347;12.147522944350744;11.260919533662904;10.926295994781112;10.178664851006472;12.308339030139408;9.758223214726724;8.426264754702098;10.742309436084;11.590587049915037;11.333155350310616;10.618385502258606;12.018895621121649;12.59269061535341;11.449664538476192;12.004571615167656;8.906890595608518;10.804937672051908;10.51175265376738;13.601074338941668;13.601074338941668;10.868822554775;8.936637939002571;12.171489577065657;12.917745013443216;12.135067945777816;11.59105477403678;10.47269083924278;10.526499239136566;12.4578938373147;13.04336911395769;12.000704269011246;12.530893981193922;11.724087461793989;11.305491792110685;12.135388651579046;9.108524456778168;11.590587049915037;12.403544678202014;11.566054038171092;12.448116305409464;11.65687172561398;11.824163209744158;10.390168956200185;11.325867580575418;11.13699111208023;11.03342300153745;11.889884170302828;11.62159403901754;11.924070185585345;12.479022346995178;11.330076554797458;12.333155350310616;11.29232163280204;11.924070185585345;11.725792271494155;9.94104760634058;11.050528905530555;11.795633844506778;10.570804437724496;11.785452468158542;11.756556322524087;11.719388820942084;11.947636937951827;12.350662988372257;12.566291930007871;9.810571634741146;11.419960177847887;11.373408960228696;12.571278618514595;12.710591218506757;13.271025250616573;11.037546953962178;11.519636252843211;10.30149619498255;14.32671035834696;11.77313920671969;12.651724433108065;11.759888183221834;10.220378327695228;11.828533210455618;11.177419537989236;11.802516365121225;12.755513536037856;12.354524889449351;11.902375114486023;12.10000522442272;9.926295994781112;9.375039431346924;11.257387842692651;12.324180546618742;12.11178773580101;10.470658874060552;12.0003521774803;10.659995892429976;12.311464515448444;10.386940245324311;11.198445041452365;9.477758266443889;11.637530551525307;12.723020931812032;12.29174628083394;11.185494924210866;11.23840473932508;13.120399895988982;14.1103201736097;11.484822894262146;12.720458038393296;11.35149140932002;10.608254821977908;11.619302955415687;12.822570830950168;12.623652908052923;11.51224664282918;10.567005370247031;14.257535169222358;11.706927639617405;10.90839262077375;12.265615046484458;10.902375114486023;10.371776644337924;11.015415052386688;12.67065624911844;13.1527601687754;13.325867580575418;11.173052457774116;10.517669388133813;10.462502272597265;11.75112558336727;11.699138625275914;11.356451970221755;10.661778097771988;9.804131021183318;14.282292103765196;13.30049556424774;10.843921051289035;10.715104009236168;11.149111990706889;11.773963368433558;10.513727595952435;13.041316915829444;11.945809584900822;10.12023787734196;11.4241662888181;11.930737337562888;12.65687172561398;11.699138625275914;11.567956075415466;9.972979786066292;13.00842862207058;11.73978060977326;11.282509306240836;10.489847960439295;10.007027266893967;12.990990303530822;12.086799685623452;12.288000889707574;11.946906274456396;11.68255574108031;10.729620743553038;11.876133200043016;12.870364719583405;12.154818109052105;11.13699111208023;10.457380879072534;13.087297080919154;11.526010107061737;11.682116764950074;12.066089190457772
13.368779260041338;12.210671343785622;12.839991070539886;12.567956075415466;13.354662623474075;13.488216732995973;12.678820179524028;12.443720600656578;13.596772122051034;13.633449374713493;13.737669863177452;14.136430453348051;11.727069558023706;13.81358080298963;11.675074920385445;13.019764452849738;14.534789211480266;12.26795708440284;12.950555897047511;13.651163836621162;13.357826882210777;12.698704666770343;12.888362741170644;12.948732239819616;11.709945380232496;13.491853096329674;11.94104760634058;11.667111542075029;13.206556539738695;12.434367601668914;12.665780028329484;13.000704269011246;13.453399256579326;12.77828250999565;13.42783660345852;14.091765938516804;13.69141638980041;13.47649307734159;12.55242894852647;12.446566409066069;14.542306422582593;11.86457308177364;12.306061689428342;13.735979039613404;13.940497134458203;12.98192398731734;14.446824840780309;14.640357924830376;14.640357924830376;11.899356922923111;12.850772862313322;13.150857922538847;12.89273253261186;14.483059977871669;13.879678966649864;13.167574951988176;13.117480772832984;13.622623840811512;13.710053040024412;12.43514933836693;11.97477306788934;13.655642520981331;12.350110443347928;12.659995892429976;12.561526624136484;13.69555455776096;12.099347810403192;12.942331224510577;12.306061689428342;13.165535141377925;10.451211111832327;13.737669863177452;14.082398563427809;13.097373768990222;11.453785055496157;12.957102041562289;13.647570851550702;13.647570851550702;13.04899765291107;13.782281596148096;13.488593333835407;13.055621374781708;13.165849146176395;13.553989202871929;12.97405602262563;13.354662623474075;13.407666097055015;12.870942606649368;12.672867276433792;12.887791791341588;13.198751965193736;13.615629636968098;12.965964610272083;12.154501693864765;12.099347810403192;12.926110641785304;13.020979938904212;12.869979332899964;12.962353808635276;9.977279923499916;12.155766938445652;12.14051027236822;13.442943495848729;14.446824840780309;12.399811959325683;12.80292019858527;10.847840355630714;14.004571615167656;13.323899182397296;12.314300001897534;13.288000889707574;10.847840355630714;12.68013971776317;13.47231006370521;12.876516946565;12.985664079018662;13.478769619475765;13.053925881531104;13.772933092705356;12.909518114296617;12.879008813992655;13.062214824659108;13.203500952361397;13.87776341828256;12.479527669256347;13.71821176577204;12.17617314910749;12.665557989846414;12.700439718141093;13.070959476927566;13.457124331540804;13.30035256032822;13.323899182397296;13.35837648032824;13.201511344500146;12.689997971419446;13.221133942357078;13.083313108650756;13.197370293859828;13.76061600315628;12.296629474285504;12.839794290202557;13.237508748172656;13.425084743242849;12.938476938666351;12.289730740083757;13.826250543179254;12.89633240390994;13.269126679149418;13.354524889449351;13.367824239411048;13.523439439387507;13.488342277532524;13.28265408972642;13.18750672775828;12.981210488271694;12.980139577639155;12.821973235481124;12.819580375155004;13.671541066711884;13.70789831624117;13.781462174022618;12.983349927676455;13.61240779313867;13.801304186049023;12.81117397072132;13.737036036540228;13.463779785335385;14.284028808643694;12.205182326228645;12.5262546938286;12.617008227651963;13.233769450446928;12.939946452458686;13.133784409179908;11.90350531042388;13.376668061857668;13.761862840863753;12.949279579076595;12.847448903982432;13.49760238678349;13.04763517372503;13.586487982625991;13.40686932142308;12.73259143596501;13.051888655905378;12.843921051289035;13.025139562278508;13.202429966015352;13.013497154291704;13.305491792110685;11.83368074865474;12.91026795581084;13.003869231979056;13.1879705919842;12.789941128390916;13.513110716890193;13.484571180915806;13.002111776479852;13.536368649553852;14.09391268366556;14.190056137313467;12.820178962415188;13.424953571261042;13.35672705746463;13.665557989846414;13.507299124122763;12.330076554797458;13.019416982944184;13.14338321398982;12.876708781555095;13.272775563286087;13.930367747438952;13.73978060977326;13.743046176226672;13.101811569824005;13.098525621379464;13.68079903457298;12.839203788096944;13.004571615167656;13.002990771840553;13.874116854444512;13.712849378387808;14.015066533230293;13.448503519468836;12.956194629090778
12.332316330199218;11.105253779700885;12.26502894245816;10.489847960439295;11.203348002979762;12.288577736992703;11.44190670454224;10.877284133523196;11.81698362325538;11.913263430628762;11.623881490013458;12.274669342073851;10.517669388133813;12.59549060660764;10.91214085629572;11.243769031961852;12.927777962082342;11.024447124040648;10.501837184902296;11.108524456778168;12.137951734715358;11.153552031708111;11.99929538702341;11.303780748177102;9.828136484194108;12.07347215397646;10.772314573921651;10.224001674198105;11.573173784686484;11.180530807344482;11.781769511863132;11.744413410557655;10.988684686772164;11.530893981193922;12.274669342073851;12.519144787997414;11.793603309279408;11.841171189248543;11.280190792216906;10.4797802640291;13.175705475525929;10.43254190038826;10.264442600226602;11.822570830950168;12.429929741353272;11.37775279502222;12.543273538449805;12.134747168669016;12.134747168669016;10.4189067312579;10.422064766172811;11.276706019892432;11.311180660053354;12.918117851031772;11.938476938666351;12.053247125912426;11.788718332690458;11.944712061043486;12.68057929578025;11.29117069932186;10.547858506058416;12.839794290202557;11.236014191900084;11.179287104646004;11.458919206967591;11.434106928609957;11.145295334933598;12.047123912114026;10.264442600226602;12.68540583478614;10.263269200372662;11.623881490013458;13.11877889015452;11.580258567499788;9.219168520462162;11.502831804066744;11.39660478118186;11.39660478118186;11.675074920385445;12.555787402083771;11.38855550398256;11.608716854020573;12.276124405274238;12.061033601681112;12.36932470240734;11.203348002979762;12.770044400296824;11.34318571544788;11.598517810612622;11.728345714710976;12.058668250340572;11.881878707600446;11.495355392235982;11.838416075797335;11.145295334933598;10.353146825498085;10.866506212226202;12.210671343785622;11.370687406807216;9.39660478118186;10.321928094887362;11.289442575688332;12.137631598235428;12.543273538449805;11.015415052386688;11.52552080909507;8.413627929024173;13.101975670949232;12.418511490387644;11.116343961237469;11.355901638328415;8.413627929024173;11.147840893672337;12.720030446498972;11.131213905086272;12.241089378860856;12.569855608330949;11.841171189248543;12.577664851764846;12.100990784092762;11.824958740528524;11.74188827273525;12.4655664048094;12.380461065088973;11.391243589427445;12.512740462803498;10.958552715431011;11.955649907528374;11.901244032467376;11.725366257895642;12.34623669139025;12.404077136241234;12.398743691938192;12.22881869049588;11.701306461958623;11.799281621521924;12.106235761615748;12.282219695672588;11.935901682267588;12.6476832678862;10.863411958941638;11.88264304936184;12.398743691938192;12.559377090526684;12.042001306279133;11.138911718142744;12.668884984266247;11.892542816648552;12.280770770130603;12.039261794341057;12.04507705193494;12.733439082899434;12.7255792804196;11.89973454235751;12.252961036393684;11.91513244895065;11.530406337099068;11.810973220002165;11.332596057789214;12.57553924683453;12.639566818681828;12.610794169053182;11.96902670215077;12.344295907915816;12.672204323964031;11.156715144224702;12.485577770903188;12.622738217871143;13.362491806046062;11.002815015607052;11.11309098344238;11.557942286787448;12.257093144491057;11.60177078840771;11.99081307915361;10.735556023911537;12.495355392235982;12.287423811683524;11.830515206976838;11.891403996665025;12.617926556798752;12.017156386383112;12.40886043602476;12.42574042431621;11.167418145831736;12.050188767596437;11.85836959985474;11.817383427897232;12.217957697864112;12.108197722535827;11.660441650209172;10.802516365121225;11.702172685365548;12.03307880613062;12.263562639820616;11.728345714710976;12.502334580197996;12.657541759703378;12.064742764750257;12.35424938194524;12.911953675621971;13.100333819126542;11.511258495502268;12.59944798152872;12.474212937193943;12.76983784362944;12.68934284613419;10.886458695703706;11.861086905995396;12.087131301540529;11.667111542075029;12.184875342908285;13.056807035580608;12.349004718027745;12.298635406734242;11.743572188935634;12.048486873992337;12.971363924361937;13.366048950670628;11.75905593916017;12.223700075986306;13.07296996854206;12.161761743304677;13.140829770773;12.470658874060552;12.02167404285837
12.42678889459556;11.38855550398256;11.637077657143664;10.708221730038352;10.65642486327778;11.112439506781552;12.76445696361989;11.480285320936373;11.391243589427445;11.598517810612622;11.215532999745657;12.325024310191417;11.659995892429976;12.603626344986193;12.826151214800207;10.855647166027266;13.832494484336111;12.3445733225962;11.779719355143405;10.655530723155644;12.166163082646111;12.091765938516804;13.674964618382951;13.10410728871857;11.672425341971495;12.060358182642142;9.278449458220482;10.767356854125683;11.627533884472792;12.109177703355275;12.409125710465316;13.04899765291107;11.26795708440284;10.383704292474052;11.593391122791736;13.49360530705712;11.493355121494906;12.261801107195309;12.295768934420508;9.445014845868425;12.844313461203296;12.004571615167656;10.094077685671904;11.538673953082668;12.914758838941856;12.403278375471054;12.441128621804696;12.493104892539137;12.493104892539137;11.337621901992508;10.225207436943505;12.66289085913906;10.719388820942084;13.570685868171038;11.7553048882624;11.33371442609397;10.935901682267588;12.543756853375896;13.158925203806964;12.66222330531784;12.5262546938286;12.26473580113014;12.33734314727405;11.991521846075695;11.671098725748465;13.512370113670189;12.128960950855696;12.91288933622996;10.094077685671904;11.151016538892248;9.93810932621924;11.215532999745657;13.51051694059471;12.572700226487292;13.433846208442825;12.526988205432009;12.028251428162791;12.028251428162791;11.4241662888181;11.494855584491198;11.97692206785108;13.026177596889225;12.869015415552091;12.663558104217271;13.255618749839597;10.65642486327778;12.505563476360582;12.374496145691516;12.452241240430816;12.68255574108031;13.21006248324023;12.512740462803498;11.4757334309664;11.782998208920414;12.128960950855696;11.43149760425805;11.564625862795372;13.130731425273218;12.116343961237469;10.44086916761087;12.754261196514;12.33706433868474;14.077316445881026;12.441128621804696;11.593391122791736;12.570092874188056;10.820178962415188;13.283811834830894;12.671983272091865;10.665335917185176;11.4812949046311;10.820178962415188;12.075144844066315;12.98584193700334;11.701306461958623;12.818781872275403;13.043710863347156;12.200285605224298;12.81177605532666;13.03325091409872;11.844705764411938;12.669770888525518;12.611255388699336;12.81277897162766;13.31599862262856;13.350939181546432;11.471167133724393;12.753007768945244;12.180219982170192;12.526499239136566;12.75884780310832;12.627989784315703;13.11423036019097;12.055621374781708;12.718746909901064;11.98584193700334;12.80634822671225;12.434367601668914;13.081483438093674;13.808461476199623;12.531625138422624;13.283811834830894;13.086799685623452;13.048316574158472;12.272921326867005;11.813781191217036;13.054095520550748;12.759888183221834;12.118941072723509;12.50457073932441;12.7255792804196;12.550746785383245;13.38680555876856;12.580258567499788;12.408595112798102;11.619761463298424;11.795227966028678;12.698921662339812;13.254142846855748;13.267371931265274;13.30720080914081;12.494855584491198;13.42600261332936;13.660218788535618;12.362765744153958;12.311180660053354;13.017504401109417;12.946358033887046;12.668441828052998;11.407798850221974;12.334831928118;12.184565452446156;12.993646060016596;12.45404219747008;12.590820930930525;12.241685287601625;13.041488043881468;13.225358086454513;11.928148216169037;12.072802534544207;13.30435132166324;12.65687172561398;13.223549253233475;13.03977584923368;11.86573327085176;12.643179767925549;12.368779260041338;12.64250302878052;12.79340009848382;12.93147623388679;11.804937672051908;12.672204323964031;12.461990950585571;12.148476582178278;12.698921662339812;11.844313461203296;13.309760544729622;12.68057929578025;12.250594507192316;12.908017261062804;13.770973539501576;13.57601187420678;11.82456102997028;12.778898476008376;13.062214824659108;12.861474675125772;13.322773176454564;11.85447883417163;12.916999049082808;13.14609130463152;12.405407422219204;13.215381320721084;13.780027064441978;12.62844554013718;13.010353265549254;13.153710352151716;12.586839787961829;12.560093957642495;11.335948565202298;13.011401989880063;12.69631555889282;12.795633844506778;13.80564312177336;13.240791332161956;12.478769619475765;12.82456102997028
10.749869427396844;6.129283016944966;9.611024797307351;12.20181761666792;11.296916206879288;11.557942286787448;10.376125389276174;9.805743872151618;10.61194694181998;11.016808287686557;11.071462362556623;9.92184093707449;9.184875342908285;8.252665432450248;10.025139562278508;11.360298426618046;10.321928094887362;10.512740462803498;11.52943055414615;9.383704292474052;11.390706372872774;9.564149489985732;9.7279204545632;12.006676715308988;10.482807956726669;8.665335917185176;9.566054038171092;10.923327485419192;9.702172685365548;8.071462362556623;12.3157156580222;8.491853096329674;11.654636028527968;12.014717929860009;11.759888183221834;10.83605035505807;10.590587049915037;9.831307243802051;7.888743248898259;12.017852331905962;9.068778277985412;7.159871336778389;10.485829308701904;11.7657004876511;8.071462362556623;11.56271942704932;11.296916206879288;11.668441828052998;11.668441828052998;8.679480099505446;11.41204051455165;9.847057346091336;9.847057346091336;10.324180546618742;10.086136225027309;10.308339030139408;8.43879185257826;13.079984707033974;8.224001674198105;11.776021715252812;9.700439718141093;7.2384047393250786;7.870364719583405;10.63117705570398;8.751544059089099;10.654636028527968;8.599912842187127;11.25089053572334;10.485829308701904;7.761551232444479;5.78135971352466;11.071462362556623;8.945443836377912;7.483815777264256;10.29117069932186;9.098032082960527;11.615629636968098;11.615629636968098;8.31741261376487;12.699572453287267;8.625708843064466;10.0;10.836839359748716;10.192292814470768;9.20212382383046;11.296916206879288;9.643856189774723;9.57553924683453;9.818582177480858;8.507794640198696;9.084808387804362;11.957102041562289;9.266786540694902;6.614709844115208;8.599912842187127;12.69152544116604;9.364134655008051;11.249113452713727;10.0;10.816183681432342;11.270879295328784;9.812177305514448;8.643856189774725;11.296916206879288;7.686500527183218;9.457380879072534;10.576484346796851;9.774787059601174;7.894817763307944;9.38586240064146;10.547858506058416;10.576484346796851;10.73978060977326;7.118941072723508;7.266786540694901;7.098032082960526;7.679480099505446;8.562242424221072;7.442943495848728;6.754887502163468;7.139551352398794;8.243173983472952;6.700439718141092;7.011227255423254;7.098032082960526;8.744833837499545;7.539158811108031;5.700439718141092;7.159871336778389;7.400879436282184;7.643856189774724;8.071462362556623;7.954196310386875;8.339850002884624;8.810571634741146;7.523561956057013;7.3750394313469245;7.189824558880018;8.832890014164741;8.016808287686555;8.400879436282183;8.357552004618084;5.857980995127572;7.276124405274237;6.672425341971495;8.933690654952233;7.721099188707186;7.539158811108031;9.333155350310616;6.832890014164741;8.219168520462162;6.599912842187128;8.344295907915816;7.6293566200796095;7.948367231584678;5.882643049361842;9.709083812550343;7.870364719583405;8.092757140919852;7.894817763307944;7.546894459887636;8.426264754702098;6.087462841250339;7.339850002884624;6.754887502163468;7.658211482751795;7.426264754702098;6.7414669864011465;6.727920454563199;7.965784284662087;6.6865005271832185;7.851749041416057;7.05528243550119;8.50382573799575;8.027905996569885;7.6293566200796095;7.960001932068081;9.285402218862249;6.977279923499917;8.366322214245816;7.108524456778169;7.159871336778389;8.219168520462162;7.531381460516312;9.403012023574997;8.43879185257826;7.622051819456376;8.271463027904375;7.888743248898259;8.499845887083206;7.276124405274237;5.832890014164741;7.285402218862249;6.539158811108031;8.471675214392045;7.636624620543649;8.154818109052105;7.219168520462161;7.857980995127572;6.700439718141092;7.159871336778389;8.930737337562887;7.303780748177103;5.20945336562895;7.714245517666122;7.417852514885898;7.491853096329675;8.96289600533726;7.044394119358453;7.108524456778169;7.022367813028454;7.539158811108031;7.20945336562895;7.129283016944966;7.936637939002571;7.483815777264256;7.139551352398794;8.717676423066395;6.820178962415188;7.994353436858858;6.475733430966398;7.3750394313469245;8.566054038171092;8.912889336229961;7.882643049361842;7.276124405274237
4.321928094887363;3.0;2.0;8.622051819456376;6.523561956057013;2.321928094887362;5.0;2.0;0.0;1.0;2.321928094887362;2.0;2.0;4.087462841250339;3.807354922057604;2.584962500721156;6.658211482751795;3.584962500721156;3.4594316186372973;2.321928094887362;2.321928094887362;8.535275376620802;3.321928094887362;1.584962500721156;6.0;4.321928094887363;5.523561956057013;1.584962500721156;0.0;5.459431618637297;1.0;1.584962500721156;2.0;8.603626344986193;4.087462841250339;2.584962500721156;1.0;0.0;6.266786540694901;4.087462841250339;8.335390354693924;3.584962500721156;1.0;3.807354922057604;6.584962500721156;4.0;0.0;3.321928094887362;3.321928094887362;2.0;4.754887502163468;4.700439718141092;2.321928094887362;2.321928094887362;3.807354922057604;2.0;1.0;2.584962500721156;3.584962500721156;2.321928094887362;3.169925001442312;4.392317422778761;5.584962500721156;1.584962500721156;0.0;2.321928094887362;4.0;3.0;1.0;10.321928094887362;2.321928094887362;2.321928094887362;5.906890595608519;1.584962500721156;5.672425341971495;1.584962500721156;4.584962500721156;4.584962500721156;1.584962500721156;6.870364719583405;3.169925001442312;4.523561956057013;1.0;3.169925001442312;2.0;6.523561956057013;4.392317422778761;2.584962500721156;5.614709844115208;4.754887502163468;5.087462841250339;8.870364719583405;3.169925001442312;0.0;4.0;4.321928094887363;2.0;7.693486957499325;2.0;0.0;1.0;2.807354922057604;2.807354922057604;0.0;3.169925001442312;4.807354922057604;0.0;5.857980995127572;5.3750394313469245;5.906890595608519;2.584962500721156;0.0;4.169925001442312;5.832890014164741;5.832890014164741;4.0;5.643856189774724;5.754887502163468;6.149747119504682;6.149747119504682;4.247927513443585;3.584962500721156;5.0;8.640244936222345;6.149747119504682;8.154818109052105;5.614709844115208;6.087462841250339;4.321928094887363;5.491853096329675;5.954196310386875;4.906890595608519;6.339850002884624;5.169925001442312;4.523561956057013;4.087462841250339;4.459431618637297;4.906890595608519;7.169925001442312;6.169925001442312;7.515699838284043;6.906890595608519;5.832890014164741;6.614709844115208;5.129283016944966;4.247927513443585;6.569855608330948;5.169925001442312;5.129283016944966;4.523561956057013;4.087462841250339;5.321928094887363;3.584962500721156;6.22881869049588;5.321928094887363;6.129283016944966;4.954196310386875;5.930737337562887;4.643856189774724;6.658211482751795;6.94251450533924;4.700439718141092;6.303780748177103;7.826548487290915;4.392317422778761;4.392317422778761;4.906890595608519;6.044394119358453;7.159871336778389;5.459431618637297;5.087462841250339;5.321928094887363;6.870364719583405;5.977279923499917;5.832890014164741;5.727920454563199;5.321928094887363;6.882643049361842;5.754887502163468;4.392317422778761;6.426264754702098;5.727920454563199;6.554588851677638;8.066089190457772;6.022367813028454;4.857980995127572;5.554588851677638;5.954196310386875;6.087462841250339;4.0;5.087462841250339;4.700439718141092;5.954196310386875;5.20945336562895;5.832890014164741;4.906890595608519;6.820178962415188;5.129283016944966;4.247927513443585;6.459431618637297;6.459431618637297;8.413627929024173;5.930737337562887;5.044394119358453;5.285402218862249;5.247927513443585;5.614709844115208;5.700439718141092;5.554588851677638;6.794415866350106;5.459431618637297;6.409390936137702;5.930737337562887;5.882643049361842;7.554588851677638;7.22881869049588;6.066089190457772;5.169925001442312;5.169925001442312;5.78135971352466;5.129283016944966;4.700439718141092;6.22881869049588;5.857980995127572;4.754887502163468;5.357552004618084
12.490600213019594;11.642051692927977;12.112439506781552;10.576484346796851;12.959458646412672;13.837332268647184;11.806146803320525;12.83110927535702;12.42574042431621;13.619073646817748;13.098690096673591;12.66644593881483;12.435930651703597;12.271754805646474;12.61056350392504;10.685624839726357;12.603394530887376;13.384109183736609;12.598285174146604;11.526988205432009;12.521109643651332;12.002463438892535;12.75258971764099;12.795227966028678;11.076815597050832;11.909893083770042;11.192292814470768;12.638435913990472;11.037546953962178;12.519881922497428;13.429275961924452;11.585901449690772;12.241685287601625;12.263562639820616;11.564625862795372;12.4993476328766;12.623424289869911;12.026177596889225;11.7988767681333;12.129283016944967;12.092096414990792;9.961449694398196;11.418379719364957;13.33915409093206;12.621365094314864;13.70098149404625;13.074977662301151;12.501090770274512;12.501090770274512;11.47826403158172;11.901244032467376;11.79603960882977;11.491352073563435;13.116343961237469;12.116018993325094;11.559855041513623;12.040632200562252;12.563196272216738;12.478011171176044;12.271171191139771;12.57483001533763;11.843921051289035;11.723660944409984;12.457380879072534;10.932214751968385;12.230620933129869;12.844509626142193;12.53818893205242;11.418379719364957;13.58894882031468;10.84862294042934;13.098690096673591;12.492854620174748;10.184875342908285;11.97333862080036;12.201205007299528;12.003869231979056;12.003869231979056;11.932952892194717;11.27262978497637;13.3781593597821;12.251186503524336;13.338597119574542;12.153552031708111;12.83110927535702;12.959458646412672;13.364818623655427;11.69261550169458;12.207014320177532;12.56271942704932;12.108524456778168;12.66111002874366;11.215532999745657;11.157346935362844;12.844509626142193;11.919608238603251;12.360847084179664;11.596655667674662;12.239896822445862;12.984596470404904;13.149270799121478;12.072802534544207;10.294620748891628;13.074977662301151;11.7402023887679;12.322773176454564;12.144020869266893;12.603626344986193;11.570567288872004;12.179287104646004;12.011926066306808;12.144020869266893;12.25797705856398;12.17804232886482;12.080817527608328;12.35974956032233;12.673971520682796;11.840777923595054;12.70865283568653;12.43879185257826;12.118616689351509;12.199365616857982;12.545205827425605;12.580022967753877;12.014369242235135;12.6476832678862;12.222191138456331;12.062383491876334;12.13827180017222;11.98903963696239;12.449922415863757;12.363587246524578;12.480790201095816;11.985130373466898;12.630039552656095;11.957102041562289;12.283956487665112;11.880731435141664;11.510764167917891;12.12670447284319;12.949279579076595;12.868243817704636;12.694575537525989;12.765078859616684;11.746514321138465;10.881113960675096;12.817183539425711;12.166163082646111;12.151016538892248;12.187042714339894;12.659995892429976;13.215381320721084;12.236911111444602;12.002815015607052;11.462502272597265;11.445014845868425;12.811976694370289;12.227315099905493;12.332316330199218;12.626165319904498;12.61769702930787;11.808159772868375;12.3395716783847;13.008953779526196;12.245255580306557;12.705200378063116;12.224303209373389;12.946540803893104;12.48608080265197;12.90218666238715;12.055621374781708;11.892542816648552;12.798471801101618;12.972441366563537;12.557942286787448;12.983349927676455;13.023061249735337;12.214622686302336;11.88760142450871;12.073137383110383;12.256208688527389;12.378836713210614;12.269126679149418;12.453527867681784;12.349834091457248;12.30435132166324;12.6476832678862;12.1331422124006;11.926295994781112;11.794415866350104;12.536732889835417;11.647008638441648;11.761135649828644;11.707790495528824;11.794415866350104;11.733862719678545;13.07045641594465;12.264442600226602;11.592924155627635;12.594324603924848;12.663558104217271;12.462246634244352;12.068106475858771;11.772314573921651;12.553149275598548;12.213104219641906;12.892542816648552;12.542306422582593;12.63094962683287;12.508289986140348;11.67595703294175;12.78953364497036;12.952377251967985;12.660664477461278;12.97172316117676;12.6691065113363;11.987974524296153;12.138911718142744;10.935901682267588;12.245849771023725;12.400345796534694;11.90048948483465;13.678600139099458;12.405939193342396;12.121533517340032;12.479022346995178
11.998237821888049;10.184875342908285;12.527965641133957;10.198445041452365;12.563911244581693;12.219471067394355;11.405673332281866;11.448116305409464;11.228217442293436;12.04814625421956;11.360847084179664;10.4757334309664;10.8649599151426;10.210671343785622;11.69261550169458;10.640244936222343;11.542064542283445;12.81257844413538;11.703038388986418;10.691743519171276;11.190442018782823;11.386940245324311;11.380461065088973;12.220075970984304;10.993646060016596;11.088125692188209;10.487840033823051;12.154185209265297;10.957827560833744;11.71295682169755;12.970824901362615;11.665335917185176;11.094077685671904;11.556506054671928;12.12670447284319;11.336506559810257;10.73893668167614;11.034111146096592;11.175549550636193;12.051888655905378;10.257387842692651;10.194756854422248;10.319672120946995;11.491352073563435;11.32755264408124;11.93110683302934;11.669770888525518;12.171802288682985;12.171802288682985;10.799281621521924;12.367141694552364;11.186114239541643;10.778898476008376;11.77313920671969;11.400345796534694;11.266786540694902;12.204571144249204;12.7737573721398;11.593857938858225;11.91026795581084;10.247927513443583;10.4241662888181;11.281350514981035;10.147204924942228;10.068778277985412;11.390168956200185;11.5401280385821;11.85914649542596;10.319672120946995;10.667998535672528;11.25502856981873;11.360847084179664;11.190442018782823;10.497851836951115;11.217351905270334;10.58777751632821;11.679480099505446;11.679480099505446;11.02167404285837;11.655530723155644;11.744833837499543;11.578844391558205;12.721526464007477;10.720244258287568;11.708221730038352;12.563911244581693;11.854089179870574;11.51717725268954;11.69479315499995;11.62113611327464;10.60177078840771;12.419960177847887;10.82097669262124;10.550746785383245;11.5401280385821;12.066425600635556;11.140829770773;11.73809225962049;11.6640027628865;11.112439506781552;11.573647187493322;11.559377090526684;11.43306376512207;11.669770888525518;10.961449694398196;11.360298426618046;11.28886607416582;11.19598729802851;10.557463701597824;12.077817120895904;11.074810461160451;11.28886607416582;11.406736482691723;10.029287226968243;10.731319031025064;9.861086905995396;10.9901039638575;10.583082767502932;11.004922678569043;9.981567281903017;10.709083812550343;11.194141238863136;10.159871336778387;9.857980995127573;9.847057346091336;10.707359132080883;10.99081307915361;9.224001674198105;10.433585441150496;10.35974956032233;11.092757140919852;10.79603960882977;11.244958393151132;10.337621901992508;11.388017285345136;10.285402218862249;10.63117705570398;11.002111776479852;10.955649907528374;11.314583244274194;11.24436383512051;10.256208688527389;9.366322214245816;10.964340867792416;10.684748620421626;10.4241662888181;10.325305455089682;10.82097669262124;10.944712061043486;10.456354415108288;11.202736043250168;9.38586240064146;11.36796070964157;11.205182326228645;11.089450481115907;9.719388820942084;11.284824100224624;10.649256177517314;9.915879378835774;11.043027283594547;10.389093521904474;11.334831928118;10.207014320177532;10.967226258835993;11.196602126523173;10.84862294042934;11.41204051455165;10.06339508128851;9.859534786382651;11.619761463298424;10.001408194392807;9.821773981970567;9.965784284662089;10.971543553950772;10.955649907528374;10.027905996569883;10.380461065088973;11.29748950116098;10.935901682267588;10.8649599151426;11.249706056969703;10.346513733165636;11.130570562805426;10.045759661382682;11.212496385193948;10.39231742277876;9.854868383260236;10.624795455860236;10.951284714966972;11.466076461396252;11.194756854422248;10.177419537989236;10.12023787734196;10.257387842692651;11.025139562278508;10.861862340059153;10.697836357962377;11.448632567730552;11.015415052386688;9.285402218862249;9.753216749178955;10.745674324002136;10.211888294546004;8.479780264029099;11.14974711950468;10.927037168720297;10.91513244895065;10.987974524296153;9.700439718141093;9.823367240046236;10.64565843240871;10.369597346278676;11.24198314969433;11.205182326228645;10.757390009366638;10.364134655008051;11.24852060493843;11.448632567730552;9.581200581924955;10.44086916761087;10.214319120800766;10.019590728357882;11.053247125912426;11.28828934218097;10.729620743553038;10.280770770130603
9.839203788096944;9.236014191900084;12.00105627463478;10.817783121774534;11.362491806046062;8.933690654952233;9.29920801838728;8.558420713268664;10.44604940671655;12.084808387804362;10.152284842306582;10.199672344836364;10.350939181546432;11.605942439625368;8.90388184573618;8.204571144249204;10.293471648838134;9.64745842645492;9.813781191217036;11.027214885159834;10.4757334309664;10.103287808412022;11.023754353299417;10.109830654278792;10.00842862207058;9.951284714966972;9.69522829149575;9.531381460516313;10.26795708440284;9.550746785383245;10.64565843240871;10.227615943414223;9.893301530860564;8.194756854422248;8.909893083770042;11.076147528022505;11.031356596255709;10.471675214392045;9.955649907528374;6.087462841250339;8.584962500721156;8.848622940429339;8.63662462054365;9.78953364497036;11.11504365016171;10.94617524072356;11.187352073200495;10.799281621521924;10.799281621521924;8.038918989292302;10.394462694610317;10.066089190457772;10.109830654278792;9.521600439723729;9.092757140919852;11.114393054867309;10.3151495622563;9.84862294042934;10.873444112515376;10.496853777388042;8.400879436282183;10.800090987624994;9.83289001416474;10.344295907915816;10.62935662007961;9.776433032444732;9.870364719583405;10.642051692927977;8.63662462054365;11.169925001442312;8.076815597050832;10.152284842306582;12.149429590056744;9.7279204545632;9.019590728357882;9.457380879072534;9.957102041562289;9.957102041562289;10.99929538702341;10.508785162064513;8.800899899920305;9.677719641641009;9.509775004326936;10.877284133523196;11.556506054671928;11.362491806046062;12.205182326228645;9.792790294301064;8.79766152585376;9.434628227636724;11.002815015607052;9.467605550082997;10.06339508128851;9.129283016944967;9.870364719583405;9.090112419664289;10.47269083924278;9.847057346091336;8.74819284958946;8.467605550082997;8.879583249612784;8.754887502163468;11.758639637024576;11.187352073200495;9.663558104217271;9.066089190457772;7.794415866350106;10.855647166027266;10.90839262077375;10.564149489985732;9.366322214245816;7.794415866350106;9.26209484537018;10.94251450533924;9.857980995127573;6.285402218862249;10.167418145831736;10.426264754702098;11.149111990706889;7.499845887083206;10.225207436943505;10.260919533662904;7.459431618637297;10.847840355630714;8.968666793195208;10.451211111832327;9.756556322524087;8.257387842692651;10.49585502688717;10.230020435705637;10.768184324776929;10.437752072323605;10.787902559391432;10.35424938194524;10.198445041452365;9.29232163280204;10.524541715035848;10.61286849729104;10.688250309133178;11.263269200372662;9.24555270625568;6.459431618637297;7.011227255423254;10.567956075415466;10.26795708440284;9.73978060977326;11.074141462752506;9.932214751968385;10.31628153174622;11.17367713630342;10.506803437795648;7.727920454563199;11.323054760341646;10.852529509404196;10.800899899920305;10.857980995127573;9.533329732305834;9.894817763307945;6.768184324776926;10.603626344986193;10.400879436282183;11.282509306240836;10.358651200892886;9.847057346091336;11.388017285345136;9.164906926675688;10.552669097514272;10.266786540694902;12.354524889449351;10.034798962577268;8.900866807980748;9.712527000439824;8.113742166049189;9.366322214245816;9.868822554775;5.523561956057013;6.78135971352466;11.105253779700885;10.269126679149418;9.700439718141093;10.749031382040204;8.330916878114618;10.821773981970567;8.734709620225837;10.203348002979762;9.519636252843211;6.044394119358453;10.105908508571158;10.35974956032233;10.449148645375436;10.565102078360312;6.321928094887363;10.23840473932508;10.580258567499788;10.35424938194524;10.03342300153745;9.41574176829009;10.688250309133178;10.355351096424812;6.870364719583405;10.53818893205242;11.774375272802065;10.029287226968243;11.084808387804362;10.703903573444665;11.508289986140348;10.237209960755022;8.370687406807217;8.823367240046235;8.330916878114618;9.741466986401146;9.802516365121225;11.12605911607068;10.397674632948268;10.285402218862249;6.94251450533924;10.708221730038352;10.92184093707449;8.308339030139408;9.90839262077375;9.726218159332198;11.484822894262146;7.787902559391432;12.121857245612654;11.319672120946995;9.370687406807216
13.609871287178828;11.677279191312175;13.51224664282918;12.364134655008051;12.914011328541257;14.11129871425826;12.740834826145262;13.792688635206432;12.716176405807428;13.068442416025826;13.73375682214549;12.390975006155534;12.39740724437538;12.687594389576123;12.89822347121556;12.562480945349316;13.190904940346524;12.81177605532666;13.037890085142507;11.518161355756956;13.039090401998603;13.490224135759552;13.191830338095308;13.534910768125314;11.469133019829592;12.425478187645329;11.761966695382092;13.185185166820329;12.781769511863132;12.434367601668914;12.761135649828644;11.932214751968385;12.093747662785669;12.298921740969751;13.556146773125834;12.85681455250301;12.88264304936184;13.275251543470327;12.884742903579696;12.719816603018126;12.770250927394864;11.828929827651486;11.396069557639867;12.546412195119352;12.81498293642679;13.089119397915168;13.344712009935012;13.579080183834757;13.579080183834757;12.391512122707118;12.4578938373147;12.882452001882136;12.116668855967111;13.53709703817967;13.203500952361397;12.382624026574916;13.04814625421956;14.066341505445015;13.289298471903477;13.452756029032496;14.569321617439696;12.148794321424337;12.85642552862553;12.401146182153498;11.169925001442312;12.448632567730552;12.902563541971553;13.490224135759552;11.396069557639867;12.03960451795376;10.98370619265935;13.73375682214549;13.417852514885896;12.436711542137214;12.51101135288224;12.861668520613588;13.76632184795396;13.76632184795396;12.531137741444716;13.32853468965679;12.562242424221072;13.117480772832984;13.719816603018126;12.258566033889933;13.43306376512207;12.914011328541257;12.84764464308332;12.551948530592997;13.452241240430816;13.197370293859828;12.530406337099068;12.627533884472792;12.614709844115207;12.197216693110052;12.902563541971553;13.627305880514848;12.385592813601365;13.411775775576528;11.576484346796851;11.477758266443889;13.002111776479852;12.865539970785695;12.863024710236886;13.344712009935012;13.349695895658408;13.046100845028802;11.99081307915361;12.887220615468385;12.839203788096944;12.963076692298594;12.626165319904498;11.99081307915361;12.637077657143664;12.956013078088098;12.598285174146604;13.87872151038902;13.462757865660365;12.548340287676147;13.324883717194092;13.962263422704044;12.696098170955864;12.594557879863732;14.201664488711414;12.307485448589476;13.020111839088086;13.391914828931892;12.35837648032824;13.006852001748774;12.884933647949762;12.604553229079038;12.942331224510577;12.735132884139947;12.782793498733351;12.367141694552364;12.97960382407446;13.34443462192399;12.585666769732402;12.782179193831208;12.47699928613306;13.153552031708111;12.734709620225836;13.593857938858225;13.981299694952254;13.166006122950492;13.036688768795663;11.949461979360152;12.019243216603607;12.869593843240784;13.047294352783004;12.486583659067268;12.913450441458098;13.312599378862627;13.068610356779276;12.380461065088973;12.596655667674662;11.817383427897232;13.047975914170848;13.335948565202298;13.14561377551339;13.117805411682438;12.733439082899434;12.99276135094313;12.3395716783847;13.81698362325538;12.772520776314757;13.117318426010003;13.072300115928336;13.248668839723136;12.064742764750257;13.099183410079286;12.011227255423254;11.946906274456396;13.690434556395054;13.606867837374152;13.25989034989582;13.190904940346524;14.196217889420495;13.160816849673546;12.469133019829592;12.632768054728746;12.98299357469431;13.148158772937894;13.104926303807776;12.960545013211664;12.74756363025512;13.231971139162804;13.68013971776317;12.470658874060552;12.283088353024002;12.59245703726808;12.6713199131833;12.944162985854788;12.097044499322951;12.384513961398618;12.392049039364183;12.239598529249124;13.7553048882624;13.061371192659813;12.404609397837712;13.429799009166976;12.967226258835993;13.154976290625738;12.219471067394355;11.078817949961978;13.35149140932002;12.710160691782914;14.23459292790746;13.001935913123642;13.319954310686944;13.675626303935395;12.634811050171718;13.205029555005872;13.165692152320114;13.12605911607068;13.213408040858337;13.5285762023352;12.786473845221302;12.65642486327778;13.401412878714178;12.740624044489412;13.792891946232825;12.052907628313289;13.620219825507489;13.505687520472335;12.855452509744048;13.494730605495072
5.584962500721156;6.643856189774724;7.276124405274237;7.888743248898259;6.930737337562887;6.78135971352466;6.22881869049588;7.2384047393250786;6.614709844115208;6.658211482751795;6.087462841250339;6.554588851677638;7.451211111832329;6.807354922057604;7.22881869049588;6.066089190457772;6.977279923499917;7.820178962415188;6.768184324776926;6.108524456778169;6.794415866350106;5.882643049361842;6.129283016944966;7.022367813028454;8.118941072723507;5.832890014164741;7.011227255423254;7.491853096329675;6.044394119358453;7.219168520462161;5.584962500721156;5.832890014164741;4.954196310386875;7.954196310386875;5.954196310386875;6.409390936137702;5.807354922057604;6.857980995127572;6.149747119504682;7.622051819456376;6.857980995127572;4.807354922057604;6.539158811108031;5.78135971352466;6.303780748177103;6.643856189774724;5.523561956057013;6.643856189774724;6.643856189774724;5.754887502163468;7.366322214245816;5.169925001442312;6.022367813028454;6.954196310386875;7.149747119504682;4.954196310386875;6.22881869049588;7.098032082960526;6.700439718141092;8.194756854422248;7.467605550082998;6.129283016944966;5.857980995127572;5.523561956057013;5.20945336562895;4.321928094887363;7.303780748177103;6.20945336562895;6.539158811108031;7.022367813028454;6.426264754702098;6.087462841250339;6.754887502163468;5.087462841250339;7.882643049361842;6.94251450533924;5.247927513443585;5.247927513443585;5.882643049361842;6.409390936137702;6.569855608330948;4.906890595608519;6.857980995127572;7.459431618637297;7.434628227636725;6.930737337562887;6.539158811108031;5.832890014164741;7.285402218862249;6.392317422778761;6.507794640198696;6.266786540694901;6.569855608330948;6.584962500721156;7.303780748177103;6.954196310386875;7.266786540694901;5.832890014164741;6.087462841250339;8.238404739325079;4.807354922057604;6.754887502163468;5.523561956057013;5.523561956057013;7.189824558880018;6.303780748177103;7.554588851677638;6.539158811108031;6.562242424221073;6.022367813028454;6.614709844115208;7.554588851677638;5.906890595608519;5.129283016944966;5.857980995127572;4.523561956057013;5.20945336562895;4.754887502163468;5.087462841250339;4.584962500721156;4.584962500721156;5.523561956057013;4.700439718141092;5.554588851677638;3.4594316186372973;5.357552004618084;6.491853096329675;4.321928094887363;4.954196310386875;4.392317422778761;5.459431618637297;5.700439718141092;5.321928094887363;5.392317422778761;6.022367813028454;4.584962500721156;5.700439718141092;5.584962500721156;4.906890595608519;5.977279923499917;6.066089190457772;4.954196310386875;3.584962500721156;5.491853096329675;5.321928094887363;4.906890595608519;6.569855608330948;5.321928094887363;4.700439718141092;6.149747119504682;5.523561956057013;4.700439718141092;5.930737337562887;5.357552004618084;5.491853096329675;5.129283016944966;5.554588851677638;5.357552004618084;4.906890595608519;5.491853096329675;5.700439718141092;6.266786540694901;4.857980995127572;5.459431618637297;5.20945336562895;5.807354922057604;5.832890014164741;5.426264754702098;5.321928094887363;6.539158811108031;4.807354922057604;5.169925001442312;4.523561956057013;5.523561956057013;4.857980995127572;3.906890595608519;4.169925001442312;6.554588851677638;5.857980995127572;5.321928094887363;5.930737337562887;4.459431618637297;6.149747119504682;4.643856189774724;6.906890595608519;4.954196310386875;4.087462841250339;4.807354922057604;5.247927513443585;5.954196310386875;5.0;3.700439718141092;4.857980995127572;5.285402218862249;5.754887502163468;5.20945336562895;5.044394119358453;5.285402218862249;5.169925001442312;3.906890595608519;5.584962500721156;5.491853096329675;4.906890595608519;5.906890595608519;5.169925001442312;5.930737337562887;5.426264754702098;5.554588851677638;5.321928094887363;4.247927513443585;4.857980995127572;5.129283016944966;5.321928094887363;5.087462841250339;5.930737337562887;4.169925001442312;5.78135971352466;5.491853096329675;4.700439718141092;5.247927513443585;4.700439718141092;5.087462841250339;5.977279923499917;6.285402218862249;5.459431618637297;5.044394119358453
9.544964432789238;9.829722735086058;9.419960177847887;12.770044400296824;12.768391118304248;10.20212382383046;10.973697366305352;9.1006623390052;9.571752643503546;10.972261848733291;9.52943055414615;10.65642486327778;9.958552715431011;11.699572453287267;10.29232163280204;9.184875342908285;12.45249865769279;8.991521846075695;9.918863237274596;10.987264012072538;10.959277505720502;9.88264304936184;10.63117705570398;10.332036548361652;8.787902559391432;11.838416075797335;9.640244936222343;8.654636028527968;7.366322214245816;9.105908508571158;7.409390936137702;10.733862719678545;9.36194377373524;10.174925682500678;9.67595703294175;10.959277505720502;13.26868819222819;10.187352073200495;9.632995197142955;8.388017285345136;10.172427508645482;8.330916878114618;8.335390354693924;11.565578136784328;11.634357301137976;11.563196272216738;10.89178370321831;10.90839262077375;10.90839262077375;9.044394119358454;7.700439718141092;11.469133019829592;8.997179480937621;9.541096615349524;10.293471648838134;9.688250309133178;9.29920801838728;10.002815015607052;11.664891669286089;10.129283016944967;9.403012023574997;13.030149824925717;10.386940245324311;9.03342300153745;9.965784284662089;12.852139328187244;9.409390936137704;8.515699838284043;8.335390354693924;11.144020869266893;9.60917873814198;9.52943055414615;12.024793384702548;10.52845411076479;13.132178380915544;10.403012023574997;14.056891688362846;14.056891688362846;10.95492329203032;11.43879185257826;7.888743248898259;10.537218400538595;10.091435386323608;9.388017285345136;9.837627933171404;12.768391118304248;12.28164030006605;11.426264754702098;9.002815015607053;10.960725994839056;11.497851836951115;9.014020470314934;8.980139577639157;8.479780264029099;9.409390936137704;9.169925001442312;9.625708843064466;12.425215903299383;9.818582177480858;8.710806433699352;7.523561956057013;9.840777923595054;9.002815015607053;10.89178370321831;10.278449458220482;10.42940674151398;9.887220615468385;12.290594888082572;11.089450481115907;9.453270634010623;9.839203788096944;9.887220615468385;11.546894459887636;12.260625556068227;9.643856189774723;10.413627929024171;11.79400964502097;11.541096615349524;11.66266837551754;11.092096414990792;11.044394119358454;11.30890780406394;11.088125692188209;12.24347153839633;10.711666973564348;12.052568050804153;10.095397022792556;10.90312867681232;10.782998208920414;11.3297963382207;11.386401423640775;11.916625922211235;11.783816759320182;11.807354922057604;10.847057346091336;10.649256177517314;12.103287808412022;11.305491792110685;12.25591374933779;11.789941128390916;10.393390457443989;10.940313597145968;11.186114239541643;11.023754353299417;10.8649599151426;12.189206834597025;11.870750003346114;11.040974598817304;11.169925001442312;10.97513145692134;11.73978060977326;11.401946123976536;12.605942439625368;11.213104219641906;11.929628283024565;11.184255495405347;10.871135184243045;10.78463484555752;11.417852514885896;11.754052367528924;12.383704292474052;11.294620748891628;11.072802534544207;11.580258567499788;11.283088353024002;10.099347810403192;11.933321820732946;10.684748620421626;12.338179249900112;9.665335917185176;10.357552004618084;11.076815597050832;11.109830654278792;10.31741261376487;10.909143047339898;9.804131021183318;11.421538906848276;12.404875455015208;10.580258567499788;11.24436383512051;11.84588203438406;11.044394119358454;12.135388651579046;11.490850876740298;10.737247343027738;10.874212934830874;10.490850876740298;11.208234358339787;11.705632387361415;12.567005370247031;10.901621158346112;9.233619676759702;10.961449694398196;10.733015321685963;12.199365616857982;11.451726268074506;11.51717725268954;12.674192268145683;11.094077685671904;11.547858506058416;12.797458885915104;13.0534168447575;11.105253779700885;11.016111838220512;11.200285605224298;12.234817431117325;11.631631805917635;10.251482410620213;10.99081307915361;10.81698362325538;10.723660944409984;11.319672120946995;11.991521846075695;10.496853777388042;11.645208082774683;11.395534135462302;11.734709620225836;12.745044005034464;9.709083812550343;11.179909090014934;10.827342704234116;13.011576703176177;11.569855608330949;12.60246690183057;11.29748950116098;10.862637357558794
8.693486957499324;8.233619676759702;8.515699838284043;9.375039431346924;8.622051819456376;9.92035285541508;9.03342300153745;9.179909090014934;11.87536540064177;11.069449767427784;9.366322214245816;11.599912842187129;8.487840033823051;9.280770770130603;8.348728154231077;9.658211482751796;9.749869427396844;10.098032082960527;10.737247343027738;9.640244936222343;11.1767964781476;7.768184324776926;9.405141463136344;8.90388184573618;6.658211482751795;8.409390936137703;9.91139198784346;8.588714635582264;3.906890595608519;9.51175265376738;5.857980995127572;6.0;10.070120944476823;7.179909090014935;8.20945336562895;10.193525360501216;9.823367240046236;10.699572453287267;6.321928094887363;9.4655664048094;7.707359132080882;6.94251450533924;8.59618975614441;11.001408194392807;9.483815777264256;11.285980105928212;7.434628227636725;9.955649907528374;9.955649907528374;8.499845887083206;4.392317422778761;9.411510988012072;9.521600439723729;5.832890014164741;5.857980995127572;6.066089190457772;7.417852514885898;8.72451385311995;9.539158811108033;9.26209484537018;8.535275376620802;9.06339508128851;8.909893083770042;9.868822554775;7.20945336562895;8.243173983472952;10.323054760341646;8.714245517666123;8.59618975614441;7.592457037268081;9.005624549193879;9.366322214245816;9.766528908598865;8.219168520462162;7.672425341971495;10.398743691938192;9.807354922057604;9.807354922057604;8.08214904135387;8.507794640198696;8.055282435501189;10.325305455089682;9.677719641641009;6.714245517666122;7.665335917185176;8.622051819456376;11.6142497276894;9.499845887083206;6.614709844115208;9.131856960608792;10.103287808412022;6.584962500721156;10.355351096424812;5.20945336562895;10.323054760341646;8.027905996569885;10.265615046484458;10.14338321398982;10.837627933171404;8.67595703294175;5.321928094887363;8.640244936222345;6.303780748177103;7.434628227636725;8.194756854422248;8.774787059601174;3.4594316186372973;10.933690654952231;9.668884984266247;8.515699838284043;10.972261848733291;3.4594316186372973;8.820178962415188;4.807354922057604;7.820178962415188;8.0;8.960001932068081;6.930737337562887;7.491853096329675;7.774787059601174;6.672425341971495;6.7414669864011465;7.475733430966398;8.717676423066395;8.294620748891628;9.25502856981873;8.888743248898258;6.672425341971495;6.044394119358453;7.044394119358453;6.930737337562887;7.076815597050831;8.873444112515376;9.216745858195306;8.654636028527968;7.159871336778389;8.134426320220927;7.507794640198696;8.154818109052105;9.746514321138465;8.271463027904375;7.686500527183218;8.0;8.668884984266247;6.149747119504682;9.84862294042934;7.294620748891627;7.930737337562887;7.592457037268081;6.0;4.700439718141092;6.303780748177103;10.453270634010623;3.4594316186372973;7.988684686772165;7.312882955284356;7.266786540694901;8.388017285345136;10.217957697864112;6.303780748177103;8.087462841250339;8.968666793195208;8.39231742277876;9.861086905995396;6.507794640198696;7.794415866350106;5.727920454563199;6.507794640198696;9.036173612553483;7.20945336562895;6.768184324776926;7.636624620543649;9.348728154231075;8.294620748891628;7.930737337562887;6.426264754702098;8.471675214392045;10.83289001416474;4.169925001442312;6.554588851677638;9.829722735086058;9.3151495622563;8.475733430966399;8.330916878114618;8.717676423066395;9.011227255423254;8.164906926675688;9.204571144249204;8.703903573444663;8.679480099505446;9.93810932621924;5.882643049361842;7.285402218862249;4.906890595608519;5.0;7.044394119358453;8.90388184573618;9.184875342908285;8.31741261376487;8.997179480937621;9.400879436282183;8.413627929024173;8.81698362325538;7.076815597050831;6.569855608330948;8.459431618637296;8.396604781181859;9.214319120800766;8.654636028527968;7.531381460516312;7.3750394313469245;7.523561956057013;7.727920454563199;6.321928094887363;9.614709844115207;10.249113452713727;7.554588851677638;7.066089190457772;4.857980995127572;7.988684686772165;3.321928094887362;7.05528243550119;11.375039431346924;7.658211482751795;8.330916878114618;7.988684686772165
11.907266248531066;10.719388820942084;11.459431618637296;11.207624468226758;11.830911279742782;11.589651146514786;11.914758838941856;12.289730740083757;11.122827994807666;11.298635406734242;11.585432051592962;9.558420713268664;11.265615046484458;10.304921669581672;11.702605602110248;11.719388820942084;10.817783121774534;12.082481727863104;11.660887270302569;10.824163209744158;10.884170519108435;11.092757140919852;11.041659151637214;11.146568675740786;11.480285320936373;12.383704292474052;11.018895621121649;12.603626344986193;11.282509306240836;11.70865283568653;12.532112370794998;12.122827994807666;11.192292814470768;11.284824100224624;11.809768128710411;10.24198314969433;10.880348808156027;11.694357887221452;11.7988767681333;12.099347810403192;10.840777923595054;9.019590728357882;10.363039630256514;10.588714635582264;11.285402218862249;11.650603022215307;11.384783750093352;11.828136484194108;11.828136484194108;11.490349505739289;11.56271942704932;11.44604940671655;10.893301530860564;12.363313464373478;11.810973220002165;11.256798386079389;12.3066313617125;12.09341756438796;11.743572188935634;11.986197587206274;11.44604940671655;10.401946123976536;11.934796592178404;9.154818109052105;10.443979542601252;11.258566033889933;11.099347810403192;11.425215903299383;10.363039630256514;10.019590728357882;10.397674632948268;11.585432051592962;10.622051819456376;10.411510988012072;12.1879705919842;12.19136771341894;11.39660478118186;11.39660478118186;12.500592945893834;12.179909090014934;10.932214751968385;11.070791809423062;12.322773176454564;10.655530723155644;12.513480875979049;11.830911279742782;11.03960451795376;11.23421867823847;12.06373212019692;12.240195053979924;10.73047013718422;11.689561254285524;10.053925881531104;11.375582512490508;11.099347810403192;11.817383427897232;11.784225860426252;12.217957697864112;10.112439506781552;11.2836671674915;10.863411958941638;11.51865315567339;10.490850876740298;11.384783750093352;11.526499239136566;12.210975677726395;12.327833296750327;11.239001757765582;10.308339030139408;12.530650179750014;10.660887270302569;12.327833296750327;11.141468555393084;10.376125389276174;11.17617314910749;11.211279947482009;11.41256984680521;10.737247343027738;11.00562454919388;11.27262978497637;11.264442600226602;11.385323176175872;11.129926933510394;9.9901039638575;10.90839262077375;11.11504365016171;11.539158811108033;10.3297963382207;10.898601387403938;10.60177078840771;11.193525360501216;11.057991722759176;11.845490050944376;10.73978060977326;11.677719641641009;11.194141238863136;10.88340698638837;11.381002109550924;10.703903573444665;11.60177078840771;11.944346034137832;11.292896755409172;10.38586240064146;11.284824100224624;11.101975670949232;10.90839262077375;10.174925682500678;11.140190703191836;11.40992124124968;10.49585502688717;11.237807473723135;10.260919533662904;11.71037597120447;11.091435386323608;11.214319120800766;9.649256177517314;11.312315746690109;11.202736043250168;10.69261550169458;11.11699367754698;10.357552004618084;11.42678889459556;10.634811050171718;11.377210530388552;11.011926066306808;11.150381968817848;11.62159403901754;10.46352437327118;9.620219825507489;12.16427843830117;10.15608307628868;10.14974711950468;10.852529509404196;11.499845887083206;11.521109643651332;11.546412195119352;11.437752072323605;11.326429487122304;11.075479149488016;11.124767535822471;11.37937836707126;11.129283016944967;11.33371442609397;10.655530723155644;11.663113308455806;10.834471049984222;10.974414589805528;10.86727873970966;11.076815597050832;11.776021715252812;11.385323176175872;10.881878707600446;10.33427328530719;10.63390340934852;11.255618749839597;11.230020435705637;11.403544678202014;11.421012855779226;11.101975670949232;10.083479327331842;9.884170519108435;10.76983784362944;10.381542951184583;8.894817763307943;11.519144787997414;10.82097669262124;11.584492796975876;11.398743691938192;10.188588845707349;10.847057346091336;10.874981347653774;10.852529509404196;11.527477006060396;11.31797782240712;11.347067657165873;11.393390457443989;11.401412878714178;11.562242424221072;13.535275376620802;10.834471049984222;11.134426320220928;9.79603960882977;11.7402023887679;11.293471648838134;11.116343961237469;10.862637357558794
1.0;0.0;1.584962500721156;1.0;0.0;1.0;0.0;2.0;0.0;0.0;1.584962500721156;1.0;0.0;1.0;2.0;0.0;1.0;0.0;0.0;0.0;0.0;0.0;0.0;1.0;0.0;0.0;0.0;1.0;0.0;2.0;2.0;0.0;1.0;1.0;1.584962500721156;0.0;0.0;0.0;1.0;3.4594316186372973;0.0;1.584962500721156;1.0;0.0;0.0;0.0;0.0;0.0;0.0;0.0;2.584962500721156;0.0;2.321928094887362;0.0;0.0;2.321928094887362;0.0;2.584962500721156;1.0;1.584962500721156;0.0;0.0;0.0;0.0;0.0;0.0;1.0;2.807354922057604;1.0;0.0;2.0;1.584962500721156;0.0;1.0;3.321928094887362;0.0;1.0;1.0;1.584962500721156;7.515699838284043;0.0;1.0;1.584962500721156;1.584962500721156;1.584962500721156;0.0;1.584962500721156;1.0;1.584962500721156;0.0;1.0;0.0;0.0;1.0;1.0;2.584962500721156;0.0;1.0;0.0;1.584962500721156;4.0;0.0;0.0;0.0;1.0;1.0;1.584962500721156;1.0;1.0;1.0;0.0;1.584962500721156;0.0;0.0;2.584962500721156;3.169925001442312;2.321928094887362;1.584962500721156;2.584962500721156;3.321928094887362;3.0;1.0;2.807354922057604;1.0;2.0;0.0;2.584962500721156;2.0;2.321928094887362;2.0;1.0;1.0;1.0;0.0;0.0;1.0;0.0;2.584962500721156;3.169925001442312;0.0;2.321928094887362;3.321928094887362;4.754887502163468;0.0;0.0;0.0;1.0;1.584962500721156;2.321928094887362;0.0;0.0;3.0;2.807354922057604;2.584962500721156;0.0;1.0;1.584962500721156;2.584962500721156;2.321928094887362;0.0;2.0;1.0;1.0;3.700439718141092;0.0;0.0;0.0;0.0;0.0;3.0;2.0;2.321928094887362;3.321928094887362;2.321928094887362;2.321928094887362;0.0;3.700439718141092;2.584962500721156;0.0;2.0;1.0;2.807354922057604;1.0;1.584962500721156;1.0;1.0;2.0;0.0;1.584962500721156;1.0;0.0;2.0;0.0;2.0;2.321928094887362;1.584962500721156;2.584962500721156;3.4594316186372973;0.0;2.584962500721156;2.0;2.807354922057604;2.584962500721156;1.584962500721156;2.584962500721156;1.0;3.0;2.807354922057604;2.807354922057604;1.584962500721156;1.0;1.0;2.321928094887362;1.584962500721156;1.584962500721156;2.584962500721156;1.584962500721156;2.321928094887362;0.0;0.0;2.807354922057604;2.0;2.584962500721156;1.0;2.0;3.0
11.333155350310616;7.076815597050831;9.779719355143405;7.098032082960526;9.65642486327778;7.189824558880018;8.344295907915816;9.887220615468385;6.906890595608519;9.975847968006784;9.066089190457772;9.481799431665753;9.076815597050832;7.339850002884624;8.044394119358454;7.3750394313469245;7.179909090014935;9.12670447284319;8.353146825498083;7.087462841250339;6.339850002884624;9.707359132080883;9.074141462752506;10.134426320220928;6.78135971352466;7.577428828035749;8.233619676759702;7.900866807980749;8.927777962082342;8.546894459887637;10.084808387804362;9.57553924683453;10.59618975614441;7.60733031374961;9.111135670234708;11.222191138456331;4.0;7.499845887083206;7.451211111832329;8.800899899920305;7.787902559391432;7.977279923499917;6.930737337562887;9.698704666770343;7.882643049361842;6.94251450533924;7.467605550082998;8.366322214245816;8.366322214245816;7.636624620543649;7.800899899920305;5.426264754702098;8.370687406807217;4.643856189774724;6.658211482751795;6.285402218862249;6.882643049361842;9.857980995127573;9.174925682500678;8.867278739709661;7.098032082960526;8.539158811108031;7.584962500721156;5.906890595608519;8.876516946565;9.722807531169549;8.839203788096944;9.83605035505807;6.930737337562887;10.10459875356437;6.169925001442312;9.066089190457772;9.355351096424812;9.741466986401146;7.60733031374961;7.539158811108031;7.888743248898259;7.888743248898259;9.627533884472792;7.076815597050831;9.090112419664289;8.98299357469431;9.991521846075695;7.199672344836364;8.94251450533924;9.65642486327778;7.954196310386875;6.977279923499917;9.61654884377899;8.45532722030456;7.768184324776926;10.131856960608792;5.954196310386875;2.584962500721156;8.839203788096944;8.845490050944376;6.129283016944966;7.727920454563199;7.199672344836364;5.700439718141092;9.350939181546432;7.515699838284043;9.022367813028454;7.467605550082998;6.392317422778761;7.2384047393250786;7.20945336562895;8.087462841250339;7.154818109052104;7.906890595608519;8.038918989292302;7.20945336562895;7.285402218862249;7.906890595608519;7.357552004618084;6.554588851677638;8.303780748177102;7.577428828035749;8.820178962415188;8.640244936222345;7.562242424221073;8.159871336778389;7.882643049361842;8.303780748177102;6.906890595608519;7.531381460516312;8.174925682500678;7.139551352398794;7.888743248898259;7.882643049361842;9.324180546618742;8.651051691178928;8.396604781181859;7.954196310386875;8.103287808412022;6.087462841250339;8.285402218862249;8.721099188707186;8.413627929024173;8.988684686772165;7.219168520462161;6.266786540694901;9.868822554775;8.20945336562895;8.62935662007961;7.459431618637297;8.577428828035748;8.199672344836364;7.087462841250339;8.550746785383243;8.64745842645492;8.467605550082997;8.768184324776927;8.353146825498083;8.290018846932618;7.266786540694901;7.679480099505446;7.754887502163468;7.417852514885898;8.550746785383243;8.238404739325079;8.243173983472952;7.321928094887363;8.62935662007961;8.03342300153745;8.651051691178928;8.67595703294175;8.139551352398794;8.159871336778389;8.321928094887362;7.098032082960526;7.357552004618084;7.906890595608519;7.614709844115208;7.546894459887636;6.857980995127572;7.03342300153745;8.388017285345136;8.339850002884624;8.005624549193879;9.243173983472952;7.409390936137702;8.118941072723507;7.118941072723508;7.894817763307944;7.870364719583405;5.087462841250339;8.375039431346925;8.665335917185176;8.434628227636725;7.357552004618084;7.554588851677638;7.761551232444479;8.060695931687555;8.539158811108031;7.930737337562887;7.531381460516312;8.842350343413807;7.434628227636725;5.044394119358453;7.857980995127572;8.994353436858859;6.845490050944375;7.800899899920305;8.353146825498083;8.566054038171092;9.027905996569883;7.219168520462161;7.285402218862249;8.717676423066395;8.658211482751796;7.86418614465428;8.870364719583405;9.005624549193879;8.174925682500678;7.727920454563199;8.854868383260236;8.682994583681683;4.247927513443585;7.721099188707186;9.851749041416058;8.774787059601174;8.252665432450248;8.527477006060396;7.851749041416057;7.74819284958946
12.453785055496157;10.639340708652233;11.870364719583405;10.485829308701904;11.145295334933598;13.370959793297386;10.872674880270605;10.894817763307945;11.40992124124968;11.397139806235604;13.297346198946718;12.207929445511668;11.001408194392807;13.0975383756469;9.705632387361415;10.83368074865474;12.30463652380727;11.319672120946995;11.33147682185962;9.94397991434374;13.265468542799042;11.494855584491198;11.79400964502097;12.58331786813751;10.188588845707349;10.69522829149575;11.152918576136624;10.552669097514272;13.38626668677018;10.900866807980748;12.667333341605158;10.599912842187129;12.04507705193494;12.022367813028454;11.520127550324853;12.918490592292311;11.355351096424812;11.707359132080883;10.63026712502677;11.391243589427445;12.212800334429431;10.689997971419446;10.625708843064466;11.468624042918018;11.77313920671969;11.44190670454224;11.964340867792416;12.204876767603992;12.204876767603992;9.89026427702111;11.00982861736811;11.498849206531723;11.181773438808808;13.26766453750112;13.007027266893967;11.309476353841106;11.419960177847887;12.43280285635187;12.285691191330091;11.711236767793784;10.61286849729104;12.020979938904212;10.812979471251484;12.246740598493144;11.095397022792556;12.044394119358454;12.975847968006784;11.659995892429976;10.625708843064466;12.159556028058768;10.052568050804153;13.297346198946718;12.373137035802127;11.0566377151132;10.584962500721156;13.4231159101471;11.027214885159834;11.027214885159834;11.354800344350595;10.94251450533924;11.840777923595054;11.369597346278676;12.044394119358454;11.735556023911537;12.535275376620802;11.145295334933598;12.211584153079526;11.181773438808808;11.253256579781151;11.147840893672337;11.7515440590891;11.715961990255144;11.084808387804362;10.15608307628868;12.975847968006784;11.463013413449692;10.89026427702111;10.545929769085468;11.040289721025715;12.262975701227942;9.807354922057604;10.390168956200185;12.263562639820616;11.964340867792416;10.822570830950168;10.473705749619416;9.179909090014934;14.042685372219353;11.945626722229823;10.06204613772049;11.251482410620213;9.179909090014934;10.712527000439824;11.77272694923985;10.347621368568134;11.398743691938192;11.8668925276766;11.098032082960527;12.016111838220512;11.290594888082572;11.102631888854969;11.191059214531656;11.936269857602207;11.59944798152872;10.407267764244732;11.914011328541257;10.39231742277876;11.227615943414223;11.088125692188209;11.122827994807666;11.567005370247031;11.526988205432009;11.724087461793989;11.385323176175872;11.237807473723135;10.992230264965889;11.183635381473218;11.65642486327778;11.436711542137214;11.686938171670388;10.122827994807666;11.42574042431621;11.680359523513712;11.805743872151618;11.30149619498255;10.67595703294175;11.804937672051908;11.24436383512051;11.406205005418856;11.092096414990792;11.54882190845875;12.074810461160451;11.884552133987237;11.011227255423254;11.653292945382814;10.978710459106358;10.94617524072356;11.215532999745657;10.71681946132995;11.978710459106358;11.82137539237254;11.7300455028792;11.007027266893967;11.803727526553114;12.064742764750257;10.28424574982967;11.698270577692032;11.68079903457298;12.50382573799575;10.281930026955443;10.63026712502677;10.90839262077375;11.59618975614441;10.900112062977456;11.203959703239462;10.312882955284357;11.876133200043016;11.623881490013458;10.954196310386877;11.242578689451346;12.089119397915168;11.489847960439295;11.67595703294175;11.639792893279312;10.946906274456396;11.26620091249896;11.253256579781151;10.993646060016596;11.397674632948268;11.407798850221974;10.957102041562289;10.696098170955864;10.861086905995396;11.020285500844649;11.85096815098244;11.131856960608792;11.850186837645774;12.124767535822471;11.237807473723135;11.607792641919213;12.157978449945432;12.326429487122304;10.845490050944376;11.73809225962049;11.608716854020573;11.919235786028349;11.99682652802066;10.28886607416582;10.958552715431011;11.506803437795648;10.995767150877802;11.388017285345136;12.436711542137214;11.498849206531723;11.603162679534382;11.199672344836364;11.353146825498085;12.325024310191417;11.629811944382231;11.211279947482009;11.59944798152872;12.406205005418856;11.910642730469624;12.868050853745158;11.56843119316746;11.211888294546004
15.382151155768527;13.103779552451623;15.31938987600021;12.009478745888066;14.675130068224403;17.347534865168946;14.097456074666194;13.244066464194818;13.46735081448758;15.619130977384264;15.5417923784642;14.128397162137498;14.563196272216738;14.735185783398943;13.625594701283411;10.121533517340032;14.723660944409984;16.55200859158428;14.33350479806354;12.842546775443642;14.720137356354217;16.19171469583314;15.928657160434527;15.16851543118764;10.699572453287267;15.176562761316749;13.458022048382626;14.377481688182955;13.547738035510903;12.855452509744048;17.25822556185235;14.988329649231089;15.584933148716823;11.977279923499916;13.263709337165892;17.173140319537826;14.19913552807077;14.429472126863349;13.407666097055015;13.50457073932441;14.397540944856535;14.756712675508098;14.550686671837498;17.212705357172084;14.106072144372488;15.682775179067027;15.57790083688697;15.2806620420303;15.2806620420303;13.71789058398728;11.220982851081777;14.208920176674004;11.632995197142955;16.411825417834965;15.171606851865484;15.06587889425448;14.639792893279312;12.099347810403192;15.1458525598301;13.727707777472686;13.11064642757782;13.552669097514272;13.160501747555688;11.029287226968243;15.024706827327938;13.357139590005463;14.236387976144703;13.14051027236822;14.550686671837498;16.42480598852439;11.687375683437468;15.5417923784642;15.497477645523553;14.583435404089418;12.760512051357347;14.069197995511106;15.383468053417506;15.383468053417506;15.697130472044098;9.902375114486023;14.899592946652207;15.976541748939086;14.858806655090357;16.428441963237788;16.688455222852845;14.675130068224403;13.591989767615123;12.7402023887679;16.197735030111936;13.819879699830006;14.997223593981422;18.36698381007199;13.695989464702496;13.725153203912992;14.236387976144703;11.829326335841666;14.45693189094904;13.023061249735337;14.015937673309226;13.596306248133724;14.59618975614441;14.182239149806843;16.905234208903007;15.57790083688697;14.042172353174928;13.697727782606473;11.77313920671969;15.504694868818218;13.63225685350416;11.82137539237254;14.980050299193575;11.77313920671969;13.462502272597265;14.083894790269454;13.0087787482805;14.164042684555913;13.562600191127032;13.51101135288224;13.260919533662904;13.86486321652392;13.25429050511706;13.489847960439295;12.77313920671969;13.85856386297237;12.62159403901754;12.823964258486738;12.888743248898258;11.47015043527436;13.026350530067845;13.913169916122756;13.039090401998603;14.022107688309616;13.79685079526716;13.382083590141969;14.206938033524374;13.87795508761204;13.685953284813918;13.07028868996168;13.167104482379932;14.169376998869794;13.115856481915078;14.308765631603524;12.63254087654689;13.55877942904049;12.757181632816716;13.624110035762987;13.56271942704932;13.803929287974446;12.918117851031772;13.885696373339394;13.83219776578554;13.903034503044154;15.07020481965727;13.44086916761087;13.836444911341369;13.042343379793692;14.703741390875678;14.333924023669228;12.24555270625568;14.38444650634117;14.422524735901208;13.952559261056836;13.450695771572915;13.44759985827995;13.157820597213629;14.311038711409475;14.081982669325678;14.063310809257125;13.782383991197;13.313449940963055;13.421012855779226;13.26795708440284;13.841564347730577;14.559018523346786;13.946358033887046;13.271754805646474;13.910642730469624;14.748402528398184;12.809366207816078;13.892637677748688;13.4542992936199;13.203500952361397;14.443008270572768;14.22143607744528;13.694357887221452;15.278667239946442;14.382691566896591;13.474212937193943;14.04840172658824;14.14473789473202;13.651724433108065;9.7714894695006;12.885505729792254;13.009128789539256;14.074559623110463;13.295194955880657;14.69207057438276;13.5262546938286;13.174301544467632;14.5652806186787;15.119427511067276;14.92731501080895;12.712741927075736;13.237060543838012;14.237434057119293;14.330146600438278;13.207624468226758;13.23586465108203;14.602060876487204;14.104189211153557;12.925183519434208;14.405141463136344;14.094655044127212;13.306061689428342;14.241312873484352;13.095232171619331;13.436971745049073;13.633222303800787;10.24555270625568;13.823964258486738;12.27699673929712;14.274086905634414;13.790246665444943;15.8668925276766;13.585901449690772;14.242280950302444
6.491853096329675;7.918863237274595;5.584962500721156;6.918863237274595;11.169925001442312;7.800899899920305;8.149747119504681;7.330916878114617;8.791162888555018;10.43254190038826;6.930737337562887;9.357552004618084;8.179909090014934;7.948367231584678;6.087462841250339;7.417852514885898;7.870364719583405;8.933690654952233;8.507794640198696;7.409390936137702;9.278449458220482;7.22881869049588;9.139551352398794;7.906890595608519;5.807354922057604;10.312882955284357;10.835260918627489;7.960001932068081;3.807354922057604;8.005624549193879;6.409390936137702;5.523561956057013;7.199672344836364;8.857980995127573;6.044394119358453;10.192292814470768;7.05528243550119;9.786269627648466;7.475733430966398;5.882643049361842;7.826548487290915;6.459431618637297;6.658211482751795;9.154818109052105;8.991521846075695;8.379378367071261;6.977279923499917;8.92184093707449;8.92184093707449;8.154818109052105;7.3750394313469245;6.392317422778761;7.05528243550119;4.700439718141092;6.78135971352466;5.643856189774724;6.857980995127572;7.994353436858858;9.139551352398794;7.247927513443585;6.247927513443585;9.693486957499324;9.364134655008051;6.700439718141092;5.459431618637297;6.965784284662087;7.044394119358453;7.531381460516312;6.658211482751795;5.614709844115208;8.467605550082997;6.930737337562887;8.651051691178928;6.022367813028454;7.05528243550119;8.689997971419446;9.219168520462162;9.219168520462162;7.577428828035749;10.527477006060396;5.977279923499917;8.049848549450562;7.554588851677638;6.700439718141092;6.507794640198696;11.169925001442312;8.72451385311995;8.243173983472952;7.98299357469431;10.450180247164754;7.839203788096944;6.0;7.475733430966398;3.906890595608519;7.044394119358453;7.303780748177103;9.83289001416474;10.27029532647204;7.94251450533924;11.29978040285854;7.826548487290915;7.651051691178928;8.321928094887362;6.977279923499917;8.113742166049189;8.335390354693924;10.295768934420508;8.758223214726724;7.361943773735241;9.390168956200185;7.189824558880018;10.295768934420508;7.3750394313469245;9.405141463136344;10.280770770130603;7.199672344836364;9.57553924683453;8.92481250360578;9.569855608330949;7.011227255423254;8.247927513443585;9.605479518061667;7.768184324776926;9.60733031374961;8.016808287686555;9.052568050804153;9.804131021183318;7.912889336229962;7.707359132080882;9.449148645375436;8.900866807980748;9.643856189774723;9.294620748891628;9.211888294546004;10.778898476008376;8.290018846932618;9.902375114486023;9.776433032444732;8.930737337562887;9.952741247186488;9.152284842306582;7.826548487290915;7.348728154231077;8.388017285345136;9.61654884377899;8.451211111832329;10.310612781659527;8.951284714966972;8.479780264029099;9.187352073200495;9.968666793195208;8.479780264029099;9.60733031374961;9.531381460516313;9.712527000439824;7.554588851677638;9.357552004618084;8.689997971419446;7.839203788096944;9.753216749178955;9.095397022792556;9.428360172704291;8.7714894695006;8.794415866350105;9.278449458220482;9.734709620225836;10.615629636968098;8.066089190457772;7.839203788096944;10.00982861736811;7.159871336778389;8.820178962415188;8.0;8.535275376620802;7.339850002884624;7.971543553950772;8.51175265376738;9.926295994781112;9.250298417906333;8.49585502688717;10.105908508571158;8.027905996569885;9.451211111832327;8.539158811108031;10.070120944476823;8.507794640198696;8.087462841250339;8.672425341971495;9.491853096329674;9.845490050944376;8.791162888555018;6.189824558880018;8.499845887083206;9.041659151637214;10.24198314969433;9.79603960882977;8.693486957499324;9.918863237274596;8.388017285345136;7.774787059601174;8.73809225962049;8.939579214314692;8.566054038171092;7.686500527183218;8.72451385311995;9.172427508645482;9.388017285345136;9.303780748177102;8.044394119358454;8.672425341971495;8.873444112515376;8.558420713268664;8.851749041416058;9.977279923499916;10.051208940914766;8.20945336562895;9.76155123244448;9.44086916761087;6.20945336562895;8.89178370321831;8.214319120800766;9.344295907915816;9.34207466799914;8.988684686772165;9.250298417906333;8.936637939002571
5.554588851677638;6.6293566200796095;5.0;6.7414669864011465;5.700439718141092;5.523561956057013;6.9886846867721655;6.087462841250339;4.643856189774724;5.491853096329675;6.129283016944966;9.874981347653774;3.584962500721156;6.857980995127572;10.40832974076739;9.918863237274596;9.231221180711186;6.7414669864011465;6.643856189774724;4.584962500721156;5.584962500721156;4.584962500721156;7.179909090014935;6.285402218862249;5.321928094887363;6.409390936137702;9.243173983472952;5.285402218862249;4.523561956057013;7.948367231584678;3.169925001442312;10.263269200372662;5.78135971352466;5.954196310386875;6.870364719583405;6.857980995127572;4.0;6.22881869049588;6.149747119504682;4.643856189774724;6.303780748177103;4.807354922057604;5.169925001442312;6.426264754702098;7.813781191217037;5.169925001442312;5.614709844115208;6.700439718141092;6.700439718141092;6.930737337562887;5.491853096329675;6.357552004618084;4.169925001442312;4.0;6.6293566200796095;7.285402218862249;6.169925001442312;5.906890595608519;6.357552004618084;5.954196310386875;6.3750394313469245;8.96289600533726;7.820178962415188;4.169925001442312;8.804131021183318;3.4594316186372973;5.906890595608519;5.832890014164741;5.169925001442312;5.247927513443585;4.523561956057013;6.129283016944966;7.169925001442312;3.700439718141092;1.584962500721156;6.108524456778169;5.044394119358453;5.044394119358453;4.321928094887363;11.159240650411672;6.409390936137702;7.546894459887636;4.954196310386875;7.6293566200796095;5.643856189774724;5.700439718141092;6.3750394313469245;10.090112419664289;8.960001932068081;7.693486957499325;7.707359132080882;5.0;5.700439718141092;7.888743248898259;5.906890595608519;6.321928094887363;6.022367813028454;5.614709844115208;6.965784284662087;3.584962500721156;5.807354922057604;6.700439718141092;6.894817763307944;5.614709844115208;6.3750394313469245;7.569855608330948;4.700439718141092;7.851749041416057;5.6293566200796095;6.087462841250339;5.459431618637297;4.700439718141092;7.584962500721156;6.807354922057604;7.257387842692652;3.807354922057604;7.857980995127572;6.392317422778761;7.442943495848728;6.539158811108031;6.108524456778169;6.044394119358453;5.459431618637297;7.189824558880018;6.539158811108031;7.888743248898259;8.672425341971495;5.523561956057013;6.442943495848728;6.857980995127572;7.592457037268081;8.266786540694902;7.614709844115208;7.05528243550119;7.426264754702098;5.554588851677638;8.228818690495881;7.266786540694901;6.954196310386875;7.888743248898259;7.348728154231077;5.754887502163468;4.169925001442312;6.087462841250339;6.7414669864011465;7.312882955284356;8.422064766172813;7.169925001442312;6.108524456778169;5.954196310386875;6.930737337562887;5.0;7.988684686772165;6.94251450533924;7.936637939002571;6.169925001442312;7.658211482751795;6.426264754702098;5.954196310386875;7.800899899920305;7.303780748177103;6.321928094887363;6.129283016944966;7.149747119504682;5.614709844115208;6.569855608330948;8.569855608330947;6.475733430966398;6.672425341971495;5.906890595608519;6.442943495848728;5.554588851677638;5.977279923499917;6.700439718141092;6.357552004618084;5.491853096329675;5.882643049361842;9.187352073200495;7.643856189774724;6.78135971352466;7.971543553950772;5.727920454563199;7.800899899920305;6.044394119358453;7.276124405274237;5.523561956057013;5.523561956057013;6.658211482751795;8.471675214392045;8.405141463136344;7.199672344836364;4.087462841250339;6.285402218862249;7.303780748177103;7.434628227636725;8.066089190457772;6.807354922057604;8.276124405274238;6.339850002884624;4.459431618637297;5.754887502163468;7.636624620543649;6.6293566200796095;5.614709844115208;5.954196310386875;7.643856189774724;6.78135971352466;6.169925001442312;5.700439718141092;5.20945336562895;6.087462841250339;5.643856189774724;7.845490050944375;6.882643049361842;7.303780748177103;5.523561956057013;9.002815015607053;8.523561956057012;5.857980995127572;7.108524456778169;4.857980995127572;7.658211482751795;8.005624549193879;7.179909090014935;6.247927513443585;6.754887502163468
10.505811553919594;8.661778097771988;11.231821178657404;10.828929827651486;12.32895536178133;10.844705764411938;9.94104760634058;9.627533884472792;9.355351096424812;10.506803437795648;10.053925881531104;10.29117069932186;10.186114239541643;11.285402218862249;9.850186837645774;11.66222330531784;12.055960234452296;10.682116764950074;10.66266837551754;10.419960177847887;10.968666793195208;9.7431513941125;10.624795455860236;10.99929538702341;12.12347479824414;10.684748620421626;10.4241662888181;9.668884984266247;9.022367813028454;9.398743691938192;10.726218159332198;9.172427508645482;10.204571144249204;12.71488943423155;12.666889708440255;11.233619676759702;10.52061868055628;10.782998208920414;9.214319120800766;11.233020426474496;10.53430288245463;9.157346935362844;8.184875342908283;10.252665432450248;10.90388184573618;10.5401280385821;9.709083812550343;11.325305455089682;11.325305455089682;9.364134655008051;12.556745526004686;11.34485068394299;11.676838606474153;10.35424938194524;10.720244258287568;11.4757334309664;10.943247395901553;12.614939847310737;11.205793249397155;11.449664538476192;10.66266837551754;10.430452551665532;9.672425341971495;10.304921669581672;9.46352437327118;11.894817763307945;10.360847084179664;10.144658242831882;8.184875342908283;10.952013164889486;9.231221180711186;10.053925881531104;11.758223214726724;9.948367231584678;10.207014320177532;10.187352073200495;11.908017261062804;11.908017261062804;9.566054038171092;12.908955477289462;10.049848549450562;10.171176797651771;10.977279923499916;11.113742166049189;10.86418614465428;12.32895536178133;11.274378153246364;11.20212382383046;10.30720080914081;9.829722735086058;10.85642552862553;11.367414751246828;9.407267764244732;8.948367231584678;10.360847084179664;10.80332391904149;10.0566377151132;11.629811944382231;10.617467465294196;7.807354922057604;9.840777923595054;10.011227255423254;10.508785162064513;9.709083812550343;9.638435913990472;9.878050912728536;8.339850002884624;11.7431513941125;10.526010107061737;11.397674632948268;10.157346935362844;8.339850002884624;10.91139198784346;10.01262453886506;9.554588851677638;9.667111542075029;9.768184324776929;9.782998208920414;9.853309555403674;9.285402218862249;9.586839787961829;10.060695931687556;9.24555270625568;10.026523442519766;9.394462694610317;10.251482410620213;8.63662462054365;8.233619676759702;9.659995892429976;9.442943495848729;9.94251450533924;9.90388184573618;10.356451970221755;10.395534135462302;10.014020470314934;9.759888183221834;9.52552080909507;9.731319031025064;10.959277505720502;10.312882955284357;9.019590728357882;9.477758266443889;9.312882955284357;10.14338321398982;9.489847960439295;10.025139562278508;10.60733031374961;9.54882190845875;9.72451385311995;9.970105890612182;9.964340867792416;9.85642552862553;10.731319031025064;9.679480099505446;9.968666793195208;9.447083226209651;9.59618975614441;9.527477006060396;9.499845887083206;10.029287226968243;10.745674324002136;10.741466986401146;9.658211482751796;10.096715154488535;10.506803437795648;8.744833837499545;10.118941072723509;10.064742764750257;11.022367813028454;8.81698362325538;9.623881490013458;9.659995892429976;9.746514321138465;9.712527000439824;10.178664851006472;8.044394119358454;9.829722735086058;11.151650829973422;9.271463027904376;10.047123912114026;10.203348002979762;9.818582177480858;10.558420713268664;10.049848549450562;9.68650052718322;10.1331422124006;9.204571144249204;9.897845456005513;10.217957697864112;10.373952655370193;9.829722735086058;8.005624549193879;9.859534786382651;9.461479447286155;10.025139562278508;9.682994583681683;10.152284842306582;10.51865315567339;10.252665432450248;9.398743691938192;10.88340698638837;10.924070185585345;9.583082767502932;9.564149489985732;10.159871336778387;10.526499239136566;9.722807531169549;9.319672120946995;9.829722735086058;9.231221180711186;9.216745858195306;9.871905237659186;10.550746785383245;9.684748620421626;10.125413470483316;9.774787059601174;9.527477006060396;10.44604940671655;9.599912842187129;9.634811050171718;8.954196310386875;10.642954223480332;10.584962500721156;11.700006150882864;10.260919533662904;9.517669388133813
7.988684686772165;10.215532999745657;8.308339030139408;8.20945336562895;8.622051819456376;8.426264754702098;9.759888183221834;7.076815597050831;10.103287808412022;11.473198383677529;8.63662462054365;9.887220615468385;9.515699838284045;10.61286849729104;8.344295907915816;8.51175265376738;9.756556322524087;10.580258567499788;9.579315937580017;8.396604781181859;9.78953364497036;9.388017285345136;11.208234358339787;9.264442600226602;8.066089190457772;11.186733289128869;8.312882955284355;9.951284714966972;6.894817763307944;9.81698362325538;9.44086916761087;6.714245517666122;8.696967526234287;7.651051691178928;7.011227255423254;11.419960177847887;8.189824558880018;11.11829223302699;9.741466986401146;7.434628227636725;9.893301530860564;8.262094845370179;8.312882955284355;10.421012855779226;10.924070185585345;10.715104009236168;10.051208940914766;10.814582465906277;10.814582465906277;10.225207436943505;7.129283016944966;10.113742166049189;9.066089190457772;7.554588851677638;9.854868383260236;8.199672344836364;8.515699838284043;10.884933647949762;11.711236767793784;9.72451385311995;8.599912842187127;12.200592137689254;11.260919533662904;8.303780748177102;7.022367813028454;10.709945380232496;9.426264754702098;8.285402218862249;8.312882955284355;9.12670447284319;10.725366257895642;8.63662462054365;10.398743691938192;9.184875342908285;6.149747119504682;10.602698865017963;10.461479447286155;10.461479447286155;7.870364719583405;7.839203788096944;7.994353436858858;10.216745858195306;9.857980995127573;9.98584193700334;8.550746785383243;8.622051819456376;11.09077405464075;10.109830654278792;10.188588845707349;11.964701857420447;10.430452551665532;8.479780264029099;8.321928094887362;5.930737337562887;9.426264754702098;6.6865005271832185;10.30720080914081;10.480790201095816;10.304921669581672;10.345405246717796;6.149747119504682;8.744833837499545;9.29920801838728;10.051208940914766;9.759888183221834;9.577428828035748;6.768184324776926;11.295194955880657;10.29232163280204;8.066089190457772;9.154818109052105;6.768184324776926;10.280770770130603;12.370687406807216;12.054265139625764;11.114393054867309;11.869593843240784;11.425215903299383;12.51175265376738;10.734709620225836;11.088125692188209;11.7714894695006;10.850186837645774;12.205182326228645;10.573647187493322;11.816183681432342;11.502334580197996;10.279610581052484;10.65284497300198;11.530406337099068;11.71639078949768;12.381542951184583;11.542548262335211;12.02997734658958;12.437492010125352;10.851749041416058;12.001760028327215;12.520373136339725;10.884170519108435;12.168358727223886;11.340406490853294;10.560332834212442;10.696098170955864;11.569380959522295;11.855647166027266;10.878817284614229;12.50308035175293;11.161131882984307;10.901621158346112;12.189206834597025;12.02271457304476;11.883025068440173;12.120561896442904;12.863024710236886;12.260625556068227;11.279030136449649;11.585901449690772;11.340406490853294;8.92481250360578;12.466076461396252;12.298635406734242;11.945809584900822;11.207014320177532;11.134426320220928;12.400345796534694;12.445790836048076;12.597587039586216;11.605479518061667;12.096385734452651;11.467605550082997;9.987264012072538;11.31628153174622;10.586839787961829;11.731743290707842;10.90312867681232;9.782998208920414;11.70865283568653;12.448116305409464;11.7402023887679;11.39231742277876;12.862637357558794;11.908017261062804;12.258271576282851;12.303780748177102;11.536732889835417;10.93810932621924;11.513727595952435;11.52061868055628;12.0877943047879;12.667111542075029;11.51717725268954;7.475733430966398;10.935901682267588;11.243769031961852;13.025831668332026;11.676397887044764;12.060695931687556;12.583552930466483;11.152284842306582;11.607792641919213;12.395266349839096;12.131856960608792;11.127349541059118;11.726643921483994;11.79603960882977;12.901621158346112;11.569855608330949;10.773963368433558;11.689124404913258;11.034798962577268;11.75446999527562;11.950920352030098;12.24198314969433;12.599912842187129;12.37937836707126;11.43879185257826;12.053247125912426;12.011926066306808;8.184875342908283;11.565578136784328;11.59944798152872;12.77272694923985;11.522091068887065;12.46735081448758;12.29174628083394;12.25591374933779
13.725046665121754;11.206403913973848;13.373137035802127;10.54399845013454;12.422327623974558;13.67815995754276;11.78953364497036;12.541096615349524;12.7402023887679;13.00562454919388;13.678710163506825;14.295625461192714;11.451211111832327;13.621021609124346;12.109504215757006;12.364134655008051;13.674412981837063;11.779308973959898;13.17695226833628;11.963979787815338;13.488467811145036;13.335390354693924;13.619646849988262;13.098525621379464;10.053925881531104;12.453013354466314;10.77313920671969;12.0087787482805;12.719174882328078;12.134426320220928;12.720244258287568;12.967046090863125;13.050868963290736;11.830911279742782;12.939579214314692;13.262241692033331;13.607677073765917;13.846665681899738;12.417852514885896;11.671541066711884;14.051293922803923;12.46735081448758;11.24852060493843;13.89320671340196;13.526988205432009;12.965243172556892;13.585314678201458;13.875557388803728;13.875557388803728;11.88149638481011;11.682116764950074;13.610217437068332;13.04763517372503;13.108687796154612;13.843921051289035;13.390168956200185;13.092096414990792;13.344018439881326;13.913917862502489;11.91737207947684;11.862249900851513;13.456226055746944;12.434106928609957;12.821773981970567;12.43149760425805;12.340684654363438;12.469896148670918;13.382488936445046;11.24852060493843;13.036345351740747;9.818582177480858;13.678710163506825;14.396270289737805;12.906702732460795;10.31741261376487;12.682336269711378;12.99435343685886;12.99435343685886;12.97924654446865;12.225508720236;12.759472121202831;12.971902746045467;13.618844301766652;12.83703654351734;13.973697366305352;12.422327623974558;13.523194374830966;12.651051691178928;12.749869427396844;12.70714340198091;13.57021149248542;12.612638163604773;12.563672959827514;12.888553007579214;12.469896148670918;12.326148561205557;12.861862340059153;12.81418188419028;13.106890045092218;10.585901449690772;12.577664851764846;12.4993476328766;14.371436345942458;13.585314678201458;12.43280285635187;12.87824254386927;10.600842114387302;14.260772552353531;14.348659004997192;11.161131882984307;12.691089186236532;10.600842114387302;13.276269830912272;12.884361339165704;13.184410482249875;12.298062567719017;13.119589620741122;12.861474675125772;13.517546370010448;12.272338184158624;12.879774677336927;13.154976290625738;12.510269670898175;13.078317622216062;11.727069558023706;13.018374070821016;11.83368074865474;12.004571615167656;12.665557989846414;12.60246690183057;13.067602418889496;12.907454038318624;13.193371349821495;13.42783660345852;13.328113894833656;12.64565843240871;12.677939816390142;13.131213905086272;12.501588422932391;13.384918625523817;11.4655664048094;12.194141238863136;12.537218400538595;13.075646273153524;12.921469060531413;12.108524456778168;13.060527067048644;12.749240939022329;13.007202510749742;13.084310133597755;13.367278229359725;12.5090326863065;13.629811944382231;12.650378635397704;13.183945471757246;12.334552633752422;13.26473580113014;12.693704739225286;11.960725994839056;13.353146825498085;13.338039933107874;13.76155123244448;12.642954223480332;13.077316445881026;14.156636150875055;12.665557989846414;13.33119687715303;13.078984687326034;14.013758836031451;12.078484417411447;12.494355603532846;12.533329732305834;12.703903573444665;12.462246634244352;12.808159772868375;11.102631888854969;12.673309075561695;13.34886644275655;12.678820179524028;12.756139298372927;13.544119233343697;12.649256177517314;13.185649777969497;12.55098721452152;12.49735289347705;12.67529549909406;12.091765938516804;12.930737337562888;12.966144913345602;12.827541190172502;13.376125389276174;11.376125389276174;12.401412878714178;12.781769511863132;13.040289721025715;12.994883741970837;12.795836740933648;13.672756805509056;12.939028181763254;12.463779785335385;13.511876166891112;13.65709510488839;12.668441828052998;12.198138052401116;13.094242668809017;13.332456200773848;13.069617590965562;11.72451385311995;12.456867738380344;12.397674632948268;12.563911244581693;12.87536540064177;13.486206533188533;13.775713150383517;13.10705356960822;12.359200485133632;12.74588436914204;13.382624026574916;12.21006248324023;12.624338545312986;12.52820989662271;13.57778284915099;12.90407007654614;14.055282435501187;13.31741261376487;12.506803437795648
10.169925001442312;11.697836357962377;10.581200581924955;8.562242424221072;8.622051819456376;9.271463027904376;9.019590728357882;7.813781191217037;10.00982861736811;10.369597346278676;10.552669097514272;11.64430696154558;9.76983784362944;8.710806433699352;11.161131882984307;10.271463027904376;11.38424412224308;10.715104009236168;10.691743519171276;9.51175265376738;10.226412192788786;11.373408960228696;10.728770849542665;9.159871336778387;9.174925682500678;8.957102041562287;10.112439506781552;9.923327485419192;6.22881869049588;11.128638812852598;7.686500527183218;6.442943495848728;10.828929827651486;8.370687406807217;11.197830998012195;11.155450731312138;11.144658242831882;13.020285500844649;11.025139562278508;9.383704292474052;8.67595703294175;8.413627929024173;8.566054038171092;11.65284497300198;11.676397887044764;8.988684686772165;8.46352437327118;11.657765035265363;11.657765035265363;10.224001674198105;10.107217075591382;10.733862719678545;10.72451385311995;8.335390354693924;11.906890595608518;10.122827994807666;10.083479327331842;7.774787059601174;12.117643101389092;9.252665432450248;7.636624620543649;10.77561028075954;10.714245517666123;10.39660478118186;7.357552004618084;11.530893981193922;11.257387842692651;9.552669097514272;8.566054038171092;10.461479447286155;9.90839262077375;10.552669097514272;11.745674324002136;11.50432244829189;5.930737337562887;9.355351096424812;8.734709620225837;8.734709620225837;9.047123912114026;9.098032082960527;9.278449458220482;9.65642486327778;10.916625922211235;12.434628227636724;9.65642486327778;8.622051819456376;11.627989784315703;11.758639637024576;11.080151309614088;11.415213598765286;12.351215321855609;6.832890014164741;9.052568050804153;10.678600139099458;11.257387842692651;9.116343961237469;10.34318571544788;11.025831668332026;9.845490050944376;8.326429487122303;7.312882955284356;11.147840893672337;8.335390354693924;8.46352437327118;10.573647187493322;11.207014320177532;8.164906926675688;11.12670447284319;12.81016993766466;9.252665432450248;10.902375114486023;8.164906926675688;10.166163082646111;10.620219825507489;10.426264754702098;8.894817763307943;10.43149760425805;10.08214904135387;10.802516365121225;9.108524456778168;9.766528908598865;10.625708843064466;8.243173983472952;11.700439718141093;8.804131021183318;10.899356922923111;8.965784284662087;9.06339508128851;12.287423811683524;10.743992861060176;10.710806433699352;9.899356922923111;10.130570562805426;9.766528908598865;11.16867211813223;9.036173612553483;10.5980525001616;11.006326078524934;11.00562454919388;12.364134655008051;9.483815777264256;9.221587121264806;9.353146825498085;11.165535141377925;10.992230264965889;8.577428828035748;10.357552004618084;10.682116764950074;10.276124405274238;11.213104219641906;9.92481250360578;8.43879185257826;10.559377090526684;11.310044679647506;10.111135670234708;10.810571634741146;10.020979938904212;9.851749041416058;8.807354922057604;11.082814337672271;10.384783750093352;11.747353829478062;10.597121428789569;10.632995197142955;11.092757140919852;10.023754353299417;10.955649907528374;10.97656412341533;11.11699367754698;10.124121311829189;9.691743519171276;10.191059214531656;10.17617314910749;10.44604940671655;10.563196272216738;7.651051691178928;9.197216693110052;10.89633240390994;10.99081307915361;8.79766152585376;11.617467465294196;8.59618975614441;10.980853606379736;9.172427508645482;10.466586337719244;10.41679752760606;8.344295907915816;10.1006623390052;10.193525360501216;9.544964432789238;11.077483356859508;7.442943495848728;10.452241240430816;10.74819284958946;9.250298417906333;8.45532722030456;9.700439718141093;10.188588845707349;10.894817763307945;9.124121311829189;10.894059846274022;13.328674927327947;8.689997971419446;11.389093521904474;10.555547771647063;10.509775004326936;10.306061689428342;7.98299357469431;9.81698362325538;10.071462362556623;10.588714635582264;10.33427328530719;10.61286849729104;11.409390936137704;10.594324603924848;8.308339030139408;10.213104219641906;10.121533517340032;9.417852514885896;10.47269083924278;9.899356922923111;9.94251450533924;8.829722735086058;11.518161355756956;11.293471648838134;8.927777962082342
11.545929769085468;12.133463346523438;11.985486199104637;11.119589620741122;12.284824100224624;11.099347810403192;11.95310515059134;11.450180247164754;11.423641195075856;11.256798386079389;11.41679752760606;12.263856019596082;11.889503963411476;10.790348496751914;13.145295334933598;9.83289001416474;12.121209716409284;13.37571825083947;13.234817431117325;11.020285500844649;12.151333719291657;12.094737505048093;12.69261550169458;12.723447638422918;11.643405277115674;10.73809225962049;10.715104009236168;12.284824100224624;12.772933092705356;12.03960451795376;13.061708704660624;12.32671035834696;11.529918528120325;12.002815015607052;12.26795708440284;12.196294745028265;11.44759985827995;12.057653339963936;12.074810461160451;11.531868775177552;12.360572781480696;10.002815015607052;9.030667136246942;12.894817763307945;12.205793249397155;11.799281621521924;10.449148645375436;11.481799431665753;11.481799431665753;11.526010107061737;11.975489756945754;11.70433597118232;10.720244258287568;13.080151309614088;12.16804526822409;11.818582177480858;11.290018846932618;12.347898144596012;12.58261245126702;11.589182967039353;11.843528534611089;12.386401423640775;11.987264012072538;12.037203741151972;11.213104219641906;11.041659151637214;12.34568244818678;13.220982851081777;9.030667136246942;12.868436755858168;11.479275030250204;11.41679752760606;12.730682407476795;10.970824901362615;9.579315937580017;11.61056350392504;12.139551352398794;12.139551352398794;10.470658874060552;10.419960177847887;12.697402007502708;12.560093957642495;12.332036548361652;13.34443462192399;13.188897873242189;12.284824100224624;12.2428763671664;12.528698283574188;11.584492796975876;12.584257887744569;12.219471067394355;10.521600439723729;11.47218311618954;13.197984533375603;12.34568244818678;11.98299357469431;11.64250302878052;12.279900715802762;11.762382038710392;11.04507705193494;12.093087390444218;11.722380635163802;11.533816389433364;10.449148645375436;12.086799685623452;11.98584193700334;8.829722735086058;12.493855449240822;10.765286098723683;11.744833837499543;10.720244258287568;8.829722735086058;10.728770849542665;11.930737337562888;11.98049663618346;8.184875342908283;12.304066063127284;11.269711121142782;12.194756854422248;10.42940674151398;11.354800344350595;12.029632328044135;9.957102041562289;12.294620748891628;9.344295907915816;11.1767964781476;12.786473845221302;8.81698362325538;12.282219695672588;10.871135184243045;12.461735221604863;12.23840473932508;11.580729651598958;11.253847484987404;12.139871063212489;10.214319120800766;11.858758099935422;12.053247125912426;10.544964432789238;12.418379719364957;12.245255580306557;9.766528908598865;9.818582177480858;11.888362741170644;11.59944798152872;11.38316426063511;12.066761932386909;11.910642730469624;12.40832974076739;12.559138055642384;12.860311054919482;10.038918989292302;13.38518833856272;12.480285320936373;11.699138625275914;11.357002092264985;12.059682447247638;11.914385132155443;9.111135670234708;12.590119174107176;12.042685372219353;12.30035256032822;11.74777340052679;11.840777923595054;12.516438734607949;12.442684367865834;12.588246152044816;11.840777923595054;13.106726502039171;12.490349505739289;11.556026992724677;11.10459875356437;11.27029532647204;11.41415667927414;10.93147623388679;10.407267764244732;9.7279204545632;12.293759009667864;12.723447638422918;12.520864182988744;12.873444112515376;11.836444911341369;11.649705265471413;10.54399845013454;12.036860446673046;10.188588845707349;8.640244936222345;11.150381968817848;12.095067301607054;12.561049226699671;12.031701202740305;9.333155350310616;11.734709620225836;12.170238052336648;11.964340867792416;11.627989784315703;11.127349541059118;12.363587246524578;12.019590728357882;9.839203788096944;12.325024310191417;11.73978060977326;10.868050853745158;12.203348002979762;12.462246634244352;12.255618749839597;11.639340708652233;10.88340698638837;10.51175265376738;10.17367713630342;11.425215903299383;12.15006457908147;12.294620748891628;12.239001757765582;11.4578938373147;9.85642552862553;12.100990784092762;13.202276903043389;11.608254821977908;12.240195053979924;11.624338545312986;12.210671343785622;11.464035152189911;12.276706019892432;11.996473488733228;10.451211111832327
7.658211482751795;4.584962500721156;8.640244936222345;4.169925001442312;6.584962500721156;6.087462841250339;6.392317422778761;7.599912842187128;7.721099188707186;7.303780748177103;8.134426320220927;5.906890595608519;5.700439718141092;6.149747119504682;6.894817763307944;7.330916878114617;7.0;7.199672344836364;7.622051819456376;7.774787059601174;6.7414669864011465;7.257387842692652;6.357552004618084;8.479780264029099;9.4757334309664;6.700439718141092;5.129283016944966;6.584962500721156;8.022367813028454;6.022367813028454;8.51175265376738;8.475733430966399;6.78135971352466;5.459431618637297;7.108524456778169;7.60733031374961;7.219168520462161;6.906890595608519;7.417852514885898;6.906890595608519;9.113742166049189;7.467605550082998;5.247927513443585;6.189824558880018;7.383704292474052;7.108524456778169;8.625708843064466;6.0;6.0;6.339850002884624;7.643856189774724;7.930737337562887;6.918863237274595;8.974414589805527;6.768184324776926;6.022367813028454;7.592457037268081;8.74819284958946;7.531381460516312;6.247927513443585;5.321928094887363;6.727920454563199;7.546894459887636;6.569855608330948;6.882643049361842;5.882643049361842;6.044394119358453;7.832890014164741;5.247927513443585;5.614709844115208;4.392317422778761;8.134426320220927;8.011227255423254;8.164906926675688;5.247927513443585;6.459431618637297;7.499845887083206;7.499845887083206;7.74819284958946;8.219168520462162;6.569855608330948;7.199672344836364;7.169925001442312;5.491853096329675;7.011227255423254;6.584962500721156;8.199672344836364;8.63662462054365;7.794415866350106;7.971543553950772;6.727920454563199;10.73640193131829;7.05528243550119;6.832890014164741;6.044394119358453;7.658211482751795;6.794415866350106;6.108524456778169;5.930737337562887;4.321928094887363;6.491853096329675;7.098032082960526;6.491853096329675;8.625708843064466;7.159871336778389;7.087462841250339;5.954196310386875;7.169925001442312;5.857980995127572;7.159871336778389;5.906890595608519;5.954196310386875;6.442943495848728;6.672425341971495;7.330916878114617;6.3750394313469245;7.577428828035749;7.20945336562895;7.491853096329675;7.05528243550119;6.965784284662087;7.179909090014935;7.159871336778389;6.727920454563199;6.807354922057604;7.257387842692652;5.614709844115208;6.643856189774724;7.0;6.599912842187128;7.348728154231077;7.417852514885898;7.475733430966398;6.807354922057604;7.294620748891627;6.832890014164741;6.906890595608519;7.636624620543649;7.149747119504682;8.118941072723507;6.857980995127572;7.159871336778389;7.400879436282184;7.159871336778389;7.321928094887363;6.658211482751795;6.247927513443585;7.20945336562895;7.906890595608519;6.78135971352466;7.417852514885898;6.169925001442312;7.672425341971495;6.643856189774724;7.022367813028454;5.906890595608519;7.734709620225838;7.442943495848728;6.409390936137702;7.700439718141092;7.05528243550119;7.554588851677638;6.7414669864011465;8.113742166049189;7.199672344836364;7.149747119504682;7.6293566200796095;6.727920454563199;6.129283016944966;7.592457037268081;5.727920454563199;5.977279923499917;7.0;7.266786540694901;7.686500527183218;6.189824558880018;7.426264754702098;7.721099188707186;6.845490050944375;7.294620748891627;7.826548487290915;6.870364719583405;7.672425341971495;6.954196310386875;7.066089190457772;7.108524456778169;6.794415866350106;6.672425341971495;6.918863237274595;7.554588851677638;6.954196310386875;6.523561956057013;6.794415866350106;6.658211482751795;7.247927513443585;6.9886846867721655;7.392317422778761;7.554588851677638;7.554588851677638;5.906890595608519;6.672425341971495;6.9886846867721655;6.539158811108031;5.0;7.523561956057013;7.672425341971495;7.845490050944375;6.554588851677638;6.6293566200796095;7.0;6.794415866350106;6.768184324776926;7.700439718141092;7.442943495848728;7.392317422778761;7.189824558880018;7.554588851677638;7.531381460516312;5.247927513443585;6.794415866350106;7.622051819456376;6.357552004618084;7.467605550082998;7.139551352398794;7.179909090014935;6.820178962415188
3.584962500721156;5.614709844115208;1.584962500721156;7.139551352398794;4.643856189774724;3.169925001442312;6.321928094887363;4.700439718141092;2.321928094887362;2.0;1.0;2.321928094887362;4.087462841250339;3.584962500721156;4.247927513443585;8.618385502258606;4.954196310386875;4.321928094887363;2.0;2.0;1.584962500721156;1.584962500721156;5.357552004618084;4.087462841250339;6.044394119358453;7.679480099505446;6.22881869049588;5.357552004618084;1.584962500721156;4.247927513443585;1.0;4.754887502163468;2.584962500721156;5.392317422778761;7.022367813028454;3.169925001442312;0.0;0.0;6.714245517666122;4.392317422778761;3.906890595608519;1.0;4.087462841250339;2.0;5.643856189774724;4.169925001442312;0.0;3.169925001442312;3.169925001442312;4.954196310386875;10.040289721025715;4.169925001442312;5.0;2.584962500721156;3.0;3.0;0.0;8.98299357469431;4.643856189774724;2.584962500721156;3.321928094887362;6.022367813028454;6.044394119358453;1.0;3.700439718141092;9.129283016944967;3.906890595608519;2.584962500721156;4.087462841250339;1.0;2.0;1.0;4.0;1.584962500721156;5.044394119358453;3.169925001442312;7.483815777264256;7.483815777264256;2.321928094887362;8.29920801838728;1.0;5.247927513443585;2.584962500721156;1.0;2.0;4.643856189774724;1.584962500721156;3.807354922057604;5.700439718141092;7.734709620225838;3.4594316186372973;3.0;2.0;2.807354922057604;3.906890595608519;8.527477006060396;2.807354922057604;7.577428828035749;2.321928094887362;5.930737337562887;4.247927513443585;4.169925001442312;1.0;0.0;5.20945336562895;5.523561956057013;8.832890014164741;4.906890595608519;2.169925001442312;10.084808387804362;3.0;8.832890014164741;3.700439718141092;6.321928094887363;7.066089190457772;1.0;6.7414669864011465;6.303780748177103;6.523561956057013;3.584962500721156;6.523561956057013;6.94251450533924;4.169925001442312;6.321928094887363;5.087462841250339;6.22881869049588;7.475733430966398;4.643856189774724;6.523561956057013;6.672425341971495;6.022367813028454;6.614709844115208;7.426264754702098;6.857980995127572;7.693486957499325;5.857980995127572;6.491853096329675;7.285402218862249;6.426264754702098;7.876516946564999;8.46352437327118;3.584962500721156;2.584962500721156;6.768184324776926;5.491853096329675;5.754887502163468;6.392317422778761;5.727920454563199;7.0;6.129283016944966;7.05528243550119;3.584962500721156;8.294620748891628;8.686500527183219;6.754887502163468;6.392317422778761;6.965784284662087;6.149747119504682;2.807354922057604;6.965784284662087;5.643856189774724;6.303780748177103;5.584962500721156;6.087462841250339;6.475733430966398;7.312882955284356;7.994353436858858;5.459431618637297;5.754887502163468;8.199672344836364;5.491853096329675;6.6865005271832185;4.392317422778761;6.845490050944375;6.794415866350106;6.303780748177103;3.4594316186372973;7.285402218862249;7.169925001442312;5.930737337562887;6.285402218862249;5.169925001442312;7.219168520462161;5.044394119358453;7.870364719583405;4.247927513443585;2.584962500721156;6.392317422778761;7.076815597050831;8.266786540694902;7.60733031374961;4.392317422778761;6.247927513443585;6.754887502163468;7.159871336778389;7.199672344836364;4.807354922057604;6.20945336562895;6.727920454563199;3.321928094887362;5.523561956057013;6.285402218862249;6.392317422778761;4.0;6.965784284662087;6.169925001442312;6.285402218862249;6.882643049361842;4.523561956057013;5.554588851677638;5.807354922057604;5.087462841250339;6.906890595608519;6.599912842187128;7.584962500721156;3.807354922057604;6.643856189774724;6.820178962415188;1.584962500721156;7.098032082960526;5.087462841250339;5.727920454563199;5.672425341971495;5.672425341971495;6.475733430966398;6.066089190457772
11.834075953434883;11.369597346278676;11.99964773652837;10.39231742277876;12.733227217851562;11.809366207816078;11.838416075797335;10.604553229079038;11.533329732305834;11.85681455250301;11.634811050171718;12.554109152574004;10.9901039638575;13.098854553218755;10.926295994781112;11.25502856981873;13.248817059278505;11.483815777264256;11.51224664282918;11.556026992724677;12.18239435340453;12.097702963524654;12.335390354693924;11.913263430628762;10.954196310386877;12.368506461507693;10.669770888525518;10.30035256032822;12.2659080092311;10.850186837645774;11.449148645375436;11.591989767615123;11.642051692927977;12.022367813028454;12.435930651703597;13.06406908038551;12.65664831174735;11.307770031890705;11.258566033889933;10.546894459887636;12.930182916865272;11.111135670234708;10.257387842692651;11.43149760425805;12.841564347730577;11.780129619625306;12.313166475977198;12.44190670454224;12.44190670454224;10.584022940257542;11.292896755409172;12.228518097716194;12.00982861736811;12.834471049984222;12.046441948007311;11.482807956726669;11.130570562805426;14.058921866415917;12.784021324374178;11.54882190845875;11.311180660053354;12.7901448269498;11.482303782323182;11.43879185257826;10.927777962082342;13.719923528720669;11.640696837570092;11.198445041452365;10.257387842692651;12.547135531830865;9.933690654952231;11.634811050171718;13.465056167831175;11.857980995127573;10.80332391904149;11.85836959985474;13.137151260278308;13.137151260278308;11.31741261376487;13.07028868996168;11.448632567730552;11.979425195331473;11.71896091198421;12.121857245612654;12.092426815780255;12.733227217851562;12.682775179067027;11.076147528022505;11.62662165235837;11.886458695703706;12.457380879072534;12.224906090719768;11.15608307628868;11.342630298678408;11.640696837570092;11.97656412341533;11.20212382383046;11.626165319904498;11.724940118462358;9.084808387804362;10.491853096329674;11.09341756438796;12.1705510353167;12.313166475977198;10.88340698638837;11.332036548361652;9.411510988012072;13.52833200886121;12.471802206605576;12.271171191139771;11.760719947465624;9.411510988012072;11.88378880325996;13.29232163280204;10.904634621668151;13.083313108650756;13.056468374771333;12.088457003486226;13.030494719749468;12.995237170449055;12.022367813028454;12.014020470314934;13.526865979393818;12.594324603924848;12.411775775576528;13.06305796362349;10.9901039638575;12.839006900339438;12.319672120946995;12.413098984915264;12.572937025017309;12.640244936222343;12.780949798749663;12.095067301607054;11.789126046425231;12.616089313582115;12.426264754702098;12.334831928118;12.5898851792902;12.735556023911537;11.183015000882756;13.422853195944263;13.590002181442724;12.842939559285137;12.578608560737752;11.588246152044816;12.762589665542569;12.61654884377899;12.603858121842803;11.949097155729207;12.236313227042803;13.338039933107874;12.978710459106358;11.88760142450871;12.443461612227392;12.177730967033272;11.501339618061396;12.537218400538595;12.324461855977315;12.99169898341288;13.29304050024473;12.375853976418467;12.284534954008423;12.833483105659584;12.64430696154558;11.36796070964157;12.773345291291273;13.09901899101923;13.605248001565805;10.696098170955864;11.668441828052998;11.83605035505807;13.071462362556623;12.069114061773938;12.937741620077096;11.1767964781476;13.717248005827646;12.430975172588068;11.756973226165448;12.27699673929712;12.922955991908475;12.826151214800207;13.08464232218796;13.278159031437236;10.91737207947684;12.370687406807216;12.900112062977456;11.81418188419028;12.385592813601365;12.210975677726395;11.820178962415188;11.46096776257042;11.874981347653774;11.975847968006784;12.564625862795372;11.512740462803498;13.41758884038258;12.704119788513015;11.956013078088098;13.604321563877273;13.690761908445976;13.717355122064909;11.880731435141664;12.371776644337924;12.871135184243045;12.962353808635276;13.81648371159686;11.177419537989236;12.99081307915361;13.07045641594465;12.112439506781552;13.032906677628253;13.461479447286155;12.203348002979762;12.497103357016876;12.769217996126503;12.352043425795433;13.12395971059229;12.149111990706889;12.23421867823847;12.815383295813538;13.436971745049073;12.71488943423155;13.606867837374152;12.43567026093655;12.581200581924955
9.60917873814198;9.493855449240822;10.83289001416474;10.852529509404196;9.308339030139408;9.984418458801136;10.86573327085176;9.899356922923111;9.651051691178928;11.284824100224624;9.34207466799914;9.03342300153745;10.449148645375436;10.224001674198105;9.473705749619416;12.448374459662794;10.95637615724967;11.011227255423254;11.011227255423254;8.794415866350105;9.247927513443583;9.177419537989236;9.99435343685886;10.312882955284357;9.312882955284357;11.108524456778168;8.727920454563199;12.883597907455398;9.905387005018133;11.45994384837493;9.537218400538595;10.62296694479051;9.939579214314692;9.4241662888181;11.180530807344482;10.741466986401146;8.804131021183318;10.808159772868375;10.224001674198105;10.684748620421626;10.809768128710411;7.665335917185176;9.649256177517314;10.406205005418856;11.105253779700885;9.868822554775;8.873444112515376;10.018200178813226;10.018200178813226;9.59245703726808;8.353146825498083;10.4189067312579;11.027214885159834;10.403012023574997;10.594324603924848;10.234817431117325;12.451211111832327;12.695880750257556;11.298062567719017;10.43879185257826;9.64745842645492;11.854868383260236;10.661778097771988;8.784634845557521;10.090112419664289;10.7657004876511;10.952741247186488;8.625708843064466;9.649256177517314;9.533329732305834;9.129283016944967;9.34207466799914;10.810571634741146;8.247927513443585;8.219168520462162;8.89178370321831;9.221587121264806;9.221587121264806;10.43254190038826;10.795227966028678;8.451211111832329;10.258566033889933;11.705632387361415;11.217351905270334;10.265615046484458;9.308339030139408;9.461479447286155;11.011926066306808;10.639340708652233;12.159556028058768;10.480790201095816;8.184875342908283;9.918863237274596;7.714245517666122;10.952741247186488;11.140829770773;9.90839262077375;10.595257481449035;10.830515206976838;8.527477006060396;8.74819284958946;10.040289721025715;7.924812503605781;8.873444112515376;9.85642552862553;10.593391122791736;10.125413470483316;11.213711798105672;9.153552031708111;10.29117069932186;9.355351096424812;10.125413470483316;10.295768934420508;9.899356922923111;10.993646060016596;10.605479518061667;9.90839262077375;10.219168520462162;10.632086412835182;10.019590728357882;9.96000193206808;12.148158772937894;10.480790201095816;10.018200178813226;10.490850876740298;10.274960472140602;10.280770770130603;10.247927513443583;11.215532999745657;10.188588845707349;9.930737337562888;9.820178962415188;11.386940245324311;11.603162679534382;11.667998535672528;11.076147528022505;9.552669097514272;11.79400964502097;10.721953612801386;10.41679752760606;10.395534135462302;10.309476353841106;10.157346935362844;11.00562454919388;9.539158811108033;8.696967526234287;10.735556023911537;10.246740598493144;10.57459352733761;9.346513733165636;11.59944798152872;10.366322214245816;11.249113452713727;9.620219825507489;11.046441948007311;8.344295907915816;10.055282435501187;10.421012855779226;10.094077685671904;10.187352073200495;10.430452551665532;12.116018993325094;10.828929827651486;10.708221730038352;12.83387836457737;10.46454575033394;9.974414589805528;10.614709844115207;11.80332391904149;11.079484783826816;10.111135670234708;9.818582177480858;11.280770770130603;10.877284133523196;9.967226258835993;10.918117851031772;11.068106475858771;10.41256984680521;9.08214904135387;11.374496145691516;11.75446999527562;10.754052367528924;10.78135971352466;10.39231742277876;10.271463027904376;10.558420713268664;10.256208688527389;10.302638923787551;10.107217075591382;9.31741261376487;11.95164898590462;10.371776644337924;9.481799431665753;9.457380879072534;11.370687406807216;11.588714635582264;10.508785162064513;11.960364008877834;11.040974598817304;9.90839262077375;11.344295907915816;11.66622400280318;10.620219825507489;10.217957697864112;10.449148645375436;9.99717948093762;11.381542951184583;9.824958740528524;10.118941072723509;10.276124405274238;9.157346935362844;10.227615943414223;10.365228849251544;11.620219825507489;11.06204613772049;10.044394119358454;9.449148645375436;10.162391328756906;10.981567281903017;10.785452468158542;10.075479149488016;10.47269083924278;10.69261550169458;10.977995368612962;11.524541715035848;10.306061689428342
10.14338321398982;10.023754353299417;14.109993845845157;8.550746785383243;9.599912842187129;10.487840033823051;11.400345796534694;9.303780748177102;10.901621158346112;11.61654884377899;10.31628153174622;11.467605550082997;10.52552080909507;11.90839262077375;10.250298417906333;11.080151309614088;12.97906787148051;10.285402218862249;12.609409624761804;9.63117705570398;10.944712061043486;9.705632387361415;11.493355121494906;9.741466986401146;11.542548262335211;10.841564347730577;8.129283016944967;9.59245703726808;8.487840033823051;10.955649907528374;9.333155350310616;8.471675214392045;9.98584193700334;9.066089190457772;10.053925881531104;12.116668855967111;10.433585441150496;11.460455896309636;11.225809940623543;8.43879185257826;13.348451537407128;10.253847484987404;8.778077129535358;10.94251450533924;12.34734453943155;10.981567281903017;10.324180546618742;11.61240779313867;11.61240779313867;10.367414751246828;8.149747119504681;10.91288933622996;10.25974326369078;9.899356922923111;11.498849206531723;11.602234901341063;9.579315937580017;10.978710459106358;12.530406337099068;10.536247215688128;10.482807956726669;11.51865315567339;10.964340867792416;10.483815777264256;8.820178962415188;14.997003015272806;10.040289721025715;9.558420713268664;8.778077129535358;10.225207436943505;8.980139577639157;10.31628153174622;12.7238742188639;11.108524456778168;11.593391122791736;11.164906926675688;14.109993845845157;14.109993845845157;8.741466986401146;12.746934136372298;9.285402218862249;11.66222330531784;11.323054760341646;12.43540982316332;10.0566377151132;9.599912842187129;11.42574042431621;10.735556023911537;10.62935662007961;11.637077657143664;12.11699367754698;9.741466986401146;9.77313920671969;8.823367240046235;10.040289721025715;11.638888382252262;10.492854620174748;11.098690096673591;10.7431513941125;8.83605035505807;8.204571144249204;9.980139577639155;10.335390354693924;10.324180546618742;10.71681946132995;11.240791332161956;8.930737337562887;12.546653347654956;11.697836357962377;9.707359132080883;10.50382573799575;8.930737337562887;10.916625922211235;12.660218788535618;10.059344460824423;11.41679752760606;12.507051302247916;11.88378880325996;12.89822347121556;11.721099188707186;11.815783544128184;11.67815995754276;11.934428040626804;12.964701857420447;11.890644283619087;12.86050505680788;10.632995197142955;11.899356922923111;11.761966695382092;11.700439718141093;12.66289085913906;11.807354922057604;12.820178962415188;11.842350343413807;11.52258153125483;11.736824699098864;11.70606426733497;11.715961990255144;12.31938987600021;12.236313227042803;11.725366257895642;12.096385734452651;12.660441650209172;12.65508344519798;11.661332752795186;10.352043425795433;12.952559261056836;12.162391328756906;12.060358182642142;11.888743248898258;11.544481522310791;12.66266837551754;11.689561254285524;11.760304125286382;11.243173983472952;12.156399144871584;10.881878707600446;11.615169813843602;11.99859042974533;12.703038388986418;12.682336269711378;11.65642486327778;12.49735289347705;12.889884170302828;12.392049039364183;11.60408986146918;12.35974956032233;12.24436383512051;13.58777751632821;11.048486873992337;11.270879295328784;11.73978060977326;12.6345841934937;11.712097051087548;12.055960234452296;11.161131882984307;12.44449728710381;11.872674880270605;10.863411958941638;11.76983784362944;12.409390936137704;12.116018993325094;12.782793498733351;12.79380649145577;10.569855608330949;11.76155123244448;11.765286098723683;11.70433597118232;12.01227534485612;10.907641803665529;12.211888294546004;11.144020869266893;11.906890595608518;11.609640474436812;11.29117069932186;10.422064766172811;12.915505962231933;11.651051691178928;11.455840909126398;12.777255315191924;13.087297080919154;13.323617763291578;12.080817527608328;12.320800548881635;12.443461612227392;12.624795455860236;12.789126046425231;11.138911718142744;11.884170519108435;12.287135186086704;11.81658370778757;12.345127991976693;13.378565810000564;11.993292241488549;12.717033749490891;12.32895536178133;11.77313920671969;12.058668250340572;10.73893668167614;11.943247395901553;12.007027266893967;12.307485448589476;13.052228393347402;12.700656452918167;12.073806847178492;12.01262453886506
14.367005146822304;12.518898992777316;13.058330026205653;11.28828934218097;11.944712061043486;13.103123856478112;11.627533884472792;11.7710767402628;11.258566033889933;12.7279204545632;13.682336269711378;13.412702149528112;11.946906274456396;13.28828934218097;12.664447284547972;11.778898476008376;13.726218159332198;14.183170121042131;13.094242668809017;11.733439082899434;14.693486957499324;12.344295907915816;12.25650356743304;12.62159403901754;11.357552004618084;11.934059394900794;11.157978449945432;13.11829223302699;13.164906926675688;12.314016703901355;11.624338545312986;12.026869205263395;12.864766511423444;13.029632328044135;13.740624044489412;12.700439718141093;13.475480126595476;11.450695771572915;12.385323176175872;14.022454510846508;12.659103963473662;9.851749041416058;10.790348496751914;13.542306422582593;13.583552930466483;12.877475866534429;11.233619676759702;13.799787528544286;13.799787528544286;11.884933647949762;13.1373113907009;13.163020639580791;13.234368389756364;13.292896755409172;13.751962413460854;12.490850876740298;13.49072555032395;13.76963125738424;12.97924654446865;12.583082767502932;11.811374693509942;12.02167404285837;12.163020639580791;13.93820123811306;11.923327485419192;12.71338651493703;10.76155123244448;13.418247936305638;10.790348496751914;14.73507998294122;11.004922678569043;13.682336269711378;13.568074869523228;12.511999669441453;10.023754353299417;13.380190466749834;11.963257356633047;11.963257356633047;11.934059394900794;12.206098613995795;12.75509621030718;11.567956075415466;12.80634822671225;13.224001674198105;13.306061689428342;11.944712061043486;13.395668009636845;13.082980613825388;11.874212934830874;11.812177305514448;13.01244995242558;11.38855550398256;13.119751712201424;13.488969836392693;10.76155123244448;13.162391328756906;13.70336289396418;13.1705510353167;12.870750003346114;11.000704269011246;11.95164898590462;12.626165319904498;10.94104760634058;11.233619676759702;11.733439082899434;13.251482410620213;10.274960472140602;14.096303367689424;14.202315170308836;12.117318426010003;12.372593033140744;10.274960472140602;12.617926556798752;12.441647390253612;11.961811408087163;11.880731435141664;11.524541715035848;11.706496018061188;11.940680648424092;12.047123912114026;11.562242424221072;12.4207497582968;11.320800548881635;11.83289001416474;11.135067945777816;12.715747542831355;11.42259043389256;10.821773981970567;12.141468555393084;11.715533063526584;12.152284842306582;11.981567281903017;12.066761932386909;12.094737505048093;12.368779260041338;11.691307330191115;11.554109152574004;11.557463701597824;11.700006150882864;12.43567026093655;12.185494924210866;12.1006623390052;11.29978040285854;12.50481898763284;11.682994583681683;11.053247125912426;13.217200417367543;12.034455095327186;11.997885127829113;12.330356716957944;12.076815597050832;13.00544911354693;12.555308101401328;11.68650052718322;11.907266248531066;11.483815777264256;12.577192765687045;11.609640474436812;11.892922223630592;12.06204613772049;13.00105627463478;12.706496018061188;11.12023787734196;13.400612641082;11.897467341721892;11.359200485133632;12.326148561205557;12.270879295328784;12.530406337099068;11.452241240430816;12.77704978843883;11.715961990255144;12.204876767603992;12.104271128936894;12.456867738380344;11.857592285697526;12.039261794341057;13.061539958530144;11.623881490013458;12.159871336778387;11.83880998570856;11.936637939002573;12.907078434296483;12.227615943414223;12.636398048883835;11.743572188935634;10.663558104217271;11.926295994781112;12.141149198437516;11.817783121774534;11.90388184573618;10.92184093707449;11.869593843240784;11.50481898763284;11.324180546618742;10.54399845013454;12.552909206533863;11.593857938858225;12.450953464712992;11.599912842187129;12.686938171670388;12.922026839405897;11.590119174107176;11.427312844134963;12.410451351503994;11.93147623388679;12.010528105886484;11.533816389433364;11.984062369686436;12.151967870968187;11.693922488081014;12.39687231851056;13.002990771840553;11.714674827308002;12.262682142362165;11.533816389433364;12.115368837820224;12.460711852141213;9.618385502258606;12.307770031890705;11.373408960228696;11.780129619625306;13.382624026574916;13.434628227636724;12.095067301607054;12.310896748797711
5.614709844115208;4.807354922057604;8.238404739325079;5.392317422778761;4.584962500721156;6.599912842187128;5.044394119358453;3.0;5.044394119358453;5.459431618637297;3.584962500721156;4.906890595608519;5.700439718141092;6.727920454563199;4.459431618637297;6.169925001442312;7.257387842692652;4.643856189774724;3.584962500721156;4.523561956057013;5.426264754702098;6.491853096329675;5.807354922057604;4.857980995127572;7.276124405274237;8.118941072723507;2.807354922057604;5.930737337562887;0.0;5.392317422778761;3.584962500721156;1.584962500721156;3.4594316186372973;3.169925001442312;5.906890595608519;7.247927513443585;9.717676423066395;5.0;4.807354922057604;6.459431618637297;3.807354922057604;0.0;5.459431618637297;7.768184324776926;7.451211111832329;6.475733430966398;7.044394119358453;5.930737337562887;5.930737337562887;7.20945336562895;3.700439718141092;7.686500527183218;3.906890595608519;5.832890014164741;6.6293566200796095;3.321928094887362;4.584962500721156;6.087462841250339;6.832890014164741;4.643856189774724;4.906890595608519;8.103287808412022;10.369597346278676;5.321928094887363;2.0;5.129283016944966;6.700439718141092;4.523561956057013;5.459431618637297;6.554588851677638;5.169925001442312;3.584962500721156;6.491853096329675;3.4594316186372973;5.906890595608519;4.906890595608519;9.442943495848729;9.442943495848729;1.0;4.584962500721156;4.087462841250339;4.321928094887363;6.247927513443585;5.906890595608519;5.247927513443585;4.584962500721156;7.988684686772165;9.090112419664289;2.807354922057604;5.78135971352466;6.0;5.882643049361842;4.523561956057013;3.584962500721156;6.700439718141092;3.807354922057604;5.392317422778761;5.977279923499917;6.357552004618084;5.0;3.321928094887362;5.247927513443585;2.807354922057604;7.044394119358453;5.087462841250339;6.087462841250339;7.714245517666122;7.219168520462161;4.857980995127572;1.0;5.523561956057013;7.714245517666122;5.523561956057013;2.584962500721156;14.018721791970178;1.0;3.4594316186372973;2.0;4.321928094887363;1.0;3.321928094887362;9.285402218862249;1.584962500721156;2.807354922057604;2.321928094887362;8.758223214726724;5.523561956057013;4.247927513443585;3.321928094887362;3.906890595608519;3.321928094887362;3.169925001442312;5.727920454563199;11.761966695382092;4.169925001442312;9.116343961237469;2.321928094887362;7.813781191217037;6.672425341971495;9.843921051289035;3.321928094887362;1.584962500721156;0.0;3.4594316186372973;10.510764167917891;8.603626344986193;11.867664848380745;3.4594316186372973;5.832890014164741;2.584962500721156;4.584962500721156;2.807354922057604;4.643856189774724;4.700439718141092;10.404077136241234;2.0;2.584962500721156;2.0;2.0;3.584962500721156;4.392317422778761;9.030667136246942;3.169925001442312;3.321928094887362;5.754887502163468;1.0;3.4594316186372973;3.4594316186372973;5.247927513443585;4.247927513443585;2.584962500721156;3.4594316186372973;1.584962500721156;4.459431618637297;3.906890595608519;1.0;1.584962500721156;11.43514933836693;3.0;3.807354922057604;8.499845887083206;2.584962500721156;3.0;4.584962500721156;6.643856189774724;1.0;1.584962500721156;1.584962500721156;5.129283016944966;5.087462841250339;2.321928094887362;1.584962500721156;4.906890595608519;4.321928094887363;4.584962500721156;6.906890595608519;2.807354922057604;5.392317422778761;7.129283016944966;2.0;4.523561956057013;3.807354922057604;3.584962500721156;2.0;3.169925001442312;4.700439718141092;3.906890595608519;1.0;2.321928094887362;1.584962500721156;5.700439718141092;3.169925001442312;3.807354922057604;4.906890595608519;3.584962500721156;2.584962500721156;4.906890595608519;9.878050912728536;2.0;3.0;1.0;6.569855608330948;4.247927513443585;5.554588851677638;6.794415866350106;6.149747119504682
11.742730476519174;10.353146825498085;11.39660478118186;8.79766152585376;11.268542000300124;11.5980525001616;10.667111542075029;10.131856960608792;10.706496018061188;11.028596777067108;11.349834091457248;11.724087461793989;10.326429487122304;12.47015043527436;10.00562454919388;10.459431618637296;12.877284133523196;11.909143047339898;11.264442600226602;9.805743872151618;11.001408194392807;10.828136484194108;11.63117705570398;10.447083226209651;9.189824558880018;11.2940463132715;10.052568050804153;9.768184324776929;11.64880694972577;10.274960472140602;10.7657004876511;10.638435913990472;10.707359132080883;10.488844346457336;12.060020354507852;12.398209261466851;11.018200178813226;11.25089053572334;10.347621368568134;9.417852514885896;12.33622758948339;10.101975670949232;9.76983784362944;10.769011321097016;12.192601049711952;10.795227966028678;11.309476353841106;12.340684654363438;12.340684654363438;9.89178370321831;11.047805554007589;11.136350341454156;11.73978060977326;12.58096513597733;11.793603309279408;11.198445041452365;10.731319031025064;11.57459352733761;12.185494924210866;10.651948610723446;10.227615943414223;12.079484783826816;10.541096615349524;10.759888183221834;10.48683502156305;12.011576703176177;10.717676423066395;11.08746284125034;9.76983784362944;11.908767882849189;8.721099188707186;11.349834091457248;12.89178370321831;10.345405246717796;10.64745842645492;11.064742764750257;12.36796070964157;12.36796070964157;10.959277505720502;10.826548487290914;11.088125692188209;11.053247125912426;11.958552715431011;12.020285500844649;11.726218159332198;11.268542000300124;11.908017261062804;10.498849206531723;10.8649599151426;10.93810932621924;11.79603960882977;11.260919533662904;9.987264012072538;10.18239435340453;10.717676423066395;10.466586337719244;10.098032082960527;10.946906274456396;10.60917873814198;8.224001674198105;9.78953364497036;10.161131882984307;12.43827205612483;11.309476353841106;10.30149619498255;10.546894459887636;8.49585502688717;12.739991514684226;12.052398232071583;10.594324603924848;11.581200581924955;8.49585502688717;10.972261848733291;12.4983506079296;10.61378946447258;12.280190792216906;12.456611099574918;11.358101707440849;12.37775279502222;12.187352073200495;11.415213598765286;11.262682142362165;13.030494719749468;11.952741247186488;11.3409627642517;12.921283086307383;9.936637939002573;12.362491806046062;11.214926187942435;11.597121428789569;11.842350343413807;11.685186796595348;11.897845456005513;11.563196272216738;10.900866807980748;11.422064766172811;11.429929741353272;11.678600139099458;11.505315356136236;12.137951734715358;10.14338321398982;12.13410540040181;12.61585949358308;12.118616689351509;12.102959885910124;10.401946123976536;11.958190183693738;11.737669863177452;11.66266837551754;11.423641195075856;11.38747886584238;12.659772961881613;12.021327032624372;11.197830998012195;11.526988205432009;11.497851836951115;10.659103963473662;11.65642486327778;11.709514660706716;12.211584153079526;12.452241240430816;11.852529509404196;11.774787059601174;12.51224664282918;12.003517912108602;10.61286849729104;12.01576348736988;12.1526017440192;12.780334708123895;10.086136225027309;10.482807956726669;10.949097155729207;12.506803437795648;11.066089190457772;11.729620743553038;10.569855608330949;12.449148645375436;11.541580659991167;11.040289721025715;11.281350514981035;12.274669342073851;11.825356341479337;12.091765938516804;12.484571180915806;10.01262453886506;11.750706986224948;11.892922223630592;11.044394119358454;11.382083590141969;11.144658242831882;10.965062756744627;11.241387363998935;11.233619676759702;11.447083226209651;11.622509454683335;10.684748620421626;12.490098754884238;12.050868963290736;11.172427508645482;12.806952328210736;12.735556023911537;12.801506286636435;10.914385132155443;11.594791118089264;12.017852331905962;12.156399144871584;12.65217275350971;10.174925682500678;11.722807531169549;12.278449458220482;11.484319423644267;11.952741247186488;12.754052367528924;11.647008638441648;11.852919585123995;12.160816849673546;11.49585502688717;12.216745858195306;11.32755264408124;11.404609397837712;12.281350514981035;12.519144787997414;12.379919817646538;13.057822541282478;11.751962413460854;11.65642486327778
11.887220615468385;10.052568050804153;11.450180247164754;7.857980995127572;10.072802534544207;10.271463027904376;9.90388184573618;10.265615046484458;10.1331422124006;10.927037168720297;11.04916787237217;11.922955991908475;9.758223214726724;11.480790201095816;9.569855608330949;9.672425341971495;11.914758838941856;10.23840473932508;10.493855449240822;9.935165049603697;10.348728154231075;10.98370619265935;11.020285500844649;9.61654884377899;8.665335917185176;10.166163082646111;9.172427508645482;9.20212382383046;10.409390936137704;10.151016538892248;9.76487159073609;10.97656412341533;9.878050912728536;9.661778097771988;10.491853096329674;11.7279204545632;10.65284497300198;11.96974625081451;10.34318571544788;9.792790294301064;11.689561254285524;10.0;9.665335917185176;10.41574176829009;11.381542951184583;10.199672344836364;10.74819284958946;11.4542992936199;11.4542992936199;9.252665432450248;9.226412192788786;10.183635381473218;10.14974711950468;10.599912842187129;10.729620743553038;10.411510988012072;10.661778097771988;10.557463701597824;11.672425341971495;9.766528908598865;9.194756854422248;11.38424412224308;10.54399845013454;10.059344460824423;10.86573327085176;11.239598529249124;9.813781191217036;10.450180247164754;9.665335917185176;11.50382573799575;8.906890595608518;11.04916787237217;12.476746203939468;11.145295334933598;7.78135971352466;9.972979786066292;9.68650052718322;9.68650052718322;10.759888183221834;9.851749041416058;9.483815777264256;10.602698865017963;10.45532722030456;11.506803437795648;10.642954223480332;10.072802534544207;11.61194694181998;9.643856189774723;10.5401280385821;10.618385502258606;11.490349505739289;10.192292814470768;9.91139198784346;10.296916206879288;9.813781191217036;9.060695931687556;9.754887502163468;9.63117705570398;10.47269083924278;7.22881869049588;9.640244936222343;10.364134655008051;11.712527000439824;10.74819284958946;10.169925001442312;10.356451970221755;7.507794640198696;12.003166506665169;12.000176099486442;9.005624549193879;10.181152256865566;7.507794640198696;10.786269627648466;11.4812949046311;9.603626344986193;10.62296694479051;11.397139806235604;10.69261550169458;11.588246152044816;10.78463484555752;10.558420713268664;10.708221730038352;11.307770031890705;11.186733289128869;10.215532999745657;11.440350119200565;9.084808387804362;10.922584402713664;10.550746785383245;10.717676423066395;11.113742166049189;10.828929827651486;11.410981267043796;10.825753832883112;10.471675214392045;10.4542992936199;10.618385502258606;10.97513145692134;10.837627933171404;11.397139806235604;9.124121311829189;10.926295994781112;11.448116305409464;11.254438148267257;10.94397991434374;10.045759661382682;11.02167404285837;10.952741247186488;11.017504401109417;10.711666973564348;10.745674324002136;11.46454575033394;11.31174831500496;10.335390354693924;11.01262453886506;10.640244936222343;9.842350343413807;10.760719947465624;10.371776644337924;11.62935662007961;11.535761377986656;11.23840473932508;10.654636028527968;11.30720080914081;11.624795455860236;9.614709844115207;11.41732511767992;11.124767535822471;12.27350423396216;9.614709844115207;10.161131882984307;10.36194377373524;11.047805554007589;10.049848549450562;10.762382038710392;9.344295907915816;11.201511344500146;11.08214904135387;10.40832974076739;10.707359132080883;11.720244258287568;11.105253779700885;11.32755264408124;11.419433550705378;9.105908508571158;10.375039431346924;10.59618975614441;10.12670447284319;10.710806433699352;10.480790201095816;10.184875342908285;9.887220615468385;10.727069558023706;10.852529509404196;11.189824558880018;10.020979938904212;11.447083226209651;11.25797705856398;10.635718120331047;11.474212937193943;12.06339508128851;11.4655664048094;10.30149619498255;10.837627933171404;11.32023644524165;11.502334580197996;11.676397887044764;9.527477006060396;10.627533884472792;11.00982861736811;10.62296694479051;11.06204613772049;12.037546953962178;10.828929827651486;10.801708358916462;11.032734528586714;10.822570830950168;11.786678033890652;10.714245517666123;10.624795455860236;11.002111776479852;11.95746484680521;11.349281228817452;12.23661220021575;11.030667136246942;10.757390009366638
13.350524871954471;10.690871009292314;12.588714635582264;10.617467465294196;12.246146774635864;12.595024318613635;11.97656412341533;10.58777751632821;12.11829223302699;12.685186796595348;12.547858506058416;12.92425580090125;12.079818085212354;13.223247560417468;10.90613899619538;12.117318426010003;13.86524997211658;11.972620862058744;12.202429966015352;12.19506456372082;13.334831928118;11.458406613236534;12.74777340052679;12.4757334309664;11.086136225027309;12.507051302247916;10.510764167917891;10.610102062999664;11.89633240390994;10.820178962415188;12.03857610276879;11.255618749839597;12.673750739438065;10.86573327085176;12.088125692188209;14.143542654233215;12.290882822429577;11.906890595608518;11.355351096424812;12.068778277985412;13.234068951183083;13.059682447247638;11.432019846812493;12.097044499322951;12.884933647949762;12.728345714710976;13.910923747587203;13.301353290218836;13.301353290218836;10.661778097771988;11.089450481115907;12.55026580686874;12.095726668639047;13.47231006370521;12.685186796595348;12.654859754207394;11.62890115202819;13.363997822358366;12.806750989149508;11.884552133987237;11.166163082646111;12.77416933531818;11.370687406807216;12.247334178028728;10.94397991434374;12.269418929741096;11.52552080909507;11.593391122791736;11.432019846812493;13.121695390556573;9.623881490013458;12.547858506058416;13.759992179981;12.434106928609957;10.457380879072534;11.942147920394849;12.932952892194717;12.932952892194717;11.443979542601252;11.90048948483465;12.323617763291578;12.345959596404112;14.37218489648635;12.441128621804696;12.635264656539514;12.246146774635864;13.25074252905064;12.051888655905378;11.698270577692032;11.69522829149575;12.252074042796185;12.418116141207488;12.229119220658594;11.386401423640775;11.52552080909507;11.502334580197996;10.583082767502932;12.365502268193117;12.155450731312138;9.887220615468385;12.031356596255709;11.667555107041132;14.712473263777524;13.910923747587203;11.692179576312538;11.4578938373147;9.43879185257826;13.600609852446706;12.67672843923796;11.68650052718322;12.869979332899964;9.43879185257826;12.015066533230293;12.38316426063511;10.89178370321831;11.14274527675153;12.43149760425805;11.854089179870574;12.4189067312579;11.4241662888181;11.907641803665529;11.939946452458686;11.693051295397;12.372865060112588;11.219168520462162;12.660664477461278;10.663558104217271;11.654188473059545;11.623881490013458;12.031701202740305;12.214319120800766;12.112113658097863;12.40381093178603;12.187042714339894;11.563196272216738;11.664891669286089;12.08381170725288;12.062383491876334;12.689561254285524;12.630494661505578;10.74819284958946;11.839597483021176;12.283956487665112;12.27786854617684;12.03823313473178;11.448632567730552;12.453013354466314;11.878050912728536;12.32755264408124;11.826548487290914;11.844313461203296;12.350939181546432;12.731531176461942;11.341518823245243;12.214926187942435;11.6640027628865;11.898601387403938;11.79603960882977;11.494855584491198;12.68255574108031;12.669328004395904;12.656201380194553;11.930367747438952;12.4893462407191;12.622280655215585;10.749869427396844;12.4655664048094;12.04746477331842;12.940313597145968;10.337621901992508;11.013322673425447;11.152918576136624;12.322209843748894;11.385323176175872;11.9683067944308;10.172427508645482;12.179287104646004;12.482303782323182;11.660441650209172;11.853309555403674;12.735979039613404;11.909893083770042;12.424953571261042;12.453270634010623;10.766528908598865;12.328394438352458;11.489847960439295;11.52552080909507;11.987974524296153;12.00105627463478;11.476746203939468;10.717676423066395;11.713816080234498;11.735132884139947;12.201511344500146;11.615629636968098;12.304066063127284;12.57483001533763;12.030667136246942;12.443720600656578;12.84960057483748;12.92740761294903;11.193525360501216;11.892922223630592;12.313166475977198;12.5980525001616;12.606405212697783;10.7632123668144;11.618844301766652;11.82456102997028;11.7632123668144;12.046441948007311;13.279030136449649;12.273212809854334;12.03857610276879;12.24436383512051;12.218260498797305;12.959458646412672;11.853309555403674;11.728770849542665;11.834866038362016;12.971543553950772;12.157346935362844;13.619990662606378;12.086799685623452;11.869208250550829
11.902375114486023;11.196602126523173;12.734074491428045;11.1705510353167;12.490349505739289;12.57601187420678;12.064405961891042;12.310896748797711;12.541096615349524;12.846665681899738;13.31642296550359;11.589651146514786;12.007027266893967;12.616089313582115;11.41204051455165;11.808562029957525;12.088457003486226;11.855647166027266;12.78483929465315;10.439830883981392;13.051888655905378;13.365092120346462;13.008953779526196;12.798066720363062;10.571752643503546;12.630494661505578;12.305206759008724;13.74976469834588;13.12686576693927;12.198445041452365;11.904634621668151;13.030149824925717;11.420486612825774;9.805743872151618;12.968126761356269;13.884361339165704;14.766218306486168;12.390168956200185;12.030667136246942;11.148476582178278;12.416269744523207;8.854868383260236;9.658211482751796;15.349039284774856;13.302210506548802;14.09992306405134;13.432672384270308;13.330216642678412;13.330216642678412;11.118941072723509;12.736613330694578;12.481042574933754;12.33706433868474;9.834471049984222;12.031701202740305;10.947636937951827;10.63026712502677;12.321928094887362;12.638435913990472;10.877284133523196;13.20594593977576;11.86534664481678;12.41574176829009;12.704119788513015;12.96848680504191;12.719816603018126;11.41415667927414;12.370414968879698;9.658211482751796;12.70606426733497;12.839400648988413;13.31642296550359;12.507051302247916;9.824958740528524;9.057991722759176;11.330356716957944;11.352595231134304;11.352595231134304;12.48608080265197;13.98477446004684;11.110483309816226;11.884170519108435;12.39660478118186;12.459431618637296;11.296916206879288;12.490349505739289;13.740624044489412;14.136750856445454;11.4542992936199;11.876133200043016;11.717676423066395;12.61654884377899;12.89973454235751;11.226412192788786;11.41415667927414;11.250298417906333;11.241387363998935;13.888457877511533;12.151333719291657;12.423378576518491;12.114067647165264;12.661332752795186;10.192292814470768;13.432672384270308;11.25797705856398;12.324461855977315;12.183325224524612;12.985130373466898;11.392049039364183;11.780949798749663;11.61056350392504;12.183325224524612;12.123151432773575;11.79766152585376;11.468114886378098;12.38586240064146;11.93110683302934;13.022194401760634;13.315432637905376;12.455584087578613;13.412966718580916;13.060358182642142;13.77179893896106;11.554588851677638;12.903317005908717;11.971902746045467;13.47192918764169;13.192138672150955;14.273722763417664;12.29232163280204;11.670213636738564;11.71338651493703;15.362012289159988;12.069449767427784;12.33371442609397;13.080484457067568;10.517669388133813;11.192909219112012;12.1357092861044;12.022367813028454;13.397139806235604;13.953741760762494;12.064405961891042;13.460199895059583;10.501837184902296;10.19598729802851;12.100990784092762;13.984596470404904;12.911017407796985;11.886458695703706;12.342630298678408;11.473705749619416;13.511999669441453;11.824958740528524;11.263856019596082;10.820178962415188;11.46352437327118;13.158925203806964;11.86379910372885;12.833087738422009;12.14338321398982;13.29232163280204;15.178392530621508;12.228518097716194;13.061708704660624;11.717248005827646;11.092096414990792;12.925925264972856;13.42272182090061;13.469896148670918;12.563196272216738;12.061708704660624;14.707520908488725;12.985486199104637;11.535275376620802;13.403145205669796;11.907641803665529;12.221587121264806;12.172740017049366;13.310044679647506;13.121533517340032;14.035228681414296;12.167418145831736;11.166163082646111;11.901244032467376;12.010528105886484;12.926666629347284;12.710591218506757;12.642728643769;10.397674632948268;14.381069725844188;12.82515755470108;12.092757140919852;12.474466464132632;10.786269627648466;12.111135670234708;12.041316915829444;13.411510988012072;12.132178380915544;12.428098411832506;14.010090965307771;13.409523530691436;13.544240006441658;12.14242620231898;13.428491035332245;10.73978060977326;14.390773535883;11.863411958941638;12.125090539303256;10.776433032444732;11.535761377986656;14.337761259156672;13.252221912938362;12.043027283594547;12.479275030250204;12.15069928874454;11.241387363998935;11.192292814470768;12.89614316077451;12.664447284547972;12.566054038171092;11.90312867681232;14.173520992026964;13.775095822585955;12.199058823653022;12.584022940257542
1.584962500721156;0.0;0.0;0.0;2.584962500721156;3.4594316186372973;2.807354922057604;0.0;0.0;0.0;0.0;2.0;2.321928094887362;1.584962500721156;3.321928094887362;1.0;3.700439718141092;0.0;1.0;1.0;1.0;1.0;0.0;0.0;1.0;4.523561956057013;0.0;0.0;0.0;2.321928094887362;0.0;2.584962500721156;0.0;2.0;1.584962500721156;1.584962500721156;0.0;1.584962500721156;2.807354922057604;0.0;0.0;2.807354922057604;1.0;1.0;1.584962500721156;3.0;0.0;1.584962500721156;1.584962500721156;2.0;0.0;2.0;3.0;1.584962500721156;2.321928094887362;1.0;0.0;2.321928094887362;1.584962500721156;2.321928094887362;1.584962500721156;1.584962500721156;2.584962500721156;0.0;0.0;0.0;0.0;0.0;1.0;1.0;0.0;0.0;3.0;2.584962500721156;0.0;2.0;2.321928094887362;2.321928094887362;0.0;2.0;1.0;3.0;1.0;1.584962500721156;5.129283016944966;2.584962500721156;1.0;2.0;2.584962500721156;3.321928094887362;1.584962500721156;1.0;0.0;1.0;0.0;1.584962500721156;0.0;2.807354922057604;2.0;0.0;1.0;2.584962500721156;2.321928094887362;0.0;2.807354922057604;3.321928094887362;0.0;2.584962500721156;1.3219280948873624;0.0;0.0;0.0;1.0;1.584962500721156;2.0;2.0;2.807354922057604;1.584962500721156;3.0;3.4594316186372973;2.0;2.0;1.0;1.584962500721156;2.321928094887362;3.0;1.584962500721156;1.584962500721156;2.807354922057604;0.0;3.4594316186372973;2.807354922057604;3.0;1.0;2.0;0.0;4.459431618637297;1.0;4.459431618637297;3.169925001442312;3.169925001442312;1.584962500721156;1.0;2.0;0.0;1.584962500721156;2.584962500721156;2.584962500721156;2.321928094887362;2.321928094887362;2.0;2.0;2.584962500721156;2.321928094887362;3.0;3.0;3.321928094887362;2.321928094887362;4.906890595608519;3.321928094887362;1.0;1.0;1.0;1.584962500721156;1.584962500721156;2.321928094887362;2.807354922057604;1.0;3.0;2.321928094887362;2.584962500721156;2.321928094887362;2.321928094887362;1.0;3.0;0.0;2.0;3.4594316186372973;3.0;2.0;2.807354922057604;3.0;2.807354922057604;1.0;3.0;2.584962500721156;1.584962500721156;3.0;2.0;1.584962500721156;1.0;0.0;2.0;1.584962500721156;2.807354922057604;0.0;1.0;2.0;2.321928094887362;1.0;1.0;2.584962500721156;2.321928094887362;1.584962500721156;1.0;2.584962500721156;2.321928094887362;3.700439718141092;2.0;1.0;2.0;1.0;3.584962500721156;2.584962500721156;3.169925001442312;3.906890595608519;3.807354922057604;3.0;1.0;2.807354922057604;0.0;3.906890595608519;3.906890595608519;4.584962500721156;3.0;1.584962500721156
12.450695771572915;11.569380959522295;12.948184692830605;13.2178062735616;11.46096776257042;12.86785786397283;13.818981539432444;12.833285435584482;12.106890045092218;12.827541190172502;12.274960472140602;11.246740598493144;12.226412192788786;11.536732889835417;12.815783544128184;12.471421196424862;12.446307931050343;12.930922097125269;13.139231570719351;11.618844301766652;12.355626393637916;11.889503963411476;11.761135649828644;13.198751965193736;12.682336269711378;12.588714635582264;11.92184093707449;13.719816603018126;12.37910756556115;12.525031345124;13.314866431053176;11.553629293916364;12.15006457908147;13.671209323704815;12.980675132322368;12.194449079479025;12.454813348512523;12.2600374211066;12.090112419664289;12.69152544116604;11.312882955284357;9.26209484537018;11.603626344986193;11.593391122791736;12.30463652380727;12.827938080144987;12.43280285635187;12.77561028075954;12.77561028075954;11.965423565810127;12.56486399022694;12.19567978549598;11.480285320936373;12.80473605161403;12.652396861477678;12.809768128710411;12.602698865017963;13.54725605269814;12.47826403158172;12.7858611057596;12.442425193331609;11.800899899920305;12.28164030006605;11.963979787815338;11.105908508571158;11.615169813843602;12.044052531801302;12.984418458801136;11.603626344986193;10.627533884472792;11.057314877782703;12.274960472140602;12.144658242831882;10.038918989292302;13.387748100711294;12.140829770773;12.283377789285558;12.283377789285558;12.388286419762649;13.168358727223886;12.246146774635864;12.29978040285854;12.353422543614716;11.423641195075856;12.29117069932186;11.46096776257042;12.108524456778168;12.502583213553354;12.65441226814894;12.7714894695006;11.915505962231933;12.338179249900112;12.116343961237469;11.527477006060396;12.044052531801302;13.957192751426875;12.680359523513712;12.482303782323182;11.970105890612182;12.97906787148051;12.06305796362349;12.64092273517345;10.754052367528924;12.43280285635187;11.900866807980748;12.755513536037856;14.094490108144308;11.718104713121756;11.605016447911364;12.085472459181284;12.262975701227942;14.094490108144308;11.69479315499995;11.41256984680521;12.45249865769279;11.76445696361989;11.962173031109709;11.542548262335211;11.909893083770042;11.78463484555752;11.825753832883112;12.31174831500496;11.741466986401146;11.605479518061667;11.375582512490508;11.762797262498232;12.61677855400014;11.106562940444883;11.62844554013718;11.665335917185176;12.01854794187165;12.136670762341843;12.429929741353272;11.722807531169549;12.799484005620014;11.768184324776929;11.9947069952581;11.85836959985474;11.848231701093818;12.471421196424862;12.982458880127355;11.733015321685963;11.522091068887065;12.18239435340453;11.732167425663384;11.597121428789569;11.62113611327464;11.733439082899434;12.02167404285837;11.841957399099549;12.30577676890981;10.954196310386877;12.554828641429854;12.24555270625568;11.7710767402628;10.52061868055628;12.289442575688332;11.966144913345602;11.843528534611089;11.955649907528374;11.839203788096944;12.387748100711294;11.567480801143043;12.253847484987404;11.791569912126878;12.515699838284045;12.42940674151398;11.660887270302569;11.06406908038551;13.309334237400968;11.304921669581672;11.247927513443583;11.767356854125683;12.6691065113363;12.339850002884624;12.067770457447825;12.08381170725288;12.655977862486942;11.919608238603251;11.879583249612784;12.12088584278779;11.668884984266247;12.320518524632693;11.539643506238036;12.800697714363126;11.696098170955864;11.573173784686484;11.847057346091336;11.941414470942911;12.721953612801386;12.38316426063511;11.397139806235604;11.294620748891628;11.468624042918018;11.868822554775;12.215229625747924;12.052568050804153;12.149429590056744;11.918863237274596;10.98299357469431;11.240195053979924;11.68431031112435;11.670213636738564;10.232420927176076;12.171489577065657;11.926295994781112;12.3409627642517;12.66777683839343;11.483815777264256;11.747353829478062;11.570804437724496;11.817383427897232;12.084476237453892;12.253256579781151;12.488342277532524;11.694357887221452;12.116018993325094;12.077149515589731;13.087628582538464;11.715104009236168;11.756556322524087;11.043710863347156;12.869593843240784;12.01227534485612;11.838416075797335;11.757806672197228
9.002815015607053;8.774787059601174;8.94251450533924;9.276124405274238;9.20945336562895;9.535275376620802;11.236014191900084;9.184875342908285;9.627533884472792;9.65642486327778;8.312882955284355;9.403012023574997;10.30035256032822;9.614709844115207;10.997885127829113;8.499845887083206;10.95492329203032;9.839203788096944;9.247927513443583;8.550746785383243;8.985841937003341;8.422064766172813;10.62662165235837;9.902375114486023;10.782179193831208;9.164906926675688;8.266786540694902;9.473705749619416;10.088788238716909;9.861086905995396;10.622051819456376;9.586839787961829;9.172427508645482;8.665335917185176;8.909893083770042;10.3409627642517;9.477758266443889;9.968666793195208;10.144658242831882;8.696967526234287;10.072802534544207;8.74819284958946;7.169925001442312;10.24436383512051;10.029287226968243;10.230020435705637;9.044394119358454;9.60733031374961;9.60733031374961;8.948367231584678;9.364134655008051;9.7515440590891;9.124121311829189;7.86418614465428;10.279610581052484;8.618385502258606;9.370687406807216;9.61286849729104;10.088788238716909;10.945443836377912;11.37232095486726;9.116343961237469;10.823367240046236;9.011227255423254;8.379378367071261;8.422064766172813;9.46352437327118;8.774787059601174;7.169925001442312;7.515699838284043;8.426264754702098;8.312882955284355;10.35424938194524;8.603626344986193;7.129283016944966;9.721099188707186;9.481799431665753;9.481799431665753;9.129283016944967;9.18239435340453;8.861086905995395;10.296916206879288;10.399811959325683;8.83605035505807;10.070120944476823;9.20945336562895;9.543031820255235;10.586839787961829;9.312882955284357;10.326429487122304;11.071462362556623;8.885696373339394;9.945443836377912;8.396604781181859;9.46352437327118;8.426264754702098;9.546894459887636;9.73809225962049;10.004220466318197;8.46352437327118;9.066089190457772;10.088788238716909;10.32755264408124;9.044394119358454;9.252665432450248;10.477758266443889;9.91139198784346;10.606405212697783;8.86573327085176;10.309476353841106;9.116343961237469;9.91139198784346;9.661778097771988;10.10459875356437;9.016808287686557;9.955649907528374;10.335390354693924;9.837627933171404;10.584022940257542;10.77066389291676;10.306061689428342;10.97656412341533;10.639340708652233;9.721099188707186;9.407267764244732;10.053925881531104;9.679480099505446;9.61654884377899;11.06339508128851;9.324180546618742;10.323054760341646;9.92184093707449;11.394462694610317;9.164906926675688;9.422064766172811;10.512740462803498;9.08214904135387;9.13699111208023;9.26209484537018;10.240791332161956;11.959277505720502;11.530893981193922;11.109177703355275;11.669770888525518;8.92184093707449;8.848622940429339;10.906890595608518;11.11829223302699;11.04916787237217;9.874981347653774;9.936637939002573;10.714245517666123;10.7047682393626;9.092757140919852;9.027905996569883;9.199672344836364;9.3151495622563;11.150381968817848;9.59245703726808;10.779719355143405;10.949097155729207;9.39231742277876;11.366322214245816;11.437231901039478;10.42940674151398;10.512740462803498;9.90388184573618;10.814582465906277;11.206403913973848;9.951284714966972;10.344295907915816;10.539158811108033;11.664891669286089;10.680359523513712;10.73978060977326;11.840384550711669;11.054604317960672;10.234817431117325;8.867278739709661;11.018895621121649;9.86573327085176;11.320800548881635;10.496853777388042;10.565102078360312;10.357552004618084;9.194756854422248;10.293471648838134;9.98299357469431;9.906890595608518;9.4241662888181;9.59245703726808;9.625708843064466;10.319672120946995;9.306061689428342;9.016808287686557;8.76487159073609;11.534789211480266;9.306061689428342;10.323054760341646;10.50382573799575;10.855647166027266;10.280770770130603;9.741466986401146;8.997179480937621;11.169298695792843;9.672425341971495;11.873444112515376;10.080817527608328;10.335390354693924;9.884170519108435;10.3297963382207;11.379919817646538;11.7047682393626;8.72451385311995;10.492854620174748;11.597587039586216;9.64565843240871;10.752380646552892;9.854868383260236;11.713816080234498;10.654636028527968;9.497851836951115;11.816183681432342;10.208234358339787;10.064742764750257;10.690871009292314
10.213104219641906;9.310612781659527;9.1006623390052;7.994353436858858;9.800899899920305;12.82137539237254;10.014020470314934;9.049848549450562;11.249113452713727;9.280770770130603;9.346513733165636;9.24555270625568;9.710806433699352;8.974414589805527;11.070791809423062;8.64745842645492;9.14974711950468;10.546894459887636;8.710806433699352;6.614709844115208;8.184875342908283;8.668884984266247;10.4655664048094;10.153552031708111;7.129283016944966;8.451211111832329;8.813781191217037;11.65687172561398;11.526010107061737;11.839991070539886;11.620219825507489;10.386940245324311;7.303780748177103;6.6293566200796095;9.226412192788786;10.939579214314692;8.388017285345136;10.54399845013454;11.319672120946995;7.546894459887636;10.921097088106793;9.517669388133813;5.554588851677638;10.249113452713727;10.041659151637214;8.280770770130603;7.199672344836364;9.491853096329674;9.491853096329674;10.14210705730255;11.147840893672337;10.264442600226602;7.820178962415188;11.81177605532666;11.42783660345852;6.658211482751795;11.553149275598548;10.861086905995396;11.468114886378098;9.521600439723729;9.67595703294175;9.473705749619416;10.758223214726724;6.266786540694901;6.599912842187128;6.044394119358453;9.011227255423254;9.174925682500678;5.554588851677638;8.566054038171092;11.665780028329484;9.346513733165636;8.491853096329674;10.330916878114618;9.622051819456376;10.614709844115207;7.2384047393250786;7.2384047393250786;9.36194377373524;11.389093521904474;9.159871336778387;11.884170519108435;11.494355603532846;10.139551352398794;10.63390340934852;9.800899899920305;8.330916878114618;11.240791332161956;10.28424574982967;11.243769031961852;9.61286849729104;11.722380635163802;11.194141238863136;10.825753832883112;9.011227255423254;7.882643049361842;8.487840033823051;9.915879378835774;8.149747119504681;11.844705764411938;10.13699111208023;11.071462362556623;8.912889336229961;7.199672344836364;9.257387842692651;10.94104760634058;7.330916878114617;8.348728154231077;9.978710459106358;10.22881869049588;7.562242424221073;7.330916878114617;10.052568050804153;9.372865060112588;10.321928094887362;9.134426320220928;9.79766152585376;10.019590728357882;10.366322214245816;9.88264304936184;10.0;9.826548487290914;10.164906926675688;10.395534135462302;9.533329732305834;9.571752643503546;11.10459875356437;8.577428828035748;10.304921669581672;9.829722735086058;10.73893668167614;9.68650052718322;10.825753832883112;9.820178962415188;11.050528905530555;9.805743872151618;9.643856189774723;10.756556322524087;9.39231742277876;10.782998208920414;11.11309098344238;9.974414589805528;9.981567281903017;10.131856960608792;9.79603960882977;8.651051691178928;9.823367240046236;9.90839262077375;9.620219825507489;9.92481250360578;9.756556322524087;9.319672120946995;10.756556322524087;10.125413470483316;9.86573327085176;8.20945336562895;10.249113452713727;10.211888294546004;9.698704666770343;10.63662462054365;9.535275376620802;10.499845887083206;10.208234358339787;11.122180901259751;10.437752072323605;10.513727595952435;10.129283016944967;9.991521846075695;9.413627929024171;11.711666973564348;10.215532999745657;9.749869427396844;10.277287400130357;10.554588851677638;10.52258153125483;10.066089190457772;9.94104760634058;10.309476353841106;9.782998208920414;9.90839262077375;11.055282435501187;9.894817763307945;10.314016703901355;9.853309555403674;10.606405212697783;9.893301530860564;9.43879185257826;9.44086916761087;9.936637939002573;10.8193807908646;10.536247215688128;9.658211482751796;10.273795599214264;10.260919533662904;9.957102041562289;9.897845456005513;10.600842114387302;10.651948610723446;10.17617314910749;9.0;9.88264304936184;9.954196310386877;10.555547771647063;8.479780264029099;11.046441948007311;10.237209960755022;10.839991070539886;11.201511344500146;9.50382573799575;9.792790294301064;9.96289600533726;10.027905996569883;10.698704666770343;10.451211111832327;10.022367813028454;9.900866807980748;10.584962500721156;10.278449458220482;8.0;9.782998208920414;9.312882955284357;7.894817763307944;11.135067945777816;10.721099188707186;10.215532999745657;10.164906926675688
9.019590728357882;11.17617314910749;9.509775004326936;7.734709620225838;7.721099188707186;10.131856960608792;10.887982133058454;11.451726268074506;7.971543553950772;9.355351096424812;8.027905996569885;8.459431618637296;8.344295907915816;8.184875342908283;11.192292814470768;10.148476582178278;7.971543553950772;9.321928094887362;10.15608307628868;7.768184324776926;8.330916878114618;7.994353436858858;10.004220466318197;9.967226258835993;8.471675214392045;7.303780748177103;7.098032082960526;12.640470904590089;9.35974956032233;11.546894459887636;8.535275376620802;8.330916878114618;7.614709844115208;8.573647187493322;8.005624549193879;7.714245517666122;8.823367240046235;10.923327485419192;8.734709620225837;8.447083226209653;11.20212382383046;6.894817763307944;7.383704292474052;9.527477006060396;8.290018846932618;8.985841937003341;8.679480099505446;9.92035285541508;9.92035285541508;9.337621901992508;6.882643049361842;7.857980995127572;7.94251450533924;9.271463027904376;8.098032082960527;8.569855608330947;10.06204613772049;8.535275376620802;10.03342300153745;8.566054038171092;8.280770770130603;7.139551352398794;9.129283016944967;6.554588851677638;6.870364719583405;7.912889336229962;9.243173983472952;8.618385502258606;7.383704292474052;7.199672344836364;11.13249972962851;8.027905996569885;9.7632123668144;6.658211482751795;7.826548487290915;6.930737337562887;7.679480099505446;7.679480099505446;9.800899899920305;9.929258408636972;7.734709620225838;8.59245703726808;6.599912842187128;9.08214904135387;10.410451351503994;7.721099188707186;8.154818109052105;10.58777751632821;12.219168520462162;10.80332391904149;8.113742166049189;8.326429487122303;9.243173983472952;8.721099188707186;9.243173983472952;8.861086905995395;8.960001932068081;8.562242424221072;8.873444112515376;11.66622400280318;8.531381460516313;10.321928094887362;8.129283016944967;8.679480099505446;8.308339030139408;10.808159772868375;10.294620748891628;8.214319120800766;9.105908508571158;9.430452551665532;8.426264754702098;10.294620748891628;10.99717948093762;6.392317422778761;8.483815777264256;9.084808387804362;6.832890014164741;6.614709844115208;6.857980995127572;6.22881869049588;7.857980995127572;9.002815015607053;6.930737337562887;5.906890595608519;8.988684686772165;7.562242424221073;8.285402218862249;10.194756854422248;7.707359132080882;7.774787059601174;7.714245517666122;6.820178962415188;8.618385502258606;8.164906926675688;9.310612781659527;8.434628227636725;7.149747119504682;9.878050912728536;7.357552004618084;9.022367813028454;9.491853096329674;6.918863237274595;5.78135971352466;7.066089190457772;7.906890595608519;5.954196310386875;6.189824558880018;7.459431618637297;9.44086916761087;6.523561956057013;8.88264304936184;6.599912842187128;7.977279923499917;7.417852514885898;7.948367231584678;5.930737337562887;8.519636252843213;7.149747119504682;8.92481250360578;6.169925001442312;7.179909090014935;11.53818893205242;8.066089190457772;7.409390936137702;9.594324603924848;7.936637939002571;7.459431618637297;7.417852514885898;6.169925001442312;9.283088353024002;6.9886846867721655;6.507794640198696;7.870364719583405;9.457380879072534;7.523561956057013;7.774787059601174;6.754887502163468;7.912889336229962;8.734709620225837;6.523561956057013;10.20212382383046;7.651051691178928;8.149747119504681;6.426264754702098;8.951284714966972;8.45532722030456;9.13699111208023;7.700439718141092;6.94251450533924;7.189824558880018;9.20212382383046;9.131856960608792;8.038918989292302;6.807354922057604;7.845490050944375;9.167418145831736;7.087462841250339;7.366322214245816;10.08746284125034;5.906890595608519;6.6293566200796095;7.800899899920305;6.3750394313469245;6.794415866350106;7.636624620543649;7.159871336778389;7.357552004618084;8.370687406807217;7.658211482751795;6.569855608330948;6.491853096329675;7.499845887083206;7.693486957499325;9.236014191900084;8.366322214245816;7.189824558880018;7.339850002884624;7.954196310386875;10.052568050804153;8.651051691178928;6.820178962415188;6.087462841250339;8.169925001442312;7.434628227636725;9.445014845868425;7.483815777264256
13.246889016274343;11.59105477403678;13.015066533230293;11.501339618061396;12.694357887221452;13.109340968793225;12.239300174364203;12.16427843830117;12.410451351503994;12.805139264316736;12.672646326124626;13.035830072835015;11.963618617443972;12.869401059778095;12.52943055414615;12.56652978262417;13.349972274019576;13.020632761657708;12.99045856507371;12.04678297035635;12.776227388507262;12.881113960675096;12.923327485419192;12.290882822429577;10.887220615468385;13.260919533662904;11.599912842187129;12.297202882496904;12.393122273589531;12.322491537597468;13.58625339806598;11.958915156091347;12.815383295813538;13.80261733408518;14.00965369223411;13.202736043250168;12.494355603532846;13.1331422124006;12.161131882984307;13.45455634396194;12.812979471251484;11.445532219028312;11.598517810612622;13.655418916665806;12.874405076409488;12.890074236180304;12.96379921393177;12.91904952367693;12.91904952367693;11.736824699098864;12.497851836951115;12.651724433108065;12.792180232254807;12.531868775177552;12.95328706787812;13.045930263291575;12.61769702930787;14.359680937350838;13.325024310191417;14.69843337640288;12.109177703355275;12.99435343685886;12.286846502735887;12.308054559066637;12.090443275081606;12.301781962051106;11.86727873970966;12.746934136372298;11.598517810612622;12.69479315499995;11.122180901259751;12.672646326124626;13.507670777134368;12.352871054677996;11.1879705919842;12.419960177847887;12.964701857420447;12.964701857420447;12.48758884638603;12.58754314137182;12.521845775161932;12.578136783414749;13.96686590038754;12.875557388803728;13.08746284125034;12.694357887221452;13.125252013928852;12.424953571261042;12.660218788535618;12.771283119641003;12.787902559391432;12.469896148670918;12.443202577297011;12.544722997755471;11.86727873970966;13.62113611327464;12.45198377723019;12.744833837499543;12.43567026093655;11.014717929860009;11.65642486327778;12.269126679149418;12.62067804213541;12.96379921393177;12.027214885159834;12.617926556798752;11.647908074281808;13.465821455643775;12.957283455588415;11.83605035505807;12.436971745049073;11.647908074281808;12.119589620741122;12.684748620421626;12.236313227042803;12.406470768529283;12.905198945962804;12.42574042431621;13.205182326228645;12.35424938194524;12.328394438352458;12.679040186393062;12.653516879421431;12.833483105659584;12.009478745888066;12.871327736134008;11.91214085629572;12.14974711950468;12.266786540694902;12.205487820150566;12.918490592292311;12.805139264316736;12.872290110288091;12.71831881047926;12.82714419098428;12.104926303807776;12.73956967402599;12.49560523119078;12.44889062962926;13.04524773457825;12.086799685623452;12.258271576282851;12.669549463455496;12.895575282380683;12.266786540694902;11.711236767793784;13.07296996854206;12.43879185257826;12.78953364497036;12.725366257895642;13.020111839088086;12.668663423175296;12.900678158743355;12.518898992777316;12.624110035762987;12.027214885159834;12.531625138422624;12.51101135288224;12.11309098344238;13.107217075591382;12.928888439397635;12.992938336165814;12.20304205556246;12.873828574886977;13.098690096673591;12.462246634244352;13.022367813028454;12.795024983961389;13.271900672391544;12.294620748891628;11.923698883295073;11.977995368612962;12.638435913990472;12.514714054138487;12.523561956057012;11.71681946132995;12.677499433285108;13.019764452849738;12.401946123976536;12.508042334429003;13.006852001748774;12.2603315185576;12.891973519025557;12.455840909126398;12.19383333254655;12.33511116842486;12.2903068962579;12.459431618637296;12.51422090935813;12.585432051592962;12.712527000439824;11.56652978262417;12.165849146176395;12.289730740083757;12.788310503700918;12.392854039872873;12.826548487290914;12.952013164889486;12.422327623974558;12.623195635452936;13.114555731198411;13.26839579355656;12.236911111444602;12.00105627463478;12.887030173247677;12.832494484336111;13.04524773457825;12.097044499322951;12.216745858195306;12.322209843748894;12.30577676890981;12.678380065109115;13.245998280472708;12.95673914505908;12.99169898341288;12.340406490853294;12.60408986146918;13.14338321398982;14.036001852919863;12.521600439723729;12.433585441150496;12.981567281903017;13.061708704660624;13.510146020155364;12.79968636133125;12.434628227636724
11.644757592516257;12.121209716409284;12.303495376790377;10.916625922211235;12.171489577065657;11.91176647065955;11.246740598493144;11.70173963867435;11.603626344986193;12.178664851006472;12.485074563698612;13.717248005827646;10.394462694610317;12.445790836048076;10.68650052718322;11.2940463132715;13.544240006441658;11.841957399099549;11.881878707600446;11.194141238863136;12.67991987851842;11.745254141957256;11.909143047339898;11.54399845013454;10.99081307915361;11.700873155140265;10.53430288245463;10.824163209744158;11.620219825507489;11.148476582178278;11.215532999745657;12.007377733321269;11.67065624911844;12.67529549909406;13.032390168866524;12.952377251967985;12.73745861857046;12.718104713121756;10.82097669262124;10.35424938194524;12.970824901362615;9.533329732305834;11.42678889459556;11.817783121774534;12.217654833364024;12.290882822429577;12.26473580113014;12.840581250560753;12.840581250560753;10.489847960439295;11.502831804066744;12.276706019892432;12.00105627463478;12.146568675740786;12.979425195331473;12.416533660199583;12.913637428049103;11.690871009292314;12.518161355756956;11.801708358916462;10.708221730038352;11.556506054671928;10.820178962415188;11.68255574108031;11.578372691360803;11.33706433868474;10.38586240064146;11.981210488271694;11.42678889459556;12.558659867026508;9.915879378835774;12.485074563698612;12.952923210362728;11.047805554007589;11.54978466794786;11.7431513941125;10.717676423066395;10.717676423066395;11.805340828416384;14.295553719227913;11.430452551665532;11.830119025444516;11.684748620421626;12.905010862390297;11.76445696361989;12.171489577065657;12.787086324551616;11.376125389276174;11.352595231134304;11.237209960755022;12.326148561205557;10.927777962082342;10.90613899619538;11.409390936137704;10.38586240064146;11.863411958941638;11.045759661382682;11.4655664048094;11.181152256865566;9.579315937580017;11.312882955284357;11.217957697864112;11.571752643503546;12.26473580113014;10.787086324551616;11.180530807344482;9.002815015607053;13.338457843130849;12.838711518313314;10.595257481449035;12.144976824050111;9.002815015607053;11.94288099715904;11.717248005827646;10.508785162064513;10.664447284547972;11.571752643503546;11.11504365016171;11.89973454235751;11.002111776479852;10.874981347653774;10.79197682089869;10.902375114486023;11.52845411076479;10.388017285345136;11.776844232402167;9.815383295813538;10.78953364497036;11.101319154423276;11.263269200372662;11.43514933836693;11.28886607416582;11.85681455250301;11.36194377373524;10.91214085629572;10.61654884377899;10.823367240046236;10.980139577639155;11.321928094887362;11.73640193131829;10.16867211813223;10.725366257895642;11.177419537989236;11.642051692927977;10.679480099505446;10.234817431117325;11.940313597145968;11.076815597050832;11.15608307628868;11.349834091457248;11.274960472140602;11.485326189240524;11.573173784686484;10.952013164889486;11.207014320177532;11.274378153246364;10.881878707600446;11.090112419664289;11.159240650411672;11.671541066711884;11.798066720363062;11.826151214800207;11.1767964781476;11.789126046425231;11.871135184243045;10.28424574982967;11.559377090526684;11.530893981193922;13.018374070821016;10.364134655008051;11.020979938904212;10.836839359748716;11.481799431665753;10.778077129535358;11.048486873992337;9.981567281903017;10.987264012072538;11.717676423066395;10.77066389291676;11.027905996569883;11.442425193331609;11.378294855911893;11.698704666770343;11.445532219028312;10.393390457443989;10.926295994781112;10.353146825498085;11.017504401109417;10.871135184243045;10.74819284958946;11.49735289347705;9.749869427396844;11.061371192659813;11.054604317960672;11.04507705193494;10.395534135462302;11.493855449240822;11.184875342908285;11.002815015607052;11.428360172704291;12.38586240064146;12.582847628550269;11.194756854422248;11.828929827651486;11.552188759557149;11.54399845013454;11.586370695113963;10.290018846932618;10.702172685365548;10.90388184573618;10.754052367528924;11.190442018782823;12.271754805646474;11.058668250340572;11.533329732305834;11.184255495405347;10.967226258835993;11.874981347653774;10.579315937580017;11.076815597050832;10.802516365121225;12.025485656808389;12.250298417906333;12.582847628550269;11.485829308701904;10.52943055414615
7.636624620543649;7.643856189774724;8.108524456778168;6.954196310386875;7.60733031374961;6.247927513443585;7.721099188707186;6.3750394313469245;7.03342300153745;8.233619676759702;6.0;7.392317422778761;6.882643049361842;7.3750394313469245;7.348728154231077;6.459431618637297;9.124121311829189;7.011227255423254;6.3750394313469245;5.087462841250339;7.832890014164741;7.321928094887363;8.321928094887362;6.22881869049588;7.22881869049588;8.159871336778389;6.643856189774724;6.539158811108031;6.22881869049588;8.79766152585376;6.918863237274595;6.507794640198696;6.599912842187128;7.3750394313469245;6.3750394313469245;9.405141463136344;5.643856189774724;7.2384047393250786;8.044394119358454;5.392317422778761;8.897845456005511;8.92481250360578;5.554588851677638;7.577428828035749;7.774787059601174;7.03342300153745;7.266786540694901;7.693486957499325;7.693486957499325;7.149747119504682;6.7414669864011465;7.199672344836364;7.294620748891627;7.400879436282184;7.499845887083206;6.20945336562895;7.076815597050831;8.027905996569885;8.717676423066395;7.60733031374961;6.794415866350106;8.066089190457772;7.826548487290915;7.86418614465428;6.266786540694901;7.882643049361842;6.820178962415188;6.794415866350106;5.554588851677638;7.845490050944375;6.539158811108031;6.0;8.693486957499324;10.178664851006472;5.459431618637297;7.321928094887363;9.250298417906333;9.250298417906333;5.954196310386875;6.507794640198696;5.727920454563199;7.94251450533924;7.2384047393250786;8.851749041416058;7.554588851677638;7.60733031374961;8.285402218862249;6.285402218862249;8.113742166049189;8.888743248898258;8.247927513443585;6.169925001442312;5.584962500721156;6.754887502163468;6.820178962415188;5.977279923499917;6.303780748177103;8.049848549450562;7.219168520462161;6.129283016944966;5.643856189774724;6.7414669864011465;7.761551232444479;7.266786540694901;8.118941072723507;7.826548487290915;7.169925001442312;8.88264304936184;8.54882190845875;7.948367231584678;6.6293566200796095;7.169925001442312;6.977279923499917;8.499845887083206;6.820178962415188;7.451211111832329;8.194756854422248;7.888743248898259;8.562242424221072;8.686500527183219;7.832890014164741;8.03342300153745;7.686500527183218;8.682994583681683;8.62935662007961;8.86418614465428;7.451211111832329;7.257387842692652;7.813781191217037;7.459431618637297;8.39231742277876;7.988684686772165;9.074141462752506;8.409390936137703;8.149747119504681;7.584962500721156;8.118941072723507;7.888743248898259;8.243173983472952;9.139551352398794;7.741466986401146;8.330916878114618;7.988684686772165;8.388017285345136;7.707359132080882;7.539158811108031;8.199672344836364;8.888743248898258;8.640244936222345;7.614709844115208;7.562242424221073;9.649256177517314;8.971543553950772;7.832890014164741;7.768184324776926;8.184875342908283;7.179909090014935;8.870364719583405;9.214319120800766;8.546894459887637;9.214319120800766;7.546894459887636;8.055282435501189;8.829722735086058;8.08214904135387;7.988684686772165;8.233619676759702;7.94251450533924;10.007027266893967;6.672425341971495;8.060695931687555;6.700439718141092;9.025139562278508;8.459431618637296;8.413627929024173;7.076815597050831;9.174925682500678;8.810571634741146;7.577428828035749;8.204571144249204;8.491853096329674;8.434628227636725;8.768184324776927;9.681238411777803;6.807354922057604;8.257387842692651;8.055282435501189;8.011227255423254;7.977279923499917;7.442943495848728;7.584962500721156;6.285402218862249;7.918863237274595;7.303780748177103;7.888743248898259;6.7414669864011465;8.603626344986193;7.6293566200796095;8.060695931687555;8.74819284958946;9.820178962415188;8.599912842187127;7.3750394313469245;6.523561956057013;8.813781191217037;8.108524456778168;8.357552004618084;7.794415866350106;9.296916206879288;7.888743248898259;7.845490050944375;8.977279923499916;9.407267764244732;8.405141463136344;8.977279923499916;9.35974956032233;8.45532722030456;8.721099188707186;6.845490050944375;8.144658242831882;7.721099188707186;7.971543553950772;8.894817763307943;9.422064766172811;8.022367813028454;8.312882955284355
14.269638078840112;13.078817949961978;13.55242894852647;12.97477306788934;14.303138583159058;13.347621368568134;12.923698883295073;12.367414751246828;13.65809988383154;14.348797300150755;14.311677370349496;14.659215484753885;12.533573081389802;15.424953571261042;12.951284714966972;12.6373041221062;15.15006457908147;13.731955373771934;13.803727526553114;12.46096776257042;14.874981347653774;13.290450899356378;13.96605476462555;15.959368078909526;12.0877943047879;14.655977862486942;12.140190703191836;12.517669388133813;12.766735939529964;12.781564627244329;13.151016538892248;13.88140078827952;13.670766880999242;13.402878829184385;14.526560368987251;14.740887516747735;13.269272811845504;14.567183675193917;13.178353623512892;12.54399845013454;13.928795932261515;12.40381093178603;12.009128789539256;13.274669342073851;14.992363054789802;13.788820271926742;13.936085781679678;15.219584506138506;15.219584506138506;12.41758884038258;11.72451385311995;14.346721479589911;13.764560631570992;15.430844535105216;14.504198286749505;14.131696223597777;13.882260929099804;15.028165078018167;15.34207466799914;13.071462362556623;12.29232163280204;14.8311587700151;13.428491035332245;14.257756130811694;12.719174882328078;14.527843497880196;13.211736231827455;12.751962413460854;12.009128789539256;14.201358184030669;10.987264012072538;14.311677370349496;16.210519152737337;14.740044236094851;12.50308035175293;14.071965072954027;14.823417001020315;14.823417001020315;13.839006900339438;12.341240820538747;13.433455039827054;16.07376501477426;15.86360554432145;13.71896091198421;14.5250925372026;14.303138583159058;15.272301729911906;13.95383268214528;13.057822541282478;14.03797585518747;15.108851117040151;11.227014193649133;14.476619646192038;12.954196310386877;13.211736231827455;12.654188473059545;13.207624468226758;13.89434411182436;13.791671650079806;11.224001674198105;12.8342735152347;12.87824254386927;13.968126761356269;13.936085781679678;13.524051918717824;14.003869231979056;11.981210488271694;15.409589823398669;14.731106854388033;13.684200712989997;13.395534135462302;11.981210488271694;13.701523066574437;14.691252797294702;13.318260343712415;14.194910717275365;15.14110927384699;14.129605011152504;14.776690046152304;14.482114671488024;13.955922294018542;13.961359251803998;15.29899331564994;14.684803399721876;13.940405368720752;15.437004267113544;12.14974711950468;14.469641817239516;13.447470717605748;14.420025992726252;14.383096742439664;14.55728419121321;14.253995173480227;14.358239100426132;13.644532294625444;14.000440208419151;14.642785042003634;14.290666877056957;13.845980013605184;15.573144191852604;12.491101496916537;14.67065624911844;14.80911495038482;13.985219338104232;14.180142265411972;13.657318449581288;14.325867580575418;14.147204924942228;14.42574042431621;14.007377733321269;13.85943772344045;15.097908671970512;14.86113538283688;13.59700500260697;14.538310202597684;13.899828931774332;13.609409624761804;14.11504365016171;14.405407422219204;14.883550179557258;14.69310576035504;14.66494720775513;13.861571601125398;14.568728062325222;14.503887836135904;12.964701857420447;14.922584402713664;14.191907427787324;14.952741247186488;12.247927513443583;12.98655314975666;13.190596342475638;14.632597674446188;13.74430828467566;14.530467301625723;12.483311954999351;15.048699720519169;14.846322888487077;13.71488943423155;14.028596777067108;14.880970525485576;14.382961696568474;14.672425341971495;14.842792277876104;12.950555897047511;13.964611618481191;14.686336376267194;13.758431440900267;14.23877790480164;14.252000102041183;13.913543937783;13.002287618401075;13.536854282829797;13.84901407369482;14.03737535776324;13.581553678816189;15.02466354669311;14.92560079822387;13.869979332899964;14.875125379505429;15.094778733741126;15.23877790480164;13.369052007001388;13.504694868818218;14.5921650114709;14.961268803539594;14.96289600533726;13.134426320220928;14.295194955880657;14.594907723063336;14.100251677466776;14.556266543582993;14.919002954331363;14.677113987765123;14.604958553690327;14.935809623751084;14.524908953179844;14.718800413397922;11.610102062999664;13.815683492459163;14.400412512298812;14.910080531966354;14.398276076103468;15.644025245694404;14.473642338633717;14.259816808667775
11.49735289347705;10.445014845868425;11.46454575033394;9.964340867792416;10.18239435340453;11.144658242831882;10.499845887083206;11.222191138456331;10.140829770773;10.982280604558284;10.179909090014934;11.131213905086272;9.753216749178955;11.17617314910749;10.471675214392045;10.14210705730255;10.923327485419192;10.5401280385821;11.194756854422248;8.348728154231077;10.707359132080883;9.794415866350104;10.82097669262124;11.082814337672271;8.169925001442312;10.76983784362944;10.220378327695228;9.805743872151618;11.683433292835405;10.91214085629572;10.774787059601174;10.321928094887362;10.604553229079038;10.31628153174622;10.264442600226602;11.038918989292302;11.581200581924955;10.99506046703272;10.425215903299383;9.824958740528524;9.556506054671928;9.394462694610317;8.459431618637296;12.0877943047879;11.091435386323608;10.950555897047511;9.57553924683453;11.227014193649133;11.227014193649133;9.493855449240822;10.502831804066744;9.236014191900084;9.792790294301064;9.337621901992508;10.373952655370193;9.068778277985412;9.847057346091336;11.1006623390052;11.184875342908285;9.952741247186488;10.326429487122304;11.312315746690109;10.952013164889486;10.657318449581288;10.583082767502932;10.084808387804362;10.30149619498255;10.105908508571158;8.459431618637296;9.388017285345136;9.62935662007961;10.179909090014934;11.44449728710381;10.508785162064513;8.900866807980748;10.364134655008051;10.31741261376487;10.31741261376487;10.513727595952435;10.253847484987404;10.580258567499788;10.345405246717796;10.948367231584678;10.231221180711186;10.877284133523196;10.18239435340453;10.80332391904149;10.413627929024171;11.037546953962178;11.054604317960672;10.712527000439824;10.98655314975666;10.746514321138465;9.434628227636724;10.30149619498255;10.854089179870574;9.3151495622563;11.676397887044764;10.265615046484458;10.569855608330949;10.1006623390052;10.922584402713664;9.679480099505446;9.57553924683453;10.658211482751796;11.036173612553483;9.935165049603697;11.706496018061188;10.279610581052484;10.224001674198105;10.243173983472952;9.935165049603697;9.92481250360578;11.105908508571158;10.451211111832327;9.14974711950468;11.145295334933598;10.694357887221452;11.330916878114618;9.871905237659186;10.811374693509942;10.891024190149498;9.54882190845875;11.141468555393084;9.774787059601174;10.711666973564348;11.261507309202056;10.112439506781552;10.53430288245463;10.484822894262146;11.154818109052105;11.430452551665532;11.112439506781552;10.741466986401146;11.439830883981392;9.843921051289035;11.323054760341646;11.015415052386688;10.62844554013718;11.127349541059118;10.952013164889486;10.31741261376487;10.147204924942228;11.302638923787551;10.63390340934852;9.73809225962049;11.17617314910749;10.947636937951827;10.832098846039134;11.103943429891558;11.31741261376487;9.554588851677638;11.357552004618084;11.26209484537018;11.004922678569043;9.988684686772164;11.219168520462162;10.691743519171276;9.879583249612784;11.53818893205242;10.825753832883112;10.861086905995396;10.699572453287267;11.011227255423254;10.96650545190574;11.070120944476823;11.1767964781476;10.586839787961829;11.064742764750257;11.1879705919842;9.936637939002573;10.60917873814198;10.578372691360803;11.057991722759176;10.237209960755022;10.224001674198105;10.71338651493703;10.980139577639155;10.663558104217271;10.595257481449035;11.507299124122763;10.1006623390052;11.36139553316589;10.256208688527389;10.744833837499543;10.094077685671904;10.383704292474052;10.842350343413807;11.345405246717796;10.7714894695006;10.98584193700334;9.413627929024171;10.583082767502932;10.672425341971495;11.380461065088973;11.158609688214478;10.787902559391432;11.671098725748465;10.497851836951115;9.935165049603697;11.83289001416474;11.41574176829009;10.854089179870574;10.216745858195306;11.023061249735337;11.085472459181284;11.559855041513623;10.840777923595054;10.007027266893967;10.539158811108033;10.477758266443889;10.650154213675094;11.323054760341646;11.64880694972577;11.36194377373524;9.971543553950772;11.38316426063511;11.709083812550343;8.784634845557521;10.930737337562888;10.75905593916017;11.246740598493144;11.234817431117325;11.617926556798752;10.653740778706569;10.809768128710411
12.390975006155534;10.079484783826816;11.744413410557655;8.870364719583405;11.611485943240922;10.839991070539886;10.49585502688717;10.372865060112588;11.107217075591382;11.715533063526584;11.086799685623452;12.782998208920414;10.33427328530719;12.55098721452152;10.145932145820517;10.99717948093762;12.887982133058454;10.52552080909507;11.210671343785622;10.7714894695006;11.734709620225836;11.525031345124;11.790755750118311;10.510764167917891;9.3151495622563;11.319672120946995;9.426264754702098;9.564149489985732;11.96974625081451;10.377210530388552;11.082814337672271;11.400345796534694;11.004922678569043;10.389093521904474;11.316847183602473;12.304921669581672;11.852139328187244;11.698704666770343;10.5980525001616;9.497851836951115;12.665113810335244;11.449148645375436;10.1331422124006;10.925554439873554;12.1901333218648;11.349834091457248;11.996120363033048;12.497851836951115;12.497851836951115;10.053925881531104;9.164906926675688;11.505315356136236;11.305491792110685;11.709514660706716;11.832098846039134;11.917745013443216;11.186733289128869;11.651948610723446;12.269126679149418;10.445014845868425;10.466586337719244;12.193217322699065;10.481799431665753;11.136350341454156;11.14974711950468;11.514714054138487;10.667111542075029;11.276124405274238;10.1331422124006;12.005975356500382;8.243173983472952;11.086799685623452;13.401946123976536;12.398209261466851;9.353146825498085;11.462502272597265;11.12605911607068;11.12605911607068;11.271463027904376;11.373952655370193;11.147204924942228;11.319672120946995;11.924441392339196;11.71338651493703;11.91625269881221;11.611485943240922;12.382894168892134;11.241387363998935;10.960725994839056;10.972979786066292;11.922955991908475;11.15608307628868;11.63026712502677;10.51175265376738;10.667111542075029;10.461479447286155;10.842350343413807;10.939579214314692;11.495355392235982;7.734709620225838;10.35974956032233;10.532355925288847;12.816383708474726;11.996120363033048;10.474719946526482;10.909893083770042;8.339850002884624;13.156241119235752;12.565459136904616;9.804131021183318;11.148476582178278;8.339850002884624;11.668884984266247;12.199365616857982;10.312882955284357;11.450695771572915;12.456097684964202;11.369052007001388;12.32558654521057;11.483815777264256;11.40886043602476;11.234817431117325;12.091765938516804;11.901621158346112;11.060020354507852;12.298062567719017;9.537218400538595;11.458406613236534;11.152284842306582;11.475226777742266;11.852919585123995;11.905387005018133;12.027214885159834;11.639792893279312;10.83605035505807;11.247334178028728;11.566054038171092;11.721526464007477;11.679480099505446;12.19198451336031;10.045759661382682;11.99116750614001;11.954559846999834;11.842350343413807;11.541096615349524;11.109830654278792;11.95310515059134;11.65687172561398;11.941414470942911;11.321364432039449;11.212496385193948;12.360847084179664;12.229419688230417;11.145295334933598;11.818582177480858;11.41574176829009;11.134426320220928;11.476746203939468;11.223398414711628;12.39687231851056;12.30063855399372;12.068778277985412;11.663113308455806;12.017504401109417;12.13859179463752;10.131856960608792;12.208539206738363;12.010528105886484;12.73956967402599;9.594324603924848;10.52061868055628;10.965784284662089;11.965784284662089;10.875749351420056;11.65687172561398;9.698704666770343;12.127349541059118;11.875749351420056;11.11699367754698;11.276706019892432;12.244661144764198;11.817383427897232;12.02410078025291;12.278159031437236;10.193525360501216;11.405673332281866;11.782588759494963;11.147204924942228;11.805743872151618;11.563196272216738;11.169925001442312;10.197216693110052;11.216139556425135;11.206403913973848;11.984418458801136;10.828136484194108;12.305491792110685;12.20181761666792;11.684748620421626;12.363039630256514;12.745254141957256;12.8342735152347;10.92184093707449;11.381002109550924;12.08381170725288;12.24703741878858;12.470913026274877;10.145932145820517;11.565102078360312;11.605479518061667;11.590587049915037;12.000704269011246;12.869015415552091;11.68650052718322;11.739358707433396;11.926295994781112;11.657765035265363;12.453785055496157;12.159871336778387;11.42574042431621;11.832494484336111;12.700439718141093;11.964340867792416;13.176640671134011;11.948732239819616;11.50928016808786
12.219471067394355;10.186114239541643;12.593157658103;13.505563476360582;12.649929757036618;13.191521938128146;11.922212717785449;11.786269627648466;12.702822011777029;12.826548487290914;12.635491406251711;12.366595426071438;11.040289721025715;11.926666629347284;11.526988205432009;11.918490592292311;12.590587049915037;12.130892269806624;12.893111889711308;11.606405212697783;12.934980832653832;11.54978466794786;11.817383427897232;11.768597882194374;9.586839787961829;11.372865060112588;11.154185209265297;12.653292945382814;11.547858506058416;11.99116750614001;12.788106545965244;11.154185209265297;12.004922678569043;12.668663423175296;12.982815365189929;12.261507309202056;11.62067804213541;12.099676554859643;11.217351905270334;14.018461008965662;11.79400964502097;8.361943773735241;10.749869427396844;12.230320715661112;12.163020639580791;12.455070307287963;12.07815080773465;12.993646060016596;12.993646060016596;11.400345796534694;13.183480311333778;11.970105890612182;11.074810461160451;12.468624042918018;12.157031074378354;12.7638347994296;12.072132604167232;12.946358033887046;12.20304205556246;11.640244936222343;11.346513733165636;11.888743248898258;11.54061240824953;12.66622400280318;10.881878707600446;10.972979786066292;11.757806672197228;12.51717725268954;10.749869427396844;10.99859042974533;9.321928094887362;12.635491406251711;12.529674561764642;9.682994583681683;12.016808287686557;11.962173031109709;12.832692262805253;12.832692262805253;11.634357301137976;13.62605121423426;11.746094383705463;11.879200317947392;12.57104154760109;11.306061689428342;12.386940245324311;12.649929757036618;12.29920801838728;12.270879295328784;11.585901449690772;12.000704269011246;12.03960451795376;12.273212809854334;11.50432244829189;11.062720767165043;11.757806672197228;13.71853287606922;12.124444460008585;12.171802288682985;12.349004718027745;11.080817527608328;12.04336911395769;11.611024797307351;11.235415935602528;12.07815080773465;11.16867211813223;11.930367747438952;12.285113188501493;12.33371442609397;11.813981551614678;11.811374693509942;12.084476237453892;12.285113188501493;12.085472459181284;11.350939181546432;11.831307243802051;11.235415935602528;11.785452468158542;11.273795599214264;11.911017407796985;11.023061249735337;11.264442600226602;11.648357582009666;11.46096776257042;12.064742764750257;10.73893668167614;12.072802534544207;11.469641817239516;10.926295994781112;10.91737207947684;11.405141463136344;11.793196859060943;11.625252221746871;11.869208250550829;11.430975172588068;12.005975356500382;10.972261848733291;11.7553048882624;11.287135186086704;11.507794640198696;12.053586543639174;11.295768934420508;11.053247125912426;11.448632567730552;11.73809225962049;11.233619676759702;11.305491792110685;12.254142846855748;11.30206767252652;11.285402218862249;11.835260918627489;12.121209716409284;11.06339508128851;11.86457308177364;11.673750739438065;11.61240779313867;10.703038388986418;12.44604940671655;11.284824100224624;11.18239435340453;11.773551346428505;11.85447883417163;11.720671786825555;11.11178773580101;11.944346034137832;11.69261550169458;11.81016993766466;11.9901039638575;11.631631805917635;11.555068391333338;12.089781488353998;10.90839262077375;11.193525360501216;11.534789211480266;11.59245703726808;11.767356854125683;10.99859042974533;11.450180247164754;12.58777751632821;11.404077136241234;11.4241662888181;11.808159772868375;10.98584193700334;11.932952892194717;11.145295334933598;12.042343379793692;11.057314877782703;11.020285500844649;11.4993476328766;11.724087461793989;11.891024190149498;11.841957399099549;10.79197682089869;11.179909090014934;11.298635406734242;11.804534402995223;11.71338651493703;11.779308973959898;12.060358182642142;11.243173983472952;11.198445041452365;11.353698209048035;12.13859179463752;11.357552004618084;10.783816759320182;11.595723694101627;11.791569912126878;11.84588203438406;11.688687423222536;11.101319154423276;11.461479447286155;11.127349541059118;11.450180247164754;11.955649907528374;11.869208250550829;12.044394119358454;11.167418145831736;11.639340708652233;11.871520262329112;10.353146825498085;11.41574176829009;11.271463027904376;11.646558710154547;12.593857938858225;12.092426815780255;11.709945380232496;11.187352073200495
7.826548487290915;7.930737337562887;7.888743248898259;7.257387842692652;7.392317422778761;11.850577547205614;9.566054038171092;7.076815597050831;8.285402218862249;9.537218400538595;7.294620748891627;8.467605550082997;9.91139198784346;7.686500527183218;8.741466986401146;9.76155123244448;8.997179480937621;8.519636252843213;7.924812503605781;5.727920454563199;10.103287808412022;6.614709844115208;9.372865060112588;9.902375114486023;10.78053976747196;8.113742166049189;11.06204613772049;7.199672344836364;7.044394119358453;8.366322214245816;12.196294745028265;6.475733430966398;7.507794640198696;5.554588851677638;5.285402218862249;10.002815015607052;6.6865005271832185;7.774787059601174;9.91737207947684;5.523561956057013;8.78135971352466;6.339850002884624;6.022367813028454;9.1006623390052;10.53818893205242;8.554588851677638;12.75112558336727;8.189824558880018;8.189824558880018;8.550746785383243;11.034798962577268;7.614709844115208;11.023061249735337;8.679480099505446;7.554588851677638;8.335390354693924;6.523561956057013;7.592457037268081;8.7714894695006;9.236014191900084;8.353146825498083;9.167418145831736;9.047123912114026;7.794415866350106;6.20945336562895;9.668884984266247;10.210671343785622;7.584962500721156;6.022367813028454;7.971543553950772;5.129283016944966;7.294620748891627;8.88264304936184;7.74819284958946;12.278449458220482;9.828136484194108;10.403012023574997;10.403012023574997;5.643856189774724;7.599912842187128;6.714245517666122;9.038918989292302;12.035486451292154;10.550746785383245;11.573173784686484;7.392317422778761;7.774787059601174;9.002815015607053;8.276124405274238;9.167418145831736;10.347621368568134;10.535275376620802;7.247927513443585;5.882643049361842;10.210671343785622;5.087462841250339;7.870364719583405;10.339850002884624;8.169925001442312;7.599912842187128;6.507794640198696;7.149747119504682;7.118941072723508;12.75112558336727;8.375039431346925;8.823367240046235;8.768184324776927;9.620219825507489;8.339850002884624;7.954196310386875;6.882643049361842;8.768184324776927;7.672425341971495;10.622051819456376;9.65642486327778;7.94251450533924;9.73809225962049;10.99506046703272;10.729620743553038;9.312882955284357;9.818582177480858;10.571752643503546;9.121533517340032;9.654636028527968;9.834471049984222;9.084808387804362;10.47269083924278;8.219168520462162;10.234817431117325;9.52552080909507;10.344295907915816;10.733862719678545;11.720244258287568;10.022367813028454;9.337621901992508;9.60177078840771;9.319672120946995;10.232420927176076;11.027214885159834;9.73809225962049;10.3297963382207;7.658211482751795;9.330916878114618;11.479275030250204;9.219168520462162;9.266786540694902;11.115693952197011;10.075479149488016;10.304921669581672;10.981567281903017;10.413627929024171;7.826548487290915;11.333155350310616;11.044394119358454;10.103287808412022;8.768184324776927;10.395534135462302;10.084808387804362;7.531381460516312;10.333155350310616;9.310612781659527;9.885696373339394;10.642051692927977;9.37937836707126;10.162391328756906;8.734709620225837;9.67065624911844;10.434628227636724;11.820577882655774;10.54978466794786;8.900866807980748;10.3409627642517;9.197216693110052;9.20212382383046;9.684748620421626;7.721099188707186;8.686500527183219;10.084808387804362;9.556506054671928;10.375039431346924;10.17367713630342;8.696967526234287;9.99717948093762;8.483815777264256;10.118941072723509;9.560332834212442;7.098032082960526;10.69261550169458;11.220982851081777;10.3409627642517;10.187352073200495;8.194756854422248;9.62935662007961;10.711666973564348;9.92184093707449;9.337621901992508;8.888743248898258;10.884170519108435;9.881113960675096;7.651051691178928;10.768184324776929;11.419433550705378;11.215532999745657;11.313449940963055;10.225207436943505;11.419960177847887;10.625708843064466;8.577428828035748;8.483815777264256;8.159871336778389;10.055282435501187;9.08214904135387;10.935165049603697;8.909893083770042;9.405141463136344;8.618385502258606;9.899356922923111;11.679040186393062;9.714245517666123;9.634811050171718;10.096715154488535;10.89026427702111;9.457380879072534;11.075479149488016;10.523561956057012;9.914385132155443
5.754887502163468;5.426264754702098;5.392317422778761;10.16867211813223;6.266786540694901;7.954196310386875;6.78135971352466;5.643856189774724;3.321928094887362;5.392317422778761;4.392317422778761;5.087462841250339;4.087462841250339;7.768184324776926;6.022367813028454;6.169925001442312;7.820178962415188;6.285402218862249;5.523561956057013;5.78135971352466;4.906890595608519;4.392317422778761;5.954196310386875;5.044394119358453;4.754887502163468;9.4241662888181;3.4594316186372973;4.906890595608519;2.0;4.392317422778761;2.321928094887362;2.321928094887362;5.129283016944966;6.442943495848728;7.523561956057013;4.906890595608519;3.169925001442312;4.087462841250339;7.357552004618084;5.491853096329675;3.4594316186372973;1.584962500721156;5.954196310386875;4.954196310386875;7.614709844115208;7.199672344836364;5.169925001442312;6.599912842187128;6.599912842187128;6.409390936137702;3.169925001442312;7.219168520462161;3.700439718141092;3.700439718141092;6.066089190457772;5.491853096329675;2.584962500721156;7.011227255423254;5.954196310386875;5.459431618637297;5.727920454563199;5.807354922057604;7.159871336778389;4.247927513443585;2.584962500721156;8.044394119358454;5.554588851677638;4.392317422778761;5.954196310386875;2.807354922057604;2.807354922057604;4.392317422778761;6.965784284662087;3.4594316186372973;10.129283016944967;6.459431618637297;7.118941072723508;7.118941072723508;4.0;6.930737337562887;4.392317422778761;6.066089190457772;2.321928094887362;3.807354922057604;5.643856189774724;6.266786540694901;6.658211482751795;5.584962500721156;5.807354922057604;7.199672344836364;5.930737337562887;4.0;4.700439718141092;4.754887502163468;5.554588851677638;6.066089190457772;5.0;6.339850002884624;7.599912842187128;3.807354922057604;5.0;8.179909090014934;2.584962500721156;5.169925001442312;6.554588851677638;5.357552004618084;7.693486957499325;7.924812503605781;3.7548875021634687;5.882643049361842;6.426264754702098;7.693486957499325;5.807354922057604;6.392317422778761;6.066089190457772;1.0;6.977279923499917;6.523561956057013;7.179909090014935;3.700439718141092;6.894817763307944;6.523561956057013;1.584962500721156;6.459431618637297;3.169925001442312;6.169925001442312;6.930737337562887;4.643856189774724;6.303780748177103;6.714245517666122;6.7414669864011465;7.066089190457772;7.257387842692652;5.954196310386875;6.894817763307944;5.426264754702098;7.044394119358453;5.554588851677638;8.434628227636725;6.339850002884624;7.700439718141092;2.0;1.584962500721156;6.94251450533924;4.807354922057604;4.523561956057013;7.108524456778169;5.357552004618084;6.845490050944375;6.78135971352466;7.614709844115208;3.321928094887362;6.066089190457772;8.164906926675688;6.507794640198696;6.0;6.475733430966398;5.882643049361842;2.0;7.383704292474052;6.6293566200796095;5.906890595608519;6.022367813028454;6.087462841250339;6.643856189774724;7.499845887083206;7.087462841250339;5.78135971352466;6.569855608330948;7.044394119358453;5.321928094887363;5.643856189774724;4.0;6.7414669864011465;6.9886846867721655;1.0;2.321928094887362;7.303780748177103;6.303780748177103;6.94251450533924;5.807354922057604;5.169925001442312;7.330916878114617;4.954196310386875;6.392317422778761;5.614709844115208;4.247927513443585;6.672425341971495;6.539158811108031;6.584962500721156;7.636624620543649;2.0;6.584962500721156;6.857980995127572;6.614709844115208;5.906890595608519;5.700439718141092;6.285402218862249;6.149747119504682;3.0;6.169925001442312;7.614709844115208;6.768184324776926;6.087462841250339;6.22881869049588;7.05528243550119;5.700439718141092;6.554588851677638;3.321928094887362;4.321928094887363;5.754887502163468;6.189824558880018;6.599912842187128;6.459431618637297;7.339850002884624;1.584962500721156;6.539158811108031;6.169925001442312;1.584962500721156;7.169925001442312;4.954196310386875;6.409390936137702;4.392317422778761;6.930737337562887;6.832890014164741;6.044394119358453
11.815383295813538;11.368506461507693;13.436321149754669;12.578136783414749;10.980853606379736;11.571752643503546;12.672867276433792;13.857495091973576;10.088788238716909;13.120075840497751;12.185185166820329;10.468624042918018;12.021327032624372;12.057653339963936;11.21006248324023;12.793196859060943;12.624795455860236;11.928148216169037;13.967586527296072;8.159871336778389;11.319107575824985;11.940313597145968;12.84136778188234;11.41679752760606;11.67991987851842;12.110483309816226;12.91904952367693;11.589651146514786;10.977995368612962;11.406205005418856;11.987264012072538;12.466076461396252;12.0877943047879;14.449019643270384;13.20899635859037;12.302638923787551;11.605479518061667;12.24198314969433;12.298349015658186;14.966685687403618;14.21439501816464;11.78463484555752;11.977637690405876;12.91270225264792;13.151016538892248;11.169925001442312;13.03307880613062;13.117967703717133;13.117967703717133;11.4655664048094;12.814382188951573;12.533086342167612;13.173208652765974;13.026869205263395;11.223398414711628;12.68540583478614;13.205029555005872;13.107707482385823;12.92351319630841;12.505563476360582;10.965784284662089;14.843381313319988;12.894817763307945;10.860311054919482;12.014020470314934;10.712527000439824;13.022367813028454;13.980853606379736;11.977637690405876;11.66222330531784;11.078817949961978;12.185185166820329;12.727069558023706;9.016808287686557;13.719495778353323;11.639340708652233;14.15188861725098;14.15188861725098;13.664225040837929;14.069617590965562;11.244958393151132;13.596655667674662;12.225508720236;11.69522829149575;12.854673621863938;10.980853606379736;10.76983784362944;10.898601387403938;13.442165972229322;14.254438148267257;12.490850876740298;13.426919899820705;9.485829308701904;9.651051691178928;13.022367813028454;14.23758343535932;11.834471049984222;13.232720707964871;11.84979602224561;8.447083226209653;10.117643101389092;11.592924155627635;13.079651444144783;13.03307880613062;11.925554439873554;11.53430288245463;13.476239906323851;13.532234153181506;10.571278618514595;10.967946705812707;11.52552080909507;13.476239906323851;12.254142846855748;13.45211251457386;13.21901722320012;12.650827374138768;13.287856641840545;13.35851384714966;13.30577676890981;12.560332834212442;13.767874078897616;14.13209803255202;13.384109183736609;12.817183539425711;12.765286098723683;12.80231440599149;13.55566759184072;13.25089053572334;13.93875258654304;13.574711776183287;12.267371931265274;14.072300115928336;15.19032626517897;13.85943772344045;13.510887765694012;13.498225931349918;13.64250302878052;13.88978912797328;13.937097908730966;13.193525360501216;13.234667766192567;13.553029246059738;12.896521622224974;13.794618934130142;12.423378576518491;13.501090770274512;14.07028868996168;13.082481727863104;13.026004642978943;13.023407843140218;14.189747357807576;10.92481250360578;14.90341116123855;13.900112062977456;14.273139944628385;11.90312867681232;13.674743989075154;13.248372354921251;12.356451970221755;13.017852331905962;13.53016245322715;13.95673914505908;14.546894459887636;12.447341565370678;14.243843395769034;12.626393504173995;13.282364508223864;13.431628182620894;13.839794290202557;13.539158811108033;12.413892328372643;13.13827180017222;14.816533710558584;13.26502894245816;12.548340287676147;13.417193238248329;10.735556023911537;13.718104713121756;12.89273253261186;14.437231901039478;14.247779202465209;13.347482960639704;13.233769450446928;11.314016703901355;13.592223421359405;12.801506286636435;13.226562716555511;13.719067901122964;13.975400190281691;14.678435086754051;14.626450544602625;12.892163309861964;12.50382573799575;13.202429966015352;14.862540503136891;14.609813587455143;11.948732239819616;15.077525081587025;13.588597528959294;11.837233700339088;13.286124541533368;14.225433405311245;13.390168956200185;13.57790083688697;13.32108251801004;13.944437549570695;14.359680937350838;12.954378090144049;12.28828934218097;11.049848549450562;12.437492010125352;13.658434654697617;13.93258386928929;13.602118887104268;13.65250890240818;11.843921051289035;13.529918528120325;14.021153496202572;12.761343456100647;13.27423253678993;12.251186503524336;14.821873612165758;13.969386521342283;13.678820179524028;13.81848231971713;13.77869318322384
1.584962500721156;0.0;0.0;1.0;2.321928094887362;3.584962500721156;2.584962500721156;1.584962500721156;2.321928094887362;5.0;1.0;4.0;1.0;2.0;0.0;1.584962500721156;1.0;0.0;5.672425341971495;3.700439718141092;4.807354922057604;1.584962500721156;2.0;2.0;3.169925001442312;0.0;5.614709844115208;3.4594316186372973;0.0;1.584962500721156;0.0;0.0;3.169925001442312;1.0;2.584962500721156;3.0;0.0;3.906890595608519;1.0;2.0;1.0;1.0;1.0;5.247927513443585;2.321928094887362;2.584962500721156;1.584962500721156;5.523561956057013;5.523561956057013;0.0;1.0;4.459431618637297;4.584962500721156;0.0;0.0;4.392317422778761;5.426264754702098;3.4594316186372973;5.357552004618084;2.584962500721156;3.0;0.0;1.584962500721156;1.0;0.0;3.584962500721156;1.584962500721156;1.584962500721156;1.0;4.700439718141092;4.247927513443585;1.0;7.219168520462161;1.584962500721156;2.0;0.0;3.700439718141092;3.700439718141092;4.523561956057013;0.0;1.584962500721156;0.0;0.0;3.584962500721156;0.0;2.321928094887362;2.321928094887362;3.321928094887362;0.0;0.0;1.0;0.0;0.0;0.0;1.584962500721156;3.700439718141092;5.044394119358453;4.392317422778761;3.584962500721156;1.584962500721156;3.906890595608519;0.0;2.807354922057604;1.584962500721156;1.584962500721156;4.0;5.087462841250339;3.4594316186372973;0.5849625007211562;2.584962500721156;3.807354922057604;5.087462841250339;0.0;1.0;2.807354922057604;1.0;1.584962500721156;1.584962500721156;0.0;2.0;0.0;4.0;0.0;1.0;0.0;2.321928094887362;0.0;1.0;0.0;0.0;0.0;0.0;1.0;0.0;0.0;0.0;0.0;0.0;2.584962500721156;1.584962500721156;1.0;1.0;0.0;2.584962500721156;0.0;0.0;1.0;2.807354922057604;0.0;0.0;0.0;1.0;0.0;0.0;0.0;1.0;2.0;0.0;2.321928094887362;0.0;0.0;0.0;0.0;1.0;0.0;0.0;1.584962500721156;0.0;3.584962500721156;0.0;1.584962500721156;0.0;2.0;2.321928094887362;0.0;0.0;0.0;0.0;0.0;0.0;1.584962500721156;0.0;2.0;0.0;0.0;0.0;1.584962500721156;0.0;1.0;1.0;2.807354922057604;0.0;0.0;1.0;0.0;1.584962500721156;0.0;1.0;0.0;0.0;2.321928094887362;2.0;1.0;2.807354922057604;0.0;1.0;1.0;1.0;1.0;2.0;2.0;1.584962500721156;1.0;0.0;1.0;0.0;0.0;0.0;0.0;0.0;0.0;0.0;0.0;0.0;1.0;0.0
10.356451970221755;9.312882955284357;6.523561956057013;9.64565843240871;9.94982671075911;9.0;9.552669097514272;7.189824558880018;5.78135971352466;6.977279923499917;6.539158811108031;7.807354922057604;9.634811050171718;10.61286849729104;7.303780748177103;6.977279923499917;11.11829223302699;7.03342300153745;5.977279923499917;6.22881869049588;6.599912842187128;9.859534786382651;9.428360172704291;7.851749041416057;9.027905996569883;11.699572453287267;7.988684686772165;6.977279923499917;3.700439718141092;9.527477006060396;4.584962500721156;11.736824699098864;6.768184324776926;10.558420713268664;11.348728154231075;10.045759661382682;6.266786540694901;7.592457037268081;10.153552031708111;5.357552004618084;9.909893083770042;6.169925001442312;6.044394119358453;7.707359132080882;11.371776644337924;7.577428828035749;7.303780748177103;7.554588851677638;7.554588851677638;7.20945336562895;9.231221180711186;9.537218400538595;6.845490050944375;6.507794640198696;7.727920454563199;7.965784284662087;5.392317422778761;11.754052367528924;10.398743691938192;7.169925001442312;8.72451385311995;11.036860446673046;10.709083812550343;6.754887502163468;11.321364432039449;11.996473488733228;7.832890014164741;5.832890014164741;6.044394119358453;7.960001932068081;6.108524456778169;6.539158811108031;11.846665681899738;11.150381968817848;4.392317422778761;7.906890595608519;9.068778277985412;9.068778277985412;8.326429487122303;9.285402218862249;7.451211111832329;9.829722735086058;7.247927513443585;8.523561956057012;6.149747119504682;9.94982671075911;9.394462694610317;6.459431618637297;9.333155350310616;11.006326078524934;10.760719947465624;6.459431618637297;5.491853096329675;6.9886846867721655;7.832890014164741;6.442943495848728;5.643856189774724;8.668884984266247;7.247927513443585;4.392317422778761;4.857980995127572;8.442943495848729;7.339850002884624;7.303780748177103;8.707359132080883;10.091435386323608;2.807354922057604;10.817783121774534;9.285402218862249;6.409390936137702;6.820178962415188;2.807354922057604;9.744833837499543;12.979961015222829;9.560332834212442;13.3437409184722;12.247927513443583;11.32755264408124;12.33371442609397;12.286846502735887;11.169298695792843;11.12347479824414;13.729195859132094;11.955286645524469;12.01854794187165;12.77416933531818;10.181152256865566;13.29275299624998;11.495355392235982;11.369052007001388;11.3151495622563;11.174301544467632;11.829326335841666;11.154185209265297;10.471675214392045;12.151967870968187;10.838416075797335;11.749450465569916;10.740624044489412;11.52943055414615;10.060695931687556;13.054943416573323;13.34568244818678;12.631631805917635;11.42574042431621;9.721099188707186;11.749031382040204;12.008078410868256;11.586839787961829;10.85096815098244;10.977279923499916;13.142266638635702;11.466076461396252;10.915879378835774;11.06339508128851;11.715104009236168;9.977279923499916;11.979782430703086;11.686938171670388;11.99435343685886;12.41256984680521;11.699572453287267;11.588246152044816;12.15069928874454;12.03342300153745;10.330916878114618;11.502334580197996;12.800697714363126;13.099347810403192;10.23840473932508;11.14274527675153;11.140829770773;13.069281924365423;11.410451351503994;11.898601387403938;11.863411958941638;13.410583848637842;10.624795455860236;11.124121311829189;11.515207030408751;11.494855584491198;12.106235761615748;11.79644525906185;12.914198242454956;9.67595703294175;11.729620743553038;12.213711798105672;10.925554439873554;10.366322214245816;9.813781191217036;10.788718332690458;11.638888382252262;11.466076461396252;11.779719355143405;10.939579214314692;10.001408194392807;12.602698865017963;11.17617314910749;10.84313591111135;13.500094949671809;13.133302788397303;12.68934284613419;11.247927513443583;12.608254821977908;12.649256177517314;10.973697366305352;13.39593572072332;10.380461065088973;11.583552930466483;12.770044400296824;10.603626344986193;11.894059846274022;12.559138055642384;11.213104219641906;12.102303817212649;12.779308973959898;10.772314573921651;11.384783750093352;8.59245703726808;11.562242424221072;12.437231901039478;11.946906274456396;13.014369242235135;12.105908508571158;11.802112418586066;11.366322214245816
10.778077129535358;9.266786540694902;13.39231742277876;8.965784284662087;9.1006623390052;12.376125389276174;10.036173612553483;10.144658242831882;9.37937836707126;10.153552031708111;10.782179193831208;10.4655664048094;9.211888294546004;11.261507309202056;11.732167425663384;9.61654884377899;11.992938336165814;12.53600431728855;10.145932145820517;8.888743248898258;10.310612781659527;9.224001674198105;10.550746785383245;9.226412192788786;9.357552004618084;10.680359523513712;8.228818690495881;12.721526464007477;10.051208940914766;10.353146825498085;8.661778097771988;6.894817763307944;9.661778097771988;8.308339030139408;8.689997971419446;11.942147920394849;9.813781191217036;9.64745842645492;9.060695931687556;9.35974956032233;9.786269627648466;8.396604781181859;9.310612781659527;10.569855608330949;10.806549621985962;10.707359132080883;10.074141462752506;10.625708843064466;10.625708843064466;9.461479447286155;9.20212382383046;10.360847084179664;9.06339508128851;8.936637939002571;12.949097155729207;12.177419537989236;10.719388820942084;10.372865060112588;12.004922678569043;9.915879378835774;10.06204613772049;8.854868383260236;9.74819284958946;12.284824100224624;6.9886846867721655;11.199058823653022;11.055960234452296;9.172427508645482;9.310612781659527;10.213104219641906;9.092757140919852;10.782179193831208;10.752380646552892;9.546894459887636;8.280770770130603;11.088125692188209;10.308339030139408;10.308339030139408;8.703903573444663;8.672425341971495;8.543031820255237;10.859534786382651;10.1331422124006;10.16867211813223;9.584962500721156;9.1006623390052;10.309476353841106;9.874981347653774;11.879583249612784;10.019590728357882;12.005273656563938;9.746514321138465;9.211888294546004;8.353146825498083;11.055960234452296;7.971543553950772;9.719388820942084;9.573647187493322;10.706496018061188;8.49585502688717;8.134426320220927;11.945809584900822;8.543031820255237;10.074141462752506;10.688250309133178;10.019590728357882;10.39660478118186;11.192909219112012;11.069785394983302;8.668884984266247;9.918863237274596;10.39660478118186;9.622051819456376;8.174925682500678;9.076815597050832;5.807354922057604;8.174925682500678;7.768184324776926;10.019590728357882;5.906890595608519;7.98299357469431;9.894817763307945;6.832890014164741;8.918863237274595;7.257387842692652;10.274960472140602;8.308339030139408;6.700439718141092;7.820178962415188;8.807354922057604;8.62935662007961;8.977279923499916;7.912889336229962;9.381542951184583;9.4757334309664;6.807354922057604;9.057991722759176;9.131856960608792;10.29232163280204;10.900112062977456;7.768184324776926;6.539158811108031;5.906890595608519;7.820178962415188;9.071462362556623;8.011227255423254;10.439830883981392;9.134426320220928;8.092757140919852;9.509775004326936;8.515699838284043;6.584962500721156;9.116343961237469;8.988684686772165;9.558420713268664;8.527477006060396;8.7714894695006;8.20945336562895;6.189824558880018;9.805743872151618;8.554588851677638;11.525031345124;8.20945336562895;8.228818690495881;9.786269627648466;8.471675214392045;9.984418458801136;8.076815597050832;8.731319031025064;8.442943495848729;7.05528243550119;6.882643049361842;6.6865005271832185;8.826548487290914;7.266786540694901;6.0;5.321928094887363;10.468624042918018;8.960001932068081;7.768184324776926;10.287712379549449;6.189824558880018;9.25502856981873;7.3750394313469245;8.539158811108031;5.754887502163468;6.845490050944375;7.768184324776926;9.071462362556623;8.854868383260236;7.813781191217037;5.247927513443585;8.422064766172813;8.247927513443585;9.741466986401146;7.94251450533924;8.614709844115207;9.67595703294175;9.108524456778168;6.022367813028454;8.139551352398794;8.055282435501189;8.280770770130603;8.266786540694902;8.294620748891628;9.022367813028454;8.930737337562887;6.727920454563199;7.3750394313469245;6.339850002884624;9.157346935362844;7.129283016944966;9.092757140919852;9.843921051289035;7.906890595608519;6.169925001442312;9.366322214245816;9.679480099505446;4.584962500721156;8.113742166049189;8.228818690495881;9.84862294042934;8.055282435501189;10.167418145831736;9.682994583681683;6.965784284662087
11.400345796534694;9.39231742277876;10.070120944476823;9.86418614465428;4.247927513443585;7.066089190457772;7.400879436282184;6.78135971352466;5.087462841250339;7.78135971352466;10.490850876740298;6.459431618637297;7.971543553950772;9.558420713268664;7.451211111832329;8.400879436282183;8.103287808412022;9.88264304936184;9.50382573799575;10.52061868055628;7.727920454563199;8.632995197142957;8.758223214726724;9.124121311829189;12.881305185414046;8.661778097771988;9.89026427702111;8.499845887083206;3.0;5.584962500721156;3.321928094887362;6.977279923499917;10.24198314969433;3.4594316186372973;3.584962500721156;11.56271942704932;5.357552004618084;8.276124405274238;9.539158811108033;9.084808387804362;5.832890014164741;6.807354922057604;2.321928094887362;8.88264304936184;9.216745858195306;7.179909090014935;4.321928094887363;11.358651200892886;11.358651200892886;5.357552004618084;11.371776644337924;10.14338321398982;7.357552004618084;11.223398414711628;10.992230264965889;9.08214904135387;10.231221180711186;8.060695931687555;9.025139562278508;9.06339508128851;6.954196310386875;13.213104219641906;8.344295907915816;12.333155350310616;6.918863237274595;9.330916878114618;5.285402218862249;10.145932145820517;2.321928094887362;8.930737337562887;8.622051819456376;10.490850876740298;11.117643101389092;10.651051691178928;4.169925001442312;9.52943055414615;8.81698362325538;8.81698362325538;8.491853096329674;3.169925001442312;10.216745858195306;9.038918989292302;7.076815597050831;7.658211482751795;8.861086905995395;4.247927513443585;9.50382573799575;7.672425341971495;8.405141463136344;11.117643101389092;8.888743248898258;3.321928094887362;11.869979332899964;8.73809225962049;5.285402218862249;6.129283016944966;5.426264754702098;9.071462362556623;9.759888183221834;1.0;9.219168520462162;4.584962500721156;7.129283016944966;4.321928094887363;9.152284842306582;8.214319120800766;4.700439718141092;9.113742166049189;10.37232095486726;4.906890595608519;8.108524456778168;4.700439718141092;8.658211482751796;11.145295334933598;8.118941072723507;1.584962500721156;12.127349541059118;10.557463701597824;9.566054038171092;5.727920454563199;10.450180247164754;10.430452551665532;7.426264754702098;10.287712379549449;6.321928094887363;11.527477006060396;10.363039630256514;9.184875342908285;8.72451385311995;10.293471648838134;10.17617314910749;12.57790083688697;11.886077584873094;10.230020435705637;10.036173612553483;8.939579214314692;11.862637357558794;11.850577547205614;9.50382573799575;11.356451970221755;7.60733031374961;4.321928094887363;3.4594316186372973;10.0566377151132;10.366322214245816;10.970105890612182;10.277287400130357;7.727920454563199;12.099676554859643;9.885696373339394;12.062383491876334;6.426264754702098;12.900112062977456;10.965784284662089;11.614709844115207;9.782998208920414;10.758223214726724;9.94251450533924;4.857980995127572;9.952741247186488;11.510764167917891;11.335390354693924;7.918863237274595;9.36194377373524;10.936637939002573;7.965784284662087;11.81177605532666;8.741466986401146;11.553629293916364;9.221587121264806;8.948367231584678;10.483815777264256;7.888743248898259;9.691743519171276;9.461479447286155;2.0;3.584962500721156;10.648357582009666;11.004220466318197;10.83289001416474;11.324743110494415;8.312882955284355;10.26795708440284;8.379378367071261;9.501837184902296;7.467605550082998;5.954196310386875;10.397674632948268;12.055282435501187;12.832296678749884;8.906890595608518;0.0;10.651948610723446;10.467605550082997;12.844705764411938;11.793603309279408;8.405141463136344;13.173364830849035;11.458919206967591;2.0;9.4797802640291;9.99717948093762;9.321928094887362;9.505811553919594;10.191059214531656;12.527477006060396;9.86418614465428;8.915879378835774;6.794415866350106;8.199672344836364;9.321928094887362;9.804131021183318;10.926295994781112;9.131856960608792;10.567005370247031;1.0;11.83880998570856;12.096715154488535;12.092096414990792;10.233619676759702;8.442943495848729;12.83703654351734;2.584962500721156;11.630722162103838;10.857203471508166;11.12347479824414
8.909893083770042;6.3750394313469245;9.712527000439824;8.113742166049189;10.507794640198696;9.91288933622996;8.038918989292302;8.751544059089099;9.642051692927977;9.749869427396844;7.679480099505446;10.535275376620802;7.965784284662087;9.868822554775;7.459431618637297;10.171176797651771;11.055960234452296;7.727920454563199;9.517669388133813;9.691743519171276;9.7431513941125;9.871905237659186;8.622051819456376;10.483815777264256;7.257387842692652;8.228818690495881;7.276124405274237;7.515699838284043;8.243173983472952;7.592457037268081;11.01262453886506;8.31741261376487;10.588714635582264;10.44086916761087;11.458919206967591;8.64745842645492;8.159871336778389;10.28424574982967;7.845490050944375;9.025139562278508;8.49585502688717;7.977279923499917;8.581200581924957;9.167418145831736;9.400879436282183;8.055282435501189;10.467605550082997;8.632995197142957;8.632995197142957;7.882643049361842;8.83605035505807;9.095397022792556;8.707359132080883;10.356451970221755;9.873444112515376;11.086136225027309;8.86418614465428;11.712097051087548;8.906890595608518;9.813781191217036;7.098032082960526;9.068778277985412;7.693486957499325;7.499845887083206;8.807354922057604;10.589651146514786;8.67595703294175;9.776433032444732;8.581200581924957;9.702172685365548;5.727920454563199;7.679480099505446;10.481799431665753;9.353146825498085;9.839203788096944;8.965784284662087;10.929998062609029;10.929998062609029;7.86418614465428;11.769011321097016;8.219168520462162;9.144658242831882;10.127994320976391;10.298062567719017;9.13699111208023;10.507794640198696;10.515699838284045;7.994353436858858;9.00842862207058;7.960001932068081;9.981567281903017;11.314583244274194;8.876516946565;8.164906926675688;8.67595703294175;10.481799431665753;9.06339508128851;9.51175265376738;9.066089190457772;7.636624620543649;8.413627929024173;8.67595703294175;9.885696373339394;10.467605550082997;8.103287808412022;8.118941072723507;7.257387842692652;11.140190703191836;10.175549550636193;7.851749041416057;9.187352073200495;7.257387842692652;10.368506461507693;8.46352437327118;6.658211482751795;4.643856189774724;8.214319120800766;7.857980995127572;8.49585502688717;5.523561956057013;7.693486957499325;8.169925001442312;6.507794640198696;7.870364719583405;6.700439718141092;8.707359132080883;6.3750394313469245;6.94251450533924;7.366322214245816;8.228818690495881;8.829722735086058;8.451211111832329;7.888743248898259;8.76487159073609;8.189824558880018;7.257387842692652;8.204571144249204;8.108524456778168;9.447083226209651;8.63662462054365;6.599912842187128;6.9886846867721655;6.714245517666122;7.768184324776926;7.857980995127572;9.113742166049189;8.430452551665532;8.228818690495881;9.057991722759176;7.614709844115208;7.636624620543649;6.882643049361842;8.744833837499545;7.577428828035749;8.50382573799575;7.636624620543649;7.857980995127572;7.693486957499325;8.405141463136344;8.714245517666123;8.92184093707449;8.804131021183318;7.20945336562895;7.665335917185176;8.005624549193879;6.906890595608519;8.339850002884624;7.426264754702098;8.991521846075695;6.794415866350106;7.011227255423254;7.845490050944375;6.845490050944375;7.108524456778169;7.882643049361842;4.906890595608519;6.918863237274595;9.337621901992508;7.022367813028454;7.900866807980749;8.491853096329674;7.6293566200796095;8.622051819456376;7.686500527183218;7.409390936137702;7.761551232444479;6.303780748177103;7.721099188707186;8.388017285345136;8.654636028527968;6.882643049361842;5.044394119358453;7.851749041416057;7.515699838284043;8.894817763307943;6.7414669864011465;7.426264754702098;8.826548487290914;8.098032082960527;7.011227255423254;8.90388184573618;9.88264304936184;7.417852514885898;6.918863237274595;8.066089190457772;8.851749041416058;8.280770770130603;7.459431618637297;6.820178962415188;7.03342300153745;7.948367231584678;7.392317422778761;8.527477006060396;7.876516946564999;7.672425341971495;7.622051819456376;8.103287808412022;9.390168956200185;5.554588851677638;7.693486957499325;6.768184324776926;9.487840033823051;7.643856189774724;10.547858506058416;8.475733430966399;7.294620748891627
10.972261848733291;11.030667136246942;11.7279204545632;8.661778097771988;9.831307243802051;11.681677655209691;11.445014845868425;11.937741620077096;12.1526017440192;12.084476237453892;11.93147623388679;12.98815209769054;12.034798962577268;12.83368074865474;10.281930026955443;10.112439506781552;13.435279586644082;10.89633240390994;11.41256984680521;11.505811553919594;12.03857610276879;11.847448903982432;12.060358182642142;12.161131882984307;10.701306461958623;11.026523442519766;10.731319031025064;9.926295994781112;12.285691191330091;10.653740778706569;11.86457308177364;12.101975670949232;10.451211111832327;9.144658242831882;10.960725994839056;12.196602126523173;11.728345714710976;12.363860976729532;11.285980105928212;10.397674632948268;11.949097155729207;9.339850002884624;10.846273911349906;11.424691191512954;12.521600439723729;11.711236767793784;12.52552080909507;11.815783544128184;11.815783544128184;10.783816759320182;9.294620748891628;11.507299124122763;10.591522346570734;11.948367231584678;12.298921740969751;12.934796592178404;12.072467608241858;11.222794902868111;12.883979673808748;11.25974326369078;11.48733761520718;12.7657004876511;11.303780748177102;10.450180247164754;12.14433959124784;11.807757403589267;11.735979039613404;12.07045641594465;10.846273911349906;12.553389304721618;9.567956075415466;11.93147623388679;13.318542809702723;10.886458695703706;10.384783750093352;11.33147682185962;12.105253779700885;12.105253779700885;12.14433959124784;8.426264754702098;12.185185166820329;12.224906090719768;12.626165319904498;12.52845411076479;12.965243172556892;9.831307243802051;13.416401708396236;11.557463701597824;12.01297364837454;11.482807956726669;12.879008813992655;13.069785394983302;11.388017285345136;11.722380635163802;11.735979039613404;8.842350343413807;11.50382573799575;10.604553229079038;11.680359523513712;8.599912842187127;11.174301544467632;11.88378880325996;11.94251450533924;12.52552080909507;11.085472459181284;11.344295907915816;9.060695931687556;13.083977868501655;12.821674344894602;10.469641817239516;11.789941128390916;9.060695931687556;12.248817059278505;12.40886043602476;10.817783121774534;11.788718332690458;12.122504484313904;11.594324603924848;12.486332252768664;11.791569912126878;11.416269744523207;11.80292019858527;12.146250445885986;12.211584153079526;10.988684686772164;12.2600374211066;10.559377090526684;11.922212717785449;11.56081046872794;11.815383295813538;11.99964773652837;12.007027266893967;12.277287400130357;11.829326335841666;11.892542816648552;11.421012855779226;11.63390340934852;11.854868383260236;11.924441392339196;12.281930026955443;10.7047682393626;11.677719641641009;12.085804380278086;12.32558654521057;11.795633844506778;11.078817949961978;12.73788107685778;11.76445696361989;11.91139198784346;11.86611979330307;12.118616689351509;12.376125389276174;12.369597346278676;11.739358707433396;12.002815015607052;11.347621368568134;11.405141463136344;11.70433597118232;11.536247215688128;12.391780606013166;12.64092273517345;12.433846208442825;11.804534402995223;12.349281228817452;12.496853777388042;10.940313597145968;12.285691191330091;12.310044679647506;13.36221781591308;10.64565843240871;11.42259043389256;11.67991987851842;12.24198314969433;11.347621368568134;11.899356922923111;10.627533884472792;12.200285605224298;12.410451351503994;11.406736482691723;11.633449374713493;12.269126679149418;12.026177596889225;12.322491537597468;12.179909090014934;11.149111990706889;11.558898981146704;11.183015000882756;11.406736482691723;11.59618975614441;11.393926675640415;11.791162888555018;10.837627933171404;11.754052367528924;11.659103963473662;12.07815080773465;11.674192268145683;12.24347153839633;12.357826882210777;11.595723694101627;12.194449079479025;13.00474715754676;13.222643985451697;11.632086412835182;12.544481522310791;12.298062567719017;12.253256579781151;12.439830883981392;10.967226258835993;11.74819284958946;11.759888183221834;11.482807956726669;11.969386521342283;12.891973519025557;12.019590728357882;12.239896822445862;11.83880998570856;11.689124404913258;12.99276135094313;12.206403913973848;11.949461979360152;12.136670762341843;12.889503963411476;12.572700226487292;12.530650179750014;12.016808287686557;11.312315746690109
4.754887502163468;4.754887502163468;3.700439718141092;3.4594316186372973;4.169925001442312;6.303780748177103;5.087462841250339;5.459431618637297;4.392317422778761;4.169925001442312;2.584962500721156;5.523561956057013;4.700439718141092;6.539158811108031;4.321928094887363;5.832890014164741;6.894817763307944;3.4594316186372973;3.700439718141092;4.321928094887363;4.954196310386875;4.459431618637297;4.754887502163468;4.523561956057013;5.129283016944966;6.672425341971495;3.700439718141092;4.087462841250339;4.954196310386875;4.857980995127572;4.643856189774724;3.807354922057604;3.4594316186372973;3.906890595608519;5.392317422778761;4.954196310386875;4.169925001442312;4.321928094887363;4.700439718141092;2.807354922057604;4.584962500721156;6.491853096329675;4.0;5.285402218862249;6.6865005271832185;4.087462841250339;4.169925001442312;4.584962500721156;4.584962500721156;4.392317422778761;4.0;5.169925001442312;5.20945336562895;3.321928094887362;4.857980995127572;4.954196310386875;3.169925001442312;5.044394119358453;5.459431618637297;5.0;4.643856189774724;5.459431618637297;5.087462841250339;3.0;3.807354922057604;4.523561956057013;3.321928094887362;4.459431618637297;4.0;4.247927513443585;3.584962500721156;2.584962500721156;7.179909090014935;8.29920801838728;5.0;5.554588851677638;5.614709844115208;5.614709844115208;5.087462841250339;6.022367813028454;4.643856189774724;4.321928094887363;4.700439718141092;5.523561956057013;4.754887502163468;4.169925001442312;5.20945336562895;4.954196310386875;5.491853096329675;6.0;5.643856189774724;4.321928094887363;5.554588851677638;5.087462841250339;3.321928094887362;4.523561956057013;4.906890595608519;5.672425341971495;5.459431618637297;2.0;4.0;5.754887502163468;4.857980995127572;4.169925001442312;5.044394119358453;5.357552004618084;2.0;6.022367813028454;4.20945336562895;4.906890595608519;4.247927513443585;2.0;4.857980995127572;8.543031820255237;5.700439718141092;9.08214904135387;7.554588851677638;5.491853096329675;7.159871336778389;8.467605550082997;6.357552004618084;6.22881869049588;9.92035285541508;6.169925001442312;8.08214904135387;7.960001932068081;5.0;9.250298417906333;6.658211482751795;5.643856189774724;6.554588851677638;5.700439718141092;6.882643049361842;6.20945336562895;5.643856189774724;7.118941072723508;5.882643049361842;6.169925001442312;7.076815597050831;5.807354922057604;5.523561956057013;8.303780748177102;9.269126679149418;7.044394119358453;6.392317422778761;5.087462841250339;6.700439718141092;6.672425341971495;6.906890595608519;5.0;6.266786540694901;8.632995197142957;6.321928094887363;5.700439718141092;5.491853096329675;6.0;4.807354922057604;7.392317422778761;7.434628227636725;6.794415866350106;7.409390936137702;5.357552004618084;5.700439718141092;7.05528243550119;5.700439718141092;5.700439718141092;6.066089190457772;7.714245517666122;6.9886846867721655;5.491853096329675;5.807354922057604;5.614709844115208;7.066089190457772;6.266786540694901;7.330916878114617;6.491853096329675;9.50382573799575;6.22881869049588;5.459431618637297;6.169925001442312;6.108524456778169;6.977279923499917;7.118941072723508;8.194756854422248;4.643856189774724;6.977279923499917;7.507794640198696;6.22881869049588;5.321928094887363;5.129283016944966;5.087462841250339;8.184875342908283;6.044394119358453;5.727920454563199;5.459431618637297;5.392317422778761;8.539158811108031;6.614709844115208;5.832890014164741;8.353146825498083;7.832890014164741;7.839203788096944;5.78135971352466;5.807354922057604;7.098032082960526;6.189824558880018;8.758223214726724;5.832890014164741;6.3750394313469245;8.219168520462162;6.20945336562895;7.400879436282184;7.011227255423254;5.754887502163468;6.523561956057013;7.614709844115208;5.857980995127572;5.754887502163468;5.672425341971495;6.266786540694901;8.588714635582264;6.794415866350106;8.027905996569885;7.098032082960526;6.149747119504682;6.584962500721156
8.144658242831882;9.357552004618084;7.392317422778761;7.169925001442312;8.851749041416058;8.049848549450562;10.187352073200495;9.469641817239516;8.280770770130603;10.806549621985962;6.965784284662087;10.530406337099068;9.179909090014934;11.014020470314934;7.86418614465428;7.366322214245816;11.263856019596082;7.491853096329675;10.304921669581672;7.087462841250339;8.554588851677638;9.157346935362844;10.121533517340032;7.754887502163468;7.584962500721156;10.67595703294175;7.467605550082998;8.696967526234287;4.392317422778761;9.493855449240822;6.807354922057604;7.129283016944966;7.592457037268081;7.179909090014935;8.184875342908283;9.4655664048094;9.29920801838728;8.330916878114618;9.189824558880018;7.813781191217037;9.65284497300198;7.707359132080882;6.539158811108031;8.936637939002571;10.653740778706569;9.815383295813538;8.134426320220927;9.192292814470768;9.192292814470768;7.400879436282184;6.94251450533924;10.698704666770343;8.90388184573618;8.409390936137703;8.784634845557521;6.78135971352466;7.2384047393250786;9.854868383260236;10.4757334309664;8.08214904135387;8.800899899920305;10.113742166049189;9.80896417491926;9.25502856981873;6.857980995127572;6.894817763307944;8.67595703294175;5.459431618637297;6.539158811108031;8.857980995127573;7.189824558880018;6.965784284662087;11.399811959325683;8.86418614465428;6.882643049361842;9.266786540694902;8.974414589805527;8.974414589805527;7.643856189774724;5.0;7.948367231584678;9.147204924942228;7.562242424221073;7.276124405274237;6.977279923499917;8.851749041416058;10.579315937580017;8.810571634741146;9.038918989292302;10.03342300153745;10.839203788096944;5.584962500721156;9.144658242831882;5.247927513443585;8.67595703294175;6.475733430966398;7.857980995127572;7.787902559391432;9.744833837499543;7.219168520462161;4.643856189774724;8.67595703294175;7.312882955284356;8.134426320220927;9.584962500721156;9.131856960608792;5.832890014164741;11.584492796975876;9.430452551665532;7.546894459887636;8.707359132080883;5.832890014164741;9.550746785383245;10.535275376620802;8.867278739709661;10.509775004326936;11.496354488564617;10.333155350310616;11.637983303777853;10.481799431665753;10.285402218862249;10.154818109052105;11.10459875356437;11.10459875356437;10.60733031374961;11.802516365121225;9.584962500721156;11.28424574982967;10.251482410620213;11.145295334933598;10.7515440590891;10.632086412835182;11.98584193700334;9.923327485419192;11.672425341971495;10.147204924942228;10.394462694610317;9.679480099505446;10.25502856981873;10.583082767502932;10.44190670454224;11.01262453886506;11.580258567499788;11.339850002884624;10.131856960608792;9.831307243802051;11.671983272091865;10.543031820255235;10.51175265376738;9.052568050804153;9.30149619498255;11.29117069932186;10.800090987624994;9.108524456778168;9.618385502258606;10.8649599151426;10.24198314969433;11.41415667927414;10.901621158346112;11.345405246717796;12.076815597050832;9.874981347653774;11.532355925288847;11.786678033890652;9.88264304936184;10.220378327695228;10.760719947465624;10.640244936222343;11.885696373339394;9.681238411777803;11.253256579781151;11.01262453886506;11.736824699098864;10.371776644337924;11.07815080773465;9.3151495622563;10.870364719583405;10.774787059601174;8.483815777264256;10.051208940914766;11.458406613236534;11.09077405464075;11.690871009292314;11.733439082899434;8.787902559391432;9.60733031374961;10.938844457466171;9.61654884377899;10.839991070539886;9.355351096424812;10.61654884377899;9.537218400538595;10.817783121774534;10.709945380232496;8.744833837499545;8.271463027904375;11.211279947482009;11.670213636738564;10.310612781659527;11.363587246524578;11.975847968006784;12.381002109550924;11.037546953962178;11.031356596255709;11.731319031025064;10.878817284614229;11.740624044489412;10.409390936137704;11.441388029346689;11.184875342908285;10.403012023574997;11.60130652612184;11.490850876740298;9.837627933171404;11.98299357469431;11.038918989292302;9.405141463136344;9.659995892429976;8.016808287686555;11.111135670234708;10.569855608330949;10.839991070539886;12.375853976418467;12.484319423644267;10.37937836707126;10.584962500721156
15.861620061683368;12.352871054677996;14.108034327661551;11.952741247186488;12.105581181277437;14.210443051192236;12.11504365016171;13.51434421135734;11.490850876740298;13.321505368398752;13.81016993766466;13.987086329328193;15.893135596218269;15.337900602860929;12.006326078524934;14.210975677726395;13.837529385062425;13.377346115656344;12.237807473723135;9.357552004618084;13.821076377889264;13.947362982504432;14.919235786028349;13.49797654586254;10.474719946526482;12.43228089721416;11.474212937193943;11.897467341721892;14.801304186049023;12.41204051455165;14.710806433699352;14.9511480896493;14.160895614450729;9.103287808412022;10.129283016944967;15.209262963622512;11.788310503700918;14.651219906073411;13.351353372192143;10.038918989292302;15.808587167301967;14.728770849542665;13.70433597118232;12.584022940257542;13.99231879287319;13.280045761300384;14.601422605700364;14.0503588465876;14.0503588465876;13.239896822445862;7.562242424221073;10.834471049984222;11.437752072323605;15.664447284547972;13.497103357016876;13.857106251585565;14.563136675189323;13.018895621121649;14.806549621985962;13.380866867456533;13.406470768529283;14.027214885159834;13.109830654278792;10.783816759320182;13.239001757765582;11.823367240046236;12.2600374211066;14.186036839662824;13.70433597118232;14.157031074378354;10.436711542137214;13.81016993766466;15.265981240623258;15.139671252256822;10.808159772868375;13.443202577297011;13.815683492459163;13.815683492459163;14.54139916228172;14.05027380959834;13.933506249629444;13.27772328161035;15.783305219747794;14.646727449706102;15.754313399037514;12.105581181277437;13.074308741440255;11.65284497300198;14.11056487100238;13.426526848451733;14.17882043957938;14.10123706884726;12.41574176829009;10.11504365016171;12.2600374211066;7.74819284958946;12.801708358916462;12.940313597145968;10.665335917185176;10.58777751632821;13.639453768096738;13.196602126523173;15.385356883610154;14.601422605700364;13.442295588602516;13.535396892311832;7.888743248898259;13.709514660706716;14.370925747798433;11.38855550398256;12.30063855399372;7.888743248898259;12.603162679534382;13.852139328187244;12.59898297103609;10.813781191217036;13.940772396654014;13.39700606857239;13.943155804939336;11.417852514885896;13.131696223597777;13.24347153839633;11.3297963382207;13.266640155930848;12.029287226968243;13.801405239881648;12.31174831500496;11.84901407369482;12.687375683437468;13.187815987146577;14.135228307589896;13.815383295813538;13.450695771572915;13.27873982655011;13.682994583681683;12.439311461818846;14.13787170725502;13.870461050170752;13.181152256865566;14.70859895452498;12.274960472140602;11.592924155627635;11.952377251967985;13.465056167831175;13.15608307628868;11.92035285541508;13.259007607644609;13.26532202423487;12.873636356508053;13.813079710615142;13.31174831500496;11.679040186393062;14.097126823785349;13.170863950411928;13.61321392888395;13.100333819126542;13.352595231134304;13.025139562278508;11.37232095486726;13.783612165256038;13.707251271063232;13.721740054213049;13.33734314727405;13.038918989292302;13.362628781601911;13.034455095327186;14.288073008232963;13.36153261284112;13.909518114296617;12.511505595792482;12.112765281885316;12.404077136241234;12.469133019829592;12.945992424396774;12.986730898175647;10.47269083924278;11.609640474436812;13.584727667963922;13.368779260041338;12.6884688827327;14.052992510203165;11.94288099715904;13.69631555889282;12.607792641919213;12.992407315348498;13.702930204438289;11.266786540694902;13.30035256032822;13.507670777134368;13.857786653503934;13.359200485133632;10.619302955415687;12.780334708123895;12.929073435876813;13.363039630256514;13.165535141377925;12.883025068440173;14.027042055565031;13.219924768862814;11.683433292835405;13.505811553919594;14.026177596889225;12.171802288682985;13.16788851318065;13.963347680316964;14.596946785992111;13.307627747257134;11.443461612227392;12.33427328530719;12.098690096673591;13.42350989177284;13.704876286173423;14.664113906143047;14.545869454486873;13.66478058593351;11.490850876740298;14.036688768795663;14.155608843542105;10.86573327085176;13.14386148186786;12.69479315499995;13.665446957788724;11.77066389291676;14.930090492697849;14.153472864970588;12.92851837525789
12.710160691782914;10.824163209744158;13.77066389291676;9.084808387804362;9.501837184902296;12.408064319914672;11.295194955880657;12.36112133473479;12.736190500960928;13.034455095327186;11.691307330191115;12.389362455643884;11.606405212697783;12.411775775576528;11.793196859060943;12.7795141791435;13.09819661452721;10.632995197142955;13.05273784954982;9.172427508645482;12.407533331671324;12.68079903457298;12.061708704660624;12.410186320725094;10.053925881531104;12.174613647235942;12.50332885662666;10.68650052718322;11.743572188935634;11.484319423644267;13.082481727863104;11.89519657256334;11.517669388133813;13.880253135551404;13.71789058398728;12.236911111444602;12.034798962577268;12.750078862693847;11.74188827273525;10.111135670234708;11.546894459887636;10.469641817239516;11.207624468226758;13.000176099486442;12.745044005034464;11.753216749178955;12.632768054728746;12.181773438808808;12.181773438808808;11.392854039872873;12.762797262498232;10.778898476008376;12.300066509957324;11.90839262077375;11.62113611327464;12.376396751082842;13.21416731409353;13.464418117738564;12.466586337719244;10.641148597411233;11.519144787997414;12.86785786397283;11.914385132155443;13.147840893672337;11.74104557700984;10.651948610723446;10.62296694479051;13.020979938904212;11.207624468226758;12.72940831698402;11.280190792216906;11.691307330191115;12.974235317355356;11.080817527608328;12.93755773185546;13.047975914170848;11.071462362556623;11.071462362556623;12.129283016944967;14.391847719033478;11.743572188935634;12.766114757586722;12.411246151840444;12.090112419664289;12.21006248324023;9.501837184902296;13.171020382511934;11.163020639580791;12.2476308762387;12.347898144596012;12.169611882604212;11.974414589805528;12.54978466794786;11.038918989292302;10.62296694479051;13.55206865007526;10.309476353841106;11.421012855779226;12.375582512490508;10.004220466318197;11.822172461476178;11.7431513941125;11.96650545190574;12.632768054728746;11.935901682267588;11.880731435141664;9.64745842645492;12.828533210455618;11.83110927535702;12.317695245765163;10.16867211813223;9.64745842645492;12.371504412043336;12.19506456372082;12.364955378481907;10.706496018061188;12.25974326369078;11.534789211480266;12.462246634244352;10.699572453287267;11.85369942030022;12.401412878714178;10.959277505720502;12.469641817239516;10.603626344986193;12.165221068220944;12.316564385396942;10.776433032444732;11.588714635582264;11.741466986401146;12.1270270430046;12.70606426733497;12.318260343712415;12.513727595952435;12.371232128369622;11.581200581924955;12.637983303777853;12.096385734452651;12.583787954502338;12.585197295260024;12.009128789539256;10.792790294301064;10.934428040626804;12.238106137432077;11.786678033890652;12.340128273700588;13.395266349839096;11.798471801101618;12.034111146096592;12.51865315567339;12.7255792804196;10.961449694398196;12.701089824817158;12.588714635582264;12.697619199078714;11.532355925288847;12.209148710355748;11.658211482751796;10.98299357469431;12.357826882210777;12.718746909901064;12.667333341605158;11.702605602110248;12.182083929510725;12.34568244818678;11.74104557700984;12.643630751061728;12.02997734658958;12.490349505739289;12.373952655370193;11.48733761520718;11.766528908598865;11.365228849251544;11.96902670215077;12.208234358339787;10.569855608330949;11.092757140919852;13.504943095770118;12.171176797651771;12.347898144596012;12.507051302247916;11.217351905270334;12.637530551525307;11.179287104646004;12.659103963473662;11.552669097514272;10.526499239136566;12.257682480708766;12.653516879421431;12.889123656294238;12.246146774635864;10.217957697864112;11.434106928609957;11.916625922211235;12.759680167210965;12.30149619498255;11.605016447911364;12.679700005769249;12.203959703239462;10.897089128312755;12.3151495622563;12.754678763822527;11.977637690405876;12.080817527608328;12.023407843140218;12.714245517666123;12.172114932533136;11.849405100947758;11.25797705856398;10.94617524072356;11.88264304936184;11.818582177480858;12.461990950585571;12.0911047583765;12.482303782323182;10.971543553950772;12.47192918764169;13.066593776312253;9.493855449240822;11.709945380232496;11.287712379549449;12.729620743553038;12.261213451366048;12.934059394900794;12.573410505507574;11.653292945382814
15.598168841844732;13.484822894262146;15.243657479063549;12.059682447247638;14.234892257757776;17.30564319304417;13.789126046425231;14.051123954019456;19.055854349354824;14.635548088111689;16.559362152006656;13.596772122051034;14.510022358813766;12.446307931050343;13.259596162488425;12.157031074378354;15.782230395898216;14.730257835654754;14.650827374138768;13.049508251055096;17.695873955332733;14.085887348621604;15.360881368350263;18.57047093601449;14.90284613706388;14.638096469643768;11.668441828052998;14.999867911277503;13.819979460922664;14.59938986341318;14.400012171428362;12.84725313832084;14.074810461160451;12.416533660199583;13.269857194654868;14.997047133712616;19.133789425217028;14.638662165859657;14.41844560638074;14.373137035802127;14.35404271678444;12.457380879072534;11.192292814470768;14.741940924878136;14.35238832886454;14.590470095187486;15.455808808933025;14.993424933605532;14.993424933605532;14.042514386140232;13.881878707600446;19.245963474942187;12.251186503524336;15.84788927961942;16.083416997570637;13.715425811915866;14.921562038654145;13.845980013605184;15.79829459227354;14.616721129873682;15.34301217067606;13.464162818668548;14.45404219747008;14.201664488711414;12.212800334429431;14.274742130098431;13.257387842692651;14.54139916228172;11.192292814470768;13.342908033791574;13.541459664055266;16.559362152006656;13.83061423536284;13.327973602613884;13.083313108650756;13.543394382361663;15.211926307721448;15.211926307721448;13.5285762023352;10.045759661382682;14.377210530388552;15.453367102012187;15.810421011444184;17.563717641216893;14.851505058556926;14.234892257757776;15.214888253728928;15.231858670245115;14.662557120839184;14.463141170371706;13.691634484289246;14.645883554519004;19.199243386758848;13.805038471705462;13.257387842692651;12.89178370321831;16.650560952345288;13.860796010734626;16.947922252902007;13.34623669139025;13.991521846075695;13.25915476886684;14.335669486946104;15.455808808933025;14.56955897112606;13.828334860961816;12.048486873992337;17.090815396753598;14.484413837769551;13.165849146176395;14.943934142835907;12.048486873992337;13.164592716712368;13.2205294822913;15.06373212019692;10.219168520462162;13.983349927676455;13.681018739902102;14.134506539022745;10.727069558023706;13.888838360151276;14.154264336924216;10.562242424221072;13.362491806046062;11.971543553950772;13.04114576747633;13.848231701093818;11.025831668332026;13.59549060660764;13.474719946526482;14.222266622827355;13.88502901067848;13.621021609124346;13.777666280880757;14.507051302247916;13.000528233986822;13.906045018731197;14.10549933784863;13.363587246524578;14.63225685350416;13.5285762023352;11.950555897047511;10.493855449240822;13.796952161509315;14.393725617171569;13.135388651579046;13.264442600226602;13.62193738796388;14.269711121142782;14.461607340113764;14.48255589154897;10.893301530860564;14.559556340702834;14.170394552314118;13.980764372110905;13.112602403528848;13.935072944069084;13.549904967722028;10.701306461958623;14.389832969091168;13.505935576704188;14.858078156123057;13.60478485708642;14.817383427897232;14.564804462053765;13.712204550438654;14.730523207685463;13.46326891598129;13.03083953214138;14.375514638526536;13.410053787075569;13.042685372219353;12.07045641594465;13.836543533554272;13.525398458669615;10.42940674151398;11.06339508128851;14.729833138848363;14.55728419121321;13.269418929741096;14.687156944138907;12.146250445885986;13.965874450284495;12.106890045092218;16.798193320312325;13.237807473723135;11.298062567719017;13.496479326970862;13.946449421784386;14.52497015044982;14.31875462290802;9.64745842645492;13.389093521904474;13.95764621521841;13.721846837458784;13.50084187955693;12.749450465569916;14.011751395316717;14.263709337165892;10.577428828035748;12.906326932760605;15.841195764792852;12.865926545021903;12.026869205263395;14.123636453803824;14.343255127511735;13.638096469643768;12.80755617685892;12.614939847310737;11.884552133987237;13.62044895201331;13.722273891422056;14.240940363208098;15.330671834370351;13.903222844433571;10.99081307915361;13.955740708739398;14.316069355109189;11.770250927394864;13.082648042352986;13.069114061773938;12.934612328171395;11.909518114296617;14.689670445963223;14.56057167123656;12.803525736911428
13.83880998570856;12.279900715802762;13.52955256311412;12.485829308701904;14.46722342982096;14.837627933171404;12.761966695382092;14.106317563279417;14.469451039238107;13.65642486327778;13.248075809176962;12.754261196514;12.58941707576861;13.360024019571876;13.794212769983066;13.07363951028323;12.914945656040324;13.359063183678291;13.176017274757935;14.080900783230064;14.505377390193;12.320800548881635;13.445014845868425;14.807203962530334;12.264149339723328;12.59898297103609;12.549303368513575;12.876900591040306;13.159713691032628;12.675736555361906;14.569499636365276;13.523439439387507;12.515453455388576;12.485577770903188;13.124606006959192;12.738725622493424;14.33615783847214;13.579315937580017;13.003693582737847;12.918676926815126;11.700439718141093;11.226412192788786;10.640244936222343;14.015327930490416;13.28626896267978;13.55494852136186;14.694575537525989;14.052822741429036;14.052822741429036;12.672425341971495;12.709299252712157;13.7868821936647;12.619302955415687;13.251926157496388;13.878338349895197;14.203806802487808;13.464928580385513;13.627761852402616;13.190596342475638;13.643968895922267;13.06373212019692;12.465311308877183;13.054095520550748;13.235415935602528;12.817783121774534;12.310896748797711;12.560093957642495;13.384513961398618;10.640244936222343;12.568193653850074;12.50457073932441;13.248075809176962;13.248075809176962;12.925925264972856;11.78749449969676;13.603973996309024;13.407798850221974;13.407798850221974;13.533329732305834;13.098032082960527;12.67087750439698;13.424035033298663;14.484885815737217;12.610102062999664;14.423312914408893;14.46722342982096;13.99514882144625;13.715211284771843;13.116018993325094;13.119589620741122;13.17617314910749;13.638662165859657;13.338179249900112;13.617582251867107;12.560093957642495;13.22022715726067;13.515207030408751;14.029546060513937;13.35947504884954;13.436841649459382;13.453270634010623;13.381407759783006;12.613329054371054;14.694575537525989;12.911953675621971;13.838613044196972;12.642051692927977;13.731212946607142;13.089450481115907;12.494855584491198;12.99735592502038;12.642051692927977;13.464290473850768;12.335948565202298;13.205029555005872;13.081982669325678;12.898601387403938;12.64880694972577;12.895007180368662;12.845686055977064;12.640696837570092;12.913450441458098;13.02911464546904;12.30720080914081;12.278449458220482;12.790959333698824;12.324180546618742;11.822172461476178;12.67485430794662;12.5090326863065;13.156241119235752;12.71853287606922;12.99859042974533;12.579787329526992;13.340406490853294;12.693051295397;12.51422090935813;12.551227603598289;12.44785810495403;13.39794197197264;12.773551346428505;12.916999049082808;12.592223421359405;12.893301530860564;12.541338657970826;12.292609222764296;12.39473062943157;12.674412981837063;12.940680648424092;12.792993591002716;13.016285982108814;12.257387842692651;13.109667444250803;12.799281621521924;12.556026992724677;11.627077840517394;13.191830338095308;12.964340867792416;12.485326189240524;12.950009041886164;12.66222330531784;13.389093521904474;12.33147682185962;13.29332794695636;12.771283119641003;13.036860446673046;13.057822541282478;12.560332834212442;11.941414470942911;13.153235338689411;12.155134454857755;11.915879378835774;12.729833138848363;13.061708704660624;13.124444460008585;12.657318449581288;13.171020382511934;13.581671358578143;12.55098721452152;12.589182967039353;12.987264012072538;12.556745526004686;13.089781488353998;12.46454575033394;13.196448443962078;12.629811944382231;12.730682407476795;12.683213954934429;12.69261550169458;13.019764452849738;12.985308297255852;12.377210530388552;12.1901333218648;12.235415935602528;12.475226777742266;12.53818893205242;13.002111776479852;12.884170519108435;12.626849764469036;12.246443717117286;12.357826882210777;12.961630562578824;12.220680621052203;11.6965329140783;13.237807473723135;12.731106854388033;13.216442739160492;12.794821973331224;12.386940245324311;12.731531176461942;12.530893981193922;12.81277897162766;13.117805411682438;13.04916787237217;13.115206253153248;12.819979460922664;12.81257844413538;12.83466855769086;11.90048948483465;12.585901449690772;12.79543091954113;11.533816389433364;13.47649307734159;13.118616689351509;12.792790294301064;12.414685235807214
9.964340867792416;6.20945336562895;7.693486957499325;5.857980995127572;9.14974711950468;9.41574176829009;9.328674927327947;7.05528243550119;8.011227255423254;11.018895621121649;9.78135971352466;8.632995197142957;9.03342300153745;6.475733430966398;10.59618975614441;8.39231742277876;10.294620748891628;9.30149619498255;10.643856189774723;7.994353436858858;10.622051819456376;9.46352437327118;9.517669388133813;8.876516946565;8.257387842692651;9.453270634010623;10.247927513443583;7.906890595608519;10.521600439723729;7.924812503605781;11.186733289128869;9.098032082960527;9.426264754702098;5.754887502163468;10.281930026955443;9.62935662007961;7.383704292474052;8.625708843064466;9.590587049915037;9.72451385311995;5.954196310386875;7.108524456778169;6.189824558880018;9.116343961237469;9.614709844115207;9.61286849729104;9.184875342908285;11.543515216152167;11.543515216152167;9.581200581924955;7.977279923499917;8.945443836377912;9.702172685365548;10.90312867681232;10.00982861736811;8.499845887083206;8.396604781181859;9.821773981970567;8.622051819456376;9.709083812550343;8.184875342908283;7.257387842692652;8.471675214392045;8.0;8.066089190457772;9.884170519108435;8.897845456005511;10.643856189774723;6.189824558880018;10.153552031708111;8.280770770130603;9.78135971352466;8.686500527183219;7.22881869049588;9.541096615349524;8.823367240046235;10.430452551665532;10.430452551665532;7.515699838284043;7.774787059601174;9.090112419664289;9.14974711950468;10.236014191900084;9.134426320220928;11.3297963382207;9.14974711950468;8.154818109052105;7.383704292474052;7.930737337562887;8.584962500721156;8.43879185257826;10.51175265376738;5.459431618637297;5.727920454563199;8.897845456005511;7.523561956057013;9.184875342908285;10.258566033889933;8.228818690495881;9.162391328756906;8.535275376620802;8.357552004618084;8.375039431346925;9.184875342908285;8.038918989292302;8.686500527183219;6.066089190457772;8.252665432450248;8.240791332161956;9.26209484537018;9.74819284958946;6.066089190457772;10.862637357558794;7.857980995127572;7.622051819456376;7.357552004618084;9.219168520462162;9.016808287686557;9.060695931687556;8.294620748891628;8.778077129535358;8.124121311829187;8.266786540694902;9.08746284125034;8.79766152585376;8.63662462054365;8.134426320220927;7.499845887083206;8.507794640198696;8.49585502688717;8.83605035505807;7.888743248898259;10.567956075415466;8.94251450533924;8.63662462054365;9.187352073200495;7.392317422778761;8.022367813028454;8.76487159073609;8.219168520462162;9.541096615349524;8.483815777264256;7.754887502163468;9.35974956032233;7.988684686772165;6.0;8.550746785383243;9.147204924942228;9.038918989292302;8.339850002884624;8.011227255423254;6.426264754702098;8.741466986401146;8.665335917185176;7.592457037268081;8.252665432450248;9.491853096329674;9.12670447284319;8.113742166049189;9.326429487122304;8.721099188707186;9.577428828035748;9.095397022792556;9.216745858195306;9.355351096424812;8.588714635582264;8.092757140919852;7.870364719583405;9.29232163280204;9.236014191900084;8.62935662007961;7.714245517666122;9.876516946565;8.754887502163468;9.060695931687556;7.475733430966398;8.044394119358454;8.499845887083206;7.584962500721156;9.13699111208023;8.603626344986193;9.08746284125034;8.873444112515376;8.60733031374961;7.954196310386875;8.918863237274595;8.204571144249204;8.857980995127573;8.357552004618084;7.066089190457772;10.835260918627489;7.044394119358453;7.912889336229962;8.330916878114618;6.918863237274595;7.285402218862249;9.111135670234708;8.20945336562895;8.703903573444663;8.734709620225837;8.78135971352466;9.705632387361415;8.906890595608518;7.658211482751795;9.483815777264256;8.339850002884624;9.537218400538595;8.543031820255237;7.2384047393250786;9.025139562278508;7.988684686772165;8.867278739709661;9.179909090014934;8.873444112515376;9.918863237274596;9.084808387804362;7.294620748891627;8.194756854422248;9.839203788096944;8.832890014164741;7.392317422778761;6.977279923499917;9.92184093707449;9.776433032444732;8.144658242831882;8.823367240046235
12.676397887044764;13.04746477331842;13.519513402326607;11.151016538892248;13.79228192717896;12.295481973695368;12.268249571994492;11.196602126523173;12.217957697864112;12.842743180731658;12.348451537407128;14.717783507500728;11.706927639617405;14.10476253798197;12.006326078524934;11.241387363998935;14.37232095486726;12.631631805917635;11.874981347653774;12.638435913990472;12.67926015971679;12.845490050944376;12.930182916865272;11.780129619625306;11.76983784362944;12.43254190038826;11.458919206967591;11.99435343685886;11.556506054671928;11.672867276433792;11.65687172561398;10.91139198784346;11.194756854422248;13.596306248133724;14.57778284915099;13.639114563179414;12.227615943414223;13.74030781425232;13.496104779340126;11.693922488081014;12.098690096673591;11.524051918717824;11.194141238863136;11.3292357417338;14.471802206605576;12.088125692188209;12.360847084179664;12.99045856507371;12.99045856507371;12.268542000300124;13.780642286217136;14.57760584945247;10.981567281903017;12.296055838078784;13.3701424794954;15.052185930542116;12.203959703239462;13.99045856507371;14.37232095486726;11.519636252843211;10.843921051289035;15.384884907848305;13.622280655215585;12.163020639580791;10.715104009236168;12.365775635326267;11.654636028527968;12.865926545021903;11.194141238863136;12.890074236180304;11.696098170955864;12.348451537407128;14.841072882884776;13.480916393533324;9.118941072723509;12.41969688830598;12.083479327331842;12.083479327331842;12.61171646094388;12.000704269011246;12.82714419098428;13.177886656348791;11.659995892429976;13.590353130978018;12.287135186086704;13.79228192717896;14.850528714296818;13.655195277688318;12.986908624697694;14.496728971380708;14.19882868592767;11.214319120800766;13.198905402581904;13.911298351949162;11.654636028527968;13.0534168447575;12.346513733165636;13.651163836621162;14.186423797538945;8.430452551665532;12.896899984419877;13.609063280974066;12.926110641785304;12.360847084179664;12.91755855851037;13.59175607602299;10.117643101389092;14.59210659921748;14.877356036388514;12.535761377986656;11.660887270302569;10.117643101389092;13.27423253678993;15.184642931302324;13.65217275350971;13.83969588996783;14.795786019502;13.820378436323685;14.47452983890656;12.68934284613419;14.146727764348864;14.797154872629628;13.331756712255473;15.648301401202366;13.407666097055015;14.861668520613588;13.255471227467067;13.463779785335385;14.149588363516528;14.211356004895151;14.207166881383287;15.038661832040043;14.043112748778713;15.014064071416254;14.341935726886604;13.91429169033146;14.598517810612622;15.29978040285854;14.349350348234925;15.32097678604496;12.93110683302934;13.672093802261683;14.154343460243451;15.17823689589109;15.125897731760327;13.461607340113764;15.26974764090739;14.04874228605654;14.49097619227053;14.471675214392045;14.645208082774683;14.852724560447674;15.238442060216546;14.453206318425792;15.035615318961998;14.710106866907765;14.400746044849342;13.88978912797328;12.957102041562289;14.935533412950749;15.276487941887195;14.934520187341676;13.576720525080246;14.733968609439014;15.515607449629092;13.728770849542665;14.905010862390297;14.676452984336713;15.490286822111248;13.30249613217652;12.94251450533924;14.034713003448283;14.0591754379151;13.513727595952435;14.551347783117778;12.276415241892678;13.839991070539886;14.658155684370753;13.957736890875452;14.321223481910772;15.381407759783006;13.333295139569085;14.855549841168669;14.615916952015128;13.521109643651332;14.090856737681774;13.75258971764099;14.510207846851506;14.874933333840945;14.185727198616211;13.991964648645355;13.807858006430276;14.005975356500382;14.295697199590128;15.44530589110041;14.715425811915866;14.430256519999917;15.147522944350744;14.557104658489855;14.454235023877562;14.763782940300535;15.016547158534271;13.368642867222434;14.299637328029158;14.67380593791686;14.883311516379342;14.84788927961942;13.162706018482416;14.445726186139218;14.852968337174042;13.92016673723887;13.842743180731658;14.995943767764953;15.184952805124247;14.889599024528428;13.455070307287963;14.435019078329743;15.832098846039134;12.679480099505446;14.130490124844886;13.914198242454956;15.330041530701688;13.272046524389935;15.064321748889189;15.141987359717607;14.610332801911134
9.330916878114618;11.279030136449649;8.144658242831882;8.63662462054365;14.778898476008376;8.820178962415188;11.257387842692651;8.071462362556623;11.160501747555688;10.037546953962178;8.794415866350105;10.729620743553038;10.225207436943505;12.235715094761895;8.823367240046235;10.80332391904149;12.350386742312844;9.677719641641009;9.661778097771988;8.59245703726808;10.127994320976391;10.459431618637296;11.627533884472792;10.461479447286155;10.884170519108435;12.061708704660624;10.036173612553483;8.930737337562887;8.787902559391432;9.409390936137704;7.741466986401146;7.129283016944966;9.164906926675688;11.370687406807216;13.11699367754698;11.3297963382207;9.18239435340453;9.85642552862553;11.73893668167614;7.247927513443585;11.295194955880657;9.177419537989236;7.507794640198696;9.577428828035748;12.68013971776317;10.053925881531104;9.39231742277876;10.638435913990472;10.638435913990472;9.823367240046236;8.873444112515376;11.26502894245816;10.985130373466898;8.791162888555018;10.553629293916364;9.850186837645774;7.383704292474052;12.78953364497036;12.349004718027745;10.144658242831882;9.776433032444732;14.133302788397303;12.180530807344482;8.577428828035748;7.0;12.828334860961816;9.084808387804362;8.918863237274595;7.507794640198696;9.679480099505446;8.46352437327118;8.794415866350105;13.00562454919388;10.660887270302569;10.047123912114026;11.227014193649133;12.41679752760606;12.41679752760606;7.845490050944375;11.494855584491198;8.527477006060396;12.121857245612654;9.768184324776929;9.964340867792416;8.442943495848729;14.778898476008376;10.792790294301064;13.554588851677638;11.136350341454156;12.795024983961389;12.513480875979049;8.7714894695006;12.405141463136344;7.539158811108031;9.084808387804362;11.80292019858527;10.08214904135387;12.205487820150566;10.287712379549449;7.977279923499917;7.366322214245816;9.471675214392045;8.233619676759702;9.39231742277876;11.629811944382231;11.144020869266893;9.776433032444732;13.31174831500496;10.791162888555018;11.894817763307945;8.98299357469431;9.776433032444732;11.404609397837712;14.300066509957324;12.254142846855748;13.65318096532758;14.338736382573916;13.274378153246364;14.234293535939402;13.855549841168669;13.34207466799914;12.95164898590462;14.170707501348076;14.021153496202572;13.063900610128892;14.518345800372607;12.14051027236822;13.90566904764538;12.80715363917749;13.594907723063336;13.39379263977458;13.80564312177336;13.623195635452936;13.573883830656468;12.945260927339202;13.431236412071062;14.157978449945432;13.576720525080246;12.817583288677616;13.932030157887027;12.40886043602476;13.892068417564705;14.115368837820224;13.685953284813918;13.537218400538595;12.934428040626804;13.746094383705463;13.375853976418467;13.702822011777029;13.023061249735337;13.162548682199924;14.34443462192399;13.906796667092523;13.41679752760606;13.557942286787448;13.35356038291553;12.7858611057596;13.380190466749834;13.213408040858337;13.990724458800322;13.84185914629596;13.374767814092824;13.320800548881635;13.921562038654145;13.817583288677616;12.942697762886755;13.942972605568816;13.861086905995396;14.081649867700005;11.7858611057596;12.155134454857755;12.543273538449805;14.19198451336031;13.13651056079364;13.62650758277611;12.19383333254655;14.175705475525929;13.898034475991487;12.700222950799256;13.556745526004686;14.047209134965508;13.861571601125398;13.882929573153632;14.16427843830117;12.139871063212489;13.479527669256347;14.031098087363116;13.361258440464605;13.782895857457785;13.40899307934218;13.414288836562823;13.211279947482009;12.420486612825774;12.855647166027266;13.804836865355092;13.165064005998712;14.380866867456533;14.264662506490406;13.144020869266893;14.343393941621423;14.436581423080453;14.597528846453848;12.99205319285264;13.476746203939468;13.83535962180824;13.842841373349758;14.54984481908885;12.255323690008137;13.147045888945716;14.220453906972867;13.113904915786051;13.545929769085468;14.146250445885986;13.57092299753398;13.991521846075695;13.826846369884125;13.481925535860656;14.210975677726395;11.867664848380745;13.16867211813223;13.69032542253662;14.145454564009516;13.563196272216738;13.89026427702111;13.582259613444965;13.746619286400316
6.066089190457772;6.539158811108031;6.491853096329675;4.392317422778761;7.599912842187128;5.392317422778761;7.924812503605781;5.044394119358453;8.861086905995395;7.658211482751795;5.754887502163468;6.954196310386875;6.247927513443585;6.882643049361842;6.491853096329675;7.894817763307944;7.022367813028454;6.727920454563199;6.491853096329675;5.643856189774724;7.721099188707186;6.614709844115208;6.266786540694901;6.807354922057604;6.930737337562887;7.741466986401146;6.857980995127572;5.906890595608519;5.129283016944966;6.523561956057013;7.366322214245816;9.192292814470768;7.169925001442312;10.824163209744158;6.321928094887363;9.118941072723509;7.330916878114617;7.044394119358453;7.845490050944375;5.554588851677638;7.98299357469431;7.98299357469431;6.22881869049588;8.330916878114618;8.31741261376487;6.392317422778761;6.714245517666122;7.348728154231077;7.348728154231077;7.266786540694901;5.727920454563199;7.894817763307944;6.066089190457772;5.882643049361842;7.826548487290915;4.906890595608519;7.022367813028454;7.451211111832329;7.636624620543649;6.894817763307944;6.672425341971495;8.774787059601174;7.266786540694901;5.807354922057604;9.668884984266247;6.0;4.459431618637297;5.247927513443585;6.22881869049588;7.076815597050831;6.189824558880018;5.754887502163468;9.26209484537018;7.483815777264256;5.392317422778761;6.845490050944375;7.22881869049588;7.22881869049588;6.3750394313469245;8.523561956057012;5.700439718141092;6.357552004618084;7.592457037268081;7.392317422778761;5.754887502163468;7.599912842187128;8.46352437327118;7.658211482751795;6.554588851677638;7.515699838284043;7.577428828035749;7.022367813028454;4.700439718141092;5.643856189774724;4.459431618637297;5.321928094887363;6.754887502163468;7.515699838284043;6.475733430966398;5.285402218862249;8.044394119358454;5.643856189774724;7.409390936137702;6.714245517666122;6.357552004618084;8.118941072723507;8.204571144249204;7.930737337562887;7.224001674198105;6.357552004618084;6.3750394313469245;8.204571144249204;7.022367813028454;8.643856189774725;6.475733430966398;9.124121311829189;8.60733031374961;8.546894459887637;9.041659151637214;7.467605550082998;7.451211111832329;7.714245517666122;9.43879185257826;11.289442575688332;9.946906274456396;10.38586240064146;7.721099188707186;8.558420713268664;6.643856189774724;8.60733031374961;8.179909090014934;9.50382573799575;9.25502856981873;7.622051819456376;8.622051819456376;7.303780748177103;8.335390354693924;8.174925682500678;8.179909090014934;8.744833837499545;8.985841937003341;10.111135670234708;8.396604781181859;8.804131021183318;7.417852514885898;8.060695931687555;9.377210530388552;7.794415866350106;7.294620748891627;7.467605550082998;8.59618975614441;7.417852514885898;9.221587121264806;6.954196310386875;8.379378367071261;8.344295907915816;8.330916878114618;7.988684686772165;9.65284497300198;8.74819284958946;9.67065624911844;7.622051819456376;7.94251450533924;10.00562454919388;7.774787059601174;7.392317422778761;8.90388184573618;7.918863237274595;10.328674927327947;7.679480099505446;7.531381460516312;8.90388184573618;10.721953612801386;8.78135971352466;8.076815597050832;9.355351096424812;9.18239435340453;8.643856189774725;7.924812503605781;7.954196310386875;7.930737337562887;7.870364719583405;9.303780748177102;10.66266837551754;7.483815777264256;8.375039431346925;9.219168520462162;9.016808287686557;8.573647187493322;8.787902559391432;9.172427508645482;7.475733430966398;8.523561956057012;8.243173983472952;7.754887502163468;6.672425341971495;9.787902559391432;9.346513733165636;7.483815777264256;9.541096615349524;9.702172685365548;9.749869427396844;9.59618975614441;6.930737337562887;8.72451385311995;8.098032082960527;9.084808387804362;9.055282435501187;8.0;10.183635381473218;7.539158811108031;9.057991722759176;9.055282435501187;7.599912842187128;10.186114239541643;7.665335917185176;9.038918989292302;8.900866807980748;6.78135971352466;8.577428828035748;7.108524456778169;7.515699838284043;9.961449694398196;8.83605035505807;8.066089190457772;7.3750394313469245
11.231821178657404;10.565102078360312;11.270879295328784;11.904258282800518;12.546894459887636;11.521109643651332;12.202736043250168;10.787902559391432;10.929998062609029;11.64430696154558;10.564149489985732;10.7515440590891;10.63390340934852;11.4993476328766;12.11504365016171;10.101975670949232;12.249706056969703;10.59898297103609;11.766942940755785;10.144658242831882;11.12605911607068;10.78135971352466;11.843921051289035;11.553149275598548;12.385323176175872;12.249409785269128;11.729195859132094;11.03823313473178;10.277287400130357;10.690871009292314;10.25502856981873;10.344295907915816;11.035486451292154;11.936637939002573;12.704552121462278;11.47269083924278;10.769011321097016;10.579315937580017;12.01854794187165;11.335948565202298;10.73047013718422;10.428360172704291;8.971543553950772;11.165535141377925;12.207624468226758;11.87305954766147;11.389631339260522;11.581200581924955;11.581200581924955;10.581200581924955;11.95746484680521;12.1901333218648;10.708221730038352;9.946906274456396;11.795633844506778;9.78135971352466;11.563196272216738;12.389093521904474;12.036173612553483;11.328674927327947;10.972261848733291;11.515699838284045;12.314016703901355;10.603626344986193;9.3151495622563;13.263562639820616;10.643856189774723;10.754887502163468;8.971543553950772;10.77561028075954;9.060695931687556;10.564149489985732;12.162706018482416;11.138911718142744;12.11309098344238;11.824163209744158;13.51803837957814;13.51803837957814;10.350939181546432;14.474086157015394;10.930737337562888;12.413892328372643;12.317129926384542;10.348728154231075;10.888743248898258;12.546894459887636;12.371504412043336;11.89633240390994;11.724087461793989;12.284824100224624;11.95637615724967;11.963257356633047;10.428360172704291;9.691743519171276;10.643856189774723;11.98370619265935;10.964340867792416;13.840089450644316;11.28886607416582;10.111135670234708;11.44449728710381;11.741466986401146;11.06339508128851;11.389631339260522;11.39231742277876;12.222794902868111;11.535761377986656;12.170238052336648;10.625252221746871;11.832494484336111;10.554588851677638;11.535761377986656;11.765286098723683;12.474466464132632;11.323617763291578;12.526010107061737;12.492604304386685;11.761966695382092;12.212496385193948;13.22022715726067;12.108851117040151;11.96650545190574;12.650827374138768;11.593391122791736;12.02894204332241;12.400612641082;11.08214904135387;11.872674880270605;12.203348002979762;12.136029849385553;12.100333819126542;11.95310515059134;12.828533210455618;11.691307330191115;11.749031382040204;12.232420927176076;11.769424641552751;11.346513733165636;12.385592813601365;11.922584402713664;12.466841208321602;13.09341756438796;12.553629293916364;12.246443717117286;11.95164898590462;11.2836671674915;12.079484783826816;12.232720707964871;12.37937836707126;11.609640474436812;12.19075064966236;12.352595231134304;12.878050912728536;12.38505348834615;11.737669863177452;10.768184324776929;11.352043425795433;12.579315937580017;12.117318426010003;12.846861527286707;12.33371442609397;11.7632123668144;12.295481973695368;12.941414470942911;11.667555107041132;12.154501693864765;12.805340828416384;12.258271576282851;11.660887270302569;11.24198314969433;11.606867837374152;11.639792893279312;12.747353829478062;12.54882190845875;13.02392757717438;12.200592137689254;13.083479327331842;12.556745526004686;11.95310515059134;12.087131301540529;12.217048913556338;12.341518823245243;12.917185576336395;12.329516067206534;11.731743290707842;11.531381460516313;12.45994384837493;11.77313920671969;11.843528534611089;12.084144010615145;11.705632387361415;11.90839262077375;11.67595703294175;11.584962500721156;11.931845540183671;11.242578689451346;12.65642486327778;11.735132884139947;12.045418397030792;11.676397887044764;12.761135649828644;12.640018932455783;11.622509454683335;10.55170826162069;12.597587039586216;11.535761377986656;13.264882379239577;11.904634621668151;12.522336320913306;12.289442575688332;12.36468185586456;12.721099188707186;13.02496648387378;11.776844232402167;12.451468712947358;12.46454575033394;12.390706372872774;12.479022346995178;10.217957697864112;12.107870914279614;12.457124331540804;11.71338651493703;12.70433597118232;12.573410505507574;11.83368074865474;12.213408040858337
10.060695931687556;10.991521846075695;11.199672344836364;11.677279191312175;10.690871009292314;8.915879378835774;10.62662165235837;8.74819284958946;9.823367240046236;11.360847084179664;10.44086916761087;11.935533412950749;10.064742764750257;11.000704269011246;10.742309436084;9.54882190845875;11.919608238603251;10.742309436084;10.380461065088973;9.197216693110052;11.407267764244732;10.203348002979762;11.501837184902296;11.13699111208023;10.92035285541508;10.90613899619538;10.293471648838134;10.231221180711186;6.977279923499917;11.311180660053354;11.627077840517394;6.599912842187128;9.197216693110052;11.118941072723509;12.16679075071818;11.06406908038551;10.648357582009666;10.509775004326936;11.08746284125034;7.199672344836364;9.99859042974533;9.60917873814198;7.584962500721156;9.7632123668144;11.523561956057012;10.079484783826816;8.96289600533726;11.055960234452296;11.055960234452296;10.371776644337924;10.953468962228849;11.181152256865566;10.581200581924955;8.08214904135387;10.336506559810257;9.792790294301064;7.906890595608519;12.429145170478744;11.769424641552751;10.698704666770343;9.820178962415188;12.72451385311995;11.663558104217271;10.192292814470768;7.0;10.996473488733228;11.246146774635864;10.78463484555752;7.584962500721156;11.455840909126398;10.632086412835182;10.44086916761087;12.042001306279133;11.20212382383046;9.51175265376738;11.460455896309636;11.006326078524934;11.006326078524934;10.53818893205242;9.493855449240822;10.33427328530719;11.76445696361989;10.76155123244448;11.43514933836693;9.544964432789238;10.690871009292314;11.39231742277876;10.71853287606922;11.41679752760606;12.305491792110685;11.97692206785108;8.184875342908283;9.746514321138465;10.469641817239516;11.246146774635864;10.918863237274596;10.016808287686557;11.79603960882977;11.131213905086272;9.306061689428342;9.51175265376738;10.23840473932508;9.411510988012072;8.96289600533726;11.544964432789238;11.348174867535556;8.499845887083206;12.004922678569043;11.139231570719351;10.699572453287267;8.971543553950772;8.499845887083206;11.088788238716909;12.617467465294196;10.909143047339898;11.858758099935422;12.419960177847887;11.350939181546432;12.128316602903544;11.792383614935188;11.439830883981392;11.834075953434883;12.223096690347695;12.58941707576861;11.267371931265274;12.526499239136566;11.184875342908285;11.826945650415484;11.186733289128869;11.580258567499788;11.769011321097016;12.203959703239462;12.49210354247923;11.965423565810127;11.55026580686874;11.965423565810127;12.322491537597468;11.87536540064177;11.774375272802065;12.213408040858337;11.28424574982967;11.897467341721892;12.028596777067108;12.451468712947358;11.571278618514595;11.53818893205242;12.574357000565888;11.475226777742266;11.822172461476178;11.550746785383245;11.89026427702111;12.977995368612962;12.59245703726808;12.005975356500382;12.01854794187165;11.172427508645482;11.280770770130603;11.821773981970567;11.436711542137214;12.169298695792843;12.65217275350971;11.668884984266247;11.61378946447258;12.10459875356437;12.115368837820224;11.025139562278508;12.096056239180946;12.38720958071964;12.924998023446696;11.042343379793692;11.269126679149418;11.445532219028312;12.093087390444218;11.473705749619416;12.247334178028728;10.79603960882977;11.950191349972702;12.550025257465784;11.350386742312844;12.03342300153745;12.588480412829758;11.63026712502677;12.202736043250168;12.041659151637214;11.456867738380344;11.570330101030798;11.440350119200565;11.30890780406394;12.145932145820517;12.444238438078106;11.73978060977326;11.89973454235751;11.275542556086725;11.406205005418856;12.404077136241234;11.60733031374961;12.516192477879368;12.516931121998695;11.446566409066069;12.404609397837712;12.89954574499535;12.776433032444732;11.631631805917635;12.390168956200185;11.84979602224561;12.667555107041132;12.7054163988827;11.275542556086725;11.401412878714178;12.029287226968243;11.217351905270334;12.066761932386909;12.645883554519004;12.010528105886484;12.331756712255473;11.680359523513712;11.83289001416474;12.4655664048094;9.710806433699352;11.750706986224948;11.824958740528524;13.07648160120702;12.181462881270017;12.451211111832327;11.91026795581084;11.868436755858168
9.131856960608792;9.654636028527968;9.721099188707186;12.165221068220944;13.371095967259532;9.51175265376738;11.25502856981873;8.546894459887637;8.897845456005511;11.97405602262563;10.383704292474052;12.028596777067108;10.001408194392807;10.140829770773;10.295768934420508;8.92481250360578;11.110483309816226;10.705632387361415;10.725366257895642;8.339850002884624;9.4757334309664;8.022367813028454;10.536247215688128;9.43254190038826;11.244958393151132;11.680359523513712;10.632086412835182;10.624795455860236;7.22881869049588;11.186733289128869;8.169925001442312;6.507794640198696;8.581200581924957;12.347067657165873;10.932214751968385;9.857980995127573;11.11178773580101;9.667111542075029;10.77561028075954;9.154818109052105;10.642051692927977;6.727920454563199;7.149747119504682;9.370687406807216;11.164906926675688;9.071462362556623;8.224001674198105;9.603626344986193;9.603626344986193;9.812177305514448;12.26238852375102;9.72451385311995;10.00562454919388;9.052568050804153;9.4757334309664;8.632995197142957;7.434628227636725;13.815383295813538;11.08214904135387;11.060695931687556;9.7279204545632;12.125413470483316;11.433585441150496;9.4655664048094;8.219168520462162;11.499845887083206;10.189824558880018;9.834471049984222;7.149747119504682;10.60733031374961;10.42940674151398;10.383704292474052;11.17804232886482;8.124121311829187;11.96650545190574;10.52943055414615;13.147840893672337;13.147840893672337;8.96289600533726;7.467605550082998;8.43879185257826;11.605942439625368;9.957102041562289;9.879583249612784;7.643856189774724;13.371095967259532;9.1006623390052;9.34207466799914;11.754052367528924;12.015415052386688;11.135067945777816;7.400879436282184;8.066089190457772;7.459431618637297;10.189824558880018;11.580258567499788;9.162391328756906;12.397139806235604;9.696967526234287;9.364134655008051;7.960001932068081;9.543031820255235;4.954196310386875;8.224001674198105;11.626165319904498;10.409390936137704;11.003517912108602;11.752798758435516;10.94251450533924;12.900678158743355;8.558420713268664;11.003517912108602;10.287712379549449;12.040289721025715;11.068778277985412;11.943247395901553;12.157978449945432;11.701306461958623;12.177419537989236;11.521600439723729;11.593857938858225;11.895953892812168;12.082814337672271;12.2600374211066;11.366322214245816;11.822570830950168;11.782998208920414;11.389631339260522;11.390168956200185;11.244958393151132;11.88760142450871;12.051208940914766;12.094077685671904;11.71896091198421;11.847448903982432;11.420486612825774;12.353698209048035;11.4812949046311;11.675074920385445;11.632995197142955;12.468114886378098;11.71338651493703;12.017156386383112;12.347898144596012;11.2246046815385;11.151016538892248;12.932952892194717;11.591989767615123;11.728345714710976;11.78053976747196;12.14306428063141;11.930367747438952;11.922955991908475;12.162706018482416;11.542548262335211;11.32755264408124;11.559377090526684;11.770250927394864;10.989394499844732;12.157662727208448;12.202429966015352;11.043027283594547;11.686062749895417;12.205182326228645;11.709945380232496;12.121533517340032;11.983349927676455;12.172427508645482;12.316564385396942;11.87536540064177;11.14274527675153;11.507299124122763;12.167418145831736;11.886077584873094;12.016808287686557;11.280770770130603;11.985130373466898;12.284824100224624;11.260919533662904;11.972261848733291;11.83605035505807;11.428360172704291;12.27029532647204;11.519144787997414;11.6965329140783;11.403012023574997;11.360847084179664;11.841171189248543;12.017852331905962;11.985486199104637;12.137631598235428;10.940313597145968;11.110483309816226;11.397139806235604;12.184565452446156;11.520127550324853;12.097702963524654;12.039947160169094;11.441388029346689;11.7047682393626;12.530650179750014;12.418379719364957;11.997532347526366;12.098361127332096;11.741466986401146;12.098032082960527;12.375582512490508;11.8649599151426;11.287135186086704;11.485326189240524;11.273795599214264;11.962534563511271;12.314016703901355;11.428883552010191;12.468878553819426;11.678600139099458;11.806146803320525;12.111135670234708;9.544964432789238;11.526988205432009;11.640244936222343;12.252369767926028;12.193525360501216;11.638888382252262;11.761135649828644;11.926295994781112
4.169925001442312;2.0;1.584962500721156;3.0;3.584962500721156;3.169925001442312;3.0;0.0;3.0;7.584962500721156;1.0;0.0;4.857980995127572;0.0;3.584962500721156;1.0;2.321928094887362;0.0;4.906890595608519;8.832890014164741;5.727920454563199;2.584962500721156;2.0;3.169925001442312;2.321928094887362;2.0;0.0;0.0;0.0;2.584962500721156;0.0;2.0;3.4594316186372973;0.0;4.087462841250339;0.0;4.459431618637297;1.0;2.584962500721156;1.0;1.0;1.0;1.0;1.584962500721156;1.0;8.400879436282183;0.0;3.321928094887362;3.321928094887362;2.0;3.169925001442312;2.0;2.584962500721156;2.321928094887362;1.0;3.906890595608519;2.321928094887362;4.459431618637297;2.0;1.0;1.0;2.584962500721156;2.807354922057604;2.807354922057604;1.584962500721156;1.584962500721156;2.321928094887362;3.906890595608519;1.0;2.584962500721156;2.807354922057604;1.0;3.0;4.807354922057604;2.0;3.584962500721156;3.169925001442312;3.169925001442312;1.0;1.0;2.0;0.0;1.584962500721156;1.584962500721156;1.0;3.584962500721156;2.584962500721156;2.0;3.0;4.247927513443585;0.0;1.0;2.321928094887362;2.321928094887362;2.321928094887362;0.0;3.0;1.584962500721156;4.321928094887363;8.507794640198696;5.087462841250339;1.0;2.807354922057604;0.0;1.0;2.584962500721156;3.169925001442312;1.0;0.0;1.584962500721156;0.0;3.169925001442312;2.0;3.4594316186372973;3.584962500721156;0.0;3.321928094887362;3.0;4.0;0.0;0.0;2.0;0.0;3.4594316186372973;1.0;2.321928094887362;3.807354922057604;0.0;0.0;4.087462841250339;2.807354922057604;4.643856189774724;4.392317422778761;2.321928094887362;3.321928094887362;4.0;3.0;3.584962500721156;3.0;3.0;3.584962500721156;0.0;0.0;3.807354922057604;2.807354922057604;2.321928094887362;3.169925001442312;3.700439718141092;3.0;3.169925001442312;4.321928094887363;1.0;3.321928094887362;5.169925001442312;3.584962500721156;3.0;8.88264304936184;4.584962500721156;2.0;4.954196310386875;2.321928094887362;2.321928094887362;3.169925001442312;2.807354922057604;3.169925001442312;5.285402218862249;4.857980995127572;1.584962500721156;2.321928094887362;4.247927513443585;2.321928094887362;2.807354922057604;0.0;4.169925001442312;3.584962500721156;0.0;0.0;2.0;3.906890595608519;3.4594316186372973;3.4594316186372973;2.0;4.392317422778761;2.321928094887362;3.807354922057604;3.169925001442312;1.0;1.584962500721156;3.906890595608519;3.169925001442312;4.523561956057013;0.0;3.321928094887362;2.807354922057604;4.523561956057013;2.584962500721156;2.0;2.321928094887362;2.584962500721156;0.0;3.321928094887362;4.857980995127572;2.0;1.0;4.169925001442312;2.807354922057604;3.169925001442312;2.807354922057604;1.0;0.0;3.169925001442312;3.584962500721156;3.0;3.906890595608519;3.321928094887362;0.0;2.321928094887362;3.4594316186372973;0.0;4.807354922057604;3.321928094887362;2.0;0.0;2.0;4.0;3.584962500721156
2.0;1.0;0.0;0.0;0.0;1.0;1.0;2.321928094887362;1.0;0.0;1.0;0.0;2.0;4.584962500721156;1.0;2.0;2.807354922057604;0.0;0.0;2.0;0.0;2.321928094887362;2.321928094887362;0.0;1.0;5.0;0.0;0.0;1.0;0.0;0.0;0.0;1.0;1.0;1.0;1.0;0.0;1.0;1.584962500721156;0.0;0.0;1.0;0.0;0.0;3.321928094887362;3.0;1.584962500721156;1.584962500721156;1.584962500721156;1.0;0.0;3.584962500721156;0.0;1.584962500721156;2.584962500721156;2.0;0.0;1.584962500721156;0.0;2.0;2.584962500721156;0.0;2.584962500721156;0.0;0.0;1.0;2.0;0.0;0.0;0.0;0.0;1.0;4.754887502163468;1.584962500721156;2.584962500721156;1.584962500721156;2.0;2.0;1.0;3.4594316186372973;0.0;1.0;1.0;2.0;0.0;0.0;1.0;3.807354922057604;2.807354922057604;1.0;1.584962500721156;1.0;0.0;1.0;2.0;1.584962500721156;3.4594316186372973;2.0;0.0;0.0;1.0;3.0;2.321928094887362;1.584962500721156;1.584962500721156;1.0;4.643856189774724;6.044394119358453;0.5849625007211562;0.0;1.584962500721156;4.643856189774724;1.0;1.584962500721156;1.0;0.0;3.0;2.0;2.807354922057604;2.321928094887362;1.0;0.0;1.584962500721156;1.584962500721156;2.0;2.0;1.584962500721156;0.0;0.0;3.700439718141092;1.0;2.321928094887362;3.4594316186372973;2.321928094887362;3.169925001442312;1.0;2.321928094887362;1.584962500721156;3.807354922057604;1.584962500721156;0.0;1.0;0.0;1.584962500721156;1.584962500721156;0.0;3.321928094887362;2.0;1.0;1.0;1.584962500721156;1.0;0.0;0.0;1.584962500721156;0.0;1.584962500721156;1.584962500721156;0.0;1.0;2.807354922057604;1.0;1.584962500721156;3.169925001442312;2.0;2.321928094887362;0.0;0.0;2.0;2.0;1.584962500721156;0.0;0.0;3.4594316186372973;2.321928094887362;0.0;1.584962500721156;1.584962500721156;2.321928094887362;1.584962500721156;2.0;2.0;2.0;1.0;2.321928094887362;2.0;1.0;2.321928094887362;1.0;3.700439718141092;2.807354922057604;0.0;1.0;1.584962500721156;0.0;0.0;2.321928094887362;1.0;2.584962500721156;2.321928094887362;2.584962500721156;2.321928094887362;1.584962500721156;1.0;1.584962500721156;2.321928094887362;1.0;0.0;0.0;0.0;0.0;0.0;3.169925001442312;2.0;2.0;1.584962500721156;1.0;3.4594316186372973;1.584962500721156;2.584962500721156;1.0;1.0;0.0;0.0;1.584962500721156;0.0
10.116343961237469;11.524541715035848;11.3701424794954;13.14481754223478;15.061750888109431;9.252665432450248;11.742730476519174;8.622051819456376;10.85096815098244;11.208843990734614;10.34207466799914;10.31628153174622;10.971543553950772;11.334831928118;10.279610581052484;11.017504401109417;11.651948610723446;11.36796070964157;11.205793249397155;9.333155350310616;10.752380646552892;12.69283341500077;12.234518085739987;11.157346935362844;11.183635381473218;11.987619311924323;11.396069557639867;11.1006623390052;9.047123912114026;11.326991174900815;9.746514321138465;10.938844457466171;9.584962500721156;13.063226532302876;11.730894646541673;13.380866867456533;9.487840033823051;10.826548487290914;12.128638812852598;8.988684686772165;11.547858506058416;8.527477006060396;9.271463027904376;10.98584193700334;12.940497134458203;11.184875342908285;9.900866807980748;11.417852514885896;11.417852514885896;11.354800344350595;11.87843414955929;11.43879185257826;11.352043425795433;10.74819284958946;12.157978449945432;10.853309555403674;9.834471049984222;12.325305455089682;12.4231159101471;10.567005370247031;9.929258408636972;13.439571196276454;12.294333559671829;8.81698362325538;9.879583249612784;13.60952505421667;11.27262978497637;10.98370619265935;9.271463027904376;11.030667136246942;9.86573327085176;10.34207466799914;12.321646290991382;8.98299357469431;11.400879436282183;11.045759661382682;12.794821973331224;12.794821973331224;10.675074920385445;12.323617763291578;9.868822554775;11.907266248531066;10.508785162064513;11.512740462803498;10.788718332690458;15.061750888109431;11.944346034137832;10.858758099935422;11.264442600226602;13.28106067167702;11.948732239819616;10.584962500721156;10.256208688527389;10.178664851006472;11.27262978497637;9.932214751968385;10.950555897047511;12.398476501449256;11.332036548361652;9.485829308701904;10.703903573444665;9.842350343413807;10.226412192788786;9.900866807980748;12.539885792751477;11.734286232096348;9.634811050171718;12.520373136339725;11.381542951184583;11.024447124040648;9.698704666770343;9.634811050171718;11.68079903457298;13.287712379549449;12.47015043527436;10.360847084179664;13.429668265133094;12.560093957642495;13.414553114827145;10.381542951184583;12.421012855779226;12.707359132080883;10.274960472140602;13.024273962540002;11.749869427396844;12.79400964502097;12.60848585649532;11.738514532429267;12.45763738099176;12.890834249389446;12.977637690405876;13.85642552862553;13.07815080773465;13.343046881300548;12.956013078088098;11.935533412950749;13.33427328530719;13.481421052931871;12.71789058398728;13.325024310191417;12.764664292073348;10.029287226968243;10.709945380232496;12.836839359748716;12.682116764950074;12.60130652612184;13.7795141791435;12.3395716783847;12.557703014037768;13.27539705711621;13.264002687114218;10.095397022792556;13.987352845239087;13.687266317933805;13.318119089975497;12.852724560447674;12.970824901362615;12.315432637905376;10.683871868622605;13.521477756357788;12.81317994301459;12.953468962228849;12.469387440964349;12.563672959827514;13.228518097716194;12.687375683437468;13.670766880999242;12.531381460516313;13.0591754379151;13.079318104254002;11.38424412224308;12.33119687715303;11.511258495502268;12.041316915829444;12.51224664282918;9.581200581924955;10.527477006060396;13.700656452918167;12.986908624697694;12.668663423175296;13.719281855600723;11.474212937193943;13.319531005375806;11.675074920385445;13.129765981310651;11.589651146514786;10.230020435705637;12.956920604721088;13.552188759557149;13.80473605161403;13.171645941347052;11.065416134676548;12.489095315413504;13.31938987600021;13.767356854125683;12.922584402713664;11.8668925276766;14.233170262382703;12.94891470931216;10.17617314910749;12.728133100306216;13.31160642220515;12.571752643503546;13.406603631727876;12.829128095368542;13.505315356136236;12.963618617443972;11.851358649033513;11.362491806046062;11.627533884472792;12.682994583681683;11.98049663618346;13.436321149754669;13.117967703717133;13.407533331671324;10.677719641641009;13.424297532397077;13.693051295397;11.660887270302569;12.342630298678408;12.281930026955443;13.624567018674917;11.846665681899738;13.46569393586282;13.318542809702723;12.254142846855748
6.189824558880018;6.643856189774724;4.954196310386875;4.754887502163468;6.321928094887363;7.622051819456376;7.686500527183218;6.285402218862249;4.857980995127572;9.066089190457772;5.129283016944966;7.845490050944375;7.312882955284356;5.087462841250339;6.906890595608519;6.189824558880018;7.882643049361842;8.353146825498083;6.022367813028454;4.459431618637297;5.247927513443585;6.820178962415188;7.523561956057013;5.554588851677638;5.754887502163468;6.0;3.4594316186372973;6.9886846867721655;3.700439718141092;7.94251450533924;4.169925001442312;4.857980995127572;5.78135971352466;3.321928094887362;3.807354922057604;7.129283016944966;4.857980995127572;4.523561956057013;7.800899899920305;5.78135971352466;7.05528243550119;4.247927513443585;5.321928094887363;7.159871336778389;7.707359132080882;6.870364719583405;5.906890595608519;7.434628227636725;7.434628227636725;6.870364719583405;2.321928094887362;7.03342300153745;4.169925001442312;4.459431618637297;6.727920454563199;5.20945336562895;4.169925001442312;5.614709844115208;6.643856189774724;7.483815777264256;6.78135971352466;3.4594316186372973;6.149747119504682;6.044394119358453;3.321928094887362;4.459431618637297;7.294620748891627;5.20945336562895;5.321928094887363;6.066089190457772;5.906890595608519;5.129283016944966;6.965784284662087;4.523561956057013;4.954196310386875;6.022367813028454;5.614709844115208;5.614709844115208;3.169925001442312;5.129283016944966;5.321928094887363;7.219168520462161;5.700439718141092;5.977279923499917;5.129283016944966;6.321928094887363;6.894817763307944;6.339850002884624;6.20945336562895;7.247927513443585;6.539158811108031;3.807354922057604;7.658211482751795;4.459431618637297;7.294620748891627;4.0;5.357552004618084;5.857980995127572;7.011227255423254;7.0;4.247927513443585;6.22881869049588;4.523561956057013;5.906890595608519;6.475733430966398;7.330916878114617;2.0;7.643856189774724;6.826548487290915;4.459431618637297;3.4594316186372973;2.0;7.087462841250339;3.169925001442312;7.539158811108031;7.0;4.906890595608519;3.321928094887362;5.954196310386875;6.857980995127572;4.857980995127572;5.832890014164741;6.066089190457772;6.357552004618084;7.787902559391432;6.6865005271832185;5.906890595608519;4.584962500721156;5.426264754702098;4.754887502163468;5.672425341971495;4.169925001442312;7.169925001442312;3.807354922057604;7.546894459887636;5.169925001442312;4.392317422778761;4.584962500721156;6.285402218862249;5.491853096329675;7.515699838284043;8.071462362556623;6.303780748177103;5.672425341971495;4.523561956057013;2.0;6.727920454563199;6.189824558880018;4.247927513443585;4.169925001442312;3.807354922057604;5.392317422778761;5.247927513443585;3.0;4.906890595608519;4.954196310386875;3.4594316186372973;6.523561956057013;8.103287808412022;5.0;7.577428828035749;5.459431618637297;7.912889336229962;7.912889336229962;5.78135971352466;5.321928094887363;4.0;5.727920454563199;7.554588851677638;5.614709844115208;7.451211111832329;5.392317422778761;8.78135971352466;5.459431618637297;6.169925001442312;6.523561956057013;7.483815777264256;4.807354922057604;3.906890595608519;5.247927513443585;5.169925001442312;7.20945336562895;5.554588851677638;6.189824558880018;3.700439718141092;5.857980995127572;6.539158811108031;7.366322214245816;4.857980995127572;3.4594316186372973;7.321928094887363;5.584962500721156;5.285402218862249;4.700439718141092;3.169925001442312;3.0;7.169925001442312;3.906890595608519;5.426264754702098;7.577428828035749;7.977279923499917;4.584962500721156;6.6293566200796095;5.247927513443585;5.906890595608519;3.169925001442312;5.0;7.330916878114617;6.108524456778169;6.643856189774724;5.0;7.087462841250339;6.169925001442312;5.044394119358453;7.366322214245816;7.515699838284043;4.321928094887363;4.0;6.700439718141092;5.754887502163468;3.584962500721156;4.584962500721156;10.162391328756906;7.118941072723508;4.584962500721156;5.129283016944966
12.14306428063141;11.668884984266247;12.73956967402599;13.63990591729448;13.651051691178928;11.152284842306582;11.480790201095816;10.599912842187129;11.948732239819616;13.61677855400014;11.44086916761087;13.0503588465876;10.595257481449035;11.681238411777803;10.658211482751796;10.468624042918018;12.134747168669016;11.790755750118311;12.80292019858527;12.054604317960672;12.128638812852598;10.509775004326936;11.735132884139947;11.63117705570398;11.692179576312538;11.706496018061188;11.050528905530555;11.532842910961282;10.169925001442312;11.884170519108435;10.541096615349524;15.08592883100414;11.332036548361652;11.222191138456331;11.436711542137214;12.180530807344482;11.807354922057604;12.129605011152504;11.30890780406394;10.929998062609029;11.62067804213541;8.124121311829187;10.26795708440284;12.345405246717796;12.748402528398184;11.970465440779996;11.154185209265297;12.952559261056836;12.952559261056836;11.220982851081777;12.90218666238715;12.464035152189911;10.807354922057604;10.200898605038445;12.167104482379932;10.785452468158542;12.481547190203289;12.667998535672528;12.463013413449692;11.187352073200495;9.885696373339394;14.292824877620207;11.55026580686874;10.363039630256514;13.748087998756109;11.697836357962377;11.834866038362016;11.020285500844649;10.26795708440284;11.471167133724393;10.66622400280318;11.44086916761087;12.556026992724677;10.690871009292314;9.116343961237469;11.926666629347284;12.668663423175296;12.668663423175296;11.510764167917891;11.092096414990792;11.326991174900815;11.690871009292314;11.019590728357882;12.129926933510394;10.709083812550343;13.651051691178928;14.384581413302264;14.319954310686944;11.42940674151398;12.90482275429421;12.365775635326267;10.661778097771988;11.071462362556623;11.13699111208023;11.834866038362016;10.24198314969433;12.124767535822471;12.404875455015208;12.117967703717133;10.985130373466898;11.378836713210614;10.651051691178928;9.531381460516313;11.154185209265297;11.478769619475765;12.201205007299528;11.725366257895642;12.75446999527562;11.763419874192088;10.91737207947684;11.157346935362844;11.725366257895642;11.51668494930961;12.640018932455783;13.301353290218836;9.93810932621924;12.825356341479337;11.977637690405876;12.85233443198643;10.458406613236534;11.813380386924727;12.658657792126084;10.679480099505446;12.579551652806565;11.378294855911893;12.661332752795186;12.559377090526684;11.232420927176076;11.3292357417338;12.546894459887636;12.439830883981392;13.39379263977458;12.419960177847887;13.036517070486518;13.073137383110383;11.169925001442312;12.829128095368542;13.433455039827054;11.808159772868375;13.7515440590891;11.636171441635922;10.363039630256514;10.375039431346924;11.809366207816078;12.456611099574918;13.0087787482805;13.441388029346689;11.681677655209691;12.325024310191417;12.534789211480266;12.945992424396774;10.61194694181998;13.631631805917635;13.029632328044135;13.248965263607657;11.788310503700918;13.37843033931725;11.889884170302828;10.907641803665529;13.286846502735887;12.548340287676147;13.2391509737807;12.307485448589476;12.11699367754698;12.589651146514786;12.577192765687045;13.691634484289246;11.825356341479337;12.2600374211066;11.79685079526716;11.285980105928212;11.847057346091336;11.127349541059118;11.84901407369482;11.458406613236534;9.909893083770042;10.712527000439824;13.620907095885338;12.783612165256038;11.350939181546432;13.630722162103838;11.015415052386688;13.04678297035635;11.46352437327118;12.682116764950074;11.365228849251544;10.232420927176076;12.095726668639047;13.26502894245816;14.351836444368397;12.572463389083676;9.821773981970567;12.446824840780309;12.411775775576528;13.505687520472335;13.43514933836693;11.467605550082997;13.34568244818678;12.342352510087794;10.494855584491198;12.148794321424337;12.672425341971495;12.094737505048093;12.196294745028265;12.227315099905493;12.708868340211673;12.562242424221072;11.792383614935188;11.314016703901355;11.13249972962851;12.533329732305834;11.679480099505446;12.665557989846414;12.61056350392504;12.838613044196972;11.00842862207058;13.173364830849035;13.900772486445565;8.945443836377912;11.747353829478062;11.691743519171276;12.622280655215585;12.0;12.50308035175293;12.798674298826828;11.482807956726669
7.754887502163468;12.208234358339787;9.766528908598865;9.622051819456376;11.901998185668496;9.4797802640291;10.79603960882977;8.098032082960527;8.784634845557521;8.049848549450562;10.71681946132995;9.543031820255235;9.187352073200495;12.13024878405069;9.611024797307351;9.485829308701904;10.399811959325683;8.92184093707449;9.734709620225836;8.353146825498083;9.364134655008051;9.92481250360578;10.449148645375436;10.080817527608328;14.031184262140842;11.128638812852598;12.054265139625764;8.710806433699352;7.507794640198696;9.43254190038826;8.353146825498083;6.794415866350106;6.857980995127572;11.161131882984307;9.774787059601174;10.80332391904149;7.994353436858858;9.705632387361415;12.874789282814126;8.098032082960527;11.200285605224298;10.42940674151398;6.78135971352466;9.049848549450562;13.95164898590462;8.611024797307353;10.554588851677638;11.00842862207058;11.00842862207058;10.491853096329674;10.700439718141093;10.728770849542665;8.233619676759702;9.052568050804153;9.906890595608518;11.806146803320525;9.30149619498255;13.808059191068851;12.066089190457772;10.929998062609029;8.233619676759702;16.04537573331028;12.98903963696239;9.579315937580017;7.066089190457772;10.111135670234708;7.60733031374961;9.38586240064146;6.78135971352466;10.24198314969433;7.417852514885898;10.71681946132995;12.756973226165448;9.154818109052105;10.088788238716909;11.476239906323851;13.570330101030798;13.570330101030798;6.672425341971495;15.318189718572718;11.205182326228645;12.474466464132632;8.611024797307353;10.696967526234287;7.409390936137702;11.901998185668496;8.539158811108031;9.14210705730255;11.193525360501216;14.602060876487204;12.351767443959892;7.930737337562887;6.954196310386875;8.768184324776927;7.60733031374961;9.733015321685963;10.105908508571158;10.712527000439824;8.668884984266247;4.906890595608519;7.768184324776926;10.411510988012072;9.965784284662089;10.554588851677638;12.382624026574916;11.63117705570398;6.554588851677638;13.599099237711489;10.884170519108435;9.933690654952231;7.839203788096944;6.554588851677638;10.457380879072534;15.366219746470575;11.932952892194717;9.20212382383046;15.239561238262604;14.444691393399546;13.926851910929878;10.346513733165636;14.054519530852373;14.1288804230981;10.485829308701904;15.265981240623258;10.73047013718422;14.246146774635864;13.41084880640551;12.455584087578613;12.832494484336111;14.138351805442774;13.80624751853163;16.049720946958544;14.81818270494864;14.452434307683149;13.47395936569476;13.673529924401144;15.655446869100604;14.76155123244448;13.723447638422918;14.505315356136236;12.372865060112588;9.257387842692651;10.395534135462302;14.40839608835143;14.00842862207058;14.45955969312279;15.172622834330634;12.356176830516356;13.798066720363062;14.121776320354416;14.853212072715648;10.567005370247031;15.662584935313111;14.069030123153354;15.146409569587783;13.81317994301459;14.645095473397046;13.550867004960905;9.658211482751796;13.757598355823912;15.068946179648783;13.302781701267095;12.488593333835407;13.349004718027745;14.274450955963353;11.93737382019215;15.216518524890075;13.290738862439348;15.624795455860236;12.52061868055628;11.567480801143043;14.235715094761895;12.1879705919842;12.374496145691516;13.47294463377961;8.366322214245816;10.61654884377899;13.962715295743376;13.932030157887027;14.59944798152872;14.295984117512992;12.30720080914081;14.134827369633037;12.929998062609029;13.14322375612385;12.98210230695676;10.41256984680521;14.483500908968;15.008253527096048;15.576986179441844;13.619302955415687;8.703903573444663;13.493104892539137;14.405739802140245;15.537946360376203;15.274669342073851;13.084144010615145;15.973921536954045;13.467987569161329;10.084808387804362;14.082398563427809;14.30940529737098;13.682116764950074;15.09650927578096;14.07739990378409;15.762926995427677;13.798775537031908;12.449148645375436;11.537703747907644;12.051888655905378;13.260772552353531;12.49235394515987;14.83836682949531;14.022454510846508;14.80911495038482;10.661778097771988;15.116547029017504;16.301906967346387;8.550746785383243;13.107380563045904;13.099183410079286;15.854016107971407;10.965784284662089;14.797509548568206;14.45294902741064;14.184952805124247
11.750706986224948;10.057991722759176;11.501339618061396;9.792790294301064;11.43306376512207;11.366868586167094;10.785452468158542;10.902375114486023;10.372865060112588;11.655977862486942;10.987974524296153;11.076147528022505;10.54882190845875;12.04916787237217;10.644757592516257;10.26795708440284;12.340128273700588;10.772314573921651;10.935165049603697;9.467605550082997;10.742309436084;11.645208082774683;11.769011321097016;11.251482410620213;10.381542951184583;10.957827560833744;9.287712379549449;10.13827180017222;11.498849206531723;10.34318571544788;12.034798962577268;11.205793249397155;11.57601187420678;11.491352073563435;11.955286645524469;12.656201380194553;10.512740462803498;11.54399845013454;10.639340708652233;11.078817949961978;13.276124405274238;12.827938080144987;9.707359132080883;11.154818109052105;11.800495500466813;11.19537220740274;12.122504484313904;11.556984957594462;11.556984957594462;9.744833837499543;10.817783121774534;10.599912842187129;10.447083226209651;12.855063118367624;10.963618617443972;11.130570562805426;10.86573327085176;11.963618617443972;12.100333819126542;10.339850002884624;11.241387363998935;11.935165049603697;10.714245517666123;9.829722735086058;10.792790294301064;10.946906274456396;10.861862340059153;10.389093521904474;9.707359132080883;12.471167133724393;9.326429487122304;10.987974524296153;12.934059394900794;11.365228849251544;9.878050912728536;10.399811959325683;11.344295907915816;11.344295907915816;11.246740598493144;11.517669388133813;11.402479172214964;11.135067945777816;12.069449767427784;11.231221180711186;13.03221795817806;11.43306376512207;11.881878707600446;10.127994320976391;11.335948565202298;11.12088584278779;11.44759985827995;11.962534563511271;9.326429487122304;10.239598529249124;10.861862340059153;11.213104219641906;10.111135670234708;10.4189067312579;9.965784284662089;8.960001932068081;10.338736382573916;10.326429487122304;13.879774677336927;12.122504484313904;10.368506461507693;10.654636028527968;8.64745842645492;12.11829223302699;12.206861742837123;10.559377090526684;10.604553229079038;8.64745842645492;10.65284497300198;12.004220466318197;10.59898297103609;11.03960451795376;12.020979938904212;11.001408194392807;11.962173031109709;11.067434360756522;11.133784409179908;11.33371442609397;11.693051295397;11.85914649542596;10.69522829149575;11.892163309861964;10.157346935362844;11.212496385193948;11.018895621121649;11.252074042796185;11.826548487290914;11.570804437724496;11.665335917185176;11.611024797307351;11.239598529249124;10.768184324776929;11.396069557639867;11.785452468158542;11.414685235807214;11.950920352030098;10.16867211813223;11.010528105886484;11.812177305514448;11.692179576312538;11.449664538476192;10.26795708440284;11.728345714710976;11.282509306240836;11.177419537989236;11.56081046872794;11.63390340934852;11.79766152585376;11.93737382019215;11.23421867823847;11.482303782323182;11.280190792216906;10.850186837645774;11.242578689451346;10.76983784362944;12.2903068962579;11.77272694923985;11.513234113806051;11.247927513443583;11.649705265471413;12.152918576136624;10.874981347653774;12.03376711484639;11.564625862795372;12.307770031890705;10.220378327695228;10.46352437327118;10.817783121774534;11.559377090526684;10.794415866350104;11.101319154423276;9.948367231584678;11.457380879072534;11.380461065088973;11.154185209265297;10.881878707600446;12.20212382383046;11.252665432450248;11.822570830950168;11.533816389433364;10.0;11.434106928609957;10.77066389291676;11.12347479824414;11.260919533662904;11.232420927176076;11.114393054867309;10.565102078360312;10.96650545190574;11.088788238716909;11.838022058304546;10.817783121774534;11.71338651493703;11.86379910372885;11.109177703355275;11.67595703294175;12.229119220658594;12.445790836048076;10.543031820255235;11.699138625275914;11.67595703294175;12.027905996569883;12.10000522442272;9.975847968006784;10.868822554775;11.40832974076739;11.178664851006472;11.314016703901355;12.483815777264256;11.977279923499916;11.458406613236534;11.122180901259751;11.505811553919594;12.12605911607068;10.279610581052484;11.239001757765582;11.585432051592962;12.303780748177102;11.208234358339787;12.610332801911134;11.569380959522295;10.963618617443972
1.0;1.0;0.0;3.807354922057604;3.0;0.0;4.906890595608519;2.321928094887362;2.321928094887362;0.0;1.0;1.0;1.584962500721156;2.0;3.4594316186372973;2.584962500721156;2.0;1.584962500721156;2.321928094887362;1.0;0.0;3.321928094887362;3.0;2.0;4.459431618637297;4.169925001442312;2.584962500721156;3.700439718141092;0.0;1.0;2.807354922057604;1.584962500721156;0.0;2.584962500721156;3.169925001442312;1.0;1.584962500721156;2.0;4.459431618637297;0.0;2.584962500721156;2.321928094887362;0.0;1.0;2.807354922057604;0.0;1.584962500721156;1.584962500721156;1.584962500721156;3.169925001442312;3.4594316186372973;0.0;1.0;0.0;1.0;0.0;1.0;3.906890595608519;3.0;2.321928094887362;0.0;3.4594316186372973;5.426264754702098;0.0;1.0;3.584962500721156;0.0;3.4594316186372973;0.0;1.0;2.0;1.0;2.0;4.321928094887363;3.321928094887362;0.0;3.906890595608519;3.906890595608519;1.0;3.321928094887362;0.0;3.4594316186372973;1.0;1.0;3.700439718141092;3.0;2.0;2.321928094887362;3.700439718141092;6.044394119358453;0.0;3.0;0.0;1.0;0.0;4.392317422778761;1.0;3.700439718141092;0.0;3.169925001442312;1.584962500721156;2.321928094887362;2.807354922057604;1.584962500721156;2.584962500721156;4.754887502163468;1.584962500721156;2.0;2.169925001442312;1.0;0.0;1.584962500721156;0.0;4.523561956057013;3.4594316186372973;2.0;4.584962500721156;4.169925001442312;4.523561956057013;3.700439718141092;3.584962500721156;4.857980995127572;3.807354922057604;4.247927513443585;3.169925001442312;4.392317422778761;5.614709844115208;0.0;3.584962500721156;3.0;3.807354922057604;4.906890595608519;5.044394119358453;3.321928094887362;5.129283016944966;3.321928094887362;5.357552004618084;5.087462841250339;4.857980995127572;5.087462841250339;3.807354922057604;3.321928094887362;3.4594316186372973;3.4594316186372973;5.247927513443585;4.247927513443585;3.321928094887362;4.459431618637297;4.169925001442312;4.087462841250339;3.321928094887362;2.0;4.807354922057604;4.392317422778761;5.523561956057013;3.0;3.584962500721156;2.321928094887362;0.0;5.321928094887363;4.392317422778761;3.321928094887362;2.0;4.169925001442312;4.392317422778761;4.321928094887363;5.129283016944966;3.169925001442312;3.321928094887362;5.0;2.0;2.0;3.169925001442312;3.906890595608519;3.4594316186372973;2.0;1.584962500721156;3.584962500721156;4.0;4.247927513443585;5.614709844115208;2.807354922057604;5.247927513443585;3.169925001442312;4.087462841250339;3.4594316186372973;3.700439718141092;4.321928094887363;4.392317422778761;3.906890595608519;2.321928094887362;1.584962500721156;3.4594316186372973;5.169925001442312;5.169925001442312;3.321928094887362;3.807354922057604;4.392317422778761;4.169925001442312;2.584962500721156;3.584962500721156;4.523561956057013;3.0;2.0;4.392317422778761;3.807354922057604;4.392317422778761;4.169925001442312;0.0;3.169925001442312;4.807354922057604;3.0;4.584962500721156;4.643856189774724;3.321928094887362;3.169925001442312;5.906890595608519;5.247927513443585;0.0;3.584962500721156;3.4594316186372973;4.954196310386875;2.321928094887362;3.584962500721156;3.700439718141092;3.584962500721156
2.584962500721156;3.0;2.584962500721156;2.321928094887362;2.321928094887362;3.906890595608519;4.169925001442312;3.4594316186372973;2.0;2.584962500721156;0.0;1.0;4.392317422778761;1.0;3.906890595608519;2.321928094887362;5.700439718141092;4.643856189774724;2.807354922057604;2.321928094887362;3.321928094887362;4.459431618637297;5.392317422778761;3.0;0.0;4.169925001442312;0.0;2.321928094887362;2.0;3.584962500721156;3.321928094887362;4.169925001442312;3.4594316186372973;0.0;1.584962500721156;3.906890595608519;2.584962500721156;2.321928094887362;6.285402218862249;1.0;3.169925001442312;3.0;1.0;2.584962500721156;4.169925001442312;3.169925001442312;2.0;2.584962500721156;2.584962500721156;3.321928094887362;1.584962500721156;4.169925001442312;2.807354922057604;3.700439718141092;3.169925001442312;1.0;3.0;3.169925001442312;3.584962500721156;4.247927513443585;3.700439718141092;2.321928094887362;3.0;3.700439718141092;3.169925001442312;2.807354922057604;1.0;2.321928094887362;1.0;2.321928094887362;0.0;0.0;4.169925001442312;2.321928094887362;0.0;3.0;3.584962500721156;3.584962500721156;2.321928094887362;0.0;2.0;5.0;3.700439718141092;3.4594316186372973;3.321928094887362;2.321928094887362;3.584962500721156;3.4594316186372973;4.643856189774724;5.857980995127572;4.584962500721156;2.584962500721156;1.584962500721156;4.087462841250339;1.0;1.0;1.584962500721156;3.4594316186372973;3.4594316186372973;1.0;4.247927513443585;4.643856189774724;3.0;2.0;3.321928094887362;3.700439718141092;0.0;3.700439718141092;3.9541963103868754;1.0;2.321928094887362;0.0;3.906890595608519;4.321928094887363;0.0;4.643856189774724;4.857980995127572;4.700439718141092;5.491853096329675;5.20945336562895;4.321928094887363;4.392317422778761;4.087462841250339;3.321928094887362;6.882643049361842;4.459431618637297;4.392317422778761;4.087462841250339;4.087462841250339;5.459431618637297;5.087462841250339;1.0;5.044394119358453;0.0;2.584962500721156;4.459431618637297;2.584962500721156;2.584962500721156;2.584962500721156;6.087462841250339;5.044394119358453;5.169925001442312;4.906890595608519;4.584962500721156;3.4594316186372973;2.0;5.169925001442312;4.584962500721156;4.459431618637297;2.807354922057604;4.247927513443585;4.392317422778761;4.954196310386875;2.584962500721156;3.906890595608519;3.700439718141092;1.0;5.321928094887363;5.20945336562895;5.20945336562895;5.20945336562895;3.700439718141092;4.906890595608519;5.672425341971495;3.906890595608519;4.906890595608519;2.807354922057604;4.954196310386875;3.584962500721156;4.247927513443585;5.044394119358453;3.584962500721156;6.247927513443585;5.247927513443585;5.087462841250339;5.20945336562895;5.20945336562895;4.321928094887363;3.906890595608519;3.4594316186372973;6.189824558880018;5.129283016944966;3.0;5.906890595608519;0.0;4.857980995127572;3.0;4.0;3.4594316186372973;1.584962500721156;3.700439718141092;4.321928094887363;4.0;4.523561956057013;3.584962500721156;3.807354922057604;6.129283016944966;2.807354922057604;3.4594316186372973;5.700439718141092;4.643856189774724;4.392317422778761;5.807354922057604;3.807354922057604;5.459431618637297;2.807354922057604;5.807354922057604;4.247927513443585;4.857980995127572;5.129283016944966;5.882643049361842;5.0;6.066089190457772;4.700439718141092;4.906890595608519;5.523561956057013;4.523561956057013;3.321928094887362;2.807354922057604;4.0;4.321928094887363;2.584962500721156;6.672425341971495;3.4594316186372973;4.700439718141092;2.807354922057604
13.228968963402728;11.993646060016596;13.809567182259656;11.936637939002573;12.862831046897997;13.145772969449098;12.625252221746871;12.460455896309636;13.082648042352986;13.555907202377874;12.735767547266637;13.367414751246828;12.131856960608792;13.508785162064513;12.763419874192088;12.276415241892678;13.720778649167064;14.543636039823014;13.457509135732698;11.635718120331047;13.530406337099068;12.709083812550343;13.65217275350971;13.206403913973848;12.295481973695368;12.81518313000803;12.71681946132995;12.799281621521924;13.106890045092218;13.208081909981123;12.537703747907644;13.058160884398683;13.233919208586975;11.851749041416058;14.216670084407063;14.175471581871296;13.283811834830894;13.396069557639867;12.418116141207488;12.507051302247916;12.355626393637916;11.00562454919388;12.024447124040648;13.19951898899876;13.225207436943505;13.71037597120447;12.783612165256038;13.936269857602207;13.936269857602207;12.494105548061054;12.322773176454564;13.382083590141969;13.095726668639047;13.87305954766147;13.162706018482416;12.721740054213049;14.13016832814676;13.473452088952232;13.80231440599149;13.212192371908472;12.69152544116604;12.571752643503546;13.074643240639736;12.774992908933177;12.793603309279408;13.282074868584086;12.341240820538747;13.062214824659108;12.024447124040648;12.367414751246828;11.912515144802397;12.735767547266637;13.633222303800787;12.952741247186488;11.474719946526482;13.240940363208098;13.182549540307372;13.182549540307372;12.978531719709377;11.371776644337924;12.79766152585376;13.297346198946718;14.0003521774803;13.480285320936373;13.861571601125398;12.862831046897997;13.877859256130328;13.017504401109417;13.002111776479852;13.307343135884958;13.016285982108814;12.939211882666395;12.540370243743569;12.40886043602476;12.341240820538747;12.943247395901553;12.65306897657993;13.634924465135096;13.016808287686557;11.859534786382651;13.460327901362929;12.946906274456396;11.923327485419192;12.783612165256038;12.81418188419028;13.232570825356987;12.94452905919877;13.711882028352088;12.753321227945042;12.998942951443086;12.665113810335244;12.94452905919877;13.42272182090061;12.689124404913258;12.556745526004686;12.624110035762987;12.902940323128275;12.764042217306589;13.166476950816804;12.774992908933177;12.560093957642495;13.227164654622404;13.15608307628868;12.781564627244329;12.103615656394544;13.107870914279614;12.348728154231075;12.092426815780255;12.69021628042204;12.63094962683287;12.84979602224561;12.693922488081014;13.376668061857668;13.043710863347156;13.397674632948268;12.61815604777846;12.697619199078714;12.595723694101627;12.774992908933177;13.113579397950534;12.769011321097016;12.980318117957545;12.81678367937856;13.146568675740786;12.63026712502677;12.214926187942435;13.351353372192143;12.933321820732946;12.81358080298963;12.69566329678802;12.681458050210274;12.686938171670388;13.090277856857394;12.497103357016876;12.6142497276894;11.955286645524469;12.70173963867435;12.910642730469624;12.73978060977326;13.089284949013049;13.10705356960822;13.327973602613884;12.684529482418489;13.721633263063;13.011926066306808;12.930922097125269;13.026004642978943;12.934980832653832;13.046612469258132;12.844705764411938;12.322773176454564;12.208234358339787;13.032562359001108;12.993646060016596;13.447212401572669;12.38855550398256;13.164906926675688;13.63185912728278;12.316847183602473;12.808763116450413;13.295194955880657;12.793603309279408;13.355351096424812;12.804937672051908;12.756347825516588;12.456354415108288;12.515699838284045;12.7553048882624;12.806549621985962;12.493104892539137;12.831505185085328;12.199365616857982;12.638209626633582;12.411246151840444;12.36468185586456;12.175549550636193;13.213256138247942;13.121371625958965;12.765286098723683;12.774992908933177;13.249409785269128;13.381137338968552;12.482807956726669;12.199672344836364;13.179909090014934;12.614939847310737;13.367824239411048;12.488593333835407;12.673309075561695;12.597819788645507;12.714245517666123;13.042172353174928;13.538916402464112;13.156241119235752;13.190442018782823;12.887220615468385;12.649256177517314;12.821176056269854;11.551227603598289;12.657541759703378;12.539643506238036;12.44889062962926;13.790348496751914;13.588363287192117;12.815783544128184;12.74104557700984
12.803525736911428;11.719816603018126;12.95673914505908;13.226261653315504;13.918863237274596;13.39231742277876;12.699355555588465;12.03857610276879;12.856230977341992;12.819181178959626;12.634357301137976;13.034111146096592;12.40832974076739;12.687813062564931;13.33692491418201;12.568668693380506;13.206403913973848;13.594907723063336;13.119427511067276;11.50432244829189;13.020285500844649;12.897656411251145;13.019590728357882;12.528698283574188;12.3292357417338;12.500094949671809;11.982637133669424;12.23511671439625;12.501090770274512;11.904258282800518;13.385458001187969;11.786269627648466;12.455070307287963;12.585197295260024;13.214470911535914;13.378023850925484;12.437752072323605;12.870750003346114;12.153235338689411;12.547858506058416;12.532112370794998;10.619302955415687;11.537218400538595;13.054265139625764;12.851358649033513;13.129444023031947;12.449148645375436;13.725366257895642;13.725366257895642;11.952741247186488;12.695010739653238;12.282219695672588;12.870942606649368;13.184255495405347;13.208234358339787;12.842546775443642;12.65127597334664;14.364066240305448;13.25089053572334;13.121533517340032;11.991876099003417;12.654859754207394;12.483815777264256;12.32023644524165;11.691743519171276;12.950920352030098;12.819580375155004;13.29634268469289;11.537218400538595;12.952741247186488;11.686938171670388;12.634357301137976;13.679040186393062;11.490349505739289;11.89633240390994;12.636398048883835;14.413495711176774;14.413495711176774;12.362765744153958;13.508908929493996;12.365228849251544;13.105090051046009;13.458919206967591;12.99964773652837;13.099183410079286;13.918863237274596;13.143542654233215;12.511505595792482;12.674633661767269;12.779308973959898;12.637077657143664;13.053247125912426;12.15069928874454;12.02167404285837;12.819580375155004;12.997003015272806;12.665557989846414;13.185959435631318;12.557463701597824;11.495355392235982;11.81818270494864;12.41732511767992;10.71681946132995;12.449148645375436;12.30149619498255;12.43905168059173;11.746514321138465;13.41323123912454;12.460839813030104;13.380055148544896;12.595956743943162;11.746514321138465;12.282509306240836;12.42574042431621;12.162076570374312;12.166476950816804;12.62593709953846;12.28424574982967;12.69283341500077;11.950555897047511;12.040289721025715;12.236911111444602;12.25502856981873;12.445532219028312;11.743992861060176;12.665557989846414;11.916999049082808;11.529918528120325;11.925554439873554;12.04507705193494;12.659772961881613;12.382624026574916;12.532599438672984;12.25502856981873;12.535518397768667;11.871520262329112;12.688687423222536;12.26238852375102;12.310044679647506;12.930552554336137;11.977637690405876;12.197523878257789;12.051888655905378;12.39687231851056;12.227916724201489;11.92184093707449;12.851553858429778;12.44190670454224;12.455584087578613;12.326148561205557;12.353146825498085;12.595723694101627;12.896899984419877;12.441128621804696;12.295768934420508;11.862637357558794;12.290018846932618;12.24198314969433;11.79766152585376;12.786065381163962;12.518161355756956;12.564625862795372;11.965784284662089;12.562957869334118;12.472437000051327;12.298062567719017;12.90613899619538;12.41256984680521;12.642051692927977;11.861862340059153;11.515699838284045;11.457380879072534;12.200285605224298;12.188588845707349;12.411510988012072;11.12023787734196;12.530406337099068;13.01017840402054;12.121857245612654;12.1373113907009;12.94104760634058;11.89633240390994;12.74420315113283;12.178353623512892;12.082481727863104;11.962534563511271;12.13699111208023;12.192292814470768;12.540854532113636;12.6142497276894;12.147204924942228;11.014717929860009;11.878050912728536;12.026177596889225;12.579080183834757;11.901621158346112;12.682775179067027;12.673309075561695;12.244958393151132;12.23212108408222;12.866699382882029;12.96000193206808;11.635718120331047;12.009128789539256;12.521109643651332;12.65642486327778;12.735132884139947;11.877667574067882;12.0744760007345;12.0911047583765;11.98584193700334;12.390168956200185;13.094407633081207;12.502831804066744;12.579315937580017;12.307770031890705;12.593857938858225;12.690652799348484;12.07648160120702;12.07045641594465;11.967226258835993;12.581906689308768;12.624567018674917;13.45455634396194;12.426264754702098;12.131856960608792
11.878817284614229;11.808159772868375;12.378565810000564;12.767977501603912;14.702551494620945;11.231821178657404;11.959277505720502;13.399678469152942;10.568906154502084;11.991521846075695;11.622051819456376;11.166163082646111;11.557942286787448;11.366868586167094;11.599912842187129;12.376125389276174;13.03823313473178;11.92035285541508;12.413098984915264;11.160501747555688;10.802516365121225;12.3009244909763;12.693704739225286;12.886649213371976;11.527477006060396;12.116668855967111;11.247334178028728;11.7714894695006;11.051208940914766;11.17367713630342;11.7300455028792;14.61200455628619;11.971902746045467;12.85350450102128;13.429668265133094;11.25797705856398;13.976832590067636;13.370687406807216;12.877284133523196;12.610332801911134;10.594324603924848;10.73809225962049;10.943247395901553;10.477758266443889;12.277287400130357;11.828929827651486;11.876516946565;13.585314678201458;13.585314678201458;11.066761932386909;12.797256217509783;11.535761377986656;11.00982861736811;10.421012855779226;10.93147623388679;13.276851386917684;12.319954310686944;12.967766627794514;12.65441226814894;12.5980525001616;11.478769619475765;12.989749275462133;12.686938171670388;11.185494924210866;13.12815547093924;13.128960950855696;12.13024878405069;11.44604940671655;10.943247395901553;11.046441948007311;9.967226258835993;11.622051819456376;12.559138055642384;12.145295334933598;11.792383614935188;12.54882190845875;13.150381968817848;13.150381968817848;13.88378880325996;12.93829314415169;11.77272694923985;12.196909442541138;10.19598729802851;9.357552004618084;14.454877592497168;14.702551494620945;12.005273656563938;11.905763049602792;13.191213472221284;13.401279536596528;12.488593333835407;10.258566033889933;11.271463027904376;10.924070185585345;12.13024878405069;12.886077584873094;12.295768934420508;13.341101799094083;11.834471049984222;10.909143047339898;10.369597346278676;11.345959596404112;12.225508720236;11.876516946565;12.1526017440192;12.453785055496157;9.927777962082342;12.095397022792556;10.635718120331047;11.29232163280204;11.417852514885896;9.927777962082342;12.094077685671904;12.980318117957545;12.38505348834615;13.186888010029962;13.506803437795648;12.82376527978966;13.109504215757006;13.780847301854957;13.263856019596082;13.146409569587783;13.676948765298388;12.352595231134304;12.749240939022329;13.122342701858912;12.301781962051106;12.497103357016876;12.889313822384397;12.85934065396752;12.82097669262124;13.011227255423254;13.511505595792482;12.426264754702098;13.060358182642142;13.684529482418489;12.85428402017621;13.07263508111231;12.561287945164828;13.245404150930328;13.214015491410844;13.483437927061503;13.303209948944776;13.304921669581672;12.827938080144987;12.736190500960928;12.581906689308768;12.85584179604994;13.109340968793225;12.533329732305834;12.908580264012734;13.046271406599123;13.445273555640638;13.093582623027908;12.87843414955929;11.643405277115674;12.780334708123895;12.667111542075029;12.473705749619416;13.100990784092762;12.820777301419088;12.647233549977043;12.664891669286089;13.557822655373068;12.852529509404196;12.950191349972702;13.445273555640638;13.066089190457772;11.98903963696239;12.893870304785096;11.679040186393062;12.218260498797305;13.095726668639047;13.1666338592993;13.64824521820721;12.967766627794514;13.70033133854138;13.059344460824423;12.526010107061737;13.035314609824391;12.967946705812707;13.04114576747633;13.170238052336648;12.851358649033513;12.971543553950772;12.950191349972702;13.309618456283072;12.51791539291587;13.062552139376775;13.726111699158672;13.094077685671904;12.213104219641906;12.166163082646111;12.25915476886684;13.27873982655011;12.773551346428505;13.589534115888812;13.35231935484684;12.555068391333338;12.33371442609397;12.401679525982452;12.988862172783447;12.25650356743304;11.024447124040648;13.376261076559688;13.140350496628438;13.784941508337056;12.901055432553273;12.85428402017621;13.123151432773575;12.609871287178828;13.21204034123855;13.373408960228696;12.69566329678802;13.226412192788786;13.388286419762649;13.111461739857722;13.269126679149418;10.332036548361652;12.691961564216788;13.510887765694012;12.382894168892134;13.029804847630697;12.6640027628865;12.859534786382651;13.157346935362844
2.0;1.0;1.0;6.614709844115208;0.0;2.807354922057604;1.0;0.0;0.0;0.0;0.0;0.0;1.584962500721156;4.087462841250339;1.0;1.0;4.754887502163468;4.643856189774724;0.0;1.584962500721156;0.0;4.584962500721156;2.807354922057604;2.584962500721156;0.0;1.0;1.0;3.0;8.43879185257826;2.584962500721156;0.0;0.0;3.807354922057604;1.584962500721156;1.584962500721156;4.0;1.0;1.0;3.321928094887362;1.0;2.0;0.0;6.569855608330948;2.321928094887362;3.700439718141092;0.0;1.0;2.0;2.0;3.169925001442312;3.584962500721156;2.584962500721156;3.0;1.584962500721156;3.169925001442312;6.022367813028454;0.0;1.584962500721156;4.321928094887363;2.807354922057604;2.321928094887362;3.4594316186372973;4.643856189774724;1.584962500721156;0.0;1.0;3.0;1.0;6.569855608330948;2.321928094887362;0.0;0.0;2.584962500721156;1.0;0.0;0.0;0.0;0.0;2.321928094887362;4.0;1.584962500721156;2.807354922057604;1.0;3.807354922057604;2.0;0.0;0.0;1.0;5.392317422778761;3.584962500721156;3.807354922057604;5.584962500721156;1.0;1.0;3.0;1.584962500721156;1.0;0.0;5.247927513443585;0.0;1.0;3.906890595608519;0.0;1.0;2.807354922057604;3.169925001442312;0.0;3.4594316186372973;2.321928094887362;0.0;3.4594316186372973;0.0;2.807354922057604;2.807354922057604;5.754887502163468;0.0;4.523561956057013;3.807354922057604;3.584962500721156;2.0;3.807354922057604;2.807354922057604;0.0;4.0;0.0;3.807354922057604;4.087462841250339;2.807354922057604;2.807354922057604;0.0;3.807354922057604;3.700439718141092;4.807354922057604;5.807354922057604;4.700439718141092;2.584962500721156;4.523561956057013;3.4594316186372973;2.321928094887362;3.4594316186372973;3.700439718141092;1.0;0.0;3.321928094887362;2.321928094887362;1.584962500721156;3.169925001442312;3.700439718141092;3.807354922057604;4.321928094887363;3.584962500721156;0.0;4.523561956057013;5.169925001442312;2.584962500721156;2.0;4.321928094887363;4.954196310386875;2.584962500721156;5.0;4.247927513443585;3.584962500721156;1.584962500721156;2.584962500721156;3.700439718141092;5.523561956057013;5.459431618637297;2.584962500721156;3.4594316186372973;5.20945336562895;2.807354922057604;0.0;2.321928094887362;3.807354922057604;2.807354922057604;0.0;0.0;5.0;2.807354922057604;3.169925001442312;4.584962500721156;2.807354922057604;3.169925001442312;1.0;4.700439718141092;3.700439718141092;3.169925001442312;3.584962500721156;5.426264754702098;3.807354922057604;3.700439718141092;0.0;2.321928094887362;3.906890595608519;3.584962500721156;4.087462841250339;3.0;4.321928094887363;3.321928094887362;0.0;3.169925001442312;4.754887502163468;3.700439718141092;2.584962500721156;2.321928094887362;2.584962500721156;4.247927513443585;3.0;2.0;1.0;3.0;2.321928094887362;3.584962500721156;4.700439718141092;3.4594316186372973;0.0;2.321928094887362;2.321928094887362;0.0;5.523561956057013;4.169925001442312;2.807354922057604;0.0;5.0;2.584962500721156;2.321928094887362
6.9886846867721655;7.531381460516312;8.62935662007961;4.807354922057604;11.394998514501673;10.027905996569883;8.714245517666123;6.794415866350106;7.686500527183218;7.714245517666122;9.712527000439824;9.442943495848729;11.397139806235604;6.569855608330948;8.257387842692651;9.517669388133813;9.398743691938192;12.605016447911364;10.066089190457772;6.643856189774724;7.257387842692652;10.051208940914766;10.785452468158542;8.233619676759702;7.971543553950772;6.087462841250339;9.564149489985732;8.379378367071261;8.475733430966399;7.888743248898259;5.459431618637297;4.0;8.049848549450562;7.693486957499325;6.599912842187128;9.41574176829009;7.539158811108031;11.03823313473178;7.994353436858858;9.447083226209651;10.279610581052484;9.276124405274238;9.918863237274596;9.014020470314934;9.831307243802051;9.278449458220482;10.970824901362615;10.335390354693924;10.335390354693924;7.149747119504682;7.05528243550119;6.0;6.459431618637297;10.675074920385445;8.108524456778168;7.74819284958946;5.087462841250339;8.965784284662087;9.057991722759176;7.826548487290915;9.791162888555018;9.541096615349524;10.28424574982967;6.539158811108031;2.584962500721156;9.430452551665532;6.303780748177103;6.870364719583405;9.918863237274596;9.283088353024002;4.906890595608519;9.712527000439824;9.08746284125034;8.357552004618084;8.08214904135387;7.179909090014935;7.108524456778169;7.108524456778169;7.179909090014935;7.159871336778389;11.158609688214478;9.603626344986193;8.927777962082342;9.805743872151618;8.707359132080883;11.394998514501673;9.857980995127573;7.118941072723508;10.559377090526684;9.533329732305834;10.1006623390052;10.33427328530719;4.321928094887363;5.426264754702098;6.303780748177103;8.672425341971495;8.370687406807217;8.280770770130603;7.857980995127572;9.968666793195208;7.383704292474052;8.087462841250339;10.365228849251544;10.970824901362615;9.57553924683453;8.20945336562895;6.954196310386875;8.011227255423254;10.458406613236534;10.777255315191924;6.129283016944966;6.954196310386875;10.346513733165636;8.294620748891628;12.617926556798752;5.523561956057013;8.543031820255237;8.257387842692651;8.861086905995395;6.285402218862249;8.74819284958946;10.44086916761087;5.554588851677638;8.734709620225837;6.129283016944966;8.535275376620802;8.870364719583405;5.087462841250339;8.005624549193879;8.134426320220927;7.768184324776926;8.005624549193879;9.264442600226602;10.79766152585376;10.634811050171718;8.731319031025064;9.090112419664289;8.758223214726724;8.45532722030456;10.072802534544207;8.700439718141093;5.0;5.554588851677638;8.584962500721156;9.974414589805528;9.63117705570398;10.665335917185176;9.113742166049189;7.86418614465428;9.036173612553483;9.221587121264806;5.584962500721156;10.57459352733761;9.12670447284319;9.79766152585376;6.78135971352466;9.623881490013458;7.971543553950772;6.9886846867721655;8.96289600533726;8.049848549450562;11.17617314910749;8.417852514885897;8.487840033823051;9.044394119358454;9.398743691938192;8.857980995127573;7.930737337562887;7.918863237274595;9.99435343685886;5.954196310386875;8.20945336562895;7.321928094887363;7.665335917185176;8.139551352398794;4.857980995127572;5.906890595608519;11.7431513941125;7.845490050944375;8.581200581924957;9.63117705570398;7.523561956057013;8.361943773735241;6.554588851677638;11.62662165235837;9.346513733165636;6.442943495848728;8.857980995127573;8.59245703726808;9.308339030139408;9.14974711950468;4.700439718141092;7.577428828035749;7.857980995127572;10.032045726930807;9.090112419664289;7.761551232444479;9.688250309133178;9.430452551665532;6.459431618637297;8.335390354693924;8.29920801838728;8.366322214245816;7.366322214245816;8.233619676759702;9.453270634010623;8.467605550082997;8.717676423066395;6.965784284662087;6.554588851677638;8.951284714966972;7.768184324776926;8.527477006060396;9.65642486327778;9.659995892429976;7.930737337562887;9.103287808412022;8.873444112515376;7.546894459887636;8.144658242831882;7.569855608330948;8.523561956057012;7.774787059601174;10.4797802640291;9.594324603924848;8.499845887083206
9.076815597050832;8.59245703726808;6.832890014164741;6.357552004618084;11.705200378063116;9.13699111208023;8.179909090014934;7.499845887083206;7.918863237274595;9.159871336778387;8.08214904135387;8.927777962082342;8.930737337562887;9.810571634741146;7.400879436282184;7.813781191217037;9.828136484194108;8.930737337562887;8.118941072723507;8.344295907915816;8.405141463136344;9.599912842187129;9.581200581924955;7.321928094887363;8.573647187493322;8.714245517666123;6.584962500721156;8.939579214314692;8.63662462054365;8.149747119504681;10.016808287686557;8.507794640198696;7.900866807980749;8.83605035505807;11.11504365016171;10.131856960608792;8.471675214392045;8.252665432450248;8.813781191217037;8.700439718141093;8.076815597050832;7.22881869049588;7.285402218862249;9.83605035505807;8.873444112515376;8.654636028527968;7.199672344836364;8.344295907915816;8.344295907915816;7.665335917185176;10.539158811108033;8.927777962082342;8.071462362556623;9.111135670234708;8.375039431346925;8.330916878114618;7.442943495848728;10.62844554013718;9.357552004618084;7.475733430966398;7.266786540694901;10.159871336778387;8.761551232444479;9.85642552862553;8.194756854422248;11.014020470314934;8.829722735086058;10.348728154231075;7.285402218862249;9.705632387361415;7.912889336229962;8.08214904135387;10.038918989292302;9.1006623390052;8.614709844115207;9.044394119358454;9.350939181546432;9.350939181546432;10.257387842692651;8.543031820255237;7.826548487290915;8.784634845557521;9.471675214392045;8.400879436282183;8.939579214314692;11.705200378063116;8.262094845370179;8.888743248898258;8.379378367071261;8.888743248898258;8.679480099505446;8.379378367071261;8.459431618637296;7.906890595608519;8.829722735086058;9.961449694398196;7.169925001442312;8.807354922057604;8.50382573799575;6.599912842187128;8.199672344836364;8.071462362556623;8.335390354693924;7.199672344836364;7.330916878114617;8.366322214245816;7.247927513443585;10.251482410620213;7.164906926675688;8.108524456778168;9.390168956200185;7.247927513443585;8.066089190457772;10.453270634010623;8.20945336562895;10.828136484194108;10.152284842306582;8.991521846075695;9.665335917185176;10.952013164889486;9.729620743553038;9.394462694610317;10.625708843064466;10.038918989292302;9.366322214245816;10.269126679149418;8.459431618637296;10.824958740528524;9.677719641641009;9.957102041562289;10.239598529249124;9.041659151637214;9.749869427396844;8.94251450533924;8.948367231584678;10.510764167917891;8.668884984266247;9.445014845868425;9.346513733165636;9.677719641641009;8.832890014164741;10.671541066711884;10.811374693509942;10.52943055414615;9.43879185257826;7.906890595608519;10.103287808412022;9.541096615349524;10.20945336562895;8.686500527183219;9.294620748891628;11.428360172704291;9.663558104217271;8.876516946565;9.287712379549449;8.618385502258606;9.63662462054365;10.350939181546432;9.791162888555018;9.7632123668144;9.98299357469431;9.428360172704291;9.285402218862249;10.62844554013718;9.868822554775;9.036173612553483;9.731319031025064;10.968666793195208;10.524541715035848;8.285402218862249;9.285402218862249;8.447083226209653;10.960725994839056;10.381542951184583;10.758223214726724;9.824958740528524;11.095397022792556;9.776433032444732;9.487840033823051;9.642051692927977;9.707359132080883;10.318542809702723;9.935165049603697;10.409390936137704;8.90388184573618;10.380461065088973;10.659995892429976;9.324180546618742;9.330916878114618;8.918863237274595;9.0;9.721099188707186;9.552669097514272;8.807354922057604;9.13699111208023;9.022367813028454;10.814582465906277;9.108524456778168;9.00842862207058;10.537218400538595;10.7657004876511;10.569855608330949;8.774787059601174;9.194756854422248;9.955649907528374;9.207014320177532;10.672425341971495;9.027905996569883;10.453270634010623;10.790348496751914;9.016808287686557;10.73893668167614;10.513727595952435;9.467605550082997;10.084808387804362;9.709083812550343;9.204571144249204;10.52061868055628;9.002815015607053;9.221587121264806;10.466586337719244;9.807354922057604;10.539158811108033;10.154818109052105;9.52943055414615;9.782998208920414
10.147204924942228;9.29232163280204;9.627533884472792;9.129283016944967;9.022367813028454;9.688250309133178;10.857203471508166;9.654636028527968;10.437752072323605;10.040289721025715;9.897845456005513;10.394462694610317;8.845490050944376;10.098032082960527;11.488844346457336;8.954196310386875;11.386401423640775;10.252665432450248;10.015415052386688;7.794415866350106;9.89026427702111;9.0;11.140190703191836;10.310612781659527;10.24555270625568;9.4241662888181;7.888743248898259;10.215532999745657;9.859534786382651;10.13699111208023;10.644757592516257;8.39231742277876;9.88264304936184;7.906890595608519;8.710806433699352;11.546894459887636;9.787902559391432;11.070791809423062;9.927777962082342;7.78135971352466;10.952013164889486;9.894817763307945;7.906890595608519;9.49585502688717;10.154818109052105;10.59898297103609;10.734709620225836;10.177419537989236;10.177419537989236;9.957102041562289;8.774787059601174;10.809768128710411;9.346513733165636;10.389093521904474;11.56652978262417;8.233619676759702;9.30149619498255;9.76155123244448;10.702172685365548;10.539158811108033;11.12088584278779;8.118941072723507;9.556506054671928;10.419960177847887;8.31741261376487;8.603626344986193;10.16867211813223;9.296916206879288;7.906890595608519;8.224001674198105;6.807354922057604;9.897845456005513;10.787086324551616;9.714245517666123;8.39231742277876;11.070120944476823;9.649256177517314;9.649256177517314;8.658211482751796;8.64745842645492;8.071462362556623;11.791569912126878;11.52061868055628;9.517669388133813;10.735556023911537;9.022367813028454;10.025139562278508;10.709083812550343;9.509775004326936;10.845490050944376;11.963979787815338;11.203348002979762;9.321928094887362;7.686500527183218;10.16867211813223;7.321928094887363;9.977279923499916;10.78135971352466;10.004220466318197;9.221587121264806;8.857980995127573;9.992938336165814;9.693486957499324;10.734709620225836;9.94104760634058;10.232420927176076;12.759680167210965;10.63026712502677;9.737247343027738;9.698704666770343;8.727920454563199;12.759680167210965;10.14338321398982;7.86418614465428;8.842350343413807;9.434628227636724;8.744833837499545;8.214319120800766;9.269126679149418;9.967226258835993;8.46352437327118;8.768184324776927;10.096715154488535;8.665335917185176;10.667998535672528;8.280770770130603;8.442943495848729;8.339850002884624;8.60733031374961;8.622051819456376;8.73809225962049;7.768184324776926;9.665335917185176;9.036173612553483;9.60917873814198;9.074141462752506;8.550746785383243;7.651051691178928;9.041659151637214;9.709083812550343;9.152284842306582;9.73640193131829;9.219168520462162;8.335390354693924;8.144658242831882;9.702172685365548;9.642051692927977;10.107217075591382;8.861086905995395;7.569855608330948;8.189824558880018;9.285402218862249;10.247927513443583;7.768184324776926;8.238404739325079;7.467605550082998;7.98299357469431;8.96289600533726;9.310612781659527;8.851749041416058;8.92184093707449;8.980139577639157;10.166163082646111;10.161131882984307;9.226412192788786;8.794415866350105;8.383704292474052;8.344295907915816;8.810571634741146;8.422064766172813;8.784634845557521;7.3750394313469245;9.560332834212442;8.823367240046235;8.442943495848729;8.804131021183318;9.874981347653774;11.459431618637296;6.768184324776926;8.413627929024173;9.840777923595054;8.92184093707449;9.3151495622563;9.092757140919852;9.036173612553483;9.426264754702098;8.74819284958946;9.036173612553483;9.625708843064466;8.214319120800766;9.918863237274596;7.417852514885898;9.0;8.027905996569885;7.686500527183218;6.754887502163468;9.157346935362844;8.640244936222345;8.092757140919852;8.658211482751796;9.964340867792416;9.172427508645482;8.774787059601174;7.03342300153745;9.124121311829189;8.888743248898258;9.661778097771988;8.62935662007961;9.707359132080883;9.169925001442312;8.603626344986193;9.23840473932508;9.539158811108033;7.800899899920305;9.098032082960527;9.643856189774723;7.672425341971495;8.430452551665532;9.86573327085176;8.909893083770042;8.689997971419446;7.98299357469431;10.758223214726724;9.131856960608792;8.876516946565;9.24555270625568
8.383704292474052;8.994353436858859;8.330916878114618;7.965784284662087;8.098032082960527;8.906890595608518;10.217957697864112;8.829722735086058;11.004220466318197;11.3066313617125;8.45532722030456;9.39660478118186;9.4655664048094;9.333155350310616;9.988684686772164;8.622051819456376;10.178664851006472;10.29117069932186;8.948367231584678;8.199672344836364;10.951284714966972;8.651051691178928;9.94104760634058;10.674192268145683;9.967226258835993;8.375039431346925;11.345959596404112;9.599912842187129;7.912889336229962;9.92184093707449;8.361943773735241;9.0;8.29920801838728;7.924812503605781;7.665335917185176;11.074810461160451;9.226412192788786;10.152284842306582;8.303780748177102;7.266786540694901;10.295768934420508;7.851749041416057;8.459431618637296;8.400879436282183;9.4655664048094;9.7431513941125;10.671541066711884;8.665335917185176;8.665335917185176;8.487840033823051;8.569855608330947;9.068778277985412;7.960001932068081;9.124121311829189;8.88264304936184;8.189824558880018;8.366322214245816;8.774787059601174;9.665335917185176;9.543031820255235;9.829722735086058;9.86418614465428;9.776433032444732;11.982637133669424;8.20945336562895;8.761551232444479;8.603626344986193;8.611024797307353;8.459431618637296;8.189824558880018;6.977279923499917;8.45532722030456;10.107217075591382;7.076815597050831;7.807354922057604;9.632995197142955;9.69522829149575;9.69522829149575;8.357552004618084;11.032734528586714;7.882643049361842;9.828136484194108;10.023754353299417;8.651051691178928;9.562242424221072;8.098032082960527;8.531381460516313;9.353146825498085;9.546894459887636;10.81698362325538;10.122827994807666;7.768184324776926;8.86418614465428;7.507794640198696;8.603626344986193;7.622051819456376;8.971543553950772;10.12670447284319;8.957102041562287;8.625708843064466;7.0;9.571752643503546;9.709083812550343;10.671541066711884;8.603626344986193;9.469641817239516;11.849405100947758;10.3409627642517;8.509775004326936;8.257387842692651;8.434628227636725;11.849405100947758;9.019590728357882;10.505811553919594;10.071462362556623;10.590587049915037;10.243173983472952;8.194756854422248;9.791162888555018;9.60177078840771;8.51175265376738;10.14210705730255;9.487840033823051;9.60177078840771;9.29232163280204;10.318542809702723;9.187352073200495;10.083479327331842;8.46352437327118;9.712527000439824;9.310612781659527;10.653740778706569;9.76983784362944;8.991521846075695;10.468624042918018;9.164906926675688;9.7714894695006;9.805743872151618;9.80896417491926;10.24436383512051;9.581200581924955;9.970105890612182;10.274960472140602;10.400879436282183;9.23840473932508;9.030667136246942;10.573647187493322;9.453270634010623;9.207014320177532;9.776433032444732;10.52258153125483;10.23840473932508;10.023754353299417;9.4797802640291;9.308339030139408;8.539158811108031;10.159871336778387;9.364134655008051;10.485829308701904;10.004220466318197;11.01262453886506;9.353146825498085;9.066089190457772;10.50481898763284;9.4655664048094;10.004220466318197;10.459431618637296;10.527477006060396;9.663558104217271;10.011227255423254;10.145932145820517;9.89026427702111;9.583082767502932;10.17367713630342;9.489847960439295;10.131856960608792;10.31628153174622;10.91737207947684;9.499845887083206;8.523561956057012;10.273795599214264;8.857980995127573;10.887982133058454;9.749869427396844;10.44190670454224;9.69522829149575;9.939579214314692;9.539158811108033;9.978710459106358;11.11178773580101;8.228818690495881;10.070120944476823;9.221587121264806;8.971543553950772;10.365228849251544;8.957102041562287;10.217957697864112;10.394462694610317;9.74819284958946;9.287712379549449;9.874981347653774;10.068778277985412;9.076815597050832;10.048486873992337;9.65284497300198;10.205793249397155;9.91288933622996;9.837627933171404;10.577428828035748;9.632995197142955;9.501837184902296;9.4797802640291;10.967946705812707;9.221587121264806;10.55170826162069;9.324180546618742;9.674192268145683;9.702172685365548;8.614709844115207;9.967226258835993;9.467605550082997;9.370687406807216;11.140829770773;9.483815777264256;9.935165049603697;9.91139198784346
11.94251450533924;9.625708843064466;11.97477306788934;11.179909090014934;12.863992637170805;9.893301530860564;11.773963368433558;11.592924155627635;11.310044679647506;13.082980613825388;8.546894459887637;10.600842114387302;11.98049663618346;11.895575282380683;8.422064766172813;11.424691191512954;12.977816540594027;9.207014320177532;12.868629668212655;12.541338657970826;9.055282435501187;11.382083590141969;12.465311308877183;12.523806958187327;12.218865910069676;11.436711542137214;9.96289600533726;9.226412192788786;10.64745842645492;10.535275376620802;12.40886043602476;11.973697366305352;10.914385132155443;11.779308973959898;13.33063682472329;12.349004718027745;10.593391122791736;10.007027266893967;10.909143047339898;6.954196310386875;12.60177078840771;11.371776644337924;11.558420713268664;11.790755750118311;12.20181761666792;11.985130373466898;14.24064228571925;13.52759918034517;13.52759918034517;8.45532722030456;11.532355925288847;11.154185209265297;12.096056239180946;13.116506417748072;10.610102062999664;12.586839787961829;9.264442600226602;13.772933092705356;11.773963368433558;11.669770888525518;10.310612781659527;11.7515440590891;10.933690654952231;12.671541066711884;11.61378946447258;13.194602975157968;11.280190792216906;13.480790201095816;11.558420713268664;14.655586623151422;8.654636028527968;8.546894459887637;11.818582177480858;10.349834091457248;11.03342300153745;9.290018846932618;14.328043750429078;14.328043750429078;11.725366257895642;12.383974232607851;10.623881490013458;10.040289721025715;11.909893083770042;11.127994320976391;11.984062369686436;12.863992637170805;12.71338651493703;10.957102041562289;10.728770849542665;11.375582512490508;11.086136225027309;11.696967526234287;10.92851837525789;10.227615943414223;11.280190792216906;12.231221180711186;10.324180546618742;11.69479315499995;11.251482410620213;7.774787059601174;12.906702732460795;8.894817763307943;14.793095228611756;14.24064228571925;10.741466986401146;10.426264754702098;7.693486957499325;13.111461739857722;11.003517912108602;11.192909219112012;10.749869427396844;7.693486957499325;10.824163209744158;11.794821973331224;10.81698362325538;10.370687406807216;11.597121428789569;11.611024797307351;12.165535141377925;10.731319031025064;11.220982851081777;11.401412878714178;10.9901039638575;11.766114757586722;10.492854620174748;11.82137539237254;10.00562454919388;10.852529509404196;11.180530807344482;11.047123912114026;11.81257844413538;11.517669388133813;12.0744760007345;11.40832974076739;11.394462694610317;10.79197682089869;11.314016703901355;11.828136484194108;11.544481522310791;12.04916787237217;10.488844346457336;11.064742764750257;11.131856960608792;11.988684686772164;11.098032082960527;10.77313920671969;12.161446847518008;11.461479447286155;11.211888294546004;11.809768128710411;11.594791118089264;11.273212809854334;11.791162888555018;11.22881869049588;11.407798850221974;11.271463027904376;11.919235786028349;11.281350514981035;10.090112419664289;12.011227255423254;12.099676554859643;11.549303368513575;11.553149275598548;11.91026795581084;12.019590728357882;10.657318449581288;11.898601387403938;11.52552080909507;12.71681946132995;10.62296694479051;11.102631888854969;11.007728114632254;11.159240650411672;10.84862294042934;11.059344460824423;10.470658874060552;11.253847484987404;12.025139562278508;11.038918989292302;10.96289600533726;12.112439506781552;10.932952892194717;12.083479327331842;11.192909219112012;10.481799431665753;11.815783544128184;10.162391328756906;11.090112419664289;11.611485943240922;11.724940118462358;11.3009244909763;9.722807531169549;11.396069557639867;11.086799685623452;11.641148597411233;10.83605035505807;11.581200581924955;11.845490050944376;11.336506559810257;10.808159772868375;12.540370243743569;12.827938080144987;11.079484783826816;11.909143047339898;11.83880998570856;12.147204924942228;11.779719355143405;9.874981347653774;10.7632123668144;10.81698362325538;10.974414589805528;11.51422090935813;12.303209948944776;11.583552930466483;11.724940118462358;10.562242424221072;11.339293300180094;12.06406908038551;9.489847960439295;11.50481898763284;11.157978449945432;12.14274527675153;11.860311054919482;13.254733389246674;11.934428040626804;11.215532999745657
10.309476353841106;8.060695931687555;9.060695931687556;5.321928094887363;6.409390936137702;9.278449458220482;8.83605035505807;9.826548487290914;8.361943773735241;9.20945336562895;9.068778277985412;8.523561956057012;8.499845887083206;8.74819284958946;8.985841937003341;7.679480099505446;8.823367240046235;9.445014845868425;8.50382573799575;6.700439718141092;8.044394119358454;8.614709844115207;9.12670447284319;9.57553924683453;7.451211111832329;8.344295907915816;7.03342300153745;9.388017285345136;9.29920801838728;9.430452551665532;9.586839787961829;8.471675214392045;7.303780748177103;8.129283016944967;6.044394119358453;8.071462362556623;9.044394119358454;8.569855608330947;8.761551232444479;9.810571634741146;8.710806433699352;7.022367813028454;7.592457037268081;8.861086905995395;9.13699111208023;8.581200581924957;9.20945336562895;8.72451385311995;8.72451385311995;8.654636028527968;6.768184324776926;8.854868383260236;5.882643049361842;8.76487159073609;8.49585502688717;7.011227255423254;8.321928094887362;8.134426320220927;9.3151495622563;7.851749041416057;8.290018846932618;8.290018846932618;8.159871336778389;8.897845456005511;7.523561956057013;7.20945336562895;9.055282435501187;9.162391328756906;7.592457037268081;9.390168956200185;7.507794640198696;9.068778277985412;9.224001674198105;7.832890014164741;6.584962500721156;8.159871336778389;7.434628227636725;7.434628227636725;9.219168520462162;7.876516946564999;9.333155350310616;9.159871336778387;9.014020470314934;8.366322214245816;9.030667136246942;6.409390936137702;9.011227255423254;8.778077129535358;9.682994583681683;9.35974956032233;8.321928094887362;8.434628227636725;8.611024797307353;7.741466986401146;9.055282435501187;8.326429487122303;8.854868383260236;8.118941072723507;7.800899899920305;8.487840033823051;9.044394119358454;8.531381460516313;8.842350343413807;9.20945336562895;8.348728154231077;9.0;9.840777923595054;9.144658242831882;8.116343961237469;7.357552004618084;7.076815597050831;9.840777923595054;8.45532722030456;7.86418614465428;8.888743248898258;8.20945336562895;8.778077129535358;7.741466986401146;8.0;7.78135971352466;8.055282435501189;8.643856189774725;7.845490050944375;8.087462841250339;8.50382573799575;9.26209484537018;8.92481250360578;7.417852514885898;7.912889336229962;8.098032082960527;9.233619676759702;8.640244936222345;8.290018846932618;8.164906926675688;9.515699838284045;8.20945336562895;8.312882955284355;8.870364719583405;8.800899899920305;9.3151495622563;9.179909090014934;7.820178962415188;7.800899899920305;8.813781191217037;8.174925682500678;7.22881869049588;8.787902559391432;8.271463027904375;8.294620748891628;8.194756854422248;8.426264754702098;7.554588851677638;8.665335917185176;9.111135670234708;8.499845887083206;7.523561956057013;9.264442600226602;8.285402218862249;8.845490050944376;8.842350343413807;8.611024797307353;8.707359132080883;8.294620748891628;8.727920454563199;8.118941072723507;9.098032082960527;9.00842862207058;8.89178370321831;7.392317422778761;8.81698362325538;7.614709844115208;7.672425341971495;7.483815777264256;9.527477006060396;8.539158811108031;7.894817763307944;8.375039431346925;8.515699838284043;9.121533517340032;6.977279923499917;8.897845456005511;7.321928094887363;8.820178962415188;7.894817763307944;8.447083226209653;8.539158811108031;8.276124405274238;8.584962500721156;8.43879185257826;8.543031820255237;8.361943773735241;8.071462362556623;8.228818690495881;8.31741261376487;8.344295907915816;8.784634845557521;8.577428828035748;8.727920454563199;8.098032082960527;7.366322214245816;7.366322214245816;8.791162888555018;7.539158811108031;8.219168520462162;8.60733031374961;8.703903573444663;8.90388184573618;8.696967526234287;8.400879436282183;8.164906926675688;8.312882955284355;8.672425341971495;9.306061689428342;9.124121311829189;9.417852514885896;8.581200581924957;8.88264304936184;8.581200581924957;8.303780748177102;8.266786540694902;8.375039431346925;7.734709620225838;9.074141462752506;8.851749041416058;8.247927513443585;8.558420713268664
15.719281855600723;14.40181283113763;15.981790233122128;14.850870509952257;15.539007310478777;14.944346034137832;14.465438862481518;13.862249900851513;14.747039071095468;15.027776438396309;14.893301530860564;16.076773851798702;13.559735568610495;15.403378244755723;14.390706372872774;13.742625227929604;15.799382817119824;13.601074338941668;15.387411549273724;13.912795797471484;15.021804150180538;15.326640145667014;15.220340536571577;13.970285676897028;12.845097960972977;14.832494484336111;13.40274562249569;14.645095473397046;14.327622812367087;14.866457915520613;14.69098010188875;14.46064786744042;14.57854959700868;14.922630856597424;16.574874352522286;15.628701839530242;14.880444474416525;15.809617421496366;14.174925682500678;14.355901638328415;15.456739424684264;12.518407276671365;12.733227217851562;15.097785250422774;15.644588622396691;14.815083036689858;14.659940163022307;15.523347545057028;15.523347545057028;14.16577065138376;14.446566409066069;14.953196112102098;14.484004665261676;15.537157720635289;15.3536637537493;15.28551059032077;14.81818270494864;15.40094612737388;15.83242031041946;13.95828082516902;13.777666280880757;16.264424273191484;14.476556363154812;14.572937025017309;14.01105249980062;14.608312584075923;14.786116445496004;15.659271242161411;12.733227217851562;14.980764372110905;12.257682480708766;14.893301530860564;16.026782772345964;14.332036548361652;12.923141750621268;14.712473263777524;15.229006529183849;15.229006529183849;14.517546370010448;14.276051686957688;14.861474675125772;14.999207286199535;15.442425193331609;14.842006522992188;14.50264536519756;15.539007310478777;15.44002561908878;14.635491406251711;14.716712305312454;15.42078264810612;15.631489711873252;14.221360549604992;14.451339918139356;14.2500763110564;14.786116445496004;14.26766453750112;14.552669097514272;14.876612867248582;14.46454575033394;12.61654884377899;13.937097908730966;14.090195140632224;15.438921772434345;14.659940163022307;14.276342538234491;14.84979602224561;13.568193653850074;15.949598764440694;16.44683291602549;13.84764464308332;14.392652831852152;13.568193653850074;14.587484541682912;15.423214415640684;14.813330278557986;14.26136038776592;15.812553376238958;14.750340614067264;15.663502512246056;14.092757140919852;14.836888658217545;15.338214076996175;14.281278059613976;15.45011579365922;13.936085781679678;15.50326673442109;14.214546800915006;14.176251079967246;14.49866225224872;15.067644430364023;15.228593251782884;15.802061917315704;15.451951591099233;15.627049332983116;15.599128302916348;14.543454800521978;15.675488477802894;15.331756712255473;14.978129475081916;15.794695077179211;13.95701132599393;14.180142265411972;14.370823606480757;15.126341495181183;14.841564347730577;14.918117851031772;16.025355881089116;14.64593982955815;14.704173837217375;15.379649117760035;15.97172316117676;14.627761852402616;15.853601963952638;15.38949690371638;15.650715202538128;14.443979542601252;15.213104219641906;14.6660020326449;13.888077294500452;15.663419120272492;15.968824264411325;15.507299124122763;14.696695908980187;15.144857364337296;15.6963427300819;14.773345291291273;15.960816477139623;15.05904865773655;15.786065381163962;14.814031637366591;14.288073008232963;14.74897898803824;14.661945066702316;14.621822947394202;14.715586686342135;13.392585756275468;14.565697126849214;16.065374058262666;14.989970965927848;15.269638078840112;15.596917676803711;14.38498605851085;15.520587989814569;14.757181632816716;14.977995368612962;14.460199895059583;13.857980995127573;15.036001852919863;15.664752813758891;15.93544133093119;15.16753575204684;13.171489577065657;14.826498834211773;15.099306712078496;16.11774454746234;15.605537391381006;14.85934065396752;16.06573166867087;14.825604786440406;14.508970809227256;15.553209286623323;15.964611618481191;14.750078862693847;14.80473605161403;15.022757912187137;15.783791186648823;15.227277490055496;14.251926157496388;14.513789269353788;14.520495913671905;14.723500967876427;14.911345170655972;15.682884885545228;15.502023728234784;15.467510029505554;14.138191790464695;15.427149130343736;15.998325981932126;13.536732889835417;14.927639092298246;14.425609311939068;16.219660127012876;15.254216677875489;15.794085820233253;15.552248810548477;14.824958740528524
9.7279204545632;8.154818109052105;9.409390936137704;6.0;8.927777962082342;10.759888183221834;9.579315937580017;10.624795455860236;8.219168520462162;8.957102041562287;8.744833837499545;9.333155350310616;8.977279923499916;10.015415052386688;8.754887502163468;8.303780748177102;10.399811959325683;9.91288933622996;9.319672120946995;7.954196310386875;8.507794640198696;10.553629293916364;9.871905237659186;8.997179480937621;6.614709844115208;8.257387842692651;7.807354922057604;7.948367231584678;10.987974524296153;9.469641817239516;9.147204924942228;8.643856189774725;9.226412192788786;6.794415866350106;7.930737337562887;10.571752643503546;7.108524456778169;8.980139577639157;9.057991722759176;7.467605550082998;11.25915476886684;7.348728154231077;7.159871336778389;9.69522829149575;9.584962500721156;8.997179480937621;9.83605035505807;9.451211111832327;9.451211111832327;8.727920454563199;7.912889336229962;8.823367240046235;7.954196310386875;10.916625922211235;9.090112419664289;8.169925001442312;9.491853096329674;7.686500527183218;10.0566377151132;9.192292814470768;8.558420713268664;9.696967526234287;9.599912842187129;6.426264754702098;7.930737337562887;7.118941072723508;8.51175265376738;9.774787059601174;7.159871336778389;7.665335917185176;7.768184324776926;8.744833837499545;10.224001674198105;8.353146825498083;5.977279923499917;8.991521846075695;8.321928094887362;8.321928094887362;8.731319031025064;8.611024797307353;8.535275376620802;10.019590728357882;9.759888183221834;9.59245703726808;10.304921669581672;8.927777962082342;8.228818690495881;8.50382573799575;10.15608307628868;9.92184093707449;9.147204924942228;7.257387842692652;6.321928094887363;8.129283016944967;8.51175265376738;6.918863237274595;8.233619676759702;8.603626344986193;8.682994583681683;6.044394119358453;8.98299357469431;8.672425341971495;8.714245517666123;9.83605035505807;8.499845887083206;9.319672120946995;7.643856189774724;9.961449694398196;9.005624549193879;7.622051819456376;9.285402218862249;7.643856189774724;8.727920454563199;10.80896417491926;8.7714894695006;9.857980995127573;9.861086905995396;8.643856189774725;9.977279923499916;10.251482410620213;8.784634845557521;9.108524456778168;9.306061689428342;9.887220615468385;8.98299357469431;10.61378946447258;9.25502856981873;10.164906926675688;8.721099188707186;9.50382573799575;10.188588845707349;9.707359132080883;9.381542951184583;9.36194377373524;9.722807531169549;8.78135971352466;10.121533517340032;9.76983784362944;9.06339508128851;10.594324603924848;9.634811050171718;9.226412192788786;8.791162888555018;9.829722735086058;8.861086905995395;9.787902559391432;10.492854620174748;9.873444112515376;9.027905996569883;8.774787059601174;9.654636028527968;10.047123912114026;10.681238411777803;9.517669388133813;9.541096615349524;9.08214904135387;9.346513733165636;9.584962500721156;10.635718120331047;10.546894459887636;9.91737207947684;8.76487159073609;9.324180546618742;10.872674880270605;9.071462362556623;10.124121311829189;10.501837184902296;9.988684686772164;9.23840473932508;8.658211482751796;8.67595703294175;9.005624549193879;9.35974956032233;9.60733031374961;10.585901449690772;8.682994583681683;10.30035256032822;10.563196272216738;9.226412192788786;9.337621901992508;10.169925001442312;9.036173612553483;10.563196272216738;9.7714894695006;9.068778277985412;9.3151495622563;9.776433032444732;9.34207466799914;9.91737207947684;10.445014845868425;8.588714635582264;7.924812503605781;9.276124405274238;9.326429487122304;9.394462694610317;8.546894459887637;9.965784284662089;9.733015321685963;8.625708843064466;9.326429487122304;9.820178962415188;10.591522346570734;8.89178370321831;8.977279923499916;9.663558104217271;9.906890595608518;9.594324603924848;9.084808387804362;10.049848549450562;8.64745842645492;9.768184324776929;9.729620743553038;10.279610581052484;9.29232163280204;10.17617314910749;9.674192268145683;10.405141463136344;10.227615943414223;8.682994583681683;9.753216749178955;9.403012023574997;9.627533884472792;10.287712379549449;10.4241662888181;9.509775004326936;8.971543553950772
12.56961830344664;10.519636252843211;11.287135186086704;10.947636937951827;11.563672959827514;12.057653339963936;11.151650829973422;11.62067804213541;11.213711798105672;11.92851837525789;11.947636937951827;11.576484346796851;12.173052457774116;12.021327032624372;10.30035256032822;11.253256579781151;12.45455634396194;11.144658242831882;12.247927513443583;11.828929827651486;11.52943055414615;11.688250309133178;11.42783660345852;12.011227255423254;10.30720080914081;11.489847960439295;10.79766152585376;10.825753832883112;11.43149760425805;11.150381968817848;11.16867211813223;11.506803437795648;11.393926675640415;11.46454575033394;13.19136771341894;12.23212108408222;11.749869427396844;11.596655667674662;10.71853287606922;11.832098846039134;11.084144010615145;9.398743691938192;11.208234358339787;12.019938156424796;11.780949798749663;11.737669863177452;11.449664538476192;12.045759661382682;12.045759661382682;10.243173983472952;10.679480099505446;11.768184324776929;11.157346935362844;12.045759661382682;11.713816080234498;12.260919533662904;11.35424938194524;12.510269670898175;11.774375272802065;10.900866807980748;11.519144787997414;11.707790495528824;10.696098170955864;10.61378946447258;11.171802288682985;12.835260918627489;10.61286849729104;10.698704666770343;11.208234358339787;11.839203788096944;9.092757140919852;11.947636937951827;12.337900602860929;10.067434360756522;10.897089128312755;11.043027283594547;11.761966695382092;11.761966695382092;11.667555107041132;12.374224426123732;11.75905593916017;11.091435386323608;11.679040186393062;11.35424938194524;11.634357301137976;11.563672959827514;12.217351905270334;11.780949798749663;11.129926933510394;11.1331422124006;11.4655664048094;11.43567026093655;11.439830883981392;10.93810932621924;10.61286849729104;12.244661144764198;11.493355121494906;12.166163082646111;11.393390457443989;8.974414589805527;11.022367813028454;11.244958393151132;11.12023787734196;11.449664538476192;10.655530723155644;11.101319154423276;9.794415866350104;12.252369767926028;10.956013078088098;11.028596777067108;11.314583244274194;9.794415866350104;10.83289001416474;11.655977862486942;10.646558710154547;12.84097456982188;11.592924155627635;10.997885127829113;11.588714635582264;12.270587340447513;11.028596777067108;11.186733289128869;12.241387363998935;11.232420927176076;11.385323176175872;12.101647450030766;10.606405212697783;11.43567026093655;11.453785055496157;11.393926675640415;11.562242424221072;11.13827180017222;11.81977993183848;10.897089128312755;11.53430288245463;11.861086905995396;10.7047682393626;10.837627933171404;11.44449728710381;11.57790083688697;11.113742166049189;12.215836309962455;11.914011328541257;11.830911279742782;11.186114239541643;10.263269200372662;11.720671786825555;11.358101707440849;11.665335917185176;10.97513145692134;11.451726268074506;12.509775004326936;11.659103963473662;11.171176797651771;10.884170519108435;10.862637357558794;11.117643101389092;11.699138625275914;11.73893668167614;11.43567026093655;12.053925881531104;11.618385502258606;11.092096414990792;12.233919208586975;11.602698865017963;11.421538906848276;11.526988205432009;11.894817763307945;12.14274527675153;10.971543553950772;11.191059214531656;10.767356854125683;12.252961036393684;12.36112133473479;11.929998062609029;11.978352958165145;12.763419874192088;11.651051691178928;10.977995368612962;11.388017285345136;11.375582512490508;12.058668250340572;11.946540803893104;12.159240650411672;10.728770849542665;11.98584193700334;12.428883552010191;11.199672344836364;10.816183681432342;10.905387005018133;11.265615046484458;11.33706433868474;11.101319154423276;10.981567281903017;10.906890595608518;10.813781191217036;12.690652799348484;11.12670447284319;10.92481250360578;12.639114563179414;12.644757592516257;12.023061249735337;11.134426320220928;11.573647187493322;11.984418458801136;11.386401423640775;11.925554439873554;11.54061240824953;12.196294745028265;12.26766453750112;10.817783121774534;12.049848549450562;11.9947069952581;11.396069557639867;12.192909219112012;12.242578689451346;10.905387005018133;11.53818893205242;12.374496145691516;11.782179193831208;11.67065624911844;11.137631598235428;12.868243817704636;12.214319120800766;11.16804526822409;12.347621368568134
3.700439718141092;3.4594316186372973;2.807354922057604;3.321928094887362;5.807354922057604;6.129283016944966;5.523561956057013;4.700439718141092;1.584962500721156;3.584962500721156;4.643856189774724;2.0;7.636624620543649;4.584962500721156;5.087462841250339;3.584962500721156;6.426264754702098;4.807354922057604;5.807354922057604;1.0;3.0;4.087462841250339;6.3750394313469245;5.20945336562895;5.285402218862249;6.727920454563199;4.459431618637297;3.700439718141092;4.807354922057604;6.0;1.584962500721156;3.169925001442312;4.807354922057604;3.584962500721156;3.4594316186372973;4.459431618637297;1.0;1.0;5.20945336562895;6.409390936137702;4.169925001442312;4.169925001442312;3.169925001442312;3.0;4.807354922057604;6.189824558880018;3.321928094887362;2.584962500721156;2.584962500721156;2.807354922057604;3.906890595608519;4.523561956057013;5.954196310386875;7.826548487290915;6.129283016944966;3.321928094887362;2.0;6.614709844115208;3.700439718141092;4.169925001442312;4.523561956057013;3.700439718141092;4.700439718141092;2.807354922057604;2.584962500721156;3.807354922057604;3.700439718141092;4.321928094887363;3.169925001442312;2.321928094887362;5.169925001442312;4.643856189774724;5.584962500721156;3.906890595608519;6.672425341971495;3.4594316186372973;5.426264754702098;5.426264754702098;2.0;5.807354922057604;0.0;5.087462841250339;2.584962500721156;3.4594316186372973;7.894817763307944;5.807354922057604;4.247927513443585;3.0;4.906890595608519;5.754887502163468;3.4594316186372973;7.807354922057604;1.0;3.0;3.700439718141092;8.118941072723507;3.700439718141092;3.807354922057604;5.0;4.0;2.321928094887362;5.169925001442312;3.321928094887362;3.321928094887362;5.392317422778761;5.20945336562895;4.459431618637297;5.754887502163468;2.321928094887362;2.0;6.727920454563199;4.459431618637297;4.700439718141092;4.247927513443585;4.087462841250339;7.483815777264256;5.672425341971495;4.807354922057604;6.247927513443585;7.426264754702098;5.087462841250339;4.321928094887363;6.614709844115208;7.592457037268081;8.149747119504681;8.31741261376487;6.189824558880018;6.0;5.129283016944966;3.0;5.614709844115208;5.169925001442312;8.0;5.0;5.643856189774724;3.584962500721156;6.044394119358453;5.044394119358453;6.894817763307944;6.266786540694901;7.614709844115208;7.383704292474052;6.9886846867721655;5.491853096329675;4.169925001442312;3.807354922057604;4.247927513443585;4.321928094887363;6.066089190457772;4.700439718141092;4.321928094887363;4.0;5.906890595608519;3.4594316186372973;5.357552004618084;5.285402218862249;5.672425341971495;6.658211482751795;9.734709620225836;5.554588851677638;7.0;5.247927513443585;7.622051819456376;7.794415866350106;4.807354922057604;5.357552004618084;4.459431618637297;4.247927513443585;6.266786540694901;6.0;4.584962500721156;5.754887502163468;8.29920801838728;6.870364719583405;6.044394119358453;5.614709844115208;7.679480099505446;5.584962500721156;3.169925001442312;5.247927513443585;5.672425341971495;7.851749041416057;6.700439718141092;6.918863237274595;4.321928094887363;6.658211482751795;7.118941072723508;6.303780748177103;3.584962500721156;4.087462841250339;7.554588851677638;6.285402218862249;5.584962500721156;4.584962500721156;5.554588851677638;2.0;6.6293566200796095;5.523561956057013;5.357552004618084;8.523561956057012;6.539158811108031;4.459431618637297;6.475733430966398;2.0;4.754887502163468;5.129283016944966;5.247927513443585;8.194756854422248;7.108524456778169;7.199672344836364;4.584962500721156;6.820178962415188;5.129283016944966;3.0;8.266786540694902;9.339850002884624;5.584962500721156;5.491853096329675;6.539158811108031;6.321928094887363;2.807354922057604;5.426264754702098;9.63117705570398;6.569855608330948;5.930737337562887;5.672425341971495
13.121209716409284;15.779565475879124;12.543031820255235;10.25502856981873;11.642051692927977;12.523561956057012;15.624538461483317;13.217200417367543;11.020979938904212;12.17804232886482;10.332036548361652;13.186114239541643;13.982280604558284;14.421341660174951;14.039176100715007;12.560093957642495;15.323899182397296;13.43514933836693;14.681897226786235;9.774787059601174;11.027214885159834;12.079151405421891;15.131374695840508;13.638322774748689;10.927777962082342;15.325094601552529;11.027905996569883;13.86544331103953;12.985130373466898;14.22693895727766;12.053925881531104;12.98049663618346;12.489847960439295;10.605479518061667;12.2600374211066;12.66222330531784;10.657318449581288;11.829722735086058;14.422984559025702;11.285980105928212;14.060864776563502;10.913637428049103;9.445014845868425;13.602234901341063;15.91164945522114;12.400879436282183;13.188279751964144;13.535882852751254;13.535882852751254;9.405141463136344;10.278449458220482;14.567718457850754;14.822620619400844;12.423641195075856;15.141428639639464;11.160501747555688;12.71338651493703;11.28828934218097;12.676838606474153;11.281930026955443;14.940359483663071;13.733862719678545;12.735979039613404;10.24198314969433;11.174925682500678;11.28424574982967;10.682994583681683;14.508599491009466;9.445014845868425;13.128638812852598;14.204112587787996;10.332036548361652;17.36577563532627;11.324180546618742;10.854089179870574;12.350939181546432;9.834471049984222;9.834471049984222;14.101154978600524;11.139551352398794;13.912421581778862;13.303067213842914;11.378294855911893;12.7858611057596;13.219471067394355;11.642051692927977;16.482067389905705;12.596422730717526;13.821475050096538;15.79172251636596;15.925647155084594;9.134426320220928;12.307485448589476;10.483815777264256;10.682994583681683;12.180530807344482;11.644757592516257;13.246889016274343;11.141468555393084;9.766528908598865;11.023754353299417;15.684173312155432;11.227014193649133;13.188279751964144;12.917931444281608;12.724727001534443;13.14194745831562;16.39971184285411;13.084891413444812;11.934428040626804;10.41256984680521;13.14194745831562;14.918444004900982;16.597659777700937;15.29652193486904;17.007914220097838;17.293615336407687;14.992938336165814;15.568074869523228;16.576882875224918;14.87238631240468;14.531137741444716;17.40294542791681;14.553629293916364;16.722233860482643;15.66300208808487;16.464130903108007;17.16173222474427;15.681814891361128;15.889456430504008;16.090794725845264;16.1539280143971;18.42471169164924;13.999823879015723;14.983884292164657;15.87067777047774;13.338875632131565;15.883836523264629;16.89478224484024;14.536125771600268;18.02971319916904;17.413305626789693;16.502754124132583;17.421218367308157;14.866168101329022;12.167418145831736;17.93494628935686;15.833952463570231;13.87872151038902;16.242597296108094;11.783816759320182;16.317854201936544;16.373884704681775;16.083977868501655;13.833977162388804;15.33758706059805;12.917185576336395;16.91186007617724;15.13270053623206;16.174769673304432;16.696369900759255;16.577325555510956;18.19060598715835;15.308801176032144;14.434823666219248;15.115328193371182;15.552549028017228;17.37741390351215;13.945626722229823;15.532173263273256;15.921190090204544;15.31153547057158;17.25831758924578;15.610419319489647;15.1741064459453;17.33848395848824;14.61769702930787;13.463013413449692;16.95402587106028;14.356864581418872;16.2864494687846;15.538219250644415;15.464928580385513;14.67656317260843;14.47307151430745;15.625965629058635;16.65954999687987;16.99995597176956;16.81037080018373;14.556685661897916;14.722167139781853;15.962286019717736;16.558555242135515;16.05775909311349;12.655754310144218;13.347759763219388;14.904493506096962;14.981165882862848;13.523194374830966;16.547978966547017;14.416005780559267;17.18624967933851;15.428229298205096;18.53652042751375;15.610794169053182;14.271171191139771;17.724280685977856;16.30524239122629;14.929027188980914;12.318260343712415;15.50711326170769;17.557433784751453;17.995065989342095;16.108994007649976;15.609380765954986;16.256282413904458;14.99147755834286;13.789941128390916;17.58620207760848;14.507670777134368;16.63157496997929;15.287676311722578;18.1492559115752;17.44686521655423;15.75243291716542;16.72446056109546
9.642051692927977;8.744833837499545;8.98299357469431;7.857980995127572;9.677719641641009;11.924070185585345;10.4797802640291;10.090112419664289;8.813781191217037;10.286557761607956;9.303780748177102;9.4757334309664;9.344295907915816;11.939211882666395;9.62935662007961;9.782998208920414;11.69522829149575;9.12670447284319;10.134426320220928;9.105908508571158;9.651051691178928;9.4241662888181;9.868822554775;8.997179480937621;8.164906926675688;12.165535141377925;8.912889336229961;9.095397022792556;6.266786540694901;9.4655664048094;7.011227255423254;8.098032082960527;10.323054760341646;9.321928094887362;10.145932145820517;9.554588851677638;8.471675214392045;9.095397022792556;10.084808387804362;9.562242424221072;8.228818690495881;7.622051819456376;8.936637939002571;9.659995892429976;11.558898981146704;10.691743519171276;8.800899899920305;10.717676423066395;10.717676423066395;9.878050912728536;7.129283016944966;10.679480099505446;9.712527000439824;8.507794640198696;10.44190670454224;8.774787059601174;8.614709844115207;11.7402023887679;10.744833837499543;9.674192268145683;9.946906274456396;9.918863237274596;10.684748620421626;8.405141463136344;7.491853096329675;10.517669388133813;8.88264304936184;7.794415866350106;8.936637939002571;8.442943495848729;9.111135670234708;9.303780748177102;11.822570830950168;9.712527000439824;9.594324603924848;10.303780748177102;10.815383295813538;10.815383295813538;9.52552080909507;9.712527000439824;8.271463027904375;10.434628227636724;9.459431618637296;8.927777962082342;9.878050912728536;9.677719641641009;10.437752072323605;9.517669388133813;10.084808387804362;10.754887502163468;10.584962500721156;7.888743248898259;8.164906926675688;8.252665432450248;8.88264304936184;10.410451351503994;9.487840033823051;10.532355925288847;10.091435386323608;8.89178370321831;8.76487159073609;11.468114886378098;7.531381460516312;8.800899899920305;10.0566377151132;10.203348002979762;10.437752072323605;11.117643101389092;9.395534135462302;9.57553924683453;10.321928094887362;10.437752072323605;9.90839262077375;10.393390457443989;9.447083226209651;8.810571634741146;10.65284497300198;9.981567281903017;10.654636028527968;9.411510988012072;9.91737207947684;10.200898605038445;8.948367231584678;10.103287808412022;9.52943055414615;11.21006248324023;10.294620748891628;9.569855608330949;10.075479149488016;10.352043425795433;11.078817949961978;10.760719947465624;10.721099188707186;9.581200581924955;10.371776644337924;9.497851836951115;10.926295994781112;10.16867211813223;12.162391328756906;10.603626344986193;10.573647187493322;9.539158811108033;9.527477006060396;10.436711542137214;9.840777923595054;9.707359132080883;11.382624026574916;10.332036548361652;9.93810932621924;10.088788238716909;10.370687406807216;9.368506461507693;10.50084187955693;10.471675214392045;10.169925001442312;9.605479518061667;9.64565843240871;10.051208940914766;10.388017285345136;10.75905593916017;10.715961990255144;9.804131021183318;10.199672344836364;10.690871009292314;9.661778097771988;10.294620748891628;10.858758099935422;10.019590728357882;10.032045726930807;10.552669097514272;9.489847960439295;9.22881869049588;9.36194377373524;10.676838606474153;10.719388820942084;8.396604781181859;9.874981347653774;11.255618749839597;10.443979542601252;10.384783750093352;10.672425341971495;9.79603960882977;11.103287808412022;10.24555270625568;9.89633240390994;9.022367813028454;9.74819284958946;9.984418458801136;10.585901449690772;10.064742764750257;9.73809225962049;8.744833837499545;10.08214904135387;10.333155350310616;10.447083226209651;9.4757334309664;10.393390457443989;10.824163209744158;10.247927513443583;9.3151495622563;10.049848549450562;10.95637615724967;9.929258408636972;9.038918989292302;10.610102062999664;10.685624839726357;10.869593843240784;10.755722153642282;10.14338321398982;9.507794640198696;10.172427508645482;10.456354415108288;11.139551352398794;10.442943495848729;10.91214085629572;10.14210705730255;10.721099188707186;10.89633240390994;7.199672344836364;9.643856189774723;9.721099188707186;10.428360172704291;10.9901039638575;10.788718332690458;9.758223214726724;10.20212382383046
13.582024340280569;12.373680833411614;13.34637521892801;12.24852060493843;9.758223214726724;13.100498088416886;12.340128273700588;12.244066464194818;12.36112133473479;13.2603315185576;12.983528071165097;13.896805403173513;11.644757592516257;13.79380649145577;11.571752643503546;12.169298695792843;13.986730898175647;13.457124331540804;12.253847484987404;11.52552080909507;12.958915156091347;12.574120435009748;12.830515206976838;12.904634621668151;11.081483438093674;12.312882955284357;12.053925881531104;11.47218311618954;12.948732239819616;12.639566818681828;12.303495376790377;12.489095315413504;11.669328004395904;13.128638812852598;12.100990784092762;13.387613489557392;13.061033601681112;13.12751076305637;12.002463438892535;12.781974367389338;13.237209960755022;11.150381968817848;12.070120944476823;12.804534402995223;13.585666769732402;13.086302118782552;12.43827205612483;13.585666769732402;13.585666769732402;11.671541066711884;12.51101135288224;12.826151214800207;12.681897226786235;13.271900672391544;13.17508167482833;10.844705764411938;12.7710767402628;10.910642730469624;13.695010739653238;12.645883554519004;12.349004718027745;13.713064257006153;12.430452551665532;12.483563888125094;12.185494924210866;10.698704666770343;12.643179767925549;11.717248005827646;12.070120944476823;13.18766136573912;11.451211111832327;12.983528071165097;13.88978912797328;12.381813295988316;10.861086905995396;12.642728643769;12.54906265857043;12.54906265857043;12.844901876019785;12.192292814470768;12.596888567027964;12.677058915711948;12.716176405807428;13.027733249752831;13.52845411076479;9.758223214726724;13.324461855977315;12.179909090014934;12.221587121264806;12.893680738390907;13.803929287974446;12.015066533230293;12.071462362556623;12.204265456136843;12.643179767925549;9.927777962082342;13.027733249752831;11.263269200372662;12.65284497300198;11.06204613772049;11.81498293642679;11.84979602224561;13.421933319310083;12.43827205612483;11.984418458801136;12.641148597411233;10.996473488733228;14.178898227573947;13.83110927535702;10.306061689428342;12.532599438672984;10.996473488733228;12.526499239136566;13.7124195251136;12.391780606013166;13.748821794614704;13.496229639354992;12.526499239136566;13.577310801689638;13.47218311618954;12.727282329212189;12.871520262329112;13.640809790793162;13.659215484753885;12.695880750257556;13.961901822341002;12.321646290991382;13.66077587818261;12.588480412829758;12.942697762886755;13.140670030415102;12.997532347526366;13.307912302492948;13.083313108650756;13.035658272294071;13.032906677628253;12.925183519434208;13.17195861907712;12.929628283024565;13.761031735466885;12.340406490853294;13.220831743981256;14.637700350270975;14.022194401760634;13.222493052246469;12.341240820538747;13.80564312177336;13.02894204332241;12.700439718141093;12.9901039638575;13.00105627463478;14.618270779580252;13.675736555361906;13.151967870968187;13.088788238716909;12.713171684314805;12.59245703726808;13.057145616910695;13.026869205263395;13.496229639354992;14.190364850745532;13.206098613995795;13.058668250340572;13.90190393807474;13.040803409847555;12.697619199078714;13.45236995480311;14.079818085212354;14.075646273153524;12.349004718027745;12.182083929510725;12.609640474436812;13.940130036481444;12.903693590364233;12.86978660094578;12.896710815726117;13.809466698537456;13.189670152603751;12.464800981655417;12.802718295983178;13.555907202377874;12.986197587206274;13.565935077540978;13.819280988364412;12.322209843748894;13.066089190457772;12.940130036481444;12.332875731152674;12.823964258486738;13.016634206836764;12.607792641919213;13.548581118165128;12.7402023887679;12.606636543579526;13.016982347533649;12.5262546938286;13.695119519675222;13.24555270625568;12.42783660345852;14.42816385650311;14.085389466973655;14.30370941062222;12.53503231452927;13.781052288362956;13.295768934420508;13.49210354247923;14.105090051046009;12.478769619475765;12.74188827273525;14.313875034039125;12.4189067312579;13.043539998771736;13.975041868009528;12.874981347653774;13.418774996331916;13.091600671887274;12.809768128710411;13.490098754884238;11.50084187955693;13.090277856857394;13.429668265133094;13.868050853745158;13.960364008877834;14.131696223597777;13.151016538892248;12.875557388803728
10.846273911349906;10.067434360756522;11.018200178813226;10.280770770130603;10.649256177517314;11.50084187955693;11.280770770130603;11.24436383512051;11.393926675640415;11.011926066306808;10.478769619475765;8.405141463136344;11.768184324776929;9.84862294042934;10.86418614465428;10.624795455860236;10.00842862207058;12.416533660199583;11.987264012072538;8.67595703294175;11.246146774635864;10.257387842692651;10.715961990255144;12.183325224524612;10.934428040626804;10.61378946447258;10.80332391904149;12.016808287686557;11.043710863347156;10.642954223480332;11.427312844134963;9.885696373339394;8.88264304936184;10.18239435340453;11.08214904135387;9.501837184902296;10.280770770130603;10.152284842306582;10.232420927176076;12.44785810495403;9.287712379549449;8.339850002884624;9.047123912114026;11.067434360756522;9.893301530860564;11.600377553107844;12.13859179463752;11.826945650415484;11.826945650415484;10.067434360756522;11.129283016944967;11.055282435501187;9.52552080909507;11.41679752760606;11.179287104646004;10.852529509404196;10.118941072723509;11.965423565810127;10.425215903299383;9.707359132080883;13.047975914170848;8.405141463136344;10.634811050171718;10.461479447286155;9.623881490013458;10.687375683437468;11.220378327695228;9.988684686772164;9.047123912114026;7.832890014164741;11.3066313617125;10.478769619475765;9.469641817239516;8.94251450533924;12.533573081389802;10.049848549450562;9.862637357558794;9.862637357558794;10.556506054671928;12.873444112515376;9.91288933622996;10.545929769085468;11.19537220740274;8.703903573444663;11.606405212697783;10.649256177517314;10.220378327695228;11.526988205432009;10.733015321685963;11.023061249735337;9.36194377373524;11.96902670215077;10.979425195331473;10.075479149488016;11.220378327695228;12.640244936222343;10.73047013718422;10.084808387804362;9.4757334309664;12.473705749619416;10.451211111832327;10.642954223480332;9.519636252843211;12.13859179463752;10.159871336778387;10.995767150877802;12.31741261376487;10.93147623388679;8.965784284662087;11.011926066306808;10.108524456778168;12.31741261376487;10.134426320220928;9.233619676759702;10.407267764244732;10.339850002884624;9.76155123244448;10.045759661382682;10.022367813028454;10.0566377151132;9.873444112515376;10.484822894262146;10.037546953962178;8.804131021183318;9.554588851677638;9.79603960882977;11.295194955880657;8.467605550082997;10.007027266893967;9.381542951184583;10.26209484537018;9.69522829149575;10.469641817239516;9.453270634010623;11.188588845707349;9.826548487290914;9.471675214392045;10.041659151637214;9.428360172704291;10.366322214245816;11.369052007001388;10.051208940914766;8.700439718141093;10.332036548361652;9.774787059601174;9.328674927327947;8.945443836377912;10.24198314969433;10.460455896309636;9.731319031025064;10.521600439723729;8.778077129535358;10.1331422124006;10.52258153125483;9.746514321138465;8.459431618637296;10.972261848733291;10.205793249397155;9.375039431346924;10.048486873992337;9.810571634741146;10.632086412835182;9.543031820255235;10.560332834212442;10.298062567719017;11.078817949961978;10.541096615349524;9.383704292474052;8.243173983472952;11.758223214726724;9.1006623390052;8.960001932068081;9.815383295813538;10.802516365121225;10.373952655370193;10.673309075561695;10.337621901992508;10.578372691360803;10.22881869049588;9.800899899920305;10.221587121264806;9.853309555403674;10.167418145831736;9.65284497300198;10.948367231584678;9.868822554775;9.744833837499543;10.214319120800766;9.845490050944376;10.210671343785622;10.296916206879288;9.766528908598865;9.271463027904376;9.419960177847887;9.975847968006784;9.778077129535358;10.523561956057012;10.045759661382682;9.992938336165814;8.813781191217037;8.686500527183219;9.41574176829009;9.14974711950468;7.20945336562895;10.353146825498085;9.554588851677638;10.308339030139408;10.62296694479051;9.159871336778387;9.668884984266247;9.774787059601174;9.521600439723729;10.414685235807214;10.193525360501216;10.217957697864112;10.00562454919388;10.125413470483316;10.363039630256514;10.230020435705637;10.075479149488016;9.642051692927977;8.060695931687555;11.1357092861044;10.052568050804153;9.800899899920305;9.696967526234287
10.439830883981392;11.4241662888181;10.989394499844732;8.876516946565;9.108524456778168;10.757390009366638;11.665780028329484;10.401946123976536;15.259596162488425;10.673309075561695;12.00105627463478;10.99435343685886;12.578372691360803;12.645208082774683;12.193525360501216;10.161131882984307;13.551107414066758;10.134426320220928;9.984418458801136;10.273795599214264;11.7632123668144;10.881878707600446;11.475226777742266;11.303209948944776;10.696098170955864;11.274378153246364;8.174925682500678;10.57459352733761;10.769011321097016;11.930737337562888;11.203959703239462;9.59618975614441;10.034798962577268;9.544964432789238;9.493855449240822;12.326429487122304;11.376668061857668;11.91176647065955;11.604553229079038;8.696967526234287;12.128638812852598;10.611024797307351;8.413627929024173;10.818582177480858;11.951284714966972;11.067434360756522;11.592924155627635;10.793603309279408;10.793603309279408;11.243769031961852;9.23840473932508;13.1666338592993;10.018200178813226;10.404077136241234;11.11829223302699;9.627533884472792;9.72451385311995;10.732167425663384;12.363587246524578;11.271463027904376;11.881113960675096;12.7402023887679;11.3437409184722;11.677279191312175;10.189824558880018;9.634811050171718;10.025139562278508;9.94397991434374;8.413627929024173;11.604553229079038;9.507794640198696;12.00105627463478;13.828830683574145;11.341518823245243;9.663558104217271;12.881878707600446;10.644757592516257;10.644757592516257;9.691743519171276;9.357552004618084;11.81498293642679;11.513234113806051;13.6074459096826;10.779719355143405;10.332036548361652;9.108524456778168;13.228968963402728;12.595956743943162;11.02997734658958;12.515453455388576;12.593391122791736;9.86727873970966;11.596655667674662;12.954378090144049;10.025139562278508;9.071462362556623;9.577428828035748;10.83289001416474;11.847448903982432;9.99717948093762;9.4757334309664;10.957102041562289;11.531868775177552;11.592924155627635;10.55170826162069;12.266786540694902;10.177419537989236;12.900678158743355;11.066761932386909;9.918863237274596;11.08746284125034;10.177419537989236;12.26238852375102;14.733492044300329;12.006676715308988;15.74025510247311;14.240269602231637;12.11504365016171;13.590119174107176;15.254954780337554;13.055112935995515;12.143702076857933;14.855987751337729;13.454813348512523;14.1524433018642;14.638775278489836;12.156399144871584;15.198176429605104;13.656536591838602;13.57553924683453;13.514097596819836;12.744413410557655;13.022020969646356;12.76632184795396;12.721099188707186;14.37218489648635;12.011576703176177;12.694140204076431;12.139551352398794;12.7638347994296;13.41903845415604;15.07485226326233;16.281096905274673;14.46601271418369;13.376261076559688;10.497851836951115;13.488593333835407;13.87315569848565;13.092096414990792;11.873444112515376;12.373137035802127;15.634442389953064;13.2659080092311;11.386401423640775;11.900112062977456;12.838022058304546;12.390706372872774;13.965243172556892;14.216745858195306;13.008253527096048;14.256356135514164;12.137951734715358;13.568312428397611;15.37937836707126;11.47269083924278;13.862831046897997;12.897467341721892;15.44782582664769;13.92740761294903;11.691743519171276;13.170238052336648;12.784430367484626;15.300888751952558;14.61114009761038;14.399077610477097;14.588656083459004;15.894509907532845;12.60130652612184;11.636171441635922;12.943247395901553;11.63026712502677;14.559974504523746;14.061286802320756;14.876085224549907;11.203959703239462;15.047975914170848;15.313414510885552;12.852919585123995;11.429929741353272;11.545929769085468;11.812979471251484;14.012013393872037;12.669992279616398;12.127349541059118;11.046441948007311;10.162391328756906;15.407400554068646;12.080151309614088;11.890644283619087;15.590002181442724;14.838022058304546;14.4697689885597;12.340406490853294;13.218260498797305;13.94982671075911;12.744833837499543;15.124202105660077;13.419433550705378;15.106317563279417;15.280770770130603;12.796242448203165;14.646277433703425;14.498225931349918;12.584727667963922;14.541459664055266;14.632143228628864;12.216442739160492;11.726643921483994;12.52135506255826;13.427443801793194;14.93304513317431;12.285402218862249;14.93258386928929;14.044479503612074;12.852919585123995;14.977592974394254
10.96289600533726;9.103287808412022;11.473705749619416;11.567956075415466;11.724087461793989;11.60177078840771;10.909893083770042;11.367414751246828;11.194141238863136;11.155450731312138;11.7988767681333;9.831307243802051;10.5401280385821;10.89026427702111;11.107217075591382;11.689997971419446;11.881878707600446;11.92851837525789;11.940680648424092;10.788718332690458;11.422064766172811;11.281350514981035;10.868050853745158;12.972979786066292;9.581200581924955;11.29117069932186;10.421012855779226;11.839203788096944;11.59944798152872;11.06204613772049;11.649256177517314;9.618385502258606;11.757806672197228;12.015415052386688;11.655977862486942;10.746514321138465;12.536732889835417;10.815383295813538;10.86418614465428;12.563196272216738;9.94104760634058;9.65284497300198;9.927777962082342;10.61654884377899;10.67065624911844;12.151650829973422;11.310044679647506;11.660441650209172;11.660441650209172;10.19598729802851;11.328113894833656;11.549303368513575;10.546894459887636;11.133784409179908;10.221587121264806;13.621365094314864;10.870364719583405;12.135067945777816;11.086799685623452;12.531381460516313;10.874981347653774;10.226412192788786;10.955649907528374;10.902375114486023;9.946906274456396;10.733015321685963;11.092096414990792;10.954196310386877;9.927777962082342;9.802516365121225;9.693486957499324;11.7988767681333;10.88340698638837;9.700439718141093;11.586370695113963;11.48683502156305;10.98299357469431;10.98299357469431;10.411510988012072;11.52943055414615;10.237209960755022;10.945443836377912;12.10459875356437;11.96289600533726;11.967586527296072;11.724087461793989;11.190442018782823;11.491352073563435;10.957827560833744;11.203348002979762;10.715104009236168;9.987264012072538;11.227615943414223;10.977995368612962;11.092096414990792;12.530893981193922;11.724087461793989;11.494855584491198;11.605016447911364;11.055282435501187;10.14210705730255;11.14210705730255;10.399811959325683;11.310044679647506;10.62662165235837;11.854868383260236;11.89633240390994;11.225809940623543;9.353146825498085;11.190442018782823;10.900112062977456;11.89633240390994;10.434628227636724;9.930737337562888;10.7047682393626;10.020979938904212;10.572700226487292;10.409390936137704;10.676838606474153;9.831307243802051;10.192292814470768;10.729620743553038;10.055282435501187;9.86727873970966;9.688250309133178;10.264442600226602;10.853309555403674;9.164906926675688;10.302638923787551;10.053925881531104;10.526499239136566;10.225207436943505;10.658211482751796;10.0566377151132;11.034798962577268;9.843921051289035;10.671541066711884;10.443979542601252;10.594324603924848;10.467605550082997;10.634811050171718;10.139551352398794;9.758223214726724;10.650154213675094;10.28886607416582;10.071462362556623;10.496853777388042;10.508785162064513;10.817783121774534;10.129283016944967;10.793603309279408;9.278449458220482;10.5401280385821;10.22881869049588;10.471675214392045;9.348728154231075;10.778077129535358;10.308339030139408;9.61654884377899;10.66266837551754;10.309476353841106;11.094077685671904;9.76155123244448;10.755722153642282;10.541096615349524;10.567956075415466;10.557463701597824;10.090112419664289;9.972979786066292;11.496853777388042;9.946906274456396;9.688250309133178;9.873444112515376;10.749031382040204;10.59245703726808;9.684748620421626;10.108524456778168;11.134426320220928;10.188588845707349;10.44604940671655;10.676838606474153;9.879583249612784;10.483815777264256;9.734709620225836;10.893301530860564;10.052568050804153;9.546894459887636;10.30035256032822;10.177419537989236;10.52943055414615;10.634811050171718;9.481799431665753;9.876516946565;10.25502856981873;10.550746785383245;10.391243589427445;10.256208688527389;10.955649907528374;10.569855608330949;9.409390936137704;9.93810932621924;10.506803437795648;10.124121311829189;9.074141462752506;10.664447284547972;10.36194377373524;10.778898476008376;10.86573327085176;9.700439718141093;9.642051692927977;9.899356922923111;10.345405246717796;10.667111542075029;10.50481898763284;10.776433032444732;10.004220466318197;10.54399845013454;10.967946705812707;10.536247215688128;9.968666793195208;10.034798962577268;10.029287226968243;11.081483438093674;10.897089128312755;10.51865315567339;10.095397022792556
12.075144844066315;10.386940245324311;10.163649676015824;10.52258153125483;9.91737207947684;11.917745013443216;10.271463027904376;8.665335917185176;7.948367231584678;9.296916206879288;7.531381460516312;9.207014320177532;12.274960472140602;10.020979938904212;10.15608307628868;8.326429487122303;10.497851836951115;9.805743872151618;9.090112419664289;8.247927513443585;8.59618975614441;9.296916206879288;10.30149619498255;8.778077129535358;13.010877723007034;9.226412192788786;8.113742166049189;9.381542951184583;8.717676423066395;10.41574176829009;8.011227255423254;11.970824901362615;11.044394119358454;7.330916878114617;12.042685372219353;10.450180247164754;8.184875342908283;9.214319120800766;10.473705749619416;7.05528243550119;10.81698362325538;6.930737337562887;7.0;8.643856189774725;10.561287945164828;9.94397991434374;8.870364719583405;8.721099188707186;8.721099188707186;9.702172685365548;11.6965329140783;8.813781191217037;9.485829308701904;9.552669097514272;10.015415052386688;9.335390354693924;7.442943495848728;8.027905996569885;10.615629636968098;9.7279204545632;9.330916878114618;9.236014191900084;10.898601387403938;8.566054038171092;9.710806433699352;8.92184093707449;12.017852331905962;9.731319031025064;7.0;10.335390354693924;11.130570562805426;7.531381460516312;11.17617314910749;8.778077129535358;6.658211482751795;8.81698362325538;8.689997971419446;8.689997971419446;9.977279923499916;9.618385502258606;10.779719355143405;10.481799431665753;9.449148645375436;8.661778097771988;8.124121311829187;9.91737207947684;10.08746284125034;9.426264754702098;11.169925001442312;11.428360172704291;10.12023787734196;9.39660478118186;10.298062567719017;10.025139562278508;12.017852331905962;10.539158811108033;7.894817763307944;11.84313591111135;9.08214904135387;8.451211111832329;9.157346935362844;9.022367813028454;8.558420713268664;8.870364719583405;9.422064766172811;11.263269200372662;8.266786540694902;10.215532999745657;9.61654884377899;10.052568050804153;7.965784284662087;8.266786540694902;9.328674927327947;10.90312867681232;10.776433032444732;8.243173983472952;10.19598729802851;9.89178370321831;10.618385502258606;9.679480099505446;10.083479327331842;10.448116305409464;9.157346935362844;11.43149760425805;9.131856960608792;9.954196310386877;10.3297963382207;8.442943495848729;9.7632123668144;10.200898605038445;10.4757334309664;10.346513733165636;10.476746203939468;10.276124405274238;10.564149489985732;9.533329732305834;10.4189067312579;10.44086916761087;10.263269200372662;11.208234358339787;11.855257827193196;9.467605550082997;9.333155350310616;10.186114239541643;10.835260918627489;8.507794640198696;11.640244936222343;10.095397022792556;9.91139198784346;11.018200178813226;9.786269627648466;9.18239435340453;10.397674632948268;12.076815597050832;9.813781191217036;9.722807531169549;10.252665432450248;9.878050912728536;8.558420713268664;10.824958740528524;10.388017285345136;10.793603309279408;10.210671343785622;10.806549621985962;9.842350343413807;10.993646060016596;12.282798858683533;10.11504365016171;9.49585502688717;10.661778097771988;9.86573327085176;9.958552715431011;9.357552004618084;10.4542992936199;10.658211482751796;10.369597346278676;9.65642486327778;10.591522346570734;11.40886043602476;9.353146825498085;10.48683502156305;9.400879436282183;11.589182967039353;9.779719355143405;10.871905237659186;9.682994583681683;8.417852514885897;10.271463027904376;10.726218159332198;10.8193807908646;10.398743691938192;8.252665432450248;11.037546953962178;10.61378946447258;10.550746785383245;9.560332834212442;10.044394119358454;9.442943495848729;9.818582177480858;9.319672120946995;10.377210530388552;10.389093521904474;9.533329732305834;11.140190703191836;10.220378327695228;10.816183681432342;10.332036548361652;10.074141462752506;9.868822554775;9.543031820255235;10.400879436282183;10.505811553919594;11.009128789539256;10.893301530860564;11.097373768990222;9.29232163280204;10.277287400130357;10.319672120946995;8.823367240046235;10.271463027904376;10.619302955415687;9.94104760634058;10.79197682089869;10.029287226968243;10.17617314910749;9.453270634010623
13.195218393762111;14.419762715196274;13.327973602613884;11.496853777388042;13.63537803585042;13.169768450518076;14.870653692051247;12.644081593265676;12.56652978262417;12.669770888525518;12.258860431409756;12.203959703239462;13.610332801911134;12.414685235807214;13.63185912728278;13.359886796473766;13.93737382019215;13.713923451576854;14.816133670338104;11.45994384837493;12.465311308877183;12.13859179463752;13.35933777352322;13.280915728185574;12.397139806235604;14.836149004245492;12.799484005620014;15.308410139144074;13.970645182266663;14.183635381473218;14.007728114632254;13.766218306486168;12.4983506079296;12.603394530887376;12.768391118304248;12.809567182259656;12.423903765836592;12.051208940914766;14.2895866650808;12.951284714966972;13.771902080697716;9.958552715431011;10.166163082646111;13.708868340211673;14.616606274763289;13.363450361943528;12.395534135462302;13.364818623655427;13.364818623655427;12.019243216603607;13.037890085142507;14.579315937580017;13.898884759593454;12.876900591040306;14.213863652749346;12.34318571544788;14.231446209183977;14.18247194894258;14.492666887405491;12.187042714339894;12.83821908050231;13.970195786555188;14.220453906972867;10.583082767502932;11.404609397837712;12.842153884634872;12.138911718142744;13.846665681899738;10.166163082646111;11.425215903299383;13.485829308701904;12.258860431409756;14.955014138983588;12.332316330199218;12.010528105886484;11.749450465569916;12.839006900339438;12.839006900339438;12.533086342167612;13.228518097716194;12.371776644337924;14.10345174171609;13.205182326228645;13.506803437795648;13.421144386530184;13.63537803585042;14.87022021164109;13.095067301607054;13.684200712989997;15.299744635481392;14.669272634318911;10.622051819456376;12.622280655215585;11.552669097514272;12.138911718142744;12.351215321855609;12.89954574499535;14.451533106039868;13.258271576282851;11.565102078360312;12.35947504884954;15.41399146563713;10.691743519171276;12.395534135462302;13.987530495164307;13.645883554519004;13.848818520317238;14.538795182866435;13.496791375733975;14.163571061458908;11.95746484680521;13.848818520317238;14.284968651604022;14.52545963517936;15.243583105672416;14.914431850797984;15.293399799686451;14.172740017049366;14.671375204743752;14.765027045188145;14.601190437202776;15.414354910667615;15.920911065923454;12.535275376620802;15.061539958530144;14.302210506548802;15.33552992757082;14.872193901756102;15.271754805646474;14.356520746950054;14.906373913076834;14.829970429316369;16.52689653687417;14.898790308381212;14.782230395898216;14.867230468859272;12.342630298678408;15.779129395477964;15.464832882395966;14.589182967039353;16.585432051592964;15.49928533899974;13.683433292835405;15.785963247077277;13.621822947394202;13.45930353278105;15.697402007502708;14.694466716478162;15.458566818342678;14.54248780619755;14.54803919301975;14.287135186086704;16.33152930544516;15.41481734468885;14.764042217306589;13.16427843830117;14.099347810403192;15.43420468652664;13.66211201631089;15.433846208442825;14.441128621804696;15.89732552331253;15.894201986050575;13.90275194485016;15.104680648097409;14.791773380858745;15.103533701383254;15.297955135077196;14.035572364351038;14.809064693647112;13.642051692927977;14.25214797976178;15.442003935385111;14.82172416429274;14.070372555390618;15.602321905896732;13.354662623474075;13.248668839723136;15.77151526115794;15.336401952259116;15.781001044466423;15.220378327695228;14.565578136784328;13.248224089668474;14.567540218990333;14.246740598493144;15.082107450145482;15.239225576001203;16.173247698871794;14.394529682980812;14.281278059613976;13.978352958165145;14.850382205652153;14.730735470170254;15.250816534285;15.16298131569552;13.783919045472931;15.266164302842398;14.74850735637577;13.763419874192088;13.314866431053176;14.987752526813004;14.193217322699065;15.314229182613673;15.434302437819635;14.050698944430026;16.34644447770918;14.753321227945042;12.964340867792416;12.14242620231898;14.7795141791435;15.08592883100414;16.425166719675538;14.954196310386877;14.324954015405382;14.341032283347769;14.381272555711789;15.48198858382487;15.354800344350595;15.191599044300682;15.169846728103668;14.819730045255342;15.14835741191725;15.602437903809587;14.81272884236756;15.191599044300682
14.215457162226734;12.311464515448444;13.505811553919594;12.31174831500496;13.260478544803934;14.914852250515;13.511134929484388;13.688250309133178;14.875269396979055;14.067686440615208;15.596160631677291;13.65798827627794;13.03737535776324;14.239374768870096;12.756556322524087;13.500592945893834;14.489408965226875;13.690107130050064;14.157978449945432;12.459431618637296;13.71831881047926;13.483563888125094;13.566054038171092;13.475353457730131;11.453785055496157;13.409656113059851;13.324180546618742;13.414024509878152;14.69582638996286;13.498849206531723;15.525673732536864;13.18084156556666;14.929951845343853;13.800293258223418;13.984863446633817;15.410484476928277;12.637983303777853;14.13016832814676;13.090443275081606;13.905292978554716;14.712580735100644;12.686719366021846;12.93147623388679;13.971184272404678;14.313945870709205;14.71091402925751;15.224265520922886;14.391646370605685;14.391646370605685;13.62662165235837;12.542306422582593;13.963167027293828;13.188279751964144;14.593274395169932;14.718746909901064;13.962534563511271;13.345543854110025;14.203653885529596;14.10533563706088;13.170863950411928;13.97271060143245;12.897467341721892;12.61815604777846;13.971184272404678;12.59362454970607;13.83180204609825;13.635264656539514;13.661221395067455;12.93147623388679;13.267371931265274;10.887982133058454;15.596160631677291;14.022367813028454;12.475986690870654;12.611255388699336;14.756139298372927;13.962624932457455;13.962624932457455;13.600377553107844;13.035830072835015;14.318048457920408;13.088622630607802;14.38350180422264;14.263635990357828;14.355901638328415;13.260478544803934;13.961992230928898;12.995767150877802;13.284534954008423;13.050698944430026;13.632995197142955;13.984062369686436;12.969206622964236;11.723660944409984;13.635264656539514;13.8668925276766;13.327973602613884;13.678710163506825;13.167418145831736;11.977995368612962;13.839400648988413;13.14863546054867;15.36843825381362;15.224265520922886;13.193987293919182;13.318260343712415;12.852139328187244;15.121412100507378;13.974638649046048;12.32755264408124;13.88312055740608;12.852139328187244;13.183015000882756;12.887220615468385;12.844117269587995;13.147681927770476;13.22881869049588;12.559616085812724;13.369188361147408;12.940313597145968;12.748821794614704;12.97172316117676;13.12395971059229;12.849209600569264;12.35837648032824;13.365092120346462;12.622051819456376;12.263269200372662;12.971543553950772;12.6965329140783;13.286124541533368;12.897656411251145;13.1722712290547;12.544240006441658;13.435800462194786;12.545688495560212;12.6373041221062;12.679480099505446;13.447212401572669;13.31415835985325;12.90651484484695;13.003166506665169;12.926110641785304;13.359063183678291;12.71488943423155;12.029632328044135;13.442425193331609;12.732167425663384;12.915692682615404;13.400612641082;13.336506559810257;13.269126679149418;13.437492010125352;12.742940950666588;12.719816603018126;12.234817431117325;13.13024878405069;12.911204709977175;13.033939140726387;13.24555270625568;13.457380879072534;13.579551652806565;12.565102078360312;13.536854282829797;13.207929445511668;12.99735592502038;13.345543854110025;13.285546712331335;13.355488751597942;13.52172311265785;12.71789058398728;12.392049039364183;12.992938336165814;13.46735081448758;13.19598729802851;12.466331422082767;13.43514933836693;13.631972774534868;12.846665681899738;12.797864137333749;13.147363943409283;13.024620264759832;13.301353290218836;13.162233958149615;12.958915156091347;13.33105688442662;12.883597907455398;12.7255792804196;12.81257844413538;12.785452468158542;13.133784409179908;11.862249900851513;12.835260918627489;12.763627351727628;12.592924155627635;12.491101496916537;13.630494661505578;13.100498088416886;12.786473845221302;12.962173031109709;13.260919533662904;13.40832974076739;12.651051691178928;12.107217075591382;13.37218489648635;13.415213598765286;13.338875632131565;13.238852526315656;13.101811569824005;12.999471572532684;12.41204051455165;13.382624026574916;13.623767203560284;13.28424574982967;13.545447181678094;13.126543160712323;12.764664292073348;13.255766257128808;12.092757140919852;12.791773380858745;12.889884170302828;12.731743290707842;14.001672077887289;14.321153001682084;12.973518004703717;12.868050853745158
1.0;1.0;1.0;0.0;1.0;1.584962500721156;1.0;1.0;1.584962500721156;1.584962500721156;2.584962500721156;1.584962500721156;1.584962500721156;1.0;2.0;0.0;2.0;0.0;1.0;1.0;2.584962500721156;1.0;1.0;0.0;1.584962500721156;2.0;0.0;1.0;0.0;2.584962500721156;1.0;0.0;2.0;2.0;0.0;1.584962500721156;1.0;2.321928094887362;1.0;0.0;2.584962500721156;2.0;1.0;0.0;1.584962500721156;1.0;1.0;1.584962500721156;1.584962500721156;0.0;2.321928094887362;0.0;1.0;2.0;3.0;1.584962500721156;2.0;0.0;2.584962500721156;1.0;1.0;2.0;1.0;0.0;1.0;0.0;1.0;0.0;1.0;1.584962500721156;0.0;2.584962500721156;1.584962500721156;1.0;1.0;0.0;0.0;0.0;1.0;2.0;1.0;0.0;0.0;0.0;2.321928094887362;1.0;1.0;0.0;0.0;0.0;2.0;0.0;0.0;1.0;1.0;1.0;1.584962500721156;1.0;0.0;1.0;1.584962500721156;0.0;1.0;1.0;1.0;0.0;1.584962500721156;3.0;1.584962500721156;2.0;0.0;1.584962500721156;0.0;2.0;0.0;1.584962500721156;1.0;1.0;2.321928094887362;1.584962500721156;0.0;2.321928094887362;1.584962500721156;2.0;0.0;2.584962500721156;0.0;1.0;0.0;0.0;2.0;2.321928094887362;1.0;2.321928094887362;1.584962500721156;0.0;0.0;1.584962500721156;2.321928094887362;2.0;0.0;2.0;2.584962500721156;1.584962500721156;1.0;1.584962500721156;1.584962500721156;1.584962500721156;1.584962500721156;1.584962500721156;2.584962500721156;2.0;1.584962500721156;1.0;0.0;1.0;2.321928094887362;0.0;2.321928094887362;0.0;1.0;1.0;1.0;2.0;2.0;1.0;2.321928094887362;1.584962500721156;2.0;1.0;1.0;0.0;1.584962500721156;1.0;1.0;0.0;2.0;1.0;2.0;1.584962500721156;2.0;2.0;2.0;0.0;2.0;0.0;0.0;3.0;0.0;1.0;0.0;1.0;1.0;1.584962500721156;2.321928094887362;2.0;1.584962500721156;1.0;2.0;2.584962500721156;3.0;2.584962500721156;2.584962500721156;2.807354922057604;1.584962500721156;1.584962500721156;2.584962500721156;0.0;0.0;1.0;1.0;1.0;2.584962500721156;1.0;1.584962500721156;1.0;2.0;3.321928094887362;0.0;2.0;1.584962500721156;2.807354922057604;3.0;1.0;2.807354922057604;2.321928094887362
9.623881490013458;7.658211482751795;7.409390936137702;9.312882955284357;10.294620748891628;8.280770770130603;8.643856189774725;8.611024797307353;8.016808287686555;10.177419537989236;9.189824558880018;10.54882190845875;9.546894459887636;8.005624549193879;10.027905996569883;8.224001674198105;9.194756854422248;9.768184324776929;9.579315937580017;6.820178962415188;8.64745842645492;8.900866807980748;8.049848549450562;10.339850002884624;8.912889336229961;8.43879185257826;7.247927513443585;10.293471648838134;8.005624549193879;8.430452551665532;8.303780748177102;9.533329732305834;9.899356922923111;8.515699838284043;7.392317422778761;9.818582177480858;6.794415866350106;8.599912842187127;7.906890595608519;8.487840033823051;7.768184324776926;4.523561956057013;7.022367813028454;8.199672344836364;8.948367231584678;8.731319031025064;7.491853096329675;9.049848549450562;9.049848549450562;9.002815015607053;9.684748620421626;7.807354922057604;9.39660478118186;7.714245517666122;9.407267764244732;7.954196310386875;8.0;9.834471049984222;9.394462694610317;10.181152256865566;8.303780748177102;7.577428828035749;8.550746785383243;6.672425341971495;7.383704292474052;7.499845887083206;9.59618975614441;9.199672344836364;7.022367813028454;7.554588851677638;6.918863237274595;9.189824558880018;8.761551232444479;6.149747119504682;10.32755264408124;9.157346935362844;7.686500527183218;7.686500527183218;9.027905996569883;8.199672344836364;8.654636028527968;9.753216749178955;7.499845887083206;7.266786540694901;7.665335917185176;10.294620748891628;9.204571144249204;8.79766152585376;9.016808287686557;8.63662462054365;9.124121311829189;8.060695931687555;7.451211111832329;6.614709844115208;9.59618975614441;7.870364719583405;9.08214904135387;8.851749041416058;8.933690654952233;10.210671343785622;8.179909090014934;8.618385502258606;5.930737337562887;7.491853096329675;8.62935662007961;9.134426320220928;10.735556023911537;8.640244936222345;8.149747119504681;6.672425341971495;8.915879378835774;10.735556023911537;8.335390354693924;7.491853096329675;7.539158811108031;6.189824558880018;7.651051691178928;6.754887502163468;7.643856189774724;6.768184324776926;6.20945336562895;7.665335917185176;6.285402218862249;8.044394119358454;6.94251450533924;7.800899899920305;7.977279923499917;6.303780748177103;6.087462841250339;8.005624549193879;7.658211482751795;7.507794640198696;7.60733031374961;7.022367813028454;8.20945336562895;5.977279923499917;8.51175265376738;7.011227255423254;7.954196310386875;9.038918989292302;8.721099188707186;6.754887502163468;6.569855608330948;6.832890014164741;7.0;7.807354922057604;8.603626344986193;7.6293566200796095;6.870364719583405;7.651051691178928;7.257387842692652;5.727920454563199;8.643856189774725;7.826548487290915;6.977279923499917;6.285402218862249;7.930737337562887;7.011227255423254;8.204571144249204;7.826548487290915;7.507794640198696;7.672425341971495;7.129283016944966;7.721099188707186;5.930737337562887;8.154818109052105;8.339850002884624;6.78135971352466;6.700439718141092;8.294620748891628;5.882643049361842;7.044394119358453;6.794415866350106;7.965784284662087;8.321928094887362;6.491853096329675;7.483815777264256;9.698704666770343;7.357552004618084;7.139551352398794;8.353146825498083;6.169925001442312;8.39231742277876;7.294620748891627;8.339850002884624;6.3750394313469245;6.022367813028454;7.03342300153745;7.876516946564999;8.29920801838728;6.727920454563199;6.266786540694901;8.016808287686555;7.409390936137702;7.22881869049588;6.906890595608519;7.276124405274237;7.467605550082998;7.118941072723508;6.149747119504682;7.189824558880018;7.826548487290915;6.426264754702098;6.108524456778169;7.483815777264256;7.189824558880018;7.734709620225838;8.39231742277876;7.592457037268081;6.727920454563199;6.930737337562887;6.894817763307944;7.714245517666122;7.011227255423254;8.326429487122303;7.507794640198696;7.539158811108031;7.3750394313469245;5.700439718141092;7.467605550082998;7.22881869049588;7.276124405274237;8.330916878114618;7.741466986401146;6.658211482751795;7.2384047393250786
11.227615943414223;9.233619676759702;11.11178773580101;9.605479518061667;8.149747119504681;10.635718120331047;9.99435343685886;10.330916878114618;10.084808387804362;10.851749041416058;10.130570562805426;9.792790294301064;8.968666793195208;10.043027283594547;9.83605035505807;9.375039431346924;10.405141463136344;10.677719641641009;10.227615943414223;8.471675214392045;10.121533517340032;9.599912842187129;10.00562454919388;11.258566033889933;9.4757334309664;9.622051819456376;9.306061689428342;10.705632387361415;9.672425341971495;9.64745842645492;10.715961990255144;9.583082767502932;8.857980995127573;10.757390009366638;9.319672120946995;9.199672344836364;10.41679752760606;9.840777923595054;9.469641817239516;12.062720767165043;9.407267764244732;7.651051691178928;9.509775004326936;10.323054760341646;10.321928094887362;9.659995892429976;10.679480099505446;11.352595231134304;11.352595231134304;9.967226258835993;10.945443836377912;9.854868383260236;8.344295907915816;10.276124405274238;10.600842114387302;10.44604940671655;10.459431618637296;10.450180247164754;10.181152256865566;10.44190670454224;9.283088353024002;10.348728154231075;9.247927513443583;10.665335917185176;9.276124405274238;8.679480099505446;10.355351096424812;10.909143047339898;9.509775004326936;10.35974956032233;9.388017285345136;10.130570562805426;10.091435386323608;8.118941072723507;10.283088353024002;9.86418614465428;10.680359523513712;10.680359523513712;9.90388184573618;11.118941072723509;10.470658874060552;9.668884984266247;10.632995197142955;10.14210705730255;10.610102062999664;8.149747119504681;10.395534135462302;10.4231159101471;9.876516946565;10.167418145831736;9.422064766172811;9.94397991434374;10.027905996569883;9.92035285541508;10.355351096424812;10.92184093707449;11.290018846932618;10.457380879072534;10.230020435705637;10.24555270625568;9.105908508571158;9.306061689428342;10.204571144249204;10.679480099505446;9.071462362556623;9.984418458801136;10.487840033823051;10.480790201095816;9.484822894262146;10.263269200372662;9.257387842692651;10.487840033823051;9.707359132080883;9.377210530388552;9.99859042974533;8.179909090014934;9.546894459887636;8.535275376620802;8.640244936222345;8.228818690495881;8.531381460516313;9.221587121264806;7.554588851677638;9.893301530860564;8.118941072723507;10.545929769085468;9.590587049915037;7.794415866350106;7.734709620225838;9.434628227636724;10.148476582178278;9.837627933171404;8.581200581924957;9.368506461507693;10.246740598493144;8.523561956057012;10.15608307628868;10.221587121264806;9.885696373339394;10.457380879072534;9.89633240390994;7.870364719583405;8.434628227636725;9.550746785383245;9.54882190845875;9.61286849729104;10.578372691360803;8.554588851677638;8.96289600533726;9.12670447284319;9.862637357558794;8.906890595608518;10.139551352398794;9.905387005018133;9.96289600533726;8.778077129535358;10.230020435705637;8.271463027904375;8.693486957499324;9.283088353024002;9.975847968006784;9.569855608330949;8.199672344836364;9.707359132080883;9.016808287686557;9.679480099505446;10.227615943414223;9.25974326369078;8.159871336778389;9.489847960439295;9.060695931687556;8.64745842645492;7.826548487290915;9.388017285345136;9.45532722030456;8.219168520462162;9.098032082960527;10.461479447286155;9.774787059601174;8.113742166049189;9.99859042974533;7.672425341971495;10.296916206879288;9.172427508645482;9.888743248898258;9.388017285345136;8.144658242831882;10.094077685671904;10.040289721025715;10.473705749619416;8.727920454563199;7.857980995127572;9.12670447284319;9.134426320220928;10.124121311829189;10.469641817239516;9.489847960439295;10.162391328756906;9.179909090014934;8.169925001442312;8.471675214392045;9.965784284662089;8.233619676759702;10.243173983472952;8.731319031025064;10.328674927327947;9.204571144249204;9.677719641641009;8.800899899920305;8.918863237274595;8.751544059089099;9.044394119358454;10.30149619498255;9.89026427702111;10.14210705730255;8.618385502258606;10.296916206879288;9.980139577639155;8.820178962415188;8.784634845557521;8.539158811108031;9.560332834212442;9.870364719583405;10.287712379549449;9.194756854422248;9.61286849729104
11.328113894833656;10.306061689428342;9.829722735086058;10.588714635582264;11.572700226487292;11.26620091249896;11.7279204545632;11.261507309202056;10.814582465906277;10.414685235807214;10.456354415108288;9.014020470314934;11.418379719364957;10.35974956032233;11.921469060531413;10.94104760634058;10.977279923499916;11.04916787237217;11.03342300153745;9.179909090014934;10.558420713268664;9.688250309133178;11.693486957499324;11.505811553919594;11.2603315185576;10.743992861060176;9.936637939002573;10.881113960675096;10.665335917185176;11.174925682500678;11.287135186086704;10.019590728357882;10.099347810403192;11.980853606379736;11.225809940623543;10.7047682393626;9.871905237659186;10.325305455089682;11.9762060901486;11.91214085629572;10.153552031708111;8.751544059089099;8.276124405274238;11.380461065088973;11.028596777067108;10.715104009236168;10.824958740528524;11.349281228817452;11.349281228817452;10.210671343785622;11.505811553919594;10.746514321138465;10.356451970221755;11.631631805917635;11.26795708440284;11.57553924683453;10.782998208920414;12.192292814470768;11.413098984915264;11.480285320936373;11.72749506902543;11.020979938904212;12.047123912114026;9.702172685365548;7.839203788096944;10.436711542137214;10.258566033889933;10.684748620421626;8.276124405274238;9.77313920671969;10.197216693110052;10.456354415108288;10.611024797307351;8.64745842645492;11.848231701093818;10.29232163280204;12.088125692188209;12.088125692188209;10.304921669581672;11.805743872151618;10.447083226209651;11.991876099003417;11.653292945382814;10.014020470314934;12.025831668332026;11.572700226487292;9.64745842645492;11.185494924210866;11.519636252843211;12.769217996126503;10.71338651493703;12.75446999527562;9.642051692927977;9.94104760634058;10.258566033889933;10.487840033823051;10.11504365016171;13.494105548061054;9.92481250360578;10.900112062977456;10.925554439873554;11.200285605224298;10.036173612553483;10.824958740528524;11.480285320936373;11.915879378835774;10.51865315567339;11.097373768990222;9.957827560833744;10.794415866350104;10.43254190038826;10.51865315567339;10.337621901992508;11.520127550324853;11.77313920671969;10.782998208920414;11.590587049915037;11.625708843064466;12.155134454857755;11.273212809854334;11.572226512793694;12.44190670454224;10.685624839726357;11.278449458220482;10.462502272597265;11.199672344836364;11.79644525906185;9.871905237659186;11.31797782240712;11.352043425795433;11.627533884472792;11.841171189248543;12.189515729800194;11.131856960608792;12.756347825516588;11.505811553919594;11.913637428049103;12.134747168669016;11.726218159332198;12.044735626056909;12.804937672051908;11.029287226968243;10.688250309133178;11.782588759494963;11.625708843064466;10.902375114486023;11.70173963867435;11.579315937580017;11.771902080697716;11.715533063526584;12.014717929860009;10.585901449690772;12.157031074378354;13.199672344836364;11.88264304936184;10.564149489985732;11.82137539237254;11.521600439723729;10.59618975614441;12.067098185748383;11.603162679534382;11.30890780406394;11.476746203939468;12.002111776479852;11.781769511863132;12.545447181678094;12.735556023911537;11.203348002979762;10.49585502688717;12.072802534544207;11.072802534544207;11.171176797651771;11.096715154488535;11.737669863177452;11.929998062609029;11.203348002979762;11.119589620741122;12.068442416025826;11.531868775177552;11.513234113806051;11.962534563511271;11.007728114632254;12.32333628928017;11.094737505048093;12.01262453886506;11.27029532647204;10.177419537989236;11.888362741170644;11.776021715252812;12.326148561205557;11.955649907528374;10.674192268145683;11.121533517340032;11.179287104646004;12.39419471001943;11.725366257895642;11.382624026574916;11.486332252768664;11.63026712502677;10.025139562278508;11.227014193649133;11.501339618061396;11.525031345124;10.46352437327118;11.89822347121556;11.724087461793989;12.201511344500146;11.639340708652233;11.10459875356437;11.152284842306582;11.829722735086058;11.366868586167094;12.262682142362165;12.097373768990222;12.268249571994492;10.861086905995396;12.055282435501187;11.858758099935422;10.28424574982967;11.560332834212442;11.314583244274194;11.334831928118;11.729620743553038;11.418379719364957;11.936637939002573;11.42574042431621
13.969386521342283;12.62935662007961;13.92035285541508;11.809768128710411;12.24347153839633;13.51582301395463;12.711451886714766;12.189206834597025;13.217351905270334;13.48758884638603;13.092096414990792;14.252369767926028;12.78074479767779;13.871520262329112;12.815383295813538;12.727069558023706;14.777512182465973;13.259596162488425;13.24272753598652;12.096715154488535;13.622280655215585;13.530893981193922;13.682226521505408;12.81977993183848;11.270879295328784;12.927777962082342;12.594557879863732;11.984418458801136;13.324461855977315;12.380190466749834;13.049338071751931;13.154185209265297;13.154818109052105;12.62159403901754;13.70865283568653;14.179364867483423;13.474212937193943;13.728133100306216;12.71789058398728;12.984596470404904;13.583435404089418;12.741256297092136;11.507794640198696;13.450180247164754;13.9153192176791;13.742309436084;13.623195635452936;13.99143326925044;13.99143326925044;12.355351096424812;12.684967725143876;13.33915409093206;12.282798858683533;13.733650916838716;13.494230581214564;13.211127820625654;13.440739423014271;13.498101243994851;14.189515729800194;12.26238852375102;12.419170165028538;14.013235425078475;12.989571898558868;13.171489577065657;12.830119025444516;12.999471572532684;12.7710767402628;13.285257710919934;11.507794640198696;13.969206622964236;11.724087461793989;13.092096414990792;15.043411837058834;13.502707514164372;10.987264012072538;13.210823518780844;13.606867837374152;13.606867837374152;13.067098185748383;13.640018932455783;13.07045641594465;13.310612781659527;13.648582283363735;13.655754310144218;14.060527067048644;12.24347153839633;13.99806148563642;12.63594479878872;13.18874336774904;13.080151309614088;13.87872151038902;13.385592813601365;12.7047682393626;12.872482508106724;12.7710767402628;12.742730476519174;12.768184324776929;12.623195635452936;13.016808287686557;10.603626344986193;13.026523442519766;12.883216040052192;14.187584048820597;13.623195635452936;12.599912842187129;12.993115299679175;10.533329732305834;14.571278618514595;13.942239575363963;12.26209484537018;12.95764621521841;10.533329732305834;13.33371442609397;13.85047987973505;12.796648041413844;12.940680648424092;13.967586527296072;13.188125180255538;14.051123954019456;13.233170262382703;13.124606006959192;13.23212108408222;13.660998653822476;13.84960057483748;12.39419471001943;14.075061255605394;12.42259043389256;13.30435132166324;12.928148216169037;13.268249571994492;13.71831881047926;13.701956178268135;13.507051302247916;13.456611099574918;12.996296936687374;12.828929827651486;13.578018814974364;13.4806639976193;13.32558654521057;14.0515488384404;12.50457073932441;13.22022715726067;13.733545003757078;13.556506054671928;13.4231159101471;12.611024797307351;13.93737382019215;13.214622686302336;13.483941705343671;13.39110930404168;13.542548262335211;13.51422090935813;13.860408059124657;13.302781701267095;13.632086412835182;13.106890045092218;13.047123912114026;13.152284842306582;12.76632184795396;14.011489349172887;13.809366207816078;13.716176405807428;13.157662727208448;13.715211284771843;13.867375276565458;12.924998023446696;13.885601054714876;13.581200581924955;14.276560638218411;12.317695245765163;12.391243589427445;12.56724310527944;13.548219857354203;12.838416075797335;13.24198314969433;11.943247395901553;13.48708634027127;13.845392038441137;13.192909219112012;13.14194745831562;14.074392373511284;13.132660377147287;13.814582465906277;13.430844535105216;12.57530287507339;13.001760028327215;12.947454306767218;13.088125692188209;13.50519128001998;13.372457000417915;12.985486199104637;12.466841208321602;12.924441392339196;13.04882741336389;13.673529924401144;13.112928141855113;13.66478058593351;14.035486451292154;13.07865119332527;13.446824840780309;14.062299160732609;14.33336502911934;12.654636028527968;13.445144206553636;13.746094383705463;14.06373212019692;14.19136771341894;12.307485448589476;12.81257844413538;13.309618456283072;13.198598511485049;13.414024509878152;14.337900602860929;13.7279204545632;13.512493573945038;13.08530646999156;13.62296694479051;14.295266715687722;12.53503231452927;13.125252013928852;13.52061868055628;14.28828934218097;13.48708634027127;14.46735081448758;13.659661483688078;13.054773877229938
4.247927513443585;6.507794640198696;3.0;6.357552004618084;10.78053976747196;7.409390936137702;5.523561956057013;4.459431618637297;6.475733430966398;5.0;5.426264754702098;3.906890595608519;5.392317422778761;7.076815597050831;4.392317422778761;4.754887502163468;6.285402218862249;6.169925001442312;4.392317422778761;6.149747119504682;4.459431618637297;6.599912842187128;8.672425341971495;6.392317422778761;11.201511344500146;10.074141462752506;9.756556322524087;4.754887502163468;6.507794640198696;5.700439718141092;5.357552004618084;9.428360172704291;6.169925001442312;11.804534402995223;7.491853096329675;10.14210705730255;3.807354922057604;6.882643049361842;5.285402218862249;2.584962500721156;7.199672344836364;5.357552004618084;5.357552004618084;6.149747119504682;8.897845456005511;6.409390936137702;4.700439718141092;7.693486957499325;7.693486957499325;5.285402218862249;10.144658242831882;7.707359132080882;4.523561956057013;5.357552004618084;5.087462841250339;4.754887502163468;3.0;11.330916878114618;8.727920454563199;4.392317422778761;5.554588851677638;9.948367231584678;9.357552004618084;3.584962500721156;8.92481250360578;10.1006623390052;6.108524456778169;4.392317422778761;5.357552004618084;5.247927513443585;3.807354922057604;5.426264754702098;6.357552004618084;4.0;9.710806433699352;6.539158811108031;13.013322673425447;13.013322673425447;4.0;5.727920454563199;5.584962500721156;7.219168520462161;8.044394119358454;7.05528243550119;5.700439718141092;10.78053976747196;6.507794640198696;7.357552004618084;6.266786540694901;10.0;6.554588851677638;5.247927513443585;3.700439718141092;2.321928094887362;6.108524456778169;4.087462841250339;6.507794640198696;6.108524456778169;5.643856189774724;3.169925001442312;3.0;6.3750394313469245;7.882643049361842;4.700439718141092;5.977279923499917;8.066089190457772;3.807354922057604;8.900866807980748;7.243173983472951;7.330916878114617;5.392317422778761;3.807354922057604;5.78135971352466;8.92481250360578;9.726218159332198;5.247927513443585;8.81698362325538;8.417852514885897;8.527477006060396;5.0;5.882643049361842;10.03342300153745;7.483815777264256;8.643856189774725;7.851749041416057;7.845490050944375;7.087462841250339;6.599912842187128;7.78135971352466;8.651051691178928;9.068778277985412;8.471675214392045;8.124121311829187;10.492854620174748;9.67595703294175;7.139551352398794;9.674192268145683;10.439830883981392;9.216745858195306;10.583082767502932;5.700439718141092;5.087462841250339;5.247927513443585;8.900866807980748;10.923327485419192;9.493855449240822;8.59245703726808;7.721099188707186;6.554588851677638;9.108524456778168;8.519636252843213;5.087462841250339;10.019590728357882;8.479780264029099;9.826548487290914;7.539158811108031;8.483815777264256;8.507794640198696;4.169925001442312;9.94104760634058;9.467605550082997;10.43567026093655;8.29920801838728;7.531381460516312;9.390168956200185;8.577428828035748;8.588714635582264;7.426264754702098;7.851749041416057;8.426264754702098;6.794415866350106;7.60733031374961;6.459431618637297;6.569855608330948;5.247927513443585;4.087462841250339;6.20945336562895;10.068778277985412;8.73809225962049;7.129283016944966;11.165535141377925;5.247927513443585;8.022367813028454;7.087462841250339;9.129283016944967;6.507794640198696;4.857980995127572;6.965784284662087;8.930737337562887;9.162391328756906;6.870364719583405;3.321928094887362;7.651051691178928;9.068778277985412;11.000704269011246;8.848622940429339;6.303780748177103;10.166163082646111;8.569855608330947;4.643856189774724;9.129283016944967;8.055282435501189;7.03342300153745;7.169925001442312;8.184875342908283;9.65284497300198;9.108524456778168;6.357552004618084;7.2384047393250786;6.658211482751795;9.59245703726808;6.794415866350106;8.087462841250339;9.729620743553038;7.266786540694901;4.807354922057604;9.51175265376738;9.174925682500678;5.321928094887363;7.499845887083206;7.845490050944375;9.63117705570398;6.22881869049588;9.505811553919594;10.152284842306582;7.076815597050831
10.787086324551616;9.290018846932618;9.287712379549449;6.727920454563199;13.185494924210866;8.339850002884624;10.669770888525518;5.0;10.564149489985732;12.14210705730255;10.827342704234116;10.531381460516313;9.733015321685963;8.807354922057604;11.086799685623452;10.83368074865474;9.461479447286155;10.4542992936199;11.857592285697526;9.521600439723729;10.927037168720297;11.055960234452296;10.294620748891628;10.828136484194108;7.707359132080882;8.103287808412022;11.441388029346689;10.492854620174748;4.247927513443585;10.61194694181998;6.149747119504682;6.392317422778761;10.888743248898258;7.098032082960526;8.603626344986193;9.303780748177102;13.096385734452651;8.991521846075695;10.324180546618742;11.36139553316589;11.184875342908285;7.303780748177103;9.554588851677638;12.069114061773938;10.967946705812707;10.768184324776929;8.43879185257826;11.197216693110052;11.197216693110052;10.888743248898258;8.7714894695006;10.57459352733761;11.108524456778168;13.14386148186786;11.743572188935634;11.190442018782823;8.870364719583405;7.714245517666122;8.820178962415188;11.4241662888181;6.491853096329675;6.554588851677638;8.651051691178928;7.693486957499325;6.714245517666122;10.513727595952435;9.417852514885896;11.706927639617405;9.554588851677638;11.287712379549449;9.353146825498085;10.827342704234116;9.06339508128851;7.357552004618084;7.108524456778169;8.344295907915816;11.197216693110052;11.197216693110052;6.882643049361842;8.611024797307353;10.832098846039134;10.96650545190574;7.22881869049588;11.249706056969703;7.285402218862249;13.185494924210866;10.318542809702723;11.892163309861964;8.81698362325538;8.303780748177102;8.768184324776927;10.194756854422248;10.78053976747196;5.754887502163468;9.417852514885896;6.357552004618084;11.752798758435516;8.071462362556623;9.81698362325538;10.539158811108033;10.690871009292314;7.636624620543649;8.527477006060396;8.43879185257826;8.754887502163468;9.778077129535358;9.558420713268664;9.915879378835774;10.30720080914081;11.751962413460854;10.161131882984307;9.558420713268664;10.06204613772049;7.562242424221073;8.974414589805527;0.0;8.426264754702098;8.784634845557521;9.35974956032233;5.044394119358453;8.566054038171092;9.139551352398794;1.584962500721156;8.348728154231077;3.321928094887362;6.930737337562887;8.405141463136344;3.4594316186372973;9.729620743553038;8.20945336562895;9.247927513443583;7.870364719583405;9.216745858195306;9.221587121264806;9.377210530388552;7.826548487290915;7.930737337562887;8.768184324776927;9.573647187493322;8.344295907915816;9.537218400538595;5.285402218862249;0.0;9.457380879072534;6.672425341971495;6.189824558880018;8.405141463136344;8.778077129535358;9.194756854422248;9.842350343413807;9.236014191900084;5.523561956057013;8.588714635582264;9.264442600226602;7.665335917185176;8.459431618637296;10.531381460516313;7.906890595608519;4.857980995127572;9.233619676759702;7.845490050944375;9.805743872151618;8.81698362325538;8.588714635582264;9.768184324776929;8.276124405274238;8.7714894695006;9.49585502688717;9.092757140919852;10.375039431346924;9.29920801838728;8.189824558880018;6.169925001442312;9.312882955284357;9.620219825507489;1.0;2.0;9.409390936137704;8.483815777264256;8.948367231584678;8.906890595608518;7.179909090014935;9.266786540694902;5.672425341971495;9.78463484555752;8.63662462054365;5.357552004618084;9.364134655008051;9.541096615349524;7.294620748891627;10.324180546618742;1.584962500721156;8.531381460516313;9.3151495622563;6.870364719583405;7.622051819456376;7.800899899920305;8.0;9.810571634741146;0.0;8.049848549450562;10.60733031374961;8.813781191217037;7.774787059601174;8.62935662007961;9.487840033823051;8.199672344836364;7.539158811108031;7.357552004618084;5.321928094887363;8.113742166049189;8.149747119504681;9.016808287686557;9.368506461507693;7.870364719583405;1.0;7.857980995127572;9.240791332161956;0.0;8.103287808412022;7.693486957499325;6.845490050944375;0.0;9.098032082960527;10.17367713630342;7.693486957499325
5.727920454563199;4.584962500721156;2.584962500721156;7.851749041416057;9.08214904135387;2.321928094887362;4.807354922057604;3.584962500721156;4.0;4.169925001442312;2.584962500721156;2.0;5.614709844115208;3.0;2.584962500721156;1.0;4.087462841250339;4.392317422778761;5.321928094887363;3.807354922057604;3.906890595608519;4.169925001442312;4.321928094887363;2.0;10.668884984266247;4.906890595608519;8.997179480937621;5.247927513443585;2.0;4.087462841250339;1.0;2.0;5.459431618637297;8.204571144249204;8.888743248898258;4.807354922057604;3.4594316186372973;2.0;3.169925001442312;8.224001674198105;1.584962500721156;3.0;4.169925001442312;4.321928094887363;4.643856189774724;5.554588851677638;3.321928094887362;3.0;3.0;3.0;10.15608307628868;4.392317422778761;2.321928094887362;2.321928094887362;3.321928094887362;2.0;3.169925001442312;7.948367231584678;4.247927513443585;4.459431618637297;2.807354922057604;5.321928094887363;3.807354922057604;3.4594316186372973;0.0;9.224001674198105;2.807354922057604;0.0;4.169925001442312;2.0;1.584962500721156;2.584962500721156;3.0;2.0;6.820178962415188;3.584962500721156;9.845490050944376;9.845490050944376;2.584962500721156;6.169925001442312;0.0;2.584962500721156;4.807354922057604;2.321928094887362;4.0;9.08214904135387;3.0;2.584962500721156;3.0;5.554588851677638;4.247927513443585;1.584962500721156;2.321928094887362;3.584962500721156;2.807354922057604;5.491853096329675;3.584962500721156;8.266786540694902;4.169925001442312;4.169925001442312;5.672425341971495;2.0;4.392317422778761;3.321928094887362;3.4594316186372973;4.321928094887363;7.721099188707186;3.321928094887362;1.3219280948873624;8.199672344836364;4.459431618637297;7.721099188707186;3.807354922057604;5.169925001442312;6.022367813028454;6.339850002884624;6.491853096329675;5.392317422778761;5.285402218862249;6.894817763307944;4.906890595608519;4.459431618637297;6.714245517666122;5.20945336562895;7.276124405274237;7.276124405274237;5.954196310386875;7.247927513443585;3.700439718141092;5.491853096329675;5.672425341971495;5.321928094887363;6.3750394313469245;4.807354922057604;5.459431618637297;6.321928094887363;4.169925001442312;5.700439718141092;6.554588851677638;4.700439718141092;6.108524456778169;6.426264754702098;6.3750394313469245;5.727920454563199;5.0;5.20945336562895;6.0;5.554588851677638;5.087462841250339;4.169925001442312;5.459431618637297;5.906890595608519;5.392317422778761;5.247927513443585;5.044394119358453;3.584962500721156;6.169925001442312;5.700439718141092;6.7414669864011465;5.247927513443585;4.906890595608519;3.0;5.044394119358453;6.285402218862249;2.0;5.087462841250339;4.700439718141092;6.066089190457772;4.459431618637297;5.78135971352466;4.392317422778761;4.0;6.108524456778169;6.066089190457772;5.954196310386875;7.392317422778761;6.882643049361842;5.459431618637297;4.169925001442312;5.087462841250339;3.906890595608519;5.554588851677638;5.882643049361842;6.266786540694901;5.754887502163468;5.523561956057013;5.832890014164741;5.247927513443585;5.554588851677638;6.044394119358453;5.285402218862249;6.857980995127572;4.523561956057013;4.523561956057013;5.169925001442312;4.954196310386875;6.357552004618084;5.285402218862249;3.584962500721156;5.20945336562895;5.087462841250339;4.857980995127572;5.491853096329675;3.169925001442312;5.554588851677638;4.584962500721156;6.857980995127572;5.954196310386875;5.459431618637297;6.247927513443585;4.247927513443585;4.700439718141092;5.954196310386875;3.700439718141092;6.0;6.820178962415188;4.754887502163468;5.700439718141092;8.370687406807217;4.700439718141092;6.149747119504682;5.087462841250339;7.098032082960526;4.857980995127572;3.807354922057604;5.700439718141092
2.807354922057604;1.584962500721156;4.584962500721156;0.0;1.584962500721156;3.4594316186372973;5.882643049361842;1.0;3.169925001442312;7.794415866350106;3.169925001442312;7.03342300153745;3.906890595608519;3.321928094887362;3.0;2.0;6.22881869049588;1.0;5.459431618637297;3.169925001442312;5.459431618637297;2.584962500721156;3.0;2.321928094887362;1.0;3.169925001442312;2.807354922057604;5.832890014164741;1.584962500721156;6.807354922057604;0.0;0.0;4.0;0.0;0.0;4.857980995127572;4.087462841250339;1.0;3.169925001442312;4.754887502163468;4.523561956057013;2.807354922057604;2.584962500721156;6.643856189774724;5.700439718141092;2.807354922057604;2.584962500721156;6.442943495848728;6.442943495848728;4.523561956057013;0.0;3.700439718141092;3.169925001442312;0.0;8.927777962082342;1.0;5.20945336562895;1.0;5.832890014164741;3.321928094887362;2.0;1.584962500721156;1.0;2.584962500721156;0.0;2.807354922057604;4.247927513443585;2.0;2.584962500721156;4.700439718141092;7.0;3.169925001442312;5.459431618637297;2.807354922057604;0.0;4.807354922057604;1.584962500721156;1.584962500721156;2.584962500721156;3.321928094887362;4.247927513443585;2.807354922057604;1.0;3.584962500721156;0.0;1.584962500721156;6.807354922057604;2.807354922057604;1.584962500721156;3.584962500721156;4.584962500721156;0.0;4.087462841250339;0.0;4.247927513443585;1.0;5.044394119358453;1.0;4.700439718141092;4.906890595608519;2.321928094887362;1.584962500721156;1.0;2.584962500721156;4.169925001442312;4.0;0.0;6.768184324776926;1.0;1.0;3.807354922057604;0.0;6.392317422778761;3.584962500721156;1.0;6.22881869049588;5.523561956057013;3.321928094887362;5.832890014164741;4.643856189774724;4.087462841250339;3.700439718141092;6.754887502163468;7.948367231584678;6.977279923499917;7.139551352398794;5.247927513443585;6.0;3.169925001442312;3.700439718141092;3.4594316186372973;2.584962500721156;6.6865005271832185;0.0;3.906890595608519;3.169925001442312;2.321928094887362;2.807354922057604;4.247927513443585;3.807354922057604;7.918863237274595;7.276124405274237;6.303780748177103;5.491853096329675;2.807354922057604;2.0;4.584962500721156;4.321928094887363;2.584962500721156;2.807354922057604;2.584962500721156;4.0;3.4594316186372973;0.0;2.321928094887362;5.459431618637297;2.321928094887362;6.392317422778761;7.569855608330948;5.087462841250339;5.754887502163468;4.523561956057013;6.523561956057013;6.754887502163468;3.584962500721156;4.0;2.807354922057604;2.321928094887362;5.700439718141092;4.0;2.321928094887362;5.643856189774724;7.554588851677638;5.930737337562887;3.321928094887362;6.409390936137702;6.643856189774724;2.321928094887362;1.584962500721156;2.321928094887362;5.044394119358453;6.714245517666122;4.906890595608519;7.366322214245816;1.0;4.807354922057604;6.870364719583405;4.392317422778761;3.4594316186372973;1.584962500721156;6.285402218862249;5.169925001442312;6.247927513443585;3.169925001442312;1.584962500721156;1.584962500721156;6.954196310386875;2.807354922057604;3.169925001442312;7.330916878114617;6.20945336562895;5.285402218862249;6.022367813028454;3.0;4.0;3.169925001442312;5.426264754702098;6.918863237274595;5.832890014164741;7.108524456778169;3.807354922057604;6.491853096329675;3.0;4.857980995127572;7.483815777264256;7.531381460516312;2.584962500721156;1.584962500721156;6.169925001442312;6.066089190457772;1.584962500721156;2.584962500721156;10.10459875356437;3.807354922057604;3.700439718141092;5.672425341971495
3.4594316186372973;3.169925001442312;4.0;2.0;1.0;2.0;6.0;3.0;0.0;3.584962500721156;1.584962500721156;1.584962500721156;1.0;3.321928094887362;3.321928094887362;0.0;2.584962500721156;2.584962500721156;3.0;0.0;3.0;1.0;1.584962500721156;1.584962500721156;2.0;2.0;1.0;2.807354922057604;3.0;3.700439718141092;2.0;2.321928094887362;4.523561956057013;2.0;1.0;2.584962500721156;2.0;1.584962500721156;4.169925001442312;5.459431618637297;1.584962500721156;2.321928094887362;1.0;3.584962500721156;3.700439718141092;3.321928094887362;0.0;2.321928094887362;2.321928094887362;2.584962500721156;1.0;2.584962500721156;0.0;1.0;3.4594316186372973;0.0;2.807354922057604;1.0;2.584962500721156;1.584962500721156;5.20945336562895;1.0;1.584962500721156;2.0;2.0;0.0;1.0;0.0;1.0;2.584962500721156;2.321928094887362;1.584962500721156;2.807354922057604;5.20945336562895;0.0;2.584962500721156;3.169925001442312;3.169925001442312;3.906890595608519;5.977279923499917;2.584962500721156;2.0;2.807354922057604;2.584962500721156;2.321928094887362;1.0;4.0;3.169925001442312;1.0;2.321928094887362;2.807354922057604;2.0;2.584962500721156;3.169925001442312;1.0;0.0;2.0;2.0;1.584962500721156;2.0;4.087462841250339;2.584962500721156;3.700439718141092;0.0;2.321928094887362;3.584962500721156;4.459431618637297;2.0;2.4594316186372973;2.584962500721156;0.0;4.459431618637297;3.321928094887362;3.906890595608519;1.0;2.0;2.321928094887362;2.321928094887362;2.807354922057604;2.807354922057604;1.584962500721156;1.584962500721156;1.0;2.807354922057604;2.321928094887362;3.169925001442312;2.0;0.0;2.807354922057604;1.0;3.807354922057604;0.0;1.0;0.0;3.0;1.0;0.0;1.0;1.0;3.4594316186372973;4.754887502163468;3.0;2.0;2.0;2.584962500721156;1.0;3.4594316186372973;1.0;3.169925001442312;3.584962500721156;2.0;4.169925001442312;3.0;3.0;2.0;3.0;1.0;2.0;0.0;3.906890595608519;4.247927513443585;2.0;1.584962500721156;5.554588851677638;0.0;3.169925001442312;3.584962500721156;2.0;2.0;3.700439718141092;2.584962500721156;2.807354922057604;2.321928094887362;1.584962500721156;3.0;4.754887502163468;2.584962500721156;4.321928094887363;2.0;2.0;1.0;3.321928094887362;2.584962500721156;3.4594316186372973;3.0;2.584962500721156;2.0;2.807354922057604;1.584962500721156;2.321928094887362;0.0;2.584962500721156;2.807354922057604;2.321928094887362;1.584962500721156;0.0;4.754887502163468;1.584962500721156;2.0;2.584962500721156;2.0;0.0;2.0;1.584962500721156;1.584962500721156;1.584962500721156;3.0;0.0;2.0;3.321928094887362;2.807354922057604;2.321928094887362;3.321928094887362;2.584962500721156;2.0;3.169925001442312;2.584962500721156;3.169925001442312;2.0;2.584962500721156;3.0;0.0;5.321928094887363;2.321928094887362;1.584962500721156;1.0
7.651051691178928;8.204571144249204;7.03342300153745;8.353146825498083;10.94178124227853;7.870364719583405;9.709083812550343;9.625708843064466;8.426264754702098;8.184875342908283;6.672425341971495;6.459431618637297;9.4241662888181;7.672425341971495;10.921097088106793;7.794415866350106;10.390168956200185;8.087462841250339;8.531381460516313;7.467605550082998;8.027905996569885;7.977279923499917;9.52943055414615;8.550746785383243;7.451211111832329;8.754887502163468;6.857980995127572;8.257387842692651;6.554588851677638;8.7714894695006;8.20945336562895;6.044394119358453;6.6293566200796095;7.03342300153745;8.066089190457772;8.640244936222345;8.603626344986193;9.54882190845875;9.640244936222343;6.266786540694901;7.882643049361842;8.539158811108031;6.22881869049588;9.219168520462162;9.047123912114026;8.842350343413807;8.479780264029099;8.535275376620802;8.535275376620802;8.43879185257826;8.807354922057604;9.483815777264256;8.087462841250339;7.409390936137702;7.813781191217037;6.965784284662087;7.2384047393250786;9.936637939002573;9.214319120800766;7.988684686772165;8.588714635582264;8.519636252843213;9.91737207947684;6.491853096329675;4.954196310386875;6.832890014164741;7.546894459887636;7.330916878114617;6.22881869049588;7.179909090014935;6.94251450533924;6.672425341971495;8.734709620225837;7.643856189774724;6.357552004618084;8.049848549450562;7.643856189774724;7.643856189774724;7.339850002884624;10.99081307915361;7.169925001442312;9.84862294042934;10.302638923787551;6.965784284662087;7.348728154231077;10.94178124227853;8.854868383260236;9.310612781659527;10.614709844115207;10.370687406807216;8.758223214726724;7.839203788096944;7.60733031374961;8.228818690495881;7.546894459887636;5.614709844115208;8.81698362325538;9.556506054671928;7.870364719583405;7.129283016944966;7.622051819456376;9.019590728357882;10.800899899920305;8.479780264029099;9.08746284125034;10.876516946565;8.108524456778168;8.960001932068081;10.30890780406394;6.930737337562887;7.584962500721156;8.108524456778168;8.491853096329674;9.499845887083206;8.721099188707186;8.826548487290914;9.939579214314692;9.108524456778168;9.659995892429976;9.20945336562895;9.25974326369078;9.501837184902296;8.618385502258606;8.271463027904375;9.39231742277876;8.96289600533726;9.459431618637296;8.531381460516313;9.449148645375436;9.134426320220928;9.489847960439295;9.44086916761087;10.586839787961829;8.700439718141093;10.260919533662904;10.03342300153745;9.473705749619416;9.157346935362844;9.857980995127573;10.140829770773;10.811374693509942;10.256208688527389;8.434628227636725;9.409390936137704;9.005624549193879;8.531381460516313;9.46352437327118;9.638435913990472;10.094077685671904;8.721099188707186;9.187352073200495;8.59245703726808;10.382624026574916;9.900866807980748;9.49585502688717;7.721099188707186;9.310612781659527;9.537218400538595;8.62935662007961;9.550746785383245;9.523561956057012;9.25974326369078;9.632995197142955;9.968666793195208;9.348728154231075;9.65284497300198;9.992938336165814;9.471675214392045;8.483815777264256;9.303780748177102;8.78135971352466;8.562242424221072;9.169925001442312;9.197216693110052;9.69522829149575;9.324180546618742;8.7714894695006;10.740624044489412;9.014020470314934;9.546894459887636;9.611024797307351;9.269126679149418;10.01262453886506;9.197216693110052;9.339850002884624;9.550746785383245;8.761551232444479;9.493855449240822;9.552669097514272;9.092757140919852;9.116343961237469;9.614709844115207;9.280770770130603;9.00842862207058;9.481799431665753;9.162391328756906;9.717676423066395;9.981567281903017;9.661778097771988;8.643856189774725;8.714245517666123;10.053925881531104;8.672425341971495;8.339850002884624;10.178664851006472;8.700439718141093;10.011227255423254;9.036173612553483;8.622051819456376;9.0;9.047123912114026;9.813781191217036;10.29920801838728;9.43879185257826;9.854868383260236;8.611024797307353;9.661778097771988;9.696967526234287;8.144658242831882;9.584962500721156;9.13699111208023;8.994353436858859;9.897845456005513;10.34207466799914;9.131856960608792;9.86418614465428
12.879583249612784;11.066761932386909;12.538673953082668;11.262682142362165;12.396069557639867;12.596422730717526;11.746094383705463;11.453270634010623;12.327833296750327;12.23661220021575;11.90388184573618;12.381813295988316;11.406736482691723;12.663558104217271;11.518161355756956;12.02894204332241;13.16380689227936;12.262975701227942;12.49210354247923;11.838022058304546;12.330916878114618;12.439571196276454;12.184255495405347;11.754887502163468;10.552669097514272;12.041659151637214;10.680359523513712;11.509775004326936;12.56081046872794;11.198445041452365;12.493355121494906;12.328113894833656;12.543273538449805;12.078484417411447;12.62159403901754;12.562003863651553;12.144658242831882;12.693051295397;12.214622686302336;12.3437409184722;13.255766257128808;11.51717725268954;11.62662165235837;12.114718389188424;13.189052362190337;12.619302955415687;12.575066464578656;13.136670762341843;13.136670762341843;11.136350341454156;10.466586337719244;13.007377733321269;11.975489756945754;13.331336856296485;13.229419688230417;12.59175607602299;12.761343456100647;12.798471801101618;13.236163717219272;12.057991722759176;11.514714054138487;12.765286098723683;11.952377251967985;11.4993476328766;11.582141981658776;12.975310618056731;11.23840473932508;11.496853777388042;11.62662165235837;12.42705089315088;9.62935662007961;11.90388184573618;13.062383491876334;12.66222330531784;10.817783121774534;12.4186432493759;12.744833837499543;12.744833837499543;12.330916878114618;13.365638958234518;12.041659151637214;11.725792271494155;13.05273784954982;12.468878553819426;12.814582465906277;12.396069557639867;13.189361290465795;12.435930651703597;12.064742764750257;11.952013164889486;12.478769619475765;12.507051302247916;11.488342277532524;11.407267764244732;11.23840473932508;11.703471046071948;12.3409627642517;12.55026580686874;11.698270577692032;9.810571634741146;11.742309436084;11.571752643503546;12.665113810335244;12.575066464578656;11.782179193831208;12.112439506781552;10.427312844134963;13.132660377147287;12.761343456100647;12.124121311829189;11.849405100947758;10.427312844134963;12.178353623512892;12.59898297103609;12.147522944350744;12.242578689451346;12.64745842645492;12.129605011152504;12.81818270494864;12.205793249397155;12.364134655008051;12.40992124124968;12.50332885662666;12.464800981655417;11.66222330531784;12.739991514684226;11.43827205612483;11.559855041513623;11.858758099935422;12.114067647165264;12.390168956200185;12.292896755409172;12.31938987600021;12.579080183834757;12.428098411832506;12.167731741103244;12.290882822429577;12.3395716783847;12.285402218862249;12.915879378835774;11.41204051455165;12.386670859637618;12.30862344513114;12.325305455089682;12.54399845013454;11.800899899920305;12.344295907915816;12.139231570719351;12.95655766257052;12.257093144491057;12.332596057789214;12.368779260041338;12.701306461958623;12.264442600226602;12.33119687715303;11.918863237274596;12.085140461701762;12.075479149488016;11.748612176736982;12.700656452918167;12.82137539237254;13.29920801838728;11.998942951443086;12.543515216152167;12.958915156091347;12.166163082646111;12.895007180368662;12.36112133473479;12.447083226209651;11.33371442609397;11.282509306240836;11.371776644337924;12.177108041703692;12.058330026205653;12.564625862795372;10.76155123244448;12.590353130978018;12.993822936745916;11.983349927676455;12.054265139625764;12.962353808635276;12.006326078524934;12.905198945962804;12.342630298678408;11.817383427897232;12.122504484313904;12.013671614058635;12.107544031975989;12.324180546618742;12.38505348834615;12.471167133724393;11.216139556425135;11.7431513941125;11.876133200043016;12.288000889707574;11.89026427702111;12.521600439723729;12.71037597120447;12.43149760425805;12.249706056969703;12.84901407369482;12.949279579076595;11.347067657165873;11.545929769085468;12.68057929578025;12.676397887044764;12.709083812550343;11.403544678202014;12.169611882604212;12.268542000300124;12.121209716409284;12.561287945164828;12.945626722229823;12.89954574499535;12.505811553919594;12.169611882604212;12.301210371298426;12.82456102997028;12.726643921483994;11.921097088106793;12.393122273589531;12.295768934420508;12.164592716712368;13.33552992757082;12.60177078840771;12.097373768990222
10.234817431117325;10.125413470483316;9.99717948093762;9.204571144249204;9.77313920671969;9.839203788096944;11.81818270494864;10.745674324002136;10.505811553919594;10.20945336562895;9.710806433699352;10.023754353299417;10.86418614465428;10.711666973564348;12.146250445885986;9.654636028527968;12.034798962577268;10.159871336778387;9.98584193700334;9.214319120800766;10.285402218862249;9.294620748891628;11.28828934218097;10.257387842692651;11.124121311829189;10.304921669581672;7.924812503605781;9.991521846075695;10.29232163280204;10.859534786382651;11.185494924210866;9.594324603924848;9.951284714966972;8.86418614465428;9.60177078840771;11.16679075071818;10.63390340934852;10.741466986401146;11.350939181546432;8.768184324776927;11.281350514981035;10.683871868622605;7.870364719583405;10.638435913990472;10.948367231584678;10.860311054919482;9.995767150877802;10.442943495848729;10.442943495848729;10.320800548881635;9.92035285541508;10.80896417491926;10.145932145820517;9.618385502258606;10.403012023574997;9.098032082960527;10.029287226968243;10.697836357962377;11.449148645375436;11.366322214245816;11.187352073200495;10.83289001416474;12.01262453886506;10.12670447284319;8.873444112515376;9.49585502688717;9.594324603924848;9.499845887083206;7.870364719583405;8.409390936137703;9.084808387804362;9.710806433699352;11.855647166027266;10.437752072323605;8.554588851677638;11.003517912108602;10.20212382383046;10.20212382383046;9.39231742277876;10.194756854422248;9.335390354693924;11.611485943240922;11.399811959325683;9.92481250360578;10.355351096424812;9.77313920671969;10.53430288245463;11.154818109052105;11.31628153174622;12.116343961237469;11.810571634741146;9.590587049915037;10.059344460824423;9.247927513443583;9.594324603924848;9.066089190457772;9.457380879072534;10.599912842187129;10.52552080909507;8.573647187493322;9.434628227636724;11.003517912108602;10.179909090014934;9.995767150877802;10.7657004876511;11.808562029957525;10.507794640198696;11.338736382573916;9.586839787961829;10.233619676759702;9.65284497300198;10.507794640198696;10.932214751968385;12.214015491410844;10.75905593916017;12.34734453943155;11.6965329140783;11.348174867535556;12.03823313473178;12.46454575033394;12.30862344513114;12.302353326431202;12.739147709986453;11.388017285345136;11.244958393151132;11.942147920394849;11.414685235807214;11.632995197142955;12.189824558880018;11.059344460824423;11.480790201095816;11.096056239180946;12.62548055047108;11.350386742312844;11.780129619625306;12.54617100226735;10.543031820255235;11.693922488081014;11.840384550711669;11.2940463132715;12.502583213553354;12.971902746045467;12.858952310750938;12.411246151840444;11.785043714779723;10.015415052386688;11.409390936137704;12.050188767596437;12.45917543555203;11.31628153174622;11.192292814470768;12.517423341396473;11.909518114296617;11.641600215834355;10.88340698638837;10.935165049603697;10.651051691178928;12.32895536178133;12.322773176454564;11.923327485419192;12.716176405807428;11.092096414990792;12.13859179463752;13.294477161427873;11.473705749619416;11.980853606379736;11.809366207816078;12.002815015607052;11.397139806235604;11.047123912114026;11.808159772868375;11.697836357962377;12.719174882328078;11.861474675125772;12.285980105928212;11.7988767681333;12.948184692830605;11.683433292835405;10.460455896309636;11.419960177847887;12.002815015607052;12.179598130849836;12.65306897657993;12.4186432493759;11.098032082960527;11.693486957499324;11.808562029957525;11.645208082774683;11.003517912108602;11.237209960755022;11.4655664048094;11.795227966028678;11.667555107041132;11.148476582178278;11.330356716957944;10.339850002884624;13.070959476927566;11.256208688527389;11.136350341454156;11.58261245126702;12.436711542137214;11.836444911341369;11.246740598493144;10.051208940914766;12.375582512490508;11.26209484537018;13.098361127332096;12.14242620231898;12.002111776479852;12.112765281885316;11.7632123668144;12.830713256951874;13.610217437068332;10.714245517666123;11.750288267591651;13.051378899687522;11.498849206531723;11.561287945164828;10.45532722030456;11.963257356633047;12.37910756556115;10.936637939002573;12.845686055977064;11.698270577692032;11.52258153125483;12.159240650411672
12.75905593916017;10.406205005418856;12.565816107100892;11.518161355756956;12.965243172556892;12.7238742188639;11.508289986140348;11.505315356136236;12.456611099574918;12.111135670234708;12.9955905123663;12.375853976418467;12.0;12.986730898175647;10.310612781659527;12.088457003486226;13.57896229251368;12.227615943414223;12.154818109052105;11.273795599214264;12.811976694370289;12.170863950411928;11.884552133987237;11.568906154502084;11.357552004618084;11.119589620741122;10.91288933622996;11.625708843064466;12.34568244818678;11.207014320177532;15.12884015753366;11.462502272597265;11.997885127829113;12.16679075071818;14.436451292286977;13.408462432884376;12.021327032624372;11.751962413460854;10.854089179870574;11.579787329526992;12.58261245126702;9.417852514885896;11.31628153174622;12.68079903457298;12.723020931812032;12.641148597411233;12.178353623512892;13.34568244818678;13.34568244818678;10.31628153174622;12.770457424932022;10.821773981970567;10.330916878114618;12.799281621521924;12.054265139625764;10.214319120800766;11.67065624911844;13.643630751061728;12.233619676759702;12.080817527608328;11.366868586167094;12.26209484537018;11.084144010615145;11.94251450533924;11.152918576136624;12.959639764364184;11.934796592178404;11.625708843064466;11.31628153174622;12.560332834212442;9.333155350310616;12.9955905123663;13.5262546938286;10.909893083770042;12.037546953962178;11.39231742277876;13.309049962515145;13.309049962515145;11.700439718141093;8.90388184573618;12.380461065088973;11.44086916761087;12.941414470942911;12.556984957594462;13.32037749183128;12.965243172556892;12.44086916761087;11.362491806046062;11.347067657165873;11.279030136449649;12.553389304721618;12.358101707440849;9.4655664048094;11.573173784686484;11.934796592178404;11.970824901362615;12.147522944350744;12.177108041703692;11.757390009366638;9.726218159332198;10.42940674151398;11.49735289347705;12.27699673929712;12.178353623512892;11.029287226968243;11.476746203939468;10.425215903299383;13.67043495990244;12.30449392978285;12.443979542601252;12.08746284125034;10.425215903299383;12.230320715661112;11.988329649231089;11.16804526822409;11.405673332281866;11.860699032611988;11.627989784315703;12.271463027904376;11.394462694610317;11.349281228817452;11.573173784686484;11.501339618061396;12.077149515589731;10.61654884377899;12.109504215757006;10.913637428049103;11.153552031708111;11.409390936137704;11.507299124122763;11.977279923499916;11.886077584873094;12.114393054867309;11.787902559391432;11.660887270302569;11.340406490853294;11.405141463136344;11.707790495528824;12.25089053572334;12.129926933510394;10.689124404913258;11.107870914279614;11.752380646552892;12.273795599214264;11.216139556425135;11.174925682500678;12.735344469539005;11.64565843240871;10.995767150877802;11.869979332899964;11.60177078840771;11.848231701093818;12.256798386079389;11.3292357417338;11.825356341479337;11.127349541059118;11.62844554013718;11.358101707440849;11.419433550705378;12.009128789539256;12.287423811683524;12.115693952197011;11.4812949046311;12.07045641594465;11.842350343413807;11.02167404285837;11.798471801101618;12.093087390444218;13.253404328774154;10.854868383260236;11.152284842306582;11.591989767615123;11.909893083770042;11.360847084179664;11.595723694101627;10.373952655370193;11.667111542075029;12.383704292474052;10.927037168720297;11.268542000300124;11.974414589805528;11.735979039613404;11.99045856507371;11.687375683437468;11.269711121142782;11.619761463298424;11.03342300153745;11.546412195119352;11.616089313582115;11.783816759320182;11.912515144802397;10.023754353299417;11.488342277532524;11.567480801143043;11.642954223480332;11.293471648838134;11.884170519108435;12.23661220021575;11.23840473932508;11.734709620225836;12.61677855400014;13.085638429275328;11.852529509404196;12.275542556086725;11.80896417491926;12.221285017810471;12.019243216603607;10.989394499844732;11.353146825498085;11.3157156580222;11.269126679149418;11.66266837551754;12.403544678202014;11.522091068887065;11.997885127829113;11.41732511767992;11.519144787997414;12.281930026955443;10.20212382383046;11.29117069932186;11.281350514981035;12.56961830344664;12.678380065109115;13.148953164809123;11.90651484484695;11.256208688527389
