TCGA-E9-A1NE-01A;TCGA-E9-A1R0-01A;TCGA-D8-A1JA-01A;TCGA-A2-A0YI-01A;TCGA-BH-A0DK-01A;TCGA-BH-A18I-01A;TCGA-LL-A5YM-01A;TCGA-C8-A12M-01A;TCGA-AC-A2BK-01A;TCGA-AN-A0FK-01A;TCGA-B6-A0I1-01A;TCGA-BH-A1FN-01A;TCGA-A2-A0YG-01A;TCGA-A2-A0SX-01A;TCGA-BH-A18M-01A;TCGA-A8-A06O-01A;TCGA-B6-A40B-01A;TCGA-A2-A4S2-01A;TCGA-AC-A3W6-01A;TCGA-B6-A0IB-01A;TCGA-D8-A1JL-01A;TCGA-BH-A18I-01A;TCGA-E9-A22E-01A;TCGA-A2-A04Q-01A;TCGA-BH-AB28-01A;TCGA-AC-A2FM-01A;TCGA-S3-AA10-01A;TCGA-AR-A250-01A;TCGA-D8-A1Y0-01A;TCGA-EW-A1IY-01A;TCGA-AO-A0JC-01A;TCGA-AR-A1AT-01A;TCGA-AC-A3QQ-01B;TCGA-3C-AALI-01A;TCGA-B6-A0IE-01A;TCGA-A7-A0CD-01A;TCGA-C8-A132-01A;TCGA-BH-A0EA-01A;TCGA-AC-A5XS-01A;TCGA-E9-A22E-01A;TCGA-A8-A08S-01A;TCGA-BH-A42T-01A;TCGA-C8-A26Y-01A;TCGA-E2-A1LI-01A;TCGA-EW-A6S9-01A;TCGA-A2-A3XY-01A;TCGA-BH-A0HN-01A;TCGA-GM-A2DK-01A;TCGA-E2-A1AZ-01A;TCGA-BH-A0BG-01A;TCGA-B6-A0IC-01A;TCGA-A8-A09Q-01A;TCGA-D8-A1XT-01A;TCGA-EW-A423-01A;TCGA-UU-A93S-01A;TCGA-BH-A0B2-01A;TCGA-C8-A278-01A;TCGA-AC-A2FM-01A;TCGA-BH-A0W3-01A;TCGA-E2-A15F-01A;TCGA-A2-A25F-01A;TCGA-EW-A2FV-01A;TCGA-BH-A0AW-01A;TCGA-E2-A1IL-01A;TCGA-C8-A138-01A;TCGA-BH-A1FC-01A;TCGA-E2-A1IU-01A;TCGA-UU-A93S-01A;TCGA-A2-A0D3-01A;TCGA-AO-A1KO-01A;TCGA-A7-A0CE-01A;TCGA-OL-A66I-01A;TCGA-A2-A04Q-01A;TCGA-BH-A0BF-01A;TCGA-BH-A0E0-01A;TCGA-E9-A22E-01A;TCGA-A2-A0EY-01A;TCGA-BH-A204-01A;TCGA-GM-A2DB-01A;TCGA-B6-A0RN-01A;TCGA-W8-A86G-01A;TCGA-A2-A0SY-01A;TCGA-C8-A275-01A;TCGA-A2-A0SY-01A;TCGA-A8-A08B-01A;TCGA-W8-A86G-01A;TCGA-A7-A26J-01A;TCGA-AN-A0FD-01A;TCGA-BH-A208-01A;TCGA-A2-A0YK-01A;TCGA-AN-A0FV-01A;TCGA-A1-A0SF-01A;TCGA-C8-A12Q-01A;TCGA-AC-A3EH-01A;TCGA-D8-A1JH-01A;TCGA-AN-A0FT-01A;TCGA-A2-A25A-01A;TCGA-GM-A2DN-01A;TCGA-A7-A6VW-01A;TCGA-BH-A0EB-01A;TCGA-A1-A0SN-01A;TCGA-AO-A0JC-01A;TCGA-BH-A18Q-01A;TCGA-BH-A0DD-01A;TCGA-AN-A0AK-01A;TCGA-A2-A0YF-01A;TCGA-D8-A1JL-01A;TCGA-AR-A1AM-01A;TCGA-D8-A73W-01A;TCGA-A8-A06Q-01A;TCGA-3C-AALI-01A;TCGA-BH-A18M-01A;TCGA-GI-A2C9-01A;TCGA-BH-A203-11A;TCGA-BH-A0E0-11A;TCGA-BH-A0B5-11A;TCGA-BH-A18R-11A;TCGA-BH-A18U-11A;TCGA-BH-A1FM-11B;TCGA-BH-A0B8-11A;TCGA-BH-A18J-11A;TCGA-E2-A1L7-11A;TCGA-E2-A1LS-11A;TCGA-AC-A23H-11A;TCGA-E2-A158-11A;TCGA-E9-A1RB-11A;TCGA-BH-A18V-11A;TCGA-E2-A15I-11A;TCGA-BH-A18S-11A;TCGA-BH-A0BA-11A;TCGA-BH-A0B3-11B;TCGA-BH-A0DO-11A;TCGA-GI-A2C9-11A;TCGA-BH-A0BQ-11A;TCGA-A7-A0CE-11A;TCGA-E2-A1IG-11A;TCGA-BH-A0C3-11A;TCGA-BH-A0H5-11A;TCGA-BH-A0BW-11A;TCGA-BH-A0DQ-11A;TCGA-E2-A15K-11A;TCGA-BH-A0DD-11A;TCGA-A7-A13G-11A;TCGA-BH-A1F0-11B;TCGA-BH-A18K-11A;TCGA-E9-A1N5-11A;TCGA-BH-A1FN-11A;TCGA-BH-A18M-11A;TCGA-E9-A1N9-11A;TCGA-BH-A0BT-11A;TCGA-BH-A0BS-11A;TCGA-E9-A1RI-11A;TCGA-BH-A0BV-11A;TCGA-BH-A0BM-11A;TCGA-BH-A0B7-11A;TCGA-BH-A1EU-11A;TCGA-BH-A0H7-11A;TCGA-BH-A18L-11A;TCGA-A7-A0DB-11A;TCGA-BH-A18Q-11A;TCGA-BH-A209-11A;TCGA-BH-A0DK-11A;TCGA-E2-A15M-11A;TCGA-BH-A1EN-11A;TCGA-BH-A0DV-11A;TCGA-BH-A0DH-11A;TCGA-BH-A0C0-11A;TCGA-BH-A1FD-11B;TCGA-BH-A1FJ-11B;TCGA-AC-A2FM-11B;TCGA-BH-A1FC-11A;TCGA-BH-A1F8-11B;TCGA-BH-A204-11A;TCGA-A7-A0CH-11A;TCGA-E9-A1NA-11A;TCGA-BH-A0H9-11A;TCGA-E9-A1RC-11A;TCGA-AC-A2FF-11A;TCGA-E2-A1LH-11A;TCGA-E9-A1N6-11A;TCGA-BH-A0AZ-11A;TCGA-E9-A1NG-11A;TCGA-BH-A0DL-11A;TCGA-E9-A1R7-11A;TCGA-BH-A0DZ-11A;TCGA-A7-A0DC-11A;TCGA-A7-A0D9-11A;TCGA-BH-A0BC-11A;TCGA-BH-A0BJ-11A;TCGA-E2-A1LB-11A;TCGA-BH-A0HK-11A;TCGA-E2-A1BC-11A;TCGA-BH-A1FR-11B;TCGA-BH-A1FB-11A;TCGA-BH-A0HA-11A;TCGA-BH-A0E1-11A;TCGA-E9-A1RD-11A;TCGA-BH-A208-11A;TCGA-E2-A153-11A;TCGA-E9-A1RF-11A;TCGA-BH-A1F6-11B;TCGA-BH-A1EV-11A;TCGA-BH-A1FH-11B;TCGA-BH-A1FG-11B;TCGA-BH-A18N-11A;TCGA-BH-A0DG-11A;TCGA-BH-A1F2-11A;TCGA-E9-A1ND-11A;TCGA-A7-A13E-11A;TCGA-E9-A1RH-11A;TCGA-BH-A1FU-11A;TCGA-BH-A0BZ-11A;TCGA-BH-A1ET-11B;TCGA-BH-A0DP-11A;TCGA-AC-A2FB-11A;TCGA-E9-A1NF-11A;TCGA-BH-A0AU-11A;TCGA-E9-A1N4-11A;TCGA-GI-A2C8-11A;TCGA-BH-A0AY-11A;TCGA-BH-A18P-11A;TCGA-BH-A1FE-11B;TCGA-BH-A1EO-11A;TCGA-BH-A1EW-11B;TCGA-BH-A0DT-11A;TCGA-A7-A13F-11A
4.754887502163468;3.700439718141092;1.0;3.321928094887362;3.169925001442312;3.321928094887362;0.0;0.0;2.321928094887362;1.0;2.807354922057604;1.584962500721156;1.0;2.584962500721156;2.0;1.584962500721156;5.523561956057013;0.0;2.321928094887362;1.0;1.0;3.321928094887362;0.0;3.4594316186372973;2.321928094887362;1.0;2.584962500721156;2.584962500721156;4.392317422778761;3.169925001442312;7.651051691178928;2.321928094887362;2.807354922057604;2.0;1.0;2.0;1.0;3.700439718141092;2.584962500721156;0.0;2.321928094887362;1.0;2.807354922057604;2.584962500721156;2.321928094887362;3.169925001442312;1.0;3.0;2.0;3.700439718141092;0.0;2.584962500721156;3.169925001442312;3.0;2.0;4.087462841250339;3.0;1.0;1.0;3.321928094887362;5.087462841250339;2.321928094887362;3.321928094887362;1.584962500721156;3.584962500721156;1.584962500721156;3.169925001442312;2.0;3.321928094887362;3.169925001442312;2.807354922057604;3.0;3.4594316186372973;3.584962500721156;1.584962500721156;0.0;2.807354922057604;1.584962500721156;2.321928094887362;3.169925001442312;3.4594316186372973;3.584962500721156;2.807354922057604;3.584962500721156;0.0;3.4594316186372973;2.0;0.0;2.0;4.807354922057604;1.0;1.584962500721156;2.584962500721156;2.321928094887362;4.321928094887363;1.0;3.700439718141092;2.807354922057604;2.321928094887362;2.0;1.584962500721156;7.651051691178928;1.584962500721156;1.0;1.0;0.0;1.0;1.0;1.584962500721156;2.584962500721156;2.0;2.0;6.672425341971495;2.807354922057604;0.0;3.584962500721156;1.584962500721156;1.584962500721156;2.807354922057604;0.0;1.584962500721156;1.584962500721156;0.0;1.584962500721156;3.4594316186372973;5.321928094887363;0.0;3.321928094887362;0.0;1.584962500721156;2.584962500721156;1.584962500721156;3.0;3.807354922057604;2.0;2.0;0.0;1.584962500721156;5.169925001442312;3.0;3.0;3.169925001442312;0.0;1.0;1.584962500721156;2.0;3.169925001442312;2.321928094887362;1.0;1.0;0.0;6.149747119504682;3.0;2.0;2.584962500721156;2.321928094887362;2.321928094887362;1.0;0.0;2.321928094887362;3.584962500721156;2.321928094887362;1.0;3.4594316186372973;1.584962500721156;2.0;1.584962500721156;1.0;4.523561956057013;0.0;1.584962500721156;0.0;2.584962500721156;2.807354922057604;0.0;0.0;1.584962500721156;3.321928094887362;2.584962500721156;1.0;2.321928094887362;2.0;3.584962500721156;4.459431618637297;1.584962500721156;2.584962500721156;0.0;3.4594316186372973;3.321928094887362;1.0;6.0;2.0;3.807354922057604;2.0;1.0;3.0;1.0;2.0;3.4594316186372973;2.321928094887362;3.700439718141092;2.0;2.584962500721156;3.0;1.0;1.584962500721156;1.584962500721156;3.0;2.321928094887362;2.0;2.584962500721156;1.584962500721156;3.169925001442312;3.169925001442312;2.807354922057604;1.0;0.0;2.321928094887362;0.0;2.584962500721156;1.0;0.0;3.807354922057604;2.0;1.0;2.0
10.750706986224948;10.89026427702111;9.85642552862553;10.426264754702098;10.164906926675688;11.60733031374961;10.915879378835774;10.790348496751914;12.019590728357882;10.709083812550343;11.536247215688128;10.011227255423254;10.369597346278676;11.538673953082668;10.826548487290914;10.577428828035748;10.934428040626804;10.7714894695006;10.857980995127573;11.886077584873094;12.197830998012195;11.60733031374961;10.715104009236168;10.68650052718322;11.325867580575418;11.954559846999834;11.646108641506103;10.50382573799575;11.207014320177532;10.625708843064466;10.804131021183318;9.67065624911844;7.74819284958946;10.8193807908646;10.729620743553038;10.820178962415188;10.158609688214478;10.744833837499543;10.29117069932186;10.715104009236168;10.710806433699352;10.989394499844732;11.266786540694902;10.381542951184583;10.622051819456376;11.305491792110685;10.533329732305834;9.813781191217036;9.782998208920414;11.296916206879288;11.199058823653022;11.440350119200565;11.14338321398982;10.902375114486023;9.663558104217271;10.409390936137704;10.139551352398794;11.954559846999834;11.064742764750257;10.755722153642282;10.874212934830874;10.842350343413807;9.932214751968385;10.582141981658776;10.240791332161956;11.782998208920414;10.742309436084;9.663558104217271;11.16427843830117;10.834471049984222;11.386401423640775;10.821773981970567;10.68650052718322;10.690871009292314;10.480790201095816;10.715104009236168;10.85642552862553;11.116343961237469;9.90839262077375;10.932952892194717;10.60917873814198;10.7279204545632;10.512740462803498;10.7279204545632;8.839203788096944;10.60917873814198;11.280190792216906;10.034798962577268;10.434628227636724;10.68650052718322;10.52845411076479;10.352043425795433;10.72451385311995;10.746514321138465;11.193525360501216;10.277287400130357;11.290594888082572;10.372865060112588;11.03823313473178;10.639340708652233;10.888743248898258;10.804131021183318;10.746514321138465;10.167418145831736;10.426264754702098;10.458406613236534;12.197830998012195;10.944712061043486;9.974414589805528;10.363039630256514;10.8193807908646;10.826548487290914;10.904634621668151;10.642954223480332;10.843921051289035;10.171176797651771;11.405673332281866;10.81698362325538;11.394462694610317;10.157346935362844;10.743992861060176;11.339293300180094;10.570804437724496;10.46352437327118;10.074141462752506;10.897845456005513;10.868822554775;10.00982861736811;10.407267764244732;10.760719947465624;11.152918576136624;11.172427508645482;11.257387842692651;10.837627933171404;11.40832974076739;10.38586240064146;11.2836671674915;11.227014193649133;10.709083812550343;11.507794640198696;10.779719355143405;10.378294855911893;10.26209484537018;11.358651200892886;11.020285500844649;10.353146825498085;11.151016538892248;10.944712061043486;11.049848549450562;10.80896417491926;11.464035152189911;10.047123912114026;11.21006248324023;11.243173983472952;11.160501747555688;10.31741261376487;11.321364432039449;10.782179193831208;10.018200178813226;11.451726268074506;10.84862294042934;11.40832974076739;10.594324603924848;11.13249972962851;11.385323176175872;11.150381968817848;11.5473765634981;10.745674324002136;10.679480099505446;11.369052007001388;9.88264304936184;9.894817763307945;10.501837184902296;10.86418614465428;10.929998062609029;10.016808287686557;10.50481898763284;11.33371442609397;10.930737337562888;10.79685079526716;11.688687423222536;10.380461065088973;11.12023787734196;10.337621901992508;10.906890595608518;10.41679752760606;10.130570562805426;10.754887502163468;10.88264304936184;11.177419537989236;11.105253779700885;9.871905237659186;10.580258567499788;10.721099188707186;11.41679752760606;10.971543553950772;10.808159772868375;11.622509454683335;10.964340867792416;9.885696373339394;10.452241240430816;11.227014193649133;10.449148645375436;10.283088353024002;11.17367713630342;11.122827994807666;11.43514933836693;10.552669097514272;10.116343961237469;10.192292814470768;10.814582465906277;10.855647166027266;11.614709844115207;11.36468185586456;11.252074042796185;10.373952655370193;11.383704292474052;11.659995892429976;9.430452551665532;10.746514321138465;10.635718120331047;10.750706986224948;11.323054760341646;11.711236767793784;11.192909219112012;10.498849206531723
9.894817763307945;8.693486957499324;8.581200581924957;7.087462841250339;8.519636252843213;9.564149489985732;8.81698362325538;7.857980995127572;9.92184093707449;7.768184324776926;9.59618975614441;9.06339508128851;10.16867211813223;13.10443495055075;8.867278739709661;10.536247215688128;8.43879185257826;7.417852514885898;9.068778277985412;9.172427508645482;10.805743872151618;9.564149489985732;7.0;9.871905237659186;7.6293566200796095;7.954196310386875;11.122180901259751;9.144658242831882;10.406205005418856;8.94251450533924;9.055282435501187;8.31741261376487;6.129283016944966;8.906890595608518;9.61654884377899;8.876516946565;8.475733430966399;4.807354922057604;7.169925001442312;7.0;9.044394119358454;9.733015321685963;9.7431513941125;11.3151495622563;9.20212382383046;11.194756854422248;7.066089190457772;7.988684686772165;8.632995197142957;9.144658242831882;9.702172685365548;9.851749041416058;8.867278739709661;8.066089190457772;9.1006623390052;7.3750394313469245;9.805743872151618;7.954196310386875;9.388017285345136;9.06339508128851;10.526499239136566;9.252665432450248;9.076815597050832;7.426264754702098;7.118941072723508;11.834471049984222;8.31741261376487;9.1006623390052;6.6865005271832185;6.285402218862249;10.7515440590891;10.594324603924848;9.871905237659186;8.483815777264256;9.78135971352466;7.0;8.78135971352466;9.98584193700334;8.968666793195208;6.20945336562895;5.459431618637297;8.59618975614441;10.7279204545632;8.59618975614441;8.451211111832329;5.459431618637297;8.794415866350105;6.754887502163468;8.794415866350105;8.672425341971495;8.611024797307353;8.46352437327118;9.684748620421626;6.357552004618084;8.108524456778168;8.049848549450562;9.116343961237469;8.897845456005511;10.818582177480858;7.761551232444479;9.59618975614441;9.055282435501187;10.040289721025715;10.336506559810257;9.24555270625568;8.434628227636725;10.805743872151618;6.965784284662087;7.066089190457772;8.744833837499545;8.906890595608518;8.867278739709661;9.430452551665532;7.451211111832329;6.20945336562895;3.906890595608519;5.906890595608519;7.417852514885898;7.044394119358453;4.087462841250339;6.108524456778169;6.569855608330948;4.523561956057013;6.754887502163468;5.491853096329675;7.918863237274595;4.700439718141092;4.523561956057013;6.22881869049588;7.219168520462161;6.189824558880018;6.507794640198696;7.159871336778389;6.965784284662087;7.3750394313469245;6.022367813028454;8.353146825498083;6.266786540694901;9.172427508645482;7.076815597050831;7.483815777264256;5.584962500721156;4.392317422778761;5.954196310386875;5.247927513443585;8.519636252843213;7.60733031374961;6.392317422778761;8.016808287686555;6.442943495848728;7.948367231584678;3.169925001442312;8.900866807980748;7.918863237274595;7.03342300153745;5.857980995127572;7.948367231584678;6.491853096329675;6.94251450533924;6.977279923499917;7.357552004618084;6.906890595608519;4.954196310386875;6.754887502163468;5.044394119358453;7.189824558880018;6.3750394313469245;4.754887502163468;6.247927513443585;5.700439718141092;5.285402218862249;7.011227255423254;5.087462841250339;6.426264754702098;6.9886846867721655;3.4594316186372973;5.247927513443585;8.823367240046235;6.672425341971495;6.426264754702098;5.754887502163468;5.459431618637297;7.894817763307944;5.700439718141092;7.794415866350106;6.357552004618084;4.321928094887363;7.876516946564999;6.965784284662087;8.098032082960527;6.523561956057013;2.807354922057604;6.6293566200796095;6.285402218862249;7.044394119358453;5.491853096329675;6.066089190457772;7.044394119358453;6.930737337562887;4.0;7.169925001442312;8.625708843064466;6.303780748177103;6.266786540694901;6.357552004618084;7.392317422778761;6.6865005271832185;7.651051691178928;5.285402218862249;5.643856189774724;5.977279923499917;5.832890014164741;6.20945336562895;4.906890595608519;7.499845887083206;5.832890014164741;5.584962500721156;7.149747119504682;3.0;6.3750394313469245;5.321928094887363;6.727920454563199;6.599912842187128;8.290018846932618;6.807354922057604;5.643856189774724
10.4542992936199;10.590587049915037;9.64565843240871;9.330916878114618;9.041659151637214;10.51175265376738;9.893301530860564;9.543031820255235;10.747353829478062;10.17367713630342;10.458406613236534;10.4757334309664;11.2246046815385;10.737247343027738;10.3297963382207;12.004922678569043;9.741466986401146;9.014020470314934;8.794415866350105;10.240791332161956;8.475733430966399;10.51175265376738;8.430452551665532;9.930737337562888;10.28424574982967;10.962173031109709;11.028596777067108;11.55170826162069;11.688250309133178;11.14274527675153;9.79603960882977;10.276124405274238;10.095397022792556;9.62935662007961;8.527477006060396;11.876133200043016;9.689997971419446;8.527477006060396;9.226412192788786;8.430452551665532;10.826548487290914;11.714674827308002;11.453785055496157;11.242578689451346;10.088788238716909;10.131856960608792;8.303780748177102;9.337621901992508;10.38586240064146;10.192292814470768;10.83289001416474;10.669770888525518;10.7279204545632;10.215532999745657;9.375039431346924;9.517669388133813;10.071462362556623;10.962173031109709;11.108524456778168;10.498849206531723;11.177419537989236;9.935165049603697;8.005624549193879;9.287712379549449;8.643856189774725;11.289442575688332;10.125413470483316;9.375039431346924;9.388017285345136;9.4757334309664;11.50332885662666;10.027905996569883;9.930737337562888;9.25502856981873;9.252665432450248;8.430452551665532;10.296916206879288;12.888362741170644;8.344295907915816;8.475733430966399;8.507794640198696;9.207014320177532;10.443979542601252;9.207014320177532;9.247927513443583;8.507794640198696;11.513727595952435;8.584962500721156;8.124121311829187;9.271463027904376;9.972979786066292;9.459431618637296;10.192292814470768;9.663558104217271;10.514714054138487;8.734709620225837;9.873444112515376;10.493855449240822;8.531381460516313;9.677719641641009;10.595257481449035;9.79603960882977;10.222794902868111;12.002463438892535;11.206403913973848;11.468114886378098;8.475733430966399;8.784634845557521;9.247927513443583;11.20945336562895;9.62935662007961;10.3297963382207;6.409390936137702;9.533329732305834;8.233619676759702;8.417852514885897;9.52552080909507;9.118941072723509;9.654636028527968;8.67595703294175;9.121533517340032;9.400879436282183;9.098032082960527;9.398743691938192;7.679480099505446;10.257387842692651;7.971543553950772;8.761551232444479;8.357552004618084;9.152284842306582;9.63117705570398;9.273795599214264;8.985841937003341;9.487840033823051;9.523561956057012;8.800899899920305;9.098032082960527;9.266786540694902;10.211888294546004;9.99717948093762;7.98299357469431;9.29232163280204;9.147204924942228;9.036173612553483;8.829722735086058;9.643856189774723;9.684748620421626;9.12670447284319;9.603626344986193;8.951284714966972;9.103287808412022;9.4655664048094;9.709083812550343;8.62935662007961;9.60177078840771;8.339850002884624;9.290018846932618;8.918863237274595;9.121533517340032;9.622051819456376;9.59618975614441;9.800899899920305;8.179909090014934;9.105908508571158;9.519636252843211;8.483815777264256;9.41574176829009;8.977279923499916;9.599912842187129;7.888743248898259;8.03342300153745;8.754887502163468;8.761551232444479;8.894817763307943;9.172427508645482;7.523561956057013;9.489847960439295;10.281930026955443;8.78135971352466;9.330916878114618;9.722807531169549;9.144658242831882;9.804131021183318;9.566054038171092;8.939579214314692;9.084808387804362;8.851749041416058;8.710806433699352;9.264442600226602;9.226412192788786;8.88264304936184;6.954196310386875;8.546894459887637;8.388017285345136;9.654636028527968;8.487840033823051;9.722807531169549;9.285402218862249;8.810571634741146;9.449148645375436;9.717676423066395;10.93810932621924;8.603626344986193;8.430452551665532;9.26209484537018;9.85642552862553;9.527477006060396;8.768184324776927;8.854868383260236;8.965784284662087;8.807354922057604;9.3151495622563;9.620219825507489;9.071462362556623;9.3151495622563;9.243173983472952;9.372865060112588;10.105908508571158;8.686500527183219;8.948367231584678;8.405141463136344;10.3409627642517;9.403012023574997;11.055960234452296;9.517669388133813;8.845490050944376
9.91288933622996;7.900866807980749;4.247927513443585;8.59618975614441;8.159871336778389;8.124121311829187;6.554588851677638;4.584962500721156;4.584962500721156;5.78135971352466;2.584962500721156;3.169925001442312;5.614709844115208;7.94251450533924;8.754887502163468;8.0;6.129283016944966;7.417852514885898;7.832890014164741;6.339850002884624;7.392317422778761;8.124121311829187;8.228818690495881;7.189824558880018;7.546894459887636;7.523561956057013;4.754887502163468;5.78135971352466;10.011227255423254;5.78135971352466;7.321928094887363;6.930737337562887;5.977279923499917;5.643856189774724;8.804131021183318;6.247927513443585;7.451211111832329;8.543031820255237;8.396604781181859;8.228818690495881;5.643856189774724;8.417852514885897;4.807354922057604;5.78135971352466;5.392317422778761;8.49585502688717;5.357552004618084;8.20945336562895;6.584962500721156;5.754887502163468;2.0;7.539158811108031;5.78135971352466;6.303780748177103;2.807354922057604;8.829722735086058;6.22881869049588;7.523561956057013;6.285402218862249;6.247927513443585;10.827342704234116;8.189824558880018;7.303780748177103;7.832890014164741;6.303780748177103;5.129283016944966;5.459431618637297;2.807354922057604;6.6293566200796095;8.758223214726724;7.74819284958946;6.149747119504682;7.189824558880018;8.118941072723507;2.807354922057604;8.228818690495881;8.071462362556623;5.643856189774724;5.0;7.936637939002571;6.409390936137702;8.98299357469431;6.285402218862249;8.98299357469431;4.584962500721156;6.409390936137702;7.503825737995751;5.882643049361842;9.78135971352466;9.264442600226602;3.321928094887362;8.238404739325079;7.599912842187128;4.643856189774724;8.86418614465428;7.330916878114617;10.029287226968243;6.129283016944966;4.523561956057013;7.451211111832329;6.965784284662087;7.321928094887363;6.768184324776926;5.087462841250339;4.321928094887363;7.366322214245816;7.392317422778761;8.204571144249204;6.918863237274595;5.614709844115208;5.643856189774724;8.754887502163468;5.459431618637297;9.076815597050832;8.60733031374961;12.132821006779572;9.94397991434374;8.405141463136344;10.002815015607052;10.98655314975666;8.92184093707449;8.693486957499324;11.916999049082808;8.848622940429339;10.443979542601252;11.043027283594547;9.014020470314934;10.860311054919482;8.67595703294175;9.507794640198696;8.791162888555018;7.800899899920305;9.7431513941125;9.383704292474052;10.111135670234708;10.27029532647204;9.326429487122304;8.330916878114618;8.479780264029099;10.368506461507693;9.041659151637214;10.5980525001616;11.7047682393626;9.933690654952231;9.800899899920305;10.169925001442312;9.068778277985412;10.00842862207058;8.459431618637296;6.658211482751795;7.707359132080882;10.753216749178955;10.312882955284357;7.577428828035749;8.098032082960527;8.820178962415188;8.810571634741146;10.521600439723729;10.213104219641906;9.278449458220482;10.221587121264806;8.400879436282183;9.63117705570398;10.590587049915037;7.499845887083206;10.07815080773465;8.087462841250339;9.445014845868425;9.278449458220482;8.507794640198696;8.46352437327118;7.727920454563199;10.992938336165814;9.022367813028454;9.546894459887636;9.909893083770042;11.055282435501187;11.0;5.832890014164741;8.933690654952233;9.734709620225836;9.226412192788786;9.537218400538595;10.001408194392807;8.682994583681683;9.77313920671969;10.507794640198696;8.546894459887637;9.46352437327118;8.060695931687555;7.94251450533924;11.027905996569883;8.348728154231077;8.224001674198105;6.357552004618084;7.011227255423254;9.850186837645774;9.405141463136344;8.577428828035748;10.483815777264256;10.52552080909507;10.585901449690772;8.686500527183219;8.027905996569885;9.515699838284045;9.26209484537018;11.482303782323182;8.76487159073609;10.13827180017222;11.217351905270334;9.036173612553483;9.975847968006784;9.60177078840771;8.370687406807217;9.41574176829009;9.519636252843211;7.851749041416057;7.546894459887636;8.194756854422248;9.469641817239516;11.174925682500678;8.189824558880018;10.906890595608518;9.642051692927977;8.703903573444663;10.131856960608792
10.815383295813538;10.79685079526716;10.072802534544207;10.436711542137214;10.480790201095816;10.627533884472792;9.845490050944376;9.346513733165636;11.790348496751914;9.955649907528374;10.783816759320182;9.693486957499324;10.52552080909507;10.749031382040204;10.066089190457772;10.161131882984307;11.101319154423276;9.668884984266247;10.452241240430816;10.919608238603251;11.488844346457336;10.627533884472792;10.703038388986418;10.866506212226202;10.055282435501187;9.868822554775;11.575066464578656;10.701306461958623;10.54978466794786;9.505811553919594;10.109830654278792;9.86727873970966;7.813781191217037;10.278449458220482;10.147204924942228;10.434628227636724;10.79766152585376;9.663558104217271;10.97656412341533;10.703038388986418;11.31741261376487;11.042343379793692;9.847057346091336;11.440350119200565;10.546894459887636;11.953468962228849;9.753216749178955;10.400879436282183;9.144658242831882;10.94178124227853;11.014717929860009;10.946906274456396;11.169298695792843;10.91513244895065;11.154818109052105;10.318542809702723;10.233619676759702;9.868822554775;9.523561956057012;9.932214751968385;11.71853287606922;11.14274527675153;9.812177305514448;10.5980525001616;10.217957697864112;11.714245517666123;10.043027283594547;11.154818109052105;10.130570562805426;9.157346935362844;10.846273911349906;11.410451351503994;10.866506212226202;10.732167425663384;9.932214751968385;10.703038388986418;10.46454575033394;9.144658242831882;9.326429487122304;9.9901039638575;9.43879185257826;9.862637357558794;11.016808287686557;9.862637357558794;9.485829308701904;9.43879185257826;10.50084187955693;9.826548487290914;10.109830654278792;10.015415052386688;10.103287808412022;9.782998208920414;11.314016703901355;10.532355925288847;10.624795455860236;9.894817763307945;10.702172685365548;9.857980995127573;11.496354488564617;10.60917873814198;9.874981347653774;10.109830654278792;10.224001674198105;10.321928094887362;10.873444112515376;10.7657004876511;11.488844346457336;10.654636028527968;10.030667136246942;11.390706372872774;10.278449458220482;10.066089190457772;11.040289721025715;9.014020470314934;9.826548487290914;8.912889336229961;9.564149489985732;9.348728154231075;9.49585502688717;8.741466986401146;9.368506461507693;9.659995892429976;9.1006623390052;9.1006623390052;8.573647187493322;9.35974956032233;9.426264754702098;8.164906926675688;9.26209484537018;9.569855608330949;9.546894459887636;9.41574176829009;9.810571634741146;9.264442600226602;10.458406613236534;9.084808387804362;9.627533884472792;9.1006623390052;10.090112419664289;9.958552715431011;9.778077129535358;9.38586240064146;8.60733031374961;9.85642552862553;9.0;9.159871336778387;9.688250309133178;9.368506461507693;9.280770770130603;9.7279204545632;9.897845456005513;8.906890595608518;9.964340867792416;9.505811553919594;9.20212382383046;8.396604781181859;10.088788238716909;9.39660478118186;9.103287808412022;9.588714635582264;9.893301530860564;9.80896417491926;9.189824558880018;10.10459875356437;9.703903573444665;10.090112419664289;9.853309555403674;8.968666793195208;8.945443836377912;10.11504365016171;9.055282435501187;8.588714635582264;8.906890595608518;9.65284497300198;9.818582177480858;9.025139562278508;9.303780748177102;10.625708843064466;9.179909090014934;9.14210705730255;9.779719355143405;9.052568050804153;10.052568050804153;9.154818109052105;9.932214751968385;8.86418614465428;8.614709844115207;9.722807531169549;9.684748620421626;9.977279923499916;9.539158811108033;7.721099188707186;9.285402218862249;9.169925001442312;9.445014845868425;9.445014845868425;9.7431513941125;9.668884984266247;9.409390936137704;8.60733031374961;9.337621901992508;9.449148645375436;9.041659151637214;7.434628227636725;9.665335917185176;9.550746785383245;9.586839787961829;10.139551352398794;9.24555270625568;9.060695931687556;8.888743248898258;9.854868383260236;9.679480099505446;9.505811553919594;9.958552715431011;9.428360172704291;9.83605035505807;9.659995892429976;9.640244936222343;9.139551352398794;8.930737337562887;8.861086905995395;10.978710459106358;10.27262978497637;9.35974956032233;9.457380879072534
9.804131021183318;10.24198314969433;7.924812503605781;11.41256984680521;10.654636028527968;9.544964432789238;8.81698362325538;10.280770770130603;9.918863237274596;10.419960177847887;7.693486957499325;8.603626344986193;9.659995892429976;9.139551352398794;9.46352437327118;9.174925682500678;9.388017285345136;9.93810932621924;11.527965641133957;9.169925001442312;9.800899899920305;9.544964432789238;9.756556322524087;8.92481250360578;10.084808387804362;10.89633240390994;9.491853096329674;10.413627929024171;10.507794640198696;8.774787059601174;10.066089190457772;10.240791332161956;6.794415866350106;9.489847960439295;9.731319031025064;10.401946123976536;9.611024797307351;9.782998208920414;9.400879436282183;9.756556322524087;8.774787059601174;9.805743872151618;9.562242424221072;8.700439718141093;9.945443836377912;10.933690654952231;8.353146825498083;9.715961990255144;8.741466986401146;8.751544059089099;8.930737337562887;9.754887502163468;10.737247343027738;10.514714054138487;7.906890595608519;10.188588845707349;9.240791332161956;10.89633240390994;8.129283016944967;7.900866807980749;10.094077685671904;10.697836357962377;9.605479518061667;9.776433032444732;9.64565843240871;7.894817763307944;9.144658242831882;7.906890595608519;8.682994583681683;9.605479518061667;9.187352073200495;9.885696373339394;8.92481250360578;9.422064766172811;8.169925001442312;9.756556322524087;9.057991722759176;9.618385502258606;8.204571144249204;8.487840033823051;9.799281621521924;9.905387005018133;9.513727595952435;9.905387005018133;6.599912842187128;9.799281621521924;8.804131021183318;9.0;10.740624044489412;10.76983784362944;9.154818109052105;9.30149619498255;10.24198314969433;10.020979938904212;10.880348808156027;10.181152256865566;11.870364719583405;9.501837184902296;8.74819284958946;9.870364719583405;9.868822554775;10.066089190457772;9.992938336165814;8.29920801838728;8.507794640198696;10.271463027904376;9.800899899920305;9.768184324776929;10.672425341971495;8.118941072723507;9.489847960439295;9.46352437327118;8.751544059089099;10.053925881531104;9.409390936137704;10.376125389276174;11.632995197142955;11.356451970221755;11.508785162064513;11.802516365121225;10.216745858195306;10.66622400280318;11.055282435501187;11.107870914279614;10.887220615468385;10.8193807908646;10.27262978497637;10.530406337099068;10.406205005418856;11.281930026955443;11.34485068394299;10.536247215688128;11.787902559391432;10.250298417906333;10.434628227636724;11.000704269011246;11.246740598493144;10.263269200372662;10.323054760341646;12.060020354507852;11.07347215397646;10.989394499844732;11.338736382573916;11.806549621985962;10.14974711950468;9.44086916761087;11.840384550711669;10.91737207947684;11.000704269011246;9.68650052718322;9.556506054671928;10.397674632948268;10.567956075415466;8.977279923499916;10.556506054671928;9.7714894695006;10.249113452713727;10.926295994781112;10.987264012072538;11.590119174107176;10.881113960675096;9.932214751968385;11.07347215397646;12.227315099905493;10.298062567719017;10.82097669262124;10.73809225962049;10.96000193206808;10.855647166027266;10.336506559810257;10.467605550082997;10.642954223480332;11.367414751246828;11.386401423640775;11.52943055414615;10.905387005018133;10.60733031374961;11.746094383705463;8.968666793195208;10.785452468158542;10.932214751968385;10.390168956200185;11.332596057789214;10.641148597411233;10.118941072723509;10.413627929024171;10.145932145820517;10.743992861060176;11.157978449945432;9.766528908598865;11.184875342908285;10.339850002884624;10.790348496751914;10.397674632948268;9.485829308701904;9.497851836951115;11.527477006060396;10.527477006060396;10.197216693110052;9.94104760634058;10.799281621521924;11.08214904135387;10.961449694398196;9.187352073200495;11.591989767615123;10.32755264408124;11.978352958165145;10.517669388133813;10.936637939002573;10.665335917185176;10.060695931687556;10.565102078360312;12.78135971352466;10.555547771647063;11.318542809702723;11.107870914279614;10.452241240430816;11.234817431117325;9.4241662888181;11.089450481115907;10.577428828035748;10.064742764750257;11.467096033905747;11.197830998012195;10.310612781659527;11.112439506781552
12.386670859637618;12.351767443959892;13.34568244818678;11.884552133987237;10.886458695703706;12.445014845868425;10.52552080909507;11.428883552010191;11.366322214245816;11.52552080909507;11.758223214726724;11.79766152585376;12.122180901259751;12.292609222764296;11.890644283619087;12.566291930007871;11.032045726930807;10.894817763307945;10.608254821977908;11.514714054138487;12.646783691837792;12.445014845868425;11.049848549450562;11.243769031961852;11.590119174107176;12.14242620231898;10.94251450533924;11.863411958941638;12.313166475977198;12.48708634027127;10.922584402713664;10.830515206976838;10.053925881531104;10.993646060016596;10.578372691360803;12.93682194449238;11.744833837499543;11.246740598493144;10.860311054919482;11.049848549450562;11.932214751968385;11.664447284547972;12.332875731152674;12.942147920394849;11.243769031961852;11.018200178813226;10.846273911349906;10.925554439873554;10.842350343413807;12.41336348121097;12.360298426618046;12.613098794209224;12.61401961443572;10.878050912728536;11.105253779700885;11.16679075071818;11.597121428789569;12.14242620231898;11.731743290707842;12.106562940444883;12.428098411832506;12.009478745888066;10.632086412835182;11.449148645375436;10.733015321685963;12.94891470931216;11.915505962231933;11.105253779700885;11.753634618853386;12.263269200372662;11.687813062564931;11.713816080234498;11.243769031961852;11.3066313617125;10.366322214245816;11.049848549450562;11.63390340934852;13.539764654580962;10.774787059601174;10.967946705812707;10.406205005418856;11.753634618853386;12.436971745049073;11.753634618853386;10.35424938194524;10.406205005418856;11.659995892429976;11.287712379549449;10.841564347730577;11.546412195119352;11.56271942704932;10.729620743553038;11.955286645524469;11.26795708440284;12.39740724437538;9.766528908598865;12.285691191330091;11.0566377151132;10.815383295813538;11.84313591111135;11.877667574067882;10.922584402713664;11.811374693509942;11.77066389291676;12.189206834597025;12.909518114296617;12.646783691837792;11.717676423066395;11.336506559810257;12.982280604558284;10.993646060016596;11.890644283619087;12.638435913990472;12.10000522442272;10.84862294042934;12.04746477331842;11.898601387403938;11.370687406807216;11.921469060531413;11.733439082899434;11.095397022792556;11.394998514501673;12.210975677726395;11.689561254285524;10.8649599151426;12.223398414711628;10.490850876740298;11.840384550711669;11.346513733165636;11.399811959325683;11.780949798749663;11.529918528120325;11.40886043602476;11.380461065088973;11.403544678202014;11.136350341454156;11.370687406807216;11.611024797307351;11.65954999687987;12.154185209265297;10.489847960439295;11.588246152044816;12.024793384702548;12.034111146096592;11.490349505739289;10.44604940671655;11.932214751968385;11.419433550705378;11.797256217509783;11.822570830950168;11.703038388986418;12.432019846812493;11.968666793195208;11.391780606013166;11.419433550705378;11.267371931265274;11.314583244274194;11.559855041513623;11.141468555393084;12.01854794187165;12.052568050804153;12.303780748177102;11.356451970221755;12.04882741336389;12.0566377151132;11.009128789539256;12.070120944476823;11.939211882666395;12.672204323964031;10.733862719678545;10.83605035505807;10.934428040626804;11.965784284662089;11.505811553919594;11.510764167917891;11.00842862207058;12.230921088137896;11.774787059601174;11.304921669581672;11.30035256032822;11.950920352030098;11.769424641552751;11.821773981970567;12.178664851006472;10.89633240390994;11.632995197142955;11.4231159101471;11.140190703191836;11.322491537597468;11.312315746690109;11.510269670898175;10.99859042974533;11.400879436282183;11.330356716957944;11.511258495502268;11.051208940914766;12.103615656394544;11.924441392339196;11.322491537597468;12.032734528586714;12.325867580575418;12.547858506058416;11.027214885159834;12.101975670949232;11.929258408636972;11.937005926516589;12.246146774635864;10.526499239136566;11.260919533662904;11.995767150877802;11.080151309614088;11.780129619625306;12.246443717117286;11.894059846274022;11.89519657256334;11.507299124122763;11.4231159101471;12.286846502735887;11.076815597050832;11.538673953082668;12.061708704660624;12.135067945777816;12.221587121264806;12.540370243743569;11.762382038710392;11.358651200892886
12.332596057789214;11.672867276433792;12.16804526822409;11.97656412341533;10.482807956726669;12.612638163604773;8.854868383260236;10.99929538702341;13.041316915829444;11.790755750118311;11.51668494930961;11.23661220021575;11.4757334309664;12.237508748172656;12.019590728357882;11.552188759557149;10.975847968006784;10.92035285541508;10.985130373466898;11.376125389276174;13.57553924683453;12.612638163604773;11.152284842306582;11.355901638328415;10.668884984266247;9.946906274456396;12.609409624761804;12.379649117760035;13.367278229359725;12.468878553819426;9.927777962082342;10.75905593916017;11.571278618514595;10.053925881531104;10.542064542283445;12.31741261376487;11.815783544128184;11.964340867792416;9.936637939002573;11.152284842306582;12.163964091412272;10.993646060016596;10.376125389276174;11.926666629347284;11.597587039586216;12.439311461818846;10.481799431665753;9.954196310386877;11.851358649033513;13.222493052246469;13.154026940926496;11.394462694610317;11.336506559810257;10.858758099935422;8.483815777264256;11.36468185586456;10.605479518061667;9.946906274456396;12.257387842692651;11.034111146096592;12.490600213019594;11.839203788096944;10.080817527608328;12.156715144224702;10.350939181546432;11.898979204622512;11.980853606379736;8.483815777264256;11.080817527608328;13.524541715035848;12.649929757036618;11.002815015607052;11.355901638328415;11.202736043250168;10.83605035505807;11.152284842306582;11.048486873992337;12.556745526004686;8.991521846075695;11.51422090935813;11.022367813028454;11.854868383260236;11.31797782240712;11.854868383260236;9.787902559391432;11.022367813028454;13.59333276016138;9.92184093707449;11.622051819456376;12.20181761666792;10.470658874060552;11.33371442609397;11.533329732305834;11.233020426474496;12.334552633752422;10.877284133523196;12.870750003346114;11.73809225962049;11.227615943414223;12.241685287601625;12.170238052336648;9.927777962082342;13.248224089668474;12.004571615167656;10.914385132155443;11.38855550398256;13.57553924683453;11.261507309202056;11.804534402995223;11.829326335841666;10.053925881531104;12.019590728357882;14.531137741444716;12.806146803320525;10.677719641641009;11.251482410620213;12.96902670215077;12.311464515448444;12.70714340198091;11.579787329526992;11.63117705570398;12.407533331671324;12.435930651703597;12.959277505720502;11.294620748891628;13.123313124568744;10.711666973564348;11.84979602224561;11.50481898763284;12.38720958071964;12.691089186236532;12.81977993183848;12.676397887044764;12.889123656294238;11.988684686772164;11.910642730469624;12.659326997414103;12.56961830344664;12.44889062962926;12.99081307915361;10.714245517666123;12.02997734658958;12.068442416025826;12.35149140932002;12.417852514885896;12.11829223302699;12.624567018674917;12.0003521774803;12.188588845707349;12.03514274788591;12.539158811108033;12.522826699925806;13.204265456136843;11.766528908598865;12.586370695113963;12.19598729802851;11.623424289869911;12.001408194392807;11.400879436282183;13.02997734658958;12.955286645524469;12.437752072323605;11.83368074865474;12.360024019571876;13.0591754379151;10.967226258835993;13.031184262140842;11.978710459106358;13.210671343785622;10.720244258287568;11.161131882984307;11.81177605532666;12.181773438808808;11.229419688230417;12.081483438093674;10.46454575033394;12.160186576600662;12.832098846039134;11.717676423066395;12.041659151637214;13.208843990734614;11.735979039613404;12.807354922057604;12.686719366021846;10.794415866350104;11.971902746045467;11.749450465569916;12.002815015607052;12.53818893205242;12.922212717785449;11.605016447911364;10.26795708440284;11.99116750614001;12.075144844066315;12.76424960536716;12.26707926567123;12.536247215688128;13.113579397950534;12.04678297035635;12.343463343667905;13.190904940346524;13.367687756270046;11.65642486327778;12.206098613995795;12.524541715035848;13.174613647235942;12.66777683839343;10.710806433699352;11.798471801101618;12.214015491410844;12.104926303807776;12.257093144491057;13.378565810000564;12.355626393637916;12.433324626715926;11.7279204545632;12.45455634396194;13.145295334933598;11.822172461476178;11.952377251967985;11.934428040626804;13.189361290465795;12.19075064966236;13.657765035265363;12.419960177847887;12.148794321424337
7.442943495848728;9.722807531169549;2.0;6.965784284662087;6.475733430966398;7.912889336229962;3.321928094887362;0.0;3.169925001442312;9.862637357558794;1.0;3.0;5.044394119358453;6.614709844115208;8.271463027904375;6.066089190457772;5.954196310386875;5.727920454563199;7.426264754702098;10.482807956726669;6.339850002884624;7.912889336229962;10.059344460824423;5.0;11.139551352398794;4.247927513443585;2.584962500721156;8.144658242831882;6.392317422778761;14.356039240983955;5.285402218862249;4.0;5.0;3.169925001442312;5.832890014164741;4.700439718141092;7.022367813028454;12.79400964502097;4.392317422778761;10.059344460824423;5.0;6.087462841250339;5.129283016944966;3.169925001442312;5.727920454563199;8.375039431346925;11.538673953082668;8.0;5.491853096329675;4.392317422778761;12.776638647073584;7.098032082960526;5.459431618637297;7.721099188707186;4.169925001442312;8.044394119358454;5.321928094887363;4.247927513443585;10.14210705730255;8.108524456778168;7.912889336229962;6.870364719583405;5.044394119358453;10.324180546618742;6.459431618637297;2.584962500721156;10.06204613772049;4.169925001442312;6.0;9.485829308701904;7.839203788096944;5.129283016944966;5.0;7.693486957499325;1.0;10.059344460824423;6.954196310386875;3.169925001442312;4.643856189774724;8.134426320220927;6.247927513443585;6.768184324776926;4.087462841250339;6.768184324776926;0.0;6.247927513443585;6.348728154231077;7.665335917185176;8.945443836377912;8.813781191217037;6.20945336562895;6.129283016944966;7.321928094887363;4.392317422778761;8.294620748891628;5.754887502163468;8.087462841250339;11.784225860426252;2.0;7.599912842187128;6.584962500721156;5.285402218862249;6.087462841250339;5.857980995127572;3.906890595608519;11.448116305409464;6.339850002884624;7.400879436282184;12.756556322524087;1.0;3.169925001442312;8.271463027904375;7.78135971352466;10.840777923595054;7.467605550082998;9.887220615468385;10.830515206976838;8.546894459887637;11.084144010615145;10.63662462054365;9.105908508571158;8.842350343413807;11.640244936222343;10.258566033889933;8.980139577639157;11.756973226165448;8.087462841250339;10.907641803665529;9.108524456778168;9.84862294042934;10.225207436943505;10.112439506781552;9.926295994781112;9.843921051289035;9.804131021183318;10.179909090014934;9.659995892429976;8.581200581924957;7.693486957499325;9.4241662888181;7.475733430966398;10.654636028527968;10.483815777264256;10.653740778706569;9.192292814470768;9.663558104217271;9.002815015607053;10.060695931687556;9.821773981970567;6.906890595608519;8.74819284958946;11.12670447284319;10.376125389276174;7.60733031374961;9.111135670234708;10.236014191900084;8.661778097771988;10.337621901992508;9.098032082960527;10.77066389291676;10.369597346278676;8.791162888555018;9.071462362556623;10.957102041562289;8.758223214726724;9.226412192788786;9.581200581924955;10.969386521342283;11.171802288682985;7.98299357469431;9.328674927327947;8.98299357469431;10.627533884472792;9.659995892429976;10.410451351503994;8.573647187493322;10.117643101389092;10.714245517666123;6.930737337562887;10.29920801838728;10.337621901992508;10.96000193206808;10.347621368568134;10.24555270625568;7.577428828035749;9.189824558880018;9.7279204545632;8.994353436858859;9.002815015607053;8.829722735086058;10.230020435705637;9.294620748891628;9.813781191217036;9.14210705730255;7.912889336229962;8.055282435501189;10.694357887221452;10.893301530860564;8.554588851677638;9.541096615349524;10.792790294301064;10.555547771647063;9.469641817239516;8.988684686772165;10.265615046484458;11.112439506781552;11.553149275598548;8.566054038171092;9.945443836377912;10.84313591111135;9.164906926675688;9.899356922923111;11.411510988012072;8.011227255423254;9.927777962082342;10.164906926675688;9.717676423066395;8.294620748891628;6.491853096329675;10.58777751632821;10.749031382040204;10.371776644337924;10.963618617443972;10.589651146514786;9.96289600533726;10.13827180017222
3.321928094887362;2.0;1.584962500721156;2.0;2.807354922057604;3.584962500721156;4.321928094887363;1.584962500721156;1.584962500721156;3.169925001442312;1.0;1.584962500721156;1.0;1.584962500721156;2.321928094887362;3.169925001442312;4.169925001442312;3.321928094887362;4.247927513443585;3.700439718141092;3.0;3.584962500721156;1.584962500721156;1.0;5.523561956057013;3.584962500721156;3.169925001442312;2.0;3.807354922057604;1.0;2.807354922057604;2.0;3.0;2.807354922057604;1.584962500721156;4.857980995127572;1.0;1.0;4.087462841250339;1.584962500721156;1.584962500721156;3.807354922057604;4.523561956057013;3.0;2.321928094887362;3.906890595608519;2.0;3.700439718141092;1.584962500721156;2.321928094887362;1.584962500721156;2.0;2.0;3.700439718141092;1.584962500721156;1.584962500721156;1.584962500721156;3.584962500721156;3.321928094887362;1.584962500721156;1.0;1.0;1.0;3.0;2.0;1.584962500721156;2.321928094887362;1.584962500721156;2.0;1.0;3.0;1.584962500721156;1.0;1.584962500721156;6.108524456778169;1.584962500721156;2.584962500721156;3.169925001442312;1.0;2.321928094887362;5.285402218862249;0.0;2.0;0.0;0.0;5.285402218862249;2.169925001442312;1.0;1.584962500721156;2.0;1.584962500721156;1.0;1.584962500721156;2.0;3.584962500721156;1.0;2.584962500721156;2.0;1.0;1.584962500721156;3.0;2.807354922057604;2.807354922057604;2.321928094887362;2.807354922057604;0.0;3.0;4.459431618637297;3.700439718141092;3.4594316186372973;2.807354922057604;2.321928094887362;2.0;2.321928094887362;1.584962500721156;2.0;3.0;3.584962500721156;1.584962500721156;2.321928094887362;2.321928094887362;1.0;2.321928094887362;0.0;1.584962500721156;1.584962500721156;2.584962500721156;2.584962500721156;2.807354922057604;0.0;3.321928094887362;2.0;2.0;2.0;3.807354922057604;2.0;1.584962500721156;2.807354922057604;2.0;3.321928094887362;2.0;2.0;1.0;2.0;3.169925001442312;0.0;1.0;3.321928094887362;2.584962500721156;0.0;2.584962500721156;1.0;3.321928094887362;3.0;2.0;0.0;3.0;2.321928094887362;2.807354922057604;3.4594316186372973;0.0;2.807354922057604;1.0;2.807354922057604;2.584962500721156;4.169925001442312;4.087462841250339;0.0;1.584962500721156;4.0;2.0;2.0;2.807354922057604;2.0;2.321928094887362;2.584962500721156;2.321928094887362;1.584962500721156;2.807354922057604;2.321928094887362;2.584962500721156;2.584962500721156;2.807354922057604;2.584962500721156;1.0;2.321928094887362;2.0;2.0;0.0;1.0;1.0;2.584962500721156;2.0;0.0;2.0;1.0;2.321928094887362;2.584962500721156;2.584962500721156;1.584962500721156;2.0;2.321928094887362;1.584962500721156;0.0;1.0;1.584962500721156;3.807354922057604;1.584962500721156;1.0;3.0;3.584962500721156;1.584962500721156;2.807354922057604;3.169925001442312;2.584962500721156;2.321928094887362;3.700439718141092;2.584962500721156;2.0;0.0;3.169925001442312;0.0;2.321928094887362;2.321928094887362;1.0;1.0
13.853991749849204;13.8193807908646;13.31557415490396;13.799888688663591;14.064911136698967;13.697836357962377;11.842743180731658;12.779924501967908;14.05553664742647;13.486457961394274;13.525765478821915;13.513850940118791;14.40786522222488;16.09376829142795;13.244958393151132;12.854673621863938;14.016024758393058;13.544481522310791;14.394931547897306;13.75373906736318;12.94397991434374;13.697836357962377;13.755200553057804;12.416269744523207;13.537825059241824;14.551528033628088;14.641656658198205;14.691470916513603;13.802516365121225;13.394596668240991;12.282798858683533;13.825952537523726;12.202429966015352;13.568312428397611;13.233469887522077;13.887030173247677;14.199442304966484;13.73492126770526;12.679700005769249;13.755200553057804;12.996473488733228;14.377481688182955;14.079151405421891;12.835063492005094;13.961449694398196;14.360778513394182;12.97924654446865;13.195526004646196;12.200285605224298;12.672204323964031;13.465948964154254;13.270441340848045;14.458534778744625;14.305349282598948;11.950920352030098;13.976116567946908;12.874212934830874;14.551528033628088;13.109993845845157;12.191059214531656;13.305349282598948;13.684200712989997;13.211279947482009;13.686938171670388;13.185959435631318;14.419236015955857;12.758639637024576;11.950920352030098;13.595723694101627;13.384513961398618;14.367073422302823;13.016982347533649;12.416269744523207;13.979782430703086;13.048316574158472;13.755200553057804;13.015066533230293;13.151016538892248;10.932214751968385;13.250298417906333;13.720244258287568;13.48733761520718;13.849502841203268;13.48733761520718;11.439311461818846;13.720244258287568;12.763108601932068;13.826945650415484;14.461415496620532;14.010528105886484;13.613098794209224;13.55877942904049;15.071629952153245;14.698324845970204;14.607503704175985;13.726218159332198;14.723020931812032;13.64554585817894;13.066593776312253;13.203500952361397;14.562838653117804;12.282798858683533;13.583670447270272;14.017852331905962;14.127591367299251;13.712849378387808;12.94397991434374;13.731955373771934;14.016373046170932;12.604321563877273;13.568312428397611;13.244958393151132;13.043027283594547;13.744623639343583;13.199365616857982;12.829722735086058;13.767253386915764;13.135388651579046;13.665780028329484;13.713493918252984;13.236163717219272;13.64880694972577;13.336506559810257;13.215381320721084;14.174067423074606;13.050528905530555;12.249113452713727;12.59618975614441;13.267518241801469;13.476239906323851;13.40047922497788;13.661555442467758;14.052228393347402;13.27262978497637;13.640244936222343;13.47015043527436;13.80302113929134;13.458791075608133;13.582024340280569;13.820278702816962;13.877284133523196;14.60020330405384;13.235715094761895;13.594207951809086;13.669770888525518;13.436190995481416;13.151967870968187;13.640357924830376;13.840679590429296;13.431367014075487;13.896521622224974;13.154026940926496;14.588129007386325;13.477252323937952;13.224303209373389;12.556506054671928;13.068274455720507;13.411775775576528;13.124444460008585;13.844607698610256;13.95546828795982;13.433455039827054;14.041488043881468;14.19391031528667;13.33622758948339;13.109504215757006;14.10705356960822;13.937649678896111;12.80332391904149;12.876516946565;13.167574951988176;13.03307880613062;13.575657418193968;14.750811646897551;14.531259606127044;13.663669281733675;14.7431513941125;14.13747150335196;13.069449767427784;13.428360172704291;13.848427334023928;14.376193234513126;14.319178156047638;13.794314321740464;13.472056157502356;13.735027079802624;13.270879295328784;13.375853976418467;13.594674503689903;14.3274122972704;13.605942439625368;12.772108342052116;13.23825544610397;12.916439322580777;13.514837313999376;12.89026427702111;14.151413003496929;13.711236767793784;13.7324854450719;13.124121311829189;13.804534402995223;13.94617524072356;12.608254821977908;12.298349015658186;14.067938476436064;13.917931444281608;14.013933264158965;13.214319120800766;14.127430154309826;13.363176553811964;13.416665599935456;14.175315631699174;14.4629495307459;13.488718845605542;14.064911136698967;13.875845323150736;13.582847628550269;13.44047989881122;12.776021715252812;13.56843119316746;13.5346676445924;12.926110641785304;14.18185106774912;13.71639078949768;13.401279536596528;14.176406929058992
3.4594316186372973;3.906890595608519;4.087462841250339;3.584962500721156;1.0;3.906890595608519;0.0;0.0;5.700439718141092;2.0;2.807354922057604;2.0;4.087462841250339;3.4594316186372973;3.169925001442312;3.906890595608519;3.0;2.807354922057604;2.0;1.0;3.321928094887362;3.906890595608519;3.0;2.0;3.807354922057604;4.0;1.584962500721156;3.906890595608519;3.169925001442312;5.357552004618084;3.700439718141092;1.0;5.727920454563199;3.807354922057604;1.584962500721156;2.0;4.0;3.169925001442312;2.584962500721156;3.0;3.321928094887362;4.169925001442312;3.584962500721156;4.321928094887363;2.584962500721156;3.584962500721156;0.0;0.0;4.0;4.459431618637297;4.754887502163468;6.409390936137702;3.807354922057604;2.807354922057604;0.0;1.584962500721156;3.584962500721156;4.0;3.0;2.807354922057604;2.584962500721156;3.0;2.0;2.321928094887362;2.807354922057604;7.087462841250339;1.0;0.0;3.169925001442312;3.584962500721156;3.906890595608519;5.643856189774724;2.0;2.807354922057604;4.087462841250339;3.0;4.0;4.321928094887363;1.584962500721156;3.0;3.169925001442312;1.584962500721156;2.321928094887362;1.584962500721156;4.523561956057013;3.169925001442312;3.39231742277876;3.169925001442312;0.0;1.584962500721156;4.643856189774724;3.321928094887362;2.0;2.584962500721156;3.0;2.0;3.321928094887362;2.321928094887362;2.0;2.807354922057604;3.321928094887362;3.700439718141092;1.584962500721156;3.0;1.0;3.700439718141092;3.321928094887362;3.4594316186372973;2.807354922057604;2.807354922057604;3.807354922057604;3.169925001442312;2.321928094887362;4.247927513443585;2.321928094887362;1.584962500721156;3.700439718141092;2.321928094887362;3.906890595608519;2.0;4.584962500721156;2.807354922057604;1.584962500721156;3.700439718141092;3.0;3.321928094887362;1.0;2.321928094887362;3.169925001442312;4.584962500721156;4.169925001442312;4.523561956057013;3.4594316186372973;3.169925001442312;3.584962500721156;2.0;5.044394119358453;3.700439718141092;4.584962500721156;3.700439718141092;1.584962500721156;1.0;2.321928094887362;2.807354922057604;3.807354922057604;3.321928094887362;4.087462841250339;3.700439718141092;3.0;3.584962500721156;4.523561956057013;1.584962500721156;4.0;3.584962500721156;4.247927513443585;3.4594316186372973;3.0;1.0;0.0;3.584962500721156;4.087462841250339;3.807354922057604;2.0;3.321928094887362;3.321928094887362;3.4594316186372973;5.169925001442312;2.807354922057604;3.584962500721156;1.584962500721156;1.584962500721156;2.321928094887362;2.0;2.807354922057604;3.0;0.0;1.0;3.169925001442312;4.584962500721156;3.584962500721156;3.807354922057604;0.0;3.807354922057604;1.0;3.4594316186372973;2.321928094887362;2.807354922057604;3.169925001442312;4.087462841250339;4.169925001442312;2.0;1.584962500721156;2.584962500721156;4.087462841250339;4.392317422778761;3.4594316186372973;0.0;4.700439718141092;4.087462841250339;2.0;3.321928094887362;3.584962500721156;2.321928094887362;3.169925001442312;3.321928094887362;4.169925001442312;3.700439718141092;2.321928094887362;2.321928094887362;0.0;3.0;2.321928094887362;4.247927513443585;4.584962500721156;4.807354922057604;1.584962500721156;4.754887502163468;4.643856189774724;1.584962500721156;2.584962500721156;3.321928094887362;4.247927513443585;0.0;4.643856189774724;2.584962500721156;2.584962500721156
12.1526017440192;11.49235394515987;10.60917873814198;11.388017285345136;12.175237650291036;12.843921051289035;11.395534135462302;9.746514321138465;11.165535141377925;11.594791118089264;10.76487159073609;11.852139328187244;11.011926066306808;12.683213954934429;11.369597346278676;11.38747886584238;13.194602975157968;11.328674927327947;12.188897873242189;11.598517810612622;12.324461855977315;12.843921051289035;11.20945336562895;12.581435989454384;12.03857610276879;10.457380879072534;12.367687756270046;11.65508344519798;12.462502272597265;11.014717929860009;13.237359362198834;11.378294855911893;8.103287808412022;10.83368074865474;10.992230264965889;10.885696373339394;11.523561956057012;11.2836671674915;11.92035285541508;11.20945336562895;11.966144913345602;12.642728643769;12.513234113806051;11.971184272404678;12.083146870816742;13.082481727863104;11.174925682500678;10.85642552862553;11.36468185586456;13.205335081275733;12.011926066306808;11.869208250550829;12.369052007001388;13.06356361058499;11.85096815098244;11.522091068887065;11.572226512793694;10.457380879072534;11.184255495405347;11.626165319904498;12.737036036540228;11.469641817239516;11.4812949046311;10.84313591111135;11.85642552862553;12.232420927176076;10.968666793195208;11.85096815098244;11.61056350392504;10.434628227636724;11.97656412341533;13.246592165441838;12.581435989454384;12.104926303807776;11.637983303777853;11.20945336562895;11.345959596404112;9.79603960882977;11.501837184902296;10.972979786066292;11.648357582009666;11.735979039613404;12.029287226968243;11.735979039613404;10.619302955415687;11.648357582009666;10.703471046071948;11.47218311618954;10.654636028527968;11.583082767502932;11.283088353024002;11.406736482691723;11.410981267043796;11.034798962577268;11.913637428049103;11.384783750093352;12.40992124124968;12.28164030006605;13.028596777067108;11.618385502258606;11.21006248324023;13.237359362198834;10.851749041416058;11.56081046872794;11.109177703355275;11.570804437724496;12.324461855977315;11.352043425795433;11.83368074865474;11.217351905270334;10.83368074865474;11.369597346278676;11.985130373466898;10.59898297103609;10.868822554775;10.125413470483316;11.130570562805426;10.922584402713664;11.4893462407191;10.35974956032233;11.019590728357882;11.508289986140348;10.41256984680521;10.186114239541643;10.30035256032822;10.860311054919482;11.375039431346924;9.86418614465428;11.305491792110685;10.854868383260236;11.467605550082997;11.185494924210866;11.98903963696239;11.214926187942435;11.50382573799575;10.853309555403674;11.000704269011246;10.995767150877802;12.272921326867005;11.298062567719017;11.5980525001616;10.610102062999664;10.179909090014934;11.203348002979762;10.715104009236168;10.476746203939468;11.57553924683453;11.281350514981035;11.321928094887362;10.927037168720297;11.464035152189911;9.22881869049588;11.31628153174622;11.34207466799914;11.403544678202014;9.930737337562888;10.768184324776929;11.057991722759176;10.611024797307351;11.63117705570398;11.186733289128869;11.371776644337924;10.793603309279408;11.57553924683453;11.400879436282183;10.842350343413807;11.454813348512523;10.562242424221072;10.64565843240871;11.729620743553038;10.760719947465624;10.24198314969433;10.66266837551754;11.527477006060396;11.187352073200495;10.561287945164828;10.42940674151398;11.866506212226202;10.965784284662089;11.486332252768664;11.199058823653022;10.800899899920305;11.915879378835774;10.360847084179664;11.440350119200565;10.515699838284045;10.247927513443583;10.92851837525789;11.114393054867309;11.064742764750257;11.345405246717796;9.958552715431011;10.698704666770343;10.839991070539886;11.036173612553483;10.624795455860236;10.93737382019215;11.376125389276174;11.53430288245463;9.900866807980748;10.675074920385445;11.52552080909507;10.71681946132995;8.954196310386875;11.41204051455165;11.094077685671904;11.456354415108288;11.214926187942435;10.127994320976391;10.169925001442312;10.75905593916017;10.828929827651486;11.460455896309636;11.023061249735337;11.29748950116098;10.600842114387302;11.1767964781476;12.050528905530555;10.413627929024171;11.02167404285837;10.425215903299383;10.487840033823051;11.683433292835405;11.721099188707186;11.155450731312138;10.655530723155644
13.144180239058922;12.72940831698402;12.887791791341588;12.417852514885896;12.224303209373389;12.85836959985474;10.710806433699352;11.06406908038551;14.2322710134189;11.6965329140783;9.052568050804153;12.01017840402054;12.78074479767779;12.4241662888181;12.584727667963922;12.087131301540529;13.071965072954027;13.212648367816252;12.98477446004684;13.049678410286392;14.027560482248775;12.85836959985474;13.929628283024565;12.27350423396216;11.937005926516589;14.642728643769;10.615629636968098;13.366595426071438;13.002815015607052;12.607792641919213;12.1901333218648;11.023061249735337;10.679480099505446;11.891024190149498;12.825356341479337;11.225809940623543;12.83703654351734;12.930737337562888;11.703471046071948;13.929628283024565;12.581906689308768;11.995767150877802;11.13699111208023;9.594324603924848;12.730894646541673;13.55206865007526;10.844705764411938;12.57530287507339;12.18239435340453;12.240195053979924;9.505811553919594;11.846665681899738;13.36796070964157;10.701306461958623;11.491853096329674;12.698704666770343;11.952377251967985;14.642728643769;10.214319120800766;14.630039552656095;13.323477033150423;12.778487861222372;11.885315061049376;11.584962500721156;12.085472459181284;10.642954223480332;10.9901039638575;11.491853096329674;11.75112558336727;13.466713778648694;12.212496385193948;13.094572578492796;12.27350423396216;12.3445733225962;11.097373768990222;13.929628283024565;11.868436755858168;16.50988322713334;12.477758266443889;12.4186432493759;12.633222303800787;12.6640027628865;11.35424938194524;12.6640027628865;9.90388184573618;12.633222303800787;11.183945471757246;11.94104760634058;13.428621886091111;13.80624751853163;12.60408986146918;12.973159214589735;12.307485448589476;14.089533240045569;13.349281228817452;12.037890085142507;13.677609541664545;12.33427328530719;11.810973220002165;12.151016538892248;12.79197682089869;12.1901333218648;13.400746044849342;12.106562940444883;10.710806433699352;11.47826403158172;14.027560482248775;13.958824554462224;12.106562940444883;12.94288099715904;11.891024190149498;12.584727667963922;13.04336911395769;13.89121410590583;13.30848124464402;14.391914828931892;14.13016832814676;13.41323123912454;14.243099585151974;14.03419714109205;13.289298471903477;13.697510607377868;14.337830932691126;14.218184804521943;13.59898297103609;14.363176553811964;13.404875455015208;13.41481734468885;13.286413369370344;13.574238722636666;13.608832338914842;13.85904940635557;13.942239575363963;13.987885729402086;13.88683970588442;13.766632427778108;13.918676926815126;13.73946419458592;13.034627039197348;14.230695977736552;13.620105248607066;14.182704710518964;14.408197036444903;14.16820200623727;13.6713199131833;12.828136484194108;14.0380616201336;13.628673364068312;13.590587049915037;13.657318449581288;13.33161677384507;14.163728286289151;14.046100845028802;13.663446918132603;13.40207940450145;13.628217680223434;13.520373136339725;14.043539998771736;13.813681000582536;14.394060699054595;13.896237785445184;13.6032786098684;13.62490966089025;14.40693573620228;13.659326997414103;13.778487861222372;13.844117269587995;14.129283016944967;14.026004642978943;13.76994112565983;12.882452001882136;13.07363951028323;14.533573081389802;14.05273784954982;13.94196459298614;13.206403913973848;14.408462432884376;14.248817059278505;12.817783121774534;13.49460561567122;14.563732534705844;13.842546775443642;13.937741620077096;14.220907299509877;13.309760544729622;13.527477006060396;14.252295842326314;13.564744931424242;13.772108342052116;13.561168590869755;13.89973454235751;13.044735626056909;13.207471955404491;13.344295907915816;13.764560631570992;12.673971520682796;14.43280285635187;13.883025068440173;13.491853096329674;14.468369487109523;14.413032853263864;14.000792278469312;13.584845089120613;12.800090987624994;13.996561756654629;13.84519599345634;14.504012024398088;13.802516365121225;13.992141731625926;14.299064886779355;13.755722153642282;14.073723181157018;14.276851386917684;13.94452905919877;14.443850077438436;14.276269830912272;13.510146020155364;13.07263508111231;11.714245517666123;13.662445857580664;13.74819284958946;13.556865246766623;14.91246836404911;14.153710352151716;13.92174797692491;13.961178349604277
12.11504365016171;12.73047013718422;12.394462694610317;12.472437000051327;11.863411958941638;12.204876767603992;12.066425600635556;11.181152256865566;11.679480099505446;12.610794169053182;12.011926066306808;11.39660478118186;11.183635381473218;12.07045641594465;12.040632200562252;12.374496145691516;12.959277505720502;11.962534563511271;12.227014193649133;12.669992279616398;13.06373212019692;12.204876767603992;11.54978466794786;11.84588203438406;12.220680621052203;12.599215495017718;12.179598130849836;12.322209843748894;12.019243216603607;11.945077995107816;11.783816759320182;11.71037597120447;9.577428828035748;12.521109643651332;11.077483356859508;12.337900602860929;11.651948610723446;12.218260498797305;12.057991722759176;11.54978466794786;12.573173784686484;12.936637939002573;12.541338657970826;11.42259043389256;11.793196859060943;12.6691065113363;12.041659151637214;11.25915476886684;10.720244258287568;11.961811408087163;13.001760028327215;12.340406490853294;12.029632328044135;12.320518524632693;11.244958393151132;12.44086916761087;11.47015043527436;12.599215495017718;11.811374693509942;12.058668250340572;12.20212382383046;12.575775579874763;11.184255495405347;11.861474675125772;11.153552031708111;12.90407007654614;11.909518114296617;11.244958393151132;12.32333628928017;11.887220615468385;12.45763738099176;11.671983272091865;11.84588203438406;12.002111776479852;10.892542816648552;11.54978466794786;12.650603022215307;12.518407276671365;11.419960177847887;11.646108641506103;11.652396861477678;12.078484417411447;12.077149515589731;12.078484417411447;10.43567026093655;11.652396861477678;11.518407276671365;12.097044499322951;11.39231742277876;12.119265383175788;12.054943416573323;11.467605550082997;11.871520262329112;12.734709620225836;12.329516067206534;10.703038388986418;12.50432244829189;11.552669097514272;12.319672120946995;12.636171441635922;11.788718332690458;11.783816759320182;11.461479447286155;12.281350514981035;11.04916787237217;12.659326997414103;13.06373212019692;12.429668265133094;12.160501747555688;12.672425341971495;12.521109643651332;12.040632200562252;12.318260343712415;11.863024710236886;11.4757334309664;11.993999791792524;12.00562454919388;11.543031820255235;12.165849146176395;11.972261848733291;11.699138625275914;11.939211882666395;12.208539206738363;11.773963368433558;11.38747886584238;12.0003521774803;11.934796592178404;11.377210530388552;11.623881490013458;11.534789211480266;11.99116750614001;11.802516365121225;11.9683067944308;11.595723694101627;12.167104482379932;11.566054038171092;11.998942951443086;11.581200581924955;11.712527000439824;12.185804615108458;11.854868383260236;11.89973454235751;12.157346935362844;12.059344460824423;11.410451351503994;10.924070185585345;12.204571144249204;11.697402007502708;11.889503963411476;12.036860446673046;12.07648160120702;11.92072501975118;12.04678297035635;11.859534786382651;11.49585502688717;11.040289721025715;11.731743290707842;11.963979787815338;11.4812949046311;11.985486199104637;12.169611882604212;12.288000889707574;11.5473765634981;12.3437409184722;11.929258408636972;12.00562454919388;12.132178380915544;12.250002267840449;12.00105627463478;12.360024019571876;11.397139806235604;11.207014320177532;12.0;12.240195053979924;12.179909090014934;11.718104713121756;12.235715094761895;12.307770031890705;11.633449374713493;11.702605602110248;12.04882741336389;11.493355121494906;12.106890045092218;11.556026992724677;11.89973454235751;11.50481898763284;11.767770648776704;11.623881490013458;11.527965641133957;11.806952328210736;12.013671614058635;11.254438148267257;11.439830883981392;11.56271942704932;11.670213636738564;11.390706372872774;12.216442739160492;11.808562029957525;11.693922488081014;11.85914649542596;12.143702076857933;12.065416134676548;11.473705749619416;11.589651146514786;12.14338321398982;11.820178962415188;12.244661144764198;12.027560482248775;11.79685079526716;11.854868383260236;11.33371442609397;12.19598729802851;12.216745858195306;12.01297364837454;12.301210371298426;11.874981347653774;11.945443836377912;11.993999791792524;13.082980613825388;11.63390340934852;11.836444911341369;11.53818893205242;12.584962500721156;12.372048825272772;11.90388184573618;11.744833837499543
2.584962500721156;2.321928094887362;1.0;5.554588851677638;2.0;3.0;0.0;2.321928094887362;0.0;0.0;1.0;1.0;2.321928094887362;0.0;2.807354922057604;2.584962500721156;2.807354922057604;0.0;5.247927513443585;2.321928094887362;0.0;3.0;0.0;1.0;4.087462841250339;1.584962500721156;1.0;2.807354922057604;4.643856189774724;2.584962500721156;2.321928094887362;1.0;0.0;0.0;1.0;2.321928094887362;2.0;1.584962500721156;4.087462841250339;0.0;0.0;4.169925001442312;2.584962500721156;0.0;1.584962500721156;2.321928094887362;3.169925001442312;1.0;2.321928094887362;1.0;1.0;1.584962500721156;2.0;5.247927513443585;0.0;3.0;2.0;1.584962500721156;4.584962500721156;2.321928094887362;1.0;3.0;1.584962500721156;3.321928094887362;2.321928094887362;0.0;2.584962500721156;0.0;1.584962500721156;3.169925001442312;1.0;6.658211482751795;1.0;2.584962500721156;0.0;0.0;2.807354922057604;3.169925001442312;0.0;3.4594316186372973;3.4594316186372973;3.4594316186372973;0.0;3.4594316186372973;2.321928094887362;3.4594316186372973;2.4594316186372973;1.0;2.584962500721156;2.807354922057604;2.0;2.0;1.584962500721156;2.0;4.321928094887363;2.321928094887362;4.087462841250339;1.0;2.321928094887362;4.459431618637297;2.0;2.321928094887362;0.0;1.0;0.0;5.285402218862249;0.0;2.807354922057604;1.584962500721156;1.584962500721156;0.0;2.807354922057604;1.0;4.392317422778761;0.0;0.0;4.169925001442312;2.807354922057604;1.0;2.321928094887362;3.807354922057604;3.169925001442312;2.0;4.247927513443585;1.0;3.0;3.4594316186372973;1.584962500721156;3.321928094887362;3.584962500721156;4.169925001442312;4.643856189774724;3.584962500721156;2.0;4.857980995127572;3.0;2.584962500721156;3.169925001442312;2.807354922057604;2.0;2.321928094887362;1.584962500721156;1.0;4.087462841250339;2.584962500721156;2.321928094887362;5.169925001442312;1.0;3.169925001442312;4.523561956057013;3.807354922057604;2.807354922057604;3.4594316186372973;3.906890595608519;4.087462841250339;2.807354922057604;3.700439718141092;3.169925001442312;3.584962500721156;3.807354922057604;5.044394119358453;1.584962500721156;2.584962500721156;4.169925001442312;3.0;4.523561956057013;4.392317422778761;3.321928094887362;4.169925001442312;4.523561956057013;2.321928094887362;4.584962500721156;1.584962500721156;3.0;3.0;0.0;0.0;3.321928094887362;3.321928094887362;2.807354922057604;3.0;3.4594316186372973;3.700439718141092;3.0;2.584962500721156;1.584962500721156;1.584962500721156;5.247927513443585;4.0;2.0;0.0;0.0;3.807354922057604;4.0;2.0;3.807354922057604;3.321928094887362;3.169925001442312;1.584962500721156;2.0;3.906890595608519;5.0;1.584962500721156;5.087462841250339;3.4594316186372973;4.392317422778761;0.0;1.584962500721156;1.0;1.0;2.321928094887362;2.584962500721156;4.584962500721156;3.169925001442312;3.0;2.0;3.4594316186372973;5.044394119358453;0.0;0.0;2.584962500721156;3.700439718141092;2.0;3.0;2.0;2.321928094887362
12.212496385193948;10.324180546618742;7.20945336562895;10.25502856981873;11.078817949961978;11.070120944476823;6.807354922057604;7.700439718141092;9.497851836951115;12.33343491528405;9.533329732305834;9.722807531169549;8.434628227636725;11.152918576136624;10.321928094887362;8.731319031025064;10.734709620225836;9.894817763307945;9.845490050944376;8.515699838284043;11.84862294042934;11.070120944476823;9.273795599214264;11.458919206967591;10.034798962577268;7.768184324776926;11.002111776479852;8.527477006060396;10.79685079526716;11.51668494930961;14.244735462602767;9.20212382383046;9.83605035505807;9.337621901992508;9.39660478118186;9.4757334309664;10.861862340059153;9.37937836707126;9.113742166049189;9.273795599214264;10.332036548361652;9.83289001416474;10.610102062999664;10.568906154502084;8.820178962415188;11.178664851006472;5.832890014164741;9.005624549193879;10.043027283594547;10.827342704234116;10.025139562278508;9.121533517340032;9.451211111832327;8.861086905995395;6.599912842187128;10.798471801101618;9.164906926675688;7.768184324776926;9.689997971419446;9.932214751968385;12.721526464007477;10.579315937580017;10.816183681432342;8.63662462054365;10.940313597145968;9.68650052718322;10.094077685671904;6.599912842187128;9.535275376620802;11.490850876740298;10.453270634010623;10.260919533662904;11.458919206967591;11.040289721025715;7.851749041416057;9.273795599214264;9.65642486327778;7.285402218862249;9.00842862207058;8.539158811108031;11.462502272597265;10.12670447284319;9.927777962082342;10.12670447284319;8.129283016944967;11.462502272597265;8.638435913990472;8.45532722030456;9.845490050944376;11.754887502163468;7.515699838284043;10.107217075591382;9.319672120946995;9.92481250360578;10.22881869049588;7.870364719583405;11.536732889835417;10.547858506058416;9.381542951184583;9.303780748177102;10.4797802640291;14.244735462602767;11.273795599214264;10.096715154488535;7.851749041416057;8.927777962082342;11.84862294042934;10.06204613772049;8.848622940429339;7.686500527183218;9.337621901992508;10.321928094887362;10.580258567499788;11.417852514885896;11.239001757765582;8.930737337562887;10.74819284958946;10.876516946565;11.534789211480266;9.280770770130603;9.878050912728536;11.293471648838134;9.831307243802051;11.228217442293436;8.717676423066395;11.131856960608792;11.12605911607068;9.94104760634058;11.162391328756906;10.63662462054365;11.02167404285837;11.5473765634981;11.335390354693924;11.475226777742266;11.884552133987237;9.782998208920414;11.02997734658958;11.34485068394299;12.391780606013166;11.201511344500146;10.7657004876511;8.005624549193879;10.020979938904212;11.229419688230417;11.124121311829189;9.99717948093762;11.862249900851513;10.579315937580017;10.599912842187129;11.945809584900822;11.222191138456331;8.78135971352466;11.1357092861044;11.663113308455806;10.906890595608518;10.326429487122304;10.794415866350104;10.778077129535358;8.727920454563199;11.86727873970966;11.341518823245243;11.486332252768664;10.876516946565;11.12670447284319;11.777666280880757;11.464035152189911;11.98370619265935;10.742309436084;10.90312867681232;11.91513244895065;9.588714635582264;10.250298417906333;9.34207466799914;10.680359523513712;10.31741261376487;7.6293566200796095;8.266786540694902;11.82456102997028;10.991521846075695;10.731319031025064;11.898601387403938;9.324180546618742;11.75112558336727;9.419960177847887;11.636171441635922;9.94251450533924;8.74819284958946;10.897089128312755;11.603626344986193;11.409390936137704;11.482303782323182;8.888743248898258;10.65284497300198;10.86727873970966;11.841957399099549;10.562242424221072;10.032045726930807;11.41204051455165;11.375039431346924;8.566054038171092;11.025139562278508;11.22881869049588;10.785452468158542;9.932214751968385;11.364134655008051;11.267371931265274;11.287712379549449;10.111135670234708;9.894817763307945;9.25502856981873;11.010528105886484;10.067434360756522;10.980853606379736;11.68079903457298;11.552669097514272;8.038918989292302;10.812177305514448;10.987264012072538;5.930737337562887;10.477758266443889;11.03960451795376;11.338179249900112;9.18239435340453;10.929998062609029;11.773963368433558;10.345405246717796
11.185494924210866;15.812854162252012;6.266786540694901;13.685734329730648;12.563434635710198;12.34179677239183;10.972261848733291;7.807354922057604;4.392317422778761;14.800090987624994;2.807354922057604;11.130570562805426;7.622051819456376;7.515699838284043;15.312032058744862;14.24123837912341;12.957102041562289;13.361258440464605;7.74819284958946;14.353836022014743;7.539158811108031;12.34179677239183;9.627533884472792;8.442943495848729;13.199672344836364;10.53430288245463;5.491853096329675;8.527477006060396;14.566886488038495;13.820677595483051;9.96289600533726;7.294620748891627;11.277287400130357;5.78135971352466;14.724034154016316;15.38885816375146;11.500343969270403;10.434628227636724;10.26209484537018;9.627533884472792;11.980853606379736;13.778077129535358;5.930737337562887;5.285402218862249;11.473705749619416;8.49585502688717;11.33427328530719;10.597121428789569;7.451211111832329;5.832890014164741;15.132258724804458;14.3781593597821;7.285402218862249;7.149747119504682;5.857980995127572;11.506803437795648;7.515699838284043;10.53430288245463;12.889313822384397;14.80705298720543;8.194756854422248;12.31797782240712;6.189824558880018;11.16867211813223;6.6293566200796095;5.78135971352466;13.646558710154547;5.857980995127572;15.219773550892874;13.322773176454564;8.710806433699352;7.339850002884624;8.442943495848729;11.428360172704291;5.700439718141092;9.627533884472792;6.882643049361842;8.396604781181859;4.584962500721156;14.15552978959316;12.667333341605158;13.69479315499995;6.554588851677638;13.69479315499995;8.262094845370179;12.667333341605158;13.56271942704932;9.63117705570398;8.366322214245816;9.422064766172811;6.409390936137702;14.094160179598845;8.59618975614441;6.599912842187128;15.313945870709205;10.94982671075911;15.082107450145482;11.40992124124968;4.169925001442312;12.570330101030798;12.216139556425135;9.96289600533726;9.69522829149575;15.669023442671191;5.954196310386875;12.533329732305834;7.539158811108031;11.382624026574916;6.044394119358453;14.09877232728953;5.78135971352466;15.312032058744862;6.149747119504682;12.70628015884916;12.667555107041132;8.721099188707186;11.184255495405347;12.605248001565805;12.088125692188209;9.558420713268664;10.61286849729104;13.910080531966354;9.881113960675096;11.019590728357882;10.691743519171276;12.590119174107176;11.445532219028312;10.287712379549449;10.64745842645492;11.985486199104637;11.79685079526716;12.711451886714766;11.389631339260522;13.231221180711186;12.925183519434208;11.413627929024171;13.550626555786868;12.796242448203165;9.247927513443583;14.562242424221072;9.407267764244732;9.823367240046236;9.523561956057012;11.806146803320525;12.001408194392807;12.527965641133957;11.965423565810127;13.595956743943162;10.456354415108288;13.601422605700364;11.004922678569043;10.382624026574916;14.7632123668144;11.586370695113963;13.778385189262687;11.757390009366638;11.400879436282183;13.018895621121649;8.044394119358454;11.342630298678408;12.211888294546004;15.648582283363735;12.34623669139025;10.906890595608518;11.544964432789238;12.02997734658958;12.139231570719351;11.960725994839056;13.457509135732698;12.489597122389307;11.06406908038551;10.4797802640291;10.84862294042934;11.669328004395904;10.667111542075029;7.74819284958946;9.436711542137214;13.011401989880063;11.393390457443989;12.433846208442825;13.979157210740588;11.50382573799575;11.817783121774534;11.337621901992508;12.448116305409464;10.80896417491926;9.079484783826816;12.121857245612654;12.073806847178492;11.731743290707842;11.827342704234116;7.022367813028454;11.924441392339196;10.648357582009666;12.337621901992508;12.609871287178828;11.644757592516257;13.490474864825336;12.885886991697456;9.12670447284319;12.807958602256477;13.902940323128275;10.147204924942228;12.599215495017718;13.842546775443642;13.092426815780255;11.219773550892874;9.782998208920414;12.263562639820616;10.409390936137704;13.809466698537456;13.043881707688747;13.258418812598832;12.919980595048962;12.658657792126084;8.60733031374961;13.91176647065955;13.404476350847172;7.366322214245816;13.354111608460832;10.982280604558284;12.170863950411928;8.710806433699352;14.76647714622364;13.489597122389307;12.234817431117325
13.173364830849035;12.69631555889282;13.714030814928783;12.762382038710392;12.07112712494831;12.608716854020573;10.714245517666123;12.918490592292311;12.943430560383598;12.239300174364203;11.879583249612784;12.52135506255826;13.45571250406727;12.943613701614042;12.261213451366048;13.110972607782893;11.847840355630714;11.189824558880018;11.564625862795372;12.538916402464112;12.200592137689254;12.608716854020573;12.26209484537018;11.822969090453288;12.145295334933598;12.772520776314757;12.27029532647204;12.98299357469431;13.221285017810471;13.35947504884954;11.71037597120447;11.696098170955864;11.791569912126878;12.236313227042803;12.085472459181284;12.946358033887046;12.741677644945858;11.826151214800207;11.598517810612622;12.26209484537018;12.967586527296072;12.110157018954066;13.303780748177102;13.116506417748072;12.43879185257826;12.415477707697994;11.308339030139408;11.611024797307351;11.41574176829009;12.398209261466851;13.1270270430046;13.15813628540764;13.68376223717448;11.726643921483994;11.278449458220482;12.036860446673046;13.026523442519766;12.772520776314757;12.576956664706092;12.285402218862249;12.842546775443642;12.785043714779723;11.663113308455806;12.262975701227942;11.818981539432444;12.954559846999834;12.088125692188209;11.278449458220482;12.80292019858527;12.970824901362615;11.878050912728536;11.605479518061667;11.822969090453288;12.059006395201113;11.913263430628762;12.26209484537018;13.006852001748774;13.259596162488425;11.47015043527436;12.144658242831882;11.281930026955443;12.16679075071818;12.930737337562888;12.16679075071818;11.23421867823847;11.281930026955443;12.609986679703654;11.751962413460854;12.088125692188209;12.479275030250204;13.366458826626095;11.821773981970567;13.128638812852598;12.192601049711952;12.866313015702191;11.807757403589267;12.986197587206274;12.109177703355275;11.326991174900815;12.87171276283522;12.752798758435516;11.71037597120447;13.172427508645482;12.760096169244092;13.295051425557611;13.191521938128146;12.200592137689254;12.524051918717824;11.829326335841666;13.825058151039562;12.236313227042803;12.261213451366048;12.119589620741122;12.602698865017963;11.321928094887362;11.761966695382092;12.47826403158172;11.933321820732946;12.572463389083676;11.814582465906277;11.68650052718322;11.734709620225836;12.302353326431202;12.461990950585571;11.145295334933598;12.722594098956584;10.62113611327464;11.712527000439824;11.480790201095816;11.939579214314692;12.567718457850754;12.465311308877183;12.31938987600021;12.389093521904474;11.958915156091347;11.564625862795372;12.30149619498255;12.285113188501493;12.188588845707349;12.868243817704636;10.99929538702341;11.876900591040306;12.136670762341843;12.326429487122304;12.054943416573323;11.452756029032496;12.502334580197996;11.858758099935422;11.950920352030098;12.039947160169094;12.042343379793692;12.40832974076739;12.641600215834355;11.757390009366638;12.282798858683533;11.652396861477678;12.061033601681112;11.701306461958623;11.363039630256514;12.623424289869911;12.613559277788264;12.840384550711669;11.81977993183848;12.437752072323605;12.367687756270046;11.13249972962851;12.702605602110248;12.355626393637916;12.889313822384397;11.064742764750257;11.356451970221755;11.510764167917891;11.99045856507371;11.546412195119352;11.906890595608518;10.682994583681683;12.33063682472329;12.62935662007961;11.854868383260236;11.486332252768664;12.57459352733761;11.698270577692032;12.501837184902296;12.290882822429577;11.513727595952435;11.97692206785108;11.526010107061737;11.86611979330307;12.187352073200495;12.255618749839597;11.773551346428505;10.904634621668151;11.682116764950074;11.934059394900794;12.16804526822409;11.722380635163802;12.34568244818678;12.766114757586722;11.952741247186488;12.215836309962455;12.871135184243045;13.267518241801469;11.43879185257826;12.350939181546432;12.324180546618742;12.86418614465428;12.594091290260412;10.94104760634058;11.874981347653774;12.139551352398794;11.800899899920305;12.114393054867309;12.950191349972702;12.4757334309664;12.230320715661112;11.71037597120447;12.199365616857982;12.639566818681828;12.085472459181284;11.689124404913258;12.1526017440192;12.827739648806956;12.338736382573916;13.185185166820329;12.314583244274194;11.781769511863132
13.175549550636193;12.67991987851842;13.380325772263731;12.981210488271694;11.99045856507371;12.841171189248543;9.26209484537018;11.762797262498232;13.24242982755771;11.664891669286089;11.789126046425231;11.320800548881635;12.310044679647506;12.703038388986418;12.511505595792482;11.576484346796851;11.96686590038754;11.891024190149498;11.345959596404112;12.716176405807428;12.75446999527562;12.841171189248543;11.882260929099804;11.735556023911537;11.492854620174748;11.68255574108031;11.192909219112012;12.882452001882136;13.514837313999376;12.949644356585717;12.364955378481907;10.900866807980748;11.967946705812707;11.777666280880757;10.335390354693924;12.78053976747196;12.312315746690109;12.108851117040151;11.098032082960527;11.882260929099804;12.568668693380506;11.22881869049588;14.049763482376571;12.01227534485612;12.808763116450413;12.410451351503994;11.269711121142782;10.91214085629572;11.451726268074506;13.14609130463152;13.710483598869924;12.273212809854334;12.892542816648552;11.4797802640291;9.710806433699352;11.683871868622605;12.901055432553273;11.68255574108031;12.970645182266663;12.97656412341533;13.067434360756522;12.905198945962804;11.921469060531413;12.799281621521924;11.57790083688697;12.198751965193736;12.928703419193356;9.710806433699352;11.86534664481678;13.431367014075487;12.041316915829444;11.240791332161956;11.735556023911537;11.96289600533726;11.72749506902543;11.882260929099804;12.041659151637214;13.585666769732402;10.669770888525518;11.855257827193196;11.491352073563435;12.800293258223418;12.4757334309664;12.800293258223418;9.14210705730255;11.491352073563435;12.51224664282918;11.869593843240784;12.091765938516804;13.182704710518964;12.668663423175296;11.969386521342283;12.785452468158542;11.44190670454224;13.015415052386688;10.992938336165814;13.502210247449966;11.957827560833744;11.0;12.524051918717824;12.451211111832327;12.364955378481907;11.992938336165814;12.134747168669016;12.03514274788591;13.87987038167481;12.75446999527562;12.286846502735887;11.519636252843211;12.726218159332198;11.777666280880757;12.511505595792482;12.385323176175872;12.976385117888592;11.667555107041132;12.247927513443583;13.453013354466314;12.539885792751477;13.446954039279555;12.3188252203997;12.518407276671365;12.440090524950488;12.882260929099804;13.095067301607054;11.93810932621924;13.132339064219256;11.419433550705378;12.401679525982452;12.249706056969703;12.537703747907644;13.123151432773575;13.09687983630378;12.942331224510577;12.81678367937856;12.379919817646538;12.215532999745657;12.840777923595054;12.937189885081184;12.658657792126084;13.279610581052484;11.456867738380344;12.465311308877183;12.955286645524469;12.9947069952581;12.381272555711789;11.725792271494155;13.16427843830117;12.495105510007784;12.949279579076595;12.650827374138768;12.86360554432145;12.916812497709833;13.06406908038551;12.293759009667864;12.674412981837063;12.400078902622012;12.63254087654689;12.534546067459992;11.984062369686436;13.398342887645883;13.356451970221755;12.97172316117676;12.390706372872774;13.073974164666753;13.491477345568104;12.002111776479852;13.26605446829837;12.961268803539594;13.744833837499543;11.532355925288847;11.94288099715904;12.07648160120702;12.910642730469624;12.163020639580791;12.849405100947758;11.002815015607052;12.884742903579696;12.927777962082342;12.512740462803498;12.605248001565805;13.299494239009364;12.526010107061737;13.116343961237469;12.817783121774534;11.565578136784328;12.381542951184583;12.455840909126398;12.598517810612622;12.94196459298614;12.627077840517394;12.667998535672528;11.214319120800766;12.114067647165264;12.362491806046062;12.902563541971553;12.292609222764296;13.048657153725893;13.333574677458138;12.45532722030456;12.887030173247677;13.555787402083771;13.686062749895417;12.10000522442272;12.673971520682796;13.138431806276849;13.186114239541643;13.3188252203997;11.579787329526992;12.47699928613306;12.56081046872794;12.384783750093352;12.842350343413807;13.651724433108065;13.240791332161956;13.072132604167232;12.5473765634981;12.582377235640692;13.35631440692812;12.874405076409488;12.479022346995178;12.732803394393494;13.452884697486615;12.79340009848382;13.579198065523013;12.909518114296617;12.413627929024171
7.531381460516312;8.791162888555018;4.523561956057013;5.906890595608519;5.977279923499917;6.442943495848728;7.247927513443585;1.0;8.784634845557521;11.734286232096348;6.475733430966398;4.169925001442312;12.370414968879698;9.231221180711186;7.2384047393250786;6.149747119504682;9.831307243802051;8.154818109052105;10.06339508128851;7.754887502163468;9.73978060977326;6.442943495848728;7.882643049361842;6.870364719583405;7.098032082960526;4.906890595608519;11.73893668167614;6.149747119504682;6.78135971352466;5.977279923499917;6.539158811108031;4.247927513443585;4.857980995127572;4.754887502163468;6.6293566200796095;6.044394119358453;5.906890595608519;12.32755264408124;10.733015321685963;7.882643049361842;5.882643049361842;7.912889336229962;5.0;7.247927513443585;7.011227255423254;10.187352073200495;8.794415866350105;8.164906926675688;7.577428828035749;5.78135971352466;7.839203788096944;5.807354922057604;4.906890595608519;5.672425341971495;3.4594316186372973;8.03342300153745;6.614709844115208;4.906890595608519;5.882643049361842;5.0;8.686500527183219;6.523561956057013;5.459431618637297;6.906890595608519;8.335390354693924;5.169925001442312;9.08746284125034;3.4594316186372973;10.65642486327778;7.434628227636725;9.79603960882977;7.787902559391432;6.870364719583405;6.6293566200796095;12.19136771341894;7.882643049361842;5.426264754702098;4.523561956057013;2.321928094887362;8.247927513443585;6.247927513443585;8.233619676759702;6.189824558880018;8.233619676759702;5.0;6.247927513443585;5.426264754702098;5.78135971352466;8.851749041416058;7.906890595608519;6.6293566200796095;6.339850002884624;6.357552004618084;5.672425341971495;7.2384047393250786;7.076815597050831;7.900866807980749;12.036517070486518;10.745674324002136;7.622051819456376;6.94251450533924;6.539158811108031;5.882643049361842;6.189824558880018;8.60733031374961;7.965784284662087;9.73978060977326;8.03342300153745;6.066089190457772;4.0;4.754887502163468;7.2384047393250786;8.74819284958946;9.1006623390052;8.546894459887637;10.9901039638575;9.640244936222343;8.011227255423254;9.970105890612182;10.52258153125483;9.731319031025064;7.569855608330948;11.199672344836364;9.774787059601174;10.499845887083206;11.065416134676548;9.681238411777803;10.577428828035748;9.147204924942228;9.019590728357882;8.417852514885897;7.826548487290915;9.964340867792416;7.761551232444479;8.813781191217037;9.26209484537018;6.754887502163468;7.948367231584678;8.45532722030456;7.651051691178928;11.12670447284319;11.11178773580101;11.157346935362844;9.897845456005513;8.290018846932618;7.266786540694901;8.103287808412022;8.954196310386875;9.554588851677638;7.076815597050831;9.105908508571158;9.807354922057604;9.22881869049588;7.491853096329675;6.672425341971495;8.584962500721156;8.622051819456376;9.945443836377912;10.873444112515376;9.060695931687556;9.357552004618084;6.977279923499917;10.380461065088973;10.997885127829113;8.335390354693924;9.987264012072538;7.845490050944375;8.951284714966972;8.92184093707449;9.273795599214264;8.721099188707186;8.550746785383243;11.426264754702098;10.34318571544788;9.78463484555752;10.938844457466171;11.211279947482009;8.087462841250339;6.930737337562887;9.00842862207058;8.519636252843213;10.73640193131829;9.899356922923111;10.309476353841106;8.43879185257826;9.622051819456376;10.706496018061188;9.131856960608792;8.471675214392045;8.483815777264256;10.1331422124006;10.52845411076479;8.696967526234287;7.475733430966398;7.330916878114617;7.851749041416057;11.263269200372662;8.459431618637296;7.851749041416057;10.744833837499543;9.829722735086058;9.30149619498255;9.50382573799575;7.900866807980749;9.804131021183318;7.426264754702098;10.443979542601252;10.430452551665532;9.952741247186488;10.696967526234287;8.092757140919852;10.509775004326936;10.484822894262146;7.672425341971495;10.29920801838728;11.4655664048094;7.78135971352466;7.011227255423254;9.044394119358454;9.847057346091336;9.964340867792416;8.144658242831882;12.446824840780309;8.430452551665532;7.515699838284043;9.339850002884624
11.14274527675153;11.026523442519766;10.426264754702098;10.51865315567339;11.131856960608792;11.016111838220512;12.373408960228696;10.337621901992508;11.614709844115207;11.670213636738564;11.321364432039449;10.055282435501187;10.838416075797335;10.95637615724967;10.839991070539886;11.38586240064146;11.996120363033048;11.518161355756956;11.749450465569916;12.154818109052105;11.61240779313867;11.016111838220512;11.460455896309636;12.286846502735887;11.354800344350595;11.369597346278676;11.89519657256334;11.637530551525307;11.406205005418856;10.308339030139408;11.556984957594462;10.86418614465428;7.467605550082998;11.23421867823847;11.17804232886482;11.055960234452296;10.473705749619416;10.30149619498255;12.046100845028802;11.460455896309636;11.588714635582264;12.94379681959879;10.776433032444732;11.916625922211235;12.118616689351509;12.04507705193494;11.112439506781552;11.42940674151398;9.909893083770042;11.43514933836693;11.078817949961978;11.014020470314934;11.60733031374961;12.770044400296824;11.575066464578656;11.152918576136624;11.048486873992337;11.369597346278676;10.188588845707349;10.811374693509942;11.768184324776929;11.549303368513575;10.378294855911893;9.96000193206808;11.096056239180946;11.382083590141969;10.44086916761087;11.575066464578656;10.485829308701904;9.499845887083206;11.519144787997414;12.35672705746463;12.286846502735887;11.3409627642517;10.754052367528924;11.460455896309636;11.527965641133957;10.7632123668144;11.047123912114026;10.530406337099068;11.77272694923985;10.563196272216738;11.33147682185962;10.563196272216738;9.428360172704291;11.77272694923985;10.64880694972577;11.349281228817452;10.795227966028678;10.4655664048094;10.399811959325683;10.967946705812707;11.048486873992337;11.711236767793784;11.137631598235428;11.407267764244732;11.44449728710381;11.748612176736982;12.681677655209691;11.401412878714178;11.30720080914081;11.556984957594462;11.020979938904212;11.4231159101471;9.980139577639155;10.861086905995396;11.61240779313867;11.4655664048094;11.085472459181284;10.904634621668151;11.23421867823847;10.839991070539886;11.71853287606922;9.60177078840771;9.99435343685886;9.027905996569883;10.06204613772049;10.186114239541643;10.222794902868111;9.090112419664289;10.381542951184583;10.836839359748716;9.12670447284319;9.688250309133178;9.068778277985412;9.991521846075695;11.023061249735337;8.199672344836364;10.246740598493144;9.721099188707186;10.38586240064146;10.239598529249124;11.001408194392807;9.717676423066395;11.347067657165873;9.544964432789238;9.987264012072538;9.73978060977326;10.603626344986193;10.568906154502084;11.060695931687556;9.573647187493322;9.0;10.651051691178928;9.702172685365548;9.799281621521924;10.513727595952435;10.303780748177102;9.902375114486023;9.84862294042934;10.831307243802051;8.611024797307353;10.682994583681683;10.20945336562895;9.859534786382651;8.86418614465428;10.43879185257826;10.265615046484458;10.090112419664289;10.487840033823051;10.410451351503994;10.552669097514272;9.961449694398196;10.65284497300198;10.11504365016171;10.586839787961829;10.295768934420508;9.583082767502932;9.744833837499543;11.61056350392504;9.618385502258606;9.885696373339394;9.804131021183318;10.550746785383245;10.335390354693924;9.857980995127573;10.052568050804153;11.161131882984307;10.17367713630342;9.845490050944376;10.533329732305834;9.778077129535358;10.743992861060176;9.581200581924955;10.914385132155443;9.599912842187129;8.89178370321831;10.20945336562895;10.230020435705637;10.42940674151398;10.642954223480332;9.055282435501187;10.127994320976391;9.749869427396844;9.965784284662089;10.125413470483316;10.283088353024002;10.664447284547972;10.27029532647204;8.997179480937621;10.335390354693924;10.51175265376738;9.980139577639155;9.294620748891628;10.355351096424812;10.022367813028454;10.19598729802851;11.204571144249204;9.554588851677638;9.430452551665532;9.583082767502932;9.923327485419192;10.363039630256514;10.3297963382207;10.62844554013718;9.774787059601174;10.172427508645482;10.562242424221072;8.39231742277876;9.926295994781112;9.483815777264256;9.306061689428342;11.278449458220482;10.860311054919482;9.972979786066292;9.588714635582264
2.0;1.0;2.0;2.321928094887362;2.321928094887362;2.321928094887362;0.0;1.0;7.507794640198696;2.321928094887362;10.854868383260236;3.807354922057604;4.459431618637297;5.727920454563199;1.0;1.0;0.0;0.0;2.584962500721156;2.321928094887362;5.523561956057013;2.321928094887362;3.584962500721156;2.0;1.0;4.087462841250339;7.129283016944966;4.0;0.0;3.0;1.584962500721156;4.321928094887363;1.0;6.3750394313469245;3.0;0.0;3.700439718141092;3.0;3.807354922057604;3.584962500721156;0.0;5.285402218862249;4.523561956057013;4.321928094887363;4.857980995127572;7.098032082960526;4.169925001442312;8.654636028527968;2.0;2.584962500721156;1.584962500721156;1.0;2.584962500721156;3.807354922057604;2.0;4.0;5.044394119358453;4.087462841250339;0.0;3.906890595608519;7.03342300153745;3.169925001442312;1.584962500721156;2.0;3.700439718141092;8.164906926675688;2.321928094887362;2.0;2.0;4.523561956057013;7.108524456778169;8.721099188707186;2.0;3.0;4.643856189774724;3.584962500721156;3.4594316186372973;9.118941072723509;4.321928094887363;3.906890595608519;3.584962500721156;4.0;3.807354922057604;4.0;0.0;3.584962500721156;4.426264754702098;5.20945336562895;2.807354922057604;3.584962500721156;4.954196310386875;3.807354922057604;2.0;3.0;3.169925001442312;1.584962500721156;4.169925001442312;3.0;6.700439718141092;1.0;4.169925001442312;1.584962500721156;1.584962500721156;1.584962500721156;1.0;1.0;5.523561956057013;3.584962500721156;1.584962500721156;6.977279923499917;6.3750394313469245;1.0;5.169925001442312;2.0;3.169925001442312;0.0;3.4594316186372973;2.0;2.321928094887362;2.321928094887362;2.584962500721156;2.807354922057604;1.584962500721156;3.321928094887362;4.459431618637297;3.4594316186372973;3.4594316186372973;1.584962500721156;1.0;1.584962500721156;2.584962500721156;3.906890595608519;4.247927513443585;0.0;3.321928094887362;0.0;4.169925001442312;3.700439718141092;3.321928094887362;3.807354922057604;3.4594316186372973;0.0;0.0;2.0;3.584962500721156;2.0;3.0;2.807354922057604;1.0;2.807354922057604;4.643856189774724;0.0;4.857980995127572;3.169925001442312;3.700439718141092;2.321928094887362;4.584962500721156;1.0;0.0;2.584962500721156;3.584962500721156;3.321928094887362;1.0;1.584962500721156;2.584962500721156;2.807354922057604;4.087462841250339;3.169925001442312;3.0;4.247927513443585;1.0;3.0;1.584962500721156;1.584962500721156;1.584962500721156;1.0;0.0;4.459431618637297;2.321928094887362;1.584962500721156;2.584962500721156;0.0;1.0;1.0;3.321928094887362;3.169925001442312;1.0;3.321928094887362;3.584962500721156;3.584962500721156;1.0;0.0;1.0;2.584962500721156;3.700439718141092;3.700439718141092;1.584962500721156;4.247927513443585;1.584962500721156;0.0;3.169925001442312;3.700439718141092;2.0;1.584962500721156;3.321928094887362;3.0;1.584962500721156;3.0;1.584962500721156;1.584962500721156;1.584962500721156;1.0;3.169925001442312;3.0;1.584962500721156;0.0;4.321928094887363;3.700439718141092;0.0;1.584962500721156;2.0;2.584962500721156;1.0;5.0;3.0;1.0
14.293759009667864;14.97772711827145;8.89178370321831;16.224680039737525;13.77828250999565;14.74965996169181;13.76601120125456;16.005514904414575;5.643856189774724;16.653978633629595;5.857980995127572;13.082980613825388;15.13209803255202;10.219168520462162;14.41256984680521;16.20497226162634;13.520127550324853;13.645883554519004;14.346652234105685;15.926017956356542;9.731319031025064;14.74965996169181;14.794568169864723;8.588714635582264;15.427345584663984;16.479480302812505;7.6293566200796095;16.15408629358824;16.082523308283058;14.604205717324763;13.180686194822783;11.703903573444665;13.860892982338823;7.312882955284356;13.467096033905747;16.39944483162542;15.182239149806843;14.720244258287568;13.8342735152347;14.794568169864723;16.08035953578763;15.131856960608792;6.832890014164741;8.689997971419446;12.206403913973848;8.108524456778168;15.649705265471413;15.15137336193893;7.912889336229962;7.6293566200796095;17.2336196767597;16.423985809400033;8.366322214245816;16.128618676838908;7.05528243550119;14.175237650291036;9.124121311829189;16.479480302812505;16.223209844379117;16.252794766628313;9.4797802640291;14.111135670234708;9.29920801838728;15.420453716266827;11.254438148267257;8.049848549450562;16.195006873226326;7.05528243550119;15.142984536274048;13.397540944856535;11.416269744523207;8.016808287686555;8.588714635582264;12.353146825498085;9.459431618637296;14.794568169864723;14.303923412705366;17.550453708186403;6.930737337562887;14.65206068646954;14.771231527564153;15.108524456778168;8.879583249612784;15.108524456778168;12.479527669256347;14.771231527564153;14.486583659067268;15.709783875479353;8.86418614465428;15.29174628083394;9.78135971352466;14.308196801614534;10.205793249397155;14.787851558241064;15.72967384530842;13.87872151038902;13.988862172783447;14.392116139898643;9.4797802640291;16.679095182868465;15.425412621029055;13.180686194822783;10.892542816648552;15.778872816007826;15.055112935995515;17.243861986121924;9.731319031025064;13.578372691360803;14.816883654780762;15.31776589511465;7.312882955284356;14.41256984680521;8.20945336562895;13.882260929099804;11.570330101030798;10.672425341971495;14.233769450446928;13.606520882775287;13.827640422902252;10.927777962082342;11.639340708652233;12.924070185585345;11.340406490853294;13.790450320871722;11.18239435340453;12.821574700936909;11.861086905995396;11.283088353024002;13.350386742312844;13.634016895684145;14.74740628253269;13.886458695703706;13.250002267840449;12.430975172588068;14.502210247449966;10.78053976747196;12.79968636133125;13.618041306851776;12.161446847518008;14.04379628804688;10.608254821977908;10.889503963411476;11.40886043602476;13.806851662192422;12.364955378481907;11.16679075071818;11.506307581100309;12.844313461203296;12.039947160169094;15.499877022258303;14.127591367299251;11.127349541059118;13.79197682089869;13.695445810537382;13.203195037381263;13.17819798458498;14.07347215397646;14.204953163327534;10.004220466318197;14.202047278132556;13.191059214531656;14.093335027985816;13.0003521774803;13.151333719291657;13.855744484320727;13.922212717785449;15.119305916856788;13.73259143596501;13.780129619625306;12.830515206976838;12.445014845868425;13.0380616201336;12.727069558023706;14.028855734504766;12.035486451292154;9.927777962082342;11.658657792126084;12.445014845868425;14.00149616092074;11.883025068440173;13.557104658489855;12.324180546618742;13.836149004245492;12.23840473932508;11.340406490853294;14.878338349895197;10.71338651493703;12.97656412341533;12.200898605038445;12.53430288245463;13.939211882666395;8.64745842645492;14.237060543838012;14.353353619025404;12.23511671439625;12.49235394515987;13.25974326369078;13.51434421135734;11.296916206879288;11.19537220740274;13.61447980424533;13.381272555711789;10.975847968006784;14.462757865660365;14.418972594210311;13.451855028397755;13.010003521295204;11.880348808156027;13.352181396917892;12.658880895047878;12.502831804066744;13.951011451391784;14.032906677628253;14.833137165252474;13.506059588827949;9.89178370321831;13.718746909901064;12.636398048883835;10.364134655008051;14.253330456169058;12.856230977341992;12.669992279616398;10.400879436282183;14.710160691782914;12.932399322433792;10.898601387403938
12.575066464578656;11.596655667674662;10.760719947465624;11.23421867823847;11.82137539237254;12.14561377551339;11.076815597050832;8.83605035505807;8.672425341971495;11.111135670234708;11.27029532647204;10.82097669262124;10.83368074865474;11.613329054371054;12.53016245322715;12.106235761615748;13.939762845071751;11.147204924942228;12.834075953434883;10.929998062609029;10.664447284547972;12.14561377551339;12.974414589805528;11.0566377151132;12.098361127332096;12.296055838078784;11.6640027628865;11.377210530388552;11.79603960882977;11.375582512490508;11.274378153246364;11.031356596255709;8.971543553950772;11.543515216152167;12.798674298826828;11.644757592516257;11.287135186086704;11.38586240064146;12.833087738422009;12.974414589805528;11.626165319904498;14.254659584665976;11.576956664706092;12.555787402083771;11.818981539432444;13.424691191512954;9.870364719583405;12.615399743725495;9.184875342908285;12.29978040285854;10.776433032444732;10.573647187493322;12.237508748172656;11.140190703191836;11.587308728333545;11.60177078840771;11.3437409184722;12.296055838078784;10.072802534544207;10.927037168720297;12.042343379793692;13.041488043881468;10.460455896309636;10.78135971352466;12.149111990706889;12.0515488384404;10.687375683437468;11.587308728333545;10.861086905995396;10.178664851006472;11.03960451795376;13.203348002979762;11.0566377151132;12.571752643503546;11.112439506781552;12.974414589805528;11.846273911349906;10.89633240390994;12.146886835415884;11.585901449690772;11.34485068394299;12.240791332161956;11.69261550169458;12.240791332161956;10.130570562805426;11.34485068394299;11.522091068887065;11.590587049915037;12.743572188935634;11.409390936137704;10.944712061043486;11.44604940671655;11.255618749839597;12.4542992936199;13.001760028327215;13.140989493445831;13.264002687114218;11.603626344986193;11.550746785383245;10.99859042974533;12.149111990706889;11.274378153246364;11.712527000439824;11.173052457774116;9.174925682500678;11.388017285345136;10.664447284547972;11.802516365121225;10.753216749178955;9.672425341971495;11.543515216152167;12.53016245322715;11.481799431665753;9.94104760634058;11.050528905530555;11.795633844506778;10.570804437724496;11.785452468158542;11.756556322524087;11.719388820942084;11.947636937951827;12.350662988372257;12.566291930007871;9.810571634741146;11.419960177847887;11.373408960228696;12.571278618514595;12.710591218506757;13.271025250616573;11.037546953962178;11.519636252843211;10.30149619498255;14.32671035834696;11.77313920671969;12.651724433108065;11.759888183221834;10.220378327695228;11.828533210455618;11.177419537989236;11.802516365121225;12.755513536037856;12.354524889449351;11.902375114486023;12.10000522442272;9.926295994781112;9.375039431346924;11.257387842692651;12.324180546618742;12.11178773580101;10.470658874060552;12.0003521774803;10.659995892429976;12.311464515448444;10.386940245324311;11.198445041452365;9.477758266443889;11.637530551525307;12.723020931812032;12.29174628083394;11.185494924210866;11.23840473932508;13.120399895988982;14.1103201736097;11.484822894262146;12.720458038393296;11.35149140932002;10.608254821977908;11.619302955415687;12.822570830950168;12.623652908052923;11.51224664282918;10.567005370247031;14.257535169222358;11.706927639617405;10.90839262077375;12.265615046484458;10.902375114486023;10.371776644337924;11.015415052386688;12.67065624911844;13.1527601687754;13.325867580575418;11.173052457774116;10.517669388133813;10.462502272597265;11.75112558336727;11.699138625275914;11.356451970221755;10.661778097771988;9.804131021183318;14.282292103765196;13.30049556424774;10.843921051289035;10.715104009236168;11.149111990706889;11.773963368433558;10.513727595952435;13.041316915829444;11.945809584900822;10.12023787734196;11.4241662888181;11.930737337562888;12.65687172561398;11.699138625275914;11.567956075415466;9.972979786066292;13.00842862207058;11.73978060977326;11.282509306240836;10.489847960439295;10.007027266893967;12.990990303530822;12.086799685623452;12.288000889707574;11.946906274456396;11.68255574108031;10.729620743553038;11.876133200043016;12.870364719583405;12.154818109052105;11.13699111208023;10.457380879072534;13.087297080919154;11.526010107061737;11.682116764950074;12.066089190457772
13.987974524296153;13.509156432503849;14.291098735483915;13.616319096976865;12.852919585123995;13.302638923787551;11.766114757586722;12.165849146176395;12.99929538702341;12.47699928613306;13.13859179463752;12.89273253261186;13.207166881383287;13.26839579355656;12.972082308562456;13.821076377889264;12.28886607416582;12.137951734715358;12.596422730717526;13.445532219028312;13.963076692298594;13.302638923787551;13.069785394983302;12.372048825272772;12.798471801101618;12.69631555889282;12.278159031437236;13.850089143720504;13.54182262142417;14.077817120895904;13.051038962117408;12.460199895059583;12.186733289128869;12.575066464578656;12.786678033890652;14.16679075071818;12.89519657256334;12.649256177517314;11.76487159073609;13.069785394983302;13.404476350847172;12.110157018954066;13.64430696154558;13.79340009848382;12.885696373339394;13.157504839926114;11.741466986401146;11.727069558023706;11.571278618514595;14.019156325584165;13.83190098619642;13.597237845577276;13.347482960639704;11.81818270494864;11.370687406807216;12.911953675621971;13.234817431117325;12.69631555889282;12.232420927176076;12.698704666770343;13.982013149892127;13.058330026205653;12.505563476360582;12.24347153839633;11.787902559391432;12.94196459298614;13.028596777067108;11.370687406807216;13.335669486946104;13.655642520981331;12.706927639617405;12.588246152044816;12.372048825272772;12.706927639617405;11.996473488733228;13.069785394983302;13.186423797538945;15.00540525130164;11.24555270625568;12.378565810000564;12.12670447284319;13.44475608969503;14.036688768795663;13.44475608969503;12.177419537989236;12.12670447284319;12.910830081296574;12.099347810403192;13.244661144764198;13.51434421135734;13.596772122051034;12.79380649145577;13.70983771240597;13.418116141207488;14.021413793008133;12.698704666770343;13.804433568115511;12.832098846039134;11.65150022065274;13.00965369223411;13.18099691957972;13.051038962117408;13.592807390216146;13.58754314137182;13.04524773457825;13.27262978497637;13.963076692298594;12.59735425297161;12.71789058398728;13.44604940671655;12.575066464578656;12.972082308562456;13.902469331305056;13.47231006370521;12.876516946565;12.985664079018662;13.478769619475765;13.053925881531104;13.772933092705356;12.909518114296617;12.879008813992655;13.062214824659108;13.203500952361397;13.87776341828256;12.479527669256347;13.71821176577204;12.17617314910749;12.665557989846414;12.700439718141093;13.070959476927566;13.457124331540804;13.30035256032822;13.323899182397296;13.35837648032824;13.201511344500146;12.689997971419446;13.221133942357078;13.083313108650756;13.197370293859828;13.76061600315628;12.296629474285504;12.839794290202557;13.237508748172656;13.425084743242849;12.938476938666351;12.289730740083757;13.826250543179254;12.89633240390994;13.269126679149418;13.354524889449351;13.367824239411048;13.523439439387507;13.488342277532524;13.28265408972642;13.18750672775828;12.981210488271694;12.980139577639155;12.821973235481124;12.819580375155004;13.671541066711884;13.70789831624117;13.781462174022618;12.983349927676455;13.61240779313867;13.801304186049023;12.81117397072132;13.737036036540228;13.463779785335385;14.284028808643694;12.205182326228645;12.5262546938286;12.617008227651963;13.233769450446928;12.939946452458686;13.133784409179908;11.90350531042388;13.376668061857668;13.761862840863753;12.949279579076595;12.847448903982432;13.49760238678349;13.04763517372503;13.586487982625991;13.40686932142308;12.73259143596501;13.051888655905378;12.843921051289035;13.025139562278508;13.202429966015352;13.013497154291704;13.305491792110685;11.83368074865474;12.91026795581084;13.003869231979056;13.1879705919842;12.789941128390916;13.513110716890193;13.484571180915806;13.002111776479852;13.536368649553852;14.09391268366556;14.190056137313467;12.820178962415188;13.424953571261042;13.35672705746463;13.665557989846414;13.507299124122763;12.330076554797458;13.019416982944184;13.14338321398982;12.876708781555095;13.272775563286087;13.930367747438952;13.73978060977326;13.743046176226672;13.101811569824005;13.098525621379464;13.68079903457298;12.839203788096944;13.004571615167656;13.002990771840553;13.874116854444512;13.712849378387808;14.015066533230293;13.448503519468836;12.956194629090778
12.681897226786235;11.977637690405876;13.310470777127607;12.16867211813223;11.043710863347156;12.338457843130849;9.509775004326936;11.11504365016171;11.658657792126084;11.473705749619416;9.76983784362944;11.311180660053354;12.158609688214478;11.97513145692134;11.802112418586066;11.619761463298424;11.250298417906333;10.466586337719244;10.987974524296153;11.163020639580791;12.764664292073348;12.338457843130849;11.279030136449649;11.060695931687556;11.378836713210614;12.11504365016171;10.99929538702341;12.434367601668914;12.392049039364183;12.91026795581084;11.728770849542665;10.863411958941638;10.451211111832327;11.471675214392045;10.762382038710392;12.024447124040648;12.079484783826816;11.58261245126702;10.451211111832327;11.279030136449649;12.851163413220116;10.140829770773;11.933690654952231;12.33706433868474;11.748612176736982;11.722380635163802;10.854089179870574;10.517669388133813;10.71853287606922;11.543515216152167;12.652396861477678;11.602234901341063;11.99964773652837;10.634811050171718;10.236014191900084;11.16427843830117;11.330356716957944;12.11504365016171;11.640244936222343;11.153552031708111;12.12023787734196;12.286557761607956;10.502831804066744;11.654188473059545;11.040289721025715;11.930737337562888;11.748612176736982;10.236014191900084;12.077149515589731;12.839794290202557;11.594791118089264;10.430452551665532;11.060695931687556;10.904634621668151;9.807354922057604;11.279030136449649;13.469641817239516;13.193371349821495;10.332036548361652;11.615169813843602;11.117643101389092;11.499845887083206;12.208539206738363;11.499845887083206;10.378294855911893;11.117643101389092;12.070120944476823;11.145295334933598;11.824958740528524;12.239001757765582;11.81698362325538;10.980139577639155;12.594091290260412;11.33427328530719;12.588480412829758;10.376125389276174;12.882069831008142;11.590587049915037;9.992938336165814;11.952741247186488;11.693051295397;11.728770849542665;11.758223214726724;11.337621901992508;11.1006623390052;12.85233443198643;12.764664292073348;11.672867276433792;11.537703747907644;12.230020435705637;11.471675214392045;11.802112418586066;12.143702076857933;12.720030446498972;11.131213905086272;12.241089378860856;12.569855608330949;11.841171189248543;12.577664851764846;12.100990784092762;11.824958740528524;11.74188827273525;12.4655664048094;12.380461065088973;11.391243589427445;12.512740462803498;10.958552715431011;11.955649907528374;11.901244032467376;11.725366257895642;12.34623669139025;12.404077136241234;12.398743691938192;12.22881869049588;11.701306461958623;11.799281621521924;12.106235761615748;12.282219695672588;11.935901682267588;12.6476832678862;10.863411958941638;11.88264304936184;12.398743691938192;12.559377090526684;12.042001306279133;11.138911718142744;12.668884984266247;11.892542816648552;12.280770770130603;12.039261794341057;12.04507705193494;12.733439082899434;12.7255792804196;11.89973454235751;12.252961036393684;11.91513244895065;11.530406337099068;11.810973220002165;11.332596057789214;12.57553924683453;12.639566818681828;12.610794169053182;11.96902670215077;12.344295907915816;12.672204323964031;11.156715144224702;12.485577770903188;12.622738217871143;13.362491806046062;11.002815015607052;11.11309098344238;11.557942286787448;12.257093144491057;11.60177078840771;11.99081307915361;10.735556023911537;12.495355392235982;12.287423811683524;11.830515206976838;11.891403996665025;12.617926556798752;12.017156386383112;12.40886043602476;12.42574042431621;11.167418145831736;12.050188767596437;11.85836959985474;11.817383427897232;12.217957697864112;12.108197722535827;11.660441650209172;10.802516365121225;11.702172685365548;12.03307880613062;12.263562639820616;11.728345714710976;12.502334580197996;12.657541759703378;12.064742764750257;12.35424938194524;12.911953675621971;13.100333819126542;11.511258495502268;12.59944798152872;12.474212937193943;12.76983784362944;12.68934284613419;10.886458695703706;11.861086905995396;12.087131301540529;11.667111542075029;12.184875342908285;13.056807035580608;12.349004718027745;12.298635406734242;11.743572188935634;12.048486873992337;12.971363924361937;13.366048950670628;11.75905593916017;12.223700075986306;13.07296996854206;12.161761743304677;13.140829770773;12.470658874060552;12.02167404285837
12.889884170302828;12.822172461476178;11.480790201095816;12.979425195331473;12.580729651598958;13.347067657165873;9.768184324776929;11.700439718141093;12.849209600569264;12.928703419193356;10.772314573921651;10.719388820942084;11.818582177480858;13.697184783224516;12.681238411777803;11.12023787734196;11.998942951443086;11.871520262329112;12.644982855229008;11.815383295813538;12.485326189240524;13.347067657165873;13.105581181277437;12.411510988012072;11.222794902868111;12.586136091480489;14.737617054925432;13.419301863877584;13.117805411682438;12.909893083770042;11.138911718142744;11.31797782240712;11.167418145831736;10.565102078360312;12.004220466318197;12.95655766257052;13.246889016274343;12.767563766286798;11.30435132166324;13.105581181277437;11.651948610723446;11.114393054867309;11.88683970588442;11.17367713630342;11.715104009236168;12.960906953765717;9.409390936137704;11.659995892429976;11.30149619498255;13.599331742956291;11.373952655370193;11.627533884472792;13.33511116842486;11.478769619475765;9.211888294546004;12.266786540694902;12.04336911395769;12.586136091480489;11.165535141377925;12.091765938516804;12.677058915711948;12.5898851792902;11.51717725268954;12.216139556425135;12.606173844717032;10.14338321398982;12.36194377373524;9.211888294546004;11.750288267591651;12.26473580113014;11.199672344836364;13.562242424221072;12.411510988012072;12.2603315185576;9.888743248898258;13.105581181277437;11.519636252843211;13.03307880613062;10.207014320177532;10.783816759320182;11.466586337719244;11.539158811108033;11.482807956726669;11.539158811108033;9.41574176829009;11.466586337719244;12.62296694479051;12.128960950855696;13.211127820625654;13.137151260278308;11.391243589427445;11.84979602224561;12.64092273517345;11.77272694923985;13.682775179067027;12.220982851081777;14.270879295328784;12.839400648988413;11.373408960228696;12.855647166027266;12.913637428049103;11.138911718142744;12.26707926567123;12.389631339260522;10.614709844115207;13.17975361881042;12.485326189240524;12.025139562278508;12.730682407476795;10.13827180017222;10.565102078360312;12.681238411777803;11.7858611057596;12.98584193700334;11.701306461958623;12.818781872275403;13.043710863347156;12.200285605224298;12.81177605532666;13.03325091409872;11.844705764411938;12.669770888525518;12.611255388699336;12.81277897162766;13.31599862262856;13.350939181546432;11.471167133724393;12.753007768945244;12.180219982170192;12.526499239136566;12.75884780310832;12.627989784315703;13.11423036019097;12.055621374781708;12.718746909901064;11.98584193700334;12.80634822671225;12.434367601668914;13.081483438093674;13.808461476199623;12.531625138422624;13.283811834830894;13.086799685623452;13.048316574158472;12.272921326867005;11.813781191217036;13.054095520550748;12.759888183221834;12.118941072723509;12.50457073932441;12.7255792804196;12.550746785383245;13.38680555876856;12.580258567499788;12.408595112798102;11.619761463298424;11.795227966028678;12.698921662339812;13.254142846855748;13.267371931265274;13.30720080914081;12.494855584491198;13.42600261332936;13.660218788535618;12.362765744153958;12.311180660053354;13.017504401109417;12.946358033887046;12.668441828052998;11.407798850221974;12.334831928118;12.184565452446156;12.993646060016596;12.45404219747008;12.590820930930525;12.241685287601625;13.041488043881468;13.225358086454513;11.928148216169037;12.072802534544207;13.30435132166324;12.65687172561398;13.223549253233475;13.03977584923368;11.86573327085176;12.643179767925549;12.368779260041338;12.64250302878052;12.79340009848382;12.93147623388679;11.804937672051908;12.672204323964031;12.461990950585571;12.148476582178278;12.698921662339812;11.844313461203296;13.309760544729622;12.68057929578025;12.250594507192316;12.908017261062804;13.770973539501576;13.57601187420678;11.82456102997028;12.778898476008376;13.062214824659108;12.861474675125772;13.322773176454564;11.85447883417163;12.916999049082808;13.14609130463152;12.405407422219204;13.215381320721084;13.780027064441978;12.62844554013718;13.010353265549254;13.153710352151716;12.586839787961829;12.560093957642495;11.335948565202298;13.011401989880063;12.69631555889282;12.795633844506778;13.80564312177336;13.240791332161956;12.478769619475765;12.82456102997028
10.108524456778168;9.413627929024171;9.152284842306582;8.08214904135387;10.161131882984307;10.293471648838134;11.1705510353167;9.829722735086058;11.055960234452296;9.661778097771988;12.362765744153958;9.847057346091336;11.349834091457248;10.63026712502677;8.778077129535358;11.62159403901754;10.4241662888181;9.052568050804153;10.052568050804153;10.7047682393626;9.951284714966972;10.293471648838134;9.29920801838728;10.969386521342283;9.936637939002573;10.835260918627489;11.615629636968098;11.074141462752506;11.688687423222536;8.696967526234287;8.909893083770042;9.79766152585376;7.285402218862249;11.308339030139408;10.145932145820517;10.61378946447258;9.174925682500678;6.9886846867721655;10.045759661382682;9.29920801838728;10.828929827651486;11.888362741170644;12.172740017049366;11.235415935602528;10.306061689428342;11.346513733165636;9.400879436282183;9.184875342908285;9.350939181546432;10.348728154231075;10.312882955284357;11.027214885159834;10.266786540694902;11.177419537989236;11.1006623390052;8.285402218862249;11.452241240430816;10.835260918627489;10.604553229079038;9.564149489985732;10.332036548361652;10.365228849251544;9.67065624911844;7.930737337562887;9.144658242831882;11.69479315499995;9.535275376620802;11.1006623390052;6.6293566200796095;7.2384047393250786;10.543031820255235;11.979782430703086;10.969386521342283;9.43879185257826;10.926295994781112;9.29920801838728;10.480790201095816;11.347067657165873;9.791162888555018;7.392317422778761;8.285402218862249;9.103287808412022;11.280770770130603;9.103287808412022;9.98299357469431;8.285402218862249;9.9901039638575;8.599912842187127;8.149747119504681;8.965784284662087;10.61194694181998;9.744833837499543;10.799281621521924;9.422064766172811;9.131856960608792;9.873444112515376;9.719388820942084;9.879583249612784;11.352595231134304;8.804131021183318;10.787086324551616;8.909893083770042;11.31628153174622;11.847448903982432;10.783816759320182;9.68650052718322;9.951284714966972;8.434628227636725;9.019590728357882;10.407267764244732;11.308339030139408;8.778077129535358;10.14974711950468;7.118941072723508;7.266786540694901;7.098032082960526;7.679480099505446;8.562242424221072;7.442943495848728;6.754887502163468;7.139551352398794;8.243173983472952;6.700439718141092;7.011227255423254;7.098032082960526;8.744833837499545;7.539158811108031;5.700439718141092;7.159871336778389;7.400879436282184;7.643856189774724;8.071462362556623;7.954196310386875;8.339850002884624;8.810571634741146;7.523561956057013;7.3750394313469245;7.189824558880018;8.832890014164741;8.016808287686555;8.400879436282183;8.357552004618084;5.857980995127572;7.276124405274237;6.672425341971495;8.933690654952233;7.721099188707186;7.539158811108031;9.333155350310616;6.832890014164741;8.219168520462162;6.599912842187128;8.344295907915816;7.6293566200796095;7.948367231584678;5.882643049361842;9.709083812550343;7.870364719583405;8.092757140919852;7.894817763307944;7.546894459887636;8.426264754702098;6.087462841250339;7.339850002884624;6.754887502163468;7.658211482751795;7.426264754702098;6.7414669864011465;6.727920454563199;7.965784284662087;6.6865005271832185;7.851749041416057;7.05528243550119;8.50382573799575;8.027905996569885;7.6293566200796095;7.960001932068081;9.285402218862249;6.977279923499917;8.366322214245816;7.108524456778169;7.159871336778389;8.219168520462162;7.531381460516312;9.403012023574997;8.43879185257826;7.622051819456376;8.271463027904375;7.888743248898259;8.499845887083206;7.276124405274237;5.832890014164741;7.285402218862249;6.539158811108031;8.471675214392045;7.636624620543649;8.154818109052105;7.219168520462161;7.857980995127572;6.700439718141092;7.159871336778389;8.930737337562887;7.303780748177103;5.20945336562895;7.714245517666122;7.417852514885898;7.491853096329675;8.96289600533726;7.044394119358453;7.108524456778169;7.022367813028454;7.539158811108031;7.20945336562895;7.129283016944966;7.936637939002571;7.483815777264256;7.139551352398794;8.717676423066395;6.820178962415188;7.994353436858858;6.475733430966398;7.3750394313469245;8.566054038171092;8.912889336229961;7.882643049361842;7.276124405274237
5.169925001442312;5.672425341971495;0.0;4.643856189774724;1.584962500721156;1.584962500721156;3.0;0.0;0.0;1.584962500721156;7.169925001442312;2.321928094887362;1.0;7.475733430966398;4.700439718141092;3.0;1.584962500721156;3.584962500721156;5.20945336562895;2.0;6.977279923499917;1.584962500721156;4.643856189774724;3.4594316186372973;2.807354922057604;0.0;2.0;3.4594316186372973;5.882643049361842;3.906890595608519;4.807354922057604;2.0;2.0;1.0;4.0;1.584962500721156;3.4594316186372973;5.857980995127572;1.0;4.643856189774724;1.584962500721156;3.700439718141092;1.584962500721156;4.643856189774724;0.0;7.434628227636725;1.584962500721156;2.0;6.599912842187128;2.807354922057604;1.0;1.0;2.0;1.0;0.0;5.491853096329675;2.807354922057604;0.0;1.0;8.535275376620802;6.087462841250339;4.584962500721156;2.321928094887362;2.807354922057604;2.807354922057604;7.686500527183218;3.807354922057604;0.0;1.0;4.392317422778761;6.584962500721156;2.584962500721156;3.4594316186372973;3.584962500721156;2.807354922057604;4.643856189774724;3.169925001442312;2.0;2.807354922057604;1.584962500721156;4.807354922057604;6.392317422778761;2.584962500721156;6.392317422778761;0.0;4.807354922057604;4.044394119358453;4.0;7.392317422778761;3.4594316186372973;0.0;4.392317422778761;3.321928094887362;1.584962500721156;5.754887502163468;2.321928094887362;7.665335917185176;2.321928094887362;2.807354922057604;3.4594316186372973;2.321928094887362;4.807354922057604;3.0;2.321928094887362;0.0;3.700439718141092;6.977279923499917;4.169925001442312;2.0;1.584962500721156;1.0;4.700439718141092;5.247927513443585;5.832890014164741;5.832890014164741;4.0;5.643856189774724;5.754887502163468;6.149747119504682;6.149747119504682;4.247927513443585;3.584962500721156;5.0;8.640244936222345;6.149747119504682;8.154818109052105;5.614709844115208;6.087462841250339;4.321928094887363;5.491853096329675;5.954196310386875;4.906890595608519;6.339850002884624;5.169925001442312;4.523561956057013;4.087462841250339;4.459431618637297;4.906890595608519;7.169925001442312;6.169925001442312;7.515699838284043;6.906890595608519;5.832890014164741;6.614709844115208;5.129283016944966;4.247927513443585;6.569855608330948;5.169925001442312;5.129283016944966;4.523561956057013;4.087462841250339;5.321928094887363;3.584962500721156;6.22881869049588;5.321928094887363;6.129283016944966;4.954196310386875;5.930737337562887;4.643856189774724;6.658211482751795;6.94251450533924;4.700439718141092;6.303780748177103;7.826548487290915;4.392317422778761;4.392317422778761;4.906890595608519;6.044394119358453;7.159871336778389;5.459431618637297;5.087462841250339;5.321928094887363;6.870364719583405;5.977279923499917;5.832890014164741;5.727920454563199;5.321928094887363;6.882643049361842;5.754887502163468;4.392317422778761;6.426264754702098;5.727920454563199;6.554588851677638;8.066089190457772;6.022367813028454;4.857980995127572;5.554588851677638;5.954196310386875;6.087462841250339;4.0;5.087462841250339;4.700439718141092;5.954196310386875;5.20945336562895;5.832890014164741;4.906890595608519;6.820178962415188;5.129283016944966;4.247927513443585;6.459431618637297;6.459431618637297;8.413627929024173;5.930737337562887;5.044394119358453;5.285402218862249;5.247927513443585;5.614709844115208;5.700439718141092;5.554588851677638;6.794415866350106;5.459431618637297;6.409390936137702;5.930737337562887;5.882643049361842;7.554588851677638;7.22881869049588;6.066089190457772;5.169925001442312;5.169925001442312;5.78135971352466;5.129283016944966;4.700439718141092;6.22881869049588;5.857980995127572;4.754887502163468;5.357552004618084
12.3292357417338;13.11812997749728;12.295481973695368;12.20670914935865;11.86611979330307;13.010003521295204;12.296055838078784;11.293471648838134;11.249706056969703;12.360847084179664;12.117967703717133;11.491352073563435;12.133463346523438;11.595723694101627;12.35231935484684;12.279320387942608;12.692397555468483;12.125413470483316;12.133463346523438;13.09687983630378;12.141149198437516;13.010003521295204;12.318542809702723;11.879583249612784;11.838022058304546;12.554109152574004;11.254438148267257;12.135067945777816;12.562242424221072;12.157346935362844;11.71681946132995;11.376668061857668;9.038918989292302;12.591989767615123;12.437752072323605;13.613098794209224;12.211279947482009;12.104926303807776;12.577192765687045;12.318542809702723;13.107544031975989;12.567480801143043;13.324461855977315;11.92740761294903;12.171802288682985;12.712097051087548;12.722594098956584;12.435930651703597;10.231221180711186;12.409656113059851;13.04746477331842;11.888362741170644;12.894249362864231;13.016982347533649;11.452756029032496;11.810973220002165;11.703038388986418;12.554109152574004;11.895575282380683;12.002463438892535;11.834075953434883;13.650603022215307;11.989749275462133;12.002815015607052;12.342352510087794;12.47015043527436;12.922212717785449;11.452756029032496;12.690871009292314;11.843921051289035;12.065752701816972;11.68650052718322;11.879583249612784;12.040289721025715;11.246740598493144;12.318542809702723;12.105253779700885;13.189206834597025;11.177419537989236;12.041659151637214;11.973697366305352;11.909143047339898;12.888172449665932;11.909143047339898;10.127994320976391;11.973697366305352;11.734709620225836;12.844509626142193;11.77272694923985;12.173989374166537;12.42574042431621;12.117967703717133;12.20181761666792;12.51422090935813;13.156241119235752;13.2385540170986;12.943064208162005;11.989394499844732;11.933321820732946;12.61401961443572;11.967586527296072;11.71681946132995;11.971543553950772;11.5401280385821;12.201205007299528;13.770560662617914;12.141149198437516;12.4189067312579;12.511999669441453;12.767563766286798;12.591989767615123;12.35231935484684;11.726218159332198;12.17804232886482;12.080817527608328;12.35974956032233;12.673971520682796;11.840777923595054;12.70865283568653;12.43879185257826;12.118616689351509;12.199365616857982;12.545205827425605;12.580022967753877;12.014369242235135;12.6476832678862;12.222191138456331;12.062383491876334;12.13827180017222;11.98903963696239;12.449922415863757;12.363587246524578;12.480790201095816;11.985130373466898;12.630039552656095;11.957102041562289;12.283956487665112;11.880731435141664;11.510764167917891;12.12670447284319;12.949279579076595;12.868243817704636;12.694575537525989;12.765078859616684;11.746514321138465;10.881113960675096;12.817183539425711;12.166163082646111;12.151016538892248;12.187042714339894;12.659995892429976;13.215381320721084;12.236911111444602;12.002815015607052;11.462502272597265;11.445014845868425;12.811976694370289;12.227315099905493;12.332316330199218;12.626165319904498;12.61769702930787;11.808159772868375;12.3395716783847;13.008953779526196;12.245255580306557;12.705200378063116;12.224303209373389;12.946540803893104;12.48608080265197;12.90218666238715;12.055621374781708;11.892542816648552;12.798471801101618;12.972441366563537;12.557942286787448;12.983349927676455;13.023061249735337;12.214622686302336;11.88760142450871;12.073137383110383;12.256208688527389;12.378836713210614;12.269126679149418;12.453527867681784;12.349834091457248;12.30435132166324;12.6476832678862;12.1331422124006;11.926295994781112;11.794415866350104;12.536732889835417;11.647008638441648;11.761135649828644;11.707790495528824;11.794415866350104;11.733862719678545;13.07045641594465;12.264442600226602;11.592924155627635;12.594324603924848;12.663558104217271;12.462246634244352;12.068106475858771;11.772314573921651;12.553149275598548;12.213104219641906;12.892542816648552;12.542306422582593;12.63094962683287;12.508289986140348;11.67595703294175;12.78953364497036;12.952377251967985;12.660664477461278;12.97172316117676;12.6691065113363;11.987974524296153;12.138911718142744;10.935901682267588;12.245849771023725;12.400345796534694;11.90048948483465;13.678600139099458;12.405939193342396;12.121533517340032;12.479022346995178
11.59245703726808;11.875749351420056;9.78135971352466;10.753216749178955;11.174925682500678;12.48608080265197;11.048486873992337;10.12670447284319;11.251482410620213;11.77066389291676;12.21856323619027;10.778898476008376;11.102631888854969;11.40832974076739;11.366322214245816;11.577428828035748;12.251778257035868;11.843528534611089;11.679040186393062;12.31599862262856;11.793196859060943;12.48608080265197;11.020979938904212;11.047123912114026;11.654188473059545;12.511505595792482;11.593857938858225;11.521600439723729;11.96686590038754;9.929258408636972;11.219168520462162;10.959277505720502;8.103287808412022;11.273795599214264;12.324461855977315;11.62067804213541;10.933690654952231;11.511258495502268;12.003869231979056;11.020979938904212;11.950920352030098;12.619761463298424;12.249706056969703;11.757390009366638;11.553629293916364;12.705848343508944;11.881878707600446;10.8649599151426;9.948367231584678;12.165849146176395;12.62958430019385;11.705632387361415;11.240791332161956;12.837233700339088;10.641148597411233;11.280770770130603;11.30720080914081;12.511505595792482;11.693486957499324;11.386940245324311;11.405673332281866;11.449664538476192;10.57553924683453;11.233020426474496;11.24852060493843;12.419960177847887;11.95673914505908;10.641148597411233;12.389093521904474;10.4241662888181;11.344295907915816;12.053925881531104;11.047123912114026;11.328674927327947;10.619302955415687;11.020979938904212;12.23840473932508;11.12670447284319;11.128638812852598;11.827342704234116;11.663113308455806;11.230620933129869;11.34207466799914;11.230620933129869;10.790348496751914;11.663113308455806;11.44940661498558;11.5401280385821;10.263269200372662;10.901621158346112;11.228217442293436;11.365775635326267;12.28106067167702;11.947636937951827;11.471167133724393;11.597121428789569;11.57601187420678;11.837233700339088;12.111135670234708;11.279610581052484;11.595257481449035;11.219168520462162;11.548340287676147;11.255618749839597;11.416269744523207;11.437752072323605;11.793196859060943;11.90275194485016;11.481799431665753;11.406205005418856;11.273795599214264;11.366322214245816;12.02997734658958;10.029287226968243;10.731319031025064;9.861086905995396;10.9901039638575;10.583082767502932;11.004922678569043;9.981567281903017;10.709083812550343;11.194141238863136;10.159871336778387;9.857980995127573;9.847057346091336;10.707359132080883;10.99081307915361;9.224001674198105;10.433585441150496;10.35974956032233;11.092757140919852;10.79603960882977;11.244958393151132;10.337621901992508;11.388017285345136;10.285402218862249;10.63117705570398;11.002111776479852;10.955649907528374;11.314583244274194;11.24436383512051;10.256208688527389;9.366322214245816;10.964340867792416;10.684748620421626;10.4241662888181;10.325305455089682;10.82097669262124;10.944712061043486;10.456354415108288;11.202736043250168;9.38586240064146;11.36796070964157;11.205182326228645;11.089450481115907;9.719388820942084;11.284824100224624;10.649256177517314;9.915879378835774;11.043027283594547;10.389093521904474;11.334831928118;10.207014320177532;10.967226258835993;11.196602126523173;10.84862294042934;11.41204051455165;10.06339508128851;9.859534786382651;11.619761463298424;10.001408194392807;9.821773981970567;9.965784284662089;10.971543553950772;10.955649907528374;10.027905996569883;10.380461065088973;11.29748950116098;10.935901682267588;10.8649599151426;11.249706056969703;10.346513733165636;11.130570562805426;10.045759661382682;11.212496385193948;10.39231742277876;9.854868383260236;10.624795455860236;10.951284714966972;11.466076461396252;11.194756854422248;10.177419537989236;10.12023787734196;10.257387842692651;11.025139562278508;10.861862340059153;10.697836357962377;11.448632567730552;11.015415052386688;9.285402218862249;9.753216749178955;10.745674324002136;10.211888294546004;8.479780264029099;11.14974711950468;10.927037168720297;10.91513244895065;10.987974524296153;9.700439718141093;9.823367240046236;10.64565843240871;10.369597346278676;11.24198314969433;11.205182326228645;10.757390009366638;10.364134655008051;11.24852060493843;11.448632567730552;9.581200581924955;10.44086916761087;10.214319120800766;10.019590728357882;11.053247125912426;11.28828934218097;10.729620743553038;10.280770770130603
11.532842910961282;7.451211111832329;11.892922223630592;10.271463027904376;8.257387842692651;9.523561956057012;5.554588851677638;8.430452551665532;11.669328004395904;11.496853777388042;10.483815777264256;10.109830654278792;9.873444112515376;10.568906154502084;10.355351096424812;10.256208688527389;10.356451970221755;10.576484346796851;8.682994583681683;11.440350119200565;10.812979471251484;9.523561956057012;10.584022940257542;9.257387842692651;7.189824558880018;12.001408194392807;9.61654884377899;10.411510988012072;10.641148597411233;11.949461979360152;9.090112419664289;8.098032082960527;9.134426320220928;10.00562454919388;10.513727595952435;7.066089190457772;9.59618975614441;10.064742764750257;9.252665432450248;10.584022940257542;10.760719947465624;7.839203788096944;10.025139562278508;9.734709620225836;10.494855584491198;9.43879185257826;5.930737337562887;10.350939181546432;10.800090987624994;9.971543553950772;11.468624042918018;11.565578136784328;9.958552715431011;10.413627929024171;4.857980995127572;9.936637939002573;10.590587049915037;12.001408194392807;10.372865060112588;10.103287808412022;9.177419537989236;11.00562454919388;9.935165049603697;10.191059214531656;9.698704666770343;9.366322214245816;10.44190670454224;4.857980995127572;11.452241240430816;10.800090987624994;10.642954223480332;7.434628227636725;9.257387842692651;10.594324603924848;10.568906154502084;10.584022940257542;11.43149760425805;11.443461612227392;9.038918989292302;10.677719641641009;10.333155350310616;9.640244936222343;10.075479149488016;9.640244936222343;9.734709620225836;10.333155350310616;11.35424938194524;9.870364719583405;9.791162888555018;9.787902559391432;10.44604940671655;9.098032082960527;9.774787059601174;10.73978060977326;10.719388820942084;9.35974956032233;11.26209484537018;9.804131021183318;10.164906926675688;10.73978060977326;11.284824100224624;9.090112419664289;9.35974956032233;10.95637615724967;10.599912842187129;11.536732889835417;10.812979471251484;9.638435913990472;8.0;11.49235394515987;10.00562454919388;10.355351096424812;9.870364719583405;10.94251450533924;9.857980995127573;6.285402218862249;10.167418145831736;10.426264754702098;11.149111990706889;7.499845887083206;10.225207436943505;10.260919533662904;7.459431618637297;10.847840355630714;8.968666793195208;10.451211111832327;9.756556322524087;8.257387842692651;10.49585502688717;10.230020435705637;10.768184324776929;10.437752072323605;10.787902559391432;10.35424938194524;10.198445041452365;9.29232163280204;10.524541715035848;10.61286849729104;10.688250309133178;11.263269200372662;9.24555270625568;6.459431618637297;7.011227255423254;10.567956075415466;10.26795708440284;9.73978060977326;11.074141462752506;9.932214751968385;10.31628153174622;11.17367713630342;10.506803437795648;7.727920454563199;11.323054760341646;10.852529509404196;10.800899899920305;10.857980995127573;9.533329732305834;9.894817763307945;6.768184324776926;10.603626344986193;10.400879436282183;11.282509306240836;10.358651200892886;9.847057346091336;11.388017285345136;9.164906926675688;10.552669097514272;10.266786540694902;12.354524889449351;10.034798962577268;8.900866807980748;9.712527000439824;8.113742166049189;9.366322214245816;9.868822554775;5.523561956057013;6.78135971352466;11.105253779700885;10.269126679149418;9.700439718141093;10.749031382040204;8.330916878114618;10.821773981970567;8.734709620225837;10.203348002979762;9.519636252843211;6.044394119358453;10.105908508571158;10.35974956032233;10.449148645375436;10.565102078360312;6.321928094887363;10.23840473932508;10.580258567499788;10.35424938194524;10.03342300153745;9.41574176829009;10.688250309133178;10.355351096424812;6.870364719583405;10.53818893205242;11.774375272802065;10.029287226968243;11.084808387804362;10.703903573444665;11.508289986140348;10.237209960755022;8.370687406807217;8.823367240046235;8.330916878114618;9.741466986401146;9.802516365121225;11.12605911607068;10.397674632948268;10.285402218862249;6.94251450533924;10.708221730038352;10.92184093707449;8.308339030139408;9.90839262077375;9.726218159332198;11.484822894262146;7.787902559391432;12.121857245612654;11.319672120946995;9.370687406807216
12.88683970588442;13.945901007545311;11.926666629347284;13.22866840193479;12.89121410590583;14.14966774369432;13.173520992026964;12.36932470240734;12.726218159332198;13.107707482385823;12.28828934218097;12.116668855967111;12.605942439625368;14.603394530887376;12.555068391333338;14.177341670222877;13.35024859944484;12.85817531057549;13.10000522442272;13.271608924151744;13.59560715506195;14.14966774369432;12.702605602110248;13.223398414711628;13.207624468226758;13.820178962415188;13.010877723007034;13.709514660706716;13.30249613217652;11.756556322524087;12.714030814928783;12.36194377373524;10.851749041416058;12.659995892429976;13.233619676759702;13.691089186236532;12.858952310750938;12.57483001533763;12.108851117040151;12.702605602110248;12.900866807980748;14.073221083109878;12.15608307628868;13.060695931687556;12.36112133473479;13.413892328372643;13.6345841934937;12.39740724437538;11.192292814470768;13.058330026205653;14.548641319506324;13.400078902622012;12.290018846932618;13.869304658385463;11.348174867535556;12.876516946565;11.926666629347284;13.820178962415188;13.620105248607066;13.490224135759552;13.309902619183516;13.543756853375896;12.160501747555688;12.91176647065955;12.157662727208448;14.01576348736988;13.136670762341843;11.348174867535556;13.091600671887274;12.148794321424337;12.78320289006439;12.96289600533726;13.223398414711628;13.250150350472438;12.886077584873094;12.702605602110248;13.448116305409464;12.85096815098244;9.96289600533726;12.673088192909365;13.156557153199971;13.163492442617937;14.798573053517066;13.163492442617937;10.89178370321831;13.156557153199971;12.51582301395463;12.902563541971553;12.435930651703597;12.766528908598865;12.716176405807428;13.28424574982967;11.946540803893104;13.347621368568134;13.196602126523173;12.664891669286089;13.229720093237413;12.350386742312844;12.931845540183671;12.667111542075029;13.215532999745657;12.714030814928783;13.110157018954066;13.125897731760327;13.841957399099549;13.066593776312253;13.59560715506195;13.154976290625738;12.846469809923212;13.285402218862249;12.659995892429976;12.555068391333338;12.773345291291273;12.956013078088098;12.598285174146604;13.87872151038902;13.462757865660365;12.548340287676147;13.324883717194092;13.962263422704044;12.696098170955864;12.594557879863732;14.201664488711414;12.307485448589476;13.020111839088086;13.391914828931892;12.35837648032824;13.006852001748774;12.884933647949762;12.604553229079038;12.942331224510577;12.735132884139947;12.782793498733351;12.367141694552364;12.97960382407446;13.34443462192399;12.585666769732402;12.782179193831208;12.47699928613306;13.153552031708111;12.734709620225836;13.593857938858225;13.981299694952254;13.166006122950492;13.036688768795663;11.949461979360152;12.019243216603607;12.869593843240784;13.047294352783004;12.486583659067268;12.913450441458098;13.312599378862627;13.068610356779276;12.380461065088973;12.596655667674662;11.817383427897232;13.047975914170848;13.335948565202298;13.14561377551339;13.117805411682438;12.733439082899434;12.99276135094313;12.3395716783847;13.81698362325538;12.772520776314757;13.117318426010003;13.072300115928336;13.248668839723136;12.064742764750257;13.099183410079286;12.011227255423254;11.946906274456396;13.690434556395054;13.606867837374152;13.25989034989582;13.190904940346524;14.196217889420495;13.160816849673546;12.469133019829592;12.632768054728746;12.98299357469431;13.148158772937894;13.104926303807776;12.960545013211664;12.74756363025512;13.231971139162804;13.68013971776317;12.470658874060552;12.283088353024002;12.59245703726808;12.6713199131833;12.944162985854788;12.097044499322951;12.384513961398618;12.392049039364183;12.239598529249124;13.7553048882624;13.061371192659813;12.404609397837712;13.429799009166976;12.967226258835993;13.154976290625738;12.219471067394355;11.078817949961978;13.35149140932002;12.710160691782914;14.23459292790746;13.001935913123642;13.319954310686944;13.675626303935395;12.634811050171718;13.205029555005872;13.165692152320114;13.12605911607068;13.213408040858337;13.5285762023352;12.786473845221302;12.65642486327778;13.401412878714178;12.740624044489412;13.792891946232825;12.052907628313289;13.620219825507489;13.505687520472335;12.855452509744048;13.494730605495072
5.930737337562887;7.965784284662087;7.22881869049588;5.700439718141092;5.857980995127572;6.672425341971495;7.707359132080882;6.087462841250339;4.584962500721156;6.087462841250339;6.870364719583405;6.022367813028454;6.247927513443585;6.409390936137702;6.409390936137702;6.247927513443585;6.754887502163468;6.409390936137702;7.179909090014935;7.05528243550119;6.392317422778761;6.672425341971495;6.857980995127572;6.507794640198696;4.643856189774724;6.20945336562895;5.169925001442312;6.149747119504682;5.614709844115208;7.348728154231077;5.78135971352466;5.78135971352466;3.169925001442312;5.129283016944966;7.569855608330948;5.643856189774724;6.129283016944966;5.614709844115208;6.700439718141092;6.857980995127572;6.303780748177103;6.189824558880018;5.129283016944966;6.0;5.807354922057604;6.870364719583405;6.794415866350106;7.451211111832329;4.906890595608519;5.700439718141092;7.321928094887363;6.189824558880018;5.977279923499917;8.076815597050832;5.459431618637297;5.930737337562887;7.294620748891627;6.20945336562895;5.426264754702098;5.882643049361842;4.906890595608519;6.569855608330948;7.247927513443585;5.285402218862249;6.930737337562887;5.906890595608519;5.392317422778761;5.459431618637297;7.076815597050831;6.129283016944966;5.857980995127572;6.6865005271832185;6.507794640198696;6.643856189774724;5.906890595608519;6.857980995127572;6.672425341971495;5.832890014164741;6.870364719583405;6.169925001442312;6.3750394313469245;7.0;5.523561956057013;7.0;5.169925001442312;6.3750394313469245;5.523561956057013;7.303780748177103;6.6865005271832185;5.954196310386875;6.614709844115208;6.392317422778761;7.199672344836364;7.686500527183218;6.507794640198696;8.842350343413807;7.303780748177103;5.700439718141092;7.383704292474052;6.22881869049588;6.129283016944966;5.78135971352466;6.20945336562895;5.727920454563199;6.129283016944966;6.584962500721156;6.392317422778761;6.392317422778761;5.044394119358453;7.894817763307944;5.129283016944966;6.409390936137702;6.303780748177103;5.129283016944966;5.857980995127572;4.523561956057013;5.20945336562895;4.754887502163468;5.087462841250339;4.584962500721156;4.584962500721156;5.523561956057013;4.700439718141092;5.554588851677638;3.4594316186372973;5.357552004618084;6.491853096329675;4.321928094887363;4.954196310386875;4.392317422778761;5.459431618637297;5.700439718141092;5.321928094887363;5.392317422778761;6.022367813028454;4.584962500721156;5.700439718141092;5.584962500721156;4.906890595608519;5.977279923499917;6.066089190457772;4.954196310386875;3.584962500721156;5.491853096329675;5.321928094887363;4.906890595608519;6.569855608330948;5.321928094887363;4.700439718141092;6.149747119504682;5.523561956057013;4.700439718141092;5.930737337562887;5.357552004618084;5.491853096329675;5.129283016944966;5.554588851677638;5.357552004618084;4.906890595608519;5.491853096329675;5.700439718141092;6.266786540694901;4.857980995127572;5.459431618637297;5.20945336562895;5.807354922057604;5.832890014164741;5.426264754702098;5.321928094887363;6.539158811108031;4.807354922057604;5.169925001442312;4.523561956057013;5.523561956057013;4.857980995127572;3.906890595608519;4.169925001442312;6.554588851677638;5.857980995127572;5.321928094887363;5.930737337562887;4.459431618637297;6.149747119504682;4.643856189774724;6.906890595608519;4.954196310386875;4.087462841250339;4.807354922057604;5.247927513443585;5.954196310386875;5.0;3.700439718141092;4.857980995127572;5.285402218862249;5.754887502163468;5.20945336562895;5.044394119358453;5.285402218862249;5.169925001442312;3.906890595608519;5.584962500721156;5.491853096329675;4.906890595608519;5.906890595608519;5.169925001442312;5.930737337562887;5.426264754702098;5.554588851677638;5.321928094887363;4.247927513443585;4.857980995127572;5.129283016944966;5.321928094887363;5.087462841250339;5.930737337562887;4.169925001442312;5.78135971352466;5.491853096329675;4.700439718141092;5.247927513443585;4.700439718141092;5.087462841250339;5.977279923499917;6.285402218862249;5.459431618637297;5.044394119358453
11.383704292474052;9.812177305514448;11.62113611327464;10.3409627642517;10.088788238716909;11.430975172588068;7.129283016944966;8.499845887083206;12.58261245126702;12.189206834597025;8.238404739325079;8.997179480937621;10.022367813028454;13.581553678816189;11.362491806046062;9.544964432789238;9.96000193206808;11.410451351503994;9.964340867792416;7.467605550082998;11.878817284614229;11.430975172588068;10.987264012072538;12.1526017440192;8.906890595608518;8.539158811108031;12.688687423222536;10.88340698638837;10.909893083770042;12.0911047583765;11.174925682500678;8.784634845557521;9.61654884377899;11.214319120800766;8.787902559391432;9.221587121264806;11.514714054138487;10.328674927327947;10.07815080773465;10.987264012072538;9.831307243802051;8.546894459887637;11.61654884377899;11.982280604558284;9.988684686772164;11.287135186086704;6.087462841250339;9.958552715431011;12.214319120800766;13.49797654586254;7.118941072723508;10.481799431665753;11.084808387804362;8.139551352398794;10.172427508645482;10.277287400130357;10.26795708440284;8.539158811108031;7.643856189774724;9.88264304936184;12.700439718141093;10.93810932621924;9.556506054671928;10.818582177480858;9.845490050944376;11.94251450533924;8.92184093707449;10.172427508645482;9.194756854422248;13.030149824925717;10.854868383260236;11.64430696154558;12.1526017440192;11.274378153246364;7.491853096329675;10.987264012072538;12.708868340211673;10.470658874060552;9.283088353024002;9.974414589805528;9.501837184902296;10.649256177517314;11.56081046872794;10.649256177517314;8.810571634741146;9.501837184902296;11.741677644945858;9.409390936137704;11.52258153125483;11.392854039872873;9.571752643503546;10.33427328530719;11.454813348512523;11.21856323619027;11.443461612227392;8.980139577639157;11.955649907528374;10.304921669581672;10.832098846039134;10.032045726930807;11.050528905530555;11.174925682500678;13.477125810583122;8.603626344986193;9.276124405274238;9.9901039638575;11.878817284614229;10.545929769085468;11.99682652802066;11.046441948007311;11.214319120800766;11.362491806046062;12.791773380858745;12.260625556068227;9.643856189774723;10.413627929024171;11.79400964502097;11.541096615349524;11.66266837551754;11.092096414990792;11.044394119358454;11.30890780406394;11.088125692188209;12.24347153839633;10.711666973564348;12.052568050804153;10.095397022792556;10.90312867681232;10.782998208920414;11.3297963382207;11.386401423640775;11.916625922211235;11.783816759320182;11.807354922057604;10.847057346091336;10.649256177517314;12.103287808412022;11.305491792110685;12.25591374933779;11.789941128390916;10.393390457443989;10.940313597145968;11.186114239541643;11.023754353299417;10.8649599151426;12.189206834597025;11.870750003346114;11.040974598817304;11.169925001442312;10.97513145692134;11.73978060977326;11.401946123976536;12.605942439625368;11.213104219641906;11.929628283024565;11.184255495405347;10.871135184243045;10.78463484555752;11.417852514885896;11.754052367528924;12.383704292474052;11.294620748891628;11.072802534544207;11.580258567499788;11.283088353024002;10.099347810403192;11.933321820732946;10.684748620421626;12.338179249900112;9.665335917185176;10.357552004618084;11.076815597050832;11.109830654278792;10.31741261376487;10.909143047339898;9.804131021183318;11.421538906848276;12.404875455015208;10.580258567499788;11.24436383512051;11.84588203438406;11.044394119358454;12.135388651579046;11.490850876740298;10.737247343027738;10.874212934830874;10.490850876740298;11.208234358339787;11.705632387361415;12.567005370247031;10.901621158346112;9.233619676759702;10.961449694398196;10.733015321685963;12.199365616857982;11.451726268074506;11.51717725268954;12.674192268145683;11.094077685671904;11.547858506058416;12.797458885915104;13.0534168447575;11.105253779700885;11.016111838220512;11.200285605224298;12.234817431117325;11.631631805917635;10.251482410620213;10.99081307915361;10.81698362325538;10.723660944409984;11.319672120946995;11.991521846075695;10.496853777388042;11.645208082774683;11.395534135462302;11.734709620225836;12.745044005034464;9.709083812550343;11.179909090014934;10.827342704234116;13.011576703176177;11.569855608330949;12.60246690183057;11.29748950116098;10.862637357558794
9.831307243802051;8.98299357469431;11.813781191217036;9.627533884472792;9.681238411777803;11.189206834597025;7.622051819456376;6.044394119358453;5.321928094887363;8.447083226209653;6.087462841250339;9.521600439723729;7.614709844115208;10.35424938194524;9.791162888555018;9.49585502688717;9.92184093707449;7.22881869049588;10.698704666770343;6.714245517666122;10.045759661382682;11.189206834597025;11.798066720363062;10.037546953962178;9.30149619498255;5.754887502163468;8.569855608330947;9.599912842187129;9.247927513443583;10.526499239136566;8.092757140919852;8.562242424221072;5.754887502163468;8.577428828035748;7.787902559391432;8.479780264029099;10.356451970221755;8.312882955284355;8.83605035505807;11.798066720363062;9.873444112515376;8.189824558880018;7.965784284662087;7.912889336229962;9.876516946565;9.139551352398794;4.954196310386875;8.487840033823051;8.238404739325079;8.658211482751796;4.857980995127572;9.469641817239516;8.906890595608518;7.483815777264256;4.807354922057604;10.00842862207058;11.496354488564617;5.754887502163468;7.700439718141092;7.768184324776926;11.002815015607052;9.121533517340032;9.857980995127573;9.0;10.178664851006472;10.174925682500678;7.787902559391432;4.807354922057604;9.426264754702098;9.06339508128851;7.807354922057604;8.59618975614441;10.037546953962178;11.491853096329674;8.179909090014934;11.798066720363062;9.326429487122304;9.108524456778168;7.768184324776926;9.4797802640291;6.894817763307944;8.03342300153745;10.461479447286155;8.03342300153745;7.087462841250339;6.894817763307944;9.679480099505446;10.323054760341646;11.671983272091865;8.778077129535358;11.87536540064177;8.807354922057604;10.122827994807666;6.906890595608519;9.35974956032233;10.116343961237469;10.427312844134963;8.531381460516313;9.172427508645482;10.617467465294196;10.618385502258606;8.092757140919852;7.774787059601174;7.693486957499325;7.839203788096944;8.144658242831882;10.045759661382682;9.483815777264256;8.727920454563199;5.954196310386875;8.577428828035748;9.791162888555018;6.554588851677638;4.807354922057604;7.820178962415188;8.0;8.960001932068081;6.930737337562887;7.491853096329675;7.774787059601174;6.672425341971495;6.7414669864011465;7.475733430966398;8.717676423066395;8.294620748891628;9.25502856981873;8.888743248898258;6.672425341971495;6.044394119358453;7.044394119358453;6.930737337562887;7.076815597050831;8.873444112515376;9.216745858195306;8.654636028527968;7.159871336778389;8.134426320220927;7.507794640198696;8.154818109052105;9.746514321138465;8.271463027904375;7.686500527183218;8.0;8.668884984266247;6.149747119504682;9.84862294042934;7.294620748891627;7.930737337562887;7.592457037268081;6.0;4.700439718141092;6.303780748177103;10.453270634010623;3.4594316186372973;7.988684686772165;7.312882955284356;7.266786540694901;8.388017285345136;10.217957697864112;6.303780748177103;8.087462841250339;8.968666793195208;8.39231742277876;9.861086905995396;6.507794640198696;7.794415866350106;5.727920454563199;6.507794640198696;9.036173612553483;7.20945336562895;6.768184324776926;7.636624620543649;9.348728154231075;8.294620748891628;7.930737337562887;6.426264754702098;8.471675214392045;10.83289001416474;4.169925001442312;6.554588851677638;9.829722735086058;9.3151495622563;8.475733430966399;8.330916878114618;8.717676423066395;9.011227255423254;8.164906926675688;9.204571144249204;8.703903573444663;8.679480099505446;9.93810932621924;5.882643049361842;7.285402218862249;4.906890595608519;5.0;7.044394119358453;8.90388184573618;9.184875342908285;8.31741261376487;8.997179480937621;9.400879436282183;8.413627929024173;8.81698362325538;7.076815597050831;6.569855608330948;8.459431618637296;8.396604781181859;9.214319120800766;8.654636028527968;7.531381460516312;7.3750394313469245;7.523561956057013;7.727920454563199;6.321928094887363;9.614709844115207;10.249113452713727;7.554588851677638;7.066089190457772;4.857980995127572;7.988684686772165;3.321928094887362;7.05528243550119;11.375039431346924;7.658211482751795;8.330916878114618;7.988684686772165
11.279030136449649;11.667998535672528;9.278449458220482;9.91737207947684;10.66622400280318;11.96289600533726;11.11504365016171;10.945443836377912;12.186114239541643;10.345405246717796;11.749450465569916;10.893301530860564;10.767356854125683;11.768597882194374;11.174301544467632;11.43567026093655;11.96000193206808;11.224001674198105;12.060020354507852;11.399277924508969;12.129283016944967;11.96289600533726;10.515699838284045;10.332036548361652;11.363039630256514;12.061033601681112;12.207624468226758;10.734709620225836;10.853309555403674;9.250298417906333;10.705632387361415;10.352043425795433;5.78135971352466;10.450180247164754;11.972261848733291;11.424691191512954;11.33706433868474;11.151650829973422;10.35424938194524;10.515699838284045;10.466586337719244;12.367141694552364;12.415213598765286;11.215532999745657;12.049508251055096;12.75884780310832;11.63254087654689;11.265615046484458;10.4655664048094;11.564625862795372;12.470658874060552;12.109504215757006;10.897089128312755;12.281930026955443;10.553629293916364;11.018895621121649;10.7047682393626;12.061033601681112;10.884933647949762;11.092757140919852;10.36194377373524;11.370687406807216;11.589182967039353;10.861862340059153;11.016111838220512;11.615629636968098;11.382624026574916;10.553629293916364;11.954196310386877;10.401946123976536;11.80292019858527;11.89026427702111;10.332036548361652;11.00842862207058;12.088788238716909;10.515699838284045;11.139551352398794;9.515699838284045;12.01854794187165;11.581200581924955;12.220378327695228;12.01017840402054;10.94104760634058;12.01017840402054;10.31174831500496;12.220378327695228;11.04882741336389;11.099347810403192;10.31628153174622;11.066089190457772;11.122827994807666;11.64745842645492;11.88683970588442;11.733862719678545;11.533329732305834;11.948367231584678;11.986197587206274;11.49585502688717;11.991521846075695;10.184875342908285;11.014717929860009;10.705632387361415;10.757390009366638;11.001408194392807;11.781769511863132;9.984418458801136;12.129283016944967;12.271754805646474;11.153552031708111;11.753216749178955;10.450180247164754;11.174301544467632;12.371776644337924;10.376125389276174;11.17617314910749;11.211279947482009;11.41256984680521;10.737247343027738;11.00562454919388;11.27262978497637;11.264442600226602;11.385323176175872;11.129926933510394;9.9901039638575;10.90839262077375;11.11504365016171;11.539158811108033;10.3297963382207;10.898601387403938;10.60177078840771;11.193525360501216;11.057991722759176;11.845490050944376;10.73978060977326;11.677719641641009;11.194141238863136;10.88340698638837;11.381002109550924;10.703903573444665;11.60177078840771;11.944346034137832;11.292896755409172;10.38586240064146;11.284824100224624;11.101975670949232;10.90839262077375;10.174925682500678;11.140190703191836;11.40992124124968;10.49585502688717;11.237807473723135;10.260919533662904;11.71037597120447;11.091435386323608;11.214319120800766;9.649256177517314;11.312315746690109;11.202736043250168;10.69261550169458;11.11699367754698;10.357552004618084;11.42678889459556;10.634811050171718;11.377210530388552;11.011926066306808;11.150381968817848;11.62159403901754;10.46352437327118;9.620219825507489;12.16427843830117;10.15608307628868;10.14974711950468;10.852529509404196;11.499845887083206;11.521109643651332;11.546412195119352;11.437752072323605;11.326429487122304;11.075479149488016;11.124767535822471;11.37937836707126;11.129283016944967;11.33371442609397;10.655530723155644;11.663113308455806;10.834471049984222;10.974414589805528;10.86727873970966;11.076815597050832;11.776021715252812;11.385323176175872;10.881878707600446;10.33427328530719;10.63390340934852;11.255618749839597;11.230020435705637;11.403544678202014;11.421012855779226;11.101975670949232;10.083479327331842;9.884170519108435;10.76983784362944;10.381542951184583;8.894817763307943;11.519144787997414;10.82097669262124;11.584492796975876;11.398743691938192;10.188588845707349;10.847057346091336;10.874981347653774;10.852529509404196;11.527477006060396;11.31797782240712;11.347067657165873;11.393390457443989;11.401412878714178;11.562242424221072;13.535275376620802;10.834471049984222;11.134426320220928;9.79603960882977;11.7402023887679;11.293471648838134;11.116343961237469;10.862637357558794
0.0;2.321928094887362;0.0;0.0;0.0;1.0;0.0;0.0;3.0;1.0;2.584962500721156;2.321928094887362;2.584962500721156;0.0;0.0;1.0;2.807354922057604;2.0;0.0;1.0;2.0;1.0;0.0;2.0;0.0;0.0;0.0;1.584962500721156;1.0;1.584962500721156;1.584962500721156;1.584962500721156;0.0;1.0;0.0;0.0;1.584962500721156;2.0;0.0;0.0;0.0;2.321928094887362;0.0;1.584962500721156;1.0;4.087462841250339;1.0;0.0;0.0;1.0;0.0;1.0;0.0;1.584962500721156;0.0;1.0;1.0;0.0;1.0;0.0;0.0;1.0;0.0;0.0;0.0;1.584962500721156;0.0;0.0;0.0;0.0;1.0;1.584962500721156;2.0;0.0;2.584962500721156;0.0;0.0;1.0;3.0;0.0;0.0;0.0;0.0;0.0;0.0;0.0;0.0;1.0;1.0;2.0;0.0;0.0;0.0;1.584962500721156;0.0;0.0;0.0;0.0;3.169925001442312;0.0;0.0;1.584962500721156;1.0;0.0;0.0;1.584962500721156;2.0;1.584962500721156;2.0;1.584962500721156;1.0;0.0;0.0;0.0;2.584962500721156;3.169925001442312;2.321928094887362;1.584962500721156;2.584962500721156;3.321928094887362;3.0;1.0;2.807354922057604;1.0;2.0;0.0;2.584962500721156;2.0;2.321928094887362;2.0;1.0;1.0;1.0;0.0;0.0;1.0;0.0;2.584962500721156;3.169925001442312;0.0;2.321928094887362;3.321928094887362;4.754887502163468;0.0;0.0;0.0;1.0;1.584962500721156;2.321928094887362;0.0;0.0;3.0;2.807354922057604;2.584962500721156;0.0;1.0;1.584962500721156;2.584962500721156;2.321928094887362;0.0;2.0;1.0;1.0;3.700439718141092;0.0;0.0;0.0;0.0;0.0;3.0;2.0;2.321928094887362;3.321928094887362;2.321928094887362;2.321928094887362;0.0;3.700439718141092;2.584962500721156;0.0;2.0;1.0;2.807354922057604;1.0;1.584962500721156;1.0;1.0;2.0;0.0;1.584962500721156;1.0;0.0;2.0;0.0;2.0;2.321928094887362;1.584962500721156;2.584962500721156;3.4594316186372973;0.0;2.584962500721156;2.0;2.807354922057604;2.584962500721156;1.584962500721156;2.584962500721156;1.0;3.0;2.807354922057604;2.807354922057604;1.584962500721156;1.0;1.0;2.321928094887362;1.584962500721156;1.584962500721156;2.584962500721156;1.584962500721156;2.321928094887362;0.0;0.0;2.807354922057604;2.0;2.584962500721156;1.0;2.0;3.0
9.513727595952435;8.321928094887362;6.599912842187128;9.199672344836364;6.906890595608519;7.876516946564999;9.868822554775;8.459431618637296;6.9886846867721655;9.779719355143405;8.971543553950772;8.370687406807217;7.20945336562895;7.800899899920305;8.81698362325538;7.108524456778169;10.0566377151132;7.392317422778761;7.554588851677638;9.216745858195306;9.068778277985412;7.876516946564999;9.543031820255235;9.554588851677638;9.471675214392045;10.876516946565;6.6865005271832185;8.483815777264256;8.31741261376487;8.344295907915816;6.149747119504682;5.459431618637297;7.219168520462161;7.087462841250339;8.714245517666123;10.969386521342283;8.0;8.758223214726724;6.754887502163468;9.543031820255235;8.379378367071261;10.193525360501216;8.257387842692651;8.519636252843213;8.118941072723507;8.60733031374961;8.72451385311995;9.076815597050832;5.700439718141092;8.294620748891628;10.832098846039134;6.20945336562895;9.851749041416058;9.634811050171718;7.321928094887363;8.159871336778389;5.977279923499917;10.876516946565;9.250298417906333;9.707359132080883;7.022367813028454;8.134426320220927;7.554588851677638;9.328674927327947;7.857980995127572;9.62935662007961;9.72451385311995;7.321928094887363;8.0;8.539158811108031;8.569855608330947;7.276124405274237;9.554588851677638;6.6865005271832185;4.643856189774724;9.543031820255235;5.906890595608519;11.234817431117325;7.643856189774724;8.994353436858859;7.531381460516312;5.906890595608519;6.266786540694901;5.906890595608519;5.20945336562895;7.531381460516312;9.271463027904376;8.839203788096944;6.845490050944375;7.266786540694901;6.906890595608519;6.357552004618084;6.845490050944375;8.0;9.509775004326936;5.930737337562887;7.86418614465428;8.092757140919852;7.189824558880018;9.394462694610317;8.113742166049189;6.149747119504682;7.592457037268081;9.12670447284319;8.876516946565;10.602698865017963;9.068778277985412;7.882643049361842;8.734709620225837;8.164906926675688;7.087462841250339;8.81698362325538;8.174925682500678;7.906890595608519;7.357552004618084;6.554588851677638;8.303780748177102;7.577428828035749;8.820178962415188;8.640244936222345;7.562242424221073;8.159871336778389;7.882643049361842;8.303780748177102;6.906890595608519;7.531381460516312;8.174925682500678;7.139551352398794;7.888743248898259;7.882643049361842;9.324180546618742;8.651051691178928;8.396604781181859;7.954196310386875;8.103287808412022;6.087462841250339;8.285402218862249;8.721099188707186;8.413627929024173;8.988684686772165;7.219168520462161;6.266786540694901;9.868822554775;8.20945336562895;8.62935662007961;7.459431618637297;8.577428828035748;8.199672344836364;7.087462841250339;8.550746785383243;8.64745842645492;8.467605550082997;8.768184324776927;8.353146825498083;8.290018846932618;7.266786540694901;7.679480099505446;7.754887502163468;7.417852514885898;8.550746785383243;8.238404739325079;8.243173983472952;7.321928094887363;8.62935662007961;8.03342300153745;8.651051691178928;8.67595703294175;8.139551352398794;8.159871336778389;8.321928094887362;7.098032082960526;7.357552004618084;7.906890595608519;7.614709844115208;7.546894459887636;6.857980995127572;7.03342300153745;8.388017285345136;8.339850002884624;8.005624549193879;9.243173983472952;7.409390936137702;8.118941072723507;7.118941072723508;7.894817763307944;7.870364719583405;5.087462841250339;8.375039431346925;8.665335917185176;8.434628227636725;7.357552004618084;7.554588851677638;7.761551232444479;8.060695931687555;8.539158811108031;7.930737337562887;7.531381460516312;8.842350343413807;7.434628227636725;5.044394119358453;7.857980995127572;8.994353436858859;6.845490050944375;7.800899899920305;8.353146825498083;8.566054038171092;9.027905996569883;7.219168520462161;7.285402218862249;8.717676423066395;8.658211482751796;7.86418614465428;8.870364719583405;9.005624549193879;8.174925682500678;7.727920454563199;8.854868383260236;8.682994583681683;4.247927513443585;7.721099188707186;9.851749041416058;8.774787059601174;8.252665432450248;8.527477006060396;7.851749041416057;7.74819284958946
12.56081046872794;11.486332252768664;12.154818109052105;11.861474675125772;11.484822894262146;12.071462362556623;10.61194694181998;13.802011414277494;11.492854620174748;10.73047013718422;11.689124404913258;11.181773438808808;14.716069202014632;11.037546953962178;11.401412878714178;12.098690096673591;11.040974598817304;10.39660478118186;10.161131882984307;10.4757334309664;11.764042217306589;12.071462362556623;11.6142497276894;11.017504401109417;11.1705510353167;11.852529509404196;11.220378327695228;14.249409785269128;12.338736382573916;12.205487820150566;11.426264754702098;11.367414751246828;10.079484783826816;11.93110683302934;11.455840909126398;12.151333719291657;10.936637939002573;10.732167425663384;10.095397022792556;11.6142497276894;11.552188759557149;12.120561896442904;11.738514532429267;11.4542992936199;11.464035152189911;11.400345796534694;10.422064766172811;11.001408194392807;10.461479447286155;11.531381460516313;12.239001757765582;12.243769031961852;12.61378946447258;11.419960177847887;9.550746785383245;11.186733289128869;12.750706986224948;11.852529509404196;11.462502272597265;11.494855584491198;12.045418397030792;14.14449892583753;10.936637939002573;11.018200178813226;10.67065624911844;11.710806433699352;11.404609397837712;9.550746785383245;11.308339030139408;12.020979938904212;11.154818109052105;10.20945336562895;11.017504401109417;11.482807956726669;9.9901039638575;11.6142497276894;10.97656412341533;12.829326335841666;10.0566377151132;10.987264012072538;10.565102078360312;11.225809940623543;13.285691191330091;11.225809940623543;9.154818109052105;10.565102078360312;12.551948530592997;12.975847968006784;11.102631888854969;11.26620091249896;11.40992124124968;10.74819284958946;12.437231901039478;10.970105890612182;11.624338545312986;11.416269744523207;12.006326078524934;11.193525360501216;9.971543553950772;11.547858506058416;16.39521613450071;11.426264754702098;11.494355603532846;12.818981539432444;11.481799431665753;12.433585441150496;11.764042217306589;11.388017285345136;11.145295334933598;11.399277924508969;11.93110683302934;11.401412878714178;11.14974711950468;11.77272694923985;10.347621368568134;11.398743691938192;11.8668925276766;11.098032082960527;12.016111838220512;11.290594888082572;11.102631888854969;11.191059214531656;11.936269857602207;11.59944798152872;10.407267764244732;11.914011328541257;10.39231742277876;11.227615943414223;11.088125692188209;11.122827994807666;11.567005370247031;11.526988205432009;11.724087461793989;11.385323176175872;11.237807473723135;10.992230264965889;11.183635381473218;11.65642486327778;11.436711542137214;11.686938171670388;10.122827994807666;11.42574042431621;11.680359523513712;11.805743872151618;11.30149619498255;10.67595703294175;11.804937672051908;11.24436383512051;11.406205005418856;11.092096414990792;11.54882190845875;12.074810461160451;11.884552133987237;11.011227255423254;11.653292945382814;10.978710459106358;10.94617524072356;11.215532999745657;10.71681946132995;11.978710459106358;11.82137539237254;11.7300455028792;11.007027266893967;11.803727526553114;12.064742764750257;10.28424574982967;11.698270577692032;11.68079903457298;12.50382573799575;10.281930026955443;10.63026712502677;10.90839262077375;11.59618975614441;10.900112062977456;11.203959703239462;10.312882955284357;11.876133200043016;11.623881490013458;10.954196310386877;11.242578689451346;12.089119397915168;11.489847960439295;11.67595703294175;11.639792893279312;10.946906274456396;11.26620091249896;11.253256579781151;10.993646060016596;11.397674632948268;11.407798850221974;10.957102041562289;10.696098170955864;10.861086905995396;11.020285500844649;11.85096815098244;11.131856960608792;11.850186837645774;12.124767535822471;11.237807473723135;11.607792641919213;12.157978449945432;12.326429487122304;10.845490050944376;11.73809225962049;11.608716854020573;11.919235786028349;11.99682652802066;10.28886607416582;10.958552715431011;11.506803437795648;10.995767150877802;11.388017285345136;12.436711542137214;11.498849206531723;11.603162679534382;11.199672344836364;11.353146825498085;12.325024310191417;11.629811944382231;11.211279947482009;11.59944798152872;12.406205005418856;11.910642730469624;12.868050853745158;11.56843119316746;11.211888294546004
15.44375297094144;16.140829770773;14.576484346796851;14.534789211480266;13.423903765836592;17.957510191046126;13.284968651604022;16.724100788430643;11.668884984266247;15.545386846900222;10.684748620421626;11.632995197142955;14.200668760630071;14.88407509961431;14.57234495580028;15.783586588957837;15.059893648559832;13.546653347654956;14.057484118798897;15.521845775161932;14.623710056938467;17.957510191046126;13.783714465914892;13.342908033791574;14.725472773089376;15.92193389123456;13.39030332913754;15.763705148111528;16.55430404957194;14.889741604460438;12.51101135288224;13.655754310144218;14.654076562495094;12.765493308065638;14.945398111292226;15.141708026725842;14.318895814436896;13.589651146514786;12.43905168059173;13.783714465914892;17.317147595968684;16.212306384398097;10.992938336165814;10.71853287606922;15.70681974633381;14.107707482385823;14.091022089549105;14.563196272216738;10.63662462054365;14.822023044559169;16.48173637543458;15.4135948756983;14.976519374115837;15.99695889548379;11.501339618061396;13.176017274757935;13.097209143550335;15.92193389123456;16.417621802331034;16.19171469583314;12.865153292938064;14.986642026703608;11.467605550082997;14.283811834830894;13.479022346995178;13.203959703239462;16.36110419560237;11.501339618061396;13.245998280472708;13.552669097514272;11.512740462803498;13.419170165028538;13.342908033791574;13.23017058349584;10.687375683437468;13.783714465914892;13.36221781591308;16.133483415032877;12.608254821977908;13.936637939002573;13.558659867026508;15.014020470314934;11.839991070539886;15.014020470314934;12.473452088952232;13.558659867026508;15.748585972360653;14.236387976144703;13.932030157887027;14.782281596148096;13.46735081448758;13.22022715726067;14.92583256763348;13.797864137333749;15.432900702670254;13.500592945893834;15.071755631576124;14.038404628941894;12.266493756312183;14.8940124632363;16.20487676760399;12.51101135288224;11.86611979330307;17.66347471545712;14.124363679749267;17.891819295584547;14.623710056938467;14.827342704234116;14.441193478063148;14.757702517770523;12.765493308065638;14.57234495580028;15.146290228456849;14.083894790269454;13.0087787482805;14.164042684555913;13.562600191127032;13.51101135288224;13.260919533662904;13.86486321652392;13.25429050511706;13.489847960439295;12.77313920671969;13.85856386297237;12.62159403901754;12.823964258486738;12.888743248898258;11.47015043527436;13.026350530067845;13.913169916122756;13.039090401998603;14.022107688309616;13.79685079526716;13.382083590141969;14.206938033524374;13.87795508761204;13.685953284813918;13.07028868996168;13.167104482379932;14.169376998869794;13.115856481915078;14.308765631603524;12.63254087654689;13.55877942904049;12.757181632816716;13.624110035762987;13.56271942704932;13.803929287974446;12.918117851031772;13.885696373339394;13.83219776578554;13.903034503044154;15.07020481965727;13.44086916761087;13.836444911341369;13.042343379793692;14.703741390875678;14.333924023669228;12.24555270625568;14.38444650634117;14.422524735901208;13.952559261056836;13.450695771572915;13.44759985827995;13.157820597213629;14.311038711409475;14.081982669325678;14.063310809257125;13.782383991197;13.313449940963055;13.421012855779226;13.26795708440284;13.841564347730577;14.559018523346786;13.946358033887046;13.271754805646474;13.910642730469624;14.748402528398184;12.809366207816078;13.892637677748688;13.4542992936199;13.203500952361397;14.443008270572768;14.22143607744528;13.694357887221452;15.278667239946442;14.382691566896591;13.474212937193943;14.04840172658824;14.14473789473202;13.651724433108065;9.7714894695006;12.885505729792254;13.009128789539256;14.074559623110463;13.295194955880657;14.69207057438276;13.5262546938286;13.174301544467632;14.5652806186787;15.119427511067276;14.92731501080895;12.712741927075736;13.237060543838012;14.237434057119293;14.330146600438278;13.207624468226758;13.23586465108203;14.602060876487204;14.104189211153557;12.925183519434208;14.405141463136344;14.094655044127212;13.306061689428342;14.241312873484352;13.095232171619331;13.436971745049073;13.633222303800787;10.24555270625568;13.823964258486738;12.27699673929712;14.274086905634414;13.790246665444943;15.8668925276766;13.585901449690772;14.242280950302444
8.224001674198105;8.823367240046235;7.3750394313469245;8.228818690495881;7.721099188707186;8.599912842187127;8.0;5.357552004618084;9.853309555403674;8.224001674198105;8.129283016944967;7.05528243550119;6.491853096329675;11.502831804066744;8.027905996569885;6.7414669864011465;8.491853096329674;7.546894459887636;8.290018846932618;6.768184324776926;10.08214904135387;8.599912842187127;10.260919533662904;10.397674632948268;7.330916878114617;6.599912842187128;9.0;9.85642552862553;8.038918989292302;8.50382573799575;7.442943495848728;5.614709844115208;3.807354922057604;7.05528243550119;8.361943773735241;6.266786540694901;9.134426320220928;8.312882955284355;7.475733430966398;10.260919533662904;7.523561956057013;7.658211482751795;7.294620748891627;6.392317422778761;9.417852514885896;9.80896417491926;5.087462841250339;8.179909090014934;5.930737337562887;10.064742764750257;6.965784284662087;6.768184324776926;9.368506461507693;5.954196310386875;4.700439718141092;7.727920454563199;8.353146825498083;6.599912842187128;4.954196310386875;7.22881869049588;8.625708843064466;7.569855608330948;6.3750394313469245;6.78135971352466;7.906890595608519;10.410451351503994;6.727920454563199;4.700439718141092;6.475733430966398;9.693486957499324;6.9886846867721655;8.731319031025064;10.397674632948268;8.308339030139408;5.727920454563199;10.260919533662904;7.679480099505446;7.592457037268081;6.714245517666122;8.071462362556623;8.113742166049189;7.577428828035749;7.531381460516312;7.577428828035749;5.169925001442312;8.113742166049189;7.873444112515377;7.044394119358453;8.88264304936184;8.442943495848729;8.791162888555018;8.194756854422248;7.74819284958946;7.948367231584678;9.1006623390052;8.214319120800766;8.897845456005511;8.361943773735241;10.144658242831882;8.134426320220927;7.118941072723508;7.442943495848728;7.734709620225838;7.219168520462161;4.459431618637297;7.599912842187128;10.08214904135387;9.266786540694902;7.994353436858858;4.584962500721156;7.05528243550119;8.027905996569885;9.73640193131829;9.405141463136344;10.280770770130603;7.199672344836364;9.57553924683453;8.92481250360578;9.569855608330949;7.011227255423254;8.247927513443585;9.605479518061667;7.768184324776926;9.60733031374961;8.016808287686555;9.052568050804153;9.804131021183318;7.912889336229962;7.707359132080882;9.449148645375436;8.900866807980748;9.643856189774723;9.294620748891628;9.211888294546004;10.778898476008376;8.290018846932618;9.902375114486023;9.776433032444732;8.930737337562887;9.952741247186488;9.152284842306582;7.826548487290915;7.348728154231077;8.388017285345136;9.61654884377899;8.451211111832329;10.310612781659527;8.951284714966972;8.479780264029099;9.187352073200495;9.968666793195208;8.479780264029099;9.60733031374961;9.531381460516313;9.712527000439824;7.554588851677638;9.357552004618084;8.689997971419446;7.839203788096944;9.753216749178955;9.095397022792556;9.428360172704291;8.7714894695006;8.794415866350105;9.278449458220482;9.734709620225836;10.615629636968098;8.066089190457772;7.839203788096944;10.00982861736811;7.159871336778389;8.820178962415188;8.0;8.535275376620802;7.339850002884624;7.971543553950772;8.51175265376738;9.926295994781112;9.250298417906333;8.49585502688717;10.105908508571158;8.027905996569885;9.451211111832327;8.539158811108031;10.070120944476823;8.507794640198696;8.087462841250339;8.672425341971495;9.491853096329674;9.845490050944376;8.791162888555018;6.189824558880018;8.499845887083206;9.041659151637214;10.24198314969433;9.79603960882977;8.693486957499324;9.918863237274596;8.388017285345136;7.774787059601174;8.73809225962049;8.939579214314692;8.566054038171092;7.686500527183218;8.72451385311995;9.172427508645482;9.388017285345136;9.303780748177102;8.044394119358454;8.672425341971495;8.873444112515376;8.558420713268664;8.851749041416058;9.977279923499916;10.051208940914766;8.20945336562895;9.76155123244448;9.44086916761087;6.20945336562895;8.89178370321831;8.214319120800766;9.344295907915816;9.34207466799914;8.988684686772165;9.250298417906333;8.936637939002571
6.6865005271832185;8.016808287686555;10.169925001442312;8.76487159073609;7.507794640198696;7.247927513443585;4.321928094887363;2.584962500721156;1.584962500721156;9.691743519171276;2.584962500721156;4.169925001442312;5.584962500721156;7.2384047393250786;8.679480099505446;4.754887502163468;7.266786540694901;6.189824558880018;8.467605550082997;5.930737337562887;5.169925001442312;7.247927513443585;7.409390936137702;6.754887502163468;8.744833837499545;5.523561956057013;3.807354922057604;6.044394119358453;8.108524456778168;7.179909090014935;6.78135971352466;5.0;3.4594316186372973;5.754887502163468;7.087462841250339;7.761551232444479;7.321928094887363;6.321928094887363;4.169925001442312;7.409390936137702;4.857980995127572;5.807354922057604;4.700439718141092;6.3750394313469245;7.554588851677638;6.339850002884624;5.087462841250339;3.584962500721156;6.129283016944966;7.539158811108031;5.554588851677638;5.584962500721156;7.022367813028454;5.807354922057604;3.169925001442312;7.108524456778169;6.303780748177103;5.523561956057013;3.4594316186372973;4.584962500721156;6.754887502163468;6.714245517666122;6.22881869049588;6.857980995127572;6.845490050944375;1.584962500721156;5.247927513443585;3.169925001442312;4.807354922057604;8.96289600533726;5.321928094887363;7.515699838284043;6.754887502163468;5.491853096329675;5.459431618637297;7.409390936137702;3.584962500721156;5.392317422778761;5.247927513443585;7.129283016944966;6.0;7.651051691178928;6.044394119358453;7.651051691178928;5.857980995127572;6.0;5.149747119504682;5.906890595608519;7.499845887083206;7.491853096329675;4.643856189774724;6.285402218862249;5.807354922057604;7.098032082960526;7.643856189774724;4.906890595608519;9.103287808412022;7.960001932068081;9.20945336562895;6.357552004618084;5.727920454563199;6.78135971352466;3.700439718141092;3.906890595608519;1.584962500721156;7.066089190457772;5.169925001442312;7.303780748177103;7.475733430966398;7.988684686772165;5.754887502163468;8.679480099505446;5.754887502163468;6.807354922057604;7.257387842692652;3.807354922057604;7.857980995127572;6.392317422778761;7.442943495848728;6.539158811108031;6.108524456778169;6.044394119358453;5.459431618637297;7.189824558880018;6.539158811108031;7.888743248898259;8.672425341971495;5.523561956057013;6.442943495848728;6.857980995127572;7.592457037268081;8.266786540694902;7.614709844115208;7.05528243550119;7.426264754702098;5.554588851677638;8.228818690495881;7.266786540694901;6.954196310386875;7.888743248898259;7.348728154231077;5.754887502163468;4.169925001442312;6.087462841250339;6.7414669864011465;7.312882955284356;8.422064766172813;7.169925001442312;6.108524456778169;5.954196310386875;6.930737337562887;5.0;7.988684686772165;6.94251450533924;7.936637939002571;6.169925001442312;7.658211482751795;6.426264754702098;5.954196310386875;7.800899899920305;7.303780748177103;6.321928094887363;6.129283016944966;7.149747119504682;5.614709844115208;6.569855608330948;8.569855608330947;6.475733430966398;6.672425341971495;5.906890595608519;6.442943495848728;5.554588851677638;5.977279923499917;6.700439718141092;6.357552004618084;5.491853096329675;5.882643049361842;9.187352073200495;7.643856189774724;6.78135971352466;7.971543553950772;5.727920454563199;7.800899899920305;6.044394119358453;7.276124405274237;5.523561956057013;5.523561956057013;6.658211482751795;8.471675214392045;8.405141463136344;7.199672344836364;4.087462841250339;6.285402218862249;7.303780748177103;7.434628227636725;8.066089190457772;6.807354922057604;8.276124405274238;6.339850002884624;4.459431618637297;5.754887502163468;7.636624620543649;6.6293566200796095;5.614709844115208;5.954196310386875;7.643856189774724;6.78135971352466;6.169925001442312;5.700439718141092;5.20945336562895;6.087462841250339;5.643856189774724;7.845490050944375;6.882643049361842;7.303780748177103;5.523561956057013;9.002815015607053;8.523561956057012;5.857980995127572;7.108524456778169;4.857980995127572;7.658211482751795;8.005624549193879;7.179909090014935;6.247927513443585;6.754887502163468
11.991521846075695;10.094077685671904;11.910642730469624;11.321364432039449;10.514714054138487;10.871135184243045;8.184875342908283;11.211888294546004;13.309618456283072;9.605479518061667;11.96974625081451;11.676838606474153;11.365775635326267;11.188588845707349;10.222794902868111;10.393390457443989;10.567956075415466;10.277287400130357;9.89026427702111;10.550746785383245;12.577192765687045;10.871135184243045;10.232420927176076;11.58777751632821;10.557463701597824;9.691743519171276;12.505563476360582;10.969386521342283;11.368506461507693;11.570330101030798;10.94982671075911;10.719388820942084;9.370687406807216;9.583082767502932;11.131856960608792;11.262682142362165;10.71681946132995;10.00982861736811;10.654636028527968;10.232420927176076;10.26209484537018;10.89026427702111;11.062720767165043;13.148794321424337;11.268542000300124;12.13859179463752;9.583082767502932;10.186114239541643;10.583082767502932;11.609640474436812;11.108524456778168;11.1006623390052;12.536975665610642;10.411510988012072;9.667111542075029;10.49585502688717;11.762382038710392;9.691743519171276;10.253847484987404;9.7431513941125;11.84313591111135;10.573647187493322;10.306061689428342;10.36194377373524;9.853309555403674;12.899356922923111;9.52943055414615;9.667111542075029;11.14338321398982;10.430452551665532;11.892542816648552;11.777666280880757;11.58777751632821;10.965784284662089;10.747353829478062;10.232420927176076;11.194756854422248;11.523561956057012;9.733015321685963;10.7431513941125;9.888743248898258;10.205793249397155;10.967226258835993;10.205793249397155;9.78463484555752;9.888743248898258;10.76983784362944;10.360847084179664;10.583082767502932;10.664447284547972;9.355351096424812;10.356451970221755;11.606405212697783;10.32755264408124;11.146568675740786;10.85096815098244;10.922584402713664;10.709083812550343;10.31174831500496;10.774787059601174;10.859534786382651;10.94982671075911;11.468114886378098;10.992230264965889;10.975847968006784;11.053925881531104;12.577192765687045;10.497851836951115;9.428360172704291;11.415213598765286;9.583082767502932;10.222794902868111;11.912515144802397;10.01262453886506;9.554588851677638;9.667111542075029;9.768184324776929;9.782998208920414;9.853309555403674;9.285402218862249;9.586839787961829;10.060695931687556;9.24555270625568;10.026523442519766;9.394462694610317;10.251482410620213;8.63662462054365;8.233619676759702;9.659995892429976;9.442943495848729;9.94251450533924;9.90388184573618;10.356451970221755;10.395534135462302;10.014020470314934;9.759888183221834;9.52552080909507;9.731319031025064;10.959277505720502;10.312882955284357;9.019590728357882;9.477758266443889;9.312882955284357;10.14338321398982;9.489847960439295;10.025139562278508;10.60733031374961;9.54882190845875;9.72451385311995;9.970105890612182;9.964340867792416;9.85642552862553;10.731319031025064;9.679480099505446;9.968666793195208;9.447083226209651;9.59618975614441;9.527477006060396;9.499845887083206;10.029287226968243;10.745674324002136;10.741466986401146;9.658211482751796;10.096715154488535;10.506803437795648;8.744833837499545;10.118941072723509;10.064742764750257;11.022367813028454;8.81698362325538;9.623881490013458;9.659995892429976;9.746514321138465;9.712527000439824;10.178664851006472;8.044394119358454;9.829722735086058;11.151650829973422;9.271463027904376;10.047123912114026;10.203348002979762;9.818582177480858;10.558420713268664;10.049848549450562;9.68650052718322;10.1331422124006;9.204571144249204;9.897845456005513;10.217957697864112;10.373952655370193;9.829722735086058;8.005624549193879;9.859534786382651;9.461479447286155;10.025139562278508;9.682994583681683;10.152284842306582;10.51865315567339;10.252665432450248;9.398743691938192;10.88340698638837;10.924070185585345;9.583082767502932;9.564149489985732;10.159871336778387;10.526499239136566;9.722807531169549;9.319672120946995;9.829722735086058;9.231221180711186;9.216745858195306;9.871905237659186;10.550746785383245;9.684748620421626;10.125413470483316;9.774787059601174;9.527477006060396;10.44604940671655;9.599912842187129;9.634811050171718;8.954196310386875;10.642954223480332;10.584962500721156;11.700006150882864;10.260919533662904;9.517669388133813
11.030667136246942;10.045759661382682;9.451211111832327;9.658211482751796;10.174925682500678;10.722807531169549;7.451211111832329;8.74819284958946;7.734709620225838;7.475733430966398;6.930737337562887;9.066089190457772;8.857980995127573;9.445014845868425;10.470658874060552;8.016808287686555;8.96289600533726;8.252665432450248;8.74819284958946;7.22881869049588;11.7988767681333;10.722807531169549;11.389093521904474;9.084808387804362;9.3151495622563;8.184875342908283;8.804131021183318;11.074141462752506;9.016808287686557;10.991521846075695;6.321928094887363;7.794415866350106;8.823367240046235;8.50382573799575;10.205793249397155;9.047123912114026;10.993646060016596;10.020979938904212;7.076815597050831;11.389093521904474;9.221587121264806;8.189824558880018;7.971543553950772;10.055282435501187;10.025139562278508;9.874981347653774;4.807354922057604;9.515699838284045;8.487840033823051;9.567956075415466;7.247927513443585;8.308339030139408;10.232420927176076;8.228818690495881;6.321928094887363;9.622051819456376;9.207014320177532;8.184875342908283;6.507794640198696;9.388017285345136;9.537218400538595;10.4231159101471;7.960001932068081;9.14974711950468;9.507794640198696;8.03342300153745;10.032045726930807;6.321928094887363;8.451211111832329;12.200592137689254;9.285402218862249;8.154818109052105;9.084808387804362;9.531381460516313;7.321928094887363;11.389093521904474;9.121533517340032;9.507794640198696;8.03342300153745;9.199672344836364;10.61286849729104;8.784634845557521;8.569855608330947;8.784634845557521;7.599912842187128;10.61286849729104;10.141468555393084;9.426264754702098;10.489847960439295;11.040289721025715;10.103287808412022;9.90388184573618;10.06204613772049;8.243173983472952;10.58777751632821;8.813781191217037;11.422064766172811;10.4757334309664;7.988684686772165;10.193525360501216;9.152284842306582;6.321928094887363;9.467605550082997;9.20212382383046;7.491853096329675;9.45532722030456;11.7988767681333;10.740624044489412;8.622051819456376;8.271463027904375;8.50382573799575;10.470658874060552;10.020979938904212;12.370687406807216;12.054265139625764;11.114393054867309;11.869593843240784;11.425215903299383;12.51175265376738;10.734709620225836;11.088125692188209;11.7714894695006;10.850186837645774;12.205182326228645;10.573647187493322;11.816183681432342;11.502334580197996;10.279610581052484;10.65284497300198;11.530406337099068;11.71639078949768;12.381542951184583;11.542548262335211;12.02997734658958;12.437492010125352;10.851749041416058;12.001760028327215;12.520373136339725;10.884170519108435;12.168358727223886;11.340406490853294;10.560332834212442;10.696098170955864;11.569380959522295;11.855647166027266;10.878817284614229;12.50308035175293;11.161131882984307;10.901621158346112;12.189206834597025;12.02271457304476;11.883025068440173;12.120561896442904;12.863024710236886;12.260625556068227;11.279030136449649;11.585901449690772;11.340406490853294;8.92481250360578;12.466076461396252;12.298635406734242;11.945809584900822;11.207014320177532;11.134426320220928;12.400345796534694;12.445790836048076;12.597587039586216;11.605479518061667;12.096385734452651;11.467605550082997;9.987264012072538;11.31628153174622;10.586839787961829;11.731743290707842;10.90312867681232;9.782998208920414;11.70865283568653;12.448116305409464;11.7402023887679;11.39231742277876;12.862637357558794;11.908017261062804;12.258271576282851;12.303780748177102;11.536732889835417;10.93810932621924;11.513727595952435;11.52061868055628;12.0877943047879;12.667111542075029;11.51717725268954;7.475733430966398;10.935901682267588;11.243769031961852;13.025831668332026;11.676397887044764;12.060695931687556;12.583552930466483;11.152284842306582;11.607792641919213;12.395266349839096;12.131856960608792;11.127349541059118;11.726643921483994;11.79603960882977;12.901621158346112;11.569855608330949;10.773963368433558;11.689124404913258;11.034798962577268;11.75446999527562;11.950920352030098;12.24198314969433;12.599912842187129;12.37937836707126;11.43879185257826;12.053247125912426;12.011926066306808;8.184875342908283;11.565578136784328;11.59944798152872;12.77272694923985;11.522091068887065;12.46735081448758;12.29174628083394;12.25591374933779
13.400746044849342;13.421538906848276;14.414288836562823;13.755722153642282;12.704119788513015;13.707682666757826;11.194141238863136;13.64284143803362;12.17367713630342;13.193987293919182;11.88264304936184;13.04763517372503;13.995678834325425;12.834075953434883;13.397674632948268;13.205029555005872;13.443332100575896;13.215684662824996;12.433324626715926;12.12605911607068;12.65664831174735;13.707682666757826;12.460199895059583;11.729620743553038;12.862056133469462;13.654188473059545;12.157662727208448;13.260625556068227;14.237508748172656;13.908486445443955;11.810571634741146;12.601074338941668;11.554588851677638;11.806146803320525;10.434628227636724;13.381407759783006;13.30862344513114;12.505315356136236;11.89633240390994;12.460199895059583;13.665557989846414;12.784430367484626;12.417852514885896;12.13249972962851;13.530040495828972;12.804937672051908;11.06204613772049;11.451211111832327;11.43827205612483;12.382894168892134;13.857495091973576;13.44436786839631;13.10000522442272;11.84588203438406;10.86418614465428;12.955286645524469;13.03977584923368;13.654188473059545;13.49922304243299;13.335390354693924;13.409390936137704;13.201358184030669;11.691307330191115;13.081483438093674;11.528942415064895;12.366048950670628;13.493980504070432;10.86418614465428;13.309902619183516;13.456226055746944;12.69152544116604;11.7632123668144;11.729620743553038;12.180219982170192;11.227615943414223;12.460199895059583;12.23421867823847;14.499596781489752;10.562242424221072;12.691961564216788;11.840384550711669;13.77828250999565;13.674743989075154;13.77828250999565;11.958190183693738;11.840384550711669;14.029287226968243;12.469896148670918;12.67595703294175;13.327271936805156;12.7402023887679;12.28886607416582;13.66200071871848;13.229419688230417;13.862734205478873;10.690871009292314;13.678380065109115;12.43306376512207;11.86611979330307;13.213711798105672;14.014369242235135;11.810571634741146;12.43306376512207;12.870750003346114;13.17648484729189;13.85584179604994;12.65664831174735;13.292609222764296;13.237658118679688;14.438337040924322;11.806146803320525;13.397674632948268;12.773963368433558;12.884361339165704;13.184410482249875;12.298062567719017;13.119589620741122;12.861474675125772;13.517546370010448;12.272338184158624;12.879774677336927;13.154976290625738;12.510269670898175;13.078317622216062;11.727069558023706;13.018374070821016;11.83368074865474;12.004571615167656;12.665557989846414;12.60246690183057;13.067602418889496;12.907454038318624;13.193371349821495;13.42783660345852;13.328113894833656;12.64565843240871;12.677939816390142;13.131213905086272;12.501588422932391;13.384918625523817;11.4655664048094;12.194141238863136;12.537218400538595;13.075646273153524;12.921469060531413;12.108524456778168;13.060527067048644;12.749240939022329;13.007202510749742;13.084310133597755;13.367278229359725;12.5090326863065;13.629811944382231;12.650378635397704;13.183945471757246;12.334552633752422;13.26473580113014;12.693704739225286;11.960725994839056;13.353146825498085;13.338039933107874;13.76155123244448;12.642954223480332;13.077316445881026;14.156636150875055;12.665557989846414;13.33119687715303;13.078984687326034;14.013758836031451;12.078484417411447;12.494355603532846;12.533329732305834;12.703903573444665;12.462246634244352;12.808159772868375;11.102631888854969;12.673309075561695;13.34886644275655;12.678820179524028;12.756139298372927;13.544119233343697;12.649256177517314;13.185649777969497;12.55098721452152;12.49735289347705;12.67529549909406;12.091765938516804;12.930737337562888;12.966144913345602;12.827541190172502;13.376125389276174;11.376125389276174;12.401412878714178;12.781769511863132;13.040289721025715;12.994883741970837;12.795836740933648;13.672756805509056;12.939028181763254;12.463779785335385;13.511876166891112;13.65709510488839;12.668441828052998;12.198138052401116;13.094242668809017;13.332456200773848;13.069617590965562;11.72451385311995;12.456867738380344;12.397674632948268;12.563911244581693;12.87536540064177;13.486206533188533;13.775713150383517;13.10705356960822;12.359200485133632;12.74588436914204;13.382624026574916;12.21006248324023;12.624338545312986;12.52820989662271;13.57778284915099;12.90407007654614;14.055282435501187;13.31741261376487;12.506803437795648
9.531381460516313;9.487840033823051;12.373408960228696;12.535275376620802;10.018200178813226;12.627761852402616;6.700439718141092;6.754887502163468;4.857980995127572;8.361943773735241;8.566054038171092;10.72451385311995;9.936637939002573;8.876516946565;10.973697366305352;8.577428828035748;11.219168520462162;9.981567281903017;10.027905996569883;7.954196310386875;9.84862294042934;12.627761852402616;11.569855608330949;9.394462694610317;8.622051819456376;6.882643049361842;8.867278739709661;11.116343961237469;11.791162888555018;13.549664358141603;9.778077129535358;8.618385502258606;9.189824558880018;8.778077129535358;8.76487159073609;9.489847960439295;11.436711542137214;9.584962500721156;7.876516946564999;11.569855608330949;11.86379910372885;10.162391328756906;8.92184093707449;7.900866807980749;11.164906926675688;10.62113611327464;7.727920454563199;9.76983784362944;9.184875342908285;10.44086916761087;7.754887502163468;12.084476237453892;10.411510988012072;9.049848549450562;6.3750394313469245;9.98299357469431;11.011926066306808;6.882643049361842;10.513727595952435;11.373408960228696;9.219168520462162;9.052568050804153;8.710806433699352;10.720244258287568;9.717676423066395;9.46352437327118;10.39660478118186;6.3750394313469245;8.044394119358454;10.77561028075954;8.330916878114618;11.25974326369078;9.394462694610317;10.36194377373524;8.64745842645492;11.569855608330949;11.244958393151132;8.744833837499545;8.189824558880018;10.783816759320182;11.696098170955864;11.822172461476178;10.43149760425805;11.822172461476178;8.134426320220927;11.696098170955864;11.961268803539594;11.257387842692651;10.541096615349524;11.004220466318197;10.00982861736811;10.749031382040204;10.57553924683453;10.199672344836364;11.214926187942435;9.35974956032233;12.090443275081606;10.817783121774534;9.250298417906333;11.55026580686874;11.369052007001388;9.778077129535358;8.159871336778389;12.356176830516356;6.768184324776926;11.194141238863136;9.84862294042934;10.7047682393626;9.060695931687556;10.576484346796851;8.778077129535358;10.973697366305352;9.627533884472792;10.620219825507489;10.426264754702098;8.894817763307943;10.43149760425805;10.08214904135387;10.802516365121225;9.108524456778168;9.766528908598865;10.625708843064466;8.243173983472952;11.700439718141093;8.804131021183318;10.899356922923111;8.965784284662087;9.06339508128851;12.287423811683524;10.743992861060176;10.710806433699352;9.899356922923111;10.130570562805426;9.766528908598865;11.16867211813223;9.036173612553483;10.5980525001616;11.006326078524934;11.00562454919388;12.364134655008051;9.483815777264256;9.221587121264806;9.353146825498085;11.165535141377925;10.992230264965889;8.577428828035748;10.357552004618084;10.682116764950074;10.276124405274238;11.213104219641906;9.92481250360578;8.43879185257826;10.559377090526684;11.310044679647506;10.111135670234708;10.810571634741146;10.020979938904212;9.851749041416058;8.807354922057604;11.082814337672271;10.384783750093352;11.747353829478062;10.597121428789569;10.632995197142955;11.092757140919852;10.023754353299417;10.955649907528374;10.97656412341533;11.11699367754698;10.124121311829189;9.691743519171276;10.191059214531656;10.17617314910749;10.44604940671655;10.563196272216738;7.651051691178928;9.197216693110052;10.89633240390994;10.99081307915361;8.79766152585376;11.617467465294196;8.59618975614441;10.980853606379736;9.172427508645482;10.466586337719244;10.41679752760606;8.344295907915816;10.1006623390052;10.193525360501216;9.544964432789238;11.077483356859508;7.442943495848728;10.452241240430816;10.74819284958946;9.250298417906333;8.45532722030456;9.700439718141093;10.188588845707349;10.894817763307945;9.124121311829189;10.894059846274022;13.328674927327947;8.689997971419446;11.389093521904474;10.555547771647063;10.509775004326936;10.306061689428342;7.98299357469431;9.81698362325538;10.071462362556623;10.588714635582264;10.33427328530719;10.61286849729104;11.409390936137704;10.594324603924848;8.308339030139408;10.213104219641906;10.121533517340032;9.417852514885896;10.47269083924278;9.899356922923111;9.94251450533924;8.829722735086058;11.518161355756956;11.293471648838134;8.927777962082342
12.390168956200185;11.54061240824953;12.028596777067108;12.583552930466483;11.06204613772049;10.95492329203032;8.918863237274595;10.439830883981392;11.573173784686484;12.216442739160492;11.802112418586066;10.720244258287568;12.323054760341646;13.10901441943898;12.228217442293436;11.16804526822409;13.786984262718535;11.880348808156027;12.296055838078784;12.472437000051327;12.7632123668144;10.95492329203032;11.433585441150496;11.780129619625306;9.011227255423254;12.81358080298963;11.781769511863132;13.22565933829125;11.524541715035848;12.266786540694902;10.287712379549449;11.99045856507371;10.82097669262124;12.019590728357882;12.723447638422918;12.886458695703706;11.81658370778757;11.482303782323182;12.535275376620802;11.433585441150496;11.610102062999664;13.08994696349794;11.401412878714178;12.09077405464075;12.405939193342396;12.3445733225962;11.869979332899964;11.889503963411476;9.08746284125034;12.38586240064146;12.032390168866524;11.65954999687987;11.973697366305352;13.074810461160451;11.030667136246942;11.31174831500496;11.977279923499916;12.81358080298963;11.92184093707449;12.094737505048093;10.398743691938192;12.789126046425231;11.573647187493322;11.428360172704291;13.204112587787996;12.62593709953846;11.56652978262417;11.030667136246942;11.219773550892874;12.386401423640775;10.12023787734196;11.040974598817304;11.780129619625306;10.825753832883112;10.74819284958946;11.433585441150496;10.75905593916017;12.626165319904498;12.316847183602473;10.688250309133178;12.321928094887362;12.025485656808389;12.509527607423152;12.025485656808389;10.764042217306589;12.321928094887362;10.958915156091347;12.34568244818678;12.196909442541138;11.894059846274022;11.423641195075856;10.870364719583405;11.914011328541257;13.153393693888615;12.967586527296072;12.839597483021176;12.62844554013718;12.840187824040482;12.075813377461454;12.129926933510394;11.935165049603697;10.287712379549449;11.600377553107844;11.279610581052484;10.80896417491926;13.758535542718034;12.7632123668144;12.82515755470108;12.217351905270334;11.69261550169458;12.019590728357882;12.228217442293436;11.984418458801136;11.930737337562888;11.98049663618346;8.184875342908283;12.304066063127284;11.269711121142782;12.194756854422248;10.42940674151398;11.354800344350595;12.029632328044135;9.957102041562289;12.294620748891628;9.344295907915816;11.1767964781476;12.786473845221302;8.81698362325538;12.282219695672588;10.871135184243045;12.461735221604863;12.23840473932508;11.580729651598958;11.253847484987404;12.139871063212489;10.214319120800766;11.858758099935422;12.053247125912426;10.544964432789238;12.418379719364957;12.245255580306557;9.766528908598865;9.818582177480858;11.888362741170644;11.59944798152872;11.38316426063511;12.066761932386909;11.910642730469624;12.40832974076739;12.559138055642384;12.860311054919482;10.038918989292302;13.38518833856272;12.480285320936373;11.699138625275914;11.357002092264985;12.059682447247638;11.914385132155443;9.111135670234708;12.590119174107176;12.042685372219353;12.30035256032822;11.74777340052679;11.840777923595054;12.516438734607949;12.442684367865834;12.588246152044816;11.840777923595054;13.106726502039171;12.490349505739289;11.556026992724677;11.10459875356437;11.27029532647204;11.41415667927414;10.93147623388679;10.407267764244732;9.7279204545632;12.293759009667864;12.723447638422918;12.520864182988744;12.873444112515376;11.836444911341369;11.649705265471413;10.54399845013454;12.036860446673046;10.188588845707349;8.640244936222345;11.150381968817848;12.095067301607054;12.561049226699671;12.031701202740305;9.333155350310616;11.734709620225836;12.170238052336648;11.964340867792416;11.627989784315703;11.127349541059118;12.363587246524578;12.019590728357882;9.839203788096944;12.325024310191417;11.73978060977326;10.868050853745158;12.203348002979762;12.462246634244352;12.255618749839597;11.639340708652233;10.88340698638837;10.51175265376738;10.17367713630342;11.425215903299383;12.15006457908147;12.294620748891628;12.239001757765582;11.4578938373147;9.85642552862553;12.100990784092762;13.202276903043389;11.608254821977908;12.240195053979924;11.624338545312986;12.210671343785622;11.464035152189911;12.276706019892432;11.996473488733228;10.451211111832327
6.714245517666122;7.442943495848728;5.832890014164741;7.276124405274237;6.392317422778761;6.475733430966398;5.614709844115208;7.409390936137702;4.700439718141092;8.174925682500678;6.459431618637297;6.918863237274595;6.321928094887363;6.149747119504682;6.768184324776926;8.174925682500678;6.247927513443585;6.392317422778761;6.794415866350106;8.321928094887362;6.475733430966398;6.475733430966398;5.832890014164741;6.658211482751795;7.159871336778389;9.044394119358454;6.6293566200796095;7.622051819456376;7.554588851677638;5.20945336562895;6.6293566200796095;6.321928094887363;6.392317422778761;6.599912842187128;6.700439718141092;7.339850002884624;7.189824558880018;6.794415866350106;6.794415866350106;5.832890014164741;7.011227255423254;8.400879436282183;8.312882955284355;8.459431618637296;6.189824558880018;8.46352437327118;6.906890595608519;5.700439718141092;4.087462841250339;6.426264754702098;7.312882955284356;7.912889336229962;6.977279923499917;6.442943495848728;6.409390936137702;7.05528243550119;5.491853096329675;9.044394119358454;6.977279923499917;7.257387842692652;6.918863237274595;7.475733430966398;5.643856189774724;7.491853096329675;5.459431618637297;5.930737337562887;6.3750394313469245;6.409390936137702;8.409390936137703;6.727920454563199;6.392317422778761;7.936637939002571;6.658211482751795;6.643856189774724;6.459431618637297;5.832890014164741;8.08214904135387;7.554588851677638;6.022367813028454;6.658211482751795;6.807354922057604;6.392317422778761;7.087462841250339;6.392317422778761;6.539158811108031;6.807354922057604;6.3750394313469245;6.044394119358453;5.807354922057604;7.098032082960526;7.721099188707186;7.366322214245816;5.672425341971495;7.584962500721156;8.071462362556623;6.108524456778169;7.330916878114617;6.643856189774724;6.7414669864011465;6.108524456778169;8.422064766172813;6.6293566200796095;6.339850002884624;7.483815777264256;5.954196310386875;7.285402218862249;6.475733430966398;8.451211111832329;7.584962500721156;7.924812503605781;6.599912842187128;6.768184324776926;7.721099188707186;6.672425341971495;7.330916878114617;6.3750394313469245;7.577428828035749;7.20945336562895;7.491853096329675;7.05528243550119;6.965784284662087;7.179909090014935;7.159871336778389;6.727920454563199;6.807354922057604;7.257387842692652;5.614709844115208;6.643856189774724;7.0;6.599912842187128;7.348728154231077;7.417852514885898;7.475733430966398;6.807354922057604;7.294620748891627;6.832890014164741;6.906890595608519;7.636624620543649;7.149747119504682;8.118941072723507;6.857980995127572;7.159871336778389;7.400879436282184;7.159871336778389;7.321928094887363;6.658211482751795;6.247927513443585;7.20945336562895;7.906890595608519;6.78135971352466;7.417852514885898;6.169925001442312;7.672425341971495;6.643856189774724;7.022367813028454;5.906890595608519;7.734709620225838;7.442943495848728;6.409390936137702;7.700439718141092;7.05528243550119;7.554588851677638;6.7414669864011465;8.113742166049189;7.199672344836364;7.149747119504682;7.6293566200796095;6.727920454563199;6.129283016944966;7.592457037268081;5.727920454563199;5.977279923499917;7.0;7.266786540694901;7.686500527183218;6.189824558880018;7.426264754702098;7.721099188707186;6.845490050944375;7.294620748891627;7.826548487290915;6.870364719583405;7.672425341971495;6.954196310386875;7.066089190457772;7.108524456778169;6.794415866350106;6.672425341971495;6.918863237274595;7.554588851677638;6.954196310386875;6.523561956057013;6.794415866350106;6.658211482751795;7.247927513443585;6.9886846867721655;7.392317422778761;7.554588851677638;7.554588851677638;5.906890595608519;6.672425341971495;6.9886846867721655;6.539158811108031;5.0;7.523561956057013;7.672425341971495;7.845490050944375;6.554588851677638;6.6293566200796095;7.0;6.794415866350106;6.768184324776926;7.700439718141092;7.442943495848728;7.392317422778761;7.189824558880018;7.554588851677638;7.531381460516312;5.247927513443585;6.794415866350106;7.622051819456376;6.357552004618084;7.467605550082998;7.139551352398794;7.179909090014935;6.820178962415188
5.643856189774724;4.700439718141092;3.584962500721156;4.247927513443585;3.807354922057604;4.087462841250339;5.0;0.0;3.700439718141092;2.0;9.113742166049189;5.0;2.321928094887362;9.129283016944967;4.321928094887363;3.0;4.0;5.087462841250339;5.700439718141092;2.584962500721156;6.129283016944966;4.087462841250339;2.321928094887362;9.951284714966972;4.523561956057013;3.584962500721156;9.603626344986193;2.321928094887362;4.584962500721156;3.584962500721156;4.906890595608519;2.584962500721156;1.0;3.807354922057604;5.614709844115208;4.0;4.321928094887363;5.20945336562895;3.584962500721156;2.321928094887362;2.584962500721156;5.169925001442312;3.169925001442312;10.401946123976536;5.426264754702098;11.720671786825555;3.584962500721156;4.087462841250339;4.523561956057013;9.152284842306582;1.584962500721156;3.0;4.954196310386875;4.459431618637297;10.045759661382682;5.169925001442312;3.169925001442312;3.584962500721156;2.0;1.584962500721156;6.426264754702098;5.392317422778761;4.0;2.584962500721156;5.857980995127572;6.977279923499917;2.321928094887362;10.045759661382682;2.321928094887362;6.022367813028454;5.129283016944966;10.304921669581672;9.951284714966972;5.614709844115208;10.487840033823051;2.321928094887362;3.0;0.0;3.807354922057604;1.584962500721156;6.658211482751795;4.0;7.22881869049588;4.0;4.0;6.658211482751795;1.584962500721156;3.906890595608519;3.4594316186372973;6.22881869049588;2.321928094887362;4.087462841250339;4.169925001442312;3.584962500721156;4.321928094887363;3.584962500721156;7.169925001442312;4.700439718141092;7.988684686772165;2.321928094887362;2.807354922057604;4.906890595608519;5.857980995127572;1.584962500721156;1.584962500721156;3.321928094887362;6.129283016944966;5.727920454563199;3.169925001442312;1.584962500721156;3.807354922057604;4.321928094887363;9.787902559391432;6.321928094887363;7.066089190457772;1.0;6.7414669864011465;6.303780748177103;6.523561956057013;3.584962500721156;6.523561956057013;6.94251450533924;4.169925001442312;6.321928094887363;5.087462841250339;6.22881869049588;7.475733430966398;4.643856189774724;6.523561956057013;6.672425341971495;6.022367813028454;6.614709844115208;7.426264754702098;6.857980995127572;7.693486957499325;5.857980995127572;6.491853096329675;7.285402218862249;6.426264754702098;7.876516946564999;8.46352437327118;3.584962500721156;2.584962500721156;6.768184324776926;5.491853096329675;5.754887502163468;6.392317422778761;5.727920454563199;7.0;6.129283016944966;7.05528243550119;3.584962500721156;8.294620748891628;8.686500527183219;6.754887502163468;6.392317422778761;6.965784284662087;6.149747119504682;2.807354922057604;6.965784284662087;5.643856189774724;6.303780748177103;5.584962500721156;6.087462841250339;6.475733430966398;7.312882955284356;7.994353436858858;5.459431618637297;5.754887502163468;8.199672344836364;5.491853096329675;6.6865005271832185;4.392317422778761;6.845490050944375;6.794415866350106;6.303780748177103;3.4594316186372973;7.285402218862249;7.169925001442312;5.930737337562887;6.285402218862249;5.169925001442312;7.219168520462161;5.044394119358453;7.870364719583405;4.247927513443585;2.584962500721156;6.392317422778761;7.076815597050831;8.266786540694902;7.60733031374961;4.392317422778761;6.247927513443585;6.754887502163468;7.159871336778389;7.199672344836364;4.807354922057604;6.20945336562895;6.727920454563199;3.321928094887362;5.523561956057013;6.285402218862249;6.392317422778761;4.0;6.965784284662087;6.169925001442312;6.285402218862249;6.882643049361842;4.523561956057013;5.554588851677638;5.807354922057604;5.087462841250339;6.906890595608519;6.599912842187128;7.584962500721156;3.807354922057604;6.643856189774724;6.820178962415188;1.584962500721156;7.098032082960526;5.087462841250339;5.727920454563199;5.672425341971495;5.672425341971495;6.475733430966398;6.066089190457772
13.109993845845157;11.970465440779996;13.108361098906638;12.276706019892432;11.668441828052998;12.237807473723135;9.521600439723729;12.022367813028454;13.265761535294136;10.93810932621924;12.0087787482805;12.00982861736811;12.13024878405069;13.006326078524934;11.92184093707449;11.7515440590891;11.037546953962178;11.249113452713727;11.04916787237217;11.43254190038826;13.11504365016171;12.237807473723135;11.94104760634058;11.874212934830874;11.26795708440284;11.270879295328784;11.051888655905378;12.338736382573916;12.87305954766147;12.983171762188007;12.365775635326267;10.952741247186488;11.88760142450871;11.032734528586714;11.57553924683453;12.33706433868474;12.178353623512892;11.668441828052998;10.715961990255144;11.94104760634058;11.919235786028349;11.394998514501673;13.022367813028454;12.58941707576861;11.839203788096944;12.485326189240524;10.384783750093352;10.9901039638575;11.943613701614042;12.703471046071948;12.07112712494831;11.871135184243045;13.083645526864412;10.895575282380683;10.40832974076739;11.871135184243045;12.575775579874763;11.270879295328784;11.280770770130603;12.097702963524654;13.232570825356987;12.56486399022694;11.26795708440284;11.692179576312538;11.252665432450248;12.876900591040306;11.609640474436812;10.40832974076739;11.970105890612182;12.7901448269498;12.584962500721156;11.515207030408751;11.874212934830874;12.170863950411928;12.29978040285854;11.94104760634058;11.808562029957525;13.680689169360203;10.553629293916364;11.440350119200565;11.06204613772049;11.682994583681683;12.270587340447513;11.682994583681683;10.308339030139408;11.06204613772049;11.99506046703272;11.640696837570092;12.06339508128851;12.542064542283445;11.533329732305834;11.332036548361652;12.496354488564617;10.91214085629572;12.761343456100647;10.425215903299383;12.832098846039134;11.700873155140265;11.403012023574997;11.568906154502084;12.03514274788591;12.365775635326267;11.960364008877834;12.384783750093352;11.468114886378098;12.474973384391149;13.11504365016171;11.191676146352428;11.313449940963055;12.639792893279312;11.032734528586714;11.92184093707449;12.271463027904376;13.29232163280204;10.904634621668151;13.083313108650756;13.056468374771333;12.088457003486226;13.030494719749468;12.995237170449055;12.022367813028454;12.014020470314934;13.526865979393818;12.594324603924848;12.411775775576528;13.06305796362349;10.9901039638575;12.839006900339438;12.319672120946995;12.413098984915264;12.572937025017309;12.640244936222343;12.780949798749663;12.095067301607054;11.789126046425231;12.616089313582115;12.426264754702098;12.334831928118;12.5898851792902;12.735556023911537;11.183015000882756;13.422853195944263;13.590002181442724;12.842939559285137;12.578608560737752;11.588246152044816;12.762589665542569;12.61654884377899;12.603858121842803;11.949097155729207;12.236313227042803;13.338039933107874;12.978710459106358;11.88760142450871;12.443461612227392;12.177730967033272;11.501339618061396;12.537218400538595;12.324461855977315;12.99169898341288;13.29304050024473;12.375853976418467;12.284534954008423;12.833483105659584;12.64430696154558;11.36796070964157;12.773345291291273;13.09901899101923;13.605248001565805;10.696098170955864;11.668441828052998;11.83605035505807;13.071462362556623;12.069114061773938;12.937741620077096;11.1767964781476;13.717248005827646;12.430975172588068;11.756973226165448;12.27699673929712;12.922955991908475;12.826151214800207;13.08464232218796;13.278159031437236;10.91737207947684;12.370687406807216;12.900112062977456;11.81418188419028;12.385592813601365;12.210975677726395;11.820178962415188;11.46096776257042;11.874981347653774;11.975847968006784;12.564625862795372;11.512740462803498;13.41758884038258;12.704119788513015;11.956013078088098;13.604321563877273;13.690761908445976;13.717355122064909;11.880731435141664;12.371776644337924;12.871135184243045;12.962353808635276;13.81648371159686;11.177419537989236;12.99081307915361;13.07045641594465;12.112439506781552;13.032906677628253;13.461479447286155;12.203348002979762;12.497103357016876;12.769217996126503;12.352043425795433;13.12395971059229;12.149111990706889;12.23421867823847;12.815383295813538;13.436971745049073;12.71488943423155;13.606867837374152;12.43567026093655;12.581200581924955
10.96289600533726;10.927777962082342;10.710806433699352;11.066761932386909;11.13699111208023;10.34318571544788;8.668884984266247;9.335390354693924;10.086136225027309;9.76487159073609;10.271463027904376;11.027214885159834;9.523561956057012;9.73809225962049;10.410451351503994;10.16867211813223;10.634811050171718;8.965784284662087;10.083479327331842;9.714245517666123;10.821773981970567;10.34318571544788;10.561287945164828;11.390168956200185;10.3151495622563;9.257387842692651;11.66622400280318;9.874981347653774;10.366322214245816;10.887220615468385;10.020979938904212;9.014020470314934;8.62935662007961;9.280770770130603;11.2603315185576;10.433585441150496;9.99859042974533;10.164906926675688;10.66622400280318;10.561287945164828;9.779719355143405;10.036173612553483;10.843921051289035;10.936637939002573;11.987264012072538;11.214926187942435;7.918863237274595;10.449148645375436;9.335390354693924;10.384783750093352;10.041659151637214;9.233619676759702;9.643856189774723;9.426264754702098;9.76983784362944;10.164906926675688;10.675074920385445;9.257387842692651;8.832890014164741;9.177419537989236;11.384783750093352;10.023754353299417;9.113742166049189;8.906890595608518;9.164906926675688;9.703903573444665;8.707359132080883;9.76983784362944;11.187352073200495;11.854868383260236;10.07815080773465;11.724087461793989;11.390168956200185;9.840777923595054;10.39660478118186;10.561287945164828;8.643856189774725;9.23840473932508;9.804131021183318;10.491853096329674;10.14210705730255;10.854868383260236;9.815383295813538;10.854868383260236;8.479780264029099;10.14210705730255;9.06339508128851;10.952741247186488;10.147204924942228;9.800899899920305;9.651051691178928;10.605479518061667;10.199672344836364;9.59245703726808;11.47218311618954;8.59618975614441;12.068106475858771;10.4542992936199;10.324180546618742;9.287712379549449;9.831307243802051;10.020979938904212;8.312882955284355;10.384783750093352;7.832890014164741;9.584962500721156;10.821773981970567;10.370687406807216;9.348728154231075;9.758223214726724;9.280770770130603;10.410451351503994;11.27262978497637;9.899356922923111;10.993646060016596;10.605479518061667;9.90839262077375;10.219168520462162;10.632086412835182;10.019590728357882;9.96000193206808;12.148158772937894;10.480790201095816;10.018200178813226;10.490850876740298;10.274960472140602;10.280770770130603;10.247927513443583;11.215532999745657;10.188588845707349;9.930737337562888;9.820178962415188;11.386940245324311;11.603162679534382;11.667998535672528;11.076147528022505;9.552669097514272;11.79400964502097;10.721953612801386;10.41679752760606;10.395534135462302;10.309476353841106;10.157346935362844;11.00562454919388;9.539158811108033;8.696967526234287;10.735556023911537;10.246740598493144;10.57459352733761;9.346513733165636;11.59944798152872;10.366322214245816;11.249113452713727;9.620219825507489;11.046441948007311;8.344295907915816;10.055282435501187;10.421012855779226;10.094077685671904;10.187352073200495;10.430452551665532;12.116018993325094;10.828929827651486;10.708221730038352;12.83387836457737;10.46454575033394;9.974414589805528;10.614709844115207;11.80332391904149;11.079484783826816;10.111135670234708;9.818582177480858;11.280770770130603;10.877284133523196;9.967226258835993;10.918117851031772;11.068106475858771;10.41256984680521;9.08214904135387;11.374496145691516;11.75446999527562;10.754052367528924;10.78135971352466;10.39231742277876;10.271463027904376;10.558420713268664;10.256208688527389;10.302638923787551;10.107217075591382;9.31741261376487;11.95164898590462;10.371776644337924;9.481799431665753;9.457380879072534;11.370687406807216;11.588714635582264;10.508785162064513;11.960364008877834;11.040974598817304;9.90839262077375;11.344295907915816;11.66622400280318;10.620219825507489;10.217957697864112;10.449148645375436;9.99717948093762;11.381542951184583;9.824958740528524;10.118941072723509;10.276124405274238;9.157346935362844;10.227615943414223;10.365228849251544;11.620219825507489;11.06204613772049;10.044394119358454;9.449148645375436;10.162391328756906;10.981567281903017;10.785452468158542;10.075479149488016;10.47269083924278;10.69261550169458;10.977995368612962;11.524541715035848;10.306061689428342
11.988329649231089;11.194141238863136;11.263269200372662;11.378836713210614;10.799281621521924;11.817783121774534;8.164906926675688;9.964340867792416;8.535275376620802;9.31741261376487;7.912889336229962;10.25974326369078;10.127994320976391;14.367278229359725;11.25915476886684;10.390168956200185;9.90839262077375;9.823367240046236;11.18239435340453;8.912889336229961;10.812979471251484;11.817783121774534;12.319107575824985;11.076147528022505;10.107217075591382;10.27262978497637;9.611024797307351;11.524541715035848;13.431628182620894;12.000704269011246;11.667998535672528;10.92184093707449;10.345405246717796;9.211888294546004;10.064742764750257;10.489847960439295;11.1705510353167;10.81698362325538;9.684748620421626;12.319107575824985;9.776433032444732;9.691743519171276;9.407267764244732;13.215381320721084;10.714245517666123;10.83289001416474;7.546894459887636;10.52552080909507;9.92184093707449;14.200132314564758;7.994353436858858;10.703903573444665;11.650603022215307;9.368506461507693;7.426264754702098;11.693922488081014;10.866506212226202;10.27262978497637;8.491853096329674;9.705632387361415;12.573173784686484;11.476746203939468;10.10459875356437;10.43567026093655;10.469641817239516;14.302567529748648;10.045759661382682;7.426264754702098;10.381542951184583;11.51865315567339;9.577428828035748;11.786678033890652;11.076147528022505;12.284534954008423;11.841957399099549;12.319107575824985;10.1357092861044;11.276124405274238;8.189824558880018;12.15386865522324;10.93147623388679;11.785452468158542;10.45532722030456;11.785452468158542;7.876516946564999;10.93147623388679;12.408064319914672;10.040289721025715;12.627761852402616;11.758223214726724;10.901621158346112;10.44190670454224;11.239001757765582;13.15069928874454;12.108197722535827;9.810571634741146;13.16867211813223;10.960725994839056;8.027905996569885;11.161131882984307;11.254438148267257;11.667998535672528;9.914385132155443;9.485829308701904;8.686500527183219;10.679480099505446;10.812979471251484;10.694357887221452;10.546894459887636;9.271463027904376;9.211888294546004;11.25915476886684;14.208081909981123;12.660218788535618;10.059344460824423;11.41679752760606;12.507051302247916;11.88378880325996;12.89822347121556;11.721099188707186;11.815783544128184;11.67815995754276;11.934428040626804;12.964701857420447;11.890644283619087;12.86050505680788;10.632995197142955;11.899356922923111;11.761966695382092;11.700439718141093;12.66289085913906;11.807354922057604;12.820178962415188;11.842350343413807;11.52258153125483;11.736824699098864;11.70606426733497;11.715961990255144;12.31938987600021;12.236313227042803;11.725366257895642;12.096385734452651;12.660441650209172;12.65508344519798;11.661332752795186;10.352043425795433;12.952559261056836;12.162391328756906;12.060358182642142;11.888743248898258;11.544481522310791;12.66266837551754;11.689561254285524;11.760304125286382;11.243173983472952;12.156399144871584;10.881878707600446;11.615169813843602;11.99859042974533;12.703038388986418;12.682336269711378;11.65642486327778;12.49735289347705;12.889884170302828;12.392049039364183;11.60408986146918;12.35974956032233;12.24436383512051;13.58777751632821;11.048486873992337;11.270879295328784;11.73978060977326;12.6345841934937;11.712097051087548;12.055960234452296;11.161131882984307;12.44449728710381;11.872674880270605;10.863411958941638;11.76983784362944;12.409390936137704;12.116018993325094;12.782793498733351;12.79380649145577;10.569855608330949;11.76155123244448;11.765286098723683;11.70433597118232;12.01227534485612;10.907641803665529;12.211888294546004;11.144020869266893;11.906890595608518;11.609640474436812;11.29117069932186;10.422064766172811;12.915505962231933;11.651051691178928;11.455840909126398;12.777255315191924;13.087297080919154;13.323617763291578;12.080817527608328;12.320800548881635;12.443461612227392;12.624795455860236;12.789126046425231;11.138911718142744;11.884170519108435;12.287135186086704;11.81658370778757;12.345127991976693;13.378565810000564;11.993292241488549;12.717033749490891;12.32895536178133;11.77313920671969;12.058668250340572;10.73893668167614;11.943247395901553;12.007027266893967;12.307485448589476;13.052228393347402;12.700656452918167;12.073806847178492;12.01262453886506
12.551948530592997;13.655642520981331;14.45011579365922;14.357277074642807;12.733650916838716;13.14974711950468;10.813781191217036;11.43254190038826;10.10459875356437;11.253847484987404;12.562957869334118;13.234368389756364;13.28265408972642;12.637983303777853;14.322139411691817;14.196141029718238;12.554588851677638;12.78729042655958;13.666334975076676;12.754261196514;13.146409569587783;13.14974711950468;11.902375114486023;12.407798850221974;11.885696373339394;11.136350341454156;10.823367240046236;13.112276591639276;14.516500292222826;14.240418687179671;11.42678889459556;14.039690186137085;10.838416075797335;12.007027266893967;13.32108251801004;12.473198383677529;13.56664869422868;12.601538675939848;12.718746909901064;11.902375114486023;13.378294855911893;11.094737505048093;14.437492010125352;12.38505348834615;13.298635406734242;12.54182262142417;12.229419688230417;11.946906274456396;11.389631339260522;11.979425195331473;14.051633800310858;13.437492010125352;14.64227737850386;12.942147920394849;11.965423565810127;11.793603309279408;14.661778097771988;11.136350341454156;12.996650019175894;12.344295907915816;12.401946123976536;12.648357582009666;11.8193807908646;13.49922304243299;12.0744760007345;12.169298695792843;13.001232245244363;11.965423565810127;12.99169898341288;12.02167404285837;11.225809940623543;10.641148597411233;12.407798850221974;11.690871009292314;12.324461855977315;11.902375114486023;12.30463652380727;12.889503963411476;13.295051425557611;13.257093144491057;11.160501747555688;13.315291107023732;13.761966695382092;13.315291107023732;12.702822011777029;11.160501747555688;13.1458525598301;10.76155123244448;12.64250302878052;12.714030814928783;11.258566033889933;12.27699673929712;14.020719563802126;12.756973226165448;13.521232358323363;11.390706372872774;14.200898605038445;13.081982669325678;12.572463389083676;13.412305204955272;12.932214751968385;11.42678889459556;12.46352437327118;12.543273538449805;13.120399895988982;12.6373041221062;13.146409569587783;13.197063076004984;11.101975670949232;15.65954999687987;12.007027266893967;14.322139411691817;12.244958393151132;12.441647390253612;11.961811408087163;11.880731435141664;11.524541715035848;11.706496018061188;11.940680648424092;12.047123912114026;11.562242424221072;12.4207497582968;11.320800548881635;11.83289001416474;11.135067945777816;12.715747542831355;11.42259043389256;10.821773981970567;12.141468555393084;11.715533063526584;12.152284842306582;11.981567281903017;12.066761932386909;12.094737505048093;12.368779260041338;11.691307330191115;11.554109152574004;11.557463701597824;11.700006150882864;12.43567026093655;12.185494924210866;12.1006623390052;11.29978040285854;12.50481898763284;11.682994583681683;11.053247125912426;13.217200417367543;12.034455095327186;11.997885127829113;12.330356716957944;12.076815597050832;13.00544911354693;12.555308101401328;11.68650052718322;11.907266248531066;11.483815777264256;12.577192765687045;11.609640474436812;11.892922223630592;12.06204613772049;13.00105627463478;12.706496018061188;11.12023787734196;13.400612641082;11.897467341721892;11.359200485133632;12.326148561205557;12.270879295328784;12.530406337099068;11.452241240430816;12.77704978843883;11.715961990255144;12.204876767603992;12.104271128936894;12.456867738380344;11.857592285697526;12.039261794341057;13.061539958530144;11.623881490013458;12.159871336778387;11.83880998570856;11.936637939002573;12.907078434296483;12.227615943414223;12.636398048883835;11.743572188935634;10.663558104217271;11.926295994781112;12.141149198437516;11.817783121774534;11.90388184573618;10.92184093707449;11.869593843240784;11.50481898763284;11.324180546618742;10.54399845013454;12.552909206533863;11.593857938858225;12.450953464712992;11.599912842187129;12.686938171670388;12.922026839405897;11.590119174107176;11.427312844134963;12.410451351503994;11.93147623388679;12.010528105886484;11.533816389433364;11.984062369686436;12.151967870968187;11.693922488081014;12.39687231851056;13.002990771840553;11.714674827308002;12.262682142362165;11.533816389433364;12.115368837820224;12.460711852141213;9.618385502258606;12.307770031890705;11.373408960228696;11.780129619625306;13.382624026574916;13.434628227636724;12.095067301607054;12.310896748797711
6.087462841250339;5.0;2.0;7.189824558880018;4.857980995127572;6.965784284662087;4.169925001442312;3.4594316186372973;1.584962500721156;3.0;1.584962500721156;3.906890595608519;5.044394119358453;7.383704292474052;5.584962500721156;4.169925001442312;6.539158811108031;5.169925001442312;4.247927513443585;3.700439718141092;8.851749041416058;6.965784284662087;6.930737337562887;7.339850002884624;5.044394119358453;1.584962500721156;5.977279923499917;7.294620748891627;5.459431618637297;8.936637939002571;7.515699838284043;5.584962500721156;4.321928094887363;5.459431618637297;2.321928094887362;3.700439718141092;8.276124405274238;5.426264754702098;4.906890595608519;6.930737337562887;4.523561956057013;4.169925001442312;4.584962500721156;6.442943495848728;7.011227255423254;7.467605550082998;1.0;5.700439718141092;5.523561956057013;7.066089190457772;2.0;5.491853096329675;7.03342300153745;3.0;3.321928094887362;7.426264754702098;5.954196310386875;1.584962500721156;2.807354922057604;6.491853096329675;6.523561956057013;7.832890014164741;5.754887502163468;3.807354922057604;7.807354922057604;5.643856189774724;4.0;3.321928094887362;6.569855608330948;8.103287808412022;4.459431618637297;6.189824558880018;7.339850002884624;6.022367813028454;3.906890595608519;6.930737337562887;8.224001674198105;4.247927513443585;4.087462841250339;3.807354922057604;3.807354922057604;5.129283016944966;6.108524456778169;5.129283016944966;0.0;3.807354922057604;6.285402218862249;6.700439718141092;7.339850002884624;6.0;5.044394119358453;7.686500527183218;8.113742166049189;8.016808287686555;7.03342300153745;4.247927513443585;7.651051691178928;6.339850002884624;5.459431618637297;6.189824558880018;6.303780748177103;7.515699838284043;3.906890595608519;5.0;3.807354922057604;5.392317422778761;8.851749041416058;5.426264754702098;6.066089190457772;8.686500527183219;5.459431618637297;5.584962500721156;8.005624549193879;2.584962500721156;14.018721791970178;1.0;3.4594316186372973;2.0;4.321928094887363;1.0;3.321928094887362;9.285402218862249;1.584962500721156;2.807354922057604;2.321928094887362;8.758223214726724;5.523561956057013;4.247927513443585;3.321928094887362;3.906890595608519;3.321928094887362;3.169925001442312;5.727920454563199;11.761966695382092;4.169925001442312;9.116343961237469;2.321928094887362;7.813781191217037;6.672425341971495;9.843921051289035;3.321928094887362;1.584962500721156;0.0;3.4594316186372973;10.510764167917891;8.603626344986193;11.867664848380745;3.4594316186372973;5.832890014164741;2.584962500721156;4.584962500721156;2.807354922057604;4.643856189774724;4.700439718141092;10.404077136241234;2.0;2.584962500721156;2.0;2.0;3.584962500721156;4.392317422778761;9.030667136246942;3.169925001442312;3.321928094887362;5.754887502163468;1.0;3.4594316186372973;3.4594316186372973;5.247927513443585;4.247927513443585;2.584962500721156;3.4594316186372973;1.584962500721156;4.459431618637297;3.906890595608519;1.0;1.584962500721156;11.43514933836693;3.0;3.807354922057604;8.499845887083206;2.584962500721156;3.0;4.584962500721156;6.643856189774724;1.0;1.584962500721156;1.584962500721156;5.129283016944966;5.087462841250339;2.321928094887362;1.584962500721156;4.906890595608519;4.321928094887363;4.584962500721156;6.906890595608519;2.807354922057604;5.392317422778761;7.129283016944966;2.0;4.523561956057013;3.807354922057604;3.584962500721156;2.0;3.169925001442312;4.700439718141092;3.906890595608519;1.0;2.321928094887362;1.584962500721156;5.700439718141092;3.169925001442312;3.807354922057604;4.906890595608519;3.584962500721156;2.584962500721156;4.906890595608519;9.878050912728536;2.0;3.0;1.0;6.569855608330948;4.247927513443585;5.554588851677638;6.794415866350106;6.149747119504682
12.44759985827995;11.483311954999351;12.383434301822774;12.400078902622012;11.169925001442312;12.03857610276879;9.473705749619416;11.328674927327947;12.192292814470768;10.390168956200185;10.24198314969433;11.73978060977326;11.698270577692032;12.23421867823847;11.324180546618742;11.211279947482009;9.958552715431011;10.729620743553038;10.233619676759702;10.302638923787551;12.61654884377899;12.03857610276879;11.286557761607956;10.531381460516313;9.926295994781112;11.17804232886482;10.88340698638837;11.41204051455165;12.103615656394544;11.70433597118232;11.29978040285854;10.163649676015824;9.995767150877802;9.897845456005513;10.933690654952231;13.092591987804122;11.298635406734242;10.595257481449035;9.829722735086058;11.286557761607956;11.373408960228696;10.962173031109709;11.326429487122304;11.823367240046236;10.95637615724967;13.745569289963218;9.517669388133813;10.326429487122304;10.443979542601252;11.45532722030456;11.451211111832327;11.918863237274596;12.524296837662623;10.047123912114026;9.4655664048094;11.068106475858771;11.11829223302699;11.17804232886482;10.542064542283445;10.828136484194108;12.448116305409464;11.687813062564931;10.080817527608328;10.782179193831208;10.306061689428342;11.554588851677638;11.09341756438796;9.4655664048094;10.900866807980748;12.079484783826816;11.446566409066069;10.257387842692651;10.531381460516313;11.189206834597025;9.955649907528374;11.286557761607956;10.794415866350104;12.519636252843211;10.011227255423254;10.597121428789569;9.857980995127573;10.93147623388679;11.36139553316589;10.93147623388679;9.731319031025064;9.857980995127573;12.066930068864098;10.717676423066395;11.502334580197996;11.61378946447258;10.706496018061188;10.785452468158542;12.144020869266893;10.118941072723509;12.062383491876334;9.679480099505446;12.31938987600021;10.473705749619416;9.804131021183318;11.194756854422248;11.17367713630342;11.29978040285854;11.534789211480266;11.41679752760606;10.721953612801386;11.731743290707842;12.61654884377899;10.63026712502677;10.947636937951827;11.375582512490508;9.897845456005513;11.324180546618742;11.981210488271694;12.4983506079296;10.61378946447258;12.280190792216906;12.456611099574918;11.358101707440849;12.37775279502222;12.187352073200495;11.415213598765286;11.262682142362165;13.030494719749468;11.952741247186488;11.3409627642517;12.921283086307383;9.936637939002573;12.362491806046062;11.214926187942435;11.597121428789569;11.842350343413807;11.685186796595348;11.897845456005513;11.563196272216738;10.900866807980748;11.422064766172811;11.429929741353272;11.678600139099458;11.505315356136236;12.137951734715358;10.14338321398982;12.13410540040181;12.61585949358308;12.118616689351509;12.102959885910124;10.401946123976536;11.958190183693738;11.737669863177452;11.66266837551754;11.423641195075856;11.38747886584238;12.659772961881613;12.021327032624372;11.197830998012195;11.526988205432009;11.497851836951115;10.659103963473662;11.65642486327778;11.709514660706716;12.211584153079526;12.452241240430816;11.852529509404196;11.774787059601174;12.51224664282918;12.003517912108602;10.61286849729104;12.01576348736988;12.1526017440192;12.780334708123895;10.086136225027309;10.482807956726669;10.949097155729207;12.506803437795648;11.066089190457772;11.729620743553038;10.569855608330949;12.449148645375436;11.541580659991167;11.040289721025715;11.281350514981035;12.274669342073851;11.825356341479337;12.091765938516804;12.484571180915806;10.01262453886506;11.750706986224948;11.892922223630592;11.044394119358454;11.382083590141969;11.144658242831882;10.965062756744627;11.241387363998935;11.233619676759702;11.447083226209651;11.622509454683335;10.684748620421626;12.490098754884238;12.050868963290736;11.172427508645482;12.806952328210736;12.735556023911537;12.801506286636435;10.914385132155443;11.594791118089264;12.017852331905962;12.156399144871584;12.65217275350971;10.174925682500678;11.722807531169549;12.278449458220482;11.484319423644267;11.952741247186488;12.754052367528924;11.647008638441648;11.852919585123995;12.160816849673546;11.49585502688717;12.216745858195306;11.32755264408124;11.404609397837712;12.281350514981035;12.519144787997414;12.379919817646538;13.057822541282478;11.751962413460854;11.65642486327778
11.428883552010191;10.740624044489412;10.98584193700334;10.861862340059153;9.689997971419446;11.138911718142744;8.214319120800766;10.346513733165636;9.69522829149575;10.691743519171276;9.079484783826816;10.14974711950468;11.14974711950468;10.226412192788786;11.309476353841106;10.957827560833744;10.197216693110052;10.915879378835774;9.774787059601174;9.729620743553038;11.025139562278508;11.138911718142744;10.380461065088973;9.63117705570398;10.365228849251544;9.233619676759702;9.08214904135387;10.960725994839056;11.482303782323182;11.894059846274022;10.705632387361415;9.88264304936184;9.948367231584678;8.761551232444479;8.787902559391432;11.579315937580017;10.684748620421626;10.29920801838728;9.00842862207058;10.380461065088973;11.074141462752506;10.0;10.51865315567339;10.076815597050832;10.247927513443583;10.109830654278792;9.774787059601174;9.758223214726724;9.927777962082342;10.413627929024171;11.460455896309636;10.774787059601174;11.183015000882756;10.293471648838134;8.885696373339394;10.41256984680521;10.585901449690772;9.233619676759702;10.271463027904376;10.98370619265935;11.358101707440849;10.198445041452365;9.34207466799914;10.32755264408124;9.515699838284045;9.638435913990472;11.052568050804153;8.885696373339394;10.822570830950168;11.38424412224308;10.125413470483316;9.517669388133813;9.63117705570398;10.506803437795648;8.731319031025064;10.380461065088973;10.029287226968243;12.261507309202056;9.08214904135387;10.458406613236534;9.853309555403674;10.57553924683453;10.422064766172811;10.57553924683453;9.67065624911844;9.853309555403674;11.610102062999664;9.813781191217036;10.314016703901355;11.09077405464075;10.1331422124006;9.881113960675096;11.131213905086272;10.25974326369078;11.419433550705378;9.651051691178928;11.769011321097016;10.7431513941125;7.977279923499917;10.992230264965889;11.00562454919388;10.705632387361415;10.499845887083206;10.746514321138465;10.179909090014934;11.154185209265297;11.025139562278508;10.524541715035848;10.938844457466171;11.638435913990472;8.761551232444479;11.309476353841106;10.373952655370193;11.4812949046311;9.603626344986193;10.62296694479051;11.397139806235604;10.69261550169458;11.588246152044816;10.78463484555752;10.558420713268664;10.708221730038352;11.307770031890705;11.186733289128869;10.215532999745657;11.440350119200565;9.084808387804362;10.922584402713664;10.550746785383245;10.717676423066395;11.113742166049189;10.828929827651486;11.410981267043796;10.825753832883112;10.471675214392045;10.4542992936199;10.618385502258606;10.97513145692134;10.837627933171404;11.397139806235604;9.124121311829189;10.926295994781112;11.448116305409464;11.254438148267257;10.94397991434374;10.045759661382682;11.02167404285837;10.952741247186488;11.017504401109417;10.711666973564348;10.745674324002136;11.46454575033394;11.31174831500496;10.335390354693924;11.01262453886506;10.640244936222343;9.842350343413807;10.760719947465624;10.371776644337924;11.62935662007961;11.535761377986656;11.23840473932508;10.654636028527968;11.30720080914081;11.624795455860236;9.614709844115207;11.41732511767992;11.124767535822471;12.27350423396216;9.614709844115207;10.161131882984307;10.36194377373524;11.047805554007589;10.049848549450562;10.762382038710392;9.344295907915816;11.201511344500146;11.08214904135387;10.40832974076739;10.707359132080883;11.720244258287568;11.105253779700885;11.32755264408124;11.419433550705378;9.105908508571158;10.375039431346924;10.59618975614441;10.12670447284319;10.710806433699352;10.480790201095816;10.184875342908285;9.887220615468385;10.727069558023706;10.852529509404196;11.189824558880018;10.020979938904212;11.447083226209651;11.25797705856398;10.635718120331047;11.474212937193943;12.06339508128851;11.4655664048094;10.30149619498255;10.837627933171404;11.32023644524165;11.502334580197996;11.676397887044764;9.527477006060396;10.627533884472792;11.00982861736811;10.62296694479051;11.06204613772049;12.037546953962178;10.828929827651486;10.801708358916462;11.032734528586714;10.822570830950168;11.786678033890652;10.714245517666123;10.624795455860236;11.002111776479852;11.95746484680521;11.349281228817452;12.23661220021575;11.030667136246942;10.757390009366638
13.762589665542569;12.230320715661112;13.293759009667864;12.439830883981392;11.652396861477678;12.70173963867435;10.599912842187129;13.085140461701762;12.302353326431202;11.376125389276174;12.894628321374654;12.095726668639047;13.844117269587995;12.484571180915806;12.111135670234708;13.458278436341518;11.374496145691516;11.803727526553114;11.119589620741122;11.98192398731734;12.254733389246674;12.70173963867435;12.33734314727405;12.069114061773938;11.653292945382814;12.299494239009364;11.73640193131829;13.300209542232352;14.117318426010003;13.375039431346924;13.34318571544788;11.81257844413538;11.673750739438065;12.45455634396194;12.705200378063116;12.414949441474263;12.630722162103838;11.749450465569916;11.516192477879368;12.33734314727405;13.000704269011246;11.951284714966972;13.472056157502356;12.660218788535618;11.952013164889486;12.258271576282851;10.742309436084;12.079818085212354;11.653740778706569;11.844705764411938;12.073137383110383;12.63117705570398;13.141628207364796;11.40832974076739;10.43149760425805;12.107217075591382;12.817183539425711;12.299494239009364;11.689997971419446;11.458406613236534;13.590937857221538;12.789941128390916;11.283088353024002;11.919980595048962;12.045418397030792;12.051888655905378;11.717676423066395;10.43149760425805;12.14051027236822;12.77416933531818;10.979425195331473;11.344295907915816;12.069114061773938;12.758431440900267;11.10459875356437;12.33734314727405;12.447341565370678;13.669770888525518;10.835260918627489;11.554109152574004;10.918863237274596;11.8668925276766;12.928333307585149;11.8668925276766;10.5401280385821;10.918863237274596;13.353698209048035;11.52552080909507;12.250298417906333;12.70173963867435;12.11829223302699;11.688687423222536;13.232420927176076;11.919235786028349;12.895385939898508;10.823367240046236;12.781564627244329;11.670213636738564;10.310612781659527;11.98370619265935;12.424691191512954;13.34318571544788;12.613098794209224;13.016460104979208;12.040289721025715;12.847840355630714;12.254733389246674;12.169925001442312;11.535275376620802;12.756347825516588;12.45455634396194;12.111135670234708;11.888362741170644;12.38316426063511;10.89178370321831;11.14274527675153;12.43149760425805;11.854089179870574;12.4189067312579;11.4241662888181;11.907641803665529;11.939946452458686;11.693051295397;12.372865060112588;11.219168520462162;12.660664477461278;10.663558104217271;11.654188473059545;11.623881490013458;12.031701202740305;12.214319120800766;12.112113658097863;12.40381093178603;12.187042714339894;11.563196272216738;11.664891669286089;12.08381170725288;12.062383491876334;12.689561254285524;12.630494661505578;10.74819284958946;11.839597483021176;12.283956487665112;12.27786854617684;12.03823313473178;11.448632567730552;12.453013354466314;11.878050912728536;12.32755264408124;11.826548487290914;11.844313461203296;12.350939181546432;12.731531176461942;11.341518823245243;12.214926187942435;11.6640027628865;11.898601387403938;11.79603960882977;11.494855584491198;12.68255574108031;12.669328004395904;12.656201380194553;11.930367747438952;12.4893462407191;12.622280655215585;10.749869427396844;12.4655664048094;12.04746477331842;12.940313597145968;10.337621901992508;11.013322673425447;11.152918576136624;12.322209843748894;11.385323176175872;11.9683067944308;10.172427508645482;12.179287104646004;12.482303782323182;11.660441650209172;11.853309555403674;12.735979039613404;11.909893083770042;12.424953571261042;12.453270634010623;10.766528908598865;12.328394438352458;11.489847960439295;11.52552080909507;11.987974524296153;12.00105627463478;11.476746203939468;10.717676423066395;11.713816080234498;11.735132884139947;12.201511344500146;11.615629636968098;12.304066063127284;12.57483001533763;12.030667136246942;12.443720600656578;12.84960057483748;12.92740761294903;11.193525360501216;11.892922223630592;12.313166475977198;12.5980525001616;12.606405212697783;10.7632123668144;11.618844301766652;11.82456102997028;11.7632123668144;12.046441948007311;13.279030136449649;12.273212809854334;12.03857610276879;12.24436383512051;12.218260498797305;12.959458646412672;11.853309555403674;11.728770849542665;11.834866038362016;12.971543553950772;12.157346935362844;13.619990662606378;12.086799685623452;11.869208250550829
12.776844232402167;12.365228849251544;13.898412441684211;13.072467608241858;12.9153192176791;11.91139198784346;13.032045726930807;13.629698126778065;12.419170165028538;11.996473488733228;11.802516365121225;12.33706433868474;11.982280604558284;11.852529509404196;13.672204323964031;11.77561028075954;12.96000193206808;11.623881490013458;12.289730740083757;13.070791809423062;13.030322282644034;11.91139198784346;12.693704739225286;11.86573327085176;11.684748620421626;12.96992608191987;12.673088192909365;13.500966330282983;12.056299014550335;12.646108641506103;11.688250309133178;12.030322282644034;9.330916878114618;11.26620091249896;10.703038388986418;11.714674827308002;12.061708704660624;12.311464515448444;12.922212717785449;12.693704739225286;14.374020602858296;12.558898981146704;13.508785162064513;11.153552031708111;12.203348002979762;13.428752724983042;9.221587121264806;12.007027266893967;10.250298417906333;11.184255495405347;11.70865283568653;11.67595703294175;13.077483356859508;11.622509454683335;9.971543553950772;11.862249900851513;11.541096615349524;12.96992608191987;9.603626344986193;13.365092120346462;12.665780028329484;13.79512647856489;10.622051819456376;10.477758266443889;12.246443717117286;10.899356922923111;11.200285605224298;9.971543553950772;10.871905237659186;11.86534664481678;11.927037168720297;11.569380959522295;11.86573327085176;11.707359132080883;14.738250626408284;12.693704739225286;11.828136484194108;14.308552346639594;11.00842862207058;11.242578689451346;12.51668494930961;11.800495500466813;12.225508720236;11.800495500466813;11.12670447284319;12.51668494930961;12.1103201736097;11.41415667927414;12.80231440599149;12.155134454857755;12.541096615349524;11.04507705193494;12.414949441474263;13.044394119358454;13.338318553240237;12.166163082646111;13.55566759184072;13.164592716712368;12.072802534544207;12.13827180017222;13.354387142273907;11.688250309133178;11.307770031890705;11.282509306240836;13.61689339539649;12.915879378835774;13.030322282644034;12.446824840780309;12.73492126770526;8.800899899920305;11.26620091249896;13.672204323964031;11.485829308701904;11.79766152585376;11.468114886378098;12.38586240064146;11.93110683302934;13.022194401760634;13.315432637905376;12.455584087578613;13.412966718580916;13.060358182642142;13.77179893896106;11.554588851677638;12.903317005908717;11.971902746045467;13.47192918764169;13.192138672150955;14.273722763417664;12.29232163280204;11.670213636738564;11.71338651493703;15.362012289159988;12.069449767427784;12.33371442609397;13.080484457067568;10.517669388133813;11.192909219112012;12.1357092861044;12.022367813028454;13.397139806235604;13.953741760762494;12.064405961891042;13.460199895059583;10.501837184902296;10.19598729802851;12.100990784092762;13.984596470404904;12.911017407796985;11.886458695703706;12.342630298678408;11.473705749619416;13.511999669441453;11.824958740528524;11.263856019596082;10.820178962415188;11.46352437327118;13.158925203806964;11.86379910372885;12.833087738422009;12.14338321398982;13.29232163280204;15.178392530621508;12.228518097716194;13.061708704660624;11.717248005827646;11.092096414990792;12.925925264972856;13.42272182090061;13.469896148670918;12.563196272216738;12.061708704660624;14.707520908488725;12.985486199104637;11.535275376620802;13.403145205669796;11.907641803665529;12.221587121264806;12.172740017049366;13.310044679647506;13.121533517340032;14.035228681414296;12.167418145831736;11.166163082646111;11.901244032467376;12.010528105886484;12.926666629347284;12.710591218506757;12.642728643769;10.397674632948268;14.381069725844188;12.82515755470108;12.092757140919852;12.474466464132632;10.786269627648466;12.111135670234708;12.041316915829444;13.411510988012072;12.132178380915544;12.428098411832506;14.010090965307771;13.409523530691436;13.544240006441658;12.14242620231898;13.428491035332245;10.73978060977326;14.390773535883;11.863411958941638;12.125090539303256;10.776433032444732;11.535761377986656;14.337761259156672;13.252221912938362;12.043027283594547;12.479275030250204;12.15069928874454;11.241387363998935;11.192292814470768;12.89614316077451;12.664447284547972;12.566054038171092;11.90312867681232;14.173520992026964;13.775095822585955;12.199058823653022;12.584022940257542
3.906890595608519;2.0;0.0;3.584962500721156;2.584962500721156;2.584962500721156;0.0;0.0;0.0;1.0;1.584962500721156;3.0;2.0;3.169925001442312;1.584962500721156;0.0;1.0;2.0;3.807354922057604;0.0;2.0;2.584962500721156;1.584962500721156;3.321928094887362;2.807354922057604;1.0;2.807354922057604;1.0;3.321928094887362;1.584962500721156;4.247927513443585;0.0;0.0;4.247927513443585;1.584962500721156;0.0;3.169925001442312;1.584962500721156;2.321928094887362;1.584962500721156;0.0;3.0;1.0;2.0;1.0;3.584962500721156;0.0;2.321928094887362;1.0;1.0;3.4594316186372973;2.0;0.0;2.584962500721156;0.0;2.584962500721156;1.584962500721156;1.0;0.0;1.0;3.906890595608519;2.584962500721156;2.0;0.0;2.0;2.0;0.0;0.0;2.0;1.584962500721156;7.499845887083206;3.0;3.321928094887362;3.700439718141092;1.0;1.584962500721156;2.584962500721156;0.0;1.0;0.0;2.321928094887362;2.584962500721156;2.0;2.584962500721156;0.0;2.321928094887362;0.0;0.0;1.0;3.321928094887362;0.0;1.584962500721156;1.0;0.0;1.584962500721156;0.0;2.807354922057604;3.4594316186372973;1.0;1.0;3.700439718141092;4.247927513443585;0.0;1.0;0.0;2.321928094887362;2.0;1.584962500721156;2.584962500721156;4.523561956057013;4.247927513443585;1.584962500721156;0.0;1.584962500721156;2.0;2.0;2.807354922057604;1.584962500721156;3.0;3.4594316186372973;2.0;2.0;1.0;1.584962500721156;2.321928094887362;3.0;1.584962500721156;1.584962500721156;2.807354922057604;0.0;3.4594316186372973;2.807354922057604;3.0;1.0;2.0;0.0;4.459431618637297;1.0;4.459431618637297;3.169925001442312;3.169925001442312;1.584962500721156;1.0;2.0;0.0;1.584962500721156;2.584962500721156;2.584962500721156;2.321928094887362;2.321928094887362;2.0;2.0;2.584962500721156;2.321928094887362;3.0;3.0;3.321928094887362;2.321928094887362;4.906890595608519;3.321928094887362;1.0;1.0;1.0;1.584962500721156;1.584962500721156;2.321928094887362;2.807354922057604;1.0;3.0;2.321928094887362;2.584962500721156;2.321928094887362;2.321928094887362;1.0;3.0;0.0;2.0;3.4594316186372973;3.0;2.0;2.807354922057604;3.0;2.807354922057604;1.0;3.0;2.584962500721156;1.584962500721156;3.0;2.0;1.584962500721156;1.0;0.0;2.0;1.584962500721156;2.807354922057604;0.0;1.0;2.0;2.321928094887362;1.0;1.0;2.584962500721156;2.321928094887362;1.584962500721156;1.0;2.584962500721156;2.321928094887362;3.700439718141092;2.0;1.0;2.0;1.0;3.584962500721156;2.584962500721156;3.169925001442312;3.906890595608519;3.807354922057604;3.0;1.0;2.807354922057604;0.0;3.906890595608519;3.906890595608519;4.584962500721156;3.0;1.584962500721156
12.428883552010191;12.971902746045467;10.894059846274022;11.943613701614042;12.565578136784328;12.216139556425135;13.754991860009431;10.99435343685886;11.68650052718322;12.419170165028538;11.99435343685886;11.480285320936373;11.71338651493703;12.207929445511668;12.105581181277437;12.751962413460854;13.338318553240237;12.554828641429854;12.884552133987237;12.924070185585345;12.08381170725288;12.216139556425135;12.06373212019692;12.160501747555688;12.407798850221974;13.33399388276136;12.85681455250301;12.037890085142507;12.63390340934852;10.963618617443972;12.34179677239183;11.980853606379736;7.857980995127572;12.211888294546004;12.709299252712157;12.688250309133178;12.374496145691516;11.900866807980748;12.346513733165636;12.06373212019692;12.061371192659813;13.678930187152346;12.29232163280204;12.57104154760109;12.058668250340572;13.43228089721416;12.529918528120325;12.226412192788786;10.153552031708111;12.783612165256038;12.80916520537188;12.976385117888592;11.975489756945754;13.034798962577268;11.949097155729207;12.507299124122763;11.948367231584678;13.33399388276136;11.977995368612962;11.889503963411476;12.51939054134796;12.53600431728855;11.977995368612962;11.840777923595054;11.847448903982432;13.230320715661112;11.57601187420678;11.949097155729207;12.183635381473218;11.800899899920305;12.054265139625764;12.911204709977175;12.160501747555688;12.128960950855696;11.740624044489412;12.06373212019692;13.192292814470768;10.925554439873554;12.391512122707118;12.1373113907009;12.569380959522295;12.8649599151426;12.714460188456028;12.8649599151426;11.233619676759702;12.569380959522295;11.708437298965295;12.044052531801302;11.502334580197996;12.057991722759176;12.106890045092218;12.929813184664148;11.645208082774683;12.897278247411265;12.669992279616398;11.824163209744158;12.80996904717615;12.220982851081777;13.978531719709377;11.793603309279408;12.83605035505807;12.34179677239183;12.077483356859508;12.766942940755785;12.350386742312844;11.709083812550343;12.08381170725288;12.881113960675096;12.046100845028802;12.472437000051327;12.211888294546004;12.105581181277437;13.36755126021612;11.41256984680521;12.45249865769279;11.76445696361989;11.962173031109709;11.542548262335211;11.909893083770042;11.78463484555752;11.825753832883112;12.31174831500496;11.741466986401146;11.605479518061667;11.375582512490508;11.762797262498232;12.61677855400014;11.106562940444883;11.62844554013718;11.665335917185176;12.01854794187165;12.136670762341843;12.429929741353272;11.722807531169549;12.799484005620014;11.768184324776929;11.9947069952581;11.85836959985474;11.848231701093818;12.471421196424862;12.982458880127355;11.733015321685963;11.522091068887065;12.18239435340453;11.732167425663384;11.597121428789569;11.62113611327464;11.733439082899434;12.02167404285837;11.841957399099549;12.30577676890981;10.954196310386877;12.554828641429854;12.24555270625568;11.7710767402628;10.52061868055628;12.289442575688332;11.966144913345602;11.843528534611089;11.955649907528374;11.839203788096944;12.387748100711294;11.567480801143043;12.253847484987404;11.791569912126878;12.515699838284045;12.42940674151398;11.660887270302569;11.06406908038551;13.309334237400968;11.304921669581672;11.247927513443583;11.767356854125683;12.6691065113363;12.339850002884624;12.067770457447825;12.08381170725288;12.655977862486942;11.919608238603251;11.879583249612784;12.12088584278779;11.668884984266247;12.320518524632693;11.539643506238036;12.800697714363126;11.696098170955864;11.573173784686484;11.847057346091336;11.941414470942911;12.721953612801386;12.38316426063511;11.397139806235604;11.294620748891628;11.468624042918018;11.868822554775;12.215229625747924;12.052568050804153;12.149429590056744;11.918863237274596;10.98299357469431;11.240195053979924;11.68431031112435;11.670213636738564;10.232420927176076;12.171489577065657;11.926295994781112;12.3409627642517;12.66777683839343;11.483815777264256;11.747353829478062;11.570804437724496;11.817383427897232;12.084476237453892;12.253256579781151;12.488342277532524;11.694357887221452;12.116018993325094;12.077149515589731;13.087628582538464;11.715104009236168;11.756556322524087;11.043710863347156;12.869593843240784;12.01227534485612;11.838416075797335;11.757806672197228
10.045759661382682;10.323054760341646;9.364134655008051;9.14974711950468;10.134426320220928;9.820178962415188;9.61286849729104;10.591522346570734;7.451211111832329;9.550746785383245;8.46352437327118;9.124121311829189;9.216745858195306;8.876516946565;9.99435343685886;9.124121311829189;10.265615046484458;9.952741247186488;11.366868586167094;9.517669388133813;10.023754353299417;9.820178962415188;10.127994320976391;9.194756854422248;9.18239435340453;10.53818893205242;8.459431618637296;10.99717948093762;9.923327485419192;8.741466986401146;10.025139562278508;8.417852514885897;7.303780748177103;9.027905996569883;9.52943055414615;10.088788238716909;9.79603960882977;9.461479447286155;9.31741261376487;10.127994320976391;9.066089190457772;10.051208940914766;9.640244936222343;8.977279923499916;10.1006623390052;10.949097155729207;8.076815597050832;10.30035256032822;8.731319031025064;8.854868383260236;9.011227255423254;9.312882955284357;10.478769619475765;9.756556322524087;8.640244936222345;9.290018846932618;9.61286849729104;10.53818893205242;8.214319120800766;8.422064766172813;9.874981347653774;11.141468555393084;9.169925001442312;9.169925001442312;9.818582177480858;8.247927513443585;9.269126679149418;8.640244936222345;8.668884984266247;9.116343961237469;9.335390354693924;8.870364719583405;9.194756854422248;9.5980525001616;8.184875342908283;10.127994320976391;9.074141462752506;10.46352437327118;8.543031820255237;8.76487159073609;9.12670447284319;10.08746284125034;9.303780748177102;10.08746284125034;6.459431618637297;9.12670447284319;8.933690654952233;9.46352437327118;11.122180901259751;10.407267764244732;9.627533884472792;8.870364719583405;10.01262453886506;9.909893083770042;10.404077136241234;10.89178370321831;12.308054559066637;9.684748620421626;8.442943495848729;10.366322214245816;9.306061689428342;10.025139562278508;8.447083226209653;8.483815777264256;7.94251450533924;10.1357092861044;10.023754353299417;9.581200581924955;10.473705749619416;7.467605550082998;9.027905996569883;9.99435343685886;8.83605035505807;10.10459875356437;9.016808287686557;9.955649907528374;10.335390354693924;9.837627933171404;10.584022940257542;10.77066389291676;10.306061689428342;10.97656412341533;10.639340708652233;9.721099188707186;9.407267764244732;10.053925881531104;9.679480099505446;9.61654884377899;11.06339508128851;9.324180546618742;10.323054760341646;9.92184093707449;11.394462694610317;9.164906926675688;9.422064766172811;10.512740462803498;9.08214904135387;9.13699111208023;9.26209484537018;10.240791332161956;11.959277505720502;11.530893981193922;11.109177703355275;11.669770888525518;8.92184093707449;8.848622940429339;10.906890595608518;11.11829223302699;11.04916787237217;9.874981347653774;9.936637939002573;10.714245517666123;10.7047682393626;9.092757140919852;9.027905996569883;9.199672344836364;9.3151495622563;11.150381968817848;9.59245703726808;10.779719355143405;10.949097155729207;9.39231742277876;11.366322214245816;11.437231901039478;10.42940674151398;10.512740462803498;9.90388184573618;10.814582465906277;11.206403913973848;9.951284714966972;10.344295907915816;10.539158811108033;11.664891669286089;10.680359523513712;10.73978060977326;11.840384550711669;11.054604317960672;10.234817431117325;8.867278739709661;11.018895621121649;9.86573327085176;11.320800548881635;10.496853777388042;10.565102078360312;10.357552004618084;9.194756854422248;10.293471648838134;9.98299357469431;9.906890595608518;9.4241662888181;9.59245703726808;9.625708843064466;10.319672120946995;9.306061689428342;9.016808287686557;8.76487159073609;11.534789211480266;9.306061689428342;10.323054760341646;10.50382573799575;10.855647166027266;10.280770770130603;9.741466986401146;8.997179480937621;11.169298695792843;9.672425341971495;11.873444112515376;10.080817527608328;10.335390354693924;9.884170519108435;10.3297963382207;11.379919817646538;11.7047682393626;8.72451385311995;10.492854620174748;11.597587039586216;9.64565843240871;10.752380646552892;9.854868383260236;11.713816080234498;10.654636028527968;9.497851836951115;11.816183681432342;10.208234358339787;10.064742764750257;10.690871009292314
8.985841937003341;10.846273911349906;8.413627929024173;10.547858506058416;10.369597346278676;10.193525360501216;11.954559846999834;10.969386521342283;10.777255315191924;10.41574176829009;7.03342300153745;7.820178962415188;9.131856960608792;8.388017285345136;9.08746284125034;8.46352437327118;10.664447284547972;10.787086324551616;11.350386742312844;11.205182326228645;9.422064766172811;10.193525360501216;10.083479327331842;8.027905996569885;10.801708358916462;10.460455896309636;6.727920454563199;10.161131882984307;11.194141238863136;9.199672344836364;9.306061689428342;8.577428828035748;7.339850002884624;10.960725994839056;9.411510988012072;9.189824558880018;8.974414589805527;10.727069558023706;10.962173031109709;10.083479327331842;10.12670447284319;12.738725622493424;10.303780748177102;6.426264754702098;10.685624839726357;10.576484346796851;11.456867738380344;9.710806433699352;6.22881869049588;6.727920454563199;11.357002092264985;9.413627929024171;10.586839787961829;11.836444911341369;7.257387842692652;10.25502856981873;8.348728154231077;10.460455896309636;9.741466986401146;8.668884984266247;8.366322214245816;9.147204924942228;9.147204924942228;9.89633240390994;8.487840033823051;8.396604781181859;10.17617314910749;7.257387842692652;9.52552080909507;9.473705749619416;7.820178962415188;9.41574176829009;8.027905996569885;8.479780264029099;5.727920454563199;10.083479327331842;9.884170519108435;9.34207466799914;7.900866807980749;10.226412192788786;12.48708634027127;11.688250309133178;9.499845887083206;11.688250309133178;9.038918989292302;12.48708634027127;9.11504365016171;9.011227255423254;9.084808387804362;9.219168520462162;11.249113452713727;9.845490050944376;8.124121311829187;11.545929769085468;10.800899899920305;11.41415667927414;10.992230264965889;9.693486957499324;8.800899899920305;9.710806433699352;9.471675214392045;9.306061689428342;7.577428828035749;8.243173983472952;9.487840033823051;8.353146825498083;9.422064766172811;10.873444112515376;9.43254190038826;8.894817763307943;10.960725994839056;9.08746284125034;9.94397991434374;9.372865060112588;10.321928094887362;9.134426320220928;9.79766152585376;10.019590728357882;10.366322214245816;9.88264304936184;10.0;9.826548487290914;10.164906926675688;10.395534135462302;9.533329732305834;9.571752643503546;11.10459875356437;8.577428828035748;10.304921669581672;9.829722735086058;10.73893668167614;9.68650052718322;10.825753832883112;9.820178962415188;11.050528905530555;9.805743872151618;9.643856189774723;10.756556322524087;9.39231742277876;10.782998208920414;11.11309098344238;9.974414589805528;9.981567281903017;10.131856960608792;9.79603960882977;8.651051691178928;9.823367240046236;9.90839262077375;9.620219825507489;9.92481250360578;9.756556322524087;9.319672120946995;10.756556322524087;10.125413470483316;9.86573327085176;8.20945336562895;10.249113452713727;10.211888294546004;9.698704666770343;10.63662462054365;9.535275376620802;10.499845887083206;10.208234358339787;11.122180901259751;10.437752072323605;10.513727595952435;10.129283016944967;9.991521846075695;9.413627929024171;11.711666973564348;10.215532999745657;9.749869427396844;10.277287400130357;10.554588851677638;10.52258153125483;10.066089190457772;9.94104760634058;10.309476353841106;9.782998208920414;9.90839262077375;11.055282435501187;9.894817763307945;10.314016703901355;9.853309555403674;10.606405212697783;9.893301530860564;9.43879185257826;9.44086916761087;9.936637939002573;10.8193807908646;10.536247215688128;9.658211482751796;10.273795599214264;10.260919533662904;9.957102041562289;9.897845456005513;10.600842114387302;10.651948610723446;10.17617314910749;9.0;9.88264304936184;9.954196310386877;10.555547771647063;8.479780264029099;11.046441948007311;10.237209960755022;10.839991070539886;11.201511344500146;9.50382573799575;9.792790294301064;9.96289600533726;10.027905996569883;10.698704666770343;10.451211111832327;10.022367813028454;9.900866807980748;10.584962500721156;10.278449458220482;8.0;9.782998208920414;9.312882955284357;7.894817763307944;11.135067945777816;10.721099188707186;10.215532999745657;10.164906926675688
8.599912842187127;9.13699111208023;8.665335917185176;9.977279923499916;9.649256177517314;8.622051819456376;9.485829308701904;9.221587121264806;6.303780748177103;8.573647187493322;7.888743248898259;7.94251450533924;8.857980995127573;9.90839262077375;8.361943773735241;8.861086905995395;12.553869243196068;10.28424574982967;10.671541066711884;10.186114239541643;7.98299357469431;8.622051819456376;9.519636252843211;8.357552004618084;9.372865060112588;11.500343969270403;8.271463027904375;8.29920801838728;9.756556322524087;7.787902559391432;8.366322214245816;7.994353436858858;3.906890595608519;10.169925001442312;9.428360172704291;9.348728154231075;8.159871336778389;10.471675214392045;10.122827994807666;9.519636252843211;8.348728154231077;11.50084187955693;10.257387842692651;7.936637939002571;10.13699111208023;8.768184324776927;11.581200581924955;8.344295907915816;4.523561956057013;9.837627933171404;10.4797802640291;8.238404739325079;7.20945336562895;10.186114239541643;8.43879185257826;10.158609688214478;8.060695931687555;11.500343969270403;9.643856189774723;7.994353436858858;8.879583249612784;8.546894459887637;8.312882955284355;9.038918989292302;9.537218400538595;9.90388184573618;9.923327485419192;8.43879185257826;8.335390354693924;7.139551352398794;7.247927513443585;8.672425341971495;8.357552004618084;7.768184324776926;10.389093521904474;9.519636252843211;7.499845887083206;8.049848549450562;10.94982671075911;10.41574176829009;11.252074042796185;10.668884984266247;8.851749041416058;10.668884984266247;7.592457037268081;11.252074042796185;8.651051691178928;9.243173983472952;6.7414669864011465;8.262094845370179;7.971543553950772;10.467605550082997;9.271463027904376;11.169298695792843;8.857980995127573;9.78135971352466;9.221587121264806;9.733015321685963;9.041659151637214;8.64745842645492;9.303780748177102;8.366322214245816;6.022367813028454;7.475733430966398;8.189824558880018;9.159871336778387;7.98299357469431;10.072802534544207;9.815383295813538;9.174925682500678;10.169925001442312;8.361943773735241;7.459431618637297;6.392317422778761;8.483815777264256;9.084808387804362;6.832890014164741;6.614709844115208;6.857980995127572;6.22881869049588;7.857980995127572;9.002815015607053;6.930737337562887;5.906890595608519;8.988684686772165;7.562242424221073;8.285402218862249;10.194756854422248;7.707359132080882;7.774787059601174;7.714245517666122;6.820178962415188;8.618385502258606;8.164906926675688;9.310612781659527;8.434628227636725;7.149747119504682;9.878050912728536;7.357552004618084;9.022367813028454;9.491853096329674;6.918863237274595;5.78135971352466;7.066089190457772;7.906890595608519;5.954196310386875;6.189824558880018;7.459431618637297;9.44086916761087;6.523561956057013;8.88264304936184;6.599912842187128;7.977279923499917;7.417852514885898;7.948367231584678;5.930737337562887;8.519636252843213;7.149747119504682;8.92481250360578;6.169925001442312;7.179909090014935;11.53818893205242;8.066089190457772;7.409390936137702;9.594324603924848;7.936637939002571;7.459431618637297;7.417852514885898;6.169925001442312;9.283088353024002;6.9886846867721655;6.507794640198696;7.870364719583405;9.457380879072534;7.523561956057013;7.774787059601174;6.754887502163468;7.912889336229962;8.734709620225837;6.523561956057013;10.20212382383046;7.651051691178928;8.149747119504681;6.426264754702098;8.951284714966972;8.45532722030456;9.13699111208023;7.700439718141092;6.94251450533924;7.189824558880018;9.20212382383046;9.131856960608792;8.038918989292302;6.807354922057604;7.845490050944375;9.167418145831736;7.087462841250339;7.366322214245816;10.08746284125034;5.906890595608519;6.6293566200796095;7.800899899920305;6.3750394313469245;6.794415866350106;7.636624620543649;7.159871336778389;7.357552004618084;8.370687406807217;7.658211482751795;6.569855608330948;6.491853096329675;7.499845887083206;7.693486957499325;9.236014191900084;8.366322214245816;7.189824558880018;7.339850002884624;7.954196310386875;10.052568050804153;8.651051691178928;6.820178962415188;6.087462841250339;8.169925001442312;7.434628227636725;9.445014845868425;7.483815777264256
12.98370619265935;12.75905593916017;13.29978040285854;12.785656801427193;12.36796070964157;13.254880987082077;11.578844391558205;12.727069558023706;12.12088584278779;11.944346034137832;12.572700226487292;12.792180232254807;12.721099188707186;12.550506316170104;12.652620934638165;13.139231570719351;12.665113810335244;11.95310515059134;12.41256984680521;12.298635406734242;13.8549657540996;13.254880987082077;12.708221730038352;12.623195635452936;12.42678889459556;12.866699382882029;12.67926015971679;12.84960057483748;13.227164654622404;12.745254141957256;12.577428828035748;12.075813377461454;10.627533884472792;12.475480126595476;11.675074920385445;12.907266248531066;12.730682407476795;12.328113894833656;11.830119025444516;12.708221730038352;12.829722735086058;12.231821178657404;13.479148694154771;13.529918528120325;12.4812949046311;13.184875342908285;12.37910756556115;11.963618617443972;12.014369242235135;12.474212937193943;13.252517607762288;13.325727069736166;12.762589665542569;12.310612781659527;11.458406613236534;12.35397382181817;12.99964773652837;12.866699382882029;12.545205827425605;12.881113960675096;13.226111098132389;13.106072144372488;11.767356854125683;12.217351905270334;12.168985440978698;13.374767814092824;12.48758884638603;11.458406613236534;12.770250927394864;12.99435343685886;12.483815777264256;12.398476501449256;12.623195635452936;12.677939816390142;11.743572188935634;12.708221730038352;12.456097684964202;13.9988548290938;11.128638812852598;12.429145170478744;12.009128789539256;12.579080183834757;13.388286419762649;12.579080183834757;11.107870914279614;12.009128789539256;12.798269274949693;11.86727873970966;12.188279751964144;12.760719947465624;12.410451351503994;12.121857245612654;13.406470768529283;12.918490592292311;13.08115052127187;12.035486451292154;13.401546208508726;12.701523066574437;12.065079488999862;12.76487159073609;12.600145216358667;12.577428828035748;12.570092874188056;12.690652799348484;12.688031702413934;13.17882043957938;13.8549657540996;12.911579241402148;12.606867837374152;12.519636252843211;12.475480126595476;12.652620934638165;12.450180247164754;12.684748620421626;12.236313227042803;12.406470768529283;12.905198945962804;12.42574042431621;13.205182326228645;12.35424938194524;12.328394438352458;12.679040186393062;12.653516879421431;12.833483105659584;12.009478745888066;12.871327736134008;11.91214085629572;12.14974711950468;12.266786540694902;12.205487820150566;12.918490592292311;12.805139264316736;12.872290110288091;12.71831881047926;12.82714419098428;12.104926303807776;12.73956967402599;12.49560523119078;12.44889062962926;13.04524773457825;12.086799685623452;12.258271576282851;12.669549463455496;12.895575282380683;12.266786540694902;11.711236767793784;13.07296996854206;12.43879185257826;12.78953364497036;12.725366257895642;13.020111839088086;12.668663423175296;12.900678158743355;12.518898992777316;12.624110035762987;12.027214885159834;12.531625138422624;12.51101135288224;12.11309098344238;13.107217075591382;12.928888439397635;12.992938336165814;12.20304205556246;12.873828574886977;13.098690096673591;12.462246634244352;13.022367813028454;12.795024983961389;13.271900672391544;12.294620748891628;11.923698883295073;11.977995368612962;12.638435913990472;12.514714054138487;12.523561956057012;11.71681946132995;12.677499433285108;13.019764452849738;12.401946123976536;12.508042334429003;13.006852001748774;12.2603315185576;12.891973519025557;12.455840909126398;12.19383333254655;12.33511116842486;12.2903068962579;12.459431618637296;12.51422090935813;12.585432051592962;12.712527000439824;11.56652978262417;12.165849146176395;12.289730740083757;12.788310503700918;12.392854039872873;12.826548487290914;12.952013164889486;12.422327623974558;12.623195635452936;13.114555731198411;13.26839579355656;12.236911111444602;12.00105627463478;12.887030173247677;12.832494484336111;13.04524773457825;12.097044499322951;12.216745858195306;12.322209843748894;12.30577676890981;12.678380065109115;13.245998280472708;12.95673914505908;12.99169898341288;12.340406490853294;12.60408986146918;13.14338321398982;14.036001852919863;12.521600439723729;12.433585441150496;12.981567281903017;13.061708704660624;13.510146020155364;12.79968636133125;12.434628227636724
12.111135670234708;12.109177703355275;13.099183410079286;12.59245703726808;11.92740761294903;12.727282329212189;9.287712379549449;10.816183681432342;12.0877943047879;11.914758838941856;10.74819284958946;12.00105627463478;12.254733389246674;12.45198377723019;11.727069558023706;11.806952328210736;12.24436383512051;10.83605035505807;11.29748950116098;11.90839262077375;12.411510988012072;12.727282329212189;11.522091068887065;11.400879436282183;11.531868775177552;11.691307330191115;11.496354488564617;12.226111098132389;13.154185209265297;13.15592501602658;11.43567026093655;11.482303782323182;10.512740462803498;10.77313920671969;10.723660944409984;12.753007768945244;11.817783121774534;11.060020354507852;10.52061868055628;11.522091068887065;12.405939193342396;11.750288267591651;11.551227603598289;12.473705749619416;11.965062756744627;11.764042217306589;9.9901039638575;10.394462694610317;12.683433292835405;12.274960472140602;12.240791332161956;11.88683970588442;12.358651200892886;11.062720767165043;9.879583249612784;11.145295334933598;12.430191170191696;11.691307330191115;12.01576348736988;11.745254141957256;13.00105627463478;12.47218311618954;11.153552031708111;11.703903573444665;11.40886043602476;12.443720600656578;12.208234358339787;9.879583249612784;12.681238411777803;11.556506054671928;12.303495376790377;11.014020470314934;11.400879436282183;11.722807531169549;11.53430288245463;11.522091068887065;13.164906926675688;13.443720600656578;10.277287400130357;11.50481898763284;10.733015321685963;11.950555897047511;12.410186320725094;11.950555897047511;10.496853777388042;10.733015321685963;12.978174174468167;10.38586240064146;11.659995892429976;11.934428040626804;11.603626344986193;11.25974326369078;13.161761743304677;11.719388820942084;12.368506461507693;11.779308973959898;12.766942940755785;11.308339030139408;11.726643921483994;12.310044679647506;12.966685687403618;11.43567026093655;11.730894646541673;12.074810461160451;11.522091068887065;11.971184272404678;12.411510988012072;11.513727595952435;11.790348496751914;12.550025257465784;10.77313920671969;11.727069558023706;12.746514321138465;11.717248005827646;10.508785162064513;10.664447284547972;11.571752643503546;11.11504365016171;11.89973454235751;11.002111776479852;10.874981347653774;10.79197682089869;10.902375114486023;11.52845411076479;10.388017285345136;11.776844232402167;9.815383295813538;10.78953364497036;11.101319154423276;11.263269200372662;11.43514933836693;11.28886607416582;11.85681455250301;11.36194377373524;10.91214085629572;10.61654884377899;10.823367240046236;10.980139577639155;11.321928094887362;11.73640193131829;10.16867211813223;10.725366257895642;11.177419537989236;11.642051692927977;10.679480099505446;10.234817431117325;11.940313597145968;11.076815597050832;11.15608307628868;11.349834091457248;11.274960472140602;11.485326189240524;11.573173784686484;10.952013164889486;11.207014320177532;11.274378153246364;10.881878707600446;11.090112419664289;11.159240650411672;11.671541066711884;11.798066720363062;11.826151214800207;11.1767964781476;11.789126046425231;11.871135184243045;10.28424574982967;11.559377090526684;11.530893981193922;13.018374070821016;10.364134655008051;11.020979938904212;10.836839359748716;11.481799431665753;10.778077129535358;11.048486873992337;9.981567281903017;10.987264012072538;11.717676423066395;10.77066389291676;11.027905996569883;11.442425193331609;11.378294855911893;11.698704666770343;11.445532219028312;10.393390457443989;10.926295994781112;10.353146825498085;11.017504401109417;10.871135184243045;10.74819284958946;11.49735289347705;9.749869427396844;11.061371192659813;11.054604317960672;11.04507705193494;10.395534135462302;11.493855449240822;11.184875342908285;11.002815015607052;11.428360172704291;12.38586240064146;12.582847628550269;11.194756854422248;11.828929827651486;11.552188759557149;11.54399845013454;11.586370695113963;10.290018846932618;10.702172685365548;10.90388184573618;10.754052367528924;11.190442018782823;12.271754805646474;11.058668250340572;11.533329732305834;11.184255495405347;10.967226258835993;11.874981347653774;10.579315937580017;11.076815597050832;10.802516365121225;12.025485656808389;12.250298417906333;12.582847628550269;11.485829308701904;10.52943055414615
9.469641817239516;7.348728154231077;6.727920454563199;8.199672344836364;7.139551352398794;7.954196310386875;6.845490050944375;6.087462841250339;6.672425341971495;4.643856189774724;8.679480099505446;7.294620748891627;6.129283016944966;7.721099188707186;7.562242424221073;7.321928094887363;6.894817763307944;6.700439718141092;7.700439718141092;6.569855608330948;6.906890595608519;7.954196310386875;7.807354922057604;6.954196310386875;6.845490050944375;7.0;9.930737337562888;8.129283016944967;8.689997971419446;7.189824558880018;8.29920801838728;5.807354922057604;9.364134655008051;7.108524456778169;7.599912842187128;6.977279923499917;6.768184324776926;7.562242424221073;8.89178370321831;7.807354922057604;6.569855608330948;7.129283016944966;7.266786540694901;8.266786540694902;7.417852514885898;8.39231742277876;6.507794640198696;6.882643049361842;6.442943495848728;8.243173983472952;7.442943495848728;7.22881869049588;7.614709844115208;8.022367813028454;4.459431618637297;7.888743248898259;6.584962500721156;7.0;6.189824558880018;7.321928094887363;7.74819284958946;7.900866807980749;5.700439718141092;7.312882955284356;7.285402218862249;8.707359132080883;6.930737337562887;4.459431618637297;7.894817763307944;8.066089190457772;7.787902559391432;7.247927513443585;6.954196310386875;7.129283016944966;7.139551352398794;7.807354922057604;7.266786540694901;7.707359132080882;5.20945336562895;7.076815597050831;7.531381460516312;7.179909090014935;6.0;7.179909090014935;5.78135971352466;7.531381460516312;6.894817763307944;6.820178962415188;7.651051691178928;8.714245517666123;7.03342300153745;7.266786540694901;7.066089190457772;6.507794640198696;8.89178370321831;7.832890014164741;8.839203788096944;7.434628227636725;6.554588851677638;7.515699838284043;7.199672344836364;8.29920801838728;8.81698362325538;6.658211482751795;4.807354922057604;7.467605550082998;6.906890595608519;7.693486957499325;7.442943495848728;7.679480099505446;7.108524456778169;7.562242424221073;8.820178962415188;8.499845887083206;6.820178962415188;7.451211111832329;8.194756854422248;7.888743248898259;8.562242424221072;8.686500527183219;7.832890014164741;8.03342300153745;7.686500527183218;8.682994583681683;8.62935662007961;8.86418614465428;7.451211111832329;7.257387842692652;7.813781191217037;7.459431618637297;8.39231742277876;7.988684686772165;9.074141462752506;8.409390936137703;8.149747119504681;7.584962500721156;8.118941072723507;7.888743248898259;8.243173983472952;9.139551352398794;7.741466986401146;8.330916878114618;7.988684686772165;8.388017285345136;7.707359132080882;7.539158811108031;8.199672344836364;8.888743248898258;8.640244936222345;7.614709844115208;7.562242424221073;9.649256177517314;8.971543553950772;7.832890014164741;7.768184324776926;8.184875342908283;7.179909090014935;8.870364719583405;9.214319120800766;8.546894459887637;9.214319120800766;7.546894459887636;8.055282435501189;8.829722735086058;8.08214904135387;7.988684686772165;8.233619676759702;7.94251450533924;10.007027266893967;6.672425341971495;8.060695931687555;6.700439718141092;9.025139562278508;8.459431618637296;8.413627929024173;7.076815597050831;9.174925682500678;8.810571634741146;7.577428828035749;8.204571144249204;8.491853096329674;8.434628227636725;8.768184324776927;9.681238411777803;6.807354922057604;8.257387842692651;8.055282435501189;8.011227255423254;7.977279923499917;7.442943495848728;7.584962500721156;6.285402218862249;7.918863237274595;7.303780748177103;7.888743248898259;6.7414669864011465;8.603626344986193;7.6293566200796095;8.060695931687555;8.74819284958946;9.820178962415188;8.599912842187127;7.3750394313469245;6.523561956057013;8.813781191217037;8.108524456778168;8.357552004618084;7.794415866350106;9.296916206879288;7.888743248898259;7.845490050944375;8.977279923499916;9.407267764244732;8.405141463136344;8.977279923499916;9.35974956032233;8.45532722030456;8.721099188707186;6.845490050944375;8.144658242831882;7.721099188707186;7.971543553950772;8.894817763307943;9.422064766172811;8.022367813028454;8.312882955284355
14.779975784116347;14.100744457287425;15.100867625947345;15.983505804431944;13.73259143596501;14.85579314100581;10.918863237274596;12.89273253261186;12.91737207947684;12.882260929099804;13.062552139376775;13.764560631570992;14.693323599627794;14.716658724318933;14.558121715310891;14.903081590696653;12.324461855977315;14.027905996569883;12.906890595608518;13.75227609964601;15.363963612168048;14.85579314100581;13.959730314813982;13.607561496354206;13.480411557541508;13.068442416025826;13.590470095187486;15.37055119427434;15.133824536988572;14.81813276310386;12.927777962082342;13.450051337274044;13.250150350472438;13.168358727223886;12.81518313000803;14.54490407781858;14.520557298419956;13.507794640198696;12.57104154760109;13.959730314813982;14.78007834294492;12.50754690343482;14.20250649141205;14.778641855462883;14.677058915711948;14.164906926675688;11.88149638481011;12.533573081389802;13.56057167123656;14.47604999890063;14.475226777742266;14.256356135514164;14.65709510488839;12.637530551525307;11.068106475858771;13.941689558185786;13.640696837570092;13.068442416025826;13.897089128312755;13.290450899356378;15.135669210685547;13.563672959827514;12.653964643249012;14.540854532113636;11.883025068440173;13.463013413449692;13.995767150877802;11.068106475858771;14.243917755743324;14.8311587700151;14.48915805083155;12.960906953765717;13.607561496354206;13.502458902231846;13.04336911395769;13.959730314813982;13.53733975268914;14.611658834971117;11.642954223480332;13.360847084179664;12.411510988012072;14.085887348621604;13.808260347656027;14.085887348621604;11.59245703726808;12.411510988012072;13.966820849251937;13.211736231827455;14.20869160678508;14.591171681377784;13.65809988383154;13.567480801143043;14.88159197500666;13.114718389188424;15.202583012749797;12.04746477331842;14.689725038703124;13.398610102879262;12.204571144249204;14.599970939239018;14.713493918252984;12.927777962082342;14.58894882031468;14.579198065523013;12.249706056969703;14.568074869523228;15.363963612168048;14.069617590965562;13.708868340211673;15.03514274788591;13.168358727223886;14.558121715310891;14.64227737850386;14.691252797294702;13.318260343712415;14.194910717275365;15.14110927384699;14.129605011152504;14.776690046152304;14.482114671488024;13.955922294018542;13.961359251803998;15.29899331564994;14.684803399721876;13.940405368720752;15.437004267113544;12.14974711950468;14.469641817239516;13.447470717605748;14.420025992726252;14.383096742439664;14.55728419121321;14.253995173480227;14.358239100426132;13.644532294625444;14.000440208419151;14.642785042003634;14.290666877056957;13.845980013605184;15.573144191852604;12.491101496916537;14.67065624911844;14.80911495038482;13.985219338104232;14.180142265411972;13.657318449581288;14.325867580575418;14.147204924942228;14.42574042431621;14.007377733321269;13.85943772344045;15.097908671970512;14.86113538283688;13.59700500260697;14.538310202597684;13.899828931774332;13.609409624761804;14.11504365016171;14.405407422219204;14.883550179557258;14.69310576035504;14.66494720775513;13.861571601125398;14.568728062325222;14.503887836135904;12.964701857420447;14.922584402713664;14.191907427787324;14.952741247186488;12.247927513443583;12.98655314975666;13.190596342475638;14.632597674446188;13.74430828467566;14.530467301625723;12.483311954999351;15.048699720519169;14.846322888487077;13.71488943423155;14.028596777067108;14.880970525485576;14.382961696568474;14.672425341971495;14.842792277876104;12.950555897047511;13.964611618481191;14.686336376267194;13.758431440900267;14.23877790480164;14.252000102041183;13.913543937783;13.002287618401075;13.536854282829797;13.84901407369482;14.03737535776324;13.581553678816189;15.02466354669311;14.92560079822387;13.869979332899964;14.875125379505429;15.094778733741126;15.23877790480164;13.369052007001388;13.504694868818218;14.5921650114709;14.961268803539594;14.96289600533726;13.134426320220928;14.295194955880657;14.594907723063336;14.100251677466776;14.556266543582993;14.919002954331363;14.677113987765123;14.604958553690327;14.935809623751084;14.524908953179844;14.718800413397922;11.610102062999664;13.815683492459163;14.400412512298812;14.910080531966354;14.398276076103468;15.644025245694404;14.473642338633717;14.259816808667775
10.750706986224948;11.358651200892886;10.740624044489412;10.921097088106793;10.373952655370193;10.694357887221452;10.614709844115207;9.677719641641009;11.178664851006472;10.669770888525518;10.732167425663384;9.792790294301064;9.4797802640291;10.553629293916364;10.889503963411476;9.7714894695006;10.346513733165636;10.236014191900084;10.375039431346924;11.154185209265297;10.46352437327118;10.694357887221452;10.733862719678545;10.066089190457772;10.7714894695006;11.114393054867309;9.843921051289035;10.697836357962377;11.535761377986656;10.426264754702098;11.44759985827995;9.544964432789238;8.936637939002571;11.43879185257826;9.375039431346924;11.350939181546432;9.932214751968385;10.265615046484458;10.786269627648466;10.733862719678545;11.453785055496157;9.851749041416058;11.4797802640291;10.053925881531104;10.236014191900084;10.417852514885896;9.501837184902296;9.753216749178955;9.052568050804153;11.225207436943505;11.41574176829009;9.679480099505446;10.582141981658776;11.233020426474496;9.505811553919594;10.187352073200495;9.73809225962049;11.114393054867309;10.510764167917891;9.794415866350104;10.884933647949762;11.514714054138487;9.319672120946995;9.955649907528374;10.203348002979762;9.802516365121225;11.347621368568134;9.505811553919594;9.958552715431011;11.312315746690109;9.845490050944376;10.187352073200495;10.066089190457772;10.295768934420508;7.6293566200796095;10.733862719678545;9.405141463136344;11.010528105886484;8.92184093707449;9.4797802640291;11.450695771572915;10.240791332161956;10.086136225027309;10.240791332161956;8.870364719583405;11.450695771572915;10.956013078088098;10.30149619498255;9.899356922923111;10.810571634741146;10.140829770773;9.968666793195208;9.634811050171718;10.124121311829189;10.899356922923111;9.08214904135387;11.409390936137704;10.878050912728536;10.468624042918018;11.134426320220928;11.098032082960527;11.44759985827995;10.663558104217271;10.287712379549449;10.144658242831882;11.672867276433792;10.46352437327118;10.863411958941638;10.963618617443972;10.10459875356437;11.43879185257826;10.889503963411476;9.905387005018133;11.105908508571158;10.451211111832327;9.14974711950468;11.145295334933598;10.694357887221452;11.330916878114618;9.871905237659186;10.811374693509942;10.891024190149498;9.54882190845875;11.141468555393084;9.774787059601174;10.711666973564348;11.261507309202056;10.112439506781552;10.53430288245463;10.484822894262146;11.154818109052105;11.430452551665532;11.112439506781552;10.741466986401146;11.439830883981392;9.843921051289035;11.323054760341646;11.015415052386688;10.62844554013718;11.127349541059118;10.952013164889486;10.31741261376487;10.147204924942228;11.302638923787551;10.63390340934852;9.73809225962049;11.17617314910749;10.947636937951827;10.832098846039134;11.103943429891558;11.31741261376487;9.554588851677638;11.357552004618084;11.26209484537018;11.004922678569043;9.988684686772164;11.219168520462162;10.691743519171276;9.879583249612784;11.53818893205242;10.825753832883112;10.861086905995396;10.699572453287267;11.011227255423254;10.96650545190574;11.070120944476823;11.1767964781476;10.586839787961829;11.064742764750257;11.1879705919842;9.936637939002573;10.60917873814198;10.578372691360803;11.057991722759176;10.237209960755022;10.224001674198105;10.71338651493703;10.980139577639155;10.663558104217271;10.595257481449035;11.507299124122763;10.1006623390052;11.36139553316589;10.256208688527389;10.744833837499543;10.094077685671904;10.383704292474052;10.842350343413807;11.345405246717796;10.7714894695006;10.98584193700334;9.413627929024171;10.583082767502932;10.672425341971495;11.380461065088973;11.158609688214478;10.787902559391432;11.671098725748465;10.497851836951115;9.935165049603697;11.83289001416474;11.41574176829009;10.854089179870574;10.216745858195306;11.023061249735337;11.085472459181284;11.559855041513623;10.840777923595054;10.007027266893967;10.539158811108033;10.477758266443889;10.650154213675094;11.323054760341646;11.64880694972577;11.36194377373524;9.971543553950772;11.38316426063511;11.709083812550343;8.784634845557521;10.930737337562888;10.75905593916017;11.246740598493144;11.234817431117325;11.617926556798752;10.653740778706569;10.809768128710411
12.095067301607054;11.350939181546432;12.888172449665932;12.027905996569883;10.909143047339898;12.158609688214478;8.74819284958946;11.602698865017963;11.2246046815385;11.382624026574916;10.649256177517314;11.305491792110685;12.374224426123732;11.808159772868375;12.137951734715358;12.146568675740786;10.51668494930961;11.35974956032233;10.606405212697783;10.42940674151398;11.622509454683335;12.158609688214478;11.045759661382682;10.257387842692651;10.61194694181998;11.098032082960527;10.161131882984307;12.078484417411447;12.713816080234498;12.370959793297386;11.442943495848729;10.399811959325683;11.76983784362944;9.935165049603697;9.65642486327778;12.233919208586975;11.85369942030022;10.926295994781112;10.01262453886506;11.045759661382682;11.93737382019215;10.715104009236168;10.93737382019215;10.836839359748716;10.684748620421626;11.036173612553483;9.398743691938192;10.33427328530719;10.787902559391432;11.3151495622563;12.179909090014934;11.720671786825555;11.511258495502268;10.79603960882977;8.854868383260236;11.373408960228696;11.31741261376487;11.098032082960527;11.353146825498085;11.525031345124;12.173989374166537;11.688250309133178;10.389093521904474;11.555068391333338;10.365228849251544;11.25089053572334;11.192292814470768;8.854868383260236;11.403012023574997;12.193217322699065;11.554109152574004;9.831307243802051;10.257387842692651;11.051208940914766;9.618385502258606;11.045759661382682;10.4241662888181;12.87305954766147;9.060695931687556;10.83368074865474;9.909893083770042;11.068106475858771;11.756556322524087;11.068106475858771;10.199672344836364;9.909893083770042;12.685077265027829;10.667111542075029;11.285402218862249;11.928888439397635;11.107217075591382;10.437752072323605;12.154501693864765;10.764042217306589;12.599912842187129;9.459431618637296;12.34623669139025;10.805743872151618;9.658211482751796;11.686938171670388;12.360298426618046;11.442943495848729;11.7515440590891;11.818582177480858;11.109177703355275;12.423903765836592;11.622509454683335;11.040974598817304;11.265615046484458;12.139231570719351;9.935165049603697;12.137951734715358;11.040289721025715;12.199365616857982;10.312882955284357;11.450695771572915;12.456097684964202;11.369052007001388;12.32558654521057;11.483815777264256;11.40886043602476;11.234817431117325;12.091765938516804;11.901621158346112;11.060020354507852;12.298062567719017;9.537218400538595;11.458406613236534;11.152284842306582;11.475226777742266;11.852919585123995;11.905387005018133;12.027214885159834;11.639792893279312;10.83605035505807;11.247334178028728;11.566054038171092;11.721526464007477;11.679480099505446;12.19198451336031;10.045759661382682;11.99116750614001;11.954559846999834;11.842350343413807;11.541096615349524;11.109830654278792;11.95310515059134;11.65687172561398;11.941414470942911;11.321364432039449;11.212496385193948;12.360847084179664;12.229419688230417;11.145295334933598;11.818582177480858;11.41574176829009;11.134426320220928;11.476746203939468;11.223398414711628;12.39687231851056;12.30063855399372;12.068778277985412;11.663113308455806;12.017504401109417;12.13859179463752;10.131856960608792;12.208539206738363;12.010528105886484;12.73956967402599;9.594324603924848;10.52061868055628;10.965784284662089;11.965784284662089;10.875749351420056;11.65687172561398;9.698704666770343;12.127349541059118;11.875749351420056;11.11699367754698;11.276706019892432;12.244661144764198;11.817383427897232;12.02410078025291;12.278159031437236;10.193525360501216;11.405673332281866;11.782588759494963;11.147204924942228;11.805743872151618;11.563196272216738;11.169925001442312;10.197216693110052;11.216139556425135;11.206403913973848;11.984418458801136;10.828136484194108;12.305491792110685;12.20181761666792;11.684748620421626;12.363039630256514;12.745254141957256;12.8342735152347;10.92184093707449;11.381002109550924;12.08381170725288;12.24703741878858;12.470913026274877;10.145932145820517;11.565102078360312;11.605479518061667;11.590587049915037;12.000704269011246;12.869015415552091;11.68650052718322;11.739358707433396;11.926295994781112;11.657765035265363;12.453785055496157;12.159871336778387;11.42574042431621;11.832494484336111;12.700439718141093;11.964340867792416;13.176640671134011;11.948732239819616;11.50928016808786
12.01854794187165;12.362491806046062;11.786678033890652;11.862637357558794;11.634811050171718;12.332316330199218;11.895953892812168;11.136350341454156;13.479275030250204;11.979425195331473;12.35672705746463;11.074810461160451;11.896710815726117;12.50332885662666;11.96000193206808;12.25502856981873;12.312315746690109;11.252665432450248;11.943247395901553;12.804534402995223;12.404609397837712;12.332316330199218;11.711236767793784;12.24198314969433;11.905387005018133;12.31628153174622;12.940497134458203;12.099347810403192;13.006676715308988;11.727069558023706;11.076815597050832;11.59944798152872;8.184875342908283;11.372865060112588;12.33371442609397;12.565816107100892;11.918490592292311;11.339850002884624;12.035486451292154;11.711236767793784;12.405673332281866;12.857980995127573;11.52061868055628;12.901621158346112;12.279320387942608;12.528698283574188;11.369052007001388;11.040289721025715;11.06339508128851;11.744833837499543;12.462246634244352;12.62593709953846;12.7238742188639;11.234817431117325;10.689997971419446;11.841957399099549;12.557703014037768;12.31628153174622;11.669328004395904;11.54978466794786;12.43827205612483;12.238703279427725;11.332596057789214;11.330356716957944;10.685624839726357;13.388420968146134;11.67595703294175;10.689997971419446;12.576720525080246;11.888743248898258;12.967766627794514;12.446307931050343;12.24198314969433;11.860311054919482;11.46096776257042;11.711236767793784;12.375039431346924;12.859922972861758;9.98584193700334;12.154501693864765;11.1006623390052;12.42705089315088;12.446307931050343;12.42705089315088;10.99717948093762;11.1006623390052;12.088953827817909;11.757806672197228;13.469514634708393;11.443461612227392;12.702822011777029;12.184565452446156;11.396069557639867;12.60408986146918;12.136350341454156;10.909143047339898;12.719816603018126;11.751962413460854;12.922398572219317;12.091765938516804;12.618614920250804;11.076815597050832;12.355901638328415;12.18084156556666;12.534546067459992;11.780949798749663;12.404609397837712;12.020285500844649;11.419433550705378;12.72451385311995;11.372865060112588;11.96000193206808;12.88760142450871;11.350939181546432;11.831307243802051;11.235415935602528;11.785452468158542;11.273795599214264;11.911017407796985;11.023061249735337;11.264442600226602;11.648357582009666;11.46096776257042;12.064742764750257;10.73893668167614;12.072802534544207;11.469641817239516;10.926295994781112;10.91737207947684;11.405141463136344;11.793196859060943;11.625252221746871;11.869208250550829;11.430975172588068;12.005975356500382;10.972261848733291;11.7553048882624;11.287135186086704;11.507794640198696;12.053586543639174;11.295768934420508;11.053247125912426;11.448632567730552;11.73809225962049;11.233619676759702;11.305491792110685;12.254142846855748;11.30206767252652;11.285402218862249;11.835260918627489;12.121209716409284;11.06339508128851;11.86457308177364;11.673750739438065;11.61240779313867;10.703038388986418;12.44604940671655;11.284824100224624;11.18239435340453;11.773551346428505;11.85447883417163;11.720671786825555;11.11178773580101;11.944346034137832;11.69261550169458;11.81016993766466;11.9901039638575;11.631631805917635;11.555068391333338;12.089781488353998;10.90839262077375;11.193525360501216;11.534789211480266;11.59245703726808;11.767356854125683;10.99859042974533;11.450180247164754;12.58777751632821;11.404077136241234;11.4241662888181;11.808159772868375;10.98584193700334;11.932952892194717;11.145295334933598;12.042343379793692;11.057314877782703;11.020285500844649;11.4993476328766;11.724087461793989;11.891024190149498;11.841957399099549;10.79197682089869;11.179909090014934;11.298635406734242;11.804534402995223;11.71338651493703;11.779308973959898;12.060358182642142;11.243173983472952;11.198445041452365;11.353698209048035;12.13859179463752;11.357552004618084;10.783816759320182;11.595723694101627;11.791569912126878;11.84588203438406;11.688687423222536;11.101319154423276;11.461479447286155;11.127349541059118;11.450180247164754;11.955649907528374;11.869208250550829;12.044394119358454;11.167418145831736;11.639340708652233;11.871520262329112;10.353146825498085;11.41574176829009;11.271463027904376;11.646558710154547;12.593857938858225;12.092426815780255;11.709945380232496;11.187352073200495
8.39231742277876;8.554588851677638;8.581200581924957;8.388017285345136;8.879583249612784;8.7714894695006;7.108524456778169;9.61286849729104;6.087462841250339;7.888743248898259;10.965784284662089;11.023061249735337;7.451211111832329;12.085804380278086;7.971543553950772;6.459431618637297;7.651051691178928;7.977279923499917;11.088788238716909;10.873444112515376;7.988684686772165;8.7714894695006;9.34207466799914;7.011227255423254;6.870364719583405;10.07815080773465;7.832890014164741;10.159871336778387;8.83605035505807;9.1006623390052;5.169925001442312;6.523561956057013;7.276124405274237;6.507794640198696;11.014020470314934;9.147204924942228;9.550746785383245;8.63662462054365;6.066089190457772;9.34207466799914;7.139551352398794;7.451211111832329;8.46352437327118;7.721099188707186;11.254438148267257;10.807354922057604;5.247927513443585;9.91139198784346;6.727920454563199;10.4757334309664;6.584962500721156;6.426264754702098;8.980139577639157;7.467605550082998;5.614709844115208;10.39660478118186;10.863411958941638;10.07815080773465;6.022367813028454;6.614709844115208;8.184875342908283;9.06339508128851;7.499845887083206;7.774787059601174;9.7431513941125;12.90388184573618;7.700439718141092;5.614709844115208;6.303780748177103;9.167418145831736;6.643856189774724;7.321928094887363;7.011227255423254;7.768184324776926;5.491853096329675;9.34207466799914;10.93810932621924;8.257387842692651;7.044394119358453;7.159871336778389;9.172427508645482;8.339850002884624;7.011227255423254;8.339850002884624;8.823367240046235;9.172427508645482;7.823367240046235;10.210671343785622;9.517669388133813;9.91139198784346;8.285402218862249;11.162391328756906;8.164906926675688;7.599912842187128;9.588714635582264;7.622051819456376;11.065416134676548;8.707359132080883;7.839203788096944;8.64745842645492;8.974414589805527;5.169925001442312;11.850186837645774;6.475733430966398;6.022367813028454;9.306061689428342;7.988684686772165;9.9901039638575;7.087462841250339;9.94982671075911;6.507794640198696;7.971543553950772;8.915879378835774;10.622051819456376;9.65642486327778;7.94251450533924;9.73809225962049;10.99506046703272;10.729620743553038;9.312882955284357;9.818582177480858;10.571752643503546;9.121533517340032;9.654636028527968;9.834471049984222;9.084808387804362;10.47269083924278;8.219168520462162;10.234817431117325;9.52552080909507;10.344295907915816;10.733862719678545;11.720244258287568;10.022367813028454;9.337621901992508;9.60177078840771;9.319672120946995;10.232420927176076;11.027214885159834;9.73809225962049;10.3297963382207;7.658211482751795;9.330916878114618;11.479275030250204;9.219168520462162;9.266786540694902;11.115693952197011;10.075479149488016;10.304921669581672;10.981567281903017;10.413627929024171;7.826548487290915;11.333155350310616;11.044394119358454;10.103287808412022;8.768184324776927;10.395534135462302;10.084808387804362;7.531381460516312;10.333155350310616;9.310612781659527;9.885696373339394;10.642051692927977;9.37937836707126;10.162391328756906;8.734709620225837;9.67065624911844;10.434628227636724;11.820577882655774;10.54978466794786;8.900866807980748;10.3409627642517;9.197216693110052;9.20212382383046;9.684748620421626;7.721099188707186;8.686500527183219;10.084808387804362;9.556506054671928;10.375039431346924;10.17367713630342;8.696967526234287;9.99717948093762;8.483815777264256;10.118941072723509;9.560332834212442;7.098032082960526;10.69261550169458;11.220982851081777;10.3409627642517;10.187352073200495;8.194756854422248;9.62935662007961;10.711666973564348;9.92184093707449;9.337621901992508;8.888743248898258;10.884170519108435;9.881113960675096;7.651051691178928;10.768184324776929;11.419433550705378;11.215532999745657;11.313449940963055;10.225207436943505;11.419960177847887;10.625708843064466;8.577428828035748;8.483815777264256;8.159871336778389;10.055282435501187;9.08214904135387;10.935165049603697;8.909893083770042;9.405141463136344;8.618385502258606;9.899356922923111;11.679040186393062;9.714245517666123;9.634811050171718;10.096715154488535;10.89026427702111;9.457380879072534;11.075479149488016;10.523561956057012;9.914385132155443
7.851749041416057;6.768184324776926;2.584962500721156;7.672425341971495;7.531381460516312;7.357552004618084;4.700439718141092;4.643856189774724;4.087462841250339;4.247927513443585;4.754887502163468;3.700439718141092;4.087462841250339;8.335390354693924;4.700439718141092;5.491853096329675;6.475733430966398;6.303780748177103;7.651051691178928;3.0;7.312882955284356;7.357552004618084;6.491853096329675;7.426264754702098;6.149747119504682;4.169925001442312;11.011227255423254;5.882643049361842;6.894817763307944;6.339850002884624;9.710806433699352;5.832890014164741;4.169925001442312;5.523561956057013;7.977279923499917;3.700439718141092;6.832890014164741;5.882643049361842;5.857980995127572;6.491853096329675;4.247927513443585;6.22881869049588;5.044394119358453;8.573647187493322;6.247927513443585;8.562242424221072;5.20945336562895;4.087462841250339;4.906890595608519;9.090112419664289;2.0;7.392317422778761;4.247927513443585;6.22881869049588;5.727920454563199;6.714245517666122;7.882643049361842;4.169925001442312;3.169925001442312;4.392317422778761;8.535275376620802;6.339850002884624;6.6865005271832185;3.4594316186372973;7.179909090014935;7.05528243550119;5.906890595608519;5.727920454563199;5.584962500721156;5.807354922057604;5.554588851677638;9.005624549193879;7.426264754702098;7.86418614465428;8.584962500721156;6.491853096329675;5.754887502163468;3.0;4.523561956057013;4.754887502163468;5.857980995127572;6.507794640198696;6.794415866350106;6.507794640198696;4.0;5.857980995127572;4.727920454563199;5.554588851677638;6.087462841250339;7.467605550082998;3.321928094887362;5.807354922057604;5.754887502163468;3.807354922057604;7.348728154231077;4.169925001442312;7.011227255423254;7.108524456778169;9.453270634010623;6.442943495848728;6.599912842187128;9.710806433699352;5.727920454563199;4.954196310386875;4.523561956057013;5.087462841250339;7.312882955284356;6.754887502163468;3.584962500721156;4.459431618637297;5.523561956057013;4.700439718141092;8.388017285345136;6.392317422778761;6.066089190457772;1.0;6.977279923499917;6.523561956057013;7.179909090014935;3.700439718141092;6.894817763307944;6.523561956057013;1.584962500721156;6.459431618637297;3.169925001442312;6.169925001442312;6.930737337562887;4.643856189774724;6.303780748177103;6.714245517666122;6.7414669864011465;7.066089190457772;7.257387842692652;5.954196310386875;6.894817763307944;5.426264754702098;7.044394119358453;5.554588851677638;8.434628227636725;6.339850002884624;7.700439718141092;2.0;1.584962500721156;6.94251450533924;4.807354922057604;4.523561956057013;7.108524456778169;5.357552004618084;6.845490050944375;6.78135971352466;7.614709844115208;3.321928094887362;6.066089190457772;8.164906926675688;6.507794640198696;6.0;6.475733430966398;5.882643049361842;2.0;7.383704292474052;6.6293566200796095;5.906890595608519;6.022367813028454;6.087462841250339;6.643856189774724;7.499845887083206;7.087462841250339;5.78135971352466;6.569855608330948;7.044394119358453;5.321928094887363;5.643856189774724;4.0;6.7414669864011465;6.9886846867721655;1.0;2.321928094887362;7.303780748177103;6.303780748177103;6.94251450533924;5.807354922057604;5.169925001442312;7.330916878114617;4.954196310386875;6.392317422778761;5.614709844115208;4.247927513443585;6.672425341971495;6.539158811108031;6.584962500721156;7.636624620543649;2.0;6.584962500721156;6.857980995127572;6.614709844115208;5.906890595608519;5.700439718141092;6.285402218862249;6.149747119504682;3.0;6.169925001442312;7.614709844115208;6.768184324776926;6.087462841250339;6.22881869049588;7.05528243550119;5.700439718141092;6.554588851677638;3.321928094887362;4.321928094887363;5.754887502163468;6.189824558880018;6.599912842187128;6.459431618637297;7.339850002884624;1.584962500721156;6.539158811108031;6.169925001442312;1.584962500721156;7.169925001442312;4.954196310386875;6.409390936137702;4.392317422778761;6.930737337562887;6.832890014164741;6.044394119358453
13.48167331644727;12.102303817212649;9.152284842306582;11.982637133669424;12.795024983961389;12.367687756270046;11.075479149488016;12.831505185085328;13.04899765291107;12.054265139625764;13.735979039613404;13.173208652765974;11.061371192659813;13.42324724931064;12.667333341605158;13.692724462462042;14.565578136784328;12.10459875356437;11.397139806235604;10.894817763307945;13.021153496202572;12.367687756270046;10.203348002979762;12.733862719678545;13.460455896309636;13.34179677239183;14.782435185996276;10.481799431665753;12.42940674151398;11.231821178657404;11.90312867681232;12.037546953962178;9.878050912728536;8.426264754702098;12.084476237453892;13.799989841690165;11.45994384837493;12.19198451336031;12.172427508645482;10.203348002979762;10.816183681432342;14.216745858195306;8.751544059089099;13.245849771023725;11.61286849729104;13.826349864720092;9.857980995127573;12.021327032624372;12.493855449240822;14.301353290218836;11.399811959325683;13.7343920907779;10.683871868622605;9.965784284662089;10.393390457443989;13.29217781631975;11.955649907528374;13.34179677239183;9.984418458801136;11.940313597145968;13.180530807344482;12.769217996126503;10.001408194392807;9.509775004326936;8.7714894695006;15.894794084426636;11.722380635163802;10.393390457443989;12.380190466749834;14.843381313319988;13.178976011374523;13.954468971434252;12.733862719678545;12.91737207947684;11.389631339260522;10.203348002979762;10.698704666770343;13.30078152956897;10.14974711950468;11.661332752795186;11.366322214245816;12.8115753883758;10.710806433699352;12.8115753883758;11.389093521904474;11.366322214245816;12.481799431665753;13.022367813028454;10.76155123244448;12.673309075561695;10.088788238716909;12.149429590056744;11.023754353299417;11.759472121202831;12.48733761520718;11.114393054867309;13.627989784315703;11.668884984266247;12.108197722535827;10.81698362325538;11.94178124227853;11.90312867681232;13.6681093715379;12.666667840690357;11.96902670215077;12.771283119641003;13.021153496202572;11.562242424221072;11.221587121264806;11.73893668167614;8.426264754702098;12.667333341605158;12.907078434296483;13.45211251457386;13.21901722320012;12.650827374138768;13.287856641840545;13.35851384714966;13.30577676890981;12.560332834212442;13.767874078897616;14.13209803255202;13.384109183736609;12.817183539425711;12.765286098723683;12.80231440599149;13.55566759184072;13.25089053572334;13.93875258654304;13.574711776183287;12.267371931265274;14.072300115928336;15.19032626517897;13.85943772344045;13.510887765694012;13.498225931349918;13.64250302878052;13.88978912797328;13.937097908730966;13.193525360501216;13.234667766192567;13.553029246059738;12.896521622224974;13.794618934130142;12.423378576518491;13.501090770274512;14.07028868996168;13.082481727863104;13.026004642978943;13.023407843140218;14.189747357807576;10.92481250360578;14.90341116123855;13.900112062977456;14.273139944628385;11.90312867681232;13.674743989075154;13.248372354921251;12.356451970221755;13.017852331905962;13.53016245322715;13.95673914505908;14.546894459887636;12.447341565370678;14.243843395769034;12.626393504173995;13.282364508223864;13.431628182620894;13.839794290202557;13.539158811108033;12.413892328372643;13.13827180017222;14.816533710558584;13.26502894245816;12.548340287676147;13.417193238248329;10.735556023911537;13.718104713121756;12.89273253261186;14.437231901039478;14.247779202465209;13.347482960639704;13.233769450446928;11.314016703901355;13.592223421359405;12.801506286636435;13.226562716555511;13.719067901122964;13.975400190281691;14.678435086754051;14.626450544602625;12.892163309861964;12.50382573799575;13.202429966015352;14.862540503136891;14.609813587455143;11.948732239819616;15.077525081587025;13.588597528959294;11.837233700339088;13.286124541533368;14.225433405311245;13.390168956200185;13.57790083688697;13.32108251801004;13.944437549570695;14.359680937350838;12.954378090144049;12.28828934218097;11.049848549450562;12.437492010125352;13.658434654697617;13.93258386928929;13.602118887104268;13.65250890240818;11.843921051289035;13.529918528120325;14.021153496202572;12.761343456100647;13.27423253678993;12.251186503524336;14.821873612165758;13.969386521342283;13.678820179524028;13.81848231971713;13.77869318322384
0.0;1.584962500721156;5.357552004618084;0.0;3.584962500721156;6.303780748177103;0.0;0.0;4.0;0.0;2.0;4.584962500721156;4.087462841250339;4.584962500721156;1.584962500721156;1.0;3.169925001442312;4.906890595608519;1.0;0.0;4.954196310386875;6.303780748177103;4.954196310386875;0.0;1.584962500721156;0.0;4.247927513443585;3.584962500721156;1.0;2.584962500721156;3.169925001442312;3.169925001442312;1.0;1.584962500721156;0.0;1.0;1.584962500721156;0.0;0.0;4.954196310386875;1.0;1.0;3.700439718141092;1.584962500721156;4.700439718141092;4.321928094887363;0.0;1.0;0.0;3.0;0.0;1.0;8.59245703726808;1.584962500721156;4.523561956057013;2.807354922057604;4.523561956057013;0.0;1.584962500721156;1.584962500721156;3.0;1.0;2.0;0.0;2.321928094887362;4.584962500721156;0.0;4.523561956057013;4.321928094887363;0.0;1.0;0.0;0.0;3.584962500721156;0.0;4.954196310386875;3.700439718141092;2.0;0.0;2.0;1.0;0.0;3.807354922057604;0.0;2.0;1.0;1.807354922057604;1.584962500721156;5.169925001442312;0.0;2.321928094887362;0.0;3.700439718141092;5.247927513443585;3.0;1.0;2.0;1.584962500721156;3.4594316186372973;1.584962500721156;2.321928094887362;3.169925001442312;1.584962500721156;4.321928094887363;2.0;0.0;4.954196310386875;2.321928094887362;4.523561956057013;1.584962500721156;1.584962500721156;1.584962500721156;4.584962500721156;1.0;2.807354922057604;1.0;1.584962500721156;1.584962500721156;0.0;2.0;0.0;4.0;0.0;1.0;0.0;2.321928094887362;0.0;1.0;0.0;0.0;0.0;0.0;1.0;0.0;0.0;0.0;0.0;0.0;2.584962500721156;1.584962500721156;1.0;1.0;0.0;2.584962500721156;0.0;0.0;1.0;2.807354922057604;0.0;0.0;0.0;1.0;0.0;0.0;0.0;1.0;2.0;0.0;2.321928094887362;0.0;0.0;0.0;0.0;1.0;0.0;0.0;1.584962500721156;0.0;3.584962500721156;0.0;1.584962500721156;0.0;2.0;2.321928094887362;0.0;0.0;0.0;0.0;0.0;0.0;1.584962500721156;0.0;2.0;0.0;0.0;0.0;1.584962500721156;0.0;1.0;1.0;2.807354922057604;0.0;0.0;1.0;0.0;1.584962500721156;0.0;1.0;0.0;0.0;2.321928094887362;2.0;1.0;2.807354922057604;0.0;1.0;1.0;1.0;1.0;2.0;2.0;1.584962500721156;1.0;0.0;1.0;0.0;0.0;0.0;0.0;0.0;0.0;0.0;0.0;0.0;1.0;0.0
10.414685235807214;9.90388184573618;8.060695931687555;9.651051691178928;8.661778097771988;9.005624549193879;5.857980995127572;6.658211482751795;10.326429487122304;9.815383295813538;10.26795708440284;6.845490050944375;7.257387842692652;8.290018846932618;9.946906274456396;8.174925682500678;6.794415866350106;8.491853096329674;8.118941072723507;6.906890595608519;11.281930026955443;9.005624549193879;8.625708843064466;9.638435913990472;8.149747119504681;7.3750394313469245;9.211888294546004;8.164906926675688;9.74819284958946;9.310612781659527;8.994353436858859;6.108524456778169;6.357552004618084;6.442943495848728;7.554588851677638;7.554588851677638;8.487840033823051;9.060695931687556;9.076815597050832;8.625708843064466;6.20945336562895;6.857980995127572;6.94251450533924;6.475733430966398;6.22881869049588;10.760719947465624;4.321928094887363;9.634811050171718;7.960001932068081;11.194141238863136;8.044394119358454;7.139551352398794;6.569855608330948;6.954196310386875;4.584962500721156;8.588714635582264;7.686500527183218;7.3750394313469245;7.294620748891627;9.859534786382651;10.366322214245816;10.510764167917891;7.179909090014935;12.809768128710411;7.636624620543649;6.0;8.527477006060396;4.584962500721156;7.2384047393250786;11.036860446673046;9.86727873970966;9.164906926675688;9.638435913990472;8.0;4.523561956057013;8.625708843064466;7.531381460516312;7.857980995127572;6.108524456778169;7.108524456778169;11.82456102997028;8.909893083770042;7.179909090014935;8.909893083770042;4.700439718141092;11.82456102997028;8.157346935362844;7.832890014164741;8.930737337562887;10.426264754702098;5.78135971352466;8.909893083770042;8.467605550082997;6.569855608330948;9.152284842306582;7.22881869049588;11.458406613236534;8.290018846932618;5.169925001442312;9.434628227636724;7.546894459887636;8.994353436858859;9.558420713268664;6.930737337562887;5.584962500721156;7.994353436858858;11.281930026955443;8.804131021183318;13.523316912312747;5.614709844115208;6.442943495848728;9.946906274456396;11.247334178028728;12.979961015222829;9.560332834212442;13.3437409184722;12.247927513443583;11.32755264408124;12.33371442609397;12.286846502735887;11.169298695792843;11.12347479824414;13.729195859132094;11.955286645524469;12.01854794187165;12.77416933531818;10.181152256865566;13.29275299624998;11.495355392235982;11.369052007001388;11.3151495622563;11.174301544467632;11.829326335841666;11.154185209265297;10.471675214392045;12.151967870968187;10.838416075797335;11.749450465569916;10.740624044489412;11.52943055414615;10.060695931687556;13.054943416573323;13.34568244818678;12.631631805917635;11.42574042431621;9.721099188707186;11.749031382040204;12.008078410868256;11.586839787961829;10.85096815098244;10.977279923499916;13.142266638635702;11.466076461396252;10.915879378835774;11.06339508128851;11.715104009236168;9.977279923499916;11.979782430703086;11.686938171670388;11.99435343685886;12.41256984680521;11.699572453287267;11.588246152044816;12.15069928874454;12.03342300153745;10.330916878114618;11.502334580197996;12.800697714363126;13.099347810403192;10.23840473932508;11.14274527675153;11.140829770773;13.069281924365423;11.410451351503994;11.898601387403938;11.863411958941638;13.410583848637842;10.624795455860236;11.124121311829189;11.515207030408751;11.494855584491198;12.106235761615748;11.79644525906185;12.914198242454956;9.67595703294175;11.729620743553038;12.213711798105672;10.925554439873554;10.366322214245816;9.813781191217036;10.788718332690458;11.638888382252262;11.466076461396252;11.779719355143405;10.939579214314692;10.001408194392807;12.602698865017963;11.17617314910749;10.84313591111135;13.500094949671809;13.133302788397303;12.68934284613419;11.247927513443583;12.608254821977908;12.649256177517314;10.973697366305352;13.39593572072332;10.380461065088973;11.583552930466483;12.770044400296824;10.603626344986193;11.894059846274022;12.559138055642384;11.213104219641906;12.102303817212649;12.779308973959898;10.772314573921651;11.384783750093352;8.59245703726808;11.562242424221072;12.437231901039478;11.946906274456396;13.014369242235135;12.105908508571158;11.802112418586066;11.366322214245816
12.227014193649133;9.984418458801136;10.213104219641906;13.809265710094545;12.039947160169094;12.122827994807666;8.31741261376487;8.76487159073609;9.184875342908285;11.310612781659527;6.78135971352466;9.06339508128851;8.885696373339394;10.349834091457248;10.828136484194108;10.66622400280318;12.695010739653238;11.439830883981392;10.112439506781552;8.451211111832329;11.075479149488016;12.122827994807666;11.38747886584238;11.65508344519798;9.044394119358454;8.640244936222345;9.537218400538595;10.90613899619538;11.60733031374961;11.32023644524165;12.830317129810208;9.34207466799914;11.591989767615123;9.095397022792556;9.98299357469431;9.586839787961829;10.808159772868375;9.118941072723509;9.00842862207058;11.38747886584238;12.095726668639047;10.61194694181998;9.523561956057012;9.129283016944967;9.515699838284045;10.388017285345136;7.312882955284356;9.211888294546004;9.562242424221072;9.712527000439824;9.411510988012072;10.12670447284319;10.710806433699352;11.205793249397155;6.584962500721156;10.65284497300198;10.702172685365548;8.640244936222345;12.211584153079526;9.224001674198105;11.996120363033048;9.96289600533726;10.075479149488016;8.643856189774725;10.13699111208023;9.339850002884624;13.000176099486442;6.584962500721156;11.593391122791736;8.854868383260236;9.473705749619416;11.29232163280204;11.65508344519798;10.722807531169549;7.857980995127572;11.38747886584238;9.400879436282183;10.111135670234708;8.566054038171092;9.027905996569883;9.233619676759702;11.234817431117325;10.233619676759702;11.234817431117325;8.577428828035748;9.233619676759702;10.423641195075856;11.055960234452296;10.401946123976536;10.458406613236534;9.37937836707126;10.426264754702098;9.78953364497036;9.457380879072534;11.060020354507852;9.674192268145683;11.14974711950468;11.030667136246942;8.219168520462162;11.59618975614441;10.545929769085468;12.830317129810208;8.266786540694902;9.94104760634058;8.0;13.905857045435702;11.075479149488016;12.009478745888066;9.159871336778387;10.057991722759176;9.095397022792556;10.828136484194108;11.032734528586714;8.174925682500678;9.076815597050832;5.807354922057604;8.174925682500678;7.768184324776926;10.019590728357882;5.906890595608519;7.98299357469431;9.894817763307945;6.832890014164741;8.918863237274595;7.257387842692652;10.274960472140602;8.308339030139408;6.700439718141092;7.820178962415188;8.807354922057604;8.62935662007961;8.977279923499916;7.912889336229962;9.381542951184583;9.4757334309664;6.807354922057604;9.057991722759176;9.131856960608792;10.29232163280204;10.900112062977456;7.768184324776926;6.539158811108031;5.906890595608519;7.820178962415188;9.071462362556623;8.011227255423254;10.439830883981392;9.134426320220928;8.092757140919852;9.509775004326936;8.515699838284043;6.584962500721156;9.116343961237469;8.988684686772165;9.558420713268664;8.527477006060396;8.7714894695006;8.20945336562895;6.189824558880018;9.805743872151618;8.554588851677638;11.525031345124;8.20945336562895;8.228818690495881;9.786269627648466;8.471675214392045;9.984418458801136;8.076815597050832;8.731319031025064;8.442943495848729;7.05528243550119;6.882643049361842;6.6865005271832185;8.826548487290914;7.266786540694901;6.0;5.321928094887363;10.468624042918018;8.960001932068081;7.768184324776926;10.287712379549449;6.189824558880018;9.25502856981873;7.3750394313469245;8.539158811108031;5.754887502163468;6.845490050944375;7.768184324776926;9.071462362556623;8.854868383260236;7.813781191217037;5.247927513443585;8.422064766172813;8.247927513443585;9.741466986401146;7.94251450533924;8.614709844115207;9.67595703294175;9.108524456778168;6.022367813028454;8.139551352398794;8.055282435501189;8.280770770130603;8.266786540694902;8.294620748891628;9.022367813028454;8.930737337562887;6.727920454563199;7.3750394313469245;6.339850002884624;9.157346935362844;7.129283016944966;9.092757140919852;9.843921051289035;7.906890595608519;6.169925001442312;9.366322214245816;9.679480099505446;4.584962500721156;8.113742166049189;8.228818690495881;9.84862294042934;8.055282435501189;10.167418145831736;9.682994583681683;6.965784284662087
11.193525360501216;6.6865005271832185;10.863411958941638;11.521109643651332;10.700439718141093;7.721099188707186;6.475733430966398;4.459431618637297;10.55170826162069;9.821773981970567;7.707359132080882;7.357552004618084;8.179909090014934;6.339850002884624;9.346513733165636;6.7414669864011465;10.391243589427445;10.649256177517314;8.43879185257826;10.451211111832327;10.469641817239516;7.721099188707186;8.873444112515376;5.643856189774724;9.485829308701904;4.247927513443585;2.321928094887362;5.087462841250339;10.828136484194108;10.30035256032822;3.321928094887362;9.971543553950772;4.0;7.312882955284356;11.046441948007311;10.240791332161956;7.721099188707186;7.426264754702098;6.794415866350106;8.873444112515376;11.403544678202014;7.679480099505446;6.303780748177103;6.672425341971495;7.499845887083206;4.087462841250339;7.076815597050831;7.971543553950772;4.700439718141092;4.321928094887363;11.084144010615145;9.94397991434374;8.330916878114618;6.507794640198696;9.804131021183318;7.577428828035749;8.906890595608518;4.247927513443585;8.707359132080883;8.632995197142957;2.584962500721156;7.257387842692652;6.6293566200796095;9.355351096424812;4.247927513443585;6.714245517666122;8.900866807980748;9.804131021183318;8.531381460516313;13.213104219641906;6.129283016944966;3.4594316186372973;5.643856189774724;8.611024797307353;2.0;8.873444112515376;9.977279923499916;4.087462841250339;8.845490050944376;7.707359132080882;8.39231742277876;8.134426320220927;11.157978449945432;8.134426320220927;6.894817763307944;8.39231742277876;8.364134655008051;5.285402218862249;6.78135971352466;10.849405100947758;5.087462841250339;4.906890595608519;11.230620933129869;7.499845887083206;8.599912842187127;2.584962500721156;9.041659151637214;10.375039431346924;5.672425341971495;10.029287226968243;5.20945336562895;3.321928094887362;11.020285500844649;9.78135971352466;7.971543553950772;11.362491806046062;10.469641817239516;9.002815015607053;9.509775004326936;10.210671343785622;7.312882955284356;9.346513733165636;11.427312844134963;11.145295334933598;8.118941072723507;1.584962500721156;12.127349541059118;10.557463701597824;9.566054038171092;5.727920454563199;10.450180247164754;10.430452551665532;7.426264754702098;10.287712379549449;6.321928094887363;11.527477006060396;10.363039630256514;9.184875342908285;8.72451385311995;10.293471648838134;10.17617314910749;12.57790083688697;11.886077584873094;10.230020435705637;10.036173612553483;8.939579214314692;11.862637357558794;11.850577547205614;9.50382573799575;11.356451970221755;7.60733031374961;4.321928094887363;3.4594316186372973;10.0566377151132;10.366322214245816;10.970105890612182;10.277287400130357;7.727920454563199;12.099676554859643;9.885696373339394;12.062383491876334;6.426264754702098;12.900112062977456;10.965784284662089;11.614709844115207;9.782998208920414;10.758223214726724;9.94251450533924;4.857980995127572;9.952741247186488;11.510764167917891;11.335390354693924;7.918863237274595;9.36194377373524;10.936637939002573;7.965784284662087;11.81177605532666;8.741466986401146;11.553629293916364;9.221587121264806;8.948367231584678;10.483815777264256;7.888743248898259;9.691743519171276;9.461479447286155;2.0;3.584962500721156;10.648357582009666;11.004220466318197;10.83289001416474;11.324743110494415;8.312882955284355;10.26795708440284;8.379378367071261;9.501837184902296;7.467605550082998;5.954196310386875;10.397674632948268;12.055282435501187;12.832296678749884;8.906890595608518;0.0;10.651948610723446;10.467605550082997;12.844705764411938;11.793603309279408;8.405141463136344;13.173364830849035;11.458919206967591;2.0;9.4797802640291;9.99717948093762;9.321928094887362;9.505811553919594;10.191059214531656;12.527477006060396;9.86418614465428;8.915879378835774;6.794415866350106;8.199672344836364;9.321928094887362;9.804131021183318;10.926295994781112;9.131856960608792;10.567005370247031;1.0;11.83880998570856;12.096715154488535;12.092096414990792;10.233619676759702;8.442943495848729;12.83703654351734;2.584962500721156;11.630722162103838;10.857203471508166;11.12347479824414
9.44086916761087;9.098032082960527;10.06204613772049;8.79766152585376;8.573647187493322;10.4241662888181;8.618385502258606;8.63662462054365;9.579315937580017;9.060695931687556;8.672425341971495;8.707359132080883;10.675074920385445;11.057991722759176;9.681238411777803;9.955649907528374;8.640244936222345;8.129283016944967;7.794415866350106;7.665335917185176;11.402479172214964;10.4241662888181;8.59245703726808;8.813781191217037;8.778077129535358;8.72451385311995;8.174925682500678;10.215532999745657;10.260919533662904;10.712527000439824;9.68650052718322;9.290018846932618;8.991521846075695;8.794415866350105;8.20945336562895;8.839203788096944;9.471675214392045;7.741466986401146;8.7714894695006;8.59245703726808;10.00842862207058;9.964340867792416;9.73809225962049;10.90388184573618;9.0;10.3297963382207;6.857980995127572;7.965784284662087;9.905387005018133;9.73809225962049;9.851749041416058;9.055282435501187;11.625708843064466;9.419960177847887;8.483815777264256;9.1006623390052;10.00982861736811;8.72451385311995;9.79766152585376;9.871905237659186;10.783816759320182;10.487840033823051;8.022367813028454;7.912889336229962;9.820178962415188;10.51668494930961;9.068778277985412;8.483815777264256;8.539158811108031;9.068778277985412;5.584962500721156;8.62935662007961;8.813781191217037;9.390168956200185;7.285402218862249;8.59245703726808;10.582141981658776;11.918490592292311;7.475733430966398;6.700439718141092;7.149747119504682;8.584962500721156;11.457380879072534;8.584962500721156;9.108524456778168;7.149747119504682;10.697402007502708;8.67595703294175;8.686500527183219;9.457380879072534;9.642051692927977;8.487840033823051;10.285402218862249;9.005624549193879;9.459431618637296;9.038918989292302;9.62935662007961;9.3151495622563;8.861086905995395;8.974414589805527;9.41574176829009;9.68650052718322;9.583082767502932;11.12670447284319;10.183635381473218;10.338736382573916;11.402479172214964;8.219168520462162;8.78135971352466;11.190442018782823;8.794415866350105;9.681238411777803;9.76983784362944;8.46352437327118;6.658211482751795;4.643856189774724;8.214319120800766;7.857980995127572;8.49585502688717;5.523561956057013;7.693486957499325;8.169925001442312;6.507794640198696;7.870364719583405;6.700439718141092;8.707359132080883;6.3750394313469245;6.94251450533924;7.366322214245816;8.228818690495881;8.829722735086058;8.451211111832329;7.888743248898259;8.76487159073609;8.189824558880018;7.257387842692652;8.204571144249204;8.108524456778168;9.447083226209651;8.63662462054365;6.599912842187128;6.9886846867721655;6.714245517666122;7.768184324776926;7.857980995127572;9.113742166049189;8.430452551665532;8.228818690495881;9.057991722759176;7.614709844115208;7.636624620543649;6.882643049361842;8.744833837499545;7.577428828035749;8.50382573799575;7.636624620543649;7.857980995127572;7.693486957499325;8.405141463136344;8.714245517666123;8.92184093707449;8.804131021183318;7.20945336562895;7.665335917185176;8.005624549193879;6.906890595608519;8.339850002884624;7.426264754702098;8.991521846075695;6.794415866350106;7.011227255423254;7.845490050944375;6.845490050944375;7.108524456778169;7.882643049361842;4.906890595608519;6.918863237274595;9.337621901992508;7.022367813028454;7.900866807980749;8.491853096329674;7.6293566200796095;8.622051819456376;7.686500527183218;7.409390936137702;7.761551232444479;6.303780748177103;7.721099188707186;8.388017285345136;8.654636028527968;6.882643049361842;5.044394119358453;7.851749041416057;7.515699838284043;8.894817763307943;6.7414669864011465;7.426264754702098;8.826548487290914;8.098032082960527;7.011227255423254;8.90388184573618;9.88264304936184;7.417852514885898;6.918863237274595;8.066089190457772;8.851749041416058;8.280770770130603;7.459431618637297;6.820178962415188;7.03342300153745;7.948367231584678;7.392317422778761;8.527477006060396;7.876516946564999;7.672425341971495;7.622051819456376;8.103287808412022;9.390168956200185;5.554588851677638;7.693486957499325;6.768184324776926;9.487840033823051;7.643856189774724;10.547858506058416;8.475733430966399;7.294620748891627
12.434367601668914;12.377481688182955;12.799888688663591;12.553389304721618;11.310612781659527;12.7638347994296;9.189824558880018;10.967946705812707;9.29232163280204;11.949097155729207;8.584962500721156;10.591522346570734;12.68365259739475;11.264442600226602;12.080484457067568;11.709514660706716;11.52552080909507;11.06204613772049;10.889503963411476;10.547858506058416;12.045759661382682;12.7638347994296;11.603162679534382;11.41732511767992;11.795227966028678;12.351767443959892;11.588714635582264;12.61815604777846;12.328394438352458;13.2476308762387;12.477758266443889;11.778898476008376;10.310612781659527;10.576484346796851;10.906890595608518;12.229119220658594;12.269418929741096;11.352043425795433;11.480790201095816;11.603162679534382;11.926666629347284;11.812979471251484;10.075479149488016;10.336506559810257;11.16867211813223;11.92740761294903;11.02167404285837;12.034798962577268;10.940313597145968;12.31174831500496;12.42574042431621;11.95383268214528;13.180375403128156;12.100990784092762;10.811374693509942;12.132178380915544;12.14561377551339;12.351767443959892;11.933690654952231;11.847448903982432;12.856036399819155;12.693486957499324;11.183015000882756;10.98584193700334;11.672425341971495;10.253847484987404;12.148476582178278;10.811374693509942;12.101975670949232;12.7657004876511;10.113742166049189;11.443979542601252;11.41732511767992;12.426526848451733;8.930737337562887;11.603162679534382;12.805945351802931;13.147045888945716;10.047123912114026;11.894817763307945;10.861086905995396;12.328674927327947;10.869593843240784;12.328674927327947;10.992230264965889;10.861086905995396;12.4189067312579;11.735979039613404;11.945443836377912;12.469641817239516;12.1526017440192;11.519144787997414;12.893301530860564;12.198445041452365;12.989749275462133;12.249409785269128;13.147999842060193;10.845490050944376;10.06339508128851;12.7901448269498;12.157662727208448;12.477758266443889;10.279610581052484;11.323054760341646;12.2428763671664;13.054604317960672;12.045759661382682;12.036173612553483;11.692179576312538;13.033595068451708;10.576484346796851;12.080484457067568;12.450695771572915;12.40886043602476;10.817783121774534;11.788718332690458;12.122504484313904;11.594324603924848;12.486332252768664;11.791569912126878;11.416269744523207;11.80292019858527;12.146250445885986;12.211584153079526;10.988684686772164;12.2600374211066;10.559377090526684;11.922212717785449;11.56081046872794;11.815383295813538;11.99964773652837;12.007027266893967;12.277287400130357;11.829326335841666;11.892542816648552;11.421012855779226;11.63390340934852;11.854868383260236;11.924441392339196;12.281930026955443;10.7047682393626;11.677719641641009;12.085804380278086;12.32558654521057;11.795633844506778;11.078817949961978;12.73788107685778;11.76445696361989;11.91139198784346;11.86611979330307;12.118616689351509;12.376125389276174;12.369597346278676;11.739358707433396;12.002815015607052;11.347621368568134;11.405141463136344;11.70433597118232;11.536247215688128;12.391780606013166;12.64092273517345;12.433846208442825;11.804534402995223;12.349281228817452;12.496853777388042;10.940313597145968;12.285691191330091;12.310044679647506;13.36221781591308;10.64565843240871;11.42259043389256;11.67991987851842;12.24198314969433;11.347621368568134;11.899356922923111;10.627533884472792;12.200285605224298;12.410451351503994;11.406736482691723;11.633449374713493;12.269126679149418;12.026177596889225;12.322491537597468;12.179909090014934;11.149111990706889;11.558898981146704;11.183015000882756;11.406736482691723;11.59618975614441;11.393926675640415;11.791162888555018;10.837627933171404;11.754052367528924;11.659103963473662;12.07815080773465;11.674192268145683;12.24347153839633;12.357826882210777;11.595723694101627;12.194449079479025;13.00474715754676;13.222643985451697;11.632086412835182;12.544481522310791;12.298062567719017;12.253256579781151;12.439830883981392;10.967226258835993;11.74819284958946;11.759888183221834;11.482807956726669;11.969386521342283;12.891973519025557;12.019590728357882;12.239896822445862;11.83880998570856;11.689124404913258;12.99276135094313;12.206403913973848;11.949461979360152;12.136670762341843;12.889503963411476;12.572700226487292;12.530650179750014;12.016808287686557;11.312315746690109
6.022367813028454;5.700439718141092;5.169925001442312;6.426264754702098;5.044394119358453;5.78135971352466;4.321928094887363;2.0;4.807354922057604;3.4594316186372973;4.0;5.20945336562895;4.857980995127572;6.129283016944966;5.087462841250339;6.3750394313469245;4.700439718141092;5.044394119358453;4.523561956057013;4.584962500721156;5.392317422778761;5.78135971352466;3.169925001442312;6.22881869049588;4.754887502163468;4.807354922057604;6.066089190457772;4.584962500721156;5.491853096329675;6.022367813028454;7.971543553950772;3.700439718141092;6.6293566200796095;6.894817763307944;5.321928094887363;4.169925001442312;5.087462841250339;5.285402218862249;5.285402218862249;3.169925001442312;4.754887502163468;4.0;6.022367813028454;5.954196310386875;4.857980995127572;6.285402218862249;3.700439718141092;4.700439718141092;3.700439718141092;5.523561956057013;5.643856189774724;5.392317422778761;2.807354922057604;3.807354922057604;4.247927513443585;5.392317422778761;6.22881869049588;4.807354922057604;3.169925001442312;4.459431618637297;7.0;5.614709844115208;4.584962500721156;4.954196310386875;5.0;5.857980995127572;5.247927513443585;4.247927513443585;4.807354922057604;5.459431618637297;4.700439718141092;5.20945336562895;6.22881869049588;5.78135971352466;3.584962500721156;3.169925001442312;5.20945336562895;3.700439718141092;5.554588851677638;2.584962500721156;4.754887502163468;4.906890595608519;6.285402218862249;4.906890595608519;4.0;4.754887502163468;4.857980995127572;3.321928094887362;4.700439718141092;6.087462841250339;4.392317422778761;4.700439718141092;4.643856189774724;2.807354922057604;5.727920454563199;3.321928094887362;6.807354922057604;5.392317422778761;3.4594316186372973;4.459431618637297;5.700439718141092;7.971543553950772;5.285402218862249;3.321928094887362;3.0;4.700439718141092;5.392317422778761;6.169925001442312;3.321928094887362;6.475733430966398;6.894817763307944;5.087462841250339;3.584962500721156;8.543031820255237;5.700439718141092;9.08214904135387;7.554588851677638;5.491853096329675;7.159871336778389;8.467605550082997;6.357552004618084;6.22881869049588;9.92035285541508;6.169925001442312;8.08214904135387;7.960001932068081;5.0;9.250298417906333;6.658211482751795;5.643856189774724;6.554588851677638;5.700439718141092;6.882643049361842;6.20945336562895;5.643856189774724;7.118941072723508;5.882643049361842;6.169925001442312;7.076815597050831;5.807354922057604;5.523561956057013;8.303780748177102;9.269126679149418;7.044394119358453;6.392317422778761;5.087462841250339;6.700439718141092;6.672425341971495;6.906890595608519;5.0;6.266786540694901;8.632995197142957;6.321928094887363;5.700439718141092;5.491853096329675;6.0;4.807354922057604;7.392317422778761;7.434628227636725;6.794415866350106;7.409390936137702;5.357552004618084;5.700439718141092;7.05528243550119;5.700439718141092;5.700439718141092;6.066089190457772;7.714245517666122;6.9886846867721655;5.491853096329675;5.807354922057604;5.614709844115208;7.066089190457772;6.266786540694901;7.330916878114617;6.491853096329675;9.50382573799575;6.22881869049588;5.459431618637297;6.169925001442312;6.108524456778169;6.977279923499917;7.118941072723508;8.194756854422248;4.643856189774724;6.977279923499917;7.507794640198696;6.22881869049588;5.321928094887363;5.129283016944966;5.087462841250339;8.184875342908283;6.044394119358453;5.727920454563199;5.459431618637297;5.392317422778761;8.539158811108031;6.614709844115208;5.832890014164741;8.353146825498083;7.832890014164741;7.839203788096944;5.78135971352466;5.807354922057604;7.098032082960526;6.189824558880018;8.758223214726724;5.832890014164741;6.3750394313469245;8.219168520462162;6.20945336562895;7.400879436282184;7.011227255423254;5.754887502163468;6.523561956057013;7.614709844115208;5.857980995127572;5.754887502163468;5.672425341971495;6.266786540694901;8.588714635582264;6.794415866350106;8.027905996569885;7.098032082960526;6.149747119504682;6.584962500721156
10.03342300153745;9.78135971352466;7.531381460516312;9.350939181546432;9.483815777264256;10.217957697864112;6.882643049361842;5.554588851677638;5.459431618637297;6.768184324776926;5.614709844115208;8.90388184573618;7.434628227636725;9.49585502688717;9.818582177480858;8.20945336562895;8.64745842645492;7.658211482751795;9.847057346091336;6.507794640198696;9.169925001442312;10.217957697864112;12.000704269011246;8.867278739709661;8.988684686772165;6.94251450533924;7.312882955284356;9.885696373339394;10.312882955284357;9.73640193131829;11.232420927176076;8.741466986401146;8.29920801838728;7.294620748891627;8.573647187493322;7.076815597050831;9.357552004618084;9.871905237659186;8.049848549450562;12.000704269011246;8.280770770130603;8.50382573799575;8.098032082960527;8.900866807980748;8.204571144249204;11.608254821977908;2.584962500721156;9.179909090014934;8.071462362556623;8.507794640198696;4.247927513443585;9.453270634010623;9.014020470314934;9.204571144249204;5.247927513443585;9.436711542137214;9.543031820255235;6.94251450533924;5.727920454563199;9.157346935362844;12.14561377551339;10.34318571544788;9.562242424221072;7.686500527183218;8.977279923499916;8.087462841250339;8.055282435501189;5.247927513443585;7.906890595608519;10.113742166049189;9.39231742277876;8.290018846932618;8.867278739709661;10.24436383512051;6.569855608330948;12.000704269011246;9.18239435340453;9.022367813028454;6.857980995127572;9.35974956032233;8.20945336562895;10.067434360756522;8.238404739325079;10.067434360756522;5.129283016944966;8.20945336562895;8.961449694398196;8.67595703294175;11.179287104646004;10.603626344986193;8.280770770130603;8.379378367071261;9.59618975614441;6.820178962415188;10.845490050944376;9.539158811108033;11.314583244274194;8.829722735086058;5.857980995127572;8.29920801838728;7.592457037268081;11.232420927176076;11.5473765634981;7.426264754702098;7.022367813028454;8.262094845370179;9.169925001442312;9.419960177847887;9.90388184573618;6.832890014164741;7.294620748891627;9.818582177480858;10.916625922211235;10.535275376620802;8.867278739709661;10.509775004326936;11.496354488564617;10.333155350310616;11.637983303777853;10.481799431665753;10.285402218862249;10.154818109052105;11.10459875356437;11.10459875356437;10.60733031374961;11.802516365121225;9.584962500721156;11.28424574982967;10.251482410620213;11.145295334933598;10.7515440590891;10.632086412835182;11.98584193700334;9.923327485419192;11.672425341971495;10.147204924942228;10.394462694610317;9.679480099505446;10.25502856981873;10.583082767502932;10.44190670454224;11.01262453886506;11.580258567499788;11.339850002884624;10.131856960608792;9.831307243802051;11.671983272091865;10.543031820255235;10.51175265376738;9.052568050804153;9.30149619498255;11.29117069932186;10.800090987624994;9.108524456778168;9.618385502258606;10.8649599151426;10.24198314969433;11.41415667927414;10.901621158346112;11.345405246717796;12.076815597050832;9.874981347653774;11.532355925288847;11.786678033890652;9.88264304936184;10.220378327695228;10.760719947465624;10.640244936222343;11.885696373339394;9.681238411777803;11.253256579781151;11.01262453886506;11.736824699098864;10.371776644337924;11.07815080773465;9.3151495622563;10.870364719583405;10.774787059601174;8.483815777264256;10.051208940914766;11.458406613236534;11.09077405464075;11.690871009292314;11.733439082899434;8.787902559391432;9.60733031374961;10.938844457466171;9.61654884377899;10.839991070539886;9.355351096424812;10.61654884377899;9.537218400538595;10.817783121774534;10.709945380232496;8.744833837499545;8.271463027904375;11.211279947482009;11.670213636738564;10.310612781659527;11.363587246524578;11.975847968006784;12.381002109550924;11.037546953962178;11.031356596255709;11.731319031025064;10.878817284614229;11.740624044489412;10.409390936137704;11.441388029346689;11.184875342908285;10.403012023574997;11.60130652612184;11.490850876740298;9.837627933171404;11.98299357469431;11.038918989292302;9.405141463136344;9.659995892429976;8.016808287686555;11.111135670234708;10.569855608330949;10.839991070539886;12.375853976418467;12.484319423644267;10.37937836707126;10.584962500721156
13.984418458801136;16.061582146913192;13.081816278109198;14.45564829725176;11.254438148267257;14.81893162523378;13.272921326867005;16.709756956262638;12.078484417411447;12.703903573444665;11.310612781659527;11.437752072323605;14.382151155768527;12.865539970785695;13.63922764034692;14.273431383453858;11.78953364497036;12.943430560383598;13.17367713630342;12.743782540330756;10.92184093707449;14.81893162523378;12.79543091954113;10.61654884377899;13.532721179953246;15.26172766330592;12.43254190038826;14.219319801859132;14.348244039977777;14.387074919307222;11.52845411076479;12.320800548881635;12.898790308381212;11.037546953962178;13.146568675740786;14.7572858248538;13.998325981932126;13.198138052401116;12.540370243743569;12.79543091954113;13.754991860009431;11.922212717785449;10.466586337719244;14.125817032834792;13.131696223597777;11.06204613772049;12.373952655370193;15.893135596218269;9.22881869049588;13.27131711690138;15.563434635710198;13.880157456601813;11.452756029032496;13.527965641133957;9.753216749178955;13.08663384907624;10.952013164889486;15.26172766330592;14.291602406982822;13.947362982504432;12.20670914935865;13.607908200815574;9.691743519171276;14.831406217838442;10.43149760425805;12.187352073200495;13.81478271506211;9.753216749178955;14.112113658097863;14.027214885159834;13.6884688827327;10.376125389276174;10.61654884377899;12.050528905530555;9.129283016944967;12.79543091954113;12.871327736134008;15.716926609389034;8.62935662007961;13.440090524950488;13.77272694923985;13.88445673973052;11.128638812852598;13.88445673973052;10.955649907528374;13.77272694923985;14.099142307070952;12.2600374211066;12.127671967038982;13.80019212646908;11.490850876740298;13.828136484194108;11.2246046815385;13.468496770628148;15.031313514656874;12.11309098344238;14.891451465449787;13.037546953962178;9.477758266443889;14.043881707688747;14.359406412819132;11.52845411076479;13.41336348121097;14.485640659464512;14.22437858332084;14.756608442068208;10.92184093707449;14.204112587787996;14.069281924365423;15.135548977749227;11.037546953962178;13.63922764034692;12.776844232402167;13.852139328187244;12.59898297103609;10.813781191217036;13.940772396654014;13.39700606857239;13.943155804939336;11.417852514885896;13.131696223597777;13.24347153839633;11.3297963382207;13.266640155930848;12.029287226968243;13.801405239881648;12.31174831500496;11.84901407369482;12.687375683437468;13.187815987146577;14.135228307589896;13.815383295813538;13.450695771572915;13.27873982655011;13.682994583681683;12.439311461818846;14.13787170725502;13.870461050170752;13.181152256865566;14.70859895452498;12.274960472140602;11.592924155627635;11.952377251967985;13.465056167831175;13.15608307628868;11.92035285541508;13.259007607644609;13.26532202423487;12.873636356508053;13.813079710615142;13.31174831500496;11.679040186393062;14.097126823785349;13.170863950411928;13.61321392888395;13.100333819126542;13.352595231134304;13.025139562278508;11.37232095486726;13.783612165256038;13.707251271063232;13.721740054213049;13.33734314727405;13.038918989292302;13.362628781601911;13.034455095327186;14.288073008232963;13.36153261284112;13.909518114296617;12.511505595792482;12.112765281885316;12.404077136241234;12.469133019829592;12.945992424396774;12.986730898175647;10.47269083924278;11.609640474436812;13.584727667963922;13.368779260041338;12.6884688827327;14.052992510203165;11.94288099715904;13.69631555889282;12.607792641919213;12.992407315348498;13.702930204438289;11.266786540694902;13.30035256032822;13.507670777134368;13.857786653503934;13.359200485133632;10.619302955415687;12.780334708123895;12.929073435876813;13.363039630256514;13.165535141377925;12.883025068440173;14.027042055565031;13.219924768862814;11.683433292835405;13.505811553919594;14.026177596889225;12.171802288682985;13.16788851318065;13.963347680316964;14.596946785992111;13.307627747257134;11.443461612227392;12.33427328530719;12.098690096673591;13.42350989177284;13.704876286173423;14.664113906143047;14.545869454486873;13.66478058593351;11.490850876740298;14.036688768795663;14.155608843542105;10.86573327085176;13.14386148186786;12.69479315499995;13.665446957788724;11.77066389291676;14.930090492697849;14.153472864970588;12.92851837525789
12.051208940914766;12.181462881270017;12.211279947482009;12.548099416978388;12.204571144249204;12.931660898852275;11.13699111208023;12.583787954502338;13.300066509957324;13.362765744153958;13.288721912782648;12.300066509957324;10.65284497300198;13.954014507722544;13.052907628313289;12.181152256865566;13.060695931687556;11.647008638441648;12.034798962577268;12.69261550169458;13.496853777388042;12.931660898852275;12.186114239541643;11.273212809854334;12.7279204545632;12.805743872151618;10.955649907528374;12.545205827425605;12.51865315567339;12.996650019175894;12.181773438808808;11.80896417491926;10.084808387804362;9.721099188707186;11.13827180017222;12.02997734658958;12.067770457447825;12.24852060493843;12.508289986140348;12.186114239541643;12.53600431728855;12.551467952626895;13.057991722759176;14.064826953180877;11.4578938373147;11.477758266443889;11.549303368513575;11.606405212697783;12.132178380915544;10.968666793195208;13.260184477326176;10.97513145692134;13.183635381473218;12.135388651579046;11.569855608330949;11.618844301766652;12.893870304785096;12.805743872151618;11.789126046425231;12.68079903457298;12.527965641133957;13.0566377151132;11.750706986224948;11.892542816648552;10.680359523513712;10.83605035505807;11.747353829478062;11.569855608330949;13.562480945349316;12.86785786397283;13.19136771341894;11.204571144249204;11.273212809854334;12.64250302878052;12.372593033140744;12.186114239541643;12.607561496354206;14.594324603924848;9.41574176829009;12.725366257895642;11.156715144224702;12.223398414711628;12.637756945412145;12.223398414711628;8.108524456778168;11.156715144224702;12.530406337099068;10.62296694479051;11.437752072323605;12.390706372872774;12.736190500960928;12.13024878405069;12.532355925288847;12.24347153839633;13.069449767427784;12.788718332690458;13.099676554859643;11.897845456005513;12.706927639617405;13.022020969646356;12.73640193131829;12.181773438808808;10.52845411076479;11.39231742277876;13.206251272060689;13.04746477331842;13.496853777388042;12.04814625421956;11.177419537989236;13.079818085212354;9.721099188707186;13.052907628313289;12.853114583440288;12.19506456372082;12.364955378481907;10.706496018061188;12.25974326369078;11.534789211480266;12.462246634244352;10.699572453287267;11.85369942030022;12.401412878714178;10.959277505720502;12.469641817239516;10.603626344986193;12.165221068220944;12.316564385396942;10.776433032444732;11.588714635582264;11.741466986401146;12.1270270430046;12.70606426733497;12.318260343712415;12.513727595952435;12.371232128369622;11.581200581924955;12.637983303777853;12.096385734452651;12.583787954502338;12.585197295260024;12.009128789539256;10.792790294301064;10.934428040626804;12.238106137432077;11.786678033890652;12.340128273700588;13.395266349839096;11.798471801101618;12.034111146096592;12.51865315567339;12.7255792804196;10.961449694398196;12.701089824817158;12.588714635582264;12.697619199078714;11.532355925288847;12.209148710355748;11.658211482751796;10.98299357469431;12.357826882210777;12.718746909901064;12.667333341605158;11.702605602110248;12.182083929510725;12.34568244818678;11.74104557700984;12.643630751061728;12.02997734658958;12.490349505739289;12.373952655370193;11.48733761520718;11.766528908598865;11.365228849251544;11.96902670215077;12.208234358339787;10.569855608330949;11.092757140919852;13.504943095770118;12.171176797651771;12.347898144596012;12.507051302247916;11.217351905270334;12.637530551525307;11.179287104646004;12.659103963473662;11.552669097514272;10.526499239136566;12.257682480708766;12.653516879421431;12.889123656294238;12.246146774635864;10.217957697864112;11.434106928609957;11.916625922211235;12.759680167210965;12.30149619498255;11.605016447911364;12.679700005769249;12.203959703239462;10.897089128312755;12.3151495622563;12.754678763822527;11.977637690405876;12.080817527608328;12.023407843140218;12.714245517666123;12.172114932533136;11.849405100947758;11.25797705856398;10.94617524072356;11.88264304936184;11.818582177480858;12.461990950585571;12.0911047583765;12.482303782323182;10.971543553950772;12.47192918764169;13.066593776312253;9.493855449240822;11.709945380232496;11.287712379549449;12.729620743553038;12.261213451366048;12.934059394900794;12.573410505507574;11.653292945382814
14.182316753692769;14.995899615570158;17.957294793207648;14.43827205612483;12.845686055977064;14.289802772190065;15.105090051046009;14.726963160660858;12.38747886584238;13.92916592522139;14.46875130398112;12.251186503524336;18.701235381482345;13.809265710094545;13.955195815729942;14.80095044188254;15.315255722133774;14.045333068328068;13.359063183678291;13.783305219747794;13.404077136241234;14.289802772190065;12.540854532113636;13.207166881383287;15.530223428060358;16.17866485100647;13.33399388276136;17.775140845000664;14.353284691143072;13.030494719749468;11.386401423640775;18.655499278456155;15.376837605185855;18.54768909147732;13.663669281733675;15.853796870064915;18.660612255411856;14.582141981658776;13.832494484336111;12.540854532113636;17.19645804960178;16.048721003444836;14.047294352783004;14.335599708946;18.61561886154066;14.095726668639047;14.637530551525307;14.510022358813766;12.774581180893598;13.928980940602482;15.100539152817111;13.806650309081014;19.12355057654312;15.07756680510784;19.063244968307306;14.786320684751823;17.775443101974822;16.17866485100647;14.778077129535358;14.085887348621604;12.145295334933598;14.517730893262074;17.880241176029713;14.556446180627352;14.818332520110776;12.711451886714766;14.80014155793332;19.063244968307306;15.111013375123724;13.464162818668548;14.572226512793694;13.338039933107874;13.207166881383287;13.24242982755771;12.879774677336927;12.540854532113636;18.20775790372186;14.201741054721296;12.600609852446706;14.33385416119417;14.473198383677529;16.269619817686607;19.41349364517676;16.269619817686607;16.938913356819434;14.473198383677529;14.668497230024585;13.257387842692651;13.522949268639264;13.72643105611424;19.055854349354824;14.314016703901355;19.10683638457148;15.743782540330756;14.97235161044064;18.923530605478707;13.909049265363011;14.160107773102574;13.114067647165264;14.45211251457386;18.98490237653973;11.386401423640775;13.376396751082842;16.82352895693703;14.795329446353756;14.716122804906792;13.404077136241234;15.432835472528684;13.97235161044064;14.757650437737274;18.54768909147732;13.955195815729942;13.502458902231846;13.2205294822913;15.06373212019692;10.219168520462162;13.983349927676455;13.681018739902102;14.134506539022745;10.727069558023706;13.888838360151276;14.154264336924216;10.562242424221072;13.362491806046062;11.971543553950772;13.04114576747633;13.848231701093818;11.025831668332026;13.59549060660764;13.474719946526482;14.222266622827355;13.88502901067848;13.621021609124346;13.777666280880757;14.507051302247916;13.000528233986822;13.906045018731197;14.10549933784863;13.363587246524578;14.63225685350416;13.5285762023352;11.950555897047511;10.493855449240822;13.796952161509315;14.393725617171569;13.135388651579046;13.264442600226602;13.62193738796388;14.269711121142782;14.461607340113764;14.48255589154897;10.893301530860564;14.559556340702834;14.170394552314118;13.980764372110905;13.112602403528848;13.935072944069084;13.549904967722028;10.701306461958623;14.389832969091168;13.505935576704188;14.858078156123057;13.60478485708642;14.817383427897232;14.564804462053765;13.712204550438654;14.730523207685463;13.46326891598129;13.03083953214138;14.375514638526536;13.410053787075569;13.042685372219353;12.07045641594465;13.836543533554272;13.525398458669615;10.42940674151398;11.06339508128851;14.729833138848363;14.55728419121321;13.269418929741096;14.687156944138907;12.146250445885986;13.965874450284495;12.106890045092218;16.798193320312325;13.237807473723135;11.298062567719017;13.496479326970862;13.946449421784386;14.52497015044982;14.31875462290802;9.64745842645492;13.389093521904474;13.95764621521841;13.721846837458784;13.50084187955693;12.749450465569916;14.011751395316717;14.263709337165892;10.577428828035748;12.906326932760605;15.841195764792852;12.865926545021903;12.026869205263395;14.123636453803824;14.343255127511735;13.638096469643768;12.80755617685892;12.614939847310737;11.884552133987237;13.62044895201331;13.722273891422056;14.240940363208098;15.330671834370351;13.903222844433571;10.99081307915361;13.955740708739398;14.316069355109189;11.770250927394864;13.082648042352986;13.069114061773938;12.934612328171395;11.909518114296617;14.689670445963223;14.56057167123656;12.803525736911428
12.976385117888592;13.523929443651667;12.683871868622605;13.0975383756469;13.266347341835893;13.488216732995973;12.192909219112012;12.052228393347402;13.115856481915078;13.636511339161556;14.149985220736012;12.619302955415687;14.713171684314805;12.970645182266663;13.153393693888615;12.556026992724677;14.364887002689064;13.009128789539256;14.036517070486518;14.473642338633717;13.830317129810208;13.488216732995973;13.0591754379151;12.531137741444716;13.090608674341276;14.516561847211248;12.448632567730552;13.97710100677111;13.207471955404491;12.959639764364184;12.60246690183057;13.136029849385553;10.721099188707186;13.66777683839343;12.52943055414615;13.055790814565905;13.360572781480696;12.8649599151426;13.25074252905064;13.0591754379151;13.86785786397283;13.256356135514164;14.585842783279976;12.698704666770343;14.1501439330619;14.054858649392074;13.446824840780309;12.58941707576861;11.246146774635864;12.8851243671041;14.01524080333268;13.55206865007526;13.451468712947358;13.673640336144274;12.507794640198696;13.071462362556623;13.63469762629172;14.516561847211248;13.352043425795433;12.320800548881635;12.922026839405897;14.311819256171884;12.794821973331224;13.357552004618084;14.072383864515764;12.78953364497036;13.319672120946995;12.507794640198696;13.580729651598958;12.465311308877183;13.434237271026891;12.390706372872774;12.531137741444716;12.787086324551616;11.95383268214528;13.0591754379151;14.182316753692769;12.347898144596012;14.019677593218724;12.844901876019785;13.028769420523412;13.663558104217271;14.295338471925628;13.663558104217271;12.580022967753877;13.028769420523412;13.066593776312253;12.560093957642495;15.06604713366937;13.229720093237413;14.469451039238107;13.255766257128808;14.908814783746152;13.57601187420678;13.705740369475974;14.127349541059118;14.134265869234731;13.412172865823786;12.727282329212189;13.38626668677018;14.050868963290736;12.60246690183057;12.629811944382231;13.034798962577268;14.25863963890211;13.357414546179516;13.830317129810208;13.67485430794662;13.400345796534694;14.056129634445549;13.66777683839343;13.153393693888615;12.747353829478062;12.335948565202298;13.205029555005872;13.081982669325678;12.898601387403938;12.64880694972577;12.895007180368662;12.845686055977064;12.640696837570092;12.913450441458098;13.02911464546904;12.30720080914081;12.278449458220482;12.790959333698824;12.324180546618742;11.822172461476178;12.67485430794662;12.5090326863065;13.156241119235752;12.71853287606922;12.99859042974533;12.579787329526992;13.340406490853294;12.693051295397;12.51422090935813;12.551227603598289;12.44785810495403;13.39794197197264;12.773551346428505;12.916999049082808;12.592223421359405;12.893301530860564;12.541338657970826;12.292609222764296;12.39473062943157;12.674412981837063;12.940680648424092;12.792993591002716;13.016285982108814;12.257387842692651;13.109667444250803;12.799281621521924;12.556026992724677;11.627077840517394;13.191830338095308;12.964340867792416;12.485326189240524;12.950009041886164;12.66222330531784;13.389093521904474;12.33147682185962;13.29332794695636;12.771283119641003;13.036860446673046;13.057822541282478;12.560332834212442;11.941414470942911;13.153235338689411;12.155134454857755;11.915879378835774;12.729833138848363;13.061708704660624;13.124444460008585;12.657318449581288;13.171020382511934;13.581671358578143;12.55098721452152;12.589182967039353;12.987264012072538;12.556745526004686;13.089781488353998;12.46454575033394;13.196448443962078;12.629811944382231;12.730682407476795;12.683213954934429;12.69261550169458;13.019764452849738;12.985308297255852;12.377210530388552;12.1901333218648;12.235415935602528;12.475226777742266;12.53818893205242;13.002111776479852;12.884170519108435;12.626849764469036;12.246443717117286;12.357826882210777;12.961630562578824;12.220680621052203;11.6965329140783;13.237807473723135;12.731106854388033;13.216442739160492;12.794821973331224;12.386940245324311;12.731531176461942;12.530893981193922;12.81277897162766;13.117805411682438;13.04916787237217;13.115206253153248;12.819979460922664;12.81257844413538;12.83466855769086;11.90048948483465;12.585901449690772;12.79543091954113;11.533816389433364;13.47649307734159;13.118616689351509;12.792790294301064;12.414685235807214
10.467605550082997;9.7515440590891;10.220378327695228;7.672425341971495;9.368506461507693;8.832890014164741;9.31741261376487;6.149747119504682;7.199672344836364;9.068778277985412;11.544964432789238;9.702172685365548;9.074141462752506;10.225207436943505;10.278449458220482;10.494855584491198;11.032045726930807;9.409390936137704;11.034798962577268;10.728770849542665;9.92481250360578;8.832890014164741;9.977279923499916;5.977279923499917;6.807354922057604;9.63117705570398;9.016808287686557;9.523561956057012;10.91214085629572;8.539158811108031;6.087462841250339;4.954196310386875;5.832890014164741;8.810571634741146;10.638435913990472;10.565102078360312;8.76487159073609;8.199672344836364;7.845490050944375;9.977279923499916;8.960001932068081;11.197216693110052;8.321928094887362;9.845490050944376;10.24555270625568;9.774787059601174;9.353146825498085;9.03342300153745;6.442943495848728;10.625708843064466;9.044394119358454;9.823367240046236;9.535275376620802;8.686500527183219;7.965784284662087;7.734709620225838;8.129283016944967;9.63117705570398;8.027905996569885;9.46352437327118;9.005624549193879;9.90839262077375;5.614709844115208;8.49585502688717;9.564149489985732;6.392317422778761;8.159871336778389;7.965784284662087;7.727920454563199;7.257387842692652;8.658211482751796;8.233619676759702;5.977279923499917;7.954196310386875;3.807354922057604;9.977279923499916;8.832890014164741;8.618385502258606;7.2384047393250786;9.573647187493322;9.590587049915037;9.850186837645774;8.665335917185176;9.850186837645774;8.710806433699352;9.590587049915037;9.729620743553038;8.897845456005511;7.392317422778761;8.471675214392045;8.011227255423254;8.118941072723507;9.715961990255144;10.861086905995396;10.197216693110052;6.845490050944375;9.562242424221072;7.906890595608519;9.13699111208023;8.179909090014934;9.324180546618742;6.087462841250339;8.471675214392045;10.071462362556623;8.951284714966972;7.686500527183218;9.92481250360578;11.023061249735337;8.092757140919852;8.968666793195208;8.810571634741146;10.278449458220482;9.113742166049189;7.857980995127572;7.622051819456376;7.357552004618084;9.219168520462162;9.016808287686557;9.060695931687556;8.294620748891628;8.778077129535358;8.124121311829187;8.266786540694902;9.08746284125034;8.79766152585376;8.63662462054365;8.134426320220927;7.499845887083206;8.507794640198696;8.49585502688717;8.83605035505807;7.888743248898259;10.567956075415466;8.94251450533924;8.63662462054365;9.187352073200495;7.392317422778761;8.022367813028454;8.76487159073609;8.219168520462162;9.541096615349524;8.483815777264256;7.754887502163468;9.35974956032233;7.988684686772165;6.0;8.550746785383243;9.147204924942228;9.038918989292302;8.339850002884624;8.011227255423254;6.426264754702098;8.741466986401146;8.665335917185176;7.592457037268081;8.252665432450248;9.491853096329674;9.12670447284319;8.113742166049189;9.326429487122304;8.721099188707186;9.577428828035748;9.095397022792556;9.216745858195306;9.355351096424812;8.588714635582264;8.092757140919852;7.870364719583405;9.29232163280204;9.236014191900084;8.62935662007961;7.714245517666122;9.876516946565;8.754887502163468;9.060695931687556;7.475733430966398;8.044394119358454;8.499845887083206;7.584962500721156;9.13699111208023;8.603626344986193;9.08746284125034;8.873444112515376;8.60733031374961;7.954196310386875;8.918863237274595;8.204571144249204;8.857980995127573;8.357552004618084;7.066089190457772;10.835260918627489;7.044394119358453;7.912889336229962;8.330916878114618;6.918863237274595;7.285402218862249;9.111135670234708;8.20945336562895;8.703903573444663;8.734709620225837;8.78135971352466;9.705632387361415;8.906890595608518;7.658211482751795;9.483815777264256;8.339850002884624;9.537218400538595;8.543031820255237;7.2384047393250786;9.025139562278508;7.988684686772165;8.867278739709661;9.179909090014934;8.873444112515376;9.918863237274596;9.084808387804362;7.294620748891627;8.194756854422248;9.839203788096944;8.832890014164741;7.392317422778761;6.977279923499917;9.92184093707449;9.776433032444732;8.144658242831882;8.823367240046235
14.499036136591055;15.738461755086943;13.804635230827737;13.78759652544136;12.7425199716613;14.350317672532295;9.319672120946995;10.709945380232496;12.202736043250168;12.653516879421431;10.7047682393626;10.981567281903017;13.407798850221974;11.980853606379736;14.610678841099094;14.049593333179432;11.978352958165145;12.983528071165097;13.371232128369622;11.810973220002165;13.958733947142935;14.350317672532295;12.545688495560212;14.68540583478614;12.1999790076159;11.41256984680521;11.309476353841106;12.452756029032496;14.43742698725026;14.527110421116005;12.766942940755785;13.841171189248543;11.827739648806956;11.665335917185176;12.285402218862249;13.432411404703588;13.1006623390052;12.676838606474153;13.782383991197;12.545688495560212;14.08597031219395;11.411510988012072;14.351836444368397;11.982280604558284;11.846273911349906;13.47636649738618;10.304921669581672;11.706927639617405;12.075479149488016;12.065079488999862;14.556506054671928;12.879966079664356;12.031356596255709;12.507794640198696;11.857980995127573;12.621822947394202;13.796141032081309;11.41256984680521;13.73259143596501;12.845490050944376;13.594324603924848;13.553869243196068;11.857592285697526;13.3409627642517;11.3437409184722;11.590119174107176;14.291026768056126;11.857980995127573;12.808562029957525;15.384884907848305;12.41706134676029;11.678600139099458;14.68540583478614;11.909893083770042;9.957102041562289;12.545688495560212;12.765493308065638;13.08994696349794;14.493480219699268;12.01297364837454;13.107217075591382;13.828235675987669;13.432672384270308;13.828235675987669;11.979425195331473;13.107217075591382;13.611543576119823;11.654636028527968;13.95701132599393;14.392451595765689;12.217957697864112;13.697184783224516;13.1373113907009;12.777460812669784;14.023840967836763;10.381542951184583;14.854235312566662;13.349695895658408;11.29232163280204;14.2183361891014;13.496354488564617;12.766942940755785;12.935901682267588;13.189824558880018;10.81698362325538;14.422261914013903;13.958733947142935;13.084974434307496;11.133784409179908;14.491665233181951;11.665335917185176;14.610678841099094;12.426264754702098;15.184642931302324;13.65217275350971;13.83969588996783;14.795786019502;13.820378436323685;14.47452983890656;12.68934284613419;14.146727764348864;14.797154872629628;13.331756712255473;15.648301401202366;13.407666097055015;14.861668520613588;13.255471227467067;13.463779785335385;14.149588363516528;14.211356004895151;14.207166881383287;15.038661832040043;14.043112748778713;15.014064071416254;14.341935726886604;13.91429169033146;14.598517810612622;15.29978040285854;14.349350348234925;15.32097678604496;12.93110683302934;13.672093802261683;14.154343460243451;15.17823689589109;15.125897731760327;13.461607340113764;15.26974764090739;14.04874228605654;14.49097619227053;14.471675214392045;14.645208082774683;14.852724560447674;15.238442060216546;14.453206318425792;15.035615318961998;14.710106866907765;14.400746044849342;13.88978912797328;12.957102041562289;14.935533412950749;15.276487941887195;14.934520187341676;13.576720525080246;14.733968609439014;15.515607449629092;13.728770849542665;14.905010862390297;14.676452984336713;15.490286822111248;13.30249613217652;12.94251450533924;14.034713003448283;14.0591754379151;13.513727595952435;14.551347783117778;12.276415241892678;13.839991070539886;14.658155684370753;13.957736890875452;14.321223481910772;15.381407759783006;13.333295139569085;14.855549841168669;14.615916952015128;13.521109643651332;14.090856737681774;13.75258971764099;14.510207846851506;14.874933333840945;14.185727198616211;13.991964648645355;13.807858006430276;14.005975356500382;14.295697199590128;15.44530589110041;14.715425811915866;14.430256519999917;15.147522944350744;14.557104658489855;14.454235023877562;14.763782940300535;15.016547158534271;13.368642867222434;14.299637328029158;14.67380593791686;14.883311516379342;14.84788927961942;13.162706018482416;14.445726186139218;14.852968337174042;13.92016673723887;13.842743180731658;14.995943767764953;15.184952805124247;14.889599024528428;13.455070307287963;14.435019078329743;15.832098846039134;12.679480099505446;14.130490124844886;13.914198242454956;15.330041530701688;13.272046524389935;15.064321748889189;15.141987359717607;14.610332801911134
12.565578136784328;11.587308728333545;14.3910421566613;11.32023644524165;11.57459352733761;11.81658370778757;7.330916878114617;8.280770770130603;13.126220482330105;7.965784284662087;11.025139562278508;10.985130373466898;9.541096615349524;12.545447181678094;11.522091068887065;9.878050912728536;9.659995892429976;9.588714635582264;10.269126679149418;8.118941072723507;13.3888245380236;11.81658370778757;11.004220466318197;12.3188252203997;10.194756854422248;10.687375683437468;9.733015321685963;10.23840473932508;12.040289721025715;11.791162888555018;10.492854620174748;8.044394119358454;10.251482410620213;8.861086905995395;10.767356854125683;8.807354922057604;11.731319031025064;11.386401423640775;8.960001932068081;11.004220466318197;8.707359132080883;8.614709844115207;14.787902559391432;12.162706018482416;10.726218159332198;12.216442739160492;5.727920454563199;10.225207436943505;11.16427843830117;11.85369942030022;5.754887502163468;9.477758266443889;14.1877386785143;7.94251450533924;9.375039431346924;10.86573327085176;9.665335917185176;10.687375683437468;7.768184324776926;10.459431618637296;14.408130679705897;11.736824699098864;10.153552031708111;10.77066389291676;9.741466986401146;12.253552062637464;10.36194377373524;9.375039431346924;8.829722735086058;14.133302788397303;13.034970865471829;11.070120944476823;12.3188252203997;10.547858506058416;12.815583433851025;11.004220466318197;8.813781191217037;9.541096615349524;11.815383295813538;9.06339508128851;10.872674880270605;10.952013164889486;9.861086905995396;10.952013164889486;6.94251450533924;10.872674880270605;10.50382573799575;9.084808387804362;12.43306376512207;12.76487159073609;11.160501747555688;10.982280604558284;10.792790294301064;9.306061689428342;11.779308973959898;8.271463027904375;13.470531781161656;11.050528905530555;11.493855449240822;10.129283016944967;10.382624026574916;10.492854620174748;11.634811050171718;7.924812503605781;9.914385132155443;9.804131021183318;13.3888245380236;11.16427843830117;9.179909090014934;8.154818109052105;8.861086905995395;11.522091068887065;11.77561028075954;14.300066509957324;12.254142846855748;13.65318096532758;14.338736382573916;13.274378153246364;14.234293535939402;13.855549841168669;13.34207466799914;12.95164898590462;14.170707501348076;14.021153496202572;13.063900610128892;14.518345800372607;12.14051027236822;13.90566904764538;12.80715363917749;13.594907723063336;13.39379263977458;13.80564312177336;13.623195635452936;13.573883830656468;12.945260927339202;13.431236412071062;14.157978449945432;13.576720525080246;12.817583288677616;13.932030157887027;12.40886043602476;13.892068417564705;14.115368837820224;13.685953284813918;13.537218400538595;12.934428040626804;13.746094383705463;13.375853976418467;13.702822011777029;13.023061249735337;13.162548682199924;14.34443462192399;13.906796667092523;13.41679752760606;13.557942286787448;13.35356038291553;12.7858611057596;13.380190466749834;13.213408040858337;13.990724458800322;13.84185914629596;13.374767814092824;13.320800548881635;13.921562038654145;13.817583288677616;12.942697762886755;13.942972605568816;13.861086905995396;14.081649867700005;11.7858611057596;12.155134454857755;12.543273538449805;14.19198451336031;13.13651056079364;13.62650758277611;12.19383333254655;14.175705475525929;13.898034475991487;12.700222950799256;13.556745526004686;14.047209134965508;13.861571601125398;13.882929573153632;14.16427843830117;12.139871063212489;13.479527669256347;14.031098087363116;13.361258440464605;13.782895857457785;13.40899307934218;13.414288836562823;13.211279947482009;12.420486612825774;12.855647166027266;13.804836865355092;13.165064005998712;14.380866867456533;14.264662506490406;13.144020869266893;14.343393941621423;14.436581423080453;14.597528846453848;12.99205319285264;13.476746203939468;13.83535962180824;13.842841373349758;14.54984481908885;12.255323690008137;13.147045888945716;14.220453906972867;13.113904915786051;13.545929769085468;14.146250445885986;13.57092299753398;13.991521846075695;13.826846369884125;13.481925535860656;14.210975677726395;11.867664848380745;13.16867211813223;13.69032542253662;14.145454564009516;13.563196272216738;13.89026427702111;13.582259613444965;13.746619286400316
6.918863237274595;7.78135971352466;6.6293566200796095;7.219168520462161;6.087462841250339;7.044394119358453;5.0;6.339850002884624;3.906890595608519;5.672425341971495;9.573647187493322;6.066089190457772;7.20945336562895;9.1006623390052;6.266786540694901;7.011227255423254;6.554588851677638;5.523561956057013;7.539158811108031;8.67595703294175;9.179909090014934;7.044394119358453;6.894817763307944;6.442943495848728;6.321928094887363;7.584962500721156;7.467605550082998;8.049848549450562;7.800899899920305;8.134426320220927;6.169925001442312;5.523561956057013;6.507794640198696;7.285402218862249;5.584962500721156;6.066089190457772;7.400879436282184;6.78135971352466;6.845490050944375;6.894817763307944;6.78135971352466;6.9886846867721655;8.375039431346925;7.108524456778169;8.194756854422248;7.491853096329675;7.169925001442312;6.247927513443585;6.321928094887363;6.044394119358453;7.442943495848728;6.321928094887363;7.813781191217037;6.321928094887363;6.189824558880018;6.149747119504682;6.658211482751795;7.584962500721156;6.643856189774724;6.614709844115208;6.906890595608519;5.807354922057604;5.169925001442312;6.523561956057013;6.285402218862249;7.442943495848728;5.523561956057013;6.189824558880018;6.321928094887363;8.774787059601174;6.303780748177103;5.807354922057604;6.442943495848728;9.147204924942228;4.700439718141092;6.894817763307944;7.199672344836364;6.357552004618084;6.20945336562895;6.409390936137702;5.906890595608519;6.918863237274595;6.149747119504682;6.918863237274595;4.459431618637297;5.906890595608519;5.9886846867721655;4.459431618637297;7.189824558880018;7.807354922057604;8.861086905995395;6.6293566200796095;7.912889336229962;7.554588851677638;8.426264754702098;5.392317422778761;7.971543553950772;9.204571144249204;6.507794640198696;6.643856189774724;6.554588851677638;6.169925001442312;6.614709844115208;8.312882955284355;7.426264754702098;7.357552004618084;9.179909090014934;6.584962500721156;6.491853096329675;7.507794640198696;7.285402218862249;6.266786540694901;7.787902559391432;8.643856189774725;6.475733430966398;9.124121311829189;8.60733031374961;8.546894459887637;9.041659151637214;7.467605550082998;7.451211111832329;7.714245517666122;9.43879185257826;11.289442575688332;9.946906274456396;10.38586240064146;7.721099188707186;8.558420713268664;6.643856189774724;8.60733031374961;8.179909090014934;9.50382573799575;9.25502856981873;7.622051819456376;8.622051819456376;7.303780748177103;8.335390354693924;8.174925682500678;8.179909090014934;8.744833837499545;8.985841937003341;10.111135670234708;8.396604781181859;8.804131021183318;7.417852514885898;8.060695931687555;9.377210530388552;7.794415866350106;7.294620748891627;7.467605550082998;8.59618975614441;7.417852514885898;9.221587121264806;6.954196310386875;8.379378367071261;8.344295907915816;8.330916878114618;7.988684686772165;9.65284497300198;8.74819284958946;9.67065624911844;7.622051819456376;7.94251450533924;10.00562454919388;7.774787059601174;7.392317422778761;8.90388184573618;7.918863237274595;10.328674927327947;7.679480099505446;7.531381460516312;8.90388184573618;10.721953612801386;8.78135971352466;8.076815597050832;9.355351096424812;9.18239435340453;8.643856189774725;7.924812503605781;7.954196310386875;7.930737337562887;7.870364719583405;9.303780748177102;10.66266837551754;7.483815777264256;8.375039431346925;9.219168520462162;9.016808287686557;8.573647187493322;8.787902559391432;9.172427508645482;7.475733430966398;8.523561956057012;8.243173983472952;7.754887502163468;6.672425341971495;9.787902559391432;9.346513733165636;7.483815777264256;9.541096615349524;9.702172685365548;9.749869427396844;9.59618975614441;6.930737337562887;8.72451385311995;8.098032082960527;9.084808387804362;9.055282435501187;8.0;10.183635381473218;7.539158811108031;9.057991722759176;9.055282435501187;7.599912842187128;10.186114239541643;7.665335917185176;9.038918989292302;8.900866807980748;6.78135971352466;8.577428828035748;7.108524456778169;7.515699838284043;9.961449694398196;8.83605035505807;8.066089190457772;7.3750394313469245
12.212496385193948;11.795227966028678;10.737247343027738;11.793196859060943;11.857203471508166;12.154185209265297;10.367414751246828;10.708221730038352;12.122180901259751;11.305491792110685;12.305491792110685;10.708221730038352;11.729620743553038;14.670822193758411;11.683433292835405;11.153552031708111;11.741466986401146;11.25502856981873;12.605248001565805;11.4757334309664;12.77540451950398;12.154185209265297;11.241387363998935;10.927037168720297;11.453270634010623;11.667998535672528;13.576130006861169;12.014369242235135;11.98192398731734;11.107870914279614;11.942147920394849;11.354800344350595;9.64745842645492;10.709945380232496;10.064742764750257;11.46352437327118;12.183325224524612;11.904258282800518;11.29232163280204;11.241387363998935;11.39660478118186;12.054604317960672;11.157978449945432;12.681018739902102;11.2836671674915;14.302853084708437;10.01262453886506;10.63390340934852;10.842350343413807;12.263856019596082;10.872674880270605;11.756139298372927;12.437752072323605;11.208843990734614;10.330916878114618;11.774787059601174;10.606405212697783;11.667998535672528;11.16427843830117;10.78135971352466;13.011227255423254;12.348728154231075;10.85096815098244;11.626165319904498;10.974414589805528;14.629925753007772;10.927037168720297;10.330916878114618;11.067434360756522;11.515699838284045;12.029287226968243;12.907078434296483;10.927037168720297;11.20945336562895;11.646558710154547;11.241387363998935;11.617926556798752;10.18239435340453;9.61286849729104;10.011227255423254;11.390168956200185;11.251482410620213;12.03857610276879;11.251482410620213;9.214319120800766;11.390168956200185;10.963618617443972;10.643856189774723;11.417852514885896;12.37531099747307;10.929998062609029;10.460455896309636;12.30862344513114;11.1705510353167;12.303780748177102;10.915879378835774;13.178509245652185;11.41415667927414;11.818981539432444;11.017504401109417;12.168358727223886;11.942147920394849;12.400879436282183;11.382624026574916;11.348174867535556;11.382083590141969;12.77540451950398;11.639792893279312;11.825753832883112;10.158609688214478;10.709945380232496;11.683433292835405;11.848231701093818;12.474466464132632;11.323617763291578;12.526010107061737;12.492604304386685;11.761966695382092;12.212496385193948;13.22022715726067;12.108851117040151;11.96650545190574;12.650827374138768;11.593391122791736;12.02894204332241;12.400612641082;11.08214904135387;11.872674880270605;12.203348002979762;12.136029849385553;12.100333819126542;11.95310515059134;12.828533210455618;11.691307330191115;11.749031382040204;12.232420927176076;11.769424641552751;11.346513733165636;12.385592813601365;11.922584402713664;12.466841208321602;13.09341756438796;12.553629293916364;12.246443717117286;11.95164898590462;11.2836671674915;12.079484783826816;12.232720707964871;12.37937836707126;11.609640474436812;12.19075064966236;12.352595231134304;12.878050912728536;12.38505348834615;11.737669863177452;10.768184324776929;11.352043425795433;12.579315937580017;12.117318426010003;12.846861527286707;12.33371442609397;11.7632123668144;12.295481973695368;12.941414470942911;11.667555107041132;12.154501693864765;12.805340828416384;12.258271576282851;11.660887270302569;11.24198314969433;11.606867837374152;11.639792893279312;12.747353829478062;12.54882190845875;13.02392757717438;12.200592137689254;13.083479327331842;12.556745526004686;11.95310515059134;12.087131301540529;12.217048913556338;12.341518823245243;12.917185576336395;12.329516067206534;11.731743290707842;11.531381460516313;12.45994384837493;11.77313920671969;11.843528534611089;12.084144010615145;11.705632387361415;11.90839262077375;11.67595703294175;11.584962500721156;11.931845540183671;11.242578689451346;12.65642486327778;11.735132884139947;12.045418397030792;11.676397887044764;12.761135649828644;12.640018932455783;11.622509454683335;10.55170826162069;12.597587039586216;11.535761377986656;13.264882379239577;11.904634621668151;12.522336320913306;12.289442575688332;12.36468185586456;12.721099188707186;13.02496648387378;11.776844232402167;12.451468712947358;12.46454575033394;12.390706372872774;12.479022346995178;10.217957697864112;12.107870914279614;12.457124331540804;11.71338651493703;12.70433597118232;12.573410505507574;11.83368074865474;12.213408040858337
11.332596057789214;10.898601387403938;11.954559846999834;11.24198314969433;10.795227966028678;11.160501747555688;9.26209484537018;8.098032082960527;12.020632761657708;8.562242424221072;9.992938336165814;10.581200581924955;10.124121311829189;12.045418397030792;11.105908508571158;10.239598529249124;11.312315746690109;10.565102078360312;11.0566377151132;9.65284497300198;12.148158772937894;11.160501747555688;11.237807473723135;12.071462362556623;10.687375683437468;9.29920801838728;11.559855041513623;11.49735289347705;11.734709620225836;12.440609666748422;9.729620743553038;10.918117851031772;11.651948610723446;9.269126679149418;10.758223214726724;10.777255315191924;10.51668494930961;11.506307581100309;10.85096815098244;11.237807473723135;11.276124405274238;10.815383295813538;10.456354415108288;11.955286645524469;10.790348496751914;12.094407633081207;10.043027283594547;10.064742764750257;10.860311054919482;12.693486957499324;11.576956664706092;10.200898605038445;11.968666793195208;11.092757140919852;8.900866807980748;11.109177703355275;10.872674880270605;9.29920801838728;10.036173612553483;10.203348002979762;11.5401280385821;11.413627929024171;10.01262453886506;10.787086324551616;10.842350343413807;11.846665681899738;9.627533884472792;8.900866807980748;8.994353436858859;12.72451385311995;12.582847628550269;10.567956075415466;12.071462362556623;11.197216693110052;11.565102078360312;11.237807473723135;10.50382573799575;10.124121311829189;9.61286849729104;10.878050912728536;11.136350341454156;10.934428040626804;11.254438148267257;10.934428040626804;9.588714635582264;11.136350341454156;10.296916206879288;11.246146774635864;11.827342704234116;12.14561377551339;9.823367240046236;11.149111990706889;10.51865315567339;11.030667136246942;11.688687423222536;9.346513733165636;12.55026580686874;11.502831804066744;10.060695931687556;11.025831668332026;10.557463701597824;9.729620743553038;11.897845456005513;10.208234358339787;9.501837184902296;11.683871868622605;12.148158772937894;11.1879705919842;9.1006623390052;9.560332834212442;9.269126679149418;11.105908508571158;11.66266837551754;12.617467465294196;10.909143047339898;11.858758099935422;12.419960177847887;11.350939181546432;12.128316602903544;11.792383614935188;11.439830883981392;11.834075953434883;12.223096690347695;12.58941707576861;11.267371931265274;12.526499239136566;11.184875342908285;11.826945650415484;11.186733289128869;11.580258567499788;11.769011321097016;12.203959703239462;12.49210354247923;11.965423565810127;11.55026580686874;11.965423565810127;12.322491537597468;11.87536540064177;11.774375272802065;12.213408040858337;11.28424574982967;11.897467341721892;12.028596777067108;12.451468712947358;11.571278618514595;11.53818893205242;12.574357000565888;11.475226777742266;11.822172461476178;11.550746785383245;11.89026427702111;12.977995368612962;12.59245703726808;12.005975356500382;12.01854794187165;11.172427508645482;11.280770770130603;11.821773981970567;11.436711542137214;12.169298695792843;12.65217275350971;11.668884984266247;11.61378946447258;12.10459875356437;12.115368837820224;11.025139562278508;12.096056239180946;12.38720958071964;12.924998023446696;11.042343379793692;11.269126679149418;11.445532219028312;12.093087390444218;11.473705749619416;12.247334178028728;10.79603960882977;11.950191349972702;12.550025257465784;11.350386742312844;12.03342300153745;12.588480412829758;11.63026712502677;12.202736043250168;12.041659151637214;11.456867738380344;11.570330101030798;11.440350119200565;11.30890780406394;12.145932145820517;12.444238438078106;11.73978060977326;11.89973454235751;11.275542556086725;11.406205005418856;12.404077136241234;11.60733031374961;12.516192477879368;12.516931121998695;11.446566409066069;12.404609397837712;12.89954574499535;12.776433032444732;11.631631805917635;12.390168956200185;11.84979602224561;12.667555107041132;12.7054163988827;11.275542556086725;11.401412878714178;12.029287226968243;11.217351905270334;12.066761932386909;12.645883554519004;12.010528105886484;12.331756712255473;11.680359523513712;11.83289001416474;12.4655664048094;9.710806433699352;11.750706986224948;11.824958740528524;13.07648160120702;12.181462881270017;12.451211111832327;11.91026795581084;11.868436755858168
10.326429487122304;11.051208940914766;9.539158811108033;10.419960177847887;10.678600139099458;10.701306461958623;8.154818109052105;7.98299357469431;12.559855041513623;8.499845887083206;12.378023850925484;10.00562454919388;8.290018846932618;12.483815777264256;10.719388820942084;9.594324603924848;11.831307243802051;10.181152256865566;10.571752643503546;10.955649907528374;13.213863652749346;10.701306461958623;10.477758266443889;12.397139806235604;9.231221180711186;9.31741261376487;11.52061868055628;9.625708843064466;10.382624026574916;10.50382573799575;9.862637357558794;10.330916878114618;10.304921669581672;9.105908508571158;10.643856189774723;11.753216749178955;10.159871336778387;10.722807531169549;10.296916206879288;10.477758266443889;10.901621158346112;9.876516946565;9.72451385311995;13.278013796118156;9.94104760634058;13.567837271525178;10.977279923499916;10.001408194392807;10.33427328530719;12.643179767925549;10.52943055414615;9.08214904135387;12.279320387942608;8.842350343413807;11.61654884377899;10.318542809702723;8.59618975614441;9.31741261376487;10.113742166049189;8.022367813028454;11.2940463132715;10.219168520462162;8.820178962415188;10.157346935362844;9.030667136246942;13.066089190457772;10.179909090014934;11.61654884377899;8.900866807980748;12.125413470483316;10.563196272216738;12.925925264972856;12.397139806235604;11.358651200892886;9.527477006060396;10.477758266443889;8.348728154231077;8.876516946565;9.861086905995396;10.785452468158542;10.3409627642517;10.358651200892886;10.4797802640291;10.358651200892886;7.870364719583405;10.3409627642517;8.888743248898258;10.189824558880018;10.876516946565;11.22881869049588;8.897845456005511;9.422064766172811;10.163649676015824;11.719816603018126;10.452241240430816;9.226412192788786;11.820577882655774;10.194756854422248;12.712527000439824;9.642051692927977;9.243173983472952;9.862637357558794;12.144658242831882;9.409390936137704;7.569855608330948;10.067434360756522;13.213863652749346;10.860311054919482;11.002111776479852;7.129283016944966;9.105908508571158;10.719388820942084;11.637530551525307;12.040289721025715;11.068778277985412;11.943247395901553;12.157978449945432;11.701306461958623;12.177419537989236;11.521600439723729;11.593857938858225;11.895953892812168;12.082814337672271;12.2600374211066;11.366322214245816;11.822570830950168;11.782998208920414;11.389631339260522;11.390168956200185;11.244958393151132;11.88760142450871;12.051208940914766;12.094077685671904;11.71896091198421;11.847448903982432;11.420486612825774;12.353698209048035;11.4812949046311;11.675074920385445;11.632995197142955;12.468114886378098;11.71338651493703;12.017156386383112;12.347898144596012;11.2246046815385;11.151016538892248;12.932952892194717;11.591989767615123;11.728345714710976;11.78053976747196;12.14306428063141;11.930367747438952;11.922955991908475;12.162706018482416;11.542548262335211;11.32755264408124;11.559377090526684;11.770250927394864;10.989394499844732;12.157662727208448;12.202429966015352;11.043027283594547;11.686062749895417;12.205182326228645;11.709945380232496;12.121533517340032;11.983349927676455;12.172427508645482;12.316564385396942;11.87536540064177;11.14274527675153;11.507299124122763;12.167418145831736;11.886077584873094;12.016808287686557;11.280770770130603;11.985130373466898;12.284824100224624;11.260919533662904;11.972261848733291;11.83605035505807;11.428360172704291;12.27029532647204;11.519144787997414;11.6965329140783;11.403012023574997;11.360847084179664;11.841171189248543;12.017852331905962;11.985486199104637;12.137631598235428;10.940313597145968;11.110483309816226;11.397139806235604;12.184565452446156;11.520127550324853;12.097702963524654;12.039947160169094;11.441388029346689;11.7047682393626;12.530650179750014;12.418379719364957;11.997532347526366;12.098361127332096;11.741466986401146;12.098032082960527;12.375582512490508;11.8649599151426;11.287135186086704;11.485326189240524;11.273795599214264;11.962534563511271;12.314016703901355;11.428883552010191;12.468878553819426;11.678600139099458;11.806146803320525;12.111135670234708;9.544964432789238;11.526988205432009;11.640244936222343;12.252369767926028;12.193525360501216;11.638888382252262;11.761135649828644;11.926295994781112
3.807354922057604;1.0;4.087462841250339;0.0;4.0;0.0;2.584962500721156;0.0;4.392317422778761;3.321928094887362;3.906890595608519;2.584962500721156;2.0;2.0;1.584962500721156;1.584962500721156;4.754887502163468;0.0;3.169925001442312;2.0;3.807354922057604;0.0;3.584962500721156;2.584962500721156;2.0;1.0;1.584962500721156;3.169925001442312;7.539158811108031;1.0;2.584962500721156;1.0;1.584962500721156;0.0;3.0;6.539158811108031;2.321928094887362;2.0;7.108524456778169;3.584962500721156;1.584962500721156;8.948367231584678;5.169925001442312;1.584962500721156;2.807354922057604;3.169925001442312;1.584962500721156;4.857980995127572;0.0;0.0;2.321928094887362;3.169925001442312;5.727920454563199;1.0;1.584962500721156;2.0;3.0;1.0;0.0;2.584962500721156;2.321928094887362;3.700439718141092;3.700439718141092;1.584962500721156;5.977279923499917;1.0;1.0;1.584962500721156;3.807354922057604;2.584962500721156;3.0;2.0;2.584962500721156;3.584962500721156;1.0;3.584962500721156;2.0;0.0;5.0;1.0;3.0;2.0;5.554588851677638;2.0;3.807354922057604;3.0;3.39231742277876;2.321928094887362;1.584962500721156;3.0;3.0;1.584962500721156;2.321928094887362;3.321928094887362;0.0;7.179909090014935;2.321928094887362;2.0;4.807354922057604;1.0;6.584962500721156;2.584962500721156;2.807354922057604;1.0;1.584962500721156;1.0;3.807354922057604;3.169925001442312;2.807354922057604;4.247927513443585;0.0;1.584962500721156;4.523561956057013;3.4594316186372973;3.584962500721156;0.0;3.321928094887362;3.0;4.0;0.0;0.0;2.0;0.0;3.4594316186372973;1.0;2.321928094887362;3.807354922057604;0.0;0.0;4.087462841250339;2.807354922057604;4.643856189774724;4.392317422778761;2.321928094887362;3.321928094887362;4.0;3.0;3.584962500721156;3.0;3.0;3.584962500721156;0.0;0.0;3.807354922057604;2.807354922057604;2.321928094887362;3.169925001442312;3.700439718141092;3.0;3.169925001442312;4.321928094887363;1.0;3.321928094887362;5.169925001442312;3.584962500721156;3.0;8.88264304936184;4.584962500721156;2.0;4.954196310386875;2.321928094887362;2.321928094887362;3.169925001442312;2.807354922057604;3.169925001442312;5.285402218862249;4.857980995127572;1.584962500721156;2.321928094887362;4.247927513443585;2.321928094887362;2.807354922057604;0.0;4.169925001442312;3.584962500721156;0.0;0.0;2.0;3.906890595608519;3.4594316186372973;3.4594316186372973;2.0;4.392317422778761;2.321928094887362;3.807354922057604;3.169925001442312;1.0;1.584962500721156;3.906890595608519;3.169925001442312;4.523561956057013;0.0;3.321928094887362;2.807354922057604;4.523561956057013;2.584962500721156;2.0;2.321928094887362;2.584962500721156;0.0;3.321928094887362;4.857980995127572;2.0;1.0;4.169925001442312;2.807354922057604;3.169925001442312;2.807354922057604;1.0;0.0;3.169925001442312;3.584962500721156;3.0;3.906890595608519;3.321928094887362;0.0;2.321928094887362;3.4594316186372973;0.0;4.807354922057604;3.321928094887362;2.0;0.0;2.0;4.0;3.584962500721156
3.0;2.807354922057604;2.0;3.906890595608519;1.584962500721156;3.169925001442312;2.0;0.0;0.0;1.0;2.0;0.0;2.807354922057604;3.0;1.0;0.0;2.584962500721156;2.807354922057604;0.0;0.0;2.584962500721156;3.169925001442312;0.0;2.0;2.0;0.0;0.0;1.0;2.584962500721156;3.4594316186372973;6.303780748177103;1.0;0.0;1.584962500721156;0.0;0.0;4.523561956057013;3.0;0.0;0.0;1.584962500721156;1.0;1.0;2.584962500721156;3.906890595608519;3.906890595608519;1.0;2.0;1.584962500721156;2.321928094887362;0.0;2.0;0.0;0.0;1.0;3.584962500721156;0.0;0.0;0.0;2.321928094887362;4.857980995127572;2.321928094887362;2.807354922057604;1.0;2.584962500721156;0.0;1.0;1.0;2.321928094887362;0.0;0.0;5.357552004618084;2.0;1.584962500721156;1.0;0.0;2.321928094887362;0.0;1.0;2.321928094887362;0.0;2.807354922057604;3.700439718141092;2.807354922057604;0.0;0.0;1.3219280948873624;2.0;0.0;3.321928094887362;1.0;1.584962500721156;2.321928094887362;1.584962500721156;3.700439718141092;1.584962500721156;2.321928094887362;2.807354922057604;4.584962500721156;2.321928094887362;2.0;6.303780748177103;1.0;1.584962500721156;0.0;1.0;2.584962500721156;2.321928094887362;0.0;1.0;1.584962500721156;1.0;2.321928094887362;1.584962500721156;1.0;0.0;3.0;2.0;2.807354922057604;2.321928094887362;1.0;0.0;1.584962500721156;1.584962500721156;2.0;2.0;1.584962500721156;0.0;0.0;3.700439718141092;1.0;2.321928094887362;3.4594316186372973;2.321928094887362;3.169925001442312;1.0;2.321928094887362;1.584962500721156;3.807354922057604;1.584962500721156;0.0;1.0;0.0;1.584962500721156;1.584962500721156;0.0;3.321928094887362;2.0;1.0;1.0;1.584962500721156;1.0;0.0;0.0;1.584962500721156;0.0;1.584962500721156;1.584962500721156;0.0;1.0;2.807354922057604;1.0;1.584962500721156;3.169925001442312;2.0;2.321928094887362;0.0;0.0;2.0;2.0;1.584962500721156;0.0;0.0;3.4594316186372973;2.321928094887362;0.0;1.584962500721156;1.584962500721156;2.321928094887362;1.584962500721156;2.0;2.0;2.0;1.0;2.321928094887362;2.0;1.0;2.321928094887362;1.0;3.700439718141092;2.807354922057604;0.0;1.0;1.584962500721156;0.0;0.0;2.321928094887362;1.0;2.584962500721156;2.321928094887362;2.584962500721156;2.321928094887362;1.584962500721156;1.0;1.584962500721156;2.321928094887362;1.0;0.0;0.0;0.0;0.0;0.0;3.169925001442312;2.0;2.0;1.584962500721156;1.0;3.4594316186372973;1.584962500721156;2.584962500721156;1.0;1.0;0.0;0.0;1.584962500721156;0.0
12.276706019892432;11.230620933129869;10.844705764411938;11.922955991908475;10.97656412341533;12.423378576518491;10.63026712502677;8.285402218862249;15.285691191330091;11.556506054671928;11.453785055496157;11.352043425795433;11.014020470314934;13.316140084122116;11.963979787815338;9.493855449240822;11.026523442519766;11.17804232886482;10.593391122791736;11.488844346457336;12.879391796485187;12.423378576518491;12.044735626056909;11.988684686772164;10.550746785383245;9.243173983472952;12.243173983472952;11.668441828052998;11.53818893205242;11.926295994781112;9.640244936222343;9.842350343413807;9.243173983472952;9.505811553919594;10.594324603924848;9.164906926675688;11.845097960972977;11.585432051592962;9.483815777264256;12.044735626056909;11.16427843830117;11.223398414711628;9.86727873970966;11.966144913345602;11.09077405464075;13.245106994381208;8.388017285345136;10.971543553950772;11.119589620741122;12.372593033140744;9.14974711950468;9.65284497300198;11.219773550892874;8.867278739709661;6.78135971352466;10.926295994781112;10.457380879072534;9.243173983472952;10.249113452713727;12.69283341500077;11.197216693110052;11.954196310386877;10.027905996569883;10.50481898763284;10.891024190149498;11.458919206967591;10.62296694479051;6.78135971352466;9.573647187493322;13.439571196276454;10.904634621668151;12.052228393347402;11.988684686772164;10.67595703294175;9.668884984266247;12.044735626056909;10.649256177517314;11.957827560833744;10.286557761607956;11.899356922923111;12.317695245765163;11.357552004618084;10.744833837499543;11.357552004618084;8.243173983472952;12.317695245765163;10.380461065088973;11.27262978497637;12.17617314910749;12.581200581924955;10.85096815098244;11.02997734658958;11.118941072723509;11.44086916761087;11.802516365121225;10.295768934420508;13.161761743304677;11.750706986224948;11.138911718142744;11.232420927176076;10.992938336165814;9.640244936222343;11.964340867792416;11.483311954999351;8.344295907915816;9.481799431665753;12.879391796485187;12.245849771023725;10.3409627642517;8.98299357469431;9.505811553919594;11.963979787815338;13.677279191312175;13.287712379549449;12.47015043527436;10.360847084179664;13.429668265133094;12.560093957642495;13.414553114827145;10.381542951184583;12.421012855779226;12.707359132080883;10.274960472140602;13.024273962540002;11.749869427396844;12.79400964502097;12.60848585649532;11.738514532429267;12.45763738099176;12.890834249389446;12.977637690405876;13.85642552862553;13.07815080773465;13.343046881300548;12.956013078088098;11.935533412950749;13.33427328530719;13.481421052931871;12.71789058398728;13.325024310191417;12.764664292073348;10.029287226968243;10.709945380232496;12.836839359748716;12.682116764950074;12.60130652612184;13.7795141791435;12.3395716783847;12.557703014037768;13.27539705711621;13.264002687114218;10.095397022792556;13.987352845239087;13.687266317933805;13.318119089975497;12.852724560447674;12.970824901362615;12.315432637905376;10.683871868622605;13.521477756357788;12.81317994301459;12.953468962228849;12.469387440964349;12.563672959827514;13.228518097716194;12.687375683437468;13.670766880999242;12.531381460516313;13.0591754379151;13.079318104254002;11.38424412224308;12.33119687715303;11.511258495502268;12.041316915829444;12.51224664282918;9.581200581924955;10.527477006060396;13.700656452918167;12.986908624697694;12.668663423175296;13.719281855600723;11.474212937193943;13.319531005375806;11.675074920385445;13.129765981310651;11.589651146514786;10.230020435705637;12.956920604721088;13.552188759557149;13.80473605161403;13.171645941347052;11.065416134676548;12.489095315413504;13.31938987600021;13.767356854125683;12.922584402713664;11.8668925276766;14.233170262382703;12.94891470931216;10.17617314910749;12.728133100306216;13.31160642220515;12.571752643503546;13.406603631727876;12.829128095368542;13.505315356136236;12.963618617443972;11.851358649033513;11.362491806046062;11.627533884472792;12.682994583681683;11.98049663618346;13.436321149754669;13.117967703717133;13.407533331671324;10.677719641641009;13.424297532397077;13.693051295397;11.660887270302569;12.342630298678408;12.281930026955443;13.624567018674917;11.846665681899738;13.46569393586282;13.318542809702723;12.254142846855748
5.614709844115208;6.614709844115208;4.584962500721156;6.977279923499917;7.499845887083206;6.523561956057013;5.727920454563199;4.321928094887363;3.0;5.491853096329675;3.4594316186372973;4.169925001442312;4.321928094887363;6.7414669864011465;7.0;5.0;7.118941072723508;6.392317422778761;8.710806433699352;5.754887502163468;6.044394119358453;6.523561956057013;9.885696373339394;5.0;6.108524456778169;5.392317422778761;5.554588851677638;6.303780748177103;7.044394119358453;6.7414669864011465;5.78135971352466;5.247927513443585;5.700439718141092;5.087462841250339;6.584962500721156;5.643856189774724;5.954196310386875;6.6865005271832185;6.894817763307944;9.885696373339394;5.087462841250339;7.554588851677638;5.20945336562895;5.459431618637297;6.22881869049588;6.714245517666122;6.20945336562895;7.312882955284356;4.857980995127572;5.954196310386875;4.247927513443585;4.392317422778761;6.672425341971495;6.20945336562895;0.0;7.129283016944966;6.6865005271832185;5.392317422778761;4.169925001442312;6.820178962415188;7.129283016944966;7.693486957499325;5.459431618637297;5.754887502163468;7.129283016944966;4.700439718141092;6.149747119504682;0.0;5.169925001442312;3.4594316186372973;4.321928094887363;6.149747119504682;5.0;6.832890014164741;2.584962500721156;9.885696373339394;5.977279923499917;5.930737337562887;5.285402218862249;6.807354922057604;6.894817763307944;7.507794640198696;5.044394119358453;7.507794640198696;4.523561956057013;6.894817763307944;6.592457037268081;7.294620748891627;9.139551352398794;6.78135971352466;4.857980995127572;6.149747119504682;5.459431618637297;5.807354922057604;8.434628227636725;7.179909090014935;8.388017285345136;6.672425341971495;6.108524456778169;6.6865005271832185;6.066089190457772;5.78135971352466;4.954196310386875;6.845490050944375;3.169925001442312;5.906890595608519;6.044394119358453;7.129283016944966;5.857980995127572;4.169925001442312;5.087462841250339;7.0;4.523561956057013;3.169925001442312;7.539158811108031;7.0;4.906890595608519;3.321928094887362;5.954196310386875;6.857980995127572;4.857980995127572;5.832890014164741;6.066089190457772;6.357552004618084;7.787902559391432;6.6865005271832185;5.906890595608519;4.584962500721156;5.426264754702098;4.754887502163468;5.672425341971495;4.169925001442312;7.169925001442312;3.807354922057604;7.546894459887636;5.169925001442312;4.392317422778761;4.584962500721156;6.285402218862249;5.491853096329675;7.515699838284043;8.071462362556623;6.303780748177103;5.672425341971495;4.523561956057013;2.0;6.727920454563199;6.189824558880018;4.247927513443585;4.169925001442312;3.807354922057604;5.392317422778761;5.247927513443585;3.0;4.906890595608519;4.954196310386875;3.4594316186372973;6.523561956057013;8.103287808412022;5.0;7.577428828035749;5.459431618637297;7.912889336229962;7.912889336229962;5.78135971352466;5.321928094887363;4.0;5.727920454563199;7.554588851677638;5.614709844115208;7.451211111832329;5.392317422778761;8.78135971352466;5.459431618637297;6.169925001442312;6.523561956057013;7.483815777264256;4.807354922057604;3.906890595608519;5.247927513443585;5.169925001442312;7.20945336562895;5.554588851677638;6.189824558880018;3.700439718141092;5.857980995127572;6.539158811108031;7.366322214245816;4.857980995127572;3.4594316186372973;7.321928094887363;5.584962500721156;5.285402218862249;4.700439718141092;3.169925001442312;3.0;7.169925001442312;3.906890595608519;5.426264754702098;7.577428828035749;7.977279923499917;4.584962500721156;6.6293566200796095;5.247927513443585;5.906890595608519;3.169925001442312;5.0;7.330916878114617;6.108524456778169;6.643856189774724;5.0;7.087462841250339;6.169925001442312;5.044394119358453;7.366322214245816;7.515699838284043;4.321928094887363;4.0;6.700439718141092;5.754887502163468;3.584962500721156;4.584962500721156;10.162391328756906;7.118941072723508;4.584962500721156;5.129283016944966
11.874981347653774;12.61240779313867;13.77776900401376;11.626165319904498;11.53818893205242;12.807958602256477;10.204571144249204;8.430452551665532;13.725366257895642;14.631688639616986;11.177419537989236;10.807354922057604;11.954196310386877;12.523316912312747;12.11504365016171;11.344295907915816;12.110809526898654;10.62935662007961;12.13859179463752;13.40261240350664;11.909518114296617;12.807958602256477;13.733227217851562;13.111135670234708;11.365228849251544;10.71853287606922;11.41574176829009;12.194449079479025;11.863024710236886;12.759472121202831;9.1006623390052;10.38586240064146;9.696967526234287;11.302638923787551;11.785452468158542;10.183635381473218;12.079484783826816;11.74819284958946;10.171176797651771;13.733227217851562;11.020979938904212;10.702172685365548;11.862637357558794;11.491853096329674;12.152284842306582;12.406205005418856;12.667333341605158;10.595257481449035;10.016808287686557;13.147204924942228;11.262682142362165;11.647908074281808;12.118941072723509;10.99081307915361;8.640244936222345;11.66222330531784;12.386131937314994;10.71853287606922;11.977637690405876;10.509775004326936;12.220378327695228;11.792383614935188;11.237807473723135;11.65642486327778;11.359200485133632;11.273212809854334;10.66622400280318;8.640244936222345;11.462502272597265;14.292824877620207;10.872674880270605;11.933321820732946;13.111135670234708;12.036173612553483;10.727069558023706;13.733227217851562;11.794415866350104;10.812979471251484;9.73640193131829;12.781974367389338;11.767356854125683;11.91026795581084;11.63254087654689;11.91026795581084;9.025139562278508;11.767356854125683;11.36468185586456;11.834866038362016;12.880731435141664;12.924070185585345;11.948732239819616;11.845097960972977;12.581671358578143;11.615169813843602;12.983349927676455;11.451726268074506;12.700656452918167;12.485829308701904;10.469641817239516;11.61056350392504;12.282798858683533;9.1006623390052;11.735979039613404;11.597121428789569;11.230020435705637;11.683433292835405;11.909518114296617;12.056299014550335;10.897845456005513;11.186733289128869;11.302638923787551;12.11504365016171;12.750706986224948;12.640018932455783;13.301353290218836;9.93810932621924;12.825356341479337;11.977637690405876;12.85233443198643;10.458406613236534;11.813380386924727;12.658657792126084;10.679480099505446;12.579551652806565;11.378294855911893;12.661332752795186;12.559377090526684;11.232420927176076;11.3292357417338;12.546894459887636;12.439830883981392;13.39379263977458;12.419960177847887;13.036517070486518;13.073137383110383;11.169925001442312;12.829128095368542;13.433455039827054;11.808159772868375;13.7515440590891;11.636171441635922;10.363039630256514;10.375039431346924;11.809366207816078;12.456611099574918;13.0087787482805;13.441388029346689;11.681677655209691;12.325024310191417;12.534789211480266;12.945992424396774;10.61194694181998;13.631631805917635;13.029632328044135;13.248965263607657;11.788310503700918;13.37843033931725;11.889884170302828;10.907641803665529;13.286846502735887;12.548340287676147;13.2391509737807;12.307485448589476;12.11699367754698;12.589651146514786;12.577192765687045;13.691634484289246;11.825356341479337;12.2600374211066;11.79685079526716;11.285980105928212;11.847057346091336;11.127349541059118;11.84901407369482;11.458406613236534;9.909893083770042;10.712527000439824;13.620907095885338;12.783612165256038;11.350939181546432;13.630722162103838;11.015415052386688;13.04678297035635;11.46352437327118;12.682116764950074;11.365228849251544;10.232420927176076;12.095726668639047;13.26502894245816;14.351836444368397;12.572463389083676;9.821773981970567;12.446824840780309;12.411775775576528;13.505687520472335;13.43514933836693;11.467605550082997;13.34568244818678;12.342352510087794;10.494855584491198;12.148794321424337;12.672425341971495;12.094737505048093;12.196294745028265;12.227315099905493;12.708868340211673;12.562242424221072;11.792383614935188;11.314016703901355;11.13249972962851;12.533329732305834;11.679480099505446;12.665557989846414;12.61056350392504;12.838613044196972;11.00842862207058;13.173364830849035;13.900772486445565;8.945443836377912;11.747353829478062;11.691743519171276;12.622280655215585;12.0;12.50308035175293;12.798674298826828;11.482807956726669
12.837430830221322;10.841564347730577;8.707359132080883;10.857203471508166;11.107217075591382;11.367414751246828;6.066089190457772;9.457380879072534;12.84136778188234;5.954196310386875;11.065416134676548;8.233619676759702;9.06339508128851;13.5907039951622;10.790348496751914;10.523561956057012;8.861086905995395;10.047123912114026;9.586839787961829;6.475733430966398;11.072132604167232;11.367414751246828;9.67595703294175;9.564149489985732;14.055028178774275;8.717676423066395;10.139551352398794;10.924070185585345;11.790348496751914;10.448116305409464;10.386940245324311;9.68650052718322;9.030667136246942;7.294620748891627;10.43254190038826;9.964340867792416;10.984418458801136;11.554588851677638;9.29232163280204;9.67595703294175;11.019590728357882;10.31174831500496;7.0;8.977279923499916;9.071462362556623;12.14242620231898;5.20945336562895;9.187352073200495;10.649256177517314;11.752380646552892;7.930737337562887;9.409390936137704;8.154818109052105;9.599912842187129;5.426264754702098;10.407267764244732;10.309476353841106;8.717676423066395;7.118941072723508;9.92481250360578;10.567956075415466;12.211584153079526;8.761551232444479;9.436711542137214;8.909893083770042;10.53430288245463;10.62296694479051;5.426264754702098;7.129283016944966;16.04537573331028;13.6373041221062;8.714245517666123;9.564149489985732;11.584962500721156;6.906890595608519;9.67595703294175;10.64565843240871;8.985841937003341;7.409390936137702;8.257387842692651;11.549303368513575;10.904634621668151;8.370687406807217;10.904634621668151;8.96289600533726;11.549303368513575;10.551227603598289;7.60733031374961;11.246146774635864;14.11812997749728;8.784634845557521;10.43879185257826;10.4542992936199;12.563196272216738;11.39660478118186;9.707359132080883;13.078317622216062;10.375039431346924;9.394462694610317;10.403012023574997;10.096715154488535;10.386940245324311;13.29978040285854;9.18239435340453;5.614709844115208;9.036173612553483;11.072132604167232;11.34318571544788;8.409390936137703;8.308339030139408;7.294620748891627;10.790348496751914;9.768184324776929;15.366219746470575;11.932952892194717;9.20212382383046;15.239561238262604;14.444691393399546;13.926851910929878;10.346513733165636;14.054519530852373;14.1288804230981;10.485829308701904;15.265981240623258;10.73047013718422;14.246146774635864;13.41084880640551;12.455584087578613;12.832494484336111;14.138351805442774;13.80624751853163;16.049720946958544;14.81818270494864;14.452434307683149;13.47395936569476;13.673529924401144;15.655446869100604;14.76155123244448;13.723447638422918;14.505315356136236;12.372865060112588;9.257387842692651;10.395534135462302;14.40839608835143;14.00842862207058;14.45955969312279;15.172622834330634;12.356176830516356;13.798066720363062;14.121776320354416;14.853212072715648;10.567005370247031;15.662584935313111;14.069030123153354;15.146409569587783;13.81317994301459;14.645095473397046;13.550867004960905;9.658211482751796;13.757598355823912;15.068946179648783;13.302781701267095;12.488593333835407;13.349004718027745;14.274450955963353;11.93737382019215;15.216518524890075;13.290738862439348;15.624795455860236;12.52061868055628;11.567480801143043;14.235715094761895;12.1879705919842;12.374496145691516;13.47294463377961;8.366322214245816;10.61654884377899;13.962715295743376;13.932030157887027;14.59944798152872;14.295984117512992;12.30720080914081;14.134827369633037;12.929998062609029;13.14322375612385;12.98210230695676;10.41256984680521;14.483500908968;15.008253527096048;15.576986179441844;13.619302955415687;8.703903573444663;13.493104892539137;14.405739802140245;15.537946360376203;15.274669342073851;13.084144010615145;15.973921536954045;13.467987569161329;10.084808387804362;14.082398563427809;14.30940529737098;13.682116764950074;15.09650927578096;14.07739990378409;15.762926995427677;13.798775537031908;12.449148645375436;11.537703747907644;12.051888655905378;13.260772552353531;12.49235394515987;14.83836682949531;14.022454510846508;14.80911495038482;10.661778097771988;15.116547029017504;16.301906967346387;8.550746785383243;13.107380563045904;13.099183410079286;15.854016107971407;10.965784284662089;14.797509548568206;14.45294902741064;14.184952805124247
11.843528534611089;11.443461612227392;11.957102041562289;11.57553924683453;10.535275376620802;11.96902670215077;9.759888183221834;12.169298695792843;11.121533517340032;10.474719946526482;10.572700226487292;10.447083226209651;11.496853777388042;10.742309436084;11.174925682500678;10.728770849542665;10.868822554775;10.375039431346924;10.256208688527389;11.117643101389092;12.107544031975989;11.96902670215077;10.841564347730577;10.347621368568134;10.546894459887636;11.066089190457772;9.945443836377912;11.43514933836693;12.136670762341843;11.79766152585376;11.43254190038826;9.61286849729104;11.02997734658958;10.873444112515376;10.339850002884624;10.88264304936184;11.4241662888181;11.088788238716909;10.011227255423254;10.841564347730577;11.225207436943505;10.071462362556623;11.229419688230417;11.103287808412022;10.57553924683453;10.934428040626804;10.573647187493322;10.54882190845875;10.740624044489412;10.887220615468385;10.854868383260236;11.165535141377925;11.345405246717796;10.829722735086058;8.957102041562287;10.368506461507693;10.514714054138487;11.066089190457772;10.63390340934852;11.645208082774683;11.769011321097016;10.759888183221834;9.89178370321831;10.829722735086058;10.01262453886506;10.91737207947684;11.311180660053354;8.957102041562287;10.902375114486023;11.935165049603697;11.393390457443989;10.474719946526482;10.347621368568134;10.829722735086058;11.206403913973848;10.841564347730577;10.378294855911893;13.806952328210736;9.5980525001616;10.690871009292314;10.795227966028678;10.88264304936184;11.11178773580101;10.88264304936184;9.278449458220482;10.795227966028678;12.159398347853037;10.861862340059153;10.757390009366638;11.443979542601252;10.372865060112588;10.370687406807216;11.522091068887065;10.916625922211235;11.841171189248543;9.44086916761087;11.9947069952581;10.766528908598865;10.321928094887362;10.4655664048094;10.671541066711884;11.43254190038826;10.072802534544207;11.61056350392504;10.644757592516257;11.902375114486023;12.107544031975989;11.1767964781476;10.581200581924955;10.684748620421626;10.873444112515376;11.174925682500678;11.562242424221072;12.004220466318197;10.59898297103609;11.03960451795376;12.020979938904212;11.001408194392807;11.962173031109709;11.067434360756522;11.133784409179908;11.33371442609397;11.693051295397;11.85914649542596;10.69522829149575;11.892163309861964;10.157346935362844;11.212496385193948;11.018895621121649;11.252074042796185;11.826548487290914;11.570804437724496;11.665335917185176;11.611024797307351;11.239598529249124;10.768184324776929;11.396069557639867;11.785452468158542;11.414685235807214;11.950920352030098;10.16867211813223;11.010528105886484;11.812177305514448;11.692179576312538;11.449664538476192;10.26795708440284;11.728345714710976;11.282509306240836;11.177419537989236;11.56081046872794;11.63390340934852;11.79766152585376;11.93737382019215;11.23421867823847;11.482303782323182;11.280190792216906;10.850186837645774;11.242578689451346;10.76983784362944;12.2903068962579;11.77272694923985;11.513234113806051;11.247927513443583;11.649705265471413;12.152918576136624;10.874981347653774;12.03376711484639;11.564625862795372;12.307770031890705;10.220378327695228;10.46352437327118;10.817783121774534;11.559377090526684;10.794415866350104;11.101319154423276;9.948367231584678;11.457380879072534;11.380461065088973;11.154185209265297;10.881878707600446;12.20212382383046;11.252665432450248;11.822570830950168;11.533816389433364;10.0;11.434106928609957;10.77066389291676;11.12347479824414;11.260919533662904;11.232420927176076;11.114393054867309;10.565102078360312;10.96650545190574;11.088788238716909;11.838022058304546;10.817783121774534;11.71338651493703;11.86379910372885;11.109177703355275;11.67595703294175;12.229119220658594;12.445790836048076;10.543031820255235;11.699138625275914;11.67595703294175;12.027905996569883;12.10000522442272;9.975847968006784;10.868822554775;11.40832974076739;11.178664851006472;11.314016703901355;12.483815777264256;11.977279923499916;11.458406613236534;11.122180901259751;11.505811553919594;12.12605911607068;10.279610581052484;11.239001757765582;11.585432051592962;12.303780748177102;11.208234358339787;12.610332801911134;11.569380959522295;10.963618617443972
3.584962500721156;2.0;1.0;1.584962500721156;1.0;1.0;2.584962500721156;0.0;5.044394119358453;1.0;4.087462841250339;1.0;0.0;5.087462841250339;2.0;1.0;1.584962500721156;1.0;4.392317422778761;2.321928094887362;2.807354922057604;1.0;1.0;2.584962500721156;2.807354922057604;6.845490050944375;1.0;1.584962500721156;2.584962500721156;1.0;4.087462841250339;0.0;3.584962500721156;4.857980995127572;1.584962500721156;1.584962500721156;2.321928094887362;2.584962500721156;1.584962500721156;1.0;0.0;2.807354922057604;3.0;2.321928094887362;2.0;3.584962500721156;1.0;1.584962500721156;3.321928094887362;1.0;0.0;1.584962500721156;1.0;3.169925001442312;0.0;1.0;0.0;6.845490050944375;0.0;3.321928094887362;1.0;2.584962500721156;0.0;0.0;0.0;2.807354922057604;1.0;0.0;2.584962500721156;3.4594316186372973;4.643856189774724;5.0;2.584962500721156;3.0;0.0;1.0;2.0;1.0;1.584962500721156;0.0;6.087462841250339;1.0;1.0;1.0;0.0;6.087462841250339;2.700439718141092;0.0;0.0;4.0;2.321928094887362;0.0;1.0;1.0;2.321928094887362;2.0;4.169925001442312;3.321928094887362;4.906890595608519;1.0;1.584962500721156;4.087462841250339;3.169925001442312;3.169925001442312;0.0;1.0;2.807354922057604;3.906890595608519;2.584962500721156;0.0;4.857980995127572;2.0;4.169925001442312;4.523561956057013;3.4594316186372973;2.0;4.584962500721156;4.169925001442312;4.523561956057013;3.700439718141092;3.584962500721156;4.857980995127572;3.807354922057604;4.247927513443585;3.169925001442312;4.392317422778761;5.614709844115208;0.0;3.584962500721156;3.0;3.807354922057604;4.906890595608519;5.044394119358453;3.321928094887362;5.129283016944966;3.321928094887362;5.357552004618084;5.087462841250339;4.857980995127572;5.087462841250339;3.807354922057604;3.321928094887362;3.4594316186372973;3.4594316186372973;5.247927513443585;4.247927513443585;3.321928094887362;4.459431618637297;4.169925001442312;4.087462841250339;3.321928094887362;2.0;4.807354922057604;4.392317422778761;5.523561956057013;3.0;3.584962500721156;2.321928094887362;0.0;5.321928094887363;4.392317422778761;3.321928094887362;2.0;4.169925001442312;4.392317422778761;4.321928094887363;5.129283016944966;3.169925001442312;3.321928094887362;5.0;2.0;2.0;3.169925001442312;3.906890595608519;3.4594316186372973;2.0;1.584962500721156;3.584962500721156;4.0;4.247927513443585;5.614709844115208;2.807354922057604;5.247927513443585;3.169925001442312;4.087462841250339;3.4594316186372973;3.700439718141092;4.321928094887363;4.392317422778761;3.906890595608519;2.321928094887362;1.584962500721156;3.4594316186372973;5.169925001442312;5.169925001442312;3.321928094887362;3.807354922057604;4.392317422778761;4.169925001442312;2.584962500721156;3.584962500721156;4.523561956057013;3.0;2.0;4.392317422778761;3.807354922057604;4.392317422778761;4.169925001442312;0.0;3.169925001442312;4.807354922057604;3.0;4.584962500721156;4.643856189774724;3.321928094887362;3.169925001442312;5.906890595608519;5.247927513443585;0.0;3.584962500721156;3.4594316186372973;4.954196310386875;2.321928094887362;3.584962500721156;3.700439718141092;3.584962500721156
4.087462841250339;3.4594316186372973;0.0;4.247927513443585;3.4594316186372973;3.4594316186372973;2.807354922057604;1.584962500721156;1.0;2.807354922057604;1.0;2.807354922057604;3.169925001442312;2.807354922057604;4.321928094887363;2.584962500721156;3.4594316186372973;2.321928094887362;5.285402218862249;3.169925001442312;3.807354922057604;3.4594316186372973;3.321928094887362;2.584962500721156;3.807354922057604;3.700439718141092;1.584962500721156;2.807354922057604;6.022367813028454;4.392317422778761;1.0;4.392317422778761;4.906890595608519;0.0;3.0;2.584962500721156;3.584962500721156;4.247927513443585;1.584962500721156;3.321928094887362;3.0;4.087462841250339;2.321928094887362;2.807354922057604;3.169925001442312;4.392317422778761;0.0;4.392317422778761;3.4594316186372973;0.0;1.0;2.584962500721156;3.4594316186372973;2.584962500721156;0.0;4.0;4.247927513443585;3.700439718141092;2.321928094887362;4.459431618637297;4.584962500721156;4.700439718141092;3.906890595608519;3.169925001442312;2.807354922057604;0.0;3.700439718141092;0.0;2.584962500721156;2.321928094887362;3.169925001442312;1.584962500721156;2.584962500721156;4.087462841250339;0.0;3.321928094887362;2.321928094887362;4.459431618637297;2.584962500721156;2.807354922057604;4.459431618637297;4.247927513443585;3.169925001442312;4.247927513443585;0.0;4.459431618637297;3.169925001442312;1.0;3.321928094887362;5.247927513443585;2.0;4.954196310386875;4.754887502163468;3.0;4.700439718141092;2.584962500721156;7.339850002884624;4.169925001442312;1.0;3.321928094887362;4.247927513443585;1.0;3.584962500721156;2.321928094887362;1.0;3.807354922057604;3.807354922057604;4.169925001442312;4.087462841250339;2.807354922057604;0.0;4.321928094887363;4.321928094887363;4.321928094887363;0.0;4.643856189774724;4.857980995127572;4.700439718141092;5.491853096329675;5.20945336562895;4.321928094887363;4.392317422778761;4.087462841250339;3.321928094887362;6.882643049361842;4.459431618637297;4.392317422778761;4.087462841250339;4.087462841250339;5.459431618637297;5.087462841250339;1.0;5.044394119358453;0.0;2.584962500721156;4.459431618637297;2.584962500721156;2.584962500721156;2.584962500721156;6.087462841250339;5.044394119358453;5.169925001442312;4.906890595608519;4.584962500721156;3.4594316186372973;2.0;5.169925001442312;4.584962500721156;4.459431618637297;2.807354922057604;4.247927513443585;4.392317422778761;4.954196310386875;2.584962500721156;3.906890595608519;3.700439718141092;1.0;5.321928094887363;5.20945336562895;5.20945336562895;5.20945336562895;3.700439718141092;4.906890595608519;5.672425341971495;3.906890595608519;4.906890595608519;2.807354922057604;4.954196310386875;3.584962500721156;4.247927513443585;5.044394119358453;3.584962500721156;6.247927513443585;5.247927513443585;5.087462841250339;5.20945336562895;5.20945336562895;4.321928094887363;3.906890595608519;3.4594316186372973;6.189824558880018;5.129283016944966;3.0;5.906890595608519;0.0;4.857980995127572;3.0;4.0;3.4594316186372973;1.584962500721156;3.700439718141092;4.321928094887363;4.0;4.523561956057013;3.584962500721156;3.807354922057604;6.129283016944966;2.807354922057604;3.4594316186372973;5.700439718141092;4.643856189774724;4.392317422778761;5.807354922057604;3.807354922057604;5.459431618637297;2.807354922057604;5.807354922057604;4.247927513443585;4.857980995127572;5.129283016944966;5.882643049361842;5.0;6.066089190457772;4.700439718141092;4.906890595608519;5.523561956057013;4.523561956057013;3.321928094887362;2.807354922057604;4.0;4.321928094887363;2.584962500721156;6.672425341971495;3.4594316186372973;4.700439718141092;2.807354922057604
13.467096033905747;13.48255589154897;15.042257869018638;13.053247125912426;14.161997870047484;13.388151858829762;12.520864182988744;11.638888382252262;13.421275905290557;13.430583224646092;12.929443357684196;13.095726668639047;14.642333794381896;12.955286645524469;13.206098613995795;13.232870575002964;13.582024340280569;12.782179193831208;13.09687983630378;13.904728691047827;13.708760591973013;13.388151858829762;13.217048913556338;13.198751965193736;13.38505348834615;12.661332752795186;12.580494128777294;13.502085903985904;13.063900610128892;13.791366414695004;12.373952655370193;13.061877431055866;10.988684686772164;12.059006395201113;13.314300001897534;13.226111098132389;13.159398347853037;13.154343460243451;12.786473845221302;13.217048913556338;12.749450465569916;13.27786854617684;13.781564627244329;14.12871935409705;12.682336269711378;14.431236412071062;12.547617554902802;12.131856960608792;11.719816603018126;13.382488936445046;13.360572781480696;12.824759898954106;14.088457003486226;13.753947941699854;12.657765035265363;12.986375379435334;12.671983272091865;12.661332752795186;12.516438734607949;12.709083812550343;13.69490195142856;13.602698865017963;12.505315356136236;13.002990771840553;12.611024797307351;13.20074537950159;12.795633844506778;12.657765035265363;14.148158772937894;12.571752643503546;13.181773438808808;13.109340968793225;13.198751965193736;13.29304050024473;12.942331224510577;13.217048913556338;13.119913785452267;12.590353130978018;11.493855449240822;13.560929852652944;13.06356361058499;13.281350514981035;12.490349505739289;13.281350514981035;11.33147682185962;13.06356361058499;13.010353265549254;12.341240820538747;12.954014507722544;12.975489756945754;13.082648042352986;13.040460970956584;14.130570562805426;13.659661483688078;13.535275376620802;12.840581250560753;14.126543160712323;13.15022328267779;12.183325224524612;13.371095967259532;13.511258495502268;12.373952655370193;12.737247343027738;12.637983303777853;13.404609397837712;13.623424289869911;13.708760591973013;12.98850717892317;14.2913865693002;13.305919236202762;12.059006395201113;13.206098613995795;12.945809584900822;12.689124404913258;12.556745526004686;12.624110035762987;12.902940323128275;12.764042217306589;13.166476950816804;12.774992908933177;12.560093957642495;13.227164654622404;13.15608307628868;12.781564627244329;12.103615656394544;13.107870914279614;12.348728154231075;12.092426815780255;12.69021628042204;12.63094962683287;12.84979602224561;12.693922488081014;13.376668061857668;13.043710863347156;13.397674632948268;12.61815604777846;12.697619199078714;12.595723694101627;12.774992908933177;13.113579397950534;12.769011321097016;12.980318117957545;12.81678367937856;13.146568675740786;12.63026712502677;12.214926187942435;13.351353372192143;12.933321820732946;12.81358080298963;12.69566329678802;12.681458050210274;12.686938171670388;13.090277856857394;12.497103357016876;12.6142497276894;11.955286645524469;12.70173963867435;12.910642730469624;12.73978060977326;13.089284949013049;13.10705356960822;13.327973602613884;12.684529482418489;13.721633263063;13.011926066306808;12.930922097125269;13.026004642978943;12.934980832653832;13.046612469258132;12.844705764411938;12.322773176454564;12.208234358339787;13.032562359001108;12.993646060016596;13.447212401572669;12.38855550398256;13.164906926675688;13.63185912728278;12.316847183602473;12.808763116450413;13.295194955880657;12.793603309279408;13.355351096424812;12.804937672051908;12.756347825516588;12.456354415108288;12.515699838284045;12.7553048882624;12.806549621985962;12.493104892539137;12.831505185085328;12.199365616857982;12.638209626633582;12.411246151840444;12.36468185586456;12.175549550636193;13.213256138247942;13.121371625958965;12.765286098723683;12.774992908933177;13.249409785269128;13.381137338968552;12.482807956726669;12.199672344836364;13.179909090014934;12.614939847310737;13.367824239411048;12.488593333835407;12.673309075561695;12.597819788645507;12.714245517666123;13.042172353174928;13.538916402464112;13.156241119235752;13.190442018782823;12.887220615468385;12.649256177517314;12.821176056269854;11.551227603598289;12.657541759703378;12.539643506238036;12.44889062962926;13.790348496751914;13.588363287192117;12.815783544128184;12.74104557700984
13.068946179648783;12.866506212226202;12.904258282800518;12.84529401927876;12.93737382019215;13.249706056969703;11.50481898763284;12.177730967033272;13.161131882984307;12.464035152189911;12.888553007579214;12.870942606649368;13.241387363998935;14.312315746690109;12.720885503593724;13.01244995242558;12.772520776314757;12.316847183602473;12.563911244581693;13.371640534611808;14.288938149455763;13.249706056969703;13.269272811845504;12.724087461793989;12.445014845868425;13.095067301607054;12.458662932867815;12.977458818043004;13.810069495917071;13.007377733321269;11.975489756945754;12.04678297035635;12.3157156580222;12.79644525906185;12.754261196514;12.782179193831208;13.098854553218755;12.15608307628868;11.71896091198421;13.269272811845504;12.993469161599249;13.563911244581693;13.924534179105857;12.89045429283184;13.053756222562145;12.939028181763254;12.71789058398728;12.40832974076739;11.703038388986418;12.72451385311995;13.246592165441838;13.224152449663665;14.16639849017554;13.486960686389653;11.86418614465428;12.686281655144432;13.270003253378444;13.095067301607054;12.437231901039478;12.897656411251145;12.430713885791938;13.213863652749346;11.952741247186488;12.494355603532846;12.659326997414103;13.563196272216738;12.270879295328784;11.86418614465428;12.625023856880407;12.654859754207394;13.372457000417915;12.091765938516804;12.724087461793989;13.420881313035494;12.207014320177532;13.269272811845504;13.304779103739282;13.419960177847887;12.241685287601625;12.549544038301589;12.430452551665532;12.495355392235982;13.3066313617125;12.495355392235982;11.131213905086272;12.430452551665532;12.56355380269006;12.819580375155004;13.0418302391015;12.447083226209651;12.856230977341992;12.316564385396942;13.660664477461278;12.848231701093818;13.223549253233475;12.62113611327464;13.272921326867005;12.372048825272772;12.794415866350104;12.819979460922664;13.051378899687522;11.975489756945754;13.256356135514164;12.860892982338823;12.975489756945754;13.450695771572915;14.288938149455763;12.551948530592997;12.37937836707126;13.27350423396216;12.79644525906185;12.720885503593724;13.461607340113764;12.42574042431621;12.162076570374312;12.166476950816804;12.62593709953846;12.28424574982967;12.69283341500077;11.950555897047511;12.040289721025715;12.236911111444602;12.25502856981873;12.445532219028312;11.743992861060176;12.665557989846414;11.916999049082808;11.529918528120325;11.925554439873554;12.04507705193494;12.659772961881613;12.382624026574916;12.532599438672984;12.25502856981873;12.535518397768667;11.871520262329112;12.688687423222536;12.26238852375102;12.310044679647506;12.930552554336137;11.977637690405876;12.197523878257789;12.051888655905378;12.39687231851056;12.227916724201489;11.92184093707449;12.851553858429778;12.44190670454224;12.455584087578613;12.326148561205557;12.353146825498085;12.595723694101627;12.896899984419877;12.441128621804696;12.295768934420508;11.862637357558794;12.290018846932618;12.24198314969433;11.79766152585376;12.786065381163962;12.518161355756956;12.564625862795372;11.965784284662089;12.562957869334118;12.472437000051327;12.298062567719017;12.90613899619538;12.41256984680521;12.642051692927977;11.861862340059153;11.515699838284045;11.457380879072534;12.200285605224298;12.188588845707349;12.411510988012072;11.12023787734196;12.530406337099068;13.01017840402054;12.121857245612654;12.1373113907009;12.94104760634058;11.89633240390994;12.74420315113283;12.178353623512892;12.082481727863104;11.962534563511271;12.13699111208023;12.192292814470768;12.540854532113636;12.6142497276894;12.147204924942228;11.014717929860009;11.878050912728536;12.026177596889225;12.579080183834757;11.901621158346112;12.682775179067027;12.673309075561695;12.244958393151132;12.23212108408222;12.866699382882029;12.96000193206808;11.635718120331047;12.009128789539256;12.521109643651332;12.65642486327778;12.735132884139947;11.877667574067882;12.0744760007345;12.0911047583765;11.98584193700334;12.390168956200185;13.094407633081207;12.502831804066744;12.579315937580017;12.307770031890705;12.593857938858225;12.690652799348484;12.07648160120702;12.07045641594465;11.967226258835993;12.581906689308768;12.624567018674917;13.45455634396194;12.426264754702098;12.131856960608792
12.398743691938192;12.704119788513015;12.24555270625568;12.573647187493322;11.180530807344482;12.883025068440173;11.210671343785622;8.927777962082342;13.579315937580017;13.56236168971454;12.154185209265297;11.00982861736811;11.451726268074506;12.562957869334118;12.862443642212297;13.009478745888066;10.753216749178955;11.02167404285837;11.85447883417163;12.644532294625444;13.69903014788642;12.883025068440173;11.42574042431621;12.56486399022694;13.281930026955443;12.042343379793692;11.394998514501673;12.189515729800194;11.991876099003417;11.157346935362844;10.075479149488016;11.526010107061737;7.965784284662087;11.891024190149498;12.708868340211673;12.507794640198696;12.16679075071818;12.122504484313904;10.64565843240871;11.42574042431621;11.524541715035848;12.188897873242189;11.341518823245243;12.242280950302444;11.643856189774723;14.376668061857668;11.1705510353167;11.557942286787448;10.778898476008376;12.702172685365548;13.447470717605748;12.231521210875703;12.349834091457248;13.02288792180326;11.294620748891628;12.421801860469872;10.754887502163468;12.042343379793692;14.138911718142744;12.3009244909763;11.814582465906277;12.432019846812493;10.54399845013454;12.346790721750702;10.668884984266247;12.084476237453892;13.545809137366604;11.294620748891628;12.0566377151132;12.989749275462133;12.958190183693738;11.536732889835417;12.56486399022694;12.619073646817748;11.482303782323182;11.42574042431621;12.172427508645482;9.623881490013458;11.23661220021575;11.614709844115207;11.768184324776929;11.669328004395904;12.92072501975118;11.669328004395904;10.08746284125034;11.768184324776929;12.02392757717438;12.13024878405069;12.1331422124006;12.511505595792482;10.568906154502084;11.872290110288091;13.734709620225836;12.358925869154714;12.936637939002573;11.152284842306582;13.120723878707812;12.100333819126542;12.525765478821915;12.042001306279133;13.511134929484388;10.075479149488016;13.042343379793692;11.837233700339088;11.619761463298424;11.838416075797335;13.69903014788642;11.76155123244448;13.15022328267779;12.317695245765163;11.891024190149498;12.862443642212297;12.424691191512954;12.980318117957545;12.38505348834615;13.186888010029962;13.506803437795648;12.82376527978966;13.109504215757006;13.780847301854957;13.263856019596082;13.146409569587783;13.676948765298388;12.352595231134304;12.749240939022329;13.122342701858912;12.301781962051106;12.497103357016876;12.889313822384397;12.85934065396752;12.82097669262124;13.011227255423254;13.511505595792482;12.426264754702098;13.060358182642142;13.684529482418489;12.85428402017621;13.07263508111231;12.561287945164828;13.245404150930328;13.214015491410844;13.483437927061503;13.303209948944776;13.304921669581672;12.827938080144987;12.736190500960928;12.581906689308768;12.85584179604994;13.109340968793225;12.533329732305834;12.908580264012734;13.046271406599123;13.445273555640638;13.093582623027908;12.87843414955929;11.643405277115674;12.780334708123895;12.667111542075029;12.473705749619416;13.100990784092762;12.820777301419088;12.647233549977043;12.664891669286089;13.557822655373068;12.852529509404196;12.950191349972702;13.445273555640638;13.066089190457772;11.98903963696239;12.893870304785096;11.679040186393062;12.218260498797305;13.095726668639047;13.1666338592993;13.64824521820721;12.967766627794514;13.70033133854138;13.059344460824423;12.526010107061737;13.035314609824391;12.967946705812707;13.04114576747633;13.170238052336648;12.851358649033513;12.971543553950772;12.950191349972702;13.309618456283072;12.51791539291587;13.062552139376775;13.726111699158672;13.094077685671904;12.213104219641906;12.166163082646111;12.25915476886684;13.27873982655011;12.773551346428505;13.589534115888812;13.35231935484684;12.555068391333338;12.33371442609397;12.401679525982452;12.988862172783447;12.25650356743304;11.024447124040648;13.376261076559688;13.140350496628438;13.784941508337056;12.901055432553273;12.85428402017621;13.123151432773575;12.609871287178828;13.21204034123855;13.373408960228696;12.69566329678802;13.226412192788786;13.388286419762649;13.111461739857722;13.269126679149418;10.332036548361652;12.691961564216788;13.510887765694012;12.382894168892134;13.029804847630697;12.6640027628865;12.859534786382651;13.157346935362844
4.247927513443585;1.0;0.0;2.807354922057604;5.247927513443585;3.321928094887362;2.321928094887362;2.0;3.0;0.0;0.0;3.0;1.584962500721156;0.0;3.700439718141092;3.321928094887362;1.584962500721156;1.584962500721156;1.584962500721156;1.584962500721156;4.392317422778761;3.321928094887362;1.0;1.0;0.0;1.0;2.0;0.0;1.584962500721156;4.087462841250339;5.285402218862249;1.584962500721156;3.4594316186372973;1.0;4.0;0.0;5.0;2.584962500721156;0.0;1.0;7.066089190457772;4.169925001442312;0.0;1.584962500721156;2.0;5.0;0.0;1.584962500721156;1.584962500721156;0.0;0.0;0.0;2.321928094887362;2.0;0.0;2.584962500721156;1.584962500721156;1.0;0.0;4.584962500721156;0.0;3.169925001442312;5.0;2.321928094887362;1.0;4.857980995127572;2.321928094887362;0.0;0.0;3.4594316186372973;1.584962500721156;3.0;1.0;1.0;0.0;1.0;0.0;2.321928094887362;2.321928094887362;0.0;2.807354922057604;2.807354922057604;0.0;2.807354922057604;0.0;2.807354922057604;1.0;3.0;0.0;2.584962500721156;0.0;4.643856189774724;2.807354922057604;2.0;2.321928094887362;0.0;5.459431618637297;1.0;3.700439718141092;0.0;1.0;5.285402218862249;1.584962500721156;7.727920454563199;0.0;1.584962500721156;4.392317422778761;4.754887502163468;0.0;1.0;1.0;3.700439718141092;1.0;2.807354922057604;5.754887502163468;0.0;4.523561956057013;3.807354922057604;3.584962500721156;2.0;3.807354922057604;2.807354922057604;0.0;4.0;0.0;3.807354922057604;4.087462841250339;2.807354922057604;2.807354922057604;0.0;3.807354922057604;3.700439718141092;4.807354922057604;5.807354922057604;4.700439718141092;2.584962500721156;4.523561956057013;3.4594316186372973;2.321928094887362;3.4594316186372973;3.700439718141092;1.0;0.0;3.321928094887362;2.321928094887362;1.584962500721156;3.169925001442312;3.700439718141092;3.807354922057604;4.321928094887363;3.584962500721156;0.0;4.523561956057013;5.169925001442312;2.584962500721156;2.0;4.321928094887363;4.954196310386875;2.584962500721156;5.0;4.247927513443585;3.584962500721156;1.584962500721156;2.584962500721156;3.700439718141092;5.523561956057013;5.459431618637297;2.584962500721156;3.4594316186372973;5.20945336562895;2.807354922057604;0.0;2.321928094887362;3.807354922057604;2.807354922057604;0.0;0.0;5.0;2.807354922057604;3.169925001442312;4.584962500721156;2.807354922057604;3.169925001442312;1.0;4.700439718141092;3.700439718141092;3.169925001442312;3.584962500721156;5.426264754702098;3.807354922057604;3.700439718141092;0.0;2.321928094887362;3.906890595608519;3.584962500721156;4.087462841250339;3.0;4.321928094887363;3.321928094887362;0.0;3.169925001442312;4.754887502163468;3.700439718141092;2.584962500721156;2.321928094887362;2.584962500721156;4.247927513443585;3.0;2.0;1.0;3.0;2.321928094887362;3.584962500721156;4.700439718141092;3.4594316186372973;0.0;2.321928094887362;2.321928094887362;0.0;5.523561956057013;4.169925001442312;2.807354922057604;0.0;5.0;2.584962500721156;2.321928094887362
10.910642730469624;10.64745842645492;7.754887502163468;7.199672344836364;9.756556322524087;8.59245703726808;8.566054038171092;8.344295907915816;3.0;5.807354922057604;7.977279923499917;6.459431618637297;6.022367813028454;7.348728154231077;10.134426320220928;10.29117069932186;10.030667136246942;11.122180901259751;8.618385502258606;10.88340698638837;8.611024797307353;8.59245703726808;7.076815597050831;7.483815777264256;6.285402218862249;10.164906926675688;4.643856189774724;6.6293566200796095;10.749869427396844;7.426264754702098;6.845490050944375;5.491853096329675;5.954196310386875;8.303780748177102;10.14338321398982;7.459431618637297;8.994353436858859;11.049848549450562;8.479780264029099;7.076815597050831;10.929998062609029;10.701306461958623;7.499845887083206;9.159871336778387;6.727920454563199;8.774787059601174;10.482807956726669;11.397139806235604;5.392317422778761;9.30149619498255;10.122827994807666;7.417852514885898;5.491853096329675;7.643856189774724;7.839203788096944;9.753216749178955;7.813781191217037;10.164906926675688;10.419960177847887;10.051208940914766;7.988684686772165;8.912889336229961;6.247927513443585;8.149747119504681;8.224001674198105;7.03342300153745;10.29117069932186;7.839203788096944;6.754887502163468;9.541096615349524;7.179909090014935;9.684748620421626;7.483815777264256;8.60733031374961;9.968666793195208;7.076815597050831;7.276124405274237;7.599912842187128;3.906890595608519;8.7714894695006;10.1006623390052;10.193525360501216;8.59618975614441;10.193525360501216;8.451211111832329;10.1006623390052;9.24436383512051;6.303780748177103;7.0;8.184875342908283;7.686500527183218;11.548340287676147;8.08214904135387;9.296916206879288;9.839203788096944;8.348728154231077;10.070120944476823;8.539158811108031;9.507794640198696;8.169925001442312;8.022367813028454;6.845490050944375;6.491853096329675;9.216745858195306;4.392317422778761;9.103287808412022;8.611024797307353;10.76155123244448;4.169925001442312;5.906890595608519;8.303780748177102;10.134426320220928;6.857980995127572;8.294620748891628;12.617926556798752;5.523561956057013;8.543031820255237;8.257387842692651;8.861086905995395;6.285402218862249;8.74819284958946;10.44086916761087;5.554588851677638;8.734709620225837;6.129283016944966;8.535275376620802;8.870364719583405;5.087462841250339;8.005624549193879;8.134426320220927;7.768184324776926;8.005624549193879;9.264442600226602;10.79766152585376;10.634811050171718;8.731319031025064;9.090112419664289;8.758223214726724;8.45532722030456;10.072802534544207;8.700439718141093;5.0;5.554588851677638;8.584962500721156;9.974414589805528;9.63117705570398;10.665335917185176;9.113742166049189;7.86418614465428;9.036173612553483;9.221587121264806;5.584962500721156;10.57459352733761;9.12670447284319;9.79766152585376;6.78135971352466;9.623881490013458;7.971543553950772;6.9886846867721655;8.96289600533726;8.049848549450562;11.17617314910749;8.417852514885897;8.487840033823051;9.044394119358454;9.398743691938192;8.857980995127573;7.930737337562887;7.918863237274595;9.99435343685886;5.954196310386875;8.20945336562895;7.321928094887363;7.665335917185176;8.139551352398794;4.857980995127572;5.906890595608519;11.7431513941125;7.845490050944375;8.581200581924957;9.63117705570398;7.523561956057013;8.361943773735241;6.554588851677638;11.62662165235837;9.346513733165636;6.442943495848728;8.857980995127573;8.59245703726808;9.308339030139408;9.14974711950468;4.700439718141092;7.577428828035749;7.857980995127572;10.032045726930807;9.090112419664289;7.761551232444479;9.688250309133178;9.430452551665532;6.459431618637297;8.335390354693924;8.29920801838728;8.366322214245816;7.366322214245816;8.233619676759702;9.453270634010623;8.467605550082997;8.717676423066395;6.965784284662087;6.554588851677638;8.951284714966972;7.768184324776926;8.527477006060396;9.65642486327778;9.659995892429976;7.930737337562887;9.103287808412022;8.873444112515376;7.546894459887636;8.144658242831882;7.569855608330948;8.523561956057012;7.774787059601174;10.4797802640291;9.594324603924848;8.499845887083206
9.583082767502932;9.436711542137214;9.162391328756906;8.867278739709661;8.361943773735241;8.791162888555018;8.7714894695006;8.179909090014934;12.3188252203997;9.005624549193879;9.3151495622563;8.071462362556623;7.6293566200796095;9.43879185257826;8.159871336778389;7.442943495848728;10.887220615468385;6.169925001442312;7.826548487290915;7.894817763307944;10.535275376620802;8.791162888555018;7.303780748177103;9.134426320220928;9.577428828035748;7.651051691178928;8.985841937003341;9.625708843064466;9.092757140919852;8.997179480937621;7.451211111832329;7.924812503605781;7.03342300153745;6.6865005271832185;7.442943495848728;11.645208082774683;7.426264754702098;8.20945336562895;8.189824558880018;7.303780748177103;7.924812503605781;9.179909090014934;10.94982671075911;8.879583249612784;7.894817763307944;8.546894459887637;6.459431618637297;8.930737337562887;7.087462841250339;10.78953364497036;8.794415866350105;11.672425341971495;9.952741247186488;6.539158811108031;8.357552004618084;8.31741261376487;8.997179480937621;7.651051691178928;8.531381460516313;9.599912842187129;9.310612781659527;9.507794640198696;7.05528243550119;8.285402218862249;9.366322214245816;9.76983784362944;8.224001674198105;8.357552004618084;7.066089190457772;10.159871336778387;7.679480099505446;8.577428828035748;9.134426320220928;8.471675214392045;8.845490050944376;7.303780748177103;7.734709620225838;9.677719641641009;8.252665432450248;6.7414669864011465;7.577428828035749;7.906890595608519;8.558420713268664;7.906890595608519;6.918863237274595;7.577428828035749;7.918863237274595;8.829722735086058;7.3750394313469245;9.388017285345136;7.918863237274595;6.845490050944375;8.861086905995395;6.754887502163468;9.51175265376738;6.409390936137702;9.588714635582264;8.76487159073609;8.016808287686555;7.813781191217037;8.86418614465428;7.451211111832329;9.14974711950468;7.357552004618084;8.948367231584678;9.696967526234287;10.535275376620802;7.977279923499917;10.026523442519766;8.113742166049189;6.6865005271832185;8.159871336778389;9.497851836951115;10.453270634010623;8.20945336562895;10.828136484194108;10.152284842306582;8.991521846075695;9.665335917185176;10.952013164889486;9.729620743553038;9.394462694610317;10.625708843064466;10.038918989292302;9.366322214245816;10.269126679149418;8.459431618637296;10.824958740528524;9.677719641641009;9.957102041562289;10.239598529249124;9.041659151637214;9.749869427396844;8.94251450533924;8.948367231584678;10.510764167917891;8.668884984266247;9.445014845868425;9.346513733165636;9.677719641641009;8.832890014164741;10.671541066711884;10.811374693509942;10.52943055414615;9.43879185257826;7.906890595608519;10.103287808412022;9.541096615349524;10.20945336562895;8.686500527183219;9.294620748891628;11.428360172704291;9.663558104217271;8.876516946565;9.287712379549449;8.618385502258606;9.63662462054365;10.350939181546432;9.791162888555018;9.7632123668144;9.98299357469431;9.428360172704291;9.285402218862249;10.62844554013718;9.868822554775;9.036173612553483;9.731319031025064;10.968666793195208;10.524541715035848;8.285402218862249;9.285402218862249;8.447083226209653;10.960725994839056;10.381542951184583;10.758223214726724;9.824958740528524;11.095397022792556;9.776433032444732;9.487840033823051;9.642051692927977;9.707359132080883;10.318542809702723;9.935165049603697;10.409390936137704;8.90388184573618;10.380461065088973;10.659995892429976;9.324180546618742;9.330916878114618;8.918863237274595;9.0;9.721099188707186;9.552669097514272;8.807354922057604;9.13699111208023;9.022367813028454;10.814582465906277;9.108524456778168;9.00842862207058;10.537218400538595;10.7657004876511;10.569855608330949;8.774787059601174;9.194756854422248;9.955649907528374;9.207014320177532;10.672425341971495;9.027905996569883;10.453270634010623;10.790348496751914;9.016808287686557;10.73893668167614;10.513727595952435;9.467605550082997;10.084808387804362;9.709083812550343;9.204571144249204;10.52061868055628;9.002815015607053;9.221587121264806;10.466586337719244;9.807354922057604;10.539158811108033;10.154818109052105;9.52943055414615;9.782998208920414
10.900112062977456;10.755722153642282;9.715961990255144;10.43149760425805;10.754887502163468;10.923327485419192;9.571752643503546;9.850186837645774;8.087462841250339;10.26795708440284;8.794415866350105;9.346513733165636;9.731319031025064;9.541096615349524;10.233619676759702;9.257387842692651;10.256208688527389;8.94251450533924;10.957827560833744;9.264442600226602;10.355351096424812;10.923327485419192;12.003166506665169;9.579315937580017;8.744833837499545;11.298062567719017;9.7431513941125;11.29978040285854;10.51668494930961;10.622051819456376;7.707359132080882;10.0566377151132;9.092757140919852;9.350939181546432;10.080817527608328;10.933690654952231;10.696967526234287;9.766528908598865;9.567956075415466;12.003166506665169;9.276124405274238;9.65284497300198;9.926295994781112;8.562242424221072;10.231221180711186;10.51668494930961;7.622051819456376;8.845490050944376;9.693486957499324;9.659995892429976;8.665335917185176;10.014020470314934;11.533329732305834;9.18239435340453;8.199672344836364;10.31628153174622;9.712527000439824;11.298062567719017;8.396604781181859;9.0;10.23840473932508;10.597121428789569;8.960001932068081;10.098032082960527;10.188588845707349;8.388017285345136;9.44086916761087;8.199672344836364;9.419960177847887;8.118941072723507;9.583082767502932;9.684748620421626;9.579315937580017;9.861086905995396;7.870364719583405;12.003166506665169;8.118941072723507;11.57459352733761;8.303780748177102;9.016808287686557;8.727920454563199;9.76487159073609;8.997179480937621;9.76487159073609;5.285402218862249;8.727920454563199;9.627533884472792;10.16867211813223;11.678600139099458;10.958552715431011;10.437752072323605;9.344295907915816;10.583082767502932;10.007027266893967;11.879200317947392;9.800899899920305;12.276124405274238;10.187352073200495;8.383704292474052;10.712527000439824;10.996473488733228;7.707359132080882;8.339850002884624;8.92481250360578;9.411510988012072;10.337621901992508;10.355351096424812;9.842350343413807;10.92481250360578;7.94251450533924;9.350939181546432;10.233619676759702;9.487840033823051;7.86418614465428;8.842350343413807;9.434628227636724;8.744833837499545;8.214319120800766;9.269126679149418;9.967226258835993;8.46352437327118;8.768184324776927;10.096715154488535;8.665335917185176;10.667998535672528;8.280770770130603;8.442943495848729;8.339850002884624;8.60733031374961;8.622051819456376;8.73809225962049;7.768184324776926;9.665335917185176;9.036173612553483;9.60917873814198;9.074141462752506;8.550746785383243;7.651051691178928;9.041659151637214;9.709083812550343;9.152284842306582;9.73640193131829;9.219168520462162;8.335390354693924;8.144658242831882;9.702172685365548;9.642051692927977;10.107217075591382;8.861086905995395;7.569855608330948;8.189824558880018;9.285402218862249;10.247927513443583;7.768184324776926;8.238404739325079;7.467605550082998;7.98299357469431;8.96289600533726;9.310612781659527;8.851749041416058;8.92184093707449;8.980139577639157;10.166163082646111;10.161131882984307;9.226412192788786;8.794415866350105;8.383704292474052;8.344295907915816;8.810571634741146;8.422064766172813;8.784634845557521;7.3750394313469245;9.560332834212442;8.823367240046235;8.442943495848729;8.804131021183318;9.874981347653774;11.459431618637296;6.768184324776926;8.413627929024173;9.840777923595054;8.92184093707449;9.3151495622563;9.092757140919852;9.036173612553483;9.426264754702098;8.74819284958946;9.036173612553483;9.625708843064466;8.214319120800766;9.918863237274596;7.417852514885898;9.0;8.027905996569885;7.686500527183218;6.754887502163468;9.157346935362844;8.640244936222345;8.092757140919852;8.658211482751796;9.964340867792416;9.172427508645482;8.774787059601174;7.03342300153745;9.124121311829189;8.888743248898258;9.661778097771988;8.62935662007961;9.707359132080883;9.169925001442312;8.603626344986193;9.23840473932508;9.539158811108033;7.800899899920305;9.098032082960527;9.643856189774723;7.672425341971495;8.430452551665532;9.86573327085176;8.909893083770042;8.689997971419446;7.98299357469431;10.758223214726724;9.131856960608792;8.876516946565;9.24555270625568
9.805743872151618;10.164906926675688;9.509775004326936;9.677719641641009;9.733015321685963;10.546894459887636;8.569855608330947;8.581200581924957;12.664891669286089;9.357552004618084;7.94251450533924;7.960001932068081;8.888743248898258;8.848622940429339;8.965784284662087;7.409390936137702;8.550746785383243;8.734709620225837;9.691743519171276;10.080817527608328;9.509775004326936;10.546894459887636;9.828136484194108;9.177419537989236;8.194756854422248;9.824958740528524;9.068778277985412;10.15608307628868;10.936637939002573;9.926295994781112;8.409390936137703;7.693486957499325;7.05528243550119;8.434628227636725;8.7714894695006;8.965784284662087;9.86573327085176;9.29920801838728;8.88264304936184;9.828136484194108;8.523561956057012;7.960001932068081;8.618385502258606;8.219168520462162;9.06339508128851;9.741466986401146;6.247927513443585;9.4655664048094;7.78135971352466;8.807354922057604;9.430452551665532;7.924812503605781;9.67595703294175;8.839203788096944;7.257387842692652;9.074141462752506;8.997179480937621;9.824958740528524;9.569855608330949;8.651051691178928;8.888743248898258;10.38586240064146;9.36194377373524;8.184875342908283;10.899356922923111;7.475733430966398;9.658211482751796;7.257387842692652;7.857980995127572;9.86418614465428;8.214319120800766;10.30035256032822;9.177419537989236;8.693486957499324;7.3750394313469245;9.828136484194108;7.800899899920305;10.735556023911537;7.665335917185176;7.94251450533924;8.679480099505446;8.73809225962049;8.721099188707186;8.73809225962049;4.807354922057604;8.679480099505446;9.116343961237469;8.603626344986193;10.41256984680521;10.80332391904149;11.004220466318197;8.388017285345136;9.280770770130603;8.794415866350105;9.805743872151618;9.51175265376738;11.185494924210866;8.707359132080883;7.400879436282184;9.167418145831736;9.99859042974533;8.409390936137703;8.124121311829187;9.449148645375436;7.392317422778761;11.055960234452296;9.509775004326936;9.409390936137704;8.971543553950772;6.321928094887363;8.434628227636725;8.965784284662087;8.614709844115207;10.505811553919594;10.071462362556623;10.590587049915037;10.243173983472952;8.194756854422248;9.791162888555018;9.60177078840771;8.51175265376738;10.14210705730255;9.487840033823051;9.60177078840771;9.29232163280204;10.318542809702723;9.187352073200495;10.083479327331842;8.46352437327118;9.712527000439824;9.310612781659527;10.653740778706569;9.76983784362944;8.991521846075695;10.468624042918018;9.164906926675688;9.7714894695006;9.805743872151618;9.80896417491926;10.24436383512051;9.581200581924955;9.970105890612182;10.274960472140602;10.400879436282183;9.23840473932508;9.030667136246942;10.573647187493322;9.453270634010623;9.207014320177532;9.776433032444732;10.52258153125483;10.23840473932508;10.023754353299417;9.4797802640291;9.308339030139408;8.539158811108031;10.159871336778387;9.364134655008051;10.485829308701904;10.004220466318197;11.01262453886506;9.353146825498085;9.066089190457772;10.50481898763284;9.4655664048094;10.004220466318197;10.459431618637296;10.527477006060396;9.663558104217271;10.011227255423254;10.145932145820517;9.89026427702111;9.583082767502932;10.17367713630342;9.489847960439295;10.131856960608792;10.31628153174622;10.91737207947684;9.499845887083206;8.523561956057012;10.273795599214264;8.857980995127573;10.887982133058454;9.749869427396844;10.44190670454224;9.69522829149575;9.939579214314692;9.539158811108033;9.978710459106358;11.11178773580101;8.228818690495881;10.070120944476823;9.221587121264806;8.971543553950772;10.365228849251544;8.957102041562287;10.217957697864112;10.394462694610317;9.74819284958946;9.287712379549449;9.874981347653774;10.068778277985412;9.076815597050832;10.048486873992337;9.65284497300198;10.205793249397155;9.91288933622996;9.837627933171404;10.577428828035748;9.632995197142955;9.501837184902296;9.4797802640291;10.967946705812707;9.221587121264806;10.55170826162069;9.324180546618742;9.674192268145683;9.702172685365548;8.614709844115207;9.967226258835993;9.467605550082997;9.370687406807216;11.140829770773;9.483815777264256;9.935165049603697;9.91139198784346
11.968666793195208;9.702172685365548;11.66266837551754;12.03307880613062;9.677719641641009;13.309902619183516;8.60733031374961;8.184875342908283;11.900112062977456;11.83289001416474;12.606636543579526;12.096056239180946;10.437752072323605;12.25591374933779;10.539158811108033;12.815983626652724;10.892542816648552;11.2940463132715;9.513727595952435;9.370687406807216;12.340684654363438;13.309902619183516;11.062720767165043;12.259449046285685;8.632995197142957;11.868822554775;11.88149638481011;11.777666280880757;13.48520038195543;11.830119025444516;9.569855608330949;9.216745858195306;8.060695931687555;10.041659151637214;12.177419537989236;10.792790294301064;12.030667136246942;10.641148597411233;8.459431618637296;11.062720767165043;11.987974524296153;12.337900602860929;12.269711121142782;12.858758099935422;10.34207466799914;12.675516044082778;11.028596777067108;11.98049663618346;11.163649676015824;13.29920801838728;13.34637521892801;12.158609688214478;11.768597882194374;9.715961990255144;10.076815597050832;11.433585441150496;9.726218159332198;11.868822554775;9.422064766172811;11.382083590141969;12.206403913973848;13.40181283113763;8.960001932068081;10.325305455089682;10.838416075797335;12.922584402713664;11.29978040285854;10.076815597050832;10.69522829149575;11.7515440590891;11.925183519434208;11.098690096673591;12.259449046285685;12.054943416573323;9.442943495848729;11.062720767165043;10.71853287606922;13.313308215432134;9.794415866350104;11.416269744523207;10.283088353024002;9.807354922057604;12.9955905123663;9.807354922057604;10.782998208920414;10.283088353024002;12.49760238678349;11.280190792216906;10.897845456005513;11.023754353299417;11.310044679647506;10.50481898763284;9.900866807980748;10.18239435340453;12.77828250999565;10.494855584491198;12.29174628083394;11.224001674198105;10.661778097771988;10.24555270625568;12.862443642212297;9.569855608330949;12.77313920671969;12.640470904590089;10.642954223480332;12.835458318236594;12.340684654363438;11.292896755409172;9.968666793195208;12.169611882604212;10.041659151637214;10.539158811108033;13.140670030415102;11.794821973331224;10.81698362325538;10.370687406807216;11.597121428789569;11.611024797307351;12.165535141377925;10.731319031025064;11.220982851081777;11.401412878714178;10.9901039638575;11.766114757586722;10.492854620174748;11.82137539237254;10.00562454919388;10.852529509404196;11.180530807344482;11.047123912114026;11.81257844413538;11.517669388133813;12.0744760007345;11.40832974076739;11.394462694610317;10.79197682089869;11.314016703901355;11.828136484194108;11.544481522310791;12.04916787237217;10.488844346457336;11.064742764750257;11.131856960608792;11.988684686772164;11.098032082960527;10.77313920671969;12.161446847518008;11.461479447286155;11.211888294546004;11.809768128710411;11.594791118089264;11.273212809854334;11.791162888555018;11.22881869049588;11.407798850221974;11.271463027904376;11.919235786028349;11.281350514981035;10.090112419664289;12.011227255423254;12.099676554859643;11.549303368513575;11.553149275598548;11.91026795581084;12.019590728357882;10.657318449581288;11.898601387403938;11.52552080909507;12.71681946132995;10.62296694479051;11.102631888854969;11.007728114632254;11.159240650411672;10.84862294042934;11.059344460824423;10.470658874060552;11.253847484987404;12.025139562278508;11.038918989292302;10.96289600533726;12.112439506781552;10.932952892194717;12.083479327331842;11.192909219112012;10.481799431665753;11.815783544128184;10.162391328756906;11.090112419664289;11.611485943240922;11.724940118462358;11.3009244909763;9.722807531169549;11.396069557639867;11.086799685623452;11.641148597411233;10.83605035505807;11.581200581924955;11.845490050944376;11.336506559810257;10.808159772868375;12.540370243743569;12.827938080144987;11.079484783826816;11.909143047339898;11.83880998570856;12.147204924942228;11.779719355143405;9.874981347653774;10.7632123668144;10.81698362325538;10.974414589805528;11.51422090935813;12.303209948944776;11.583552930466483;11.724940118462358;10.562242424221072;11.339293300180094;12.06406908038551;9.489847960439295;11.50481898763284;11.157978449945432;12.14274527675153;11.860311054919482;13.254733389246674;11.934428040626804;11.215532999745657
8.566054038171092;9.677719641641009;6.129283016944966;8.700439718141093;8.434628227636725;9.67065624911844;8.885696373339394;7.900866807980749;7.721099188707186;8.980139577639157;7.882643049361842;5.882643049361842;8.055282435501189;8.527477006060396;8.312882955284355;9.116343961237469;9.64745842645492;8.471675214392045;8.276124405274238;8.707359132080883;7.022367813028454;9.67065624911844;7.2384047393250786;8.370687406807217;9.493855449240822;9.89026427702111;7.199672344836364;8.451211111832329;8.951284714966972;7.994353436858858;9.1006623390052;8.335390354693924;6.442943495848728;8.308339030139408;7.546894459887636;9.906890595608518;8.149747119504681;8.86418614465428;9.634811050171718;7.2384047393250786;9.164906926675688;10.910642730469624;8.879583249612784;8.224001674198105;7.665335917185176;8.658211482751796;8.741466986401146;8.499845887083206;5.832890014164741;7.930737337562887;10.233619676759702;9.388017285345136;9.079484783826816;9.90388184573618;7.741466986401146;9.400879436282183;7.971543553950772;9.89026427702111;9.337621901992508;8.614709844115207;8.74819284958946;9.38586240064146;7.189824558880018;8.86418614465428;9.14974711950468;8.098032082960527;9.111135670234708;7.741466986401146;8.754887502163468;8.290018846932618;8.459431618637296;8.379378367071261;8.370687406807217;7.714245517666122;7.03342300153745;7.2384047393250786;8.971543553950772;8.994353436858859;7.599912842187128;8.614709844115207;8.353146825498083;9.204571144249204;8.7714894695006;9.204571144249204;6.569855608330948;8.353146825498083;8.663558104217273;9.055282435501187;6.954196310386875;8.994353436858859;8.361943773735241;9.459431618637296;7.826548487290915;9.31741261376487;9.257387842692651;9.019590728357882;9.221587121264806;8.519636252843213;7.348728154231077;8.539158811108031;8.546894459887637;9.1006623390052;7.971543553950772;8.03342300153745;8.262094845370179;9.405141463136344;7.022367813028454;8.980139577639157;8.658211482751796;8.076815597050832;8.308339030139408;8.312882955284355;6.727920454563199;7.86418614465428;8.888743248898258;8.20945336562895;8.778077129535358;7.741466986401146;8.0;7.78135971352466;8.055282435501189;8.643856189774725;7.845490050944375;8.087462841250339;8.50382573799575;9.26209484537018;8.92481250360578;7.417852514885898;7.912889336229962;8.098032082960527;9.233619676759702;8.640244936222345;8.290018846932618;8.164906926675688;9.515699838284045;8.20945336562895;8.312882955284355;8.870364719583405;8.800899899920305;9.3151495622563;9.179909090014934;7.820178962415188;7.800899899920305;8.813781191217037;8.174925682500678;7.22881869049588;8.787902559391432;8.271463027904375;8.294620748891628;8.194756854422248;8.426264754702098;7.554588851677638;8.665335917185176;9.111135670234708;8.499845887083206;7.523561956057013;9.264442600226602;8.285402218862249;8.845490050944376;8.842350343413807;8.611024797307353;8.707359132080883;8.294620748891628;8.727920454563199;8.118941072723507;9.098032082960527;9.00842862207058;8.89178370321831;7.392317422778761;8.81698362325538;7.614709844115208;7.672425341971495;7.483815777264256;9.527477006060396;8.539158811108031;7.894817763307944;8.375039431346925;8.515699838284043;9.121533517340032;6.977279923499917;8.897845456005511;7.321928094887363;8.820178962415188;7.894817763307944;8.447083226209653;8.539158811108031;8.276124405274238;8.584962500721156;8.43879185257826;8.543031820255237;8.361943773735241;8.071462362556623;8.228818690495881;8.31741261376487;8.344295907915816;8.784634845557521;8.577428828035748;8.727920454563199;8.098032082960527;7.366322214245816;7.366322214245816;8.791162888555018;7.539158811108031;8.219168520462162;8.60733031374961;8.703903573444663;8.90388184573618;8.696967526234287;8.400879436282183;8.164906926675688;8.312882955284355;8.672425341971495;9.306061689428342;9.124121311829189;9.417852514885896;8.581200581924957;8.88264304936184;8.581200581924957;8.303780748177102;8.266786540694902;8.375039431346925;7.734709620225838;9.074141462752506;8.851749041416058;8.247927513443585;8.558420713268664
15.023840967836763;14.794974233981929;15.658908780487382;15.609640474436812;14.046612469258132;15.687129599394533;12.405939193342396;14.49360530705712;15.255729381720398;14.84141692585526;13.8460779861726;14.484004665261676;15.3524917837085;13.66111002874366;15.251704301119364;14.932722263940544;14.69631555889282;14.14569337467702;14.519697674178808;14.159398347853037;16.034003645143443;15.687129599394533;15.181618168395818;15.692642742657958;14.211356004895151;14.582965202817142;15.2940463132715;15.381475357067352;15.946426575352763;15.50049958469526;13.462246634244352;14.320871046330447;12.253256579781151;13.263562639820616;13.4773788261995;15.75866565942771;14.99850228586011;14.632995197142955;13.579551652806565;15.181618168395818;15.382995459221402;14.039690186137085;14.168750455223494;15.207891326876592;14.731106854388033;15.703849514614085;14.109340968793225;13.559735568610495;13.821873612165758;15.907923405873564;15.87361232740986;15.594499564415116;14.855063118367624;12.908580264012734;12.945260927339202;14.870798156582577;14.435084209818474;14.582965202817142;15.142466090482465;15.326640145667014;15.316140084122116;15.162470007623714;13.914758838941856;15.226299289656492;13.474466464132632;14.897041844664262;14.786780117389076;12.945260927339202;15.08534796907945;16.264424273191484;14.68057929578025;14.589534115888812;15.692642742657958;14.524051918717824;12.723234300893376;15.181618168395818;14.558241321930169;16.317341947112514;11.99964773652837;14.925786216730168;14.135548977749227;15.17979248818229;15.251038527213534;15.17979248818229;12.3409627642517;14.135548977749227;15.422524735901208;14.786116445496004;14.959005752031024;15.467032331729298;14.747039071095468;14.085721407162843;14.580317461425087;15.09490241275141;15.899097252214972;13.332596057789214;15.883072813713154;14.660942963137442;13.268249571994492;15.658071982752569;15.210975677726395;13.462246634244352;15.280263302208173;14.959005752031024;13.598750409571752;15.350179523050157;16.034003645143443;15.219508881300156;14.278667239946442;14.753112262846054;13.263562639820616;15.251704301119364;15.237844810068188;15.423214415640684;14.813330278557986;14.26136038776592;15.812553376238958;14.750340614067264;15.663502512246056;14.092757140919852;14.836888658217545;15.338214076996175;14.281278059613976;15.45011579365922;13.936085781679678;15.50326673442109;14.214546800915006;14.176251079967246;14.49866225224872;15.067644430364023;15.228593251782884;15.802061917315704;15.451951591099233;15.627049332983116;15.599128302916348;14.543454800521978;15.675488477802894;15.331756712255473;14.978129475081916;15.794695077179211;13.95701132599393;14.180142265411972;14.370823606480757;15.126341495181183;14.841564347730577;14.918117851031772;16.025355881089116;14.64593982955815;14.704173837217375;15.379649117760035;15.97172316117676;14.627761852402616;15.853601963952638;15.38949690371638;15.650715202538128;14.443979542601252;15.213104219641906;14.6660020326449;13.888077294500452;15.663419120272492;15.968824264411325;15.507299124122763;14.696695908980187;15.144857364337296;15.6963427300819;14.773345291291273;15.960816477139623;15.05904865773655;15.786065381163962;14.814031637366591;14.288073008232963;14.74897898803824;14.661945066702316;14.621822947394202;14.715586686342135;13.392585756275468;14.565697126849214;16.065374058262666;14.989970965927848;15.269638078840112;15.596917676803711;14.38498605851085;15.520587989814569;14.757181632816716;14.977995368612962;14.460199895059583;13.857980995127573;15.036001852919863;15.664752813758891;15.93544133093119;15.16753575204684;13.171489577065657;14.826498834211773;15.099306712078496;16.11774454746234;15.605537391381006;14.85934065396752;16.06573166867087;14.825604786440406;14.508970809227256;15.553209286623323;15.964611618481191;14.750078862693847;14.80473605161403;15.022757912187137;15.783791186648823;15.227277490055496;14.251926157496388;14.513789269353788;14.520495913671905;14.723500967876427;14.911345170655972;15.682884885545228;15.502023728234784;15.467510029505554;14.138191790464695;15.427149130343736;15.998325981932126;13.536732889835417;14.927639092298246;14.425609311939068;16.219660127012876;15.254216677875489;15.794085820233253;15.552248810548477;14.824958740528524
9.577428828035748;9.992938336165814;8.515699838284043;9.871905237659186;9.199672344836364;9.661778097771988;6.857980995127572;9.219168520462162;5.584962500721156;9.517669388133813;6.807354922057604;7.954196310386875;6.614709844115208;8.62935662007961;9.688250309133178;8.483815777264256;9.233619676759702;8.67595703294175;9.78135971352466;8.499845887083206;8.139551352398794;9.661778097771988;9.310612781659527;9.651051691178928;9.252665432450248;8.751544059089099;6.857980995127572;7.707359132080882;9.88264304936184;8.820178962415188;9.038918989292302;8.219168520462162;8.129283016944967;7.266786540694901;9.144658242831882;9.29920801838728;8.906890595608518;9.68650052718322;8.262094845370179;9.310612781659527;8.154818109052105;10.356451970221755;7.357552004618084;5.832890014164741;8.507794640198696;8.581200581924957;7.651051691178928;8.977279923499916;8.154818109052105;9.339850002884624;9.712527000439824;8.134426320220927;8.76487159073609;9.105908508571158;5.459431618637297;9.014020470314934;8.581200581924957;8.751544059089099;9.29920801838728;10.553629293916364;8.968666793195208;8.569855608330947;7.276124405274237;8.689997971419446;7.348728154231077;8.46352437327118;9.066089190457772;5.459431618637297;9.703903573444665;9.696967526234287;6.906890595608519;8.375039431346925;9.651051691178928;9.381542951184583;5.491853096329675;9.310612781659527;7.2384047393250786;9.071462362556623;6.807354922057604;9.074141462752506;9.197216693110052;9.116343961237469;8.247927513443585;9.116343961237469;7.426264754702098;9.197216693110052;9.63390340934852;8.51175265376738;9.552669097514272;9.326429487122304;8.219168520462162;8.413627929024173;8.118941072723507;8.876516946565;9.873444112515376;9.473705749619416;10.413627929024171;9.76487159073609;8.03342300153745;9.31741261376487;9.821773981970567;9.038918989292302;7.383704292474052;8.813781191217037;6.266786540694901;9.027905996569883;8.139551352398794;9.83605035505807;8.400879436282183;9.348728154231075;7.266786540694901;9.688250309133178;10.08746284125034;10.80896417491926;8.7714894695006;9.857980995127573;9.861086905995396;8.643856189774725;9.977279923499916;10.251482410620213;8.784634845557521;9.108524456778168;9.306061689428342;9.887220615468385;8.98299357469431;10.61378946447258;9.25502856981873;10.164906926675688;8.721099188707186;9.50382573799575;10.188588845707349;9.707359132080883;9.381542951184583;9.36194377373524;9.722807531169549;8.78135971352466;10.121533517340032;9.76983784362944;9.06339508128851;10.594324603924848;9.634811050171718;9.226412192788786;8.791162888555018;9.829722735086058;8.861086905995395;9.787902559391432;10.492854620174748;9.873444112515376;9.027905996569883;8.774787059601174;9.654636028527968;10.047123912114026;10.681238411777803;9.517669388133813;9.541096615349524;9.08214904135387;9.346513733165636;9.584962500721156;10.635718120331047;10.546894459887636;9.91737207947684;8.76487159073609;9.324180546618742;10.872674880270605;9.071462362556623;10.124121311829189;10.501837184902296;9.988684686772164;9.23840473932508;8.658211482751796;8.67595703294175;9.005624549193879;9.35974956032233;9.60733031374961;10.585901449690772;8.682994583681683;10.30035256032822;10.563196272216738;9.226412192788786;9.337621901992508;10.169925001442312;9.036173612553483;10.563196272216738;9.7714894695006;9.068778277985412;9.3151495622563;9.776433032444732;9.34207466799914;9.91737207947684;10.445014845868425;8.588714635582264;7.924812503605781;9.276124405274238;9.326429487122304;9.394462694610317;8.546894459887637;9.965784284662089;9.733015321685963;8.625708843064466;9.326429487122304;9.820178962415188;10.591522346570734;8.89178370321831;8.977279923499916;9.663558104217271;9.906890595608518;9.594324603924848;9.084808387804362;10.049848549450562;8.64745842645492;9.768184324776929;9.729620743553038;10.279610581052484;9.29232163280204;10.17617314910749;9.674192268145683;10.405141463136344;10.227615943414223;8.682994583681683;9.753216749178955;9.403012023574997;9.627533884472792;10.287712379549449;10.4241662888181;9.509775004326936;8.971543553950772
12.083146870816742;11.895575282380683;12.85836959985474;11.647008638441648;11.04507705193494;11.839597483021176;10.902375114486023;11.00982861736811;11.076815597050832;10.965062756744627;11.222191138456331;11.157346935362844;11.753634618853386;11.606867837374152;11.232420927176076;12.408595112798102;11.25797705856398;10.94178124227853;11.112439506781552;10.943247395901553;12.37775279502222;11.839597483021176;11.4893462407191;11.36796070964157;11.12605911607068;11.719816603018126;11.101975670949232;11.933690654952231;11.978352958165145;12.119265383175788;11.928148216169037;10.916625922211235;8.430452551665532;11.996473488733228;11.223398414711628;11.717248005827646;11.609640474436812;11.004220466318197;10.967226258835993;11.4893462407191;11.493855449240822;11.542548262335211;12.301210371298426;11.52061868055628;11.81257844413538;12.467860240707878;10.447083226209651;12.173052457774116;9.91737207947684;11.51422090935813;11.687813062564931;12.296916206879288;11.67065624911844;11.179287104646004;10.071462362556623;11.145295334933598;12.038918989292302;11.719816603018126;11.018200178813226;11.688250309133178;12.60246690183057;11.897467341721892;10.51668494930961;11.171802288682985;10.69522829149575;11.053925881531104;11.03960451795376;10.071462362556623;11.04916787237217;11.707790495528824;11.826945650415484;11.38424412224308;11.36796070964157;11.443979542601252;10.778898476008376;11.4893462407191;11.373408960228696;12.19537220740274;10.855647166027266;10.722807531169549;10.43254190038826;11.34485068394299;12.249706056969703;11.34485068394299;10.509775004326936;10.43254190038826;11.279320387942608;10.61286849729104;11.310612781659527;11.39660478118186;11.213711798105672;10.73978060977326;11.922212717785449;11.23661220021575;12.20212382383046;10.79766152585376;11.935901682267588;11.41204051455165;11.75446999527562;11.390168956200185;11.933690654952231;11.928148216169037;11.092757140919852;11.624795455860236;11.006326078524934;11.693486957499324;12.37775279502222;11.43567026093655;11.428883552010191;12.606636543579526;11.996473488733228;11.232420927176076;12.190442018782823;11.655977862486942;10.646558710154547;12.84097456982188;11.592924155627635;10.997885127829113;11.588714635582264;12.270587340447513;11.028596777067108;11.186733289128869;12.241387363998935;11.232420927176076;11.385323176175872;12.101647450030766;10.606405212697783;11.43567026093655;11.453785055496157;11.393926675640415;11.562242424221072;11.13827180017222;11.81977993183848;10.897089128312755;11.53430288245463;11.861086905995396;10.7047682393626;10.837627933171404;11.44449728710381;11.57790083688697;11.113742166049189;12.215836309962455;11.914011328541257;11.830911279742782;11.186114239541643;10.263269200372662;11.720671786825555;11.358101707440849;11.665335917185176;10.97513145692134;11.451726268074506;12.509775004326936;11.659103963473662;11.171176797651771;10.884170519108435;10.862637357558794;11.117643101389092;11.699138625275914;11.73893668167614;11.43567026093655;12.053925881531104;11.618385502258606;11.092096414990792;12.233919208586975;11.602698865017963;11.421538906848276;11.526988205432009;11.894817763307945;12.14274527675153;10.971543553950772;11.191059214531656;10.767356854125683;12.252961036393684;12.36112133473479;11.929998062609029;11.978352958165145;12.763419874192088;11.651051691178928;10.977995368612962;11.388017285345136;11.375582512490508;12.058668250340572;11.946540803893104;12.159240650411672;10.728770849542665;11.98584193700334;12.428883552010191;11.199672344836364;10.816183681432342;10.905387005018133;11.265615046484458;11.33706433868474;11.101319154423276;10.981567281903017;10.906890595608518;10.813781191217036;12.690652799348484;11.12670447284319;10.92481250360578;12.639114563179414;12.644757592516257;12.023061249735337;11.134426320220928;11.573647187493322;11.984418458801136;11.386401423640775;11.925554439873554;11.54061240824953;12.196294745028265;12.26766453750112;10.817783121774534;12.049848549450562;11.9947069952581;11.396069557639867;12.192909219112012;12.242578689451346;10.905387005018133;11.53818893205242;12.374496145691516;11.782179193831208;11.67065624911844;11.137631598235428;12.868243817704636;12.214319120800766;11.16804526822409;12.347621368568134
6.189824558880018;4.087462841250339;0.0;4.857980995127572;5.285402218862249;4.459431618637297;7.129283016944966;2.0;4.0;3.169925001442312;7.294620748891627;5.954196310386875;6.285402218862249;7.839203788096944;4.087462841250339;4.321928094887363;5.357552004618084;4.321928094887363;5.930737337562887;3.169925001442312;5.0;4.459431618637297;3.700439718141092;4.700439718141092;4.459431618637297;5.491853096329675;4.807354922057604;4.584962500721156;5.906890595608519;3.700439718141092;7.599912842187128;2.584962500721156;3.0;6.7414669864011465;4.247927513443585;2.321928094887362;6.0;3.807354922057604;5.285402218862249;3.700439718141092;2.0;5.491853096329675;5.044394119358453;5.977279923499917;3.321928094887362;6.658211482751795;2.321928094887362;7.636624620543649;2.321928094887362;5.392317422778761;5.882643049361842;6.523561956057013;4.523561956057013;3.700439718141092;2.321928094887362;5.044394119358453;4.459431618637297;5.491853096329675;2.0;4.087462841250339;5.977279923499917;4.087462841250339;3.0;2.584962500721156;4.807354922057604;4.906890595608519;3.807354922057604;2.321928094887362;2.0;3.700439718141092;7.672425341971495;7.727920454563199;4.700439718141092;5.584962500721156;1.584962500721156;3.700439718141092;5.129283016944966;5.930737337562887;4.321928094887363;3.584962500721156;4.643856189774724;4.700439718141092;3.700439718141092;4.700439718141092;2.321928094887362;4.643856189774724;5.087462841250339;3.700439718141092;3.169925001442312;5.459431618637297;1.584962500721156;3.0;3.700439718141092;3.0;5.807354922057604;4.459431618637297;4.906890595608519;5.672425341971495;6.475733430966398;4.857980995127572;6.189824558880018;7.599912842187128;4.321928094887363;2.584962500721156;9.090112419664289;3.169925001442312;5.0;4.321928094887363;3.807354922057604;6.78135971352466;6.7414669864011465;4.087462841250339;5.392317422778761;4.247927513443585;4.087462841250339;7.483815777264256;5.672425341971495;4.807354922057604;6.247927513443585;7.426264754702098;5.087462841250339;4.321928094887363;6.614709844115208;7.592457037268081;8.149747119504681;8.31741261376487;6.189824558880018;6.0;5.129283016944966;3.0;5.614709844115208;5.169925001442312;8.0;5.0;5.643856189774724;3.584962500721156;6.044394119358453;5.044394119358453;6.894817763307944;6.266786540694901;7.614709844115208;7.383704292474052;6.9886846867721655;5.491853096329675;4.169925001442312;3.807354922057604;4.247927513443585;4.321928094887363;6.066089190457772;4.700439718141092;4.321928094887363;4.0;5.906890595608519;3.4594316186372973;5.357552004618084;5.285402218862249;5.672425341971495;6.658211482751795;9.734709620225836;5.554588851677638;7.0;5.247927513443585;7.622051819456376;7.794415866350106;4.807354922057604;5.357552004618084;4.459431618637297;4.247927513443585;6.266786540694901;6.0;4.584962500721156;5.754887502163468;8.29920801838728;6.870364719583405;6.044394119358453;5.614709844115208;7.679480099505446;5.584962500721156;3.169925001442312;5.247927513443585;5.672425341971495;7.851749041416057;6.700439718141092;6.918863237274595;4.321928094887363;6.658211482751795;7.118941072723508;6.303780748177103;3.584962500721156;4.087462841250339;7.554588851677638;6.285402218862249;5.584962500721156;4.584962500721156;5.554588851677638;2.0;6.6293566200796095;5.523561956057013;5.357552004618084;8.523561956057012;6.539158811108031;4.459431618637297;6.475733430966398;2.0;4.754887502163468;5.129283016944966;5.247927513443585;8.194756854422248;7.108524456778169;7.199672344836364;4.584962500721156;6.820178962415188;5.129283016944966;3.0;8.266786540694902;9.339850002884624;5.584962500721156;5.491853096329675;6.539158811108031;6.321928094887363;2.807354922057604;5.426264754702098;9.63117705570398;6.569855608330948;5.930737337562887;5.672425341971495
15.94148324767121;14.653292945382814;14.547677796464532;13.041659151637214;14.274086905634414;13.432019846812493;12.237807473723135;9.91737207947684;10.659995892429976;12.762382038710392;11.476746203939468;14.822620619400844;10.714245517666123;14.35500690101798;15.076147528022505;13.141787841671004;16.492134845191206;12.041316915829444;14.57193036272781;11.868050853745158;13.7632123668144;13.432019846812493;12.916625922211235;11.6965329140783;11.091435386323608;13.33413359079816;14.488091177533477;12.083479327331842;14.615687104555226;13.798269274949693;14.381272555711789;12.47851684767645;13.061371192659813;11.510764167917891;10.154818109052105;13.059851410770802;13.766425381991173;13.385458001187969;14.658992433572104;12.916625922211235;12.280480810318371;16.025334250667573;13.571752643503546;10.992230264965889;12.257093144491057;14.771541052354204;12.7279204545632;13.982280604558284;12.477505317369708;12.959096342281969;11.478769619475765;12.040974598817304;13.113579397950534;11.563196272216738;9.372865060112588;13.008253527096048;11.60917873814198;13.33413359079816;12.83110927535702;12.079151405421891;13.463396650280446;15.365433918315532;11.078817949961978;14.294979655040924;12.096385734452651;10.066089190457772;11.573173784686484;9.372865060112588;14.309121036488156;13.733862719678545;11.83880998570856;12.184255495405347;11.6965329140783;12.87843414955929;12.043710863347156;12.916625922211235;12.786678033890652;13.077149515589731;11.921469060531413;15.154303899126264;12.249409785269128;15.945672440070556;12.018200178813226;15.945672440070556;10.992230264965889;12.249409785269128;12.229119220658594;10.682994583681683;14.550205673278048;16.096550453872922;11.020979938904212;13.306488964728633;12.49585502688717;12.62067804213541;16.284697605885658;15.074894064153025;16.19391031528667;14.204341884237456;12.030667136246942;12.678820179524028;13.23586465108203;14.381272555711789;12.674192268145683;11.90350531042388;9.729620743553038;12.664225040837929;13.7632123668144;13.464290473850768;13.192755142640369;7.614709844115208;11.510764167917891;15.076147528022505;13.054095520550748;16.597659777700937;15.29652193486904;17.007914220097838;17.293615336407687;14.992938336165814;15.568074869523228;16.576882875224918;14.87238631240468;14.531137741444716;17.40294542791681;14.553629293916364;16.722233860482643;15.66300208808487;16.464130903108007;17.16173222474427;15.681814891361128;15.889456430504008;16.090794725845264;16.1539280143971;18.42471169164924;13.999823879015723;14.983884292164657;15.87067777047774;13.338875632131565;15.883836523264629;16.89478224484024;14.536125771600268;18.02971319916904;17.413305626789693;16.502754124132583;17.421218367308157;14.866168101329022;12.167418145831736;17.93494628935686;15.833952463570231;13.87872151038902;16.242597296108094;11.783816759320182;16.317854201936544;16.373884704681775;16.083977868501655;13.833977162388804;15.33758706059805;12.917185576336395;16.91186007617724;15.13270053623206;16.174769673304432;16.696369900759255;16.577325555510956;18.19060598715835;15.308801176032144;14.434823666219248;15.115328193371182;15.552549028017228;17.37741390351215;13.945626722229823;15.532173263273256;15.921190090204544;15.31153547057158;17.25831758924578;15.610419319489647;15.1741064459453;17.33848395848824;14.61769702930787;13.463013413449692;16.95402587106028;14.356864581418872;16.2864494687846;15.538219250644415;15.464928580385513;14.67656317260843;14.47307151430745;15.625965629058635;16.65954999687987;16.99995597176956;16.81037080018373;14.556685661897916;14.722167139781853;15.962286019717736;16.558555242135515;16.05775909311349;12.655754310144218;13.347759763219388;14.904493506096962;14.981165882862848;13.523194374830966;16.547978966547017;14.416005780559267;17.18624967933851;15.428229298205096;18.53652042751375;15.610794169053182;14.271171191139771;17.724280685977856;16.30524239122629;14.929027188980914;12.318260343712415;15.50711326170769;17.557433784751453;17.995065989342095;16.108994007649976;15.609380765954986;16.256282413904458;14.99147755834286;13.789941128390916;17.58620207760848;14.507670777134368;16.63157496997929;15.287676311722578;18.1492559115752;17.44686521655423;15.75243291716542;16.72446056109546
12.125090539303256;10.167418145831736;9.324180546618742;11.254438148267257;10.537218400538595;10.906890595608518;8.129283016944967;8.294620748891628;9.29232163280204;7.636624620543649;8.515699838284043;9.712527000439824;9.06339508128851;11.749450465569916;9.881113960675096;9.710806433699352;10.091435386323608;9.7714894695006;10.914385132155443;8.016808287686555;12.069785394983302;10.906890595608518;9.857980995127573;11.564625862795372;10.370687406807216;8.64745842645492;11.484319423644267;9.689997971419446;10.99506046703272;10.506803437795648;13.453270634010623;9.91737207947684;8.262094845370179;9.411510988012072;8.768184324776927;8.46352437327118;10.840777923595054;9.584962500721156;9.52943055414615;9.857980995127573;9.06339508128851;10.166163082646111;9.634811050171718;11.006326078524934;9.398743691938192;11.461479447286155;7.971543553950772;9.344295907915816;9.634811050171718;11.524051918717824;9.409390936137704;10.366322214245816;10.111135670234708;9.77313920671969;8.049848549450562;10.565102078360312;9.971543553950772;8.64745842645492;8.791162888555018;9.4241662888181;13.184565452446156;10.466586337719244;10.298062567719017;8.912889336229961;10.0;11.13699111208023;9.457380879072534;8.049848549450562;9.51175265376738;9.918863237274596;10.323054760341646;11.818981539432444;11.564625862795372;10.894817763307945;8.507794640198696;9.857980995127573;10.103287808412022;7.794415866350106;9.108524456778168;8.434628227636725;9.672425341971495;10.283088353024002;10.599912842187129;10.283088353024002;8.027905996569885;9.672425341971495;9.1006623390052;8.88264304936184;9.632995197142955;11.615169813843602;8.813781191217037;9.451211111832327;10.10459875356437;9.224001674198105;11.110483309816226;8.696967526234287;11.3297963382207;10.237209960755022;8.813781191217037;10.531381460516313;10.37937836707126;13.453270634010623;9.834471049984222;9.011227255423254;8.060695931687555;9.634811050171718;12.069785394983302;10.729620743553038;9.843921051289035;8.312882955284355;9.411510988012072;9.881113960675096;11.12605911607068;10.393390457443989;9.447083226209651;8.810571634741146;10.65284497300198;9.981567281903017;10.654636028527968;9.411510988012072;9.91737207947684;10.200898605038445;8.948367231584678;10.103287808412022;9.52943055414615;11.21006248324023;10.294620748891628;9.569855608330949;10.075479149488016;10.352043425795433;11.078817949961978;10.760719947465624;10.721099188707186;9.581200581924955;10.371776644337924;9.497851836951115;10.926295994781112;10.16867211813223;12.162391328756906;10.603626344986193;10.573647187493322;9.539158811108033;9.527477006060396;10.436711542137214;9.840777923595054;9.707359132080883;11.382624026574916;10.332036548361652;9.93810932621924;10.088788238716909;10.370687406807216;9.368506461507693;10.50084187955693;10.471675214392045;10.169925001442312;9.605479518061667;9.64565843240871;10.051208940914766;10.388017285345136;10.75905593916017;10.715961990255144;9.804131021183318;10.199672344836364;10.690871009292314;9.661778097771988;10.294620748891628;10.858758099935422;10.019590728357882;10.032045726930807;10.552669097514272;9.489847960439295;9.22881869049588;9.36194377373524;10.676838606474153;10.719388820942084;8.396604781181859;9.874981347653774;11.255618749839597;10.443979542601252;10.384783750093352;10.672425341971495;9.79603960882977;11.103287808412022;10.24555270625568;9.89633240390994;9.022367813028454;9.74819284958946;9.984418458801136;10.585901449690772;10.064742764750257;9.73809225962049;8.744833837499545;10.08214904135387;10.333155350310616;10.447083226209651;9.4757334309664;10.393390457443989;10.824163209744158;10.247927513443583;9.3151495622563;10.049848549450562;10.95637615724967;9.929258408636972;9.038918989292302;10.610102062999664;10.685624839726357;10.869593843240784;10.755722153642282;10.14338321398982;9.507794640198696;10.172427508645482;10.456354415108288;11.139551352398794;10.442943495848729;10.91214085629572;10.14210705730255;10.721099188707186;10.89633240390994;7.199672344836364;9.643856189774723;9.721099188707186;10.428360172704291;10.9901039638575;10.788718332690458;9.758223214726724;10.20212382383046
13.161604304002845;13.578372691360803;14.190364850745532;12.887791791341588;12.855257827193196;13.835162208693417;11.397674632948268;12.167104482379932;12.529186505250893;12.453785055496157;11.051208940914766;12.681897226786235;12.344295907915816;13.369188361147408;13.222945804499007;11.81498293642679;12.347621368568134;11.442425193331609;12.273212809854334;11.1331422124006;12.378836713210614;13.835162208693417;13.11178773580101;11.561765263627708;12.274378153246364;12.643630751061728;12.11178773580101;13.307343135884958;13.747143998186749;14.004396051426534;12.734286232096348;12.303209948944776;11.211279947482009;11.202736043250168;13.081483438093674;13.060358182642142;12.577664851764846;12.571515650477815;12.193217322699065;13.11178773580101;13.231221180711186;12.53016245322715;11.688687423222536;12.094407633081207;12.690871009292314;12.069114061773938;11.598517810612622;11.644757592516257;12.49760238678349;12.926666629347284;13.917092315724137;12.825753832883112;13.785043714779723;12.12670447284319;11.027214885159834;12.82992089387229;12.910080531966354;12.643630751061728;13.168358727223886;12.574120435009748;13.36112133473479;13.044052531801302;11.901998185668496;12.33343491528405;12.428360172704291;12.533086342167612;12.99770874846085;11.027214885159834;12.800899899920305;13.713064257006153;12.283377789285558;12.151650829973422;11.561765263627708;12.649929757036618;12.04746477331842;13.11178773580101;11.97333862080036;13.272921326867005;11.145932145820517;12.746304367701304;11.77313920671969;13.0380616201336;13.002990771840553;13.0380616201336;11.196602126523173;11.77313920671969;13.234892257757776;12.643179767925549;13.03977584923368;13.201511344500146;12.36112133473479;12.71896091198421;13.237807473723135;11.213711798105672;13.391243589427445;12.13699111208023;14.147602438250583;12.971363924361937;11.199058823653022;13.203348002979762;12.712527000439824;12.734286232096348;12.35231935484684;13.37531099747307;12.007728114632254;13.343602137745732;12.378836713210614;12.2103669456326;12.522336320913306;12.618844301766652;11.202736043250168;13.222945804499007;12.35672705746463;13.7124195251136;12.391780606013166;13.748821794614704;13.496229639354992;12.526499239136566;13.577310801689638;13.47218311618954;12.727282329212189;12.871520262329112;13.640809790793162;13.659215484753885;12.695880750257556;13.961901822341002;12.321646290991382;13.66077587818261;12.588480412829758;12.942697762886755;13.140670030415102;12.997532347526366;13.307912302492948;13.083313108650756;13.035658272294071;13.032906677628253;12.925183519434208;13.17195861907712;12.929628283024565;13.761031735466885;12.340406490853294;13.220831743981256;14.637700350270975;14.022194401760634;13.222493052246469;12.341240820538747;13.80564312177336;13.02894204332241;12.700439718141093;12.9901039638575;13.00105627463478;14.618270779580252;13.675736555361906;13.151967870968187;13.088788238716909;12.713171684314805;12.59245703726808;13.057145616910695;13.026869205263395;13.496229639354992;14.190364850745532;13.206098613995795;13.058668250340572;13.90190393807474;13.040803409847555;12.697619199078714;13.45236995480311;14.079818085212354;14.075646273153524;12.349004718027745;12.182083929510725;12.609640474436812;13.940130036481444;12.903693590364233;12.86978660094578;12.896710815726117;13.809466698537456;13.189670152603751;12.464800981655417;12.802718295983178;13.555907202377874;12.986197587206274;13.565935077540978;13.819280988364412;12.322209843748894;13.066089190457772;12.940130036481444;12.332875731152674;12.823964258486738;13.016634206836764;12.607792641919213;13.548581118165128;12.7402023887679;12.606636543579526;13.016982347533649;12.5262546938286;13.695119519675222;13.24555270625568;12.42783660345852;14.42816385650311;14.085389466973655;14.30370941062222;12.53503231452927;13.781052288362956;13.295768934420508;13.49210354247923;14.105090051046009;12.478769619475765;12.74188827273525;14.313875034039125;12.4189067312579;13.043539998771736;13.975041868009528;12.874981347653774;13.418774996331916;13.091600671887274;12.809768128710411;13.490098754884238;11.50084187955693;13.090277856857394;13.429668265133094;13.868050853745158;13.960364008877834;14.131696223597777;13.151016538892248;12.875557388803728
11.568906154502084;10.280770770130603;8.426264754702098;9.226412192788786;9.712527000439824;10.820178962415188;11.892922223630592;9.509775004326936;10.721099188707186;11.198445041452365;12.092757140919852;9.52552080909507;9.709083812550343;10.491853096329674;10.754887502163468;10.29920801838728;11.690434556395054;9.894817763307945;11.169298695792843;11.129926933510394;10.547858506058416;10.820178962415188;10.793603309279408;10.701306461958623;10.213104219641906;12.084476237453892;11.319107575824985;11.237209960755022;10.65642486327778;7.924812503605781;9.92481250360578;9.820178962415188;5.044394119358453;11.967946705812707;10.823367240046236;10.62662165235837;9.935165049603697;9.61286849729104;10.880348808156027;10.793603309279408;11.122180901259751;11.290594888082572;11.86573327085176;9.812177305514448;11.150381968817848;11.247334178028728;10.481799431665753;11.768184324776929;8.447083226209653;10.818582177480858;11.013322673425447;11.027905996569883;11.30035256032822;12.201511344500146;10.068778277985412;10.735556023911537;9.679480099505446;12.084476237453892;10.157346935362844;10.257387842692651;10.051208940914766;12.456097684964202;10.83289001416474;9.599912842187129;10.756556322524087;10.24436383512051;9.905387005018133;10.068778277985412;9.567956075415466;8.405141463136344;10.957102041562289;10.191059214531656;10.701306461958623;9.839203788096944;11.117643101389092;10.793603309279408;10.178664851006472;9.893301530860564;11.324180546618742;10.064742764750257;11.057991722759176;9.967226258835993;11.707790495528824;9.967226258835993;9.121533517340032;11.057991722759176;10.703038388986418;11.220378327695228;10.057991722759176;9.659995892429976;11.393926675640415;9.754887502163468;9.955649907528374;11.580729651598958;10.314016703901355;11.534789211480266;10.86573327085176;10.364134655008051;11.172427508645482;10.59245703726808;11.338179249900112;9.92481250360578;9.76983784362944;9.859534786382651;11.117643101389092;9.172427508645482;10.547858506058416;11.074810461160451;10.22881869049588;10.569855608330949;11.967946705812707;10.754887502163468;10.159871336778387;9.233619676759702;10.407267764244732;10.339850002884624;9.76155123244448;10.045759661382682;10.022367813028454;10.0566377151132;9.873444112515376;10.484822894262146;10.037546953962178;8.804131021183318;9.554588851677638;9.79603960882977;11.295194955880657;8.467605550082997;10.007027266893967;9.381542951184583;10.26209484537018;9.69522829149575;10.469641817239516;9.453270634010623;11.188588845707349;9.826548487290914;9.471675214392045;10.041659151637214;9.428360172704291;10.366322214245816;11.369052007001388;10.051208940914766;8.700439718141093;10.332036548361652;9.774787059601174;9.328674927327947;8.945443836377912;10.24198314969433;10.460455896309636;9.731319031025064;10.521600439723729;8.778077129535358;10.1331422124006;10.52258153125483;9.746514321138465;8.459431618637296;10.972261848733291;10.205793249397155;9.375039431346924;10.048486873992337;9.810571634741146;10.632086412835182;9.543031820255235;10.560332834212442;10.298062567719017;11.078817949961978;10.541096615349524;9.383704292474052;8.243173983472952;11.758223214726724;9.1006623390052;8.960001932068081;9.815383295813538;10.802516365121225;10.373952655370193;10.673309075561695;10.337621901992508;10.578372691360803;10.22881869049588;9.800899899920305;10.221587121264806;9.853309555403674;10.167418145831736;9.65284497300198;10.948367231584678;9.868822554775;9.744833837499543;10.214319120800766;9.845490050944376;10.210671343785622;10.296916206879288;9.766528908598865;9.271463027904376;9.419960177847887;9.975847968006784;9.778077129535358;10.523561956057012;10.045759661382682;9.992938336165814;8.813781191217037;8.686500527183219;9.41574176829009;9.14974711950468;7.20945336562895;10.353146825498085;9.554588851677638;10.308339030139408;10.62296694479051;9.159871336778387;9.668884984266247;9.774787059601174;9.521600439723729;10.414685235807214;10.193525360501216;10.217957697864112;10.00562454919388;10.125413470483316;10.363039630256514;10.230020435705637;10.075479149488016;9.642051692927977;8.060695931687555;11.1357092861044;10.052568050804153;9.800899899920305;9.696967526234287
11.573647187493322;12.880157456601813;10.566054038171092;11.89178370321831;11.004220466318197;11.563672959827514;10.265615046484458;11.059344460824423;11.556984957594462;11.780129619625306;10.00842862207058;10.018200178813226;11.856036399819155;12.492604304386685;11.67065624911844;11.03960451795376;9.521600439723729;9.995767150877802;11.888362741170644;11.817783121774534;11.035486451292154;11.563672959827514;11.418379719364957;10.283088353024002;11.352043425795433;11.3009244909763;9.579315937580017;11.909518114296617;12.192909219112012;11.892542816648552;11.242578689451346;10.690871009292314;10.63390340934852;9.873444112515376;11.118941072723509;11.281350514981035;11.81257844413538;12.615399743725495;12.15069928874454;11.418379719364957;10.957827560833744;10.696098170955864;10.98370619265935;9.786269627648466;12.0;11.35974956032233;10.487840033823051;12.578372691360803;10.125413470483316;11.211888294546004;11.391780606013166;11.638888382252262;13.134907566138844;10.94251450533924;12.234817431117325;11.29634268469289;12.950555897047511;11.3009244909763;12.868050853745158;10.881878707600446;12.601074338941668;12.091765938516804;11.448632567730552;11.7279204545632;10.952741247186488;9.65284497300198;11.094077685671904;12.234817431117325;10.578372691360803;12.7402023887679;10.694357887221452;9.544964432789238;10.283088353024002;10.655530723155644;8.927777962082342;11.418379719364957;12.53503231452927;11.99116750614001;9.566054038171092;11.385323176175872;11.466076461396252;11.846273911349906;10.79766152585376;11.846273911349906;10.125413470483316;11.466076461396252;10.844313461203296;10.025139562278508;12.220075970984304;12.925183519434208;15.259596162488425;11.555068391333338;12.894628321374654;10.13699111208023;12.490600213019594;11.453270634010623;13.229269462266736;11.649705265471413;9.517669388133813;11.29748950116098;11.421012855779226;11.242578689451346;10.181152256865566;10.251482410620213;9.654636028527968;12.213408040858337;11.035486451292154;10.749869427396844;11.594324603924848;11.8356556908398;9.873444112515376;11.67065624911844;9.99717948093762;14.733492044300329;12.006676715308988;15.74025510247311;14.240269602231637;12.11504365016171;13.590119174107176;15.254954780337554;13.055112935995515;12.143702076857933;14.855987751337729;13.454813348512523;14.1524433018642;14.638775278489836;12.156399144871584;15.198176429605104;13.656536591838602;13.57553924683453;13.514097596819836;12.744413410557655;13.022020969646356;12.76632184795396;12.721099188707186;14.37218489648635;12.011576703176177;12.694140204076431;12.139551352398794;12.7638347994296;13.41903845415604;15.07485226326233;16.281096905274673;14.46601271418369;13.376261076559688;10.497851836951115;13.488593333835407;13.87315569848565;13.092096414990792;11.873444112515376;12.373137035802127;15.634442389953064;13.2659080092311;11.386401423640775;11.900112062977456;12.838022058304546;12.390706372872774;13.965243172556892;14.216745858195306;13.008253527096048;14.256356135514164;12.137951734715358;13.568312428397611;15.37937836707126;11.47269083924278;13.862831046897997;12.897467341721892;15.44782582664769;13.92740761294903;11.691743519171276;13.170238052336648;12.784430367484626;15.300888751952558;14.61114009761038;14.399077610477097;14.588656083459004;15.894509907532845;12.60130652612184;11.636171441635922;12.943247395901553;11.63026712502677;14.559974504523746;14.061286802320756;14.876085224549907;11.203959703239462;15.047975914170848;15.313414510885552;12.852919585123995;11.429929741353272;11.545929769085468;11.812979471251484;14.012013393872037;12.669992279616398;12.127349541059118;11.046441948007311;10.162391328756906;15.407400554068646;12.080151309614088;11.890644283619087;15.590002181442724;14.838022058304546;14.4697689885597;12.340406490853294;13.218260498797305;13.94982671075911;12.744833837499543;15.124202105660077;13.419433550705378;15.106317563279417;15.280770770130603;12.796242448203165;14.646277433703425;14.498225931349918;12.584727667963922;14.541459664055266;14.632143228628864;12.216442739160492;11.726643921483994;12.52135506255826;13.427443801793194;14.93304513317431;12.285402218862249;14.93258386928929;14.044479503612074;12.852919585123995;14.977592974394254
11.706927639617405;10.78135971352466;11.99541385222515;10.910642730469624;11.963979787815338;10.493855449240822;11.177419537989236;9.016808287686557;11.3292357417338;11.157346935362844;11.687813062564931;10.546894459887636;11.089450481115907;11.084144010615145;11.689997971419446;11.667111542075029;11.96974625081451;10.373952655370193;11.554109152574004;11.21006248324023;11.946540803893104;10.493855449240822;10.556506054671928;11.2603315185576;11.753216749178955;12.186423797538945;11.510269670898175;11.582141981658776;11.425215903299383;10.043027283594547;11.144658242831882;10.804937672051908;8.134426320220927;11.119589620741122;11.676838606474153;10.794415866350104;11.223398414711628;9.99859042974533;11.256208688527389;10.556506054671928;10.61194694181998;11.338736382573916;10.801708358916462;12.067770457447825;11.446566409066069;12.450438032395652;10.552669097514272;10.5401280385821;10.638435913990472;11.109177703355275;11.116343961237469;11.57553924683453;11.76983784362944;12.5401280385821;11.570804437724496;10.84862294042934;11.608716854020573;12.186423797538945;12.212192371908472;11.281350514981035;11.172427508645482;11.71853287606922;11.38424412224308;10.280770770130603;11.611485943240922;11.901621158346112;12.06339508128851;11.570804437724496;10.754887502163468;10.226412192788786;10.539158811108033;11.355901638328415;11.2603315185576;11.724940118462358;11.778487861222372;10.556506054671928;11.79685079526716;10.4542992936199;11.163020639580791;10.27029532647204;10.899356922923111;11.070120944476823;11.48683502156305;11.070120944476823;10.25502856981873;10.899356922923111;11.040632200562252;11.092096414990792;11.541096615349524;12.129926933510394;11.194141238863136;11.004220466318197;13.222643985451697;11.761966695382092;10.99435343685886;10.43567026093655;11.42940674151398;10.689997971419446;12.434106928609957;10.901621158346112;11.959639764364184;11.144658242831882;10.9901039638575;11.782588759494963;11.3292357417338;11.463013413449692;11.946540803893104;11.818582177480858;10.800899899920305;12.889884170302828;11.119589620741122;11.689997971419446;11.001408194392807;9.930737337562888;10.7047682393626;10.020979938904212;10.572700226487292;10.409390936137704;10.676838606474153;9.831307243802051;10.192292814470768;10.729620743553038;10.055282435501187;9.86727873970966;9.688250309133178;10.264442600226602;10.853309555403674;9.164906926675688;10.302638923787551;10.053925881531104;10.526499239136566;10.225207436943505;10.658211482751796;10.0566377151132;11.034798962577268;9.843921051289035;10.671541066711884;10.443979542601252;10.594324603924848;10.467605550082997;10.634811050171718;10.139551352398794;9.758223214726724;10.650154213675094;10.28886607416582;10.071462362556623;10.496853777388042;10.508785162064513;10.817783121774534;10.129283016944967;10.793603309279408;9.278449458220482;10.5401280385821;10.22881869049588;10.471675214392045;9.348728154231075;10.778077129535358;10.308339030139408;9.61654884377899;10.66266837551754;10.309476353841106;11.094077685671904;9.76155123244448;10.755722153642282;10.541096615349524;10.567956075415466;10.557463701597824;10.090112419664289;9.972979786066292;11.496853777388042;9.946906274456396;9.688250309133178;9.873444112515376;10.749031382040204;10.59245703726808;9.684748620421626;10.108524456778168;11.134426320220928;10.188588845707349;10.44604940671655;10.676838606474153;9.879583249612784;10.483815777264256;9.734709620225836;10.893301530860564;10.052568050804153;9.546894459887636;10.30035256032822;10.177419537989236;10.52943055414615;10.634811050171718;9.481799431665753;9.876516946565;10.25502856981873;10.550746785383245;10.391243589427445;10.256208688527389;10.955649907528374;10.569855608330949;9.409390936137704;9.93810932621924;10.506803437795648;10.124121311829189;9.074141462752506;10.664447284547972;10.36194377373524;10.778898476008376;10.86573327085176;9.700439718141093;9.642051692927977;9.899356922923111;10.345405246717796;10.667111542075029;10.50481898763284;10.776433032444732;10.004220466318197;10.54399845013454;10.967946705812707;10.536247215688128;9.968666793195208;10.034798962577268;10.029287226968243;11.081483438093674;10.897089128312755;10.51865315567339;10.095397022792556
10.610102062999664;11.269711121142782;8.08214904135387;9.693486957499324;9.91288933622996;10.426264754702098;9.08214904135387;7.686500527183218;4.954196310386875;10.544964432789238;11.904634621668151;9.485829308701904;10.696967526234287;10.778898476008376;10.266786540694902;8.651051691178928;8.703903573444663;8.867278739709661;9.719388820942084;9.057991722759176;9.22881869049588;10.426264754702098;10.057991722759176;11.570804437724496;9.243173983472952;9.749869427396844;10.367414751246828;9.447083226209651;11.567480801143043;11.52552080909507;9.014020470314934;7.515699838284043;8.243173983472952;10.555547771647063;10.835260918627489;9.79766152585376;10.558420713268664;11.73259143596501;9.501837184902296;10.057991722759176;8.087462841250339;10.800090987624994;8.312882955284355;7.851749041416057;10.026523442519766;12.76632184795396;8.573647187493322;12.274960472140602;7.693486957499325;11.872674880270605;9.483815777264256;8.879583249612784;9.214319120800766;9.60733031374961;6.357552004618084;10.070120944476823;9.303780748177102;9.749869427396844;10.15608307628868;9.296916206879288;10.352043425795433;9.810571634741146;7.994353436858858;9.594324603924848;8.50382573799575;9.89026427702111;8.027905996569885;6.357552004618084;8.832890014164741;9.236014191900084;10.011227255423254;10.834471049984222;11.570804437724496;8.044394119358454;6.247927513443585;10.057991722759176;8.507794640198696;10.794415866350104;10.677719641641009;11.44190670454224;11.29634268469289;9.96000193206808;8.353146825498083;9.96000193206808;7.851749041416057;11.29634268469289;8.64565843240871;12.017852331905962;9.509775004326936;10.482807956726669;7.948367231584678;10.225207436943505;9.285402218862249;9.38586240064146;10.52552080909507;9.935165049603697;11.75446999527562;9.73640193131829;9.493855449240822;10.481799431665753;10.159871336778387;9.014020470314934;10.901621158346112;7.924812503605781;7.851749041416057;9.60177078840771;9.22881869049588;11.803727526553114;8.721099188707186;9.709083812550343;10.555547771647063;10.266786540694902;12.836444911341369;10.90312867681232;10.776433032444732;8.243173983472952;10.19598729802851;9.89178370321831;10.618385502258606;9.679480099505446;10.083479327331842;10.448116305409464;9.157346935362844;11.43149760425805;9.131856960608792;9.954196310386877;10.3297963382207;8.442943495848729;9.7632123668144;10.200898605038445;10.4757334309664;10.346513733165636;10.476746203939468;10.276124405274238;10.564149489985732;9.533329732305834;10.4189067312579;10.44086916761087;10.263269200372662;11.208234358339787;11.855257827193196;9.467605550082997;9.333155350310616;10.186114239541643;10.835260918627489;8.507794640198696;11.640244936222343;10.095397022792556;9.91139198784346;11.018200178813226;9.786269627648466;9.18239435340453;10.397674632948268;12.076815597050832;9.813781191217036;9.722807531169549;10.252665432450248;9.878050912728536;8.558420713268664;10.824958740528524;10.388017285345136;10.793603309279408;10.210671343785622;10.806549621985962;9.842350343413807;10.993646060016596;12.282798858683533;10.11504365016171;9.49585502688717;10.661778097771988;9.86573327085176;9.958552715431011;9.357552004618084;10.4542992936199;10.658211482751796;10.369597346278676;9.65642486327778;10.591522346570734;11.40886043602476;9.353146825498085;10.48683502156305;9.400879436282183;11.589182967039353;9.779719355143405;10.871905237659186;9.682994583681683;8.417852514885897;10.271463027904376;10.726218159332198;10.8193807908646;10.398743691938192;8.252665432450248;11.037546953962178;10.61378946447258;10.550746785383245;9.560332834212442;10.044394119358454;9.442943495848729;9.818582177480858;9.319672120946995;10.377210530388552;10.389093521904474;9.533329732305834;11.140190703191836;10.220378327695228;10.816183681432342;10.332036548361652;10.074141462752506;9.868822554775;9.543031820255235;10.400879436282183;10.505811553919594;11.009128789539256;10.893301530860564;11.097373768990222;9.29232163280204;10.277287400130357;10.319672120946995;8.823367240046235;10.271463027904376;10.619302955415687;9.94104760634058;10.79197682089869;10.029287226968243;10.17617314910749;9.453270634010623
14.357552004618084;14.09341756438796;11.896710815726117;13.85447883417163;13.516069333750496;12.995237170449055;11.546894459887636;12.31174831500496;12.339850002884624;13.712312041780274;13.940588894359072;13.898884759593454;12.691089186236532;14.335460142820237;14.421670389649998;13.171020382511934;15.959979299249976;13.520741436994632;14.505067193231886;12.487840033823051;13.160816849673546;12.995237170449055;12.864379626186238;13.368779260041338;13.645095473397046;12.642954223480332;13.879678966649864;12.509527607423152;13.86379910372885;12.216745858195306;12.752798758435516;12.745044005034464;12.223096690347695;12.65127597334664;11.383704292474052;13.782588759494963;12.919794428839156;13.7868821936647;13.769424641552751;12.864379626186238;10.804937672051908;15.345578503877435;14.824710184278077;13.532721179953246;13.373408960228696;15.493448946165111;12.709514660706716;13.610332801911134;12.241685287601625;14.032562359001108;11.672425341971495;13.17508167482833;13.632313662586126;13.814582465906277;11.023061249735337;12.954378090144049;12.820577882655774;12.642954223480332;12.6373041221062;12.13859179463752;13.254733389246674;14.557822655373068;11.664447284547972;13.714245517666123;13.688250309133178;12.8519441979995;12.191059214531656;11.023061249735337;14.614594828765291;13.970195786555188;12.151650829973422;12.66644593881483;13.368779260041338;12.91288933622996;11.605479518061667;12.864379626186238;12.84862294042934;12.442165972229322;13.1705510353167;13.8342735152347;12.833483105659584;14.766942940755785;13.092757140919852;14.766942940755785;11.940680648424092;12.833483105659584;12.839597483021176;12.138911718142744;13.9264813239664;14.209072536484143;12.56652978262417;13.887886965339108;12.932030157887027;13.686281655144432;14.27080631214724;13.682007000044107;15.59102554572124;14.58067077449809;13.210671343785622;12.94617524072356;13.215229625747924;12.752798758435516;13.145454564009516;13.115206253153248;11.206403913973848;12.360024019571876;13.160816849673546;14.128477716873324;12.913263430628762;12.550746785383245;12.65127597334664;14.421670389649998;13.70595630946154;14.52545963517936;15.243583105672416;14.914431850797984;15.293399799686451;14.172740017049366;14.671375204743752;14.765027045188145;14.601190437202776;15.414354910667615;15.920911065923454;12.535275376620802;15.061539958530144;14.302210506548802;15.33552992757082;14.872193901756102;15.271754805646474;14.356520746950054;14.906373913076834;14.829970429316369;16.52689653687417;14.898790308381212;14.782230395898216;14.867230468859272;12.342630298678408;15.779129395477964;15.464832882395966;14.589182967039353;16.585432051592964;15.49928533899974;13.683433292835405;15.785963247077277;13.621822947394202;13.45930353278105;15.697402007502708;14.694466716478162;15.458566818342678;14.54248780619755;14.54803919301975;14.287135186086704;16.33152930544516;15.41481734468885;14.764042217306589;13.16427843830117;14.099347810403192;15.43420468652664;13.66211201631089;15.433846208442825;14.441128621804696;15.89732552331253;15.894201986050575;13.90275194485016;15.104680648097409;14.791773380858745;15.103533701383254;15.297955135077196;14.035572364351038;14.809064693647112;13.642051692927977;14.25214797976178;15.442003935385111;14.82172416429274;14.070372555390618;15.602321905896732;13.354662623474075;13.248668839723136;15.77151526115794;15.336401952259116;15.781001044466423;15.220378327695228;14.565578136784328;13.248224089668474;14.567540218990333;14.246740598493144;15.082107450145482;15.239225576001203;16.173247698871794;14.394529682980812;14.281278059613976;13.978352958165145;14.850382205652153;14.730735470170254;15.250816534285;15.16298131569552;13.783919045472931;15.266164302842398;14.74850735637577;13.763419874192088;13.314866431053176;14.987752526813004;14.193217322699065;15.314229182613673;15.434302437819635;14.050698944430026;16.34644447770918;14.753321227945042;12.964340867792416;12.14242620231898;14.7795141791435;15.08592883100414;16.425166719675538;14.954196310386877;14.324954015405382;14.341032283347769;14.381272555711789;15.48198858382487;15.354800344350595;15.191599044300682;15.169846728103668;14.819730045255342;15.14835741191725;15.602437903809587;14.81272884236756;15.191599044300682
14.618385502258606;14.37775279502222;15.496760173894758;13.70498432489298;13.052907628313289;13.699680889909583;13.73259143596501;13.561168590869755;13.798269274949693;13.28626896267978;13.066593776312253;13.188279751964144;13.936085781679678;13.631290756696345;13.18503026318128;14.0380616201336;13.299923463500324;12.80916520537188;13.173052457774116;13.587660333609476;14.108442780154553;13.699680889909583;13.362902693704669;13.736613330694578;12.929258408636972;14.92346677082721;13.5285762023352;14.4020127657781;14.12686576693927;13.33385416119417;13.968396802543932;12.992407315348498;11.014020470314934;13.04524773457825;14.675516044082778;14.403411532981035;13.0;12.879583249612784;13.056129634445549;13.362902693704669;14.108116027411883;14.028165078018167;13.85943772344045;13.489847960439295;14.82386477256863;13.67672843923796;13.21856323619027;13.03737535776324;12.244661144764198;13.773345291291273;15.23732201328832;15.44634024333499;14.387007583887224;13.81478271506211;11.828136484194108;13.359200485133632;14.026955633002878;14.92346677082721;13.410716333604269;13.483563888125094;14.61666370346146;13.589651146514786;13.919608238603251;12.976027040189834;12.364408281379832;14.048486873992337;13.346513733165636;11.828136484194108;13.189670152603751;12.897467341721892;13.259301915079512;13.210671343785622;13.736613330694578;13.884170519108435;12.184255495405347;13.362902693704669;13.23974768355692;14.687649060930733;11.977279923499916;13.888933465134397;12.43306376512207;14.500779650167877;14.027301292193725;14.500779650167877;11.57790083688697;12.43306376512207;13.567540218990333;13.635264656539514;12.723020931812032;13.2659080092311;14.875269396979055;13.350662988372257;13.832988879680688;15.15374992954808;14.021066720163276;12.888172449665932;13.908955477289462;13.475986690870654;13.294620748891628;14.266493756312183;13.45917543555203;13.968396802543932;12.800697714363126;13.180219982170192;13.549664358141603;13.742309436084;14.108442780154553;13.766425381991173;13.24242982755771;13.825256951514024;13.04524773457825;13.18503026318128;13.514714054138487;12.887220615468385;12.844117269587995;13.147681927770476;13.22881869049588;12.559616085812724;13.369188361147408;12.940313597145968;12.748821794614704;12.97172316117676;13.12395971059229;12.849209600569264;12.35837648032824;13.365092120346462;12.622051819456376;12.263269200372662;12.971543553950772;12.6965329140783;13.286124541533368;12.897656411251145;13.1722712290547;12.544240006441658;13.435800462194786;12.545688495560212;12.6373041221062;12.679480099505446;13.447212401572669;13.31415835985325;12.90651484484695;13.003166506665169;12.926110641785304;13.359063183678291;12.71488943423155;12.029632328044135;13.442425193331609;12.732167425663384;12.915692682615404;13.400612641082;13.336506559810257;13.269126679149418;13.437492010125352;12.742940950666588;12.719816603018126;12.234817431117325;13.13024878405069;12.911204709977175;13.033939140726387;13.24555270625568;13.457380879072534;13.579551652806565;12.565102078360312;13.536854282829797;13.207929445511668;12.99735592502038;13.345543854110025;13.285546712331335;13.355488751597942;13.52172311265785;12.71789058398728;12.392049039364183;12.992938336165814;13.46735081448758;13.19598729802851;12.466331422082767;13.43514933836693;13.631972774534868;12.846665681899738;12.797864137333749;13.147363943409283;13.024620264759832;13.301353290218836;13.162233958149615;12.958915156091347;13.33105688442662;12.883597907455398;12.7255792804196;12.81257844413538;12.785452468158542;13.133784409179908;11.862249900851513;12.835260918627489;12.763627351727628;12.592924155627635;12.491101496916537;13.630494661505578;13.100498088416886;12.786473845221302;12.962173031109709;13.260919533662904;13.40832974076739;12.651051691178928;12.107217075591382;13.37218489648635;13.415213598765286;13.338875632131565;13.238852526315656;13.101811569824005;12.999471572532684;12.41204051455165;13.382624026574916;13.623767203560284;13.28424574982967;13.545447181678094;13.126543160712323;12.764664292073348;13.255766257128808;12.092757140919852;12.791773380858745;12.889884170302828;12.731743290707842;14.001672077887289;14.321153001682084;12.973518004703717;12.868050853745158
2.807354922057604;2.0;2.321928094887362;1.584962500721156;0.0;1.0;0.0;2.807354922057604;1.584962500721156;0.0;0.0;1.0;0.0;0.0;0.0;3.0;0.0;0.0;0.0;0.0;1.0;1.0;0.0;0.0;1.0;1.0;0.0;1.0;1.584962500721156;1.0;0.0;0.0;0.0;0.0;0.0;2.321928094887362;1.584962500721156;1.584962500721156;1.0;0.0;1.0;1.0;1.584962500721156;0.0;1.0;0.0;1.0;1.584962500721156;0.0;1.584962500721156;1.0;1.0;0.0;0.0;1.0;0.0;1.0;1.0;1.0;1.0;1.0;0.0;1.584962500721156;1.0;0.0;0.0;2.321928094887362;1.0;1.0;2.0;0.0;1.0;0.0;1.0;0.0;0.0;1.0;2.584962500721156;1.584962500721156;1.584962500721156;0.0;2.0;1.0;2.0;0.0;0.0;1.3219280948873624;1.0;2.0;0.0;1.584962500721156;1.0;0.0;0.0;1.584962500721156;0.0;0.0;0.0;1.584962500721156;1.0;0.0;0.0;1.0;0.0;1.0;1.584962500721156;1.0;1.0;1.584962500721156;2.584962500721156;0.0;0.0;1.0;2.0;0.0;1.584962500721156;1.0;1.0;2.321928094887362;1.584962500721156;0.0;2.321928094887362;1.584962500721156;2.0;0.0;2.584962500721156;0.0;1.0;0.0;0.0;2.0;2.321928094887362;1.0;2.321928094887362;1.584962500721156;0.0;0.0;1.584962500721156;2.321928094887362;2.0;0.0;2.0;2.584962500721156;1.584962500721156;1.0;1.584962500721156;1.584962500721156;1.584962500721156;1.584962500721156;1.584962500721156;2.584962500721156;2.0;1.584962500721156;1.0;0.0;1.0;2.321928094887362;0.0;2.321928094887362;0.0;1.0;1.0;1.0;2.0;2.0;1.0;2.321928094887362;1.584962500721156;2.0;1.0;1.0;0.0;1.584962500721156;1.0;1.0;0.0;2.0;1.0;2.0;1.584962500721156;2.0;2.0;2.0;0.0;2.0;0.0;0.0;3.0;0.0;1.0;0.0;1.0;1.0;1.584962500721156;2.321928094887362;2.0;1.584962500721156;1.0;2.0;2.584962500721156;3.0;2.584962500721156;2.584962500721156;2.807354922057604;1.584962500721156;1.584962500721156;2.584962500721156;0.0;0.0;1.0;1.0;1.0;2.584962500721156;1.0;1.584962500721156;1.0;2.0;3.321928094887362;0.0;2.0;1.584962500721156;2.807354922057604;3.0;1.0;2.807354922057604;2.321928094887362
8.266786540694902;8.991521846075695;8.308339030139408;9.453270634010623;8.599912842187127;8.861086905995395;10.964340867792416;5.857980995127572;6.727920454563199;9.850186837645774;8.778077129535358;9.39660478118186;8.599912842187127;8.51175265376738;9.731319031025064;9.027905996569883;10.125413470483316;9.113742166049189;9.216745858195306;10.644757592516257;8.751544059089099;8.861086905995395;9.057991722759176;8.879583249612784;8.29920801838728;9.14210705730255;8.573647187493322;8.388017285345136;8.62935662007961;9.231221180711186;7.247927513443585;8.451211111832329;5.491853096329675;9.328674927327947;8.936637939002571;7.348728154231077;9.204571144249204;8.071462362556623;6.906890595608519;9.057991722759176;9.328674927327947;11.241387363998935;7.348728154231077;7.400879436282184;9.62935662007961;9.4797802640291;8.471675214392045;9.546894459887636;6.442943495848728;7.400879436282184;8.79766152585376;8.113742166049189;9.381542951184583;8.909893083770042;7.417852514885898;9.91737207947684;8.169925001442312;9.14210705730255;6.954196310386875;8.900866807980748;9.019590728357882;8.39231742277876;7.569855608330948;8.038918989292302;8.845490050944376;8.139551352398794;6.6293566200796095;7.417852514885898;7.179909090014935;7.577428828035749;7.348728154231077;9.002815015607053;8.879583249612784;8.997179480937621;6.614709844115208;9.057991722759176;8.011227255423254;7.86418614465428;7.339850002884624;9.231221180711186;7.434628227636725;8.321928094887362;8.499845887083206;8.321928094887362;6.714245517666122;7.434628227636725;9.67595703294175;9.59618975614441;9.103287808412022;8.577428828035748;8.016808287686555;7.888743248898259;8.848622940429339;9.34207466799914;9.7431513941125;8.90388184573618;9.214319120800766;9.055282435501187;9.90839262077375;9.403012023574997;9.89633240390994;7.247927513443585;7.294620748891627;9.111135670234708;9.319672120946995;7.169925001442312;8.751544059089099;9.50382573799575;8.204571144249204;8.038918989292302;9.328674927327947;9.731319031025064;8.558420713268664;7.491853096329675;7.539158811108031;6.189824558880018;7.651051691178928;6.754887502163468;7.643856189774724;6.768184324776926;6.20945336562895;7.665335917185176;6.285402218862249;8.044394119358454;6.94251450533924;7.800899899920305;7.977279923499917;6.303780748177103;6.087462841250339;8.005624549193879;7.658211482751795;7.507794640198696;7.60733031374961;7.022367813028454;8.20945336562895;5.977279923499917;8.51175265376738;7.011227255423254;7.954196310386875;9.038918989292302;8.721099188707186;6.754887502163468;6.569855608330948;6.832890014164741;7.0;7.807354922057604;8.603626344986193;7.6293566200796095;6.870364719583405;7.651051691178928;7.257387842692652;5.727920454563199;8.643856189774725;7.826548487290915;6.977279923499917;6.285402218862249;7.930737337562887;7.011227255423254;8.204571144249204;7.826548487290915;7.507794640198696;7.672425341971495;7.129283016944966;7.721099188707186;5.930737337562887;8.154818109052105;8.339850002884624;6.78135971352466;6.700439718141092;8.294620748891628;5.882643049361842;7.044394119358453;6.794415866350106;7.965784284662087;8.321928094887362;6.491853096329675;7.483815777264256;9.698704666770343;7.357552004618084;7.139551352398794;8.353146825498083;6.169925001442312;8.39231742277876;7.294620748891627;8.339850002884624;6.3750394313469245;6.022367813028454;7.03342300153745;7.876516946564999;8.29920801838728;6.727920454563199;6.266786540694901;8.016808287686555;7.409390936137702;7.22881869049588;6.906890595608519;7.276124405274237;7.467605550082998;7.118941072723508;6.149747119504682;7.189824558880018;7.826548487290915;6.426264754702098;6.108524456778169;7.483815777264256;7.189824558880018;7.734709620225838;8.39231742277876;7.592457037268081;6.727920454563199;6.930737337562887;6.894817763307944;7.714245517666122;7.011227255423254;8.326429487122303;7.507794640198696;7.539158811108031;7.3750394313469245;5.700439718141092;7.467605550082998;7.22881869049588;7.276124405274237;8.330916878114618;7.741466986401146;6.658211482751795;7.2384047393250786
9.744833837499543;10.5980525001616;9.375039431346924;9.888743248898258;9.776433032444732;10.084808387804362;9.707359132080883;9.108524456778168;10.328674927327947;10.27029532647204;9.778077129535358;8.344295907915816;9.935165049603697;11.486332252768664;9.717676423066395;10.91737207947684;11.199672344836364;9.366322214245816;9.810571634741146;9.810571634741146;9.85642552862553;10.084808387804362;9.098032082960527;9.89633240390994;10.33427328530719;10.367414751246828;9.533329732305834;10.506803437795648;10.319672120946995;10.004220466318197;9.344295907915816;10.108524456778168;7.159871336778389;9.353146825498085;10.535275376620802;10.4542992936199;9.357552004618084;9.326429487122304;10.22881869049588;9.098032082960527;10.25502856981873;11.169298695792843;10.08214904135387;11.211888294546004;9.672425341971495;11.804534402995223;9.623881490013458;8.968666793195208;8.951284714966972;10.72451385311995;10.602698865017963;11.541580659991167;10.894817763307945;10.611024797307351;10.080817527608328;10.693486957499324;10.92481250360578;10.367414751246828;9.905387005018133;9.599912842187129;10.462502272597265;10.542064542283445;9.560332834212442;9.543031820255235;10.154818109052105;10.684748620421626;9.829722735086058;10.080817527608328;10.368506461507693;10.348728154231075;11.28828934218097;10.654636028527968;9.89633240390994;9.92481250360578;10.369597346278676;9.098032082960527;10.696098170955864;10.858758099935422;10.17617314910749;10.111135670234708;9.73640193131829;10.405141463136344;10.417852514885896;10.405141463136344;9.381542951184583;9.73640193131829;9.664447284547972;10.355351096424812;8.991521846075695;9.807354922057604;10.084808387804362;10.557463701597824;9.78953364497036;10.434628227636724;10.152284842306582;9.76487159073609;10.29232163280204;10.096715154488535;10.721099188707186;9.820178962415188;9.914385132155443;9.344295907915816;10.057991722759176;10.040289721025715;10.203348002979762;10.388017285345136;9.85642552862553;9.73809225962049;9.30149619498255;10.74819284958946;9.353146825498085;9.717676423066395;9.715961990255144;9.377210530388552;9.99859042974533;8.179909090014934;9.546894459887636;8.535275376620802;8.640244936222345;8.228818690495881;8.531381460516313;9.221587121264806;7.554588851677638;9.893301530860564;8.118941072723507;10.545929769085468;9.590587049915037;7.794415866350106;7.734709620225838;9.434628227636724;10.148476582178278;9.837627933171404;8.581200581924957;9.368506461507693;10.246740598493144;8.523561956057012;10.15608307628868;10.221587121264806;9.885696373339394;10.457380879072534;9.89633240390994;7.870364719583405;8.434628227636725;9.550746785383245;9.54882190845875;9.61286849729104;10.578372691360803;8.554588851677638;8.96289600533726;9.12670447284319;9.862637357558794;8.906890595608518;10.139551352398794;9.905387005018133;9.96289600533726;8.778077129535358;10.230020435705637;8.271463027904375;8.693486957499324;9.283088353024002;9.975847968006784;9.569855608330949;8.199672344836364;9.707359132080883;9.016808287686557;9.679480099505446;10.227615943414223;9.25974326369078;8.159871336778389;9.489847960439295;9.060695931687556;8.64745842645492;7.826548487290915;9.388017285345136;9.45532722030456;8.219168520462162;9.098032082960527;10.461479447286155;9.774787059601174;8.113742166049189;9.99859042974533;7.672425341971495;10.296916206879288;9.172427508645482;9.888743248898258;9.388017285345136;8.144658242831882;10.094077685671904;10.040289721025715;10.473705749619416;8.727920454563199;7.857980995127572;9.12670447284319;9.134426320220928;10.124121311829189;10.469641817239516;9.489847960439295;10.162391328756906;9.179909090014934;8.169925001442312;8.471675214392045;9.965784284662089;8.233619676759702;10.243173983472952;8.731319031025064;10.328674927327947;9.204571144249204;9.677719641641009;8.800899899920305;8.918863237274595;8.751544059089099;9.044394119358454;10.30149619498255;9.89026427702111;10.14210705730255;8.618385502258606;10.296916206879288;9.980139577639155;8.820178962415188;8.784634845557521;8.539158811108031;9.560332834212442;9.870364719583405;10.287712379549449;9.194756854422248;9.61286849729104
11.092757140919852;11.308339030139408;9.722807531169549;10.489847960439295;11.015415052386688;11.016111838220512;10.858758099935422;10.559377090526684;10.411510988012072;10.66622400280318;12.888362741170644;10.356451970221755;11.54978466794786;9.92481250360578;10.677719641641009;10.157346935362844;11.527965641133957;10.778077129535358;12.020285500844649;11.044394119358454;11.359200485133632;11.016111838220512;10.007027266893967;11.34318571544788;10.44604940671655;11.91214085629572;11.466076461396252;11.237807473723135;10.967946705812707;9.879583249612784;9.23840473932508;9.851749041416058;6.794415866350106;11.36468185586456;11.105253779700885;11.183015000882756;10.862637357558794;11.080151309614088;10.682994583681683;10.007027266893967;10.164906926675688;11.283088353024002;11.38316426063511;11.29117069932186;11.293471648838134;12.809768128710411;10.496853777388042;11.418379719364957;8.409390936137703;11.619761463298424;10.203348002979762;10.30149619498255;10.309476353841106;11.928888439397635;8.845490050944376;10.977279923499916;9.483815777264256;11.91214085629572;10.524541715035848;9.688250309133178;11.260919533662904;10.932952892194717;9.926295994781112;11.214926187942435;11.212496385193948;11.696098170955864;10.230020435705637;8.845490050944376;10.67595703294175;11.020979938904212;11.41204051455165;11.924070185585345;11.34318571544788;10.286557761607956;10.536247215688128;10.007027266893967;9.909893083770042;10.54882190845875;9.782998208920414;9.810571634741146;11.915505962231933;10.706496018061188;10.216745858195306;10.706496018061188;8.804131021183318;11.915505962231933;9.65284497300198;10.258566033889933;10.161131882984307;11.463013413449692;10.814582465906277;10.37937836707126;11.36194377373524;11.333155350310616;11.31797782240712;10.660887270302569;12.576248129843252;11.074810461160451;10.42940674151398;10.13699111208023;11.888743248898258;9.23840473932508;10.606405212697783;9.65642486327778;11.357002092264985;10.51668494930961;11.359200485133632;11.394462694610317;10.24555270625568;10.4757334309664;11.36468185586456;10.677719641641009;11.24555270625568;11.520127550324853;11.77313920671969;10.782998208920414;11.590587049915037;11.625708843064466;12.155134454857755;11.273212809854334;11.572226512793694;12.44190670454224;10.685624839726357;11.278449458220482;10.462502272597265;11.199672344836364;11.79644525906185;9.871905237659186;11.31797782240712;11.352043425795433;11.627533884472792;11.841171189248543;12.189515729800194;11.131856960608792;12.756347825516588;11.505811553919594;11.913637428049103;12.134747168669016;11.726218159332198;12.044735626056909;12.804937672051908;11.029287226968243;10.688250309133178;11.782588759494963;11.625708843064466;10.902375114486023;11.70173963867435;11.579315937580017;11.771902080697716;11.715533063526584;12.014717929860009;10.585901449690772;12.157031074378354;13.199672344836364;11.88264304936184;10.564149489985732;11.82137539237254;11.521600439723729;10.59618975614441;12.067098185748383;11.603162679534382;11.30890780406394;11.476746203939468;12.002111776479852;11.781769511863132;12.545447181678094;12.735556023911537;11.203348002979762;10.49585502688717;12.072802534544207;11.072802534544207;11.171176797651771;11.096715154488535;11.737669863177452;11.929998062609029;11.203348002979762;11.119589620741122;12.068442416025826;11.531868775177552;11.513234113806051;11.962534563511271;11.007728114632254;12.32333628928017;11.094737505048093;12.01262453886506;11.27029532647204;10.177419537989236;11.888362741170644;11.776021715252812;12.326148561205557;11.955649907528374;10.674192268145683;11.121533517340032;11.179287104646004;12.39419471001943;11.725366257895642;11.382624026574916;11.486332252768664;11.63026712502677;10.025139562278508;11.227014193649133;11.501339618061396;11.525031345124;10.46352437327118;11.89822347121556;11.724087461793989;12.201511344500146;11.639340708652233;11.10459875356437;11.152284842306582;11.829722735086058;11.366868586167094;12.262682142362165;12.097373768990222;12.268249571994492;10.861086905995396;12.055282435501187;11.858758099935422;10.28424574982967;11.560332834212442;11.314583244274194;11.334831928118;11.729620743553038;11.418379719364957;11.936637939002573;11.42574042431621
14.071797522284209;13.553749273544769;14.526560368987251;13.79380649145577;13.068946179648783;13.980318117957545;11.447083226209651;12.728770849542665;13.554468941854116;13.349004718027745;13.245404150930328;12.282798858683533;13.371776644337924;13.762382038710392;13.530528263576292;13.533329732305834;12.958733947142935;12.416533660199583;12.64092273517345;13.140989493445831;13.237508748172656;13.980318117957545;13.09490241275141;12.89121410590583;13.1641212734183;13.102139753410698;12.261213451366048;13.939762845071751;14.565102078360312;14.047038684227964;13.19383333254655;12.60293079091524;12.532599438672984;12.128316602903544;12.939762845071751;14.026091122525854;13.323617763291578;12.976027040189834;12.744833837499543;13.09490241275141;13.651948610723446;12.600377553107844;13.139231570719351;13.466586337719244;12.976385117888592;12.83703654351734;12.181462881270017;12.78074479767779;12.047123912114026;13.180530807344482;13.754574383325368;13.626735712922205;13.401546208508726;12.893111889711308;11.169925001442312;12.805945351802931;12.938660709769191;13.102139753410698;13.507175218506603;13.530893981193922;13.920911065923454;13.982013149892127;12.069114061773938;13.365502268193117;12.52135506255826;13.591522346570734;13.241089378860856;11.169925001442312;13.700222950799256;14.013235425078475;13.169768450518076;11.893680738390907;12.89121410590583;13.2940463132715;12.197523878257789;13.09490241275141;12.827342704234116;14.391713489870664;11.605942439625368;13.120399895988982;12.391780606013166;13.272483991934877;13.621479571207674;13.272483991934877;11.630722162103838;12.391780606013166;13.91214085629572;12.7710767402628;12.943064208162005;13.60466904773128;13.217351905270334;13.128638812852598;13.733968609439014;13.037203741151972;14.114067647165264;12.643405277115674;14.488844346457336;13.164749830248148;11.432019846812493;13.534546067459992;13.940955875611516;13.19383333254655;13.51360424123979;13.494230581214564;13.132017679713384;14.2110517511816;13.237508748172656;13.335809032822391;12.988329649231089;13.921655010785052;12.128316602903544;13.530528263576292;12.4186432493759;13.85047987973505;12.796648041413844;12.940680648424092;13.967586527296072;13.188125180255538;14.051123954019456;13.233170262382703;13.124606006959192;13.23212108408222;13.660998653822476;13.84960057483748;12.39419471001943;14.075061255605394;12.42259043389256;13.30435132166324;12.928148216169037;13.268249571994492;13.71831881047926;13.701956178268135;13.507051302247916;13.456611099574918;12.996296936687374;12.828929827651486;13.578018814974364;13.4806639976193;13.32558654521057;14.0515488384404;12.50457073932441;13.22022715726067;13.733545003757078;13.556506054671928;13.4231159101471;12.611024797307351;13.93737382019215;13.214622686302336;13.483941705343671;13.39110930404168;13.542548262335211;13.51422090935813;13.860408059124657;13.302781701267095;13.632086412835182;13.106890045092218;13.047123912114026;13.152284842306582;12.76632184795396;14.011489349172887;13.809366207816078;13.716176405807428;13.157662727208448;13.715211284771843;13.867375276565458;12.924998023446696;13.885601054714876;13.581200581924955;14.276560638218411;12.317695245765163;12.391243589427445;12.56724310527944;13.548219857354203;12.838416075797335;13.24198314969433;11.943247395901553;13.48708634027127;13.845392038441137;13.192909219112012;13.14194745831562;14.074392373511284;13.132660377147287;13.814582465906277;13.430844535105216;12.57530287507339;13.001760028327215;12.947454306767218;13.088125692188209;13.50519128001998;13.372457000417915;12.985486199104637;12.466841208321602;12.924441392339196;13.04882741336389;13.673529924401144;13.112928141855113;13.66478058593351;14.035486451292154;13.07865119332527;13.446824840780309;14.062299160732609;14.33336502911934;12.654636028527968;13.445144206553636;13.746094383705463;14.06373212019692;14.19136771341894;12.307485448589476;12.81257844413538;13.309618456283072;13.198598511485049;13.414024509878152;14.337900602860929;13.7279204545632;13.512493573945038;13.08530646999156;13.62296694479051;14.295266715687722;12.53503231452927;13.125252013928852;13.52061868055628;14.28828934218097;13.48708634027127;14.46735081448758;13.659661483688078;13.054773877229938
8.08214904135387;7.149747119504682;9.129283016944967;6.285402218862249;7.257387842692652;8.103287808412022;3.4594316186372973;5.930737337562887;10.954196310386877;3.0;10.985130373466898;4.523561956057013;6.321928094887363;7.475733430966398;6.285402218862249;4.857980995127572;4.321928094887363;5.882643049361842;4.857980995127572;3.169925001442312;10.253847484987404;8.103287808412022;5.832890014164741;6.870364719583405;6.554588851677638;6.459431618637297;12.761966695382092;7.614709844115208;6.20945336562895;8.689997971419446;4.754887502163468;3.0;5.285402218862249;4.321928094887363;5.727920454563199;4.321928094887363;9.618385502258606;8.994353436858859;4.169925001442312;5.832890014164741;4.392317422778761;2.584962500721156;7.159871336778389;12.026177596889225;6.442943495848728;12.920538949583786;2.321928094887362;5.392317422778761;5.523561956057013;12.62662165235837;2.807354922057604;3.906890595608519;6.3750394313469245;3.321928094887362;3.321928094887362;6.357552004618084;6.108524456778169;6.459431618637297;2.321928094887362;6.599912842187128;8.980139577639157;7.977279923499917;4.906890595608519;5.491853096329675;5.977279923499917;5.426264754702098;6.807354922057604;3.321928094887362;5.672425341971495;9.948367231584678;11.3009244909763;9.86727873970966;6.870364719583405;6.087462841250339;3.4594316186372973;5.832890014164741;4.392317422778761;5.426264754702098;4.392317422778761;3.584962500721156;7.741466986401146;8.599912842187127;6.22881869049588;8.599912842187127;4.700439718141092;7.741466986401146;8.204571144249204;6.108524456778169;7.94251450533924;8.971543553950772;6.475733430966398;6.94251450533924;7.247927513443585;5.523561956057013;7.417852514885898;4.0;8.710806433699352;8.689997971419446;7.515699838284043;7.721099188707186;5.930737337562887;4.754887502163468;10.767356854125683;3.4594316186372973;3.0;7.658211482751795;10.253847484987404;6.894817763307944;3.4594316186372973;5.129283016944966;4.321928094887363;6.285402218862249;12.60478485708642;8.92481250360578;9.726218159332198;5.247927513443585;8.81698362325538;8.417852514885897;8.527477006060396;5.0;5.882643049361842;10.03342300153745;7.483815777264256;8.643856189774725;7.851749041416057;7.845490050944375;7.087462841250339;6.599912842187128;7.78135971352466;8.651051691178928;9.068778277985412;8.471675214392045;8.124121311829187;10.492854620174748;9.67595703294175;7.139551352398794;9.674192268145683;10.439830883981392;9.216745858195306;10.583082767502932;5.700439718141092;5.087462841250339;5.247927513443585;8.900866807980748;10.923327485419192;9.493855449240822;8.59245703726808;7.721099188707186;6.554588851677638;9.108524456778168;8.519636252843213;5.087462841250339;10.019590728357882;8.479780264029099;9.826548487290914;7.539158811108031;8.483815777264256;8.507794640198696;4.169925001442312;9.94104760634058;9.467605550082997;10.43567026093655;8.29920801838728;7.531381460516312;9.390168956200185;8.577428828035748;8.588714635582264;7.426264754702098;7.851749041416057;8.426264754702098;6.794415866350106;7.60733031374961;6.459431618637297;6.569855608330948;5.247927513443585;4.087462841250339;6.20945336562895;10.068778277985412;8.73809225962049;7.129283016944966;11.165535141377925;5.247927513443585;8.022367813028454;7.087462841250339;9.129283016944967;6.507794640198696;4.857980995127572;6.965784284662087;8.930737337562887;9.162391328756906;6.870364719583405;3.321928094887362;7.651051691178928;9.068778277985412;11.000704269011246;8.848622940429339;6.303780748177103;10.166163082646111;8.569855608330947;4.643856189774724;9.129283016944967;8.055282435501189;7.03342300153745;7.169925001442312;8.184875342908283;9.65284497300198;9.108524456778168;6.357552004618084;7.2384047393250786;6.658211482751795;9.59245703726808;6.794415866350106;8.087462841250339;9.729620743553038;7.266786540694901;4.807354922057604;9.51175265376738;9.174925682500678;5.321928094887363;7.499845887083206;7.845490050944375;9.63117705570398;6.22881869049588;9.505811553919594;10.152284842306582;7.076815597050831
9.717676423066395;11.231221180711186;11.114393054867309;8.447083226209653;9.620219825507489;9.537218400538595;8.46352437327118;4.807354922057604;7.266786540694901;9.679480099505446;10.002815015607052;11.108524456778168;10.916625922211235;10.360847084179664;10.295768934420508;10.27262978497637;11.809366207816078;10.25502856981873;11.543031820255235;12.62067804213541;8.980139577639157;9.537218400538595;9.862637357558794;8.087462841250339;10.34207466799914;6.6293566200796095;5.392317422778761;10.29232163280204;9.98299357469431;9.677719641641009;7.139551352398794;7.266786540694901;5.0;8.873444112515376;10.246740598493144;11.690434556395054;9.945443836377912;9.691743519171276;8.055282435501189;9.862637357558794;8.661778097771988;12.003869231979056;10.034798962577268;7.754887502163468;11.147204924942228;9.689997971419446;10.281930026955443;9.733015321685963;9.663558104217271;5.459431618637297;9.968666793195208;10.967226258835993;11.350386742312844;10.298062567719017;10.839203788096944;9.131856960608792;12.1357092861044;6.6293566200796095;8.689997971419446;11.055960234452296;8.643856189774725;11.31174831500496;8.108524456778168;8.108524456778168;10.762382038710392;7.577428828035749;6.599912842187128;10.839203788096944;7.826548487290915;6.554588851677638;6.584962500721156;7.813781191217037;8.087462841250339;10.57459352733761;9.036173612553483;9.862637357558794;11.428883552010191;9.693486957499324;10.125413470483316;10.891024190149498;9.83605035505807;11.330356716957944;11.533816389433364;11.330356716957944;8.491853096329674;9.83605035505807;7.933690654952234;9.417852514885896;9.308339030139408;8.714245517666123;10.564149489985732;9.52552080909507;12.849405100947758;11.531868775177552;11.980853606379736;11.669770888525518;10.584022940257542;9.550746785383245;11.513234113806051;9.3151495622563;11.00842862207058;7.139551352398794;6.475733430966398;11.786269627648466;7.832890014164741;6.149747119504682;8.980139577639157;8.51175265376738;9.539158811108033;7.159871336778389;8.873444112515376;10.295768934420508;9.002815015607053;7.562242424221073;8.974414589805527;0.0;8.426264754702098;8.784634845557521;9.35974956032233;5.044394119358453;8.566054038171092;9.139551352398794;1.584962500721156;8.348728154231077;3.321928094887362;6.930737337562887;8.405141463136344;3.4594316186372973;9.729620743553038;8.20945336562895;9.247927513443583;7.870364719583405;9.216745858195306;9.221587121264806;9.377210530388552;7.826548487290915;7.930737337562887;8.768184324776927;9.573647187493322;8.344295907915816;9.537218400538595;5.285402218862249;0.0;9.457380879072534;6.672425341971495;6.189824558880018;8.405141463136344;8.778077129535358;9.194756854422248;9.842350343413807;9.236014191900084;5.523561956057013;8.588714635582264;9.264442600226602;7.665335917185176;8.459431618637296;10.531381460516313;7.906890595608519;4.857980995127572;9.233619676759702;7.845490050944375;9.805743872151618;8.81698362325538;8.588714635582264;9.768184324776929;8.276124405274238;8.7714894695006;9.49585502688717;9.092757140919852;10.375039431346924;9.29920801838728;8.189824558880018;6.169925001442312;9.312882955284357;9.620219825507489;1.0;2.0;9.409390936137704;8.483815777264256;8.948367231584678;8.906890595608518;7.179909090014935;9.266786540694902;5.672425341971495;9.78463484555752;8.63662462054365;5.357552004618084;9.364134655008051;9.541096615349524;7.294620748891627;10.324180546618742;1.584962500721156;8.531381460516313;9.3151495622563;6.870364719583405;7.622051819456376;7.800899899920305;8.0;9.810571634741146;0.0;8.049848549450562;10.60733031374961;8.813781191217037;7.774787059601174;8.62935662007961;9.487840033823051;8.199672344836364;7.539158811108031;7.357552004618084;5.321928094887363;8.113742166049189;8.149747119504681;9.016808287686557;9.368506461507693;7.870364719583405;1.0;7.857980995127572;9.240791332161956;0.0;8.103287808412022;7.693486957499325;6.845490050944375;0.0;9.098032082960527;10.17367713630342;7.693486957499325
2.807354922057604;4.584962500721156;2.0;3.4594316186372973;4.0;3.700439718141092;3.700439718141092;2.584962500721156;11.285980105928212;3.807354922057604;9.25502856981873;2.321928094887362;5.0;5.357552004618084;3.807354922057604;5.357552004618084;4.087462841250339;2.807354922057604;4.392317422778761;5.357552004618084;7.826548487290915;3.700439718141092;3.4594316186372973;7.159871336778389;5.20945336562895;5.087462841250339;7.357552004618084;2.321928094887362;3.700439718141092;2.807354922057604;1.584962500721156;3.0;0.0;1.584962500721156;2.807354922057604;1.0;4.321928094887363;3.700439718141092;3.169925001442312;3.4594316186372973;3.169925001442312;3.321928094887362;6.906890595608519;10.98655314975666;3.807354922057604;10.476746203939468;1.584962500721156;5.614709844115208;3.807354922057604;9.7714894695006;2.807354922057604;3.169925001442312;4.0;2.584962500721156;6.169925001442312;4.807354922057604;3.321928094887362;5.087462841250339;0.0;4.169925001442312;7.727920454563199;3.807354922057604;3.584962500721156;3.700439718141092;2.0;8.980139577639157;1.584962500721156;6.169925001442312;1.0;5.321928094887363;7.820178962415188;9.036173612553483;7.159871336778389;2.807354922057604;5.426264754702098;3.4594316186372973;4.247927513443585;0.0;6.149747119504682;4.0;3.0;7.20945336562895;2.807354922057604;7.20945336562895;3.0;3.0;1.807354922057604;2.807354922057604;3.807354922057604;5.044394119358453;4.0;2.807354922057604;2.584962500721156;3.321928094887362;3.584962500721156;2.0;4.321928094887363;3.584962500721156;7.700439718141092;1.0;4.754887502163468;1.584962500721156;7.577428828035749;1.0;4.459431618637297;2.807354922057604;7.826548487290915;4.0;2.0;2.321928094887362;1.584962500721156;3.807354922057604;9.665335917185176;5.169925001442312;6.022367813028454;6.339850002884624;6.491853096329675;5.392317422778761;5.285402218862249;6.894817763307944;4.906890595608519;4.459431618637297;6.714245517666122;5.20945336562895;7.276124405274237;7.276124405274237;5.954196310386875;7.247927513443585;3.700439718141092;5.491853096329675;5.672425341971495;5.321928094887363;6.3750394313469245;4.807354922057604;5.459431618637297;6.321928094887363;4.169925001442312;5.700439718141092;6.554588851677638;4.700439718141092;6.108524456778169;6.426264754702098;6.3750394313469245;5.727920454563199;5.0;5.20945336562895;6.0;5.554588851677638;5.087462841250339;4.169925001442312;5.459431618637297;5.906890595608519;5.392317422778761;5.247927513443585;5.044394119358453;3.584962500721156;6.169925001442312;5.700439718141092;6.7414669864011465;5.247927513443585;4.906890595608519;3.0;5.044394119358453;6.285402218862249;2.0;5.087462841250339;4.700439718141092;6.066089190457772;4.459431618637297;5.78135971352466;4.392317422778761;4.0;6.108524456778169;6.066089190457772;5.954196310386875;7.392317422778761;6.882643049361842;5.459431618637297;4.169925001442312;5.087462841250339;3.906890595608519;5.554588851677638;5.882643049361842;6.266786540694901;5.754887502163468;5.523561956057013;5.832890014164741;5.247927513443585;5.554588851677638;6.044394119358453;5.285402218862249;6.857980995127572;4.523561956057013;4.523561956057013;5.169925001442312;4.954196310386875;6.357552004618084;5.285402218862249;3.584962500721156;5.20945336562895;5.087462841250339;4.857980995127572;5.491853096329675;3.169925001442312;5.554588851677638;4.584962500721156;6.857980995127572;5.954196310386875;5.459431618637297;6.247927513443585;4.247927513443585;4.700439718141092;5.954196310386875;3.700439718141092;6.0;6.820178962415188;4.754887502163468;5.700439718141092;8.370687406807217;4.700439718141092;6.149747119504682;5.087462841250339;7.098032082960526;4.857980995127572;3.807354922057604;5.700439718141092
3.584962500721156;4.169925001442312;4.0;1.584962500721156;3.807354922057604;6.820178962415188;1.584962500721156;0.0;1.0;3.0;1.0;3.169925001442312;3.169925001442312;6.266786540694901;5.930737337562887;4.087462841250339;7.321928094887363;4.807354922057604;3.700439718141092;4.087462841250339;4.807354922057604;6.820178962415188;7.531381460516312;2.807354922057604;2.584962500721156;0.0;0.0;3.906890595608519;3.321928094887362;2.0;3.0;1.0;1.0;0.0;0.0;0.0;5.357552004618084;4.247927513443585;4.584962500721156;7.531381460516312;4.0;5.554588851677638;3.0;2.584962500721156;4.754887502163468;3.906890595608519;1.0;3.906890595608519;2.0;3.584962500721156;0.0;4.169925001442312;3.584962500721156;0.0;0.0;4.0;5.20945336562895;0.0;1.584962500721156;2.584962500721156;5.321928094887363;3.321928094887362;2.584962500721156;2.584962500721156;2.807354922057604;2.0;2.0;0.0;1.0;1.584962500721156;1.584962500721156;2.584962500721156;2.807354922057604;5.0;0.0;7.531381460516312;4.584962500721156;2.807354922057604;2.584962500721156;6.426264754702098;3.0;6.247927513443585;3.700439718141092;6.247927513443585;0.0;3.0;3.2479275134435857;4.247927513443585;6.044394119358453;3.169925001442312;3.169925001442312;1.584962500721156;3.4594316186372973;3.807354922057604;6.3750394313469245;5.426264754702098;4.954196310386875;2.584962500721156;3.584962500721156;4.0;2.584962500721156;3.0;3.321928094887362;5.459431618637297;0.0;3.0;4.807354922057604;3.584962500721156;4.321928094887363;1.0;0.0;5.930737337562887;0.0;3.584962500721156;1.0;6.22881869049588;5.523561956057013;3.321928094887362;5.832890014164741;4.643856189774724;4.087462841250339;3.700439718141092;6.754887502163468;7.948367231584678;6.977279923499917;7.139551352398794;5.247927513443585;6.0;3.169925001442312;3.700439718141092;3.4594316186372973;2.584962500721156;6.6865005271832185;0.0;3.906890595608519;3.169925001442312;2.321928094887362;2.807354922057604;4.247927513443585;3.807354922057604;7.918863237274595;7.276124405274237;6.303780748177103;5.491853096329675;2.807354922057604;2.0;4.584962500721156;4.321928094887363;2.584962500721156;2.807354922057604;2.584962500721156;4.0;3.4594316186372973;0.0;2.321928094887362;5.459431618637297;2.321928094887362;6.392317422778761;7.569855608330948;5.087462841250339;5.754887502163468;4.523561956057013;6.523561956057013;6.754887502163468;3.584962500721156;4.0;2.807354922057604;2.321928094887362;5.700439718141092;4.0;2.321928094887362;5.643856189774724;7.554588851677638;5.930737337562887;3.321928094887362;6.409390936137702;6.643856189774724;2.321928094887362;1.584962500721156;2.321928094887362;5.044394119358453;6.714245517666122;4.906890595608519;7.366322214245816;1.0;4.807354922057604;6.870364719583405;4.392317422778761;3.4594316186372973;1.584962500721156;6.285402218862249;5.169925001442312;6.247927513443585;3.169925001442312;1.584962500721156;1.584962500721156;6.954196310386875;2.807354922057604;3.169925001442312;7.330916878114617;6.20945336562895;5.285402218862249;6.022367813028454;3.0;4.0;3.169925001442312;5.426264754702098;6.918863237274595;5.832890014164741;7.108524456778169;3.807354922057604;6.491853096329675;3.0;4.857980995127572;7.483815777264256;7.531381460516312;2.584962500721156;1.584962500721156;6.169925001442312;6.066089190457772;1.584962500721156;2.584962500721156;10.10459875356437;3.807354922057604;3.700439718141092;5.672425341971495
2.584962500721156;3.321928094887362;2.584962500721156;3.0;1.0;1.0;2.0;0.0;0.0;1.584962500721156;1.0;0.0;2.0;1.584962500721156;2.807354922057604;2.321928094887362;0.0;1.584962500721156;4.954196310386875;3.0;1.584962500721156;1.0;1.584962500721156;3.0;2.0;4.247927513443585;4.087462841250339;3.169925001442312;1.584962500721156;1.0;0.0;1.584962500721156;1.0;2.321928094887362;5.285402218862249;2.584962500721156;2.0;3.584962500721156;1.584962500721156;1.584962500721156;2.321928094887362;2.584962500721156;2.321928094887362;3.0;1.0;3.807354922057604;2.584962500721156;1.0;1.584962500721156;2.807354922057604;2.584962500721156;3.169925001442312;1.584962500721156;3.807354922057604;2.584962500721156;1.584962500721156;1.584962500721156;4.247927513443585;3.906890595608519;1.0;3.169925001442312;3.169925001442312;1.0;2.584962500721156;5.129283016944966;4.700439718141092;2.0;2.584962500721156;1.584962500721156;1.0;3.0;0.0;3.0;2.0;0.0;1.584962500721156;3.700439718141092;1.0;2.0;1.584962500721156;3.4594316186372973;2.807354922057604;1.584962500721156;2.807354922057604;3.321928094887362;3.4594316186372973;1.0;1.0;4.857980995127572;4.247927513443585;0.0;1.0;2.584962500721156;3.0;3.4594316186372973;3.584962500721156;5.044394119358453;2.807354922057604;0.0;1.584962500721156;2.0;0.0;0.0;3.0;0.0;2.321928094887362;1.584962500721156;3.321928094887362;2.807354922057604;3.584962500721156;2.321928094887362;2.807354922057604;2.0;3.906890595608519;1.0;2.0;2.321928094887362;2.321928094887362;2.807354922057604;2.807354922057604;1.584962500721156;1.584962500721156;1.0;2.807354922057604;2.321928094887362;3.169925001442312;2.0;0.0;2.807354922057604;1.0;3.807354922057604;0.0;1.0;0.0;3.0;1.0;0.0;1.0;1.0;3.4594316186372973;4.754887502163468;3.0;2.0;2.0;2.584962500721156;1.0;3.4594316186372973;1.0;3.169925001442312;3.584962500721156;2.0;4.169925001442312;3.0;3.0;2.0;3.0;1.0;2.0;0.0;3.906890595608519;4.247927513443585;2.0;1.584962500721156;5.554588851677638;0.0;3.169925001442312;3.584962500721156;2.0;2.0;3.700439718141092;2.584962500721156;2.807354922057604;2.321928094887362;1.584962500721156;3.0;4.754887502163468;2.584962500721156;4.321928094887363;2.0;2.0;1.0;3.321928094887362;2.584962500721156;3.4594316186372973;3.0;2.584962500721156;2.0;2.807354922057604;1.584962500721156;2.321928094887362;0.0;2.584962500721156;2.807354922057604;2.321928094887362;1.584962500721156;0.0;4.754887502163468;1.584962500721156;2.0;2.584962500721156;2.0;0.0;2.0;1.584962500721156;1.584962500721156;1.584962500721156;3.0;0.0;2.0;3.321928094887362;2.807354922057604;2.321928094887362;3.321928094887362;2.584962500721156;2.0;3.169925001442312;2.584962500721156;3.169925001442312;2.0;2.584962500721156;3.0;0.0;5.321928094887363;2.321928094887362;1.584962500721156;1.0
8.915879378835774;8.933690654952233;9.668884984266247;10.018200178813226;8.879583249612784;8.994353436858859;6.044394119358453;7.294620748891627;9.236014191900084;6.78135971352466;8.0;8.087462841250339;7.845490050944375;7.960001932068081;8.426264754702098;7.179909090014935;8.550746785383243;8.988684686772165;9.560332834212442;7.294620748891627;8.422064766172813;8.994353436858859;7.86418614465428;7.870364719583405;9.22881869049588;9.99859042974533;8.45532722030456;9.252665432450248;8.854868383260236;8.396604781181859;9.43254190038826;7.475733430966398;4.247927513443585;9.85642552862553;8.7714894695006;7.754887502163468;9.668884984266247;9.00842862207058;8.851749041416058;7.86418614465428;8.03342300153745;8.426264754702098;8.08214904135387;7.845490050944375;8.842350343413807;9.831307243802051;8.45532722030456;9.4241662888181;6.507794640198696;7.139551352398794;11.01262453886506;7.651051691178928;8.515699838284043;9.350939181546432;6.0;8.219168520462162;7.159871336778389;9.99859042974533;9.027905996569883;7.977279923499917;8.651051691178928;10.50382573799575;7.0;8.51175265376738;7.994353436858858;7.22881869049588;9.20212382383046;6.0;7.707359132080882;8.519636252843213;10.14338321398982;8.693486957499324;7.870364719583405;7.813781191217037;5.857980995127572;7.86418614465428;7.491853096329675;6.894817763307944;7.807354922057604;6.930737337562887;10.39660478118186;8.076815597050832;8.686500527183219;8.076815597050832;6.523561956057013;10.39660478118186;8.709083812550343;7.546894459887636;8.038918989292302;9.41574176829009;8.426264754702098;7.888743248898259;9.1006623390052;8.038918989292302;10.250298417906333;7.339850002884624;10.594324603924848;8.879583249612784;7.562242424221073;8.294620748891628;8.63662462054365;9.43254190038826;8.294620748891628;7.330916878114617;9.240791332161956;7.409390936137702;8.422064766172813;9.413627929024171;7.700439718141092;6.475733430966398;9.85642552862553;8.426264754702098;7.366322214245816;9.499845887083206;8.721099188707186;8.826548487290914;9.939579214314692;9.108524456778168;9.659995892429976;9.20945336562895;9.25974326369078;9.501837184902296;8.618385502258606;8.271463027904375;9.39231742277876;8.96289600533726;9.459431618637296;8.531381460516313;9.449148645375436;9.134426320220928;9.489847960439295;9.44086916761087;10.586839787961829;8.700439718141093;10.260919533662904;10.03342300153745;9.473705749619416;9.157346935362844;9.857980995127573;10.140829770773;10.811374693509942;10.256208688527389;8.434628227636725;9.409390936137704;9.005624549193879;8.531381460516313;9.46352437327118;9.638435913990472;10.094077685671904;8.721099188707186;9.187352073200495;8.59245703726808;10.382624026574916;9.900866807980748;9.49585502688717;7.721099188707186;9.310612781659527;9.537218400538595;8.62935662007961;9.550746785383245;9.523561956057012;9.25974326369078;9.632995197142955;9.968666793195208;9.348728154231075;9.65284497300198;9.992938336165814;9.471675214392045;8.483815777264256;9.303780748177102;8.78135971352466;8.562242424221072;9.169925001442312;9.197216693110052;9.69522829149575;9.324180546618742;8.7714894695006;10.740624044489412;9.014020470314934;9.546894459887636;9.611024797307351;9.269126679149418;10.01262453886506;9.197216693110052;9.339850002884624;9.550746785383245;8.761551232444479;9.493855449240822;9.552669097514272;9.092757140919852;9.116343961237469;9.614709844115207;9.280770770130603;9.00842862207058;9.481799431665753;9.162391328756906;9.717676423066395;9.981567281903017;9.661778097771988;8.643856189774725;8.714245517666123;10.053925881531104;8.672425341971495;8.339850002884624;10.178664851006472;8.700439718141093;10.011227255423254;9.036173612553483;8.622051819456376;9.0;9.047123912114026;9.813781191217036;10.29920801838728;9.43879185257826;9.854868383260236;8.611024797307353;9.661778097771988;9.696967526234287;8.144658242831882;9.584962500721156;9.13699111208023;8.994353436858859;9.897845456005513;10.34207466799914;9.131856960608792;9.86418614465428
13.106562940444883;12.448632567730552;12.424953571261042;11.87305954766147;11.349281228817452;12.786269627648466;10.358651200892886;11.91625269881221;12.34485068394299;11.156715144224702;10.719388820942084;11.975489756945754;13.227766341646404;12.661555442467758;12.549544038301589;12.948367231584678;11.17804232886482;11.733439082899434;11.539643506238036;11.647008638441648;13.536611486625777;12.786269627648466;11.414685235807214;11.86727873970966;11.63026712502677;11.886458695703706;12.061371192659813;12.396337194231098;12.522336320913306;12.65642486327778;12.149429590056744;11.546894459887636;10.557463701597824;11.28828934218097;12.144658242831882;12.538673953082668;12.70173963867435;12.007728114632254;10.477758266443889;11.414685235807214;12.214622686302336;11.409390936137704;13.001408194392807;12.480790201095816;12.693269142893206;12.767149912284852;10.950555897047511;11.406736482691723;11.765286098723683;12.72451385311995;13.138111776319704;12.717676423066395;12.385323176175872;11.247927513443583;11.214926187942435;11.712097051087548;12.688905930612714;11.886458695703706;11.984062369686436;12.439571196276454;13.099676554859643;12.571752643503546;11.548340287676147;12.33706433868474;11.094077685671904;12.567718457850754;12.083146870816742;11.214926187942435;12.559616085812724;12.765286098723683;12.864766511423444;12.065752701816972;11.86727873970966;12.19506456372082;11.859922972861758;11.414685235807214;11.937005926516589;12.7431513941125;11.2603315185576;11.661778097771988;11.546894459887636;12.258860431409756;12.744833837499543;12.258860431409756;10.895575282380683;11.546894459887636;12.83110927535702;11.23840473932508;11.876516946565;12.511258495502268;12.327833296750327;12.034111146096592;12.823964258486738;12.137951734715358;13.186423797538945;11.051208940914766;12.909705611215571;12.014020470314934;11.376668061857668;12.1705510353167;12.421538906848276;12.149429590056744;11.90312867681232;12.450180247164754;11.963618617443972;11.755722153642282;13.536611486625777;12.368779260041338;11.179287104646004;13.463013413449692;11.28828934218097;12.549544038301589;12.169925001442312;12.59898297103609;12.147522944350744;12.242578689451346;12.64745842645492;12.129605011152504;12.81818270494864;12.205793249397155;12.364134655008051;12.40992124124968;12.50332885662666;12.464800981655417;11.66222330531784;12.739991514684226;11.43827205612483;11.559855041513623;11.858758099935422;12.114067647165264;12.390168956200185;12.292896755409172;12.31938987600021;12.579080183834757;12.428098411832506;12.167731741103244;12.290882822429577;12.3395716783847;12.285402218862249;12.915879378835774;11.41204051455165;12.386670859637618;12.30862344513114;12.325305455089682;12.54399845013454;11.800899899920305;12.344295907915816;12.139231570719351;12.95655766257052;12.257093144491057;12.332596057789214;12.368779260041338;12.701306461958623;12.264442600226602;12.33119687715303;11.918863237274596;12.085140461701762;12.075479149488016;11.748612176736982;12.700656452918167;12.82137539237254;13.29920801838728;11.998942951443086;12.543515216152167;12.958915156091347;12.166163082646111;12.895007180368662;12.36112133473479;12.447083226209651;11.33371442609397;11.282509306240836;11.371776644337924;12.177108041703692;12.058330026205653;12.564625862795372;10.76155123244448;12.590353130978018;12.993822936745916;11.983349927676455;12.054265139625764;12.962353808635276;12.006326078524934;12.905198945962804;12.342630298678408;11.817383427897232;12.122504484313904;12.013671614058635;12.107544031975989;12.324180546618742;12.38505348834615;12.471167133724393;11.216139556425135;11.7431513941125;11.876133200043016;12.288000889707574;11.89026427702111;12.521600439723729;12.71037597120447;12.43149760425805;12.249706056969703;12.84901407369482;12.949279579076595;11.347067657165873;11.545929769085468;12.68057929578025;12.676397887044764;12.709083812550343;11.403544678202014;12.169611882604212;12.268542000300124;12.121209716409284;12.561287945164828;12.945626722229823;12.89954574499535;12.505811553919594;12.169611882604212;12.301210371298426;12.82456102997028;12.726643921483994;11.921097088106793;12.393122273589531;12.295768934420508;12.164592716712368;13.33552992757082;12.60177078840771;12.097373768990222
11.069449767427784;11.298062567719017;9.651051691178928;10.349834091457248;11.186733289128869;10.978710459106358;9.62935662007961;11.003517912108602;8.88264304936184;10.260919533662904;8.854868383260236;10.145932145820517;10.563196272216738;9.871905237659186;10.50084187955693;10.1357092861044;10.876516946565;10.823367240046236;12.04336911395769;10.029287226968243;10.669770888525518;10.978710459106358;10.66266837551754;9.955649907528374;10.188588845707349;11.545929769085468;9.276124405274238;11.264442600226602;10.791162888555018;9.980139577639155;10.665335917185176;10.204571144249204;8.682994583681683;10.1357092861044;10.151016538892248;10.894059846274022;10.624795455860236;11.152918576136624;10.302638923787551;10.66266837551754;9.86727873970966;10.99929538702341;10.29920801838728;10.286557761607956;10.61654884377899;11.554588851677638;8.79766152585376;10.86418614465428;9.717676423066395;9.513727595952435;9.759888183221834;10.41679752760606;10.95637615724967;10.91513244895065;8.734709620225837;10.752380646552892;10.004220466318197;11.545929769085468;9.167418145831736;9.294620748891628;10.78953364497036;11.194756854422248;10.096715154488535;10.584022940257542;10.606405212697783;8.94251450533924;10.152284842306582;8.734709620225837;9.357552004618084;10.83289001416474;10.492854620174748;9.49585502688717;9.955649907528374;10.389093521904474;9.121533517340032;10.66266837551754;10.092757140919852;10.764042217306589;9.068778277985412;8.558420713268664;11.011227255423254;10.30720080914081;10.002815015607052;10.30720080914081;6.906890595608519;11.011227255423254;9.591522346570734;9.594324603924848;11.703903573444665;11.372865060112588;10.505811553919594;10.014020470314934;11.196602126523173;10.458406613236534;11.280190792216906;11.072132604167232;12.800293258223418;10.782179193831208;8.820178962415188;11.038918989292302;10.43567026093655;10.665335917185176;9.992938336165814;9.39660478118186;8.134426320220927;10.953468962228849;10.669770888525518;10.857980995127573;11.279610581052484;8.344295907915816;10.1357092861044;10.50084187955693;9.221587121264806;12.214015491410844;10.75905593916017;12.34734453943155;11.6965329140783;11.348174867535556;12.03823313473178;12.46454575033394;12.30862344513114;12.302353326431202;12.739147709986453;11.388017285345136;11.244958393151132;11.942147920394849;11.414685235807214;11.632995197142955;12.189824558880018;11.059344460824423;11.480790201095816;11.096056239180946;12.62548055047108;11.350386742312844;11.780129619625306;12.54617100226735;10.543031820255235;11.693922488081014;11.840384550711669;11.2940463132715;12.502583213553354;12.971902746045467;12.858952310750938;12.411246151840444;11.785043714779723;10.015415052386688;11.409390936137704;12.050188767596437;12.45917543555203;11.31628153174622;11.192292814470768;12.517423341396473;11.909518114296617;11.641600215834355;10.88340698638837;10.935165049603697;10.651051691178928;12.32895536178133;12.322773176454564;11.923327485419192;12.716176405807428;11.092096414990792;12.13859179463752;13.294477161427873;11.473705749619416;11.980853606379736;11.809366207816078;12.002815015607052;11.397139806235604;11.047123912114026;11.808159772868375;11.697836357962377;12.719174882328078;11.861474675125772;12.285980105928212;11.7988767681333;12.948184692830605;11.683433292835405;10.460455896309636;11.419960177847887;12.002815015607052;12.179598130849836;12.65306897657993;12.4186432493759;11.098032082960527;11.693486957499324;11.808562029957525;11.645208082774683;11.003517912108602;11.237209960755022;11.4655664048094;11.795227966028678;11.667555107041132;11.148476582178278;11.330356716957944;10.339850002884624;13.070959476927566;11.256208688527389;11.136350341454156;11.58261245126702;12.436711542137214;11.836444911341369;11.246740598493144;10.051208940914766;12.375582512490508;11.26209484537018;13.098361127332096;12.14242620231898;12.002111776479852;12.112765281885316;11.7632123668144;12.830713256951874;13.610217437068332;10.714245517666123;11.750288267591651;13.051378899687522;11.498849206531723;11.561287945164828;10.45532722030456;11.963257356633047;12.37910756556115;10.936637939002573;12.845686055977064;11.698270577692032;11.52258153125483;12.159240650411672
13.142266638635702;12.035830072835015;13.673309075561695;13.120399895988982;10.85096815098244;12.695880750257556;9.339850002884624;11.832494484336111;18.120161924837248;11.382624026574916;11.810973220002165;10.330916878114618;12.207624468226758;13.119103237062562;12.178976011374523;12.471167133724393;11.29978040285854;11.159240650411672;11.541580659991167;12.116343961237469;13.51360424123979;12.695880750257556;11.945443836377912;10.970824901362615;10.756556322524087;11.93810932621924;12.510022358813766;12.469387440964349;13.29174628083394;13.161289373846412;12.023061249735337;11.68079903457298;9.7279204545632;10.208234358339787;12.37775279502222;12.021327032624372;11.459431618637296;11.002815015607052;12.91026795581084;11.945443836377912;12.163964091412272;11.904634621668151;9.586839787961829;13.808461476199623;13.11829223302699;12.86321834758244;10.26795708440284;12.0;12.08115052127187;13.239001757765582;11.963618617443972;12.526499239136566;13.521968427237743;12.086136225027309;10.89633240390994;12.604321563877273;12.430191170191696;11.93810932621924;12.052907628313289;12.170863950411928;13.573292149952245;11.1331422124006;10.700439718141093;11.699138625275914;10.899356922923111;12.0911047583765;11.386401423640775;10.89633240390994;12.233919208586975;12.26209484537018;12.90444646450572;11.91288933622996;10.970824901362615;12.114393054867309;11.282509306240836;11.945443836377912;11.98584193700334;13.676508079524549;8.839203788096944;11.892922223630592;10.722807531169549;12.41679752760606;10.900112062977456;12.41679752760606;11.36139553316589;10.722807531169549;11.85369942030022;11.934796592178404;12.016808287686557;12.00105627463478;12.456611099574918;11.273795599214264;12.612177385880992;9.623881490013458;12.701956178268135;11.724940118462358;13.154501693864765;11.934428040626804;12.25974326369078;12.591522346570734;11.998942951443086;12.023061249735337;12.470658874060552;12.577664851764846;11.793603309279408;13.003869231979056;13.51360424123979;12.00982861736811;11.323617763291578;12.773551346428505;10.208234358339787;12.178976011374523;12.99045856507371;11.988329649231089;11.16804526822409;11.405673332281866;11.860699032611988;11.627989784315703;12.271463027904376;11.394462694610317;11.349281228817452;11.573173784686484;11.501339618061396;12.077149515589731;10.61654884377899;12.109504215757006;10.913637428049103;11.153552031708111;11.409390936137704;11.507299124122763;11.977279923499916;11.886077584873094;12.114393054867309;11.787902559391432;11.660887270302569;11.340406490853294;11.405141463136344;11.707790495528824;12.25089053572334;12.129926933510394;10.689124404913258;11.107870914279614;11.752380646552892;12.273795599214264;11.216139556425135;11.174925682500678;12.735344469539005;11.64565843240871;10.995767150877802;11.869979332899964;11.60177078840771;11.848231701093818;12.256798386079389;11.3292357417338;11.825356341479337;11.127349541059118;11.62844554013718;11.358101707440849;11.419433550705378;12.009128789539256;12.287423811683524;12.115693952197011;11.4812949046311;12.07045641594465;11.842350343413807;11.02167404285837;11.798471801101618;12.093087390444218;13.253404328774154;10.854868383260236;11.152284842306582;11.591989767615123;11.909893083770042;11.360847084179664;11.595723694101627;10.373952655370193;11.667111542075029;12.383704292474052;10.927037168720297;11.268542000300124;11.974414589805528;11.735979039613404;11.99045856507371;11.687375683437468;11.269711121142782;11.619761463298424;11.03342300153745;11.546412195119352;11.616089313582115;11.783816759320182;11.912515144802397;10.023754353299417;11.488342277532524;11.567480801143043;11.642954223480332;11.293471648838134;11.884170519108435;12.23661220021575;11.23840473932508;11.734709620225836;12.61677855400014;13.085638429275328;11.852529509404196;12.275542556086725;11.80896417491926;12.221285017810471;12.019243216603607;10.989394499844732;11.353146825498085;11.3157156580222;11.269126679149418;11.66266837551754;12.403544678202014;11.522091068887065;11.997885127829113;11.41732511767992;11.519144787997414;12.281930026955443;10.20212382383046;11.29117069932186;11.281350514981035;12.56961830344664;12.678380065109115;13.148953164809123;11.90651484484695;11.256208688527389
