TCGA-BH-A1EY-01A;TCGA-AC-A2FK-01A;TCGA-AQ-A04J-01A;TCGA-AC-A8OP-01A;TCGA-E9-A22G-01A;TCGA-A8-A07U-01A;TCGA-BH-A0E2-01A;TCGA-A7-A6VV-01A;TCGA-BH-A0BZ-01A;TCGA-B6-A0IE-01A;TCGA-E2-A1LK-01A;TCGA-BH-A1FR-01A;TCGA-PL-A8LY-01A;TCGA-A7-A26I-01B;TCGA-OK-A5Q2-01A;TCGA-BH-A18K-01A;TCGA-AC-A2FE-01A;TCGA-BH-A0B6-01A;TCGA-AC-A8OR-01A;TCGA-MS-A51U-01A;TCGA-AR-A1AS-01A;TCGA-GI-A2C9-01A;TCGA-BH-A1EU-01A;TCGA-OL-A66N-01A;TCGA-EW-A6S9-01A;TCGA-A8-A083-01A;TCGA-GM-A2DB-01A;TCGA-AR-A1AT-01A;TCGA-AR-A255-01A;TCGA-E2-A15I-01A;TCGA-AO-A0J4-01A;TCGA-E9-A1RA-01A;TCGA-E9-A1ND-01A;TCGA-LL-A9Q3-01A;TCGA-A2-A0CU-01A;TCGA-AO-A12F-01A;TCGA-A2-A0YD-01A;TCGA-AC-A4ZE-01A;TCGA-AR-A256-01A;TCGA-AO-A0J3-01A;TCGA-AR-A24W-01A;TCGA-AR-A0TS-01A;TCGA-A8-A07U-01A;TCGA-BH-A0W7-01A;TCGA-BH-A0BJ-01A;TCGA-BH-A0BR-01A;TCGA-C8-A12M-01A;TCGA-A8-A08G-01A;TCGA-AN-A0XV-01A;TCGA-BH-A1EN-01A;TCGA-D8-A1X8-01A;TCGA-D8-A1J8-01A;TCGA-C8-A130-01A;TCGA-EW-A2FS-01A;TCGA-B6-A0IE-01A;TCGA-D8-A1X9-01A;TCGA-D8-A1XS-01A;TCGA-E9-A1RD-01A;TCGA-A7-A6VY-01A;TCGA-E9-A1ND-01A;TCGA-D8-A27G-01A;TCGA-D8-A1J8-01A;TCGA-BH-A1ET-01A;TCGA-BH-A0DG-01A;TCGA-C8-A8HQ-01A;TCGA-LL-A5YL-01A;TCGA-AC-A3QP-01A;TCGA-BH-A1EO-01A;TCGA-D8-A1XD-01A;TCGA-AO-A03M-01B;TCGA-A8-A09W-01A;TCGA-BH-A1F8-01A;TCGA-AO-A12A-01A;TCGA-A8-A091-01A;TCGA-C8-A1HF-01A;TCGA-D8-A1J8-01A;TCGA-E2-A14R-01A;TCGA-E2-A15P-01A;TCGA-A2-A0T4-01A;TCGA-AR-A255-01A;TCGA-A8-A08I-01A;TCGA-D8-A1Y1-01A;TCGA-A8-A09Z-01A;TCGA-AN-A0XR-01A;TCGA-E9-A247-01A;TCGA-LL-A5YO-01A;TCGA-A2-A3XT-01A;TCGA-A7-A4SC-01A;TCGA-AC-A62Y-01A;TCGA-BH-A0DD-01A;TCGA-E9-A1NC-01A;TCGA-BH-A0DO-01B;TCGA-AN-A0FX-01A;TCGA-E9-A22G-01A;TCGA-E9-A22B-01A;TCGA-C8-A3M7-01A;TCGA-A2-A0CP-01A;TCGA-AR-A2LO-01A;TCGA-AC-A2QJ-01A;TCGA-AR-A5QN-01A;TCGA-A2-A04W-01A;TCGA-E2-A14T-01A;TCGA-BH-A0HK-01A;TCGA-A8-A081-01A;TCGA-E9-A54X-01A;TCGA-A8-A097-01A;TCGA-AN-A0FF-01A;TCGA-A2-A25F-01A;TCGA-B6-A401-01A;TCGA-3C-AALJ-01A;TCGA-AR-A24Z-01A;TCGA-E2-A14V-01A;TCGA-BH-A1EW-01A;TCGA-BH-A203-11A;TCGA-BH-A0E0-11A;TCGA-BH-A0B5-11A;TCGA-BH-A18R-11A;TCGA-BH-A18U-11A;TCGA-BH-A1FM-11B;TCGA-BH-A0B8-11A;TCGA-BH-A18J-11A;TCGA-E2-A1L7-11A;TCGA-E2-A1LS-11A;TCGA-AC-A23H-11A;TCGA-E2-A158-11A;TCGA-E9-A1RB-11A;TCGA-BH-A18V-11A;TCGA-E2-A15I-11A;TCGA-BH-A18S-11A;TCGA-BH-A0BA-11A;TCGA-BH-A0B3-11B;TCGA-BH-A0DO-11A;TCGA-GI-A2C9-11A;TCGA-BH-A0BQ-11A;TCGA-A7-A0CE-11A;TCGA-E2-A1IG-11A;TCGA-BH-A0C3-11A;TCGA-BH-A0H5-11A;TCGA-BH-A0BW-11A;TCGA-BH-A0DQ-11A;TCGA-E2-A15K-11A;TCGA-BH-A0DD-11A;TCGA-A7-A13G-11A;TCGA-BH-A1F0-11B;TCGA-BH-A18K-11A;TCGA-E9-A1N5-11A;TCGA-BH-A1FN-11A;TCGA-BH-A18M-11A;TCGA-E9-A1N9-11A;TCGA-BH-A0BT-11A;TCGA-BH-A0BS-11A;TCGA-E9-A1RI-11A;TCGA-BH-A0BV-11A;TCGA-BH-A0BM-11A;TCGA-BH-A0B7-11A;TCGA-BH-A1EU-11A;TCGA-BH-A0H7-11A;TCGA-BH-A18L-11A;TCGA-A7-A0DB-11A;TCGA-BH-A18Q-11A;TCGA-BH-A209-11A;TCGA-BH-A0DK-11A;TCGA-E2-A15M-11A;TCGA-BH-A1EN-11A;TCGA-BH-A0DV-11A;TCGA-BH-A0DH-11A;TCGA-BH-A0C0-11A;TCGA-BH-A1FD-11B;TCGA-BH-A1FJ-11B;TCGA-AC-A2FM-11B;TCGA-BH-A1FC-11A;TCGA-BH-A1F8-11B;TCGA-BH-A204-11A;TCGA-A7-A0CH-11A;TCGA-E9-A1NA-11A;TCGA-BH-A0H9-11A;TCGA-E9-A1RC-11A;TCGA-AC-A2FF-11A;TCGA-E2-A1LH-11A;TCGA-E9-A1N6-11A;TCGA-BH-A0AZ-11A;TCGA-E9-A1NG-11A;TCGA-BH-A0DL-11A;TCGA-E9-A1R7-11A;TCGA-BH-A0DZ-11A;TCGA-A7-A0DC-11A;TCGA-A7-A0D9-11A;TCGA-BH-A0BC-11A;TCGA-BH-A0BJ-11A;TCGA-E2-A1LB-11A;TCGA-BH-A0HK-11A;TCGA-E2-A1BC-11A;TCGA-BH-A1FR-11B;TCGA-BH-A1FB-11A;TCGA-BH-A0HA-11A;TCGA-BH-A0E1-11A;TCGA-E9-A1RD-11A;TCGA-BH-A208-11A;TCGA-E2-A153-11A;TCGA-E9-A1RF-11A;TCGA-BH-A1F6-11B;TCGA-BH-A1EV-11A;TCGA-BH-A1FH-11B;TCGA-BH-A1FG-11B;TCGA-BH-A18N-11A;TCGA-BH-A0DG-11A;TCGA-BH-A1F2-11A;TCGA-E9-A1ND-11A;TCGA-A7-A13E-11A;TCGA-E9-A1RH-11A;TCGA-BH-A1FU-11A;TCGA-BH-A0BZ-11A;TCGA-BH-A1ET-11B;TCGA-BH-A0DP-11A;TCGA-AC-A2FB-11A;TCGA-E9-A1NF-11A;TCGA-BH-A0AU-11A;TCGA-E9-A1N4-11A;TCGA-GI-A2C8-11A;TCGA-BH-A0AY-11A;TCGA-BH-A18P-11A;TCGA-BH-A1FE-11B;TCGA-BH-A1EO-11A;TCGA-BH-A1EW-11B;TCGA-BH-A0DT-11A;TCGA-A7-A13F-11A
2.584962500721156;1.584962500721156;4.754887502163468;1.584962500721156;2.0;2.321928094887362;2.807354922057604;1.0;1.0;1.0;1.584962500721156;4.584962500721156;1.0;3.807354922057604;3.584962500721156;0.0;3.169925001442312;5.0;0.0;1.584962500721156;1.584962500721156;6.672425341971495;7.312882955284356;2.321928094887362;2.321928094887362;1.0;2.321928094887362;2.321928094887362;3.4594316186372973;3.584962500721156;4.459431618637297;2.807354922057604;1.0;1.0;1.0;3.584962500721156;1.584962500721156;1.584962500721156;2.807354922057604;2.321928094887362;2.807354922057604;5.78135971352466;2.321928094887362;2.584962500721156;2.0;0.0;0.0;3.321928094887362;3.4594316186372973;0.0;1.584962500721156;2.584962500721156;1.584962500721156;4.700439718141092;1.0;2.321928094887362;2.584962500721156;2.0;1.584962500721156;1.0;1.584962500721156;2.584962500721156;2.584962500721156;0.0;3.0;1.584962500721156;3.0;0.0;1.0;3.4594316186372973;1.0;3.169925001442312;2.584962500721156;2.321928094887362;2.807354922057604;2.584962500721156;0.0;2.584962500721156;1.584962500721156;3.4594316186372973;2.584962500721156;2.321928094887362;1.0;0.0;1.0;4.584962500721156;4.0;1.584962500721156;0.0;1.0;3.906890595608519;3.584962500721156;2.807354922057604;2.0;1.0;3.169925001442312;1.0;2.321928094887362;1.0;3.169925001442312;0.0;1.584962500721156;2.584962500721156;3.321928094887362;3.321928094887362;2.321928094887362;2.807354922057604;5.087462841250339;3.700439718141092;1.584962500721156;1.0;2.584962500721156;3.169925001442312;2.807354922057604;0.0;3.584962500721156;1.584962500721156;1.584962500721156;2.807354922057604;0.0;1.584962500721156;1.584962500721156;0.0;1.584962500721156;3.4594316186372973;5.321928094887363;0.0;3.321928094887362;0.0;1.584962500721156;2.584962500721156;1.584962500721156;3.0;3.807354922057604;2.0;2.0;0.0;1.584962500721156;5.169925001442312;3.0;3.0;3.169925001442312;0.0;1.0;1.584962500721156;2.0;3.169925001442312;2.321928094887362;1.0;1.0;0.0;6.149747119504682;3.0;2.0;2.584962500721156;2.321928094887362;2.321928094887362;1.0;0.0;2.321928094887362;3.584962500721156;2.321928094887362;1.0;3.4594316186372973;1.584962500721156;2.0;1.584962500721156;1.0;4.523561956057013;0.0;1.584962500721156;0.0;2.584962500721156;2.807354922057604;0.0;0.0;1.584962500721156;3.321928094887362;2.584962500721156;1.0;2.321928094887362;2.0;3.584962500721156;4.459431618637297;1.584962500721156;2.584962500721156;0.0;3.4594316186372973;3.321928094887362;1.0;6.0;2.0;3.807354922057604;2.0;1.0;3.0;1.0;2.0;3.4594316186372973;2.321928094887362;3.700439718141092;2.0;2.584962500721156;3.0;1.0;1.584962500721156;1.584962500721156;3.0;2.321928094887362;2.0;2.584962500721156;1.584962500721156;3.169925001442312;3.169925001442312;2.807354922057604;1.0;0.0;2.321928094887362;0.0;2.584962500721156;1.0;0.0;3.807354922057604;2.0;1.0;2.0
9.86573327085176;10.696967526234287;10.79197682089869;10.217957697864112;10.673309075561695;10.590587049915037;10.11504365016171;11.480285320936373;11.044394119358454;10.729620743553038;11.019590728357882;10.513727595952435;10.697836357962377;9.25502856981873;11.467096033905747;10.682994583681683;11.252074042796185;10.437752072323605;10.952741247186488;10.708221730038352;10.139551352398794;10.904634621668151;11.067434360756522;11.046441948007311;10.622051819456376;11.147840893672337;9.90839262077375;9.67065624911844;10.591522346570734;10.456354415108288;11.338179249900112;10.281930026955443;10.094077685671904;9.51175265376738;10.187352073200495;11.643405277115674;11.312315746690109;11.250298417906333;10.276124405274238;11.61240779313867;10.877284133523196;11.098032082960527;10.590587049915037;10.251482410620213;10.62935662007961;10.335390354693924;10.790348496751914;10.30149619498255;10.766528908598865;10.43149760425805;10.7632123668144;10.163649676015824;11.165535141377925;10.186114239541643;10.729620743553038;10.944712061043486;10.805743872151618;10.824163209744158;11.141468555393084;10.094077685671904;10.820178962415188;10.163649676015824;10.830515206976838;10.829722735086058;10.638435913990472;10.505811553919594;10.970105890612182;9.829722735086058;10.777255315191924;10.788718332690458;10.508785162064513;9.092757140919852;11.172427508645482;11.7714894695006;11.007027266893967;10.163649676015824;10.91288933622996;11.078817949961978;10.107217075591382;10.591522346570734;12.109504215757006;11.42783660345852;10.332036548361652;10.037546953962178;11.359200485133632;10.145932145820517;11.852529509404196;10.23840473932508;9.89026427702111;10.167418145831736;10.16867211813223;10.909893083770042;11.312882955284357;10.673309075561695;10.030667136246942;10.71681946132995;10.433585441150496;10.709083812550343;10.139551352398794;10.731319031025064;9.197216693110052;10.979425195331473;9.878050912728536;11.047805554007589;9.457380879072534;11.328113894833656;10.891024190149498;10.874212934830874;12.146886835415884;9.167418145831736;10.7279204545632;10.794415866350104;10.884933647949762;10.642954223480332;10.843921051289035;10.171176797651771;11.405673332281866;10.81698362325538;11.394462694610317;10.157346935362844;10.743992861060176;11.339293300180094;10.570804437724496;10.46352437327118;10.074141462752506;10.897845456005513;10.868822554775;10.00982861736811;10.407267764244732;10.760719947465624;11.152918576136624;11.172427508645482;11.257387842692651;10.837627933171404;11.40832974076739;10.38586240064146;11.2836671674915;11.227014193649133;10.709083812550343;11.507794640198696;10.779719355143405;10.378294855911893;10.26209484537018;11.358651200892886;11.020285500844649;10.353146825498085;11.151016538892248;10.944712061043486;11.049848549450562;10.80896417491926;11.464035152189911;10.047123912114026;11.21006248324023;11.243173983472952;11.160501747555688;10.31741261376487;11.321364432039449;10.782179193831208;10.018200178813226;11.451726268074506;10.84862294042934;11.40832974076739;10.594324603924848;11.13249972962851;11.385323176175872;11.150381968817848;11.5473765634981;10.745674324002136;10.679480099505446;11.369052007001388;9.88264304936184;9.894817763307945;10.501837184902296;10.86418614465428;10.929998062609029;10.016808287686557;10.50481898763284;11.33371442609397;10.930737337562888;10.79685079526716;11.688687423222536;10.380461065088973;11.12023787734196;10.337621901992508;10.906890595608518;10.41679752760606;10.130570562805426;10.754887502163468;10.88264304936184;11.177419537989236;11.105253779700885;9.871905237659186;10.580258567499788;10.721099188707186;11.41679752760606;10.971543553950772;10.808159772868375;11.622509454683335;10.964340867792416;9.885696373339394;10.452241240430816;11.227014193649133;10.449148645375436;10.283088353024002;11.17367713630342;11.122827994807666;11.43514933836693;10.552669097514272;10.116343961237469;10.192292814470768;10.814582465906277;10.855647166027266;11.614709844115207;11.36468185586456;11.252074042796185;10.373952655370193;11.383704292474052;11.659995892429976;9.430452551665532;10.746514321138465;10.635718120331047;10.750706986224948;11.323054760341646;11.711236767793784;11.192909219112012;10.498849206531723
7.257387842692652;5.882643049361842;9.224001674198105;7.366322214245816;11.380461065088973;10.508785162064513;7.434628227636725;11.045759661382682;9.493855449240822;9.61654884377899;8.936637939002571;7.977279923499917;8.543031820255237;7.734709620225838;9.337621901992508;8.243173983472952;7.839203788096944;7.813781191217037;7.087462841250339;6.442943495848728;9.366322214245816;9.430452551665532;8.149747119504681;5.977279923499917;9.20212382383046;6.965784284662087;8.968666793195208;8.31741261376487;8.906890595608518;5.882643049361842;10.875749351420056;8.118941072723507;9.4655664048094;7.219168520462161;8.751544059089099;9.469641817239516;7.409390936137702;8.219168520462162;10.169925001442312;9.758223214726724;6.727920454563199;10.699572453287267;10.508785162064513;8.754887502163468;7.845490050944375;9.124121311829189;7.857980995127572;9.868822554775;8.049848549450562;9.271463027904376;7.813781191217037;10.130570562805426;10.825753832883112;8.823367240046235;9.61654884377899;8.400879436282183;9.677719641641009;9.152284842306582;10.294620748891628;9.4655664048094;9.22881869049588;10.130570562805426;7.643856189774724;7.826548487290915;8.991521846075695;8.280770770130603;7.20945336562895;7.839203788096944;9.61286849729104;10.756556322524087;8.640244936222345;8.791162888555018;8.247927513443585;9.364134655008051;10.506803437795648;10.130570562805426;9.627533884472792;8.535275376620802;8.03342300153745;8.906890595608518;10.620219825507489;9.850186837645774;8.778077129535358;9.88264304936184;10.257387842692651;9.734709620225836;10.273795599214264;6.22881869049588;8.066089190457772;10.336506559810257;8.988684686772165;6.768184324776926;10.53818893205242;11.380461065088973;8.379378367071261;8.909893083770042;5.491853096329675;8.543031820255237;8.531381460516313;7.434628227636725;8.939579214314692;9.677719641641009;7.3750394313469245;10.61654884377899;8.071462362556623;9.60733031374961;8.335390354693924;10.526499239136566;8.396604781181859;7.539158811108031;10.14210705730255;9.405141463136344;9.638435913990472;7.451211111832329;6.20945336562895;3.906890595608519;5.906890595608519;7.417852514885898;7.044394119358453;4.087462841250339;6.108524456778169;6.569855608330948;4.523561956057013;6.754887502163468;5.491853096329675;7.918863237274595;4.700439718141092;4.523561956057013;6.22881869049588;7.219168520462161;6.189824558880018;6.507794640198696;7.159871336778389;6.965784284662087;7.3750394313469245;6.022367813028454;8.353146825498083;6.266786540694901;9.172427508645482;7.076815597050831;7.483815777264256;5.584962500721156;4.392317422778761;5.954196310386875;5.247927513443585;8.519636252843213;7.60733031374961;6.392317422778761;8.016808287686555;6.442943495848728;7.948367231584678;3.169925001442312;8.900866807980748;7.918863237274595;7.03342300153745;5.857980995127572;7.948367231584678;6.491853096329675;6.94251450533924;6.977279923499917;7.357552004618084;6.906890595608519;4.954196310386875;6.754887502163468;5.044394119358453;7.189824558880018;6.3750394313469245;4.754887502163468;6.247927513443585;5.700439718141092;5.285402218862249;7.011227255423254;5.087462841250339;6.426264754702098;6.9886846867721655;3.4594316186372973;5.247927513443585;8.823367240046235;6.672425341971495;6.426264754702098;5.754887502163468;5.459431618637297;7.894817763307944;5.700439718141092;7.794415866350106;6.357552004618084;4.321928094887363;7.876516946564999;6.965784284662087;8.098032082960527;6.523561956057013;2.807354922057604;6.6293566200796095;6.285402218862249;7.044394119358453;5.491853096329675;6.066089190457772;7.044394119358453;6.930737337562887;4.0;7.169925001442312;8.625708843064466;6.303780748177103;6.266786540694901;6.357552004618084;7.392317422778761;6.6865005271832185;7.651051691178928;5.285402218862249;5.643856189774724;5.977279923499917;5.832890014164741;6.20945336562895;4.906890595608519;7.499845887083206;5.832890014164741;5.584962500721156;7.149747119504682;3.0;6.3750394313469245;5.321928094887363;6.727920454563199;6.599912842187128;8.290018846932618;6.807354922057604;5.643856189774724
8.787902559391432;8.618385502258606;8.700439718141093;9.014020470314934;10.531381460516313;10.452241240430816;9.348728154231075;10.147204924942228;10.617467465294196;8.527477006060396;9.407267764244732;9.714245517666123;9.016808287686557;9.50382573799575;10.35424938194524;9.94104760634058;9.906890595608518;7.948367231584678;8.791162888555018;8.665335917185176;10.45532722030456;6.409390936137702;10.593391122791736;8.31741261376487;10.088788238716909;10.127994320976391;8.344295907915816;10.276124405274238;11.116343961237469;9.90388184573618;8.426264754702098;9.344295907915816;9.679480099505446;7.86418614465428;11.065416134676548;10.86573327085176;9.667111542075029;10.4797802640291;10.94397991434374;10.306061689428342;9.714245517666123;8.909893083770042;10.452241240430816;9.124121311829189;10.1006623390052;9.63117705570398;9.543031820255235;11.29117069932186;10.025139562278508;10.025139562278508;10.665335917185176;11.2836671674915;11.609640474436812;9.935165049603697;8.527477006060396;11.892163309861964;12.34734453943155;10.811374693509942;7.20945336562895;9.679480099505446;9.929258408636972;11.2836671674915;10.581200581924955;8.823367240046235;10.51175265376738;9.663558104217271;9.052568050804153;9.632995197142955;10.469641817239516;10.179909090014934;10.473705749619416;11.724087461793989;9.988684686772164;10.957102041562289;10.478769619475765;11.2836671674915;6.087462841250339;11.03342300153745;10.13699111208023;11.116343961237469;12.106562940444883;11.28828934218097;9.383704292474052;9.4241662888181;11.231821178657404;8.129283016944967;10.510764167917891;8.761551232444479;8.873444112515376;12.002463438892535;7.257387842692652;9.306061689428342;9.157346935362844;10.531381460516313;10.1006623390052;9.4757334309664;7.339850002884624;10.294620748891628;8.280770770130603;10.644757592516257;7.807354922057604;11.490850876740298;9.06339508128851;12.6142497276894;9.103287808412022;12.049508251055096;10.246740598493144;11.177419537989236;9.89633240390994;7.988684686772165;12.214926187942435;11.145932145820517;11.112439506781552;9.533329732305834;8.233619676759702;8.417852514885897;9.52552080909507;9.118941072723509;9.654636028527968;8.67595703294175;9.121533517340032;9.400879436282183;9.098032082960527;9.398743691938192;7.679480099505446;10.257387842692651;7.971543553950772;8.761551232444479;8.357552004618084;9.152284842306582;9.63117705570398;9.273795599214264;8.985841937003341;9.487840033823051;9.523561956057012;8.800899899920305;9.098032082960527;9.266786540694902;10.211888294546004;9.99717948093762;7.98299357469431;9.29232163280204;9.147204924942228;9.036173612553483;8.829722735086058;9.643856189774723;9.684748620421626;9.12670447284319;9.603626344986193;8.951284714966972;9.103287808412022;9.4655664048094;9.709083812550343;8.62935662007961;9.60177078840771;8.339850002884624;9.290018846932618;8.918863237274595;9.121533517340032;9.622051819456376;9.59618975614441;9.800899899920305;8.179909090014934;9.105908508571158;9.519636252843211;8.483815777264256;9.41574176829009;8.977279923499916;9.599912842187129;7.888743248898259;8.03342300153745;8.754887502163468;8.761551232444479;8.894817763307943;9.172427508645482;7.523561956057013;9.489847960439295;10.281930026955443;8.78135971352466;9.330916878114618;9.722807531169549;9.144658242831882;9.804131021183318;9.566054038171092;8.939579214314692;9.084808387804362;8.851749041416058;8.710806433699352;9.264442600226602;9.226412192788786;8.88264304936184;6.954196310386875;8.546894459887637;8.388017285345136;9.654636028527968;8.487840033823051;9.722807531169549;9.285402218862249;8.810571634741146;9.449148645375436;9.717676423066395;10.93810932621924;8.603626344986193;8.430452551665532;9.26209484537018;9.85642552862553;9.527477006060396;8.768184324776927;8.854868383260236;8.965784284662087;8.807354922057604;9.3151495622563;9.620219825507489;9.071462362556623;9.3151495622563;9.243173983472952;9.372865060112588;10.105908508571158;8.686500527183219;8.948367231584678;8.405141463136344;10.3409627642517;9.403012023574997;11.055960234452296;9.517669388133813;8.845490050944376
6.820178962415188;9.002815015607053;7.918863237274595;7.294620748891627;3.0;7.118941072723508;6.129283016944966;4.643856189774724;6.392317422778761;8.804131021183318;1.584962500721156;6.357552004618084;7.076815597050831;5.906890595608519;7.614709844115208;6.599912842187128;9.144658242831882;8.632995197142957;3.321928094887362;8.087462841250339;2.321928094887362;5.459431618637297;10.347621368568134;8.174925682500678;5.392317422778761;5.0;5.0;6.930737337562887;8.219168520462162;8.189824558880018;6.6293566200796095;6.189824558880018;4.523561956057013;5.857980995127572;8.011227255423254;8.948367231584678;8.383704292474052;7.098032082960526;4.169925001442312;5.857980995127572;8.991521846075695;8.535275376620802;7.118941072723508;6.857980995127572;8.727920454563199;7.03342300153745;4.584962500721156;5.977279923499917;7.426264754702098;7.118941072723508;8.388017285345136;4.700439718141092;5.643856189774724;7.894817763307944;8.804131021183318;7.05528243550119;5.523561956057013;6.906890595608519;5.129283016944966;4.523561956057013;8.67595703294175;4.700439718141092;8.643856189774725;7.247927513443585;5.20945336562895;7.139551352398794;9.12670447284319;7.94251450533924;5.247927513443585;6.643856189774724;7.651051691178928;6.491853096329675;7.977279923499917;7.491853096329675;4.700439718141092;4.700439718141092;5.614709844115208;7.636624620543649;8.118941072723507;8.219168520462162;6.6865005271832185;6.189824558880018;5.491853096329675;2.0;5.754887502163468;6.169925001442312;7.562242424221073;8.027905996569885;7.199672344836364;5.087462841250339;6.426264754702098;7.592457037268081;7.219168520462161;3.0;7.257387842692652;8.945443836377912;7.348728154231077;7.888743248898259;7.129283016944966;8.965784284662087;5.554588851677638;7.679480099505446;8.640244936222345;6.754887502163468;2.584962500721156;7.459431618637297;7.400879436282184;10.827342704234116;7.312882955284356;5.20945336562895;5.807354922057604;4.643856189774724;9.26209484537018;9.076815597050832;8.60733031374961;12.132821006779572;9.94397991434374;8.405141463136344;10.002815015607052;10.98655314975666;8.92184093707449;8.693486957499324;11.916999049082808;8.848622940429339;10.443979542601252;11.043027283594547;9.014020470314934;10.860311054919482;8.67595703294175;9.507794640198696;8.791162888555018;7.800899899920305;9.7431513941125;9.383704292474052;10.111135670234708;10.27029532647204;9.326429487122304;8.330916878114618;8.479780264029099;10.368506461507693;9.041659151637214;10.5980525001616;11.7047682393626;9.933690654952231;9.800899899920305;10.169925001442312;9.068778277985412;10.00842862207058;8.459431618637296;6.658211482751795;7.707359132080882;10.753216749178955;10.312882955284357;7.577428828035749;8.098032082960527;8.820178962415188;8.810571634741146;10.521600439723729;10.213104219641906;9.278449458220482;10.221587121264806;8.400879436282183;9.63117705570398;10.590587049915037;7.499845887083206;10.07815080773465;8.087462841250339;9.445014845868425;9.278449458220482;8.507794640198696;8.46352437327118;7.727920454563199;10.992938336165814;9.022367813028454;9.546894459887636;9.909893083770042;11.055282435501187;11.0;5.832890014164741;8.933690654952233;9.734709620225836;9.226412192788786;9.537218400538595;10.001408194392807;8.682994583681683;9.77313920671969;10.507794640198696;8.546894459887637;9.46352437327118;8.060695931687555;7.94251450533924;11.027905996569883;8.348728154231077;8.224001674198105;6.357552004618084;7.011227255423254;9.850186837645774;9.405141463136344;8.577428828035748;10.483815777264256;10.52552080909507;10.585901449690772;8.686500527183219;8.027905996569885;9.515699838284045;9.26209484537018;11.482303782323182;8.76487159073609;10.13827180017222;11.217351905270334;9.036173612553483;9.975847968006784;9.60177078840771;8.370687406807217;9.41574176829009;9.519636252843211;7.851749041416057;7.546894459887636;8.194756854422248;9.469641817239516;11.174925682500678;8.189824558880018;10.906890595608518;9.642051692927977;8.703903573444663;10.131856960608792
9.507794640198696;9.24555270625568;10.646558710154547;9.497851836951115;10.585901449690772;10.847057346091336;10.78053976747196;10.813781191217036;12.708868340211673;10.147204924942228;10.367414751246828;9.172427508645482;9.599912842187129;9.59245703726808;10.193525360501216;10.61286849729104;10.984418458801136;10.972261848733291;9.85642552862553;9.556506054671928;9.94397991434374;11.040289721025715;10.347621368568134;9.807354922057604;10.546894459887636;9.850186837645774;9.326429487122304;9.86727873970966;10.809768128710411;9.83605035505807;11.558898981146704;10.034798962577268;11.129926933510394;10.92184093707449;9.663558104217271;10.38586240064146;10.523561956057012;9.81698362325538;10.832098846039134;10.230020435705637;9.381542951184583;11.430975172588068;10.847057346091336;10.448116305409464;10.360847084179664;10.777255315191924;9.346513733165636;11.066089190457772;9.894817763307945;11.487840033823051;10.45532722030456;10.266786540694902;10.306061689428342;10.309476353841106;10.147204924942228;10.89026427702111;10.393390457443989;10.4189067312579;12.168985440978698;11.129926933510394;10.569855608330949;10.266786540694902;10.535275376620802;9.92184093707449;11.144020869266893;9.693486957499324;10.414685235807214;9.483815777264256;9.625708843064466;11.81658370778757;9.93810932621924;10.602698865017963;10.26795708440284;10.61286849729104;11.12670447284319;10.266786540694902;10.376125389276174;11.072802534544207;9.599912842187129;10.809768128710411;11.197830998012195;10.397674632948268;10.970105890612182;10.258566033889933;10.828929827651486;10.281930026955443;11.555547771647063;9.071462362556623;10.12670447284319;10.321928094887362;11.72749506902543;9.39231742277876;10.94251450533924;10.585901449690772;10.400879436282183;9.984418458801136;9.41574176829009;10.151016538892248;11.210671343785622;10.757390009366638;10.43149760425805;9.813781191217036;9.283088353024002;10.43567026093655;9.436711542137214;10.94178124227853;10.745674324002136;11.71853287606922;10.389093521904474;10.13827180017222;10.352043425795433;10.90312867681232;10.52258153125483;9.014020470314934;9.826548487290914;8.912889336229961;9.564149489985732;9.348728154231075;9.49585502688717;8.741466986401146;9.368506461507693;9.659995892429976;9.1006623390052;9.1006623390052;8.573647187493322;9.35974956032233;9.426264754702098;8.164906926675688;9.26209484537018;9.569855608330949;9.546894459887636;9.41574176829009;9.810571634741146;9.264442600226602;10.458406613236534;9.084808387804362;9.627533884472792;9.1006623390052;10.090112419664289;9.958552715431011;9.778077129535358;9.38586240064146;8.60733031374961;9.85642552862553;9.0;9.159871336778387;9.688250309133178;9.368506461507693;9.280770770130603;9.7279204545632;9.897845456005513;8.906890595608518;9.964340867792416;9.505811553919594;9.20212382383046;8.396604781181859;10.088788238716909;9.39660478118186;9.103287808412022;9.588714635582264;9.893301530860564;9.80896417491926;9.189824558880018;10.10459875356437;9.703903573444665;10.090112419664289;9.853309555403674;8.968666793195208;8.945443836377912;10.11504365016171;9.055282435501187;8.588714635582264;8.906890595608518;9.65284497300198;9.818582177480858;9.025139562278508;9.303780748177102;10.625708843064466;9.179909090014934;9.14210705730255;9.779719355143405;9.052568050804153;10.052568050804153;9.154818109052105;9.932214751968385;8.86418614465428;8.614709844115207;9.722807531169549;9.684748620421626;9.977279923499916;9.539158811108033;7.721099188707186;9.285402218862249;9.169925001442312;9.445014845868425;9.445014845868425;9.7431513941125;9.668884984266247;9.409390936137704;8.60733031374961;9.337621901992508;9.449148645375436;9.041659151637214;7.434628227636725;9.665335917185176;9.550746785383245;9.586839787961829;10.139551352398794;9.24555270625568;9.060695931687556;8.888743248898258;9.854868383260236;9.679480099505446;9.505811553919594;9.958552715431011;9.428360172704291;9.83605035505807;9.659995892429976;9.640244936222343;9.139551352398794;8.930737337562887;8.861086905995395;10.978710459106358;10.27262978497637;9.35974956032233;9.457380879072534
8.321928094887362;10.200898605038445;11.200898605038445;9.828136484194108;8.710806433699352;9.169925001442312;8.577428828035748;9.915879378835774;9.881113960675096;9.731319031025064;7.507794640198696;9.81698362325538;8.20945336562895;8.573647187493322;10.057991722759176;9.744833837499543;10.752380646552892;9.987264012072538;8.375039431346925;10.071462362556623;8.409390936137703;8.751544059089099;10.492854620174748;10.448116305409464;9.945443836377912;10.181152256865566;8.204571144249204;10.240791332161956;9.577428828035748;9.016808287686557;9.76487159073609;8.94251450533924;8.64745842645492;8.768184324776927;9.984418458801136;10.543031820255235;10.643856189774723;10.800090987624994;8.169925001442312;9.78463484555752;9.74819284958946;11.688250309133178;9.169925001442312;9.550746785383245;10.285402218862249;9.853309555403674;10.280770770130603;9.364134655008051;10.345405246717796;9.605479518061667;10.610102062999664;8.640244936222345;10.555547771647063;9.878050912728536;9.731319031025064;9.638435913990472;9.403012023574997;10.386940245324311;8.535275376620802;8.64745842645492;9.567956075415466;8.640244936222345;10.445014845868425;10.205793249397155;9.679480099505446;10.339850002884624;10.10459875356437;8.894817763307943;9.057991722759176;9.89633240390994;9.06339508128851;8.189824558880018;10.293471648838134;11.03342300153745;9.344295907915816;8.640244936222345;8.383704292474052;10.232420927176076;9.4797802640291;9.577428828035748;8.396604781181859;9.400879436282183;9.897845456005513;8.81698362325538;9.113742166049189;8.839203788096944;9.642051692927977;10.544964432789238;9.164906926675688;8.29920801838728;9.134426320220928;9.594324603924848;11.004220466318197;8.710806433699352;10.46352437327118;10.776433032444732;9.335390354693924;9.703903573444665;9.980139577639155;10.377210530388552;8.558420713268664;8.92481250360578;10.12670447284319;8.45532722030456;9.899356922923111;9.216745858195306;10.184875342908285;10.094077685671904;10.105908508571158;8.734709620225837;9.36194377373524;8.038918989292302;9.43879185257826;10.053925881531104;9.409390936137704;10.376125389276174;11.632995197142955;11.356451970221755;11.508785162064513;11.802516365121225;10.216745858195306;10.66622400280318;11.055282435501187;11.107870914279614;10.887220615468385;10.8193807908646;10.27262978497637;10.530406337099068;10.406205005418856;11.281930026955443;11.34485068394299;10.536247215688128;11.787902559391432;10.250298417906333;10.434628227636724;11.000704269011246;11.246740598493144;10.263269200372662;10.323054760341646;12.060020354507852;11.07347215397646;10.989394499844732;11.338736382573916;11.806549621985962;10.14974711950468;9.44086916761087;11.840384550711669;10.91737207947684;11.000704269011246;9.68650052718322;9.556506054671928;10.397674632948268;10.567956075415466;8.977279923499916;10.556506054671928;9.7714894695006;10.249113452713727;10.926295994781112;10.987264012072538;11.590119174107176;10.881113960675096;9.932214751968385;11.07347215397646;12.227315099905493;10.298062567719017;10.82097669262124;10.73809225962049;10.96000193206808;10.855647166027266;10.336506559810257;10.467605550082997;10.642954223480332;11.367414751246828;11.386401423640775;11.52943055414615;10.905387005018133;10.60733031374961;11.746094383705463;8.968666793195208;10.785452468158542;10.932214751968385;10.390168956200185;11.332596057789214;10.641148597411233;10.118941072723509;10.413627929024171;10.145932145820517;10.743992861060176;11.157978449945432;9.766528908598865;11.184875342908285;10.339850002884624;10.790348496751914;10.397674632948268;9.485829308701904;9.497851836951115;11.527477006060396;10.527477006060396;10.197216693110052;9.94104760634058;10.799281621521924;11.08214904135387;10.961449694398196;9.187352073200495;11.591989767615123;10.32755264408124;11.978352958165145;10.517669388133813;10.936637939002573;10.665335917185176;10.060695931687556;10.565102078360312;12.78135971352466;10.555547771647063;11.318542809702723;11.107870914279614;10.452241240430816;11.234817431117325;9.4241662888181;11.089450481115907;10.577428828035748;10.064742764750257;11.467096033905747;11.197830998012195;10.310612781659527;11.112439506781552
11.38586240064146;11.714245517666123;11.617008227651963;11.00842862207058;11.81257844413538;12.376939321619846;11.750706986224948;12.478769619475765;11.60408986146918;10.578372691360803;10.505811553919594;11.624338545312986;10.247927513443583;10.237209960755022;11.312882955284357;11.122180901259751;11.426264754702098;11.345959596404112;11.103287808412022;10.827342704234116;11.189206834597025;12.638435913990472;12.872482508106724;10.237209960755022;11.243769031961852;12.217654833364024;10.774787059601174;10.830515206976838;12.659772961881613;11.966144913345602;12.94196459298614;11.151650829973422;10.622051819456376;10.419960177847887;11.765286098723683;11.506803437795648;12.005975356500382;12.219168520462162;12.98584193700334;11.948732239819616;11.992230264965889;12.588714635582264;12.376939321619846;10.967946705812707;11.931845540183671;10.818582177480858;11.428883552010191;12.227615943414223;11.966144913345602;12.174925682500678;12.29920801838728;12.204265456136843;11.427312844134963;11.749031382040204;10.578372691360803;12.86379910372885;12.57483001533763;12.665113810335244;11.756973226165448;10.622051819456376;11.950191349972702;12.204265456136843;12.825952537523726;11.016808287686557;11.79685079526716;10.101975670949232;10.91288933622996;11.043027283594547;11.59245703726808;12.13827180017222;11.800090987624994;13.387074919307222;11.619761463298424;12.532112370794998;10.850186837645774;12.204265456136843;11.397674632948268;12.273795599214264;11.314016703901355;12.659772961881613;12.609409624761804;11.737669863177452;12.302638923787551;11.072802534544207;11.406205005418856;11.179287104646004;12.64880694972577;10.66266837551754;11.367414751246828;11.77066389291676;11.098032082960527;11.462502272597265;12.037890085142507;11.81257844413538;11.47218311618954;11.769424641552751;10.224001674198105;11.15608307628868;9.192292814470768;11.56081046872794;10.386940245324311;12.104271128936894;11.589182967039353;12.456867738380344;10.878817284614229;11.732167425663384;11.929998062609029;12.428098411832506;11.3009244909763;9.214319120800766;12.805945351802931;12.666889708440255;11.34318571544788;12.10000522442272;10.84862294042934;12.04746477331842;11.898601387403938;11.370687406807216;11.921469060531413;11.733439082899434;11.095397022792556;11.394998514501673;12.210975677726395;11.689561254285524;10.8649599151426;12.223398414711628;10.490850876740298;11.840384550711669;11.346513733165636;11.399811959325683;11.780949798749663;11.529918528120325;11.40886043602476;11.380461065088973;11.403544678202014;11.136350341454156;11.370687406807216;11.611024797307351;11.65954999687987;12.154185209265297;10.489847960439295;11.588246152044816;12.024793384702548;12.034111146096592;11.490349505739289;10.44604940671655;11.932214751968385;11.419433550705378;11.797256217509783;11.822570830950168;11.703038388986418;12.432019846812493;11.968666793195208;11.391780606013166;11.419433550705378;11.267371931265274;11.314583244274194;11.559855041513623;11.141468555393084;12.01854794187165;12.052568050804153;12.303780748177102;11.356451970221755;12.04882741336389;12.0566377151132;11.009128789539256;12.070120944476823;11.939211882666395;12.672204323964031;10.733862719678545;10.83605035505807;10.934428040626804;11.965784284662089;11.505811553919594;11.510764167917891;11.00842862207058;12.230921088137896;11.774787059601174;11.304921669581672;11.30035256032822;11.950920352030098;11.769424641552751;11.821773981970567;12.178664851006472;10.89633240390994;11.632995197142955;11.4231159101471;11.140190703191836;11.322491537597468;11.312315746690109;11.510269670898175;10.99859042974533;11.400879436282183;11.330356716957944;11.511258495502268;11.051208940914766;12.103615656394544;11.924441392339196;11.322491537597468;12.032734528586714;12.325867580575418;12.547858506058416;11.027214885159834;12.101975670949232;11.929258408636972;11.937005926516589;12.246146774635864;10.526499239136566;11.260919533662904;11.995767150877802;11.080151309614088;11.780129619625306;12.246443717117286;11.894059846274022;11.89519657256334;11.507299124122763;11.4231159101471;12.286846502735887;11.076815597050832;11.538673953082668;12.061708704660624;12.135067945777816;12.221587121264806;12.540370243743569;11.762382038710392;11.358651200892886
10.64565843240871;12.490098754884238;13.020979938904212;10.862637357558794;13.7175693306831;12.124444460008585;10.894817763307945;12.689124404913258;10.51175265376738;10.542064542283445;11.192292814470768;11.124121311829189;10.892542816648552;11.211279947482009;10.698704666770343;11.702605602110248;11.425215903299383;10.88340698638837;10.691743519171276;11.171802288682985;10.337621901992508;14.531137741444716;13.4812949046311;10.171176797651771;11.597587039586216;11.691307330191115;8.991521846075695;10.75905593916017;12.331756712255473;12.877667574067882;13.510146020155364;11.205182326228645;10.561287945164828;8.539158811108031;11.65150022065274;13.065920955947536;11.735979039613404;11.686062749895417;13.276706019892432;11.116343961237469;12.818382455041156;12.632086412835182;12.124444460008585;11.207624468226758;11.422064766172811;11.455840909126398;10.99929538702341;12.252074042796185;11.650603022215307;11.097373768990222;12.360572781480696;12.469641817239516;11.30035256032822;10.69522829149575;10.542064542283445;11.639792893279312;12.072802534544207;12.11699367754698;11.151016538892248;10.561287945164828;11.555068391333338;12.469641817239516;12.96956639729051;10.753216749178955;10.904634621668151;10.247927513443583;10.580258567499788;11.362491806046062;12.079484783826816;11.827342704234116;11.358101707440849;11.391780606013166;11.709514660706716;13.269857194654868;11.151650829973422;12.469641817239516;10.62844554013718;12.225508720236;10.78953364497036;12.331756712255473;12.633222303800787;11.4241662888181;11.1767964781476;11.471167133724393;12.088125692188209;8.879583249612784;8.72451385311995;10.91737207947684;10.984418458801136;12.004571615167656;11.43827205612483;12.04678297035635;13.871038898659474;13.7175693306831;11.230620933129869;11.951284714966972;10.287712379549449;11.213104219641906;8.665335917185176;10.624795455860236;10.536247215688128;10.808159772868375;10.984418458801136;12.69631555889282;10.550746785383245;11.846273911349906;11.191676146352428;12.490600213019594;10.4757334309664;8.90388184573618;12.614939847310737;11.64250302878052;12.20670914935865;12.806146803320525;10.677719641641009;11.251482410620213;12.96902670215077;12.311464515448444;12.70714340198091;11.579787329526992;11.63117705570398;12.407533331671324;12.435930651703597;12.959277505720502;11.294620748891628;13.123313124568744;10.711666973564348;11.84979602224561;11.50481898763284;12.38720958071964;12.691089186236532;12.81977993183848;12.676397887044764;12.889123656294238;11.988684686772164;11.910642730469624;12.659326997414103;12.56961830344664;12.44889062962926;12.99081307915361;10.714245517666123;12.02997734658958;12.068442416025826;12.35149140932002;12.417852514885896;12.11829223302699;12.624567018674917;12.0003521774803;12.188588845707349;12.03514274788591;12.539158811108033;12.522826699925806;13.204265456136843;11.766528908598865;12.586370695113963;12.19598729802851;11.623424289869911;12.001408194392807;11.400879436282183;13.02997734658958;12.955286645524469;12.437752072323605;11.83368074865474;12.360024019571876;13.0591754379151;10.967226258835993;13.031184262140842;11.978710459106358;13.210671343785622;10.720244258287568;11.161131882984307;11.81177605532666;12.181773438808808;11.229419688230417;12.081483438093674;10.46454575033394;12.160186576600662;12.832098846039134;11.717676423066395;12.041659151637214;13.208843990734614;11.735979039613404;12.807354922057604;12.686719366021846;10.794415866350104;11.971902746045467;11.749450465569916;12.002815015607052;12.53818893205242;12.922212717785449;11.605016447911364;10.26795708440284;11.99116750614001;12.075144844066315;12.76424960536716;12.26707926567123;12.536247215688128;13.113579397950534;12.04678297035635;12.343463343667905;13.190904940346524;13.367687756270046;11.65642486327778;12.206098613995795;12.524541715035848;13.174613647235942;12.66777683839343;10.710806433699352;11.798471801101618;12.214015491410844;12.104926303807776;12.257093144491057;13.378565810000564;12.355626393637916;12.433324626715926;11.7279204545632;12.45455634396194;13.145295334933598;11.822172461476178;11.952377251967985;11.934428040626804;13.189361290465795;12.19075064966236;13.657765035265363;12.419960177847887;12.148794321424337
5.0;8.409390936137703;7.066089190457772;5.643856189774724;3.169925001442312;6.426264754702098;5.78135971352466;5.954196310386875;6.894817763307944;5.832890014164741;1.584962500721156;13.412437531948338;4.0;5.672425341971495;6.599912842187128;6.475733430966398;7.159871336778389;6.189824558880018;13.153710352151716;7.807354922057604;4.087462841250339;7.78135971352466;9.535275376620802;6.149747119504682;5.727920454563199;12.093087390444218;4.643856189774724;4.0;7.22881869049588;7.011227255423254;5.754887502163468;11.278449458220482;2.0;4.321928094887363;14.109830654278792;8.618385502258606;7.400879436282184;6.6865005271832185;3.807354922057604;2.807354922057604;10.167418145831736;6.658211482751795;6.426264754702098;7.569855608330948;7.011227255423254;6.321928094887363;0.0;9.4757334309664;7.546894459887636;4.321928094887363;6.569855608330948;5.321928094887363;5.169925001442312;6.303780748177103;5.832890014164741;7.832890014164741;7.665335917185176;8.870364719583405;1.0;2.0;4.523561956057013;5.321928094887363;7.924812503605781;7.839203788096944;3.700439718141092;4.807354922057604;6.459431618637297;7.05528243550119;7.491853096329675;5.169925001442312;4.906890595608519;7.86418614465428;7.693486957499325;11.834471049984222;5.20945336562895;5.321928094887363;1.0;6.087462841250339;7.826548487290915;7.22881869049588;10.253847484987404;9.544964432789238;0.0;11.11829223302699;7.467605550082998;3.807354922057604;6.22881869049588;6.266786540694901;4.954196310386875;5.857980995127572;4.321928094887363;7.03342300153745;6.247927513443585;3.169925001442312;7.366322214245816;7.321928094887363;6.392317422778761;6.882643049361842;0.0;8.113742166049189;6.807354922057604;5.643856189774724;5.930737337562887;11.24852060493843;11.778898476008376;12.702605602110248;10.878050912728536;7.912889336229962;6.20945336562895;9.758223214726724;7.507794640198696;4.807354922057604;9.041659151637214;10.840777923595054;7.467605550082998;9.887220615468385;10.830515206976838;8.546894459887637;11.084144010615145;10.63662462054365;9.105908508571158;8.842350343413807;11.640244936222343;10.258566033889933;8.980139577639157;11.756973226165448;8.087462841250339;10.907641803665529;9.108524456778168;9.84862294042934;10.225207436943505;10.112439506781552;9.926295994781112;9.843921051289035;9.804131021183318;10.179909090014934;9.659995892429976;8.581200581924957;7.693486957499325;9.4241662888181;7.475733430966398;10.654636028527968;10.483815777264256;10.653740778706569;9.192292814470768;9.663558104217271;9.002815015607053;10.060695931687556;9.821773981970567;6.906890595608519;8.74819284958946;11.12670447284319;10.376125389276174;7.60733031374961;9.111135670234708;10.236014191900084;8.661778097771988;10.337621901992508;9.098032082960527;10.77066389291676;10.369597346278676;8.791162888555018;9.071462362556623;10.957102041562289;8.758223214726724;9.226412192788786;9.581200581924955;10.969386521342283;11.171802288682985;7.98299357469431;9.328674927327947;8.98299357469431;10.627533884472792;9.659995892429976;10.410451351503994;8.573647187493322;10.117643101389092;10.714245517666123;6.930737337562887;10.29920801838728;10.337621901992508;10.96000193206808;10.347621368568134;10.24555270625568;7.577428828035749;9.189824558880018;9.7279204545632;8.994353436858859;9.002815015607053;8.829722735086058;10.230020435705637;9.294620748891628;9.813781191217036;9.14210705730255;7.912889336229962;8.055282435501189;10.694357887221452;10.893301530860564;8.554588851677638;9.541096615349524;10.792790294301064;10.555547771647063;9.469641817239516;8.988684686772165;10.265615046484458;11.112439506781552;11.553149275598548;8.566054038171092;9.945443836377912;10.84313591111135;9.164906926675688;9.899356922923111;11.411510988012072;8.011227255423254;9.927777962082342;10.164906926675688;9.717676423066395;8.294620748891628;6.491853096329675;10.58777751632821;10.749031382040204;10.371776644337924;10.963618617443972;10.589651146514786;9.96289600533726;10.13827180017222
2.0;2.0;2.584962500721156;4.643856189774724;2.321928094887362;2.0;1.0;2.584962500721156;3.0;1.584962500721156;1.0;1.0;1.584962500721156;3.584962500721156;3.321928094887362;0.0;3.0;0.0;2.807354922057604;4.087462841250339;1.584962500721156;2.0;1.584962500721156;3.4594316186372973;2.321928094887362;4.247927513443585;1.0;2.0;2.0;3.4594316186372973;1.584962500721156;2.807354922057604;3.321928094887362;1.0;3.584962500721156;1.584962500721156;3.700439718141092;4.247927513443585;0.0;4.392317422778761;1.0;2.321928094887362;2.0;3.321928094887362;2.807354922057604;2.0;1.584962500721156;5.459431618637297;2.807354922057604;0.0;3.321928094887362;1.584962500721156;1.0;2.584962500721156;1.584962500721156;2.321928094887362;3.807354922057604;2.807354922057604;3.0;3.321928094887362;2.584962500721156;1.584962500721156;1.584962500721156;1.584962500721156;3.807354922057604;1.0;2.807354922057604;2.0;4.087462841250339;3.169925001442312;1.0;2.0;3.0;4.523561956057013;1.584962500721156;1.584962500721156;2.584962500721156;3.321928094887362;1.584962500721156;2.0;2.0;3.584962500721156;4.169925001442312;2.584962500721156;3.169925001442312;3.906890595608519;2.321928094887362;3.0;2.584962500721156;2.321928094887362;1.584962500721156;3.0;2.0;2.321928094887362;0.0;2.321928094887362;2.321928094887362;2.584962500721156;3.169925001442312;4.523561956057013;2.584962500721156;3.321928094887362;0.0;3.0;2.321928094887362;3.0;3.169925001442312;1.0;6.129283016944966;2.584962500721156;2.321928094887362;2.321928094887362;1.0;2.321928094887362;1.584962500721156;2.0;3.0;3.584962500721156;1.584962500721156;2.321928094887362;2.321928094887362;1.0;2.321928094887362;0.0;1.584962500721156;1.584962500721156;2.584962500721156;2.584962500721156;2.807354922057604;0.0;3.321928094887362;2.0;2.0;2.0;3.807354922057604;2.0;1.584962500721156;2.807354922057604;2.0;3.321928094887362;2.0;2.0;1.0;2.0;3.169925001442312;0.0;1.0;3.321928094887362;2.584962500721156;0.0;2.584962500721156;1.0;3.321928094887362;3.0;2.0;0.0;3.0;2.321928094887362;2.807354922057604;3.4594316186372973;0.0;2.807354922057604;1.0;2.807354922057604;2.584962500721156;4.169925001442312;4.087462841250339;0.0;1.584962500721156;4.0;2.0;2.0;2.807354922057604;2.0;2.321928094887362;2.584962500721156;2.321928094887362;1.584962500721156;2.807354922057604;2.321928094887362;2.584962500721156;2.584962500721156;2.807354922057604;2.584962500721156;1.0;2.321928094887362;2.0;2.0;0.0;1.0;1.0;2.584962500721156;2.0;0.0;2.0;1.0;2.321928094887362;2.584962500721156;2.584962500721156;1.584962500721156;2.0;2.321928094887362;1.584962500721156;0.0;1.0;1.584962500721156;3.807354922057604;1.584962500721156;1.0;3.0;3.584962500721156;1.584962500721156;2.807354922057604;3.169925001442312;2.584962500721156;2.321928094887362;3.700439718141092;2.584962500721156;2.0;0.0;3.169925001442312;0.0;2.321928094887362;2.321928094887362;1.0;1.0
12.78953364497036;13.297059551808704;14.456161871783374;14.348589852448784;13.240344146631418;13.124606006959192;14.21006248324023;15.343879685849876;14.063226532302876;13.233469887522077;11.355351096424812;12.633222303800787;12.610794169053182;12.78953364497036;14.692288570007364;13.648694620918077;14.223775481450373;13.250298417906333;12.698053484163538;13.64622117183188;13.67661826358852;13.043027283594547;13.516192477879368;13.104926303807776;13.961449694398196;13.36591229947082;10.932214751968385;13.825952537523726;13.821973235481124;13.631063345749958;14.294979655040924;13.420486612825774;13.827938080144987;13.261066499999393;13.515699838284045;14.013409916496313;14.55206865007526;14.477062549745115;14.5346676445924;12.141468555393084;13.112276591639276;13.264295977426446;13.124606006959192;13.106726502039171;13.97656412341533;14.53430288245463;12.779924501967908;13.498225931349918;13.251186503524336;13.553029246059738;13.961268803539594;13.536125771600268;14.398476501449256;13.04114576747633;13.233469887522077;14.443914811472094;13.319813222716473;13.6136743757213;14.440739423014271;13.827938080144987;14.515268640599905;13.536125771600268;13.62605121423426;14.383906752309382;14.149985220736012;12.345127991976693;12.750078862693847;13.183790434946514;14.061202407045007;13.74030781425232;13.057991722759176;12.819580375155004;13.848720733687529;14.471611714093132;13.61505483515927;13.536125771600268;13.32853468965679;14.265615046484458;13.509651311178072;13.821973235481124;12.140829770773;13.700006150882864;13.707359132080883;13.625366390626043;13.643067000110516;11.767770648776704;12.44086916761087;14.62924276654675;12.407533331671324;14.017852331905962;12.94178124227853;14.11423036019097;13.988684686772164;13.240344146631418;14.401146182153498;14.540188593684666;12.911953675621971;13.949188370286244;13.867761359404687;13.812377888766893;13.29748950116098;13.35397382181817;13.731425107642949;13.74430828467566;12.523316912312747;14.56658923965156;13.141628207364796;13.305349282598948;13.829623645485354;12.314300001897534;13.70832951852814;13.638549044360332;12.88378880325996;13.744623639343583;13.199365616857982;12.829722735086058;13.767253386915764;13.135388651579046;13.665780028329484;13.713493918252984;13.236163717219272;13.64880694972577;13.336506559810257;13.215381320721084;14.174067423074606;13.050528905530555;12.249113452713727;12.59618975614441;13.267518241801469;13.476239906323851;13.40047922497788;13.661555442467758;14.052228393347402;13.27262978497637;13.640244936222343;13.47015043527436;13.80302113929134;13.458791075608133;13.582024340280569;13.820278702816962;13.877284133523196;14.60020330405384;13.235715094761895;13.594207951809086;13.669770888525518;13.436190995481416;13.151967870968187;13.640357924830376;13.840679590429296;13.431367014075487;13.896521622224974;13.154026940926496;14.588129007386325;13.477252323937952;13.224303209373389;12.556506054671928;13.068274455720507;13.411775775576528;13.124444460008585;13.844607698610256;13.95546828795982;13.433455039827054;14.041488043881468;14.19391031528667;13.33622758948339;13.109504215757006;14.10705356960822;13.937649678896111;12.80332391904149;12.876516946565;13.167574951988176;13.03307880613062;13.575657418193968;14.750811646897551;14.531259606127044;13.663669281733675;14.7431513941125;14.13747150335196;13.069449767427784;13.428360172704291;13.848427334023928;14.376193234513126;14.319178156047638;13.794314321740464;13.472056157502356;13.735027079802624;13.270879295328784;13.375853976418467;13.594674503689903;14.3274122972704;13.605942439625368;12.772108342052116;13.23825544610397;12.916439322580777;13.514837313999376;12.89026427702111;14.151413003496929;13.711236767793784;13.7324854450719;13.124121311829189;13.804534402995223;13.94617524072356;12.608254821977908;12.298349015658186;14.067938476436064;13.917931444281608;14.013933264158965;13.214319120800766;14.127430154309826;13.363176553811964;13.416665599935456;14.175315631699174;14.4629495307459;13.488718845605542;14.064911136698967;13.875845323150736;13.582847628550269;13.44047989881122;12.776021715252812;13.56843119316746;13.5346676445924;12.926110641785304;14.18185106774912;13.71639078949768;13.401279536596528;14.176406929058992
4.0;3.0;3.321928094887362;2.0;1.584962500721156;2.321928094887362;1.584962500721156;3.700439718141092;1.0;1.584962500721156;3.584962500721156;4.584962500721156;2.807354922057604;5.523561956057013;2.584962500721156;1.584962500721156;3.0;0.0;2.0;2.584962500721156;2.584962500721156;2.321928094887362;3.169925001442312;1.0;2.584962500721156;3.0;1.584962500721156;1.0;3.321928094887362;4.584962500721156;3.700439718141092;3.700439718141092;2.807354922057604;1.584962500721156;2.321928094887362;1.584962500721156;3.0;3.807354922057604;1.584962500721156;2.321928094887362;3.321928094887362;2.584962500721156;2.321928094887362;4.392317422778761;2.321928094887362;1.584962500721156;0.0;2.0;4.321928094887363;3.700439718141092;2.321928094887362;1.584962500721156;1.584962500721156;2.0;1.584962500721156;4.392317422778761;2.807354922057604;2.807354922057604;2.584962500721156;2.807354922057604;1.584962500721156;1.584962500721156;2.584962500721156;2.584962500721156;2.584962500721156;1.584962500721156;1.0;0.0;3.321928094887362;3.4594316186372973;1.584962500721156;0.0;3.321928094887362;3.807354922057604;1.0;1.584962500721156;1.0;2.0;1.584962500721156;3.321928094887362;4.392317422778761;4.247927513443585;0.0;1.584962500721156;3.584962500721156;1.584962500721156;2.0;3.169925001442312;2.584962500721156;3.0;4.0;3.807354922057604;2.321928094887362;1.584962500721156;3.321928094887362;2.0;2.807354922057604;2.0;0.0;2.584962500721156;0.0;0.0;1.0;5.954196310386875;3.700439718141092;2.807354922057604;2.584962500721156;2.584962500721156;3.321928094887362;1.0;3.906890595608519;4.247927513443585;2.0;4.247927513443585;2.321928094887362;1.584962500721156;3.700439718141092;2.321928094887362;3.906890595608519;2.0;4.584962500721156;2.807354922057604;1.584962500721156;3.700439718141092;3.0;3.321928094887362;1.0;2.321928094887362;3.169925001442312;4.584962500721156;4.169925001442312;4.523561956057013;3.4594316186372973;3.169925001442312;3.584962500721156;2.0;5.044394119358453;3.700439718141092;4.584962500721156;3.700439718141092;1.584962500721156;1.0;2.321928094887362;2.807354922057604;3.807354922057604;3.321928094887362;4.087462841250339;3.700439718141092;3.0;3.584962500721156;4.523561956057013;1.584962500721156;4.0;3.584962500721156;4.247927513443585;3.4594316186372973;3.0;1.0;0.0;3.584962500721156;4.087462841250339;3.807354922057604;2.0;3.321928094887362;3.321928094887362;3.4594316186372973;5.169925001442312;2.807354922057604;3.584962500721156;1.584962500721156;1.584962500721156;2.321928094887362;2.0;2.807354922057604;3.0;0.0;1.0;3.169925001442312;4.584962500721156;3.584962500721156;3.807354922057604;0.0;3.807354922057604;1.0;3.4594316186372973;2.321928094887362;2.807354922057604;3.169925001442312;4.087462841250339;4.169925001442312;2.0;1.584962500721156;2.584962500721156;4.087462841250339;4.392317422778761;3.4594316186372973;0.0;4.700439718141092;4.087462841250339;2.0;3.321928094887362;3.584962500721156;2.321928094887362;3.169925001442312;3.321928094887362;4.169925001442312;3.700439718141092;2.321928094887362;2.321928094887362;0.0;3.0;2.321928094887362;4.247927513443585;4.584962500721156;4.807354922057604;1.584962500721156;4.754887502163468;4.643856189774724;1.584962500721156;2.584962500721156;3.321928094887362;4.247927513443585;0.0;4.643856189774724;2.584962500721156;2.584962500721156
11.072132604167232;11.3157156580222;12.27873982655011;10.842350343413807;12.81698362325538;12.536975665610642;11.871520262329112;11.847448903982432;11.986908624697694;10.992230264965889;11.269711121142782;10.34207466799914;10.831307243802051;10.488844346457336;12.373680833411614;11.591522346570734;11.854868383260236;12.423903765836592;10.881113960675096;10.922584402713664;10.996473488733228;11.985130373466898;11.556506054671928;12.174301544467632;12.083146870816742;12.017156386383112;11.501837184902296;11.378294855911893;11.452241240430816;11.61194694181998;12.474212937193943;11.666667840690357;11.282509306240836;11.970824901362615;11.318542809702723;11.639792893279312;12.416533660199583;11.25974326369078;12.43905168059173;11.981567281903017;10.410451351503994;12.02167404285837;12.536975665610642;12.17617314910749;11.377210530388552;11.868436755858168;9.746514321138465;12.154501693864765;11.095397022792556;11.448116305409464;11.211279947482009;10.804937672051908;11.215532999745657;12.253256579781151;10.992230264965889;12.154185209265297;11.223398414711628;11.531868775177552;12.532112370794998;11.282509306240836;11.38855550398256;10.804937672051908;11.29232163280204;11.11699367754698;12.084144010615145;12.389093521904474;11.611024797307351;10.059344460824423;10.604553229079038;11.508289986140348;10.92035285541508;9.89633240390994;12.172114932533136;11.113742166049189;11.698270577692032;10.804937672051908;11.249706056969703;10.804937672051908;11.092096414990792;11.452241240430816;12.442425193331609;12.173052457774116;11.83605035505807;11.38316426063511;10.41256984680521;12.197216693110052;13.04882741336389;10.907641803665529;11.161131882984307;11.56081046872794;11.88340698638837;11.364134655008051;11.25089053572334;12.81698362325538;11.348174867535556;11.967946705812707;10.899356922923111;11.453785055496157;11.859922972861758;11.43149760425805;10.891024190149498;10.490850876740298;10.847840355630714;11.792790294301064;10.370687406807216;11.526010107061737;12.076147528022505;12.737036036540228;13.085472459181284;10.14338321398982;11.07347215397646;11.467096033905747;11.52943055414615;10.59898297103609;10.868822554775;10.125413470483316;11.130570562805426;10.922584402713664;11.4893462407191;10.35974956032233;11.019590728357882;11.508289986140348;10.41256984680521;10.186114239541643;10.30035256032822;10.860311054919482;11.375039431346924;9.86418614465428;11.305491792110685;10.854868383260236;11.467605550082997;11.185494924210866;11.98903963696239;11.214926187942435;11.50382573799575;10.853309555403674;11.000704269011246;10.995767150877802;12.272921326867005;11.298062567719017;11.5980525001616;10.610102062999664;10.179909090014934;11.203348002979762;10.715104009236168;10.476746203939468;11.57553924683453;11.281350514981035;11.321928094887362;10.927037168720297;11.464035152189911;9.22881869049588;11.31628153174622;11.34207466799914;11.403544678202014;9.930737337562888;10.768184324776929;11.057991722759176;10.611024797307351;11.63117705570398;11.186733289128869;11.371776644337924;10.793603309279408;11.57553924683453;11.400879436282183;10.842350343413807;11.454813348512523;10.562242424221072;10.64565843240871;11.729620743553038;10.760719947465624;10.24198314969433;10.66266837551754;11.527477006060396;11.187352073200495;10.561287945164828;10.42940674151398;11.866506212226202;10.965784284662089;11.486332252768664;11.199058823653022;10.800899899920305;11.915879378835774;10.360847084179664;11.440350119200565;10.515699838284045;10.247927513443583;10.92851837525789;11.114393054867309;11.064742764750257;11.345405246717796;9.958552715431011;10.698704666770343;10.839991070539886;11.036173612553483;10.624795455860236;10.93737382019215;11.376125389276174;11.53430288245463;9.900866807980748;10.675074920385445;11.52552080909507;10.71681946132995;8.954196310386875;11.41204051455165;11.094077685671904;11.456354415108288;11.214926187942435;10.127994320976391;10.169925001442312;10.75905593916017;10.828929827651486;11.460455896309636;11.023061249735337;11.29748950116098;10.600842114387302;11.1767964781476;12.050528905530555;10.413627929024171;11.02167404285837;10.425215903299383;10.487840033823051;11.683433292835405;11.721099188707186;11.155450731312138;10.655530723155644
12.468624042918018;13.317836541004578;13.319954310686944;11.717248005827646;12.194449079479025;11.668441828052998;16.23985953916897;12.898790308381212;13.557463701597824;12.825356341479337;11.328674927327947;12.452756029032496;13.1524433018642;11.557463701597824;13.546050390718486;12.20945336562895;13.124929046602478;12.421012855779226;13.196602126523173;12.598750409571752;11.99045856507371;13.04336911395769;13.533086342167612;12.790755750118311;12.730894646541673;11.585901449690772;12.477758266443889;11.023061249735337;12.691307330191115;12.050188767596437;12.496853777388042;12.253552062637464;10.863411958941638;12.973518004703717;12.830119025444516;14.728452010164396;13.067938476436064;12.26209484537018;10.559377090526684;18.557605798146646;13.211279947482009;12.347067657165873;11.668441828052998;12.437231901039478;12.1999790076159;12.486583659067268;11.06406908038551;12.575775579874763;12.439571196276454;11.701306461958623;11.898979204622512;12.631631805917635;11.41415667927414;13.37843033931725;12.825356341479337;13.962624932457455;12.136029849385553;11.696098170955864;12.585432051592962;10.863411958941638;13.009128789539256;12.631631805917635;12.727282329212189;13.229269462266736;13.666113021993024;12.444238438078106;12.792586968947914;12.518161355756956;13.259449046285685;12.798269274949693;11.686062749895417;14.356451970221755;13.19829155509221;17.068820255233213;12.442165972229322;12.631631805917635;11.885696373339394;12.6476832678862;12.77561028075954;12.691307330191115;12.798471801101618;14.458534778744625;11.29174628083394;11.41204051455165;11.13699111208023;11.413627929024171;10.73978060977326;11.733862719678545;11.556984957594462;12.106562940444883;12.730894646541673;12.490098754884238;14.142027260016052;12.194449079479025;14.338248903251523;12.66644593881483;12.757806672197228;12.84725313832084;12.978174174468167;14.819879699830006;11.737247343027738;14.013846052731347;11.563672959827514;16.1287596230332;13.049678410286392;14.0418302391015;11.815783544128184;13.323477033150423;12.248224089668474;14.040889006871572;11.927777962082342;12.2903068962579;12.049848549450562;13.89121410590583;13.30848124464402;14.391914828931892;14.13016832814676;13.41323123912454;14.243099585151974;14.03419714109205;13.289298471903477;13.697510607377868;14.337830932691126;14.218184804521943;13.59898297103609;14.363176553811964;13.404875455015208;13.41481734468885;13.286413369370344;13.574238722636666;13.608832338914842;13.85904940635557;13.942239575363963;13.987885729402086;13.88683970588442;13.766632427778108;13.918676926815126;13.73946419458592;13.034627039197348;14.230695977736552;13.620105248607066;14.182704710518964;14.408197036444903;14.16820200623727;13.6713199131833;12.828136484194108;14.0380616201336;13.628673364068312;13.590587049915037;13.657318449581288;13.33161677384507;14.163728286289151;14.046100845028802;13.663446918132603;13.40207940450145;13.628217680223434;13.520373136339725;14.043539998771736;13.813681000582536;14.394060699054595;13.896237785445184;13.6032786098684;13.62490966089025;14.40693573620228;13.659326997414103;13.778487861222372;13.844117269587995;14.129283016944967;14.026004642978943;13.76994112565983;12.882452001882136;13.07363951028323;14.533573081389802;14.05273784954982;13.94196459298614;13.206403913973848;14.408462432884376;14.248817059278505;12.817783121774534;13.49460561567122;14.563732534705844;13.842546775443642;13.937741620077096;14.220907299509877;13.309760544729622;13.527477006060396;14.252295842326314;13.564744931424242;13.772108342052116;13.561168590869755;13.89973454235751;13.044735626056909;13.207471955404491;13.344295907915816;13.764560631570992;12.673971520682796;14.43280285635187;13.883025068440173;13.491853096329674;14.468369487109523;14.413032853263864;14.000792278469312;13.584845089120613;12.800090987624994;13.996561756654629;13.84519599345634;14.504012024398088;13.802516365121225;13.992141731625926;14.299064886779355;13.755722153642282;14.073723181157018;14.276851386917684;13.94452905919877;14.443850077438436;14.276269830912272;13.510146020155364;13.07263508111231;11.714245517666123;13.662445857580664;13.74819284958946;13.556865246766623;14.91246836404911;14.153710352151716;13.92174797692491;13.961178349604277
11.646558710154547;11.5473765634981;12.220982851081777;12.30720080914081;11.728770849542665;12.237508748172656;11.706496018061188;11.589651146514786;12.706927639617405;11.077483356859508;10.778077129535358;11.735556023911537;11.585901449690772;10.112439506781552;12.260919533662904;11.88264304936184;12.403544678202014;12.376396751082842;11.834866038362016;11.949097155729207;12.10000522442272;12.318260343712415;12.977816540594027;12.258566033889933;11.793196859060943;12.66289085913906;11.419960177847887;11.71037597120447;12.539401179028111;12.26795708440284;11.98477446004684;11.88378880325996;11.81016993766466;11.647008638441648;12.06406908038551;12.069449767427784;12.09901899101923;12.573173784686484;12.002463438892535;12.183635381473218;11.575066464578656;11.820577882655774;12.237508748172656;12.06305796362349;12.278159031437236;11.659995892429976;11.181152256865566;13.012799104179676;11.689997971419446;12.400879436282183;12.302924464617952;12.530406337099068;12.091435386323608;11.622509454683335;11.077483356859508;12.425215903299383;12.054604317960672;13.04916787237217;12.204876767603992;11.81016993766466;12.317129926384542;12.530406337099068;12.750078862693847;12.235715094761895;12.230320715661112;12.48708634027127;12.262682142362165;11.084144010615145;11.202736043250168;12.278449458220482;11.827739648806956;12.013322673425447;12.068778277985412;11.992938336165814;11.95637615724967;12.530406337099068;11.4189067312579;12.462757865660365;11.49235394515987;12.539401179028111;12.983171762188007;12.940864139049571;12.588714635582264;12.152918576136624;12.406470768529283;11.828533210455618;12.114393054867309;11.758223214726724;12.238106137432077;12.281350514981035;11.887982133058454;12.112765281885316;12.024793384702548;11.728770849542665;11.493355121494906;12.046441948007311;10.894817763307945;11.765286098723683;12.477758266443889;12.220378327695228;11.522091068887065;12.62890115202819;11.634811050171718;12.452756029032496;11.42678889459556;12.694357887221452;11.935533412950749;12.20212382383046;12.4542992936199;10.4231159101471;12.570092874188056;12.596422730717526;11.553629293916364;11.863024710236886;11.4757334309664;11.993999791792524;12.00562454919388;11.543031820255235;12.165849146176395;11.972261848733291;11.699138625275914;11.939211882666395;12.208539206738363;11.773963368433558;11.38747886584238;12.0003521774803;11.934796592178404;11.377210530388552;11.623881490013458;11.534789211480266;11.99116750614001;11.802516365121225;11.9683067944308;11.595723694101627;12.167104482379932;11.566054038171092;11.998942951443086;11.581200581924955;11.712527000439824;12.185804615108458;11.854868383260236;11.89973454235751;12.157346935362844;12.059344460824423;11.410451351503994;10.924070185585345;12.204571144249204;11.697402007502708;11.889503963411476;12.036860446673046;12.07648160120702;11.92072501975118;12.04678297035635;11.859534786382651;11.49585502688717;11.040289721025715;11.731743290707842;11.963979787815338;11.4812949046311;11.985486199104637;12.169611882604212;12.288000889707574;11.5473765634981;12.3437409184722;11.929258408636972;12.00562454919388;12.132178380915544;12.250002267840449;12.00105627463478;12.360024019571876;11.397139806235604;11.207014320177532;12.0;12.240195053979924;12.179909090014934;11.718104713121756;12.235715094761895;12.307770031890705;11.633449374713493;11.702605602110248;12.04882741336389;11.493355121494906;12.106890045092218;11.556026992724677;11.89973454235751;11.50481898763284;11.767770648776704;11.623881490013458;11.527965641133957;11.806952328210736;12.013671614058635;11.254438148267257;11.439830883981392;11.56271942704932;11.670213636738564;11.390706372872774;12.216442739160492;11.808562029957525;11.693922488081014;11.85914649542596;12.143702076857933;12.065416134676548;11.473705749619416;11.589651146514786;12.14338321398982;11.820178962415188;12.244661144764198;12.027560482248775;11.79685079526716;11.854868383260236;11.33371442609397;12.19598729802851;12.216745858195306;12.01297364837454;12.301210371298426;11.874981347653774;11.945443836377912;11.993999791792524;13.082980613825388;11.63390340934852;11.836444911341369;11.53818893205242;12.584962500721156;12.372048825272772;11.90388184573618;11.744833837499543
1.584962500721156;3.169925001442312;2.0;2.807354922057604;0.0;1.584962500721156;1.584962500721156;0.0;0.0;1.0;0.0;4.169925001442312;3.169925001442312;1.584962500721156;2.321928094887362;1.0;1.584962500721156;0.0;4.0;2.584962500721156;0.0;1.0;4.954196310386875;4.087462841250339;1.584962500721156;2.0;0.0;1.0;2.807354922057604;3.321928094887362;0.0;0.0;0.0;2.0;1.584962500721156;1.584962500721156;3.321928094887362;0.0;2.0;0.0;2.807354922057604;2.584962500721156;1.584962500721156;2.584962500721156;2.584962500721156;2.0;2.321928094887362;3.4594316186372973;1.584962500721156;1.584962500721156;3.807354922057604;0.0;1.0;1.0;1.0;1.0;3.906890595608519;4.857980995127572;0.0;0.0;2.584962500721156;0.0;5.614709844115208;2.0;1.0;4.087462841250339;6.066089190457772;2.807354922057604;2.321928094887362;1.584962500721156;2.584962500721156;2.807354922057604;4.0;4.169925001442312;0.0;0.0;0.0;2.0;1.0;2.807354922057604;1.584962500721156;3.4594316186372973;0.0;0.0;2.321928094887362;1.584962500721156;0.0;2.0;4.584962500721156;1.0;0.0;4.392317422778761;1.0;0.0;2.321928094887362;3.169925001442312;2.584962500721156;3.4594316186372973;3.169925001442312;1.584962500721156;2.321928094887362;2.321928094887362;1.0;0.0;0.0;3.321928094887362;3.321928094887362;1.0;3.906890595608519;0.0;1.584962500721156;1.0;0.0;4.392317422778761;0.0;0.0;4.169925001442312;2.807354922057604;1.0;2.321928094887362;3.807354922057604;3.169925001442312;2.0;4.247927513443585;1.0;3.0;3.4594316186372973;1.584962500721156;3.321928094887362;3.584962500721156;4.169925001442312;4.643856189774724;3.584962500721156;2.0;4.857980995127572;3.0;2.584962500721156;3.169925001442312;2.807354922057604;2.0;2.321928094887362;1.584962500721156;1.0;4.087462841250339;2.584962500721156;2.321928094887362;5.169925001442312;1.0;3.169925001442312;4.523561956057013;3.807354922057604;2.807354922057604;3.4594316186372973;3.906890595608519;4.087462841250339;2.807354922057604;3.700439718141092;3.169925001442312;3.584962500721156;3.807354922057604;5.044394119358453;1.584962500721156;2.584962500721156;4.169925001442312;3.0;4.523561956057013;4.392317422778761;3.321928094887362;4.169925001442312;4.523561956057013;2.321928094887362;4.584962500721156;1.584962500721156;3.0;3.0;0.0;0.0;3.321928094887362;3.321928094887362;2.807354922057604;3.0;3.4594316186372973;3.700439718141092;3.0;2.584962500721156;1.584962500721156;1.584962500721156;5.247927513443585;4.0;2.0;0.0;0.0;3.807354922057604;4.0;2.0;3.807354922057604;3.321928094887362;3.169925001442312;1.584962500721156;2.0;3.906890595608519;5.0;1.584962500721156;5.087462841250339;3.4594316186372973;4.392317422778761;0.0;1.584962500721156;1.0;1.0;2.321928094887362;2.584962500721156;4.584962500721156;3.169925001442312;3.0;2.0;3.4594316186372973;5.044394119358453;0.0;0.0;2.584962500721156;3.700439718141092;2.0;3.0;2.0;2.321928094887362
10.022367813028454;11.63117705570398;11.885315061049376;9.605479518061667;9.638435913990472;10.65284497300198;9.303780748177102;9.930737337562888;10.308339030139408;9.39660478118186;6.303780748177103;8.731319031025064;11.960364008877834;9.933690654952231;11.571752643503546;8.879583249612784;11.396069557639867;11.950555897047511;8.885696373339394;10.075479149488016;8.543031820255237;10.580258567499788;11.73978060977326;10.72451385311995;8.820178962415188;10.203348002979762;9.00842862207058;9.20212382383046;11.038918989292302;10.159871336778387;11.77313920671969;9.3151495622563;9.894817763307945;8.29920801838728;9.815383295813538;8.554588851677638;10.171176797651771;8.417852514885897;9.756556322524087;7.087462841250339;10.002815015607052;12.81317994301459;10.65284497300198;11.54882190845875;9.519636252843211;9.23840473932508;7.700439718141092;9.324180546618742;9.741466986401146;6.857980995127572;9.611024797307351;8.857980995127573;9.194756854422248;10.754052367528924;9.39660478118186;9.335390354693924;9.632995197142955;8.873444112515376;11.974414589805528;9.894817763307945;9.853309555403674;8.857980995127573;9.390168956200185;10.22881869049588;9.4241662888181;9.682994583681683;9.679480099505446;8.918863237274595;8.59245703726808;11.189824558880018;8.535275376620802;8.731319031025064;10.839991070539886;11.092757140919852;10.06339508128851;8.857980995127573;8.988684686772165;9.961449694398196;8.845490050944376;11.038918989292302;10.735556023911537;9.661778097771988;7.86418614465428;9.057991722759176;8.94251450533924;11.303209948944776;9.24555270625568;8.784634845557521;8.03342300153745;10.096715154488535;9.89026427702111;10.224001674198105;11.105253779700885;9.638435913990472;9.019590728357882;9.243173983472952;10.225207436943505;10.80896417491926;9.264442600226602;9.24555270625568;8.643856189774725;9.330916878114618;8.049848549450562;10.892542816648552;8.055282435501189;9.914385132155443;8.918863237274595;12.721526464007477;10.39231742277876;8.7714894695006;8.89178370321831;9.65284497300198;10.709945380232496;11.417852514885896;11.239001757765582;8.930737337562887;10.74819284958946;10.876516946565;11.534789211480266;9.280770770130603;9.878050912728536;11.293471648838134;9.831307243802051;11.228217442293436;8.717676423066395;11.131856960608792;11.12605911607068;9.94104760634058;11.162391328756906;10.63662462054365;11.02167404285837;11.5473765634981;11.335390354693924;11.475226777742266;11.884552133987237;9.782998208920414;11.02997734658958;11.34485068394299;12.391780606013166;11.201511344500146;10.7657004876511;8.005624549193879;10.020979938904212;11.229419688230417;11.124121311829189;9.99717948093762;11.862249900851513;10.579315937580017;10.599912842187129;11.945809584900822;11.222191138456331;8.78135971352466;11.1357092861044;11.663113308455806;10.906890595608518;10.326429487122304;10.794415866350104;10.778077129535358;8.727920454563199;11.86727873970966;11.341518823245243;11.486332252768664;10.876516946565;11.12670447284319;11.777666280880757;11.464035152189911;11.98370619265935;10.742309436084;10.90312867681232;11.91513244895065;9.588714635582264;10.250298417906333;9.34207466799914;10.680359523513712;10.31741261376487;7.6293566200796095;8.266786540694902;11.82456102997028;10.991521846075695;10.731319031025064;11.898601387403938;9.324180546618742;11.75112558336727;9.419960177847887;11.636171441635922;9.94251450533924;8.74819284958946;10.897089128312755;11.603626344986193;11.409390936137704;11.482303782323182;8.888743248898258;10.65284497300198;10.86727873970966;11.841957399099549;10.562242424221072;10.032045726930807;11.41204051455165;11.375039431346924;8.566054038171092;11.025139562278508;11.22881869049588;10.785452468158542;9.932214751968385;11.364134655008051;11.267371931265274;11.287712379549449;10.111135670234708;9.894817763307945;9.25502856981873;11.010528105886484;10.067434360756522;10.980853606379736;11.68079903457298;11.552669097514272;8.038918989292302;10.812177305514448;10.987264012072538;5.930737337562887;10.477758266443889;11.03960451795376;11.338179249900112;9.18239435340453;10.929998062609029;11.773963368433558;10.345405246717796
12.729620743553038;13.65273295816898;8.326429487122303;7.592457037268081;4.523561956057013;7.467605550082998;12.016808287686557;7.044394119358453;7.74819284958946;14.724034154016316;2.0;13.635718120331047;11.243173983472952;7.066089190457772;9.445014845868425;11.971184272404678;11.436190995481416;7.149747119504682;13.13651056079364;12.373408960228696;13.557224349454447;6.149747119504682;16.25994550335684;6.977279923499917;11.473705749619416;13.1103201736097;4.584962500721156;7.294620748891627;14.874405076409488;13.609063280974066;6.7414669864011465;13.638209626633582;5.20945336562895;5.807354922057604;9.876516946565;7.2384047393250786;14.567659047343987;13.57790083688697;5.491853096329675;12.360298426618046;13.81528321638227;7.20945336562895;7.467605550082998;10.619302955415687;14.007377733321269;7.20945336562895;7.807354922057604;11.889503963411476;11.667998535672528;5.832890014164741;11.74104557700984;8.714245517666123;11.386940245324311;8.39231742277876;14.724034154016316;11.929998062609029;13.83061423536284;15.265468542799042;5.426264754702098;5.20945336562895;8.005624549193879;8.714245517666123;15.426166457269083;8.912889336229961;10.715104009236168;8.679480099505446;11.78340754217352;16.137351420529594;13.40992124124968;12.804937672051908;6.754887502163468;8.906890595608518;15.386839231586327;7.499845887083206;9.068778277985412;8.714245517666123;3.169925001442312;10.355351096424812;13.579080183834757;14.874405076409488;14.86544331103953;15.092633277855525;3.321928094887362;10.642954223480332;15.10725794919191;5.426264754702098;6.247927513443585;7.686500527183218;14.538128292956896;15.669023442671191;5.906890595608519;13.8549657540996;9.39231742277876;4.523561956057013;7.894817763307944;9.469641817239516;13.93304513317431;12.854089179870574;1.0;9.419960177847887;6.0;9.413627929024171;6.066089190457772;6.0;14.299994988501746;13.61171646094388;11.778077129535358;8.194756854422248;14.49097619227053;9.174925682500678;14.085223468234444;12.640470904590089;13.960092459790063;12.70628015884916;12.667555107041132;8.721099188707186;11.184255495405347;12.605248001565805;12.088125692188209;9.558420713268664;10.61286849729104;13.910080531966354;9.881113960675096;11.019590728357882;10.691743519171276;12.590119174107176;11.445532219028312;10.287712379549449;10.64745842645492;11.985486199104637;11.79685079526716;12.711451886714766;11.389631339260522;13.231221180711186;12.925183519434208;11.413627929024171;13.550626555786868;12.796242448203165;9.247927513443583;14.562242424221072;9.407267764244732;9.823367240046236;9.523561956057012;11.806146803320525;12.001408194392807;12.527965641133957;11.965423565810127;13.595956743943162;10.456354415108288;13.601422605700364;11.004922678569043;10.382624026574916;14.7632123668144;11.586370695113963;13.778385189262687;11.757390009366638;11.400879436282183;13.018895621121649;8.044394119358454;11.342630298678408;12.211888294546004;15.648582283363735;12.34623669139025;10.906890595608518;11.544964432789238;12.02997734658958;12.139231570719351;11.960725994839056;13.457509135732698;12.489597122389307;11.06406908038551;10.4797802640291;10.84862294042934;11.669328004395904;10.667111542075029;7.74819284958946;9.436711542137214;13.011401989880063;11.393390457443989;12.433846208442825;13.979157210740588;11.50382573799575;11.817783121774534;11.337621901992508;12.448116305409464;10.80896417491926;9.079484783826816;12.121857245612654;12.073806847178492;11.731743290707842;11.827342704234116;7.022367813028454;11.924441392339196;10.648357582009666;12.337621901992508;12.609871287178828;11.644757592516257;13.490474864825336;12.885886991697456;9.12670447284319;12.807958602256477;13.902940323128275;10.147204924942228;12.599215495017718;13.842546775443642;13.092426815780255;11.219773550892874;9.782998208920414;12.263562639820616;10.409390936137704;13.809466698537456;13.043881707688747;13.258418812598832;12.919980595048962;12.658657792126084;8.60733031374961;13.91176647065955;13.404476350847172;7.366322214245816;13.354111608460832;10.982280604558284;12.170863950411928;8.710806433699352;14.76647714622364;13.489597122389307;12.234817431117325
12.3188252203997;12.356176830516356;12.929258408636972;11.543031820255235;12.109830654278792;12.513480875979049;12.47294463377961;12.767977501603912;12.181773438808808;12.085472459181284;11.541096615349524;12.247334178028728;11.036860446673046;11.423641195075856;11.946906274456396;12.109504215757006;12.139871063212489;11.878050912728536;11.088788238716909;11.686938171670388;12.334831928118;12.119589620741122;13.56961830344664;10.83368074865474;12.43879185257826;12.988329649231089;11.47015043527436;11.696098170955864;13.496104779340126;13.086799685623452;13.641487324481671;12.147840893672337;11.457380879072534;11.140190703191836;12.619990662606378;12.26502894245816;12.382624026574916;12.342908033791574;13.391512122707118;13.109830654278792;12.518161355756956;12.665780028329484;12.513480875979049;12.057653339963936;12.262682142362165;13.07347215397646;12.918490592292311;13.158609688214478;12.413627929024171;12.542548262335211;12.862443642212297;12.883597907455398;12.397139806235604;12.26502894245816;12.085472459181284;13.417720683658056;13.477631797450522;12.862443642212297;12.093087390444218;11.457380879072534;12.958008883656944;12.883597907455398;13.512123161420202;12.281930026955443;12.618614920250804;10.617467465294196;11.437752072323605;11.869208250550829;12.84960057483748;13.164592716712368;12.31628153174622;13.768391118304248;12.397139806235604;13.458662932867815;12.203348002979762;12.883597907455398;11.449148645375436;13.37910756556115;11.659103963473662;13.496104779340126;13.57896229251368;12.104926303807776;11.836444911341369;11.734286232096348;12.159871336778387;11.42783660345852;12.28626896267978;11.636171441635922;11.597587039586216;12.760096169244092;11.624338545312986;12.326429487122304;13.262975701227942;12.109830654278792;12.578608560737752;12.35507574666906;11.069449767427784;11.632995197142955;10.602698865017963;12.257682480708766;11.960364008877834;13.069953179485545;11.07347215397646;13.6681093715379;11.617008227651963;13.15718901351485;12.203348002979762;12.842546775443642;12.011227255423254;10.697836357962377;13.385727613418409;12.862056133469462;12.080151309614088;12.602698865017963;11.321928094887362;11.761966695382092;12.47826403158172;11.933321820732946;12.572463389083676;11.814582465906277;11.68650052718322;11.734709620225836;12.302353326431202;12.461990950585571;11.145295334933598;12.722594098956584;10.62113611327464;11.712527000439824;11.480790201095816;11.939579214314692;12.567718457850754;12.465311308877183;12.31938987600021;12.389093521904474;11.958915156091347;11.564625862795372;12.30149619498255;12.285113188501493;12.188588845707349;12.868243817704636;10.99929538702341;11.876900591040306;12.136670762341843;12.326429487122304;12.054943416573323;11.452756029032496;12.502334580197996;11.858758099935422;11.950920352030098;12.039947160169094;12.042343379793692;12.40832974076739;12.641600215834355;11.757390009366638;12.282798858683533;11.652396861477678;12.061033601681112;11.701306461958623;11.363039630256514;12.623424289869911;12.613559277788264;12.840384550711669;11.81977993183848;12.437752072323605;12.367687756270046;11.13249972962851;12.702605602110248;12.355626393637916;12.889313822384397;11.064742764750257;11.356451970221755;11.510764167917891;11.99045856507371;11.546412195119352;11.906890595608518;10.682994583681683;12.33063682472329;12.62935662007961;11.854868383260236;11.486332252768664;12.57459352733761;11.698270577692032;12.501837184902296;12.290882822429577;11.513727595952435;11.97692206785108;11.526010107061737;11.86611979330307;12.187352073200495;12.255618749839597;11.773551346428505;10.904634621668151;11.682116764950074;11.934059394900794;12.16804526822409;11.722380635163802;12.34568244818678;12.766114757586722;11.952741247186488;12.215836309962455;12.871135184243045;13.267518241801469;11.43879185257826;12.350939181546432;12.324180546618742;12.86418614465428;12.594091290260412;10.94104760634058;11.874981347653774;12.139551352398794;11.800899899920305;12.114393054867309;12.950191349972702;12.4757334309664;12.230320715661112;11.71037597120447;12.199365616857982;12.639566818681828;12.085472459181284;11.689124404913258;12.1526017440192;12.827739648806956;12.338736382573916;13.185185166820329;12.314583244274194;11.781769511863132
11.25974326369078;12.773345291291273;13.027042055565031;11.85836959985474;13.297919322418709;12.225809940623543;11.668884984266247;11.37937836707126;11.894817763307945;10.335390354693924;11.284824100224624;12.151967870968187;11.227615943414223;11.892542816648552;11.861474675125772;11.584022940257542;12.129926933510394;12.172427508645482;10.663558104217271;11.83368074865474;11.44449728710381;12.385323176175872;13.771592633363554;11.381002109550924;12.808763116450413;13.001408194392807;10.669770888525518;10.900866807980748;12.530406337099068;13.368370042894677;12.542306422582593;11.036860446673046;11.51422090935813;10.50382573799575;12.212192371908472;12.050188767596437;12.453013354466314;12.919794428839156;13.60952505421667;12.95310515059134;13.159398347853037;12.52820989662271;12.225809940623543;12.162391328756906;12.693051295397;12.093087390444218;11.762797262498232;12.34955768662052;12.86785786397283;12.283377789285558;13.257682480708766;13.602002863537445;11.910642730469624;11.65284497300198;10.335390354693924;12.590820930930525;12.79685079526716;13.47699928613306;11.023754353299417;11.51422090935813;12.347067657165873;13.602002863537445;13.935717559359942;12.33063682472329;11.36194377373524;10.832098846039134;11.240195053979924;11.646108641506103;12.161131882984307;12.384513961398618;12.557942286787448;12.811976694370289;12.418379719364957;13.370823606480757;11.907641803665529;13.602002863537445;11.12670447284319;13.39486457818436;11.892163309861964;12.530406337099068;13.137791675355247;12.01262453886506;11.46454575033394;11.59618975614441;11.382624026574916;11.0;12.2404932238768;11.61654884377899;11.671983272091865;12.134747168669016;11.523071826940395;12.796242448203165;12.82316817898474;13.297919322418709;12.170863950411928;12.666889708440255;11.254438148267257;11.640696837570092;9.515699838284045;12.016808287686557;11.04916787237217;12.413098984915264;12.615629636968098;13.28828934218097;11.00842862207058;12.5090326863065;12.429929741353272;13.067434360756522;11.507299124122763;10.243173983472952;13.248817059278505;12.184255495405347;12.28828934218097;12.976385117888592;11.667555107041132;12.247927513443583;13.453013354466314;12.539885792751477;13.446954039279555;12.3188252203997;12.518407276671365;12.440090524950488;12.882260929099804;13.095067301607054;11.93810932621924;13.132339064219256;11.419433550705378;12.401679525982452;12.249706056969703;12.537703747907644;13.123151432773575;13.09687983630378;12.942331224510577;12.81678367937856;12.379919817646538;12.215532999745657;12.840777923595054;12.937189885081184;12.658657792126084;13.279610581052484;11.456867738380344;12.465311308877183;12.955286645524469;12.9947069952581;12.381272555711789;11.725792271494155;13.16427843830117;12.495105510007784;12.949279579076595;12.650827374138768;12.86360554432145;12.916812497709833;13.06406908038551;12.293759009667864;12.674412981837063;12.400078902622012;12.63254087654689;12.534546067459992;11.984062369686436;13.398342887645883;13.356451970221755;12.97172316117676;12.390706372872774;13.073974164666753;13.491477345568104;12.002111776479852;13.26605446829837;12.961268803539594;13.744833837499543;11.532355925288847;11.94288099715904;12.07648160120702;12.910642730469624;12.163020639580791;12.849405100947758;11.002815015607052;12.884742903579696;12.927777962082342;12.512740462803498;12.605248001565805;13.299494239009364;12.526010107061737;13.116343961237469;12.817783121774534;11.565578136784328;12.381542951184583;12.455840909126398;12.598517810612622;12.94196459298614;12.627077840517394;12.667998535672528;11.214319120800766;12.114067647165264;12.362491806046062;12.902563541971553;12.292609222764296;13.048657153725893;13.333574677458138;12.45532722030456;12.887030173247677;13.555787402083771;13.686062749895417;12.10000522442272;12.673971520682796;13.138431806276849;13.186114239541643;13.3188252203997;11.579787329526992;12.47699928613306;12.56081046872794;12.384783750093352;12.842350343413807;13.651724433108065;13.240791332161956;13.072132604167232;12.5473765634981;12.582377235640692;13.35631440692812;12.874405076409488;12.479022346995178;12.732803394393494;13.452884697486615;12.79340009848382;13.579198065523013;12.909518114296617;12.413627929024171
6.768184324776926;6.845490050944375;8.930737337562887;5.727920454563199;8.734709620225837;10.458406613236534;5.044394119358453;8.388017285345136;5.857980995127572;6.6293566200796095;10.321928094887362;6.087462841250339;8.710806433699352;5.614709844115208;8.066089190457772;6.169925001442312;7.832890014164741;9.473705749619416;3.169925001442312;6.357552004618084;6.392317422778761;8.74819284958946;8.714245517666123;7.562242424221073;7.011227255423254;11.911017407796985;2.321928094887362;4.247927513443585;6.066089190457772;13.516192477879368;9.611024797307351;11.06406908038551;10.59618975614441;10.594324603924848;7.303780748177103;5.700439718141092;7.857980995127572;8.238404739325079;4.584962500721156;4.459431618637297;9.084808387804362;8.344295907915816;10.458406613236534;6.149747119504682;7.577428828035749;8.672425341971495;1.0;6.066089190457772;7.20945336562895;4.087462841250339;6.491853096329675;5.754887502163468;5.20945336562895;6.0;6.6293566200796095;5.754887502163468;4.523561956057013;6.044394119358453;8.417852514885897;10.59618975614441;7.584962500721156;5.754887502163468;6.507794640198696;8.741466986401146;7.066089190457772;8.94251450533924;7.954196310386875;6.022367813028454;5.727920454563199;5.614709844115208;6.658211482751795;5.285402218862249;12.771695789850025;7.707359132080882;4.954196310386875;5.754887502163468;7.383704292474052;6.475733430966398;8.124121311829187;6.066089190457772;5.523561956057013;7.129283016944966;2.807354922057604;5.0;6.20945336562895;5.20945336562895;5.614709844115208;6.189824558880018;13.497103357016876;6.189824558880018;11.062720767165043;6.0;7.851749041416057;8.734709620225837;6.727920454563199;8.603626344986193;5.727920454563199;6.820178962415188;6.845490050944375;8.426264754702098;5.129283016944966;5.491853096329675;7.857980995127572;4.807354922057604;6.94251450533924;6.3750394313469245;5.977279923499917;8.686500527183219;6.857980995127572;5.129283016944966;4.954196310386875;6.870364719583405;7.108524456778169;9.1006623390052;8.546894459887637;10.9901039638575;9.640244936222343;8.011227255423254;9.970105890612182;10.52258153125483;9.731319031025064;7.569855608330948;11.199672344836364;9.774787059601174;10.499845887083206;11.065416134676548;9.681238411777803;10.577428828035748;9.147204924942228;9.019590728357882;8.417852514885897;7.826548487290915;9.964340867792416;7.761551232444479;8.813781191217037;9.26209484537018;6.754887502163468;7.948367231584678;8.45532722030456;7.651051691178928;11.12670447284319;11.11178773580101;11.157346935362844;9.897845456005513;8.290018846932618;7.266786540694901;8.103287808412022;8.954196310386875;9.554588851677638;7.076815597050831;9.105908508571158;9.807354922057604;9.22881869049588;7.491853096329675;6.672425341971495;8.584962500721156;8.622051819456376;9.945443836377912;10.873444112515376;9.060695931687556;9.357552004618084;6.977279923499917;10.380461065088973;10.997885127829113;8.335390354693924;9.987264012072538;7.845490050944375;8.951284714966972;8.92184093707449;9.273795599214264;8.721099188707186;8.550746785383243;11.426264754702098;10.34318571544788;9.78463484555752;10.938844457466171;11.211279947482009;8.087462841250339;6.930737337562887;9.00842862207058;8.519636252843213;10.73640193131829;9.899356922923111;10.309476353841106;8.43879185257826;9.622051819456376;10.706496018061188;9.131856960608792;8.471675214392045;8.483815777264256;10.1331422124006;10.52845411076479;8.696967526234287;7.475733430966398;7.330916878114617;7.851749041416057;11.263269200372662;8.459431618637296;7.851749041416057;10.744833837499543;9.829722735086058;9.30149619498255;9.50382573799575;7.900866807980749;9.804131021183318;7.426264754702098;10.443979542601252;10.430452551665532;9.952741247186488;10.696967526234287;8.092757140919852;10.509775004326936;10.484822894262146;7.672425341971495;10.29920801838728;11.4655664048094;7.78135971352466;7.011227255423254;9.044394119358454;9.847057346091336;9.964340867792416;8.144658242831882;12.446824840780309;8.430452551665532;7.515699838284043;9.339850002884624
10.130570562805426;10.14338321398982;11.562242424221072;10.802516365121225;11.138911718142744;11.271463027904376;11.225207436943505;12.167418145831736;11.913637428049103;11.17804232886482;11.425215903299383;10.404077136241234;11.113742166049189;8.994353436858859;11.31174831500496;11.066761932386909;11.764042217306589;11.49235394515987;11.23421867823847;11.24436383512051;10.550746785383245;11.71853287606922;10.929998062609029;12.086799685623452;12.118616689351509;11.159240650411672;11.047123912114026;10.86418614465428;10.78053976747196;10.10459875356437;11.965423565810127;11.65687172561398;11.219773550892874;12.285980105928212;10.874212934830874;12.2836671674915;11.211888294546004;11.217957697864112;11.107217075591382;12.014717929860009;10.12023787734196;11.845490050944376;11.271463027904376;11.066089190457772;10.818582177480858;10.060695931687556;10.337621901992508;11.461479447286155;10.691743519171276;10.556506054671928;10.59898297103609;10.499845887083206;11.919608238603251;11.144020869266893;11.17804232886482;11.681677655209691;11.376668061857668;10.905387005018133;11.875749351420056;11.219773550892874;10.603626344986193;10.499845887083206;10.485829308701904;10.452241240430816;11.816183681432342;12.444238438078106;12.310328758616798;10.230020435705637;9.802516365121225;11.415213598765286;11.227615943414223;10.113742166049189;11.43149760425805;11.425215903299383;11.746514321138465;10.499845887083206;11.340406490853294;10.667111542075029;10.764042217306589;10.78053976747196;12.27350423396216;11.914385132155443;10.722807531169549;10.78053976747196;11.649256177517314;11.509775004326936;12.198751965193736;10.330916878114618;11.960725994839056;11.4231159101471;11.635718120331047;10.634811050171718;11.489847960439295;11.138911718142744;11.415213598765286;11.262682142362165;10.641148597411233;10.816183681432342;12.582847628550269;11.869593843240784;10.4231159101471;11.295194955880657;9.970105890612182;11.26795708440284;11.108524456778168;12.419170165028538;11.756973226165448;11.768184324776929;12.217351905270334;11.269711121142782;11.591989767615123;11.617467465294196;11.003517912108602;9.60177078840771;9.99435343685886;9.027905996569883;10.06204613772049;10.186114239541643;10.222794902868111;9.090112419664289;10.381542951184583;10.836839359748716;9.12670447284319;9.688250309133178;9.068778277985412;9.991521846075695;11.023061249735337;8.199672344836364;10.246740598493144;9.721099188707186;10.38586240064146;10.239598529249124;11.001408194392807;9.717676423066395;11.347067657165873;9.544964432789238;9.987264012072538;9.73978060977326;10.603626344986193;10.568906154502084;11.060695931687556;9.573647187493322;9.0;10.651051691178928;9.702172685365548;9.799281621521924;10.513727595952435;10.303780748177102;9.902375114486023;9.84862294042934;10.831307243802051;8.611024797307353;10.682994583681683;10.20945336562895;9.859534786382651;8.86418614465428;10.43879185257826;10.265615046484458;10.090112419664289;10.487840033823051;10.410451351503994;10.552669097514272;9.961449694398196;10.65284497300198;10.11504365016171;10.586839787961829;10.295768934420508;9.583082767502932;9.744833837499543;11.61056350392504;9.618385502258606;9.885696373339394;9.804131021183318;10.550746785383245;10.335390354693924;9.857980995127573;10.052568050804153;11.161131882984307;10.17367713630342;9.845490050944376;10.533329732305834;9.778077129535358;10.743992861060176;9.581200581924955;10.914385132155443;9.599912842187129;8.89178370321831;10.20945336562895;10.230020435705637;10.42940674151398;10.642954223480332;9.055282435501187;10.127994320976391;9.749869427396844;9.965784284662089;10.125413470483316;10.283088353024002;10.664447284547972;10.27029532647204;8.997179480937621;10.335390354693924;10.51175265376738;9.980139577639155;9.294620748891628;10.355351096424812;10.022367813028454;10.19598729802851;11.204571144249204;9.554588851677638;9.430452551665532;9.583082767502932;9.923327485419192;10.363039630256514;10.3297963382207;10.62844554013718;9.774787059601174;10.172427508645482;10.562242424221072;8.39231742277876;9.926295994781112;9.483815777264256;9.306061689428342;11.278449458220482;10.860311054919482;9.972979786066292;9.588714635582264
0.0;2.807354922057604;2.0;1.0;4.584962500721156;4.169925001442312;3.700439718141092;2.321928094887362;6.409390936137702;3.0;7.076815597050831;4.087462841250339;5.554588851677638;5.129283016944966;2.321928094887362;4.392317422778761;1.584962500721156;2.321928094887362;4.857980995127572;2.321928094887362;1.0;5.169925001442312;3.906890595608519;3.169925001442312;4.857980995127572;1.584962500721156;4.321928094887363;4.321928094887363;1.584962500721156;1.0;4.523561956057013;3.0;3.807354922057604;2.584962500721156;7.392317422778761;7.562242424221073;4.087462841250339;1.0;7.159871336778389;0.0;3.321928094887362;4.754887502163468;4.169925001442312;3.4594316186372973;4.0;2.321928094887362;1.0;6.3750394313469245;0.0;2.584962500721156;1.0;4.754887502163468;5.321928094887363;2.584962500721156;3.0;7.577428828035749;1.584962500721156;3.0;4.321928094887363;3.807354922057604;3.700439718141092;4.754887502163468;0.0;0.0;1.584962500721156;2.584962500721156;3.0;4.321928094887363;4.857980995127572;7.044394119358453;1.0;2.0;1.584962500721156;4.247927513443585;1.584962500721156;4.754887502163468;2.584962500721156;2.321928094887362;3.0;1.584962500721156;7.276124405274237;3.807354922057604;1.584962500721156;0.0;7.247927513443585;7.219168520462161;5.321928094887363;1.0;1.0;1.584962500721156;6.807354922057604;1.584962500721156;6.459431618637297;4.584962500721156;7.219168520462161;3.4594316186372973;1.0;1.584962500721156;3.584962500721156;5.643856189774724;3.807354922057604;7.22881869049588;2.807354922057604;6.6293566200796095;2.0;2.807354922057604;4.392317422778761;7.03342300153745;6.599912842187128;7.169925001442312;6.044394119358453;2.0;2.807354922057604;2.0;3.169925001442312;0.0;3.4594316186372973;2.0;2.321928094887362;2.321928094887362;2.584962500721156;2.807354922057604;1.584962500721156;3.321928094887362;4.459431618637297;3.4594316186372973;3.4594316186372973;1.584962500721156;1.0;1.584962500721156;2.584962500721156;3.906890595608519;4.247927513443585;0.0;3.321928094887362;0.0;4.169925001442312;3.700439718141092;3.321928094887362;3.807354922057604;3.4594316186372973;0.0;0.0;2.0;3.584962500721156;2.0;3.0;2.807354922057604;1.0;2.807354922057604;4.643856189774724;0.0;4.857980995127572;3.169925001442312;3.700439718141092;2.321928094887362;4.584962500721156;1.0;0.0;2.584962500721156;3.584962500721156;3.321928094887362;1.0;1.584962500721156;2.584962500721156;2.807354922057604;4.087462841250339;3.169925001442312;3.0;4.247927513443585;1.0;3.0;1.584962500721156;1.584962500721156;1.584962500721156;1.0;0.0;4.459431618637297;2.321928094887362;1.584962500721156;2.584962500721156;0.0;1.0;1.0;3.321928094887362;3.169925001442312;1.0;3.321928094887362;3.584962500721156;3.584962500721156;1.0;0.0;1.0;2.584962500721156;3.700439718141092;3.700439718141092;1.584962500721156;4.247927513443585;1.584962500721156;0.0;3.169925001442312;3.700439718141092;2.0;1.584962500721156;3.321928094887362;3.0;1.584962500721156;3.0;1.584962500721156;1.584962500721156;1.584962500721156;1.0;3.169925001442312;3.0;1.584962500721156;0.0;4.321928094887363;3.700439718141092;0.0;1.584962500721156;2.0;2.584962500721156;1.0;5.0;3.0;1.0
14.714943080974733;11.450695771572915;9.54882190845875;15.370176543483144;8.778077129535358;10.344295907915816;14.625651773302758;7.066089190457772;14.609409624761804;13.467096033905747;7.74819284958946;16.66145801996555;12.059006395201113;9.071462362556623;13.820478162936302;14.389967373324623;13.894438854562262;14.489973363111451;15.209796025929249;12.99453022688921;14.946266640200347;8.20945336562895;17.18566913352068;13.096385734452651;12.206403913973848;17.504074114520577;6.930737337562887;11.703903573444665;15.465438862481518;15.403145205669796;7.426264754702098;14.082980613825388;9.78953364497036;14.6163765371075;16.433161593747325;6.523561956057013;15.537218400538595;16.020849757227175;7.05528243550119;16.475163433576775;15.211127820625654;8.060695931687555;10.344295907915816;12.35231935484684;14.142665514758924;11.911017407796985;16.005514904414575;16.074705950606386;16.47665128666973;9.544964432789238;17.015915901216882;16.44685714148984;14.106971809667089;14.92383813285272;13.467096033905747;16.51837653884944;15.4567715041782;17.263709337165892;7.6293566200796095;9.78953364497036;14.181152256865566;16.44685714148984;16.961834012181843;13.461607340113764;13.03737535776324;12.758014958495272;11.717676423066395;14.431367014075487;14.35300894667723;13.457509135732698;14.945763871405962;17.045279735325927;14.480348440619665;16.460407899535348;12.01227534485612;16.44685714148984;5.906890595608519;16.119508568181146;15.350732041623;15.465438862481518;17.628139345065595;15.352077919813077;15.001276234543251;16.112032184426187;17.18512707990475;6.930737337562887;11.89519657256334;14.97477306788934;16.09797037878512;15.778872816007826;6.22881869049588;16.458518758678768;10.051208940914766;8.778077129535358;15.435474937014389;11.793603309279408;12.90218666238715;13.201664488711414;6.266786540694901;16.154956518877484;8.247927513443585;15.949598764440694;14.67297773890013;16.552098678383203;16.108013902001034;15.795177223189183;14.304921669581672;9.4797802640291;14.475480126595476;13.102303817212649;17.48402827452258;13.417852514885896;14.457957944272914;13.882260929099804;11.570330101030798;10.672425341971495;14.233769450446928;13.606520882775287;13.827640422902252;10.927777962082342;11.639340708652233;12.924070185585345;11.340406490853294;13.790450320871722;11.18239435340453;12.821574700936909;11.861086905995396;11.283088353024002;13.350386742312844;13.634016895684145;14.74740628253269;13.886458695703706;13.250002267840449;12.430975172588068;14.502210247449966;10.78053976747196;12.79968636133125;13.618041306851776;12.161446847518008;14.04379628804688;10.608254821977908;10.889503963411476;11.40886043602476;13.806851662192422;12.364955378481907;11.16679075071818;11.506307581100309;12.844313461203296;12.039947160169094;15.499877022258303;14.127591367299251;11.127349541059118;13.79197682089869;13.695445810537382;13.203195037381263;13.17819798458498;14.07347215397646;14.204953163327534;10.004220466318197;14.202047278132556;13.191059214531656;14.093335027985816;13.0003521774803;13.151333719291657;13.855744484320727;13.922212717785449;15.119305916856788;13.73259143596501;13.780129619625306;12.830515206976838;12.445014845868425;13.0380616201336;12.727069558023706;14.028855734504766;12.035486451292154;9.927777962082342;11.658657792126084;12.445014845868425;14.00149616092074;11.883025068440173;13.557104658489855;12.324180546618742;13.836149004245492;12.23840473932508;11.340406490853294;14.878338349895197;10.71338651493703;12.97656412341533;12.200898605038445;12.53430288245463;13.939211882666395;8.64745842645492;14.237060543838012;14.353353619025404;12.23511671439625;12.49235394515987;13.25974326369078;13.51434421135734;11.296916206879288;11.19537220740274;13.61447980424533;13.381272555711789;10.975847968006784;14.462757865660365;14.418972594210311;13.451855028397755;13.010003521295204;11.880348808156027;13.352181396917892;12.658880895047878;12.502831804066744;13.951011451391784;14.032906677628253;14.833137165252474;13.506059588827949;9.89178370321831;13.718746909901064;12.636398048883835;10.364134655008051;14.253330456169058;12.856230977341992;12.669992279616398;10.400879436282183;14.710160691782914;12.932399322433792;10.898601387403938
11.69566329678802;10.24555270625568;11.075479149488016;12.290018846932618;11.856036399819155;10.324180546618742;12.186733289128869;12.448116305409464;12.4189067312579;12.798674298826828;10.702172685365548;10.26795708440284;9.605479518061667;9.405141463136344;12.007377733321269;11.711236767793784;12.507299124122763;12.049508251055096;10.068778277985412;11.889884170302828;10.842350343413807;11.481799431665753;12.004571615167656;12.48608080265197;11.818981539432444;11.51668494930961;12.146886835415884;11.031356596255709;11.34207466799914;10.658211482751796;12.36139553316589;10.86727873970966;11.275542556086725;12.584257887744569;12.461990950585571;12.212496385193948;12.984240425230125;12.858952310750938;10.604553229079038;10.83368074865474;13.256798386079389;12.156715144224702;10.324180546618742;12.711882028352088;11.978710459106358;11.830515206976838;8.83605035505807;11.455840909126398;12.496604154575603;10.140829770773;10.499845887083206;10.368506461507693;11.260919533662904;13.205487820150566;12.798674298826828;11.11178773580101;11.939946452458686;10.79685079526716;11.401946123976536;11.275542556086725;11.208234358339787;10.368506461507693;11.56081046872794;10.51175265376738;12.45917543555203;12.109177703355275;12.557703014037768;10.714245517666123;11.477758266443889;11.525031345124;9.758223214726724;10.122827994807666;11.56843119316746;11.220982851081777;11.727069558023706;10.368506461507693;12.274378153246364;10.720244258287568;12.323617763291578;11.34207466799914;10.558420713268664;12.393926675640415;12.761758978868755;11.569855608330949;10.967226258835993;12.003166506665169;12.199365616857982;11.767770648776704;11.744413410557655;11.173052457774116;12.2603315185576;11.187352073200495;12.032390168866524;11.856036399819155;11.818582177480858;12.491101496916537;11.847840355630714;12.25797705856398;11.924070185585345;13.325446006995964;11.775198728897983;11.83368074865474;12.205793249397155;11.205182326228645;10.701306461958623;11.33147682185962;11.370687406807216;12.042343379793692;12.837430830221322;11.148476582178278;11.45532722030456;12.273212809854334;11.080817527608328;9.94104760634058;11.050528905530555;11.795633844506778;10.570804437724496;11.785452468158542;11.756556322524087;11.719388820942084;11.947636937951827;12.350662988372257;12.566291930007871;9.810571634741146;11.419960177847887;11.373408960228696;12.571278618514595;12.710591218506757;13.271025250616573;11.037546953962178;11.519636252843211;10.30149619498255;14.32671035834696;11.77313920671969;12.651724433108065;11.759888183221834;10.220378327695228;11.828533210455618;11.177419537989236;11.802516365121225;12.755513536037856;12.354524889449351;11.902375114486023;12.10000522442272;9.926295994781112;9.375039431346924;11.257387842692651;12.324180546618742;12.11178773580101;10.470658874060552;12.0003521774803;10.659995892429976;12.311464515448444;10.386940245324311;11.198445041452365;9.477758266443889;11.637530551525307;12.723020931812032;12.29174628083394;11.185494924210866;11.23840473932508;13.120399895988982;14.1103201736097;11.484822894262146;12.720458038393296;11.35149140932002;10.608254821977908;11.619302955415687;12.822570830950168;12.623652908052923;11.51224664282918;10.567005370247031;14.257535169222358;11.706927639617405;10.90839262077375;12.265615046484458;10.902375114486023;10.371776644337924;11.015415052386688;12.67065624911844;13.1527601687754;13.325867580575418;11.173052457774116;10.517669388133813;10.462502272597265;11.75112558336727;11.699138625275914;11.356451970221755;10.661778097771988;9.804131021183318;14.282292103765196;13.30049556424774;10.843921051289035;10.715104009236168;11.149111990706889;11.773963368433558;10.513727595952435;13.041316915829444;11.945809584900822;10.12023787734196;11.4241662888181;11.930737337562888;12.65687172561398;11.699138625275914;11.567956075415466;9.972979786066292;13.00842862207058;11.73978060977326;11.282509306240836;10.489847960439295;10.007027266893967;12.990990303530822;12.086799685623452;12.288000889707574;11.946906274456396;11.68255574108031;10.729620743553038;11.876133200043016;12.870364719583405;12.154818109052105;11.13699111208023;10.457380879072534;13.087297080919154;11.526010107061737;11.682116764950074;12.066089190457772
12.742309436084;13.234068951183083;13.654636028527968;12.366868586167094;13.318119089975497;12.86379910372885;13.63094962683287;12.869979332899964;12.98192398731734;12.786678033890652;12.160501747555688;12.905575039562663;12.15069928874454;12.4655664048094;12.784225860426252;13.333574677458138;13.312599378862627;12.593391122791736;12.183945471757246;12.399811959325683;12.882260929099804;13.902469331305056;14.082398563427809;12.153235338689411;12.885696373339394;13.336088084088423;11.24555270625568;12.460199895059583;13.427312844134963;12.779719355143405;14.294692537264783;12.430452551665532;12.476746203939468;12.080151309614088;13.014543596581944;13.342630298678408;12.930182916865272;13.140829770773;13.442036344209926;12.935901682267588;13.32853468965679;13.62787582286054;12.86379910372885;12.28424574982967;13.044394119358454;12.666889708440255;12.165849146176395;13.076648608794276;13.431889303895977;13.69141638980041;13.681238411777803;13.91186007617724;12.43514933836693;12.508537595347322;12.786678033890652;13.349281228817452;13.85145625703334;13.349419464341048;12.460711852141213;12.476746203939468;13.879678966649864;13.91186007617724;13.66266837551754;12.957102041562289;13.091931186216527;12.25650356743304;12.087131301540529;12.93258386928929;12.567956075415466;13.915225836337218;12.659995892429976;13.858078156123057;12.972261848733291;14.1869653642586;13.341657804512234;13.91186007617724;12.795227966028678;13.420881313035494;12.766735939529964;13.427312844134963;13.845784048508325;13.633449374713493;13.322209843748894;11.653292945382814;13.806952328210736;12.19198451336031;12.58660526060361;11.963257356633047;12.174301544467632;13.58754314137182;13.11699367754698;13.064574373149144;13.672867276433792;13.318119089975497;13.467096033905747;13.233919208586975;11.826151214800207;12.179287104646004;10.847840355630714;12.714030814928783;12.824958740528524;13.20304205556246;12.675516044082778;14.186191635268218;11.558420713268664;13.568787428826925;12.34623669139025;13.982013149892127;12.380190466749834;10.727069558023706;13.606636543579526;13.401546208508726;13.477631797450522;13.47231006370521;12.876516946565;12.985664079018662;13.478769619475765;13.053925881531104;13.772933092705356;12.909518114296617;12.879008813992655;13.062214824659108;13.203500952361397;13.87776341828256;12.479527669256347;13.71821176577204;12.17617314910749;12.665557989846414;12.700439718141093;13.070959476927566;13.457124331540804;13.30035256032822;13.323899182397296;13.35837648032824;13.201511344500146;12.689997971419446;13.221133942357078;13.083313108650756;13.197370293859828;13.76061600315628;12.296629474285504;12.839794290202557;13.237508748172656;13.425084743242849;12.938476938666351;12.289730740083757;13.826250543179254;12.89633240390994;13.269126679149418;13.354524889449351;13.367824239411048;13.523439439387507;13.488342277532524;13.28265408972642;13.18750672775828;12.981210488271694;12.980139577639155;12.821973235481124;12.819580375155004;13.671541066711884;13.70789831624117;13.781462174022618;12.983349927676455;13.61240779313867;13.801304186049023;12.81117397072132;13.737036036540228;13.463779785335385;14.284028808643694;12.205182326228645;12.5262546938286;12.617008227651963;13.233769450446928;12.939946452458686;13.133784409179908;11.90350531042388;13.376668061857668;13.761862840863753;12.949279579076595;12.847448903982432;13.49760238678349;13.04763517372503;13.586487982625991;13.40686932142308;12.73259143596501;13.051888655905378;12.843921051289035;13.025139562278508;13.202429966015352;13.013497154291704;13.305491792110685;11.83368074865474;12.91026795581084;13.003869231979056;13.1879705919842;12.789941128390916;13.513110716890193;13.484571180915806;13.002111776479852;13.536368649553852;14.09391268366556;14.190056137313467;12.820178962415188;13.424953571261042;13.35672705746463;13.665557989846414;13.507299124122763;12.330076554797458;13.019416982944184;13.14338321398982;12.876708781555095;13.272775563286087;13.930367747438952;13.73978060977326;13.743046176226672;13.101811569824005;13.098525621379464;13.68079903457298;12.839203788096944;13.004571615167656;13.002990771840553;13.874116854444512;13.712849378387808;14.015066533230293;13.448503519468836;12.956194629090778
10.801708358916462;12.624795455860236;12.52135506255826;11.46454575033394;11.4757334309664;11.118941072723509;12.16804526822409;12.210671343785622;11.37775279502222;10.762382038710392;10.653740778706569;11.609640474436812;10.73047013718422;10.1357092861044;11.702172685365548;11.822570830950168;11.617467465294196;11.473705749619416;10.484822894262146;11.015415052386688;10.90613899619538;12.143702076857933;13.11877889015452;10.047123912114026;11.748612176736982;12.171489577065657;10.332036548361652;10.863411958941638;12.262975701227942;12.81478271506211;11.900112062977456;11.342630298678408;11.558898981146704;9.837627933171404;11.206403913973848;11.51717725268954;11.792383614935188;11.714245517666123;11.658657792126084;12.77066389291676;12.19136771341894;13.028251428162791;11.118941072723509;11.426264754702098;11.5473765634981;12.746724244025833;11.11504365016171;11.737247343027738;11.822969090453288;11.793603309279408;12.179598130849836;13.211584153079526;11.29117069932186;12.849991443179317;10.762382038710392;12.43228089721416;12.385323176175872;12.41336348121097;10.682994583681683;11.558898981146704;11.938476938666351;13.211584153079526;13.061877431055866;11.502831804066744;11.471675214392045;10.52943055414615;11.047805554007589;11.060020354507852;11.341518823245243;12.146250445885986;11.179287104646004;11.828533210455618;12.04507705193494;12.873828574886977;11.413098984915264;13.211584153079526;10.71853287606922;11.996120363033048;10.935901682267588;12.262975701227942;12.498849206531723;11.913263430628762;10.725366257895642;11.212496385193948;11.71681946132995;11.06339508128851;11.25089053572334;10.922584402713664;11.422064766172811;11.337621901992508;10.699572453287267;11.869593843240784;11.73809225962049;11.4757334309664;11.103287808412022;12.41706134676029;10.41574176829009;11.223398414711628;8.413627929024173;11.74819284958946;11.433585441150496;11.725366257895642;11.353146825498085;11.725366257895642;10.88340698638837;12.106562940444883;11.157346935362844;12.12023787734196;11.080817527608328;10.47269083924278;12.33706433868474;11.95673914505908;11.334831928118;12.720030446498972;11.131213905086272;12.241089378860856;12.569855608330949;11.841171189248543;12.577664851764846;12.100990784092762;11.824958740528524;11.74188827273525;12.4655664048094;12.380461065088973;11.391243589427445;12.512740462803498;10.958552715431011;11.955649907528374;11.901244032467376;11.725366257895642;12.34623669139025;12.404077136241234;12.398743691938192;12.22881869049588;11.701306461958623;11.799281621521924;12.106235761615748;12.282219695672588;11.935901682267588;12.6476832678862;10.863411958941638;11.88264304936184;12.398743691938192;12.559377090526684;12.042001306279133;11.138911718142744;12.668884984266247;11.892542816648552;12.280770770130603;12.039261794341057;12.04507705193494;12.733439082899434;12.7255792804196;11.89973454235751;12.252961036393684;11.91513244895065;11.530406337099068;11.810973220002165;11.332596057789214;12.57553924683453;12.639566818681828;12.610794169053182;11.96902670215077;12.344295907915816;12.672204323964031;11.156715144224702;12.485577770903188;12.622738217871143;13.362491806046062;11.002815015607052;11.11309098344238;11.557942286787448;12.257093144491057;11.60177078840771;11.99081307915361;10.735556023911537;12.495355392235982;12.287423811683524;11.830515206976838;11.891403996665025;12.617926556798752;12.017156386383112;12.40886043602476;12.42574042431621;11.167418145831736;12.050188767596437;11.85836959985474;11.817383427897232;12.217957697864112;12.108197722535827;11.660441650209172;10.802516365121225;11.702172685365548;12.03307880613062;12.263562639820616;11.728345714710976;12.502334580197996;12.657541759703378;12.064742764750257;12.35424938194524;12.911953675621971;13.100333819126542;11.511258495502268;12.59944798152872;12.474212937193943;12.76983784362944;12.68934284613419;10.886458695703706;11.861086905995396;12.087131301540529;11.667111542075029;12.184875342908285;13.056807035580608;12.349004718027745;12.298635406734242;11.743572188935634;12.048486873992337;12.971363924361937;13.366048950670628;11.75905593916017;12.223700075986306;13.07296996854206;12.161761743304677;13.140829770773;12.470658874060552;12.02167404285837
11.618844301766652;12.207624468226758;13.410053787075569;12.146568675740786;12.066425600635556;11.92072501975118;12.801708358916462;13.130731425273218;12.403278375471054;12.004220466318197;11.992584344005802;12.107870914279614;12.000704269011246;11.023061249735337;12.40381093178603;12.530650179750014;11.959639764364184;11.62067804213541;10.953468962228849;11.593391122791736;10.468624042918018;11.7858611057596;13.51051694059471;10.94251450533924;11.715104009236168;11.667111542075029;10.207014320177532;11.31797782240712;12.580258567499788;12.903693590364233;12.811374693509942;11.004220466318197;12.46096776257042;10.712527000439824;11.949461979360152;12.406736482691723;12.961449694398196;11.366868586167094;13.720778649167064;11.909893083770042;12.780334708123895;12.148476582178278;11.92072501975118;11.586839787961829;12.669549463455496;12.089119397915168;11.700439718141093;11.787902559391432;12.659326997414103;11.493355121494906;13.054265139625764;12.567005370247031;12.66222330531784;12.693922488081014;12.004220466318197;12.367141694552364;12.467860240707878;12.995237170449055;12.789737401067145;12.46096776257042;11.7553048882624;12.567005370247031;13.398209261466851;12.526988205432009;12.03342300153745;10.697836357962377;11.620219825507489;11.913263430628762;11.870750003346114;12.47851684767645;11.991521846075695;12.014717929860009;12.901621158346112;13.35300894667723;11.536247215688128;12.567005370247031;11.803727526553114;13.493355121494906;12.165849146176395;12.580258567499788;11.585432051592962;11.598517810612622;13.526865979393818;11.227014193649133;12.53600431728855;9.805743872151618;11.194756854422248;11.69566329678802;12.63117705570398;12.389631339260522;10.99859042974533;13.040289721025715;12.544964432789238;12.066425600635556;13.520250348557967;14.124848293472631;11.366868586167094;12.687156944138907;10.820178962415188;12.567718457850754;11.321364432039449;15.18916821804592;12.117967703717133;11.584962500721156;9.91737207947684;12.566767596032916;11.93147623388679;12.677058915711948;11.824163209744158;10.278449458220482;12.199365616857982;12.221587121264806;12.495105510007784;12.98584193700334;11.701306461958623;12.818781872275403;13.043710863347156;12.200285605224298;12.81177605532666;13.03325091409872;11.844705764411938;12.669770888525518;12.611255388699336;12.81277897162766;13.31599862262856;13.350939181546432;11.471167133724393;12.753007768945244;12.180219982170192;12.526499239136566;12.75884780310832;12.627989784315703;13.11423036019097;12.055621374781708;12.718746909901064;11.98584193700334;12.80634822671225;12.434367601668914;13.081483438093674;13.808461476199623;12.531625138422624;13.283811834830894;13.086799685623452;13.048316574158472;12.272921326867005;11.813781191217036;13.054095520550748;12.759888183221834;12.118941072723509;12.50457073932441;12.7255792804196;12.550746785383245;13.38680555876856;12.580258567499788;12.408595112798102;11.619761463298424;11.795227966028678;12.698921662339812;13.254142846855748;13.267371931265274;13.30720080914081;12.494855584491198;13.42600261332936;13.660218788535618;12.362765744153958;12.311180660053354;13.017504401109417;12.946358033887046;12.668441828052998;11.407798850221974;12.334831928118;12.184565452446156;12.993646060016596;12.45404219747008;12.590820930930525;12.241685287601625;13.041488043881468;13.225358086454513;11.928148216169037;12.072802534544207;13.30435132166324;12.65687172561398;13.223549253233475;13.03977584923368;11.86573327085176;12.643179767925549;12.368779260041338;12.64250302878052;12.79340009848382;12.93147623388679;11.804937672051908;12.672204323964031;12.461990950585571;12.148476582178278;12.698921662339812;11.844313461203296;13.309760544729622;12.68057929578025;12.250594507192316;12.908017261062804;13.770973539501576;13.57601187420678;11.82456102997028;12.778898476008376;13.062214824659108;12.861474675125772;13.322773176454564;11.85447883417163;12.916999049082808;13.14609130463152;12.405407422219204;13.215381320721084;13.780027064441978;12.62844554013718;13.010353265549254;13.153710352151716;12.586839787961829;12.560093957642495;11.335948565202298;13.011401989880063;12.69631555889282;12.795633844506778;13.80564312177336;13.240791332161956;12.478769619475765;12.82456102997028
8.651051691178928;6.584962500721156;10.394462694610317;8.991521846075695;12.405141463136344;10.63390340934852;10.098032082960527;11.249113452713727;11.56271942704932;10.145932145820517;10.144658242831882;10.131856960608792;9.250298417906333;8.066089190457772;10.266786540694902;10.049848549450562;9.519636252843211;8.682994583681683;8.651051691178928;7.686500527183218;9.703903573444665;10.14974711950468;8.945443836377912;9.084808387804362;10.306061689428342;9.350939181546432;9.791162888555018;9.79766152585376;10.239598529249124;7.179909090014935;11.328113894833656;9.108524456778168;9.89633240390994;9.802516365121225;10.642051692927977;11.957102041562289;8.562242424221072;10.721953612801386;11.667555107041132;11.558420713268664;8.426264754702098;11.61056350392504;10.63390340934852;9.972979786066292;8.78135971352466;9.734709620225836;9.829722735086058;10.910642730469624;8.927777962082342;10.590587049915037;9.071462362556623;9.961449694398196;11.776021715252812;10.240791332161956;10.145932145820517;10.30035256032822;11.280770770130603;9.174925682500678;11.670213636738564;9.89633240390994;10.086136225027309;9.961449694398196;8.262094845370179;9.098032082960527;10.938844457466171;10.521600439723729;8.632995197142957;8.060695931687555;8.618385502258606;10.466586337719244;10.63117705570398;9.862637357558794;8.906890595608518;10.799281621521924;11.558420713268664;9.961449694398196;11.843528534611089;9.457380879072534;10.037546953962178;10.239598529249124;11.995767150877802;11.016808287686557;8.918863237274595;10.278449458220482;11.478769619475765;10.828136484194108;12.311464515448444;8.59245703726808;10.22881869049588;11.847448903982432;9.7279204545632;8.189824558880018;10.785452468158542;12.405141463136344;9.068778277985412;9.691743519171276;6.954196310386875;9.774787059601174;10.576484346796851;10.862637357558794;10.121533517340032;10.93147623388679;8.643856189774725;11.947271652460348;9.278449458220482;11.091435386323608;9.847057346091336;10.332036548361652;10.253847484987404;9.679480099505446;11.06204613772049;11.340406490853294;9.51175265376738;7.118941072723508;7.266786540694901;7.098032082960526;7.679480099505446;8.562242424221072;7.442943495848728;6.754887502163468;7.139551352398794;8.243173983472952;6.700439718141092;7.011227255423254;7.098032082960526;8.744833837499545;7.539158811108031;5.700439718141092;7.159871336778389;7.400879436282184;7.643856189774724;8.071462362556623;7.954196310386875;8.339850002884624;8.810571634741146;7.523561956057013;7.3750394313469245;7.189824558880018;8.832890014164741;8.016808287686555;8.400879436282183;8.357552004618084;5.857980995127572;7.276124405274237;6.672425341971495;8.933690654952233;7.721099188707186;7.539158811108031;9.333155350310616;6.832890014164741;8.219168520462162;6.599912842187128;8.344295907915816;7.6293566200796095;7.948367231584678;5.882643049361842;9.709083812550343;7.870364719583405;8.092757140919852;7.894817763307944;7.546894459887636;8.426264754702098;6.087462841250339;7.339850002884624;6.754887502163468;7.658211482751795;7.426264754702098;6.7414669864011465;6.727920454563199;7.965784284662087;6.6865005271832185;7.851749041416057;7.05528243550119;8.50382573799575;8.027905996569885;7.6293566200796095;7.960001932068081;9.285402218862249;6.977279923499917;8.366322214245816;7.108524456778169;7.159871336778389;8.219168520462162;7.531381460516312;9.403012023574997;8.43879185257826;7.622051819456376;8.271463027904375;7.888743248898259;8.499845887083206;7.276124405274237;5.832890014164741;7.285402218862249;6.539158811108031;8.471675214392045;7.636624620543649;8.154818109052105;7.219168520462161;7.857980995127572;6.700439718141092;7.159871336778389;8.930737337562887;7.303780748177103;5.20945336562895;7.714245517666122;7.417852514885898;7.491853096329675;8.96289600533726;7.044394119358453;7.108524456778169;7.022367813028454;7.539158811108031;7.20945336562895;7.129283016944966;7.936637939002571;7.483815777264256;7.139551352398794;8.717676423066395;6.820178962415188;7.994353436858858;6.475733430966398;7.3750394313469245;8.566054038171092;8.912889336229961;7.882643049361842;7.276124405274237
2.0;4.906890595608519;6.169925001442312;3.0;7.276124405274237;2.0;3.584962500721156;7.693486957499325;4.0;4.0;3.906890595608519;3.169925001442312;7.066089190457772;6.6865005271832185;3.700439718141092;2.321928094887362;4.906890595608519;6.523561956057013;0.0;3.169925001442312;0.0;5.247927513443585;5.906890595608519;5.584962500721156;0.0;1.0;2.807354922057604;2.0;3.807354922057604;3.4594316186372973;5.247927513443585;2.321928094887362;3.4594316186372973;3.700439718141092;4.807354922057604;8.194756854422248;3.584962500721156;1.584962500721156;8.751544059089099;1.0;4.087462841250339;4.643856189774724;2.0;4.247927513443585;2.0;3.0;0.0;7.076815597050831;5.247927513443585;1.0;5.78135971352466;2.0;2.321928094887362;4.459431618637297;4.0;3.700439718141092;2.584962500721156;2.321928094887362;6.409390936137702;3.4594316186372973;3.807354922057604;2.0;4.321928094887363;1.584962500721156;1.584962500721156;3.906890595608519;4.857980995127572;3.4594316186372973;2.0;2.0;1.584962500721156;0.0;4.700439718141092;9.776433032444732;0.0;2.0;2.0;5.129283016944966;3.906890595608519;3.807354922057604;1.584962500721156;1.0;0.0;2.807354922057604;2.0;4.087462841250339;2.584962500721156;2.0;1.584962500721156;2.321928094887362;3.584962500721156;4.906890595608519;6.700439718141092;7.276124405274237;2.584962500721156;4.523561956057013;1.584962500721156;4.906890595608519;0.0;1.584962500721156;3.807354922057604;3.700439718141092;1.0;2.584962500721156;1.0;3.700439718141092;1.584962500721156;6.087462841250339;4.523561956057013;0.0;1.0;2.0;3.321928094887362;5.832890014164741;5.832890014164741;4.0;5.643856189774724;5.754887502163468;6.149747119504682;6.149747119504682;4.247927513443585;3.584962500721156;5.0;8.640244936222345;6.149747119504682;8.154818109052105;5.614709844115208;6.087462841250339;4.321928094887363;5.491853096329675;5.954196310386875;4.906890595608519;6.339850002884624;5.169925001442312;4.523561956057013;4.087462841250339;4.459431618637297;4.906890595608519;7.169925001442312;6.169925001442312;7.515699838284043;6.906890595608519;5.832890014164741;6.614709844115208;5.129283016944966;4.247927513443585;6.569855608330948;5.169925001442312;5.129283016944966;4.523561956057013;4.087462841250339;5.321928094887363;3.584962500721156;6.22881869049588;5.321928094887363;6.129283016944966;4.954196310386875;5.930737337562887;4.643856189774724;6.658211482751795;6.94251450533924;4.700439718141092;6.303780748177103;7.826548487290915;4.392317422778761;4.392317422778761;4.906890595608519;6.044394119358453;7.159871336778389;5.459431618637297;5.087462841250339;5.321928094887363;6.870364719583405;5.977279923499917;5.832890014164741;5.727920454563199;5.321928094887363;6.882643049361842;5.754887502163468;4.392317422778761;6.426264754702098;5.727920454563199;6.554588851677638;8.066089190457772;6.022367813028454;4.857980995127572;5.554588851677638;5.954196310386875;6.087462841250339;4.0;5.087462841250339;4.700439718141092;5.954196310386875;5.20945336562895;5.832890014164741;4.906890595608519;6.820178962415188;5.129283016944966;4.247927513443585;6.459431618637297;6.459431618637297;8.413627929024173;5.930737337562887;5.044394119358453;5.285402218862249;5.247927513443585;5.614709844115208;5.700439718141092;5.554588851677638;6.794415866350106;5.459431618637297;6.409390936137702;5.930737337562887;5.882643049361842;7.554588851677638;7.22881869049588;6.066089190457772;5.169925001442312;5.169925001442312;5.78135971352466;5.129283016944966;4.700439718141092;6.22881869049588;5.857980995127572;4.754887502163468;5.357552004618084
11.602234901341063;11.73978060977326;12.086136225027309;11.510764167917891;11.16427843830117;12.319672120946995;12.075813377461454;11.596655667674662;13.70098149404625;12.437752072323605;11.478769619475765;11.569855608330949;11.770250927394864;8.758223214726724;12.7559307410844;12.66289085913906;12.134747168669016;12.238106137432077;12.318260343712415;11.7402023887679;12.78749449969676;11.726218159332198;12.492854620174748;13.060020354507852;12.171802288682985;12.447341565370678;11.177419537989236;11.376668061857668;12.200592137689254;12.198445041452365;12.350386742312844;11.26620091249896;10.57553924683453;13.780642286217136;12.745044005034464;11.625708843064466;12.5401280385821;12.678820179524028;11.360847084179664;13.752485185884188;12.15608307628868;12.52552080909507;12.319672120946995;12.617467465294196;11.95310515059134;12.20304205556246;11.293471648838134;13.728770849542665;12.367141694552364;12.623424289869911;11.760304125286382;12.158925203806964;12.271171191139771;11.95673914505908;12.437752072323605;12.737247343027738;12.927037168720297;12.914198242454956;11.808562029957525;10.57553924683453;12.116018993325094;12.158925203806964;13.724407267102324;12.201205007299528;12.641374424294511;12.27583351001347;13.15608307628868;11.29920801838728;11.816183681432342;13.233170262382703;12.457380879072534;12.803727526553114;12.128638812852598;14.020632761657708;12.35974956032233;12.158925203806964;11.584492796975876;12.51051694059471;12.133784409179908;12.200592137689254;11.787902559391432;13.619073646817748;13.321646290991382;12.585901449690772;12.739147709986453;11.364134655008051;11.91176647065955;11.624338545312986;11.667111542075029;11.5401280385821;12.993469161599249;12.244661144764198;11.77066389291676;11.16427843830117;12.83880998570856;12.445532219028312;11.983349927676455;11.63026712502677;12.144020869266893;12.545688495560212;11.186114239541643;13.35974956032233;12.858952310750938;13.02531261992172;12.12573632939501;12.309760544729622;13.038747556217311;11.834075953434883;12.51051694059471;11.403012023574997;11.921097088106793;12.99276135094313;11.722807531169549;12.17804232886482;12.080817527608328;12.35974956032233;12.673971520682796;11.840777923595054;12.70865283568653;12.43879185257826;12.118616689351509;12.199365616857982;12.545205827425605;12.580022967753877;12.014369242235135;12.6476832678862;12.222191138456331;12.062383491876334;12.13827180017222;11.98903963696239;12.449922415863757;12.363587246524578;12.480790201095816;11.985130373466898;12.630039552656095;11.957102041562289;12.283956487665112;11.880731435141664;11.510764167917891;12.12670447284319;12.949279579076595;12.868243817704636;12.694575537525989;12.765078859616684;11.746514321138465;10.881113960675096;12.817183539425711;12.166163082646111;12.151016538892248;12.187042714339894;12.659995892429976;13.215381320721084;12.236911111444602;12.002815015607052;11.462502272597265;11.445014845868425;12.811976694370289;12.227315099905493;12.332316330199218;12.626165319904498;12.61769702930787;11.808159772868375;12.3395716783847;13.008953779526196;12.245255580306557;12.705200378063116;12.224303209373389;12.946540803893104;12.48608080265197;12.90218666238715;12.055621374781708;11.892542816648552;12.798471801101618;12.972441366563537;12.557942286787448;12.983349927676455;13.023061249735337;12.214622686302336;11.88760142450871;12.073137383110383;12.256208688527389;12.378836713210614;12.269126679149418;12.453527867681784;12.349834091457248;12.30435132166324;12.6476832678862;12.1331422124006;11.926295994781112;11.794415866350104;12.536732889835417;11.647008638441648;11.761135649828644;11.707790495528824;11.794415866350104;11.733862719678545;13.07045641594465;12.264442600226602;11.592924155627635;12.594324603924848;12.663558104217271;12.462246634244352;12.068106475858771;11.772314573921651;12.553149275598548;12.213104219641906;12.892542816648552;12.542306422582593;12.63094962683287;12.508289986140348;11.67595703294175;12.78953364497036;12.952377251967985;12.660664477461278;12.97172316117676;12.6691065113363;11.987974524296153;12.138911718142744;10.935901682267588;12.245849771023725;12.400345796534694;11.90048948483465;13.678600139099458;12.405939193342396;12.121533517340032;12.479022346995178
10.53818893205242;10.7657004876511;11.432019846812493;11.264442600226602;11.454813348512523;11.490349505739289;11.63662462054365;11.73809225962049;11.93110683302934;12.324461855977315;10.945443836377912;10.59898297103609;10.860311054919482;10.497851836951115;12.070120944476823;11.330916878114618;11.807354922057604;11.428360172704291;11.366868586167094;10.961449694398196;11.894817763307945;12.02997734658958;11.190442018782823;12.112113658097863;11.553629293916364;12.244066464194818;11.128638812852598;10.959277505720502;10.932952892194717;11.886458695703706;12.496853777388042;11.619761463298424;10.7632123668144;12.33399388276136;11.769424641552751;12.658434654697617;11.58261245126702;12.011926066306808;12.29978040285854;12.496853777388042;10.494855584491198;11.618844301766652;11.490349505739289;11.33371442609397;10.92481250360578;11.330356716957944;10.12670447284319;12.181462881270017;10.782998208920414;10.73893668167614;11.053925881531104;10.404077136241234;11.91026795581084;11.538673953082668;12.324461855977315;11.584492796975876;11.761135649828644;11.171176797651771;12.919794428839156;10.7632123668144;11.400345796534694;10.404077136241234;11.64565843240871;10.58777751632821;11.850186837645774;11.723234300893376;12.714674827308002;9.700439718141093;11.062720767165043;11.967226258835993;10.147204924942228;10.346513733165636;12.119913785452267;12.667555107041132;11.637530551525307;10.404077136241234;11.228217442293436;11.513234113806051;10.757390009366638;10.932952892194717;12.462502272597265;12.04814625421956;11.282509306240836;12.201205007299528;12.282219695672588;11.421538906848276;12.772108342052116;10.97656412341533;11.588246152044816;11.255618749839597;11.439311461818846;11.596655667674662;12.001408194392807;11.454813348512523;11.040289721025715;11.366868586167094;11.286557761607956;11.405673332281866;11.28886607416582;12.208539206738363;10.553629293916364;11.81698362325538;10.33427328530719;12.43905168059173;10.927777962082342;11.5473765634981;11.358651200892886;11.405673332281866;12.143702076857933;10.189824558880018;11.905763049602792;12.052907628313289;11.939579214314692;10.029287226968243;10.731319031025064;9.861086905995396;10.9901039638575;10.583082767502932;11.004922678569043;9.981567281903017;10.709083812550343;11.194141238863136;10.159871336778387;9.857980995127573;9.847057346091336;10.707359132080883;10.99081307915361;9.224001674198105;10.433585441150496;10.35974956032233;11.092757140919852;10.79603960882977;11.244958393151132;10.337621901992508;11.388017285345136;10.285402218862249;10.63117705570398;11.002111776479852;10.955649907528374;11.314583244274194;11.24436383512051;10.256208688527389;9.366322214245816;10.964340867792416;10.684748620421626;10.4241662888181;10.325305455089682;10.82097669262124;10.944712061043486;10.456354415108288;11.202736043250168;9.38586240064146;11.36796070964157;11.205182326228645;11.089450481115907;9.719388820942084;11.284824100224624;10.649256177517314;9.915879378835774;11.043027283594547;10.389093521904474;11.334831928118;10.207014320177532;10.967226258835993;11.196602126523173;10.84862294042934;11.41204051455165;10.06339508128851;9.859534786382651;11.619761463298424;10.001408194392807;9.821773981970567;9.965784284662089;10.971543553950772;10.955649907528374;10.027905996569883;10.380461065088973;11.29748950116098;10.935901682267588;10.8649599151426;11.249706056969703;10.346513733165636;11.130570562805426;10.045759661382682;11.212496385193948;10.39231742277876;9.854868383260236;10.624795455860236;10.951284714966972;11.466076461396252;11.194756854422248;10.177419537989236;10.12023787734196;10.257387842692651;11.025139562278508;10.861862340059153;10.697836357962377;11.448632567730552;11.015415052386688;9.285402218862249;9.753216749178955;10.745674324002136;10.211888294546004;8.479780264029099;11.14974711950468;10.927037168720297;10.91513244895065;10.987974524296153;9.700439718141093;9.823367240046236;10.64565843240871;10.369597346278676;11.24198314969433;11.205182326228645;10.757390009366638;10.364134655008051;11.24852060493843;11.448632567730552;9.581200581924955;10.44086916761087;10.214319120800766;10.019590728357882;11.053247125912426;11.28828934218097;10.729620743553038;10.280770770130603
9.509775004326936;11.044394119358454;11.12670447284319;8.280770770130603;11.147204924942228;9.266786540694902;9.118941072723509;9.847057346091336;10.94617524072356;10.513727595952435;8.262094845370179;10.099347810403192;9.515699838284045;10.346513733165636;9.927777962082342;9.726218159332198;10.051208940914766;9.535275376620802;9.73809225962049;9.663558104217271;8.991521846075695;9.870364719583405;12.149429590056744;10.28886607416582;10.494855584491198;10.898601387403938;9.038918989292302;8.098032082960527;10.398743691938192;10.857203471508166;8.867278739709661;11.161131882984307;9.157346935362844;7.686500527183218;10.46454575033394;11.901621158346112;10.677719641641009;5.285402218862249;9.60733031374961;6.392317422778761;11.147204924942228;9.08746284125034;9.266786540694902;10.700439718141093;10.61654884377899;9.095397022792556;8.430452551665532;9.467605550082997;9.672425341971495;11.031356596255709;7.707359132080882;11.194756854422248;10.496853777388042;10.214319120800766;10.513727595952435;10.580258567499788;11.321364432039449;11.275542556086725;9.326429487122304;9.157346935362844;9.092757140919852;11.194756854422248;12.58331786813751;9.457380879072534;9.577428828035748;10.611024797307351;9.134426320220928;9.945443836377912;10.071462362556623;11.29748950116098;10.344295907915816;10.116343961237469;11.106562940444883;10.203348002979762;11.061371192659813;11.194756854422248;9.792790294301064;9.854868383260236;9.139551352398794;10.398743691938192;10.4757334309664;12.084808387804362;4.523561956057013;9.139551352398794;10.094077685671904;8.543031820255237;9.83289001416474;9.090112419664289;9.625708843064466;10.95637615724967;10.147204924942228;9.407267764244732;8.682994583681683;11.147204924942228;9.974414589805528;10.895575282380683;9.20212382383046;9.546894459887636;7.794415866350106;7.636624620543649;9.741466986401146;10.215532999745657;6.169925001442312;10.578372691360803;11.137631598235428;10.193525360501216;11.018895621121649;9.177419537989236;9.35974956032233;7.894817763307944;10.122827994807666;10.584022940257542;10.159871336778387;10.94251450533924;9.857980995127573;6.285402218862249;10.167418145831736;10.426264754702098;11.149111990706889;7.499845887083206;10.225207436943505;10.260919533662904;7.459431618637297;10.847840355630714;8.968666793195208;10.451211111832327;9.756556322524087;8.257387842692651;10.49585502688717;10.230020435705637;10.768184324776929;10.437752072323605;10.787902559391432;10.35424938194524;10.198445041452365;9.29232163280204;10.524541715035848;10.61286849729104;10.688250309133178;11.263269200372662;9.24555270625568;6.459431618637297;7.011227255423254;10.567956075415466;10.26795708440284;9.73978060977326;11.074141462752506;9.932214751968385;10.31628153174622;11.17367713630342;10.506803437795648;7.727920454563199;11.323054760341646;10.852529509404196;10.800899899920305;10.857980995127573;9.533329732305834;9.894817763307945;6.768184324776926;10.603626344986193;10.400879436282183;11.282509306240836;10.358651200892886;9.847057346091336;11.388017285345136;9.164906926675688;10.552669097514272;10.266786540694902;12.354524889449351;10.034798962577268;8.900866807980748;9.712527000439824;8.113742166049189;9.366322214245816;9.868822554775;5.523561956057013;6.78135971352466;11.105253779700885;10.269126679149418;9.700439718141093;10.749031382040204;8.330916878114618;10.821773981970567;8.734709620225837;10.203348002979762;9.519636252843211;6.044394119358453;10.105908508571158;10.35974956032233;10.449148645375436;10.565102078360312;6.321928094887363;10.23840473932508;10.580258567499788;10.35424938194524;10.03342300153745;9.41574176829009;10.688250309133178;10.355351096424812;6.870364719583405;10.53818893205242;11.774375272802065;10.029287226968243;11.084808387804362;10.703903573444665;11.508289986140348;10.237209960755022;8.370687406807217;8.823367240046235;8.330916878114618;9.741466986401146;9.802516365121225;11.12605911607068;10.397674632948268;10.285402218862249;6.94251450533924;10.708221730038352;10.92184093707449;8.308339030139408;9.90839262077375;9.726218159332198;11.484822894262146;7.787902559391432;12.121857245612654;11.319672120946995;9.370687406807216
11.742309436084;12.501339618061396;13.00158412208535;13.117805411682438;13.01524080333268;14.733650916838716;12.65798827627794;13.411775775576528;13.089119397915168;13.233619676759702;12.25089053572334;12.697184783224516;12.1705510353167;13.009478745888066;12.849405100947758;12.33901486825008;13.230620933129869;13.533451411978737;12.38586240064146;13.349695895658408;12.26620091249896;12.773345291291273;13.417852514885896;12.40274562249569;12.36112133473479;14.083396220385138;9.96289600533726;12.36194377373524;13.221285017810471;12.915879378835774;13.661221395067455;12.869593843240784;12.566767596032916;12.931660898852275;12.911017407796985;12.693051295397;12.780334708123895;13.46824219236017;13.025485656808389;14.127188301043205;12.61447980424533;12.709299252712157;14.733650916838716;12.434888806530395;12.99682652802066;11.878050912728536;12.36932470240734;13.046271406599123;12.844705764411938;12.88264304936184;12.78135971352466;12.11829223302699;13.452756029032496;12.327271936805156;13.233619676759702;13.245404150930328;13.09391268366556;13.36468185586456;12.658657792126084;12.566767596032916;13.203500952361397;12.11829223302699;13.39379263977458;12.861668520613588;13.32023644524165;11.99435343685886;12.743992861060176;12.191059214531656;13.08214904135387;13.827541190172502;12.401146182153498;12.81358080298963;12.909705611215571;14.34727532384678;12.490349505739289;12.11829223302699;12.79644525906185;13.59840149706873;12.385592813601365;13.221285017810471;14.558958753484909;13.068442416025826;13.564625862795372;12.901055432553273;12.86534664481678;12.686281655144432;13.115531404166768;12.602002863537445;12.694140204076431;13.125897731760327;12.704119788513015;12.957283455588415;14.279392941692574;13.01524080333268;13.058160884398683;12.75049764209908;12.079818085212354;12.599680430581166;11.99081307915361;13.46824219236017;12.036173612553483;13.086302118782552;11.936637939002573;13.430321866848114;12.083479327331842;13.872482508106724;13.200592137689254;13.309902619183516;13.022541203454828;12.002815015607052;13.694357887221452;12.97960382407446;12.935717559359942;12.956013078088098;12.598285174146604;13.87872151038902;13.462757865660365;12.548340287676147;13.324883717194092;13.962263422704044;12.696098170955864;12.594557879863732;14.201664488711414;12.307485448589476;13.020111839088086;13.391914828931892;12.35837648032824;13.006852001748774;12.884933647949762;12.604553229079038;12.942331224510577;12.735132884139947;12.782793498733351;12.367141694552364;12.97960382407446;13.34443462192399;12.585666769732402;12.782179193831208;12.47699928613306;13.153552031708111;12.734709620225836;13.593857938858225;13.981299694952254;13.166006122950492;13.036688768795663;11.949461979360152;12.019243216603607;12.869593843240784;13.047294352783004;12.486583659067268;12.913450441458098;13.312599378862627;13.068610356779276;12.380461065088973;12.596655667674662;11.817383427897232;13.047975914170848;13.335948565202298;13.14561377551339;13.117805411682438;12.733439082899434;12.99276135094313;12.3395716783847;13.81698362325538;12.772520776314757;13.117318426010003;13.072300115928336;13.248668839723136;12.064742764750257;13.099183410079286;12.011227255423254;11.946906274456396;13.690434556395054;13.606867837374152;13.25989034989582;13.190904940346524;14.196217889420495;13.160816849673546;12.469133019829592;12.632768054728746;12.98299357469431;13.148158772937894;13.104926303807776;12.960545013211664;12.74756363025512;13.231971139162804;13.68013971776317;12.470658874060552;12.283088353024002;12.59245703726808;12.6713199131833;12.944162985854788;12.097044499322951;12.384513961398618;12.392049039364183;12.239598529249124;13.7553048882624;13.061371192659813;12.404609397837712;13.429799009166976;12.967226258835993;13.154976290625738;12.219471067394355;11.078817949961978;13.35149140932002;12.710160691782914;14.23459292790746;13.001935913123642;13.319954310686944;13.675626303935395;12.634811050171718;13.205029555005872;13.165692152320114;13.12605911607068;13.213408040858337;13.5285762023352;12.786473845221302;12.65642486327778;13.401412878714178;12.740624044489412;13.792891946232825;12.052907628313289;13.620219825507489;13.505687520472335;12.855452509744048;13.494730605495072
5.614709844115208;5.392317422778761;6.523561956057013;6.087462841250339;7.665335917185176;5.321928094887363;6.569855608330948;5.832890014164741;6.643856189774724;7.569855608330948;5.285402218862249;6.149747119504682;5.584962500721156;3.807354922057604;7.247927513443585;6.882643049361842;6.727920454563199;6.794415866350106;5.044394119358453;7.189824558880018;6.906890595608519;6.303780748177103;6.754887502163468;6.977279923499917;5.807354922057604;7.257387842692652;6.870364719583405;5.78135971352466;6.303780748177103;6.882643049361842;6.066089190457772;6.832890014164741;6.426264754702098;7.257387842692652;5.643856189774724;7.149747119504682;5.523561956057013;6.0;5.554588851677638;6.845490050944375;5.584962500721156;5.20945336562895;5.321928094887363;7.515699838284043;5.643856189774724;6.507794640198696;6.087462841250339;7.179909090014935;5.459431618637297;5.807354922057604;5.584962500721156;6.870364719583405;8.194756854422248;6.6865005271832185;7.569855608330948;5.754887502163468;5.754887502163468;6.870364719583405;6.965784284662087;6.426264754702098;7.149747119504682;6.870364719583405;7.988684686772165;6.94251450533924;5.832890014164741;7.348728154231077;7.523561956057013;5.554588851677638;6.285402218862249;6.832890014164741;5.523561956057013;6.20945336562895;7.189824558880018;6.794415866350106;8.43879185257826;6.870364719583405;6.339850002884624;6.247927513443585;5.672425341971495;6.303780748177103;6.149747119504682;6.658211482751795;5.426264754702098;7.475733430966398;6.303780748177103;5.491853096329675;6.539158811108031;5.247927513443585;7.108524456778169;5.727920454563199;6.321928094887363;6.189824558880018;6.523561956057013;7.665335917185176;7.219168520462161;5.754887502163468;7.400879436282184;4.906890595608519;7.554588851677638;5.857980995127572;6.754887502163468;7.714245517666122;5.807354922057604;7.247927513443585;7.400879436282184;5.523561956057013;6.247927513443585;4.906890595608519;6.643856189774724;5.321928094887363;6.727920454563199;6.149747119504682;5.247927513443585;5.129283016944966;5.857980995127572;4.523561956057013;5.20945336562895;4.754887502163468;5.087462841250339;4.584962500721156;4.584962500721156;5.523561956057013;4.700439718141092;5.554588851677638;3.4594316186372973;5.357552004618084;6.491853096329675;4.321928094887363;4.954196310386875;4.392317422778761;5.459431618637297;5.700439718141092;5.321928094887363;5.392317422778761;6.022367813028454;4.584962500721156;5.700439718141092;5.584962500721156;4.906890595608519;5.977279923499917;6.066089190457772;4.954196310386875;3.584962500721156;5.491853096329675;5.321928094887363;4.906890595608519;6.569855608330948;5.321928094887363;4.700439718141092;6.149747119504682;5.523561956057013;4.700439718141092;5.930737337562887;5.357552004618084;5.491853096329675;5.129283016944966;5.554588851677638;5.357552004618084;4.906890595608519;5.491853096329675;5.700439718141092;6.266786540694901;4.857980995127572;5.459431618637297;5.20945336562895;5.807354922057604;5.832890014164741;5.426264754702098;5.321928094887363;6.539158811108031;4.807354922057604;5.169925001442312;4.523561956057013;5.523561956057013;4.857980995127572;3.906890595608519;4.169925001442312;6.554588851677638;5.857980995127572;5.321928094887363;5.930737337562887;4.459431618637297;6.149747119504682;4.643856189774724;6.906890595608519;4.954196310386875;4.087462841250339;4.807354922057604;5.247927513443585;5.954196310386875;5.0;3.700439718141092;4.857980995127572;5.285402218862249;5.754887502163468;5.20945336562895;5.044394119358453;5.285402218862249;5.169925001442312;3.906890595608519;5.584962500721156;5.491853096329675;4.906890595608519;5.906890595608519;5.169925001442312;5.930737337562887;5.426264754702098;5.554588851677638;5.321928094887363;4.247927513443585;4.857980995127572;5.129283016944966;5.321928094887363;5.087462841250339;5.930737337562887;4.169925001442312;5.78135971352466;5.491853096329675;4.700439718141092;5.247927513443585;4.700439718141092;5.087462841250339;5.977279923499917;6.285402218862249;5.459431618637297;5.044394119358453
11.265615046484458;11.61056350392504;11.881878707600446;10.411510988012072;12.193217322699065;11.553149275598548;9.682994583681683;12.425215903299383;11.563196272216738;8.787902559391432;9.066089190457772;9.333155350310616;10.29117069932186;9.766528908598865;9.768184324776929;10.955649907528374;10.870364719583405;10.50382573799575;7.515699838284043;10.278449458220482;8.276124405274238;12.791773380858745;12.024793384702548;12.363039630256514;9.988684686772164;8.092757140919852;9.283088353024002;8.784634845557521;10.603626344986193;10.121533517340032;13.926851910929878;9.60733031374961;11.492854620174748;9.83289001416474;10.049848549450562;10.909143047339898;11.48683502156305;8.848622940429339;14.395668009636845;7.74819284958946;11.840384550711669;11.521600439723729;11.553149275598548;10.537218400538595;10.60917873814198;10.0;8.499845887083206;10.181152256865566;10.44190670454224;13.26868819222819;10.098032082960527;13.9970912508033;10.129283016944967;9.489847960439295;8.787902559391432;10.676838606474153;10.452241240430816;9.94251450533924;11.627077840517394;11.492854620174748;10.293471648838134;13.9970912508033;10.825753832883112;10.403012023574997;10.221587121264806;10.78463484555752;10.324180546618742;12.026869205263395;10.754887502163468;10.667111542075029;9.03342300153745;9.693486957499324;10.733015321685963;10.071462362556623;10.295768934420508;13.9970912508033;11.809768128710411;11.970824901362615;9.521600439723729;10.603626344986193;11.036173612553483;10.972261848733291;8.94251450533924;7.614709844115208;9.22881869049588;9.98584193700334;12.644532294625444;9.594324603924848;11.25915476886684;8.603626344986193;11.932214751968385;11.273212809854334;11.486332252768664;12.193217322699065;9.885696373339394;11.970824901362615;9.285402218862249;10.24555270625568;9.887220615468385;9.80896417491926;10.460455896309636;8.912889336229961;9.252665432450248;10.46352437327118;10.15608307628868;11.59105477403678;10.246740598493144;12.700439718141093;10.447083226209651;8.139551352398794;10.339850002884624;10.24555270625568;10.001408194392807;12.260625556068227;9.643856189774723;10.413627929024171;11.79400964502097;11.541096615349524;11.66266837551754;11.092096414990792;11.044394119358454;11.30890780406394;11.088125692188209;12.24347153839633;10.711666973564348;12.052568050804153;10.095397022792556;10.90312867681232;10.782998208920414;11.3297963382207;11.386401423640775;11.916625922211235;11.783816759320182;11.807354922057604;10.847057346091336;10.649256177517314;12.103287808412022;11.305491792110685;12.25591374933779;11.789941128390916;10.393390457443989;10.940313597145968;11.186114239541643;11.023754353299417;10.8649599151426;12.189206834597025;11.870750003346114;11.040974598817304;11.169925001442312;10.97513145692134;11.73978060977326;11.401946123976536;12.605942439625368;11.213104219641906;11.929628283024565;11.184255495405347;10.871135184243045;10.78463484555752;11.417852514885896;11.754052367528924;12.383704292474052;11.294620748891628;11.072802534544207;11.580258567499788;11.283088353024002;10.099347810403192;11.933321820732946;10.684748620421626;12.338179249900112;9.665335917185176;10.357552004618084;11.076815597050832;11.109830654278792;10.31741261376487;10.909143047339898;9.804131021183318;11.421538906848276;12.404875455015208;10.580258567499788;11.24436383512051;11.84588203438406;11.044394119358454;12.135388651579046;11.490850876740298;10.737247343027738;10.874212934830874;10.490850876740298;11.208234358339787;11.705632387361415;12.567005370247031;10.901621158346112;9.233619676759702;10.961449694398196;10.733015321685963;12.199365616857982;11.451726268074506;11.51717725268954;12.674192268145683;11.094077685671904;11.547858506058416;12.797458885915104;13.0534168447575;11.105253779700885;11.016111838220512;11.200285605224298;12.234817431117325;11.631631805917635;10.251482410620213;10.99081307915361;10.81698362325538;10.723660944409984;11.319672120946995;11.991521846075695;10.496853777388042;11.645208082774683;11.395534135462302;11.734709620225836;12.745044005034464;9.709083812550343;11.179909090014934;10.827342704234116;13.011576703176177;11.569855608330949;12.60246690183057;11.29748950116098;10.862637357558794
9.83605035505807;6.857980995127572;9.199672344836364;7.366322214245816;8.164906926675688;9.52552080909507;9.696967526234287;10.14338321398982;11.285980105928212;7.787902559391432;6.169925001442312;6.727920454563199;4.584962500721156;8.700439718141093;8.710806433699352;9.489847960439295;8.527477006060396;9.509775004326936;3.700439718141092;8.194756854422248;9.445014845868425;6.554588851677638;9.766528908598865;8.233619676759702;9.876516946565;6.857980995127572;7.768184324776926;8.562242424221072;9.787902559391432;9.03342300153745;9.823367240046236;8.199672344836364;9.857980995127573;7.888743248898259;8.144658242831882;9.330916878114618;9.76487159073609;4.321928094887363;8.778077129535358;5.857980995127572;8.686500527183219;8.558420713268664;9.52552080909507;10.12670447284319;9.707359132080883;10.961449694398196;6.044394119358453;9.537218400538595;7.857980995127572;9.823367240046236;8.129283016944967;10.719388820942084;9.26209484537018;7.721099188707186;7.787902559391432;9.766528908598865;11.029287226968243;8.335390354693924;11.031356596255709;9.857980995127573;5.857980995127572;10.719388820942084;9.749869427396844;10.398743691938192;11.040289721025715;8.845490050944376;9.861086905995396;9.531381460516313;8.774787059601174;7.066089190457772;9.868822554775;9.434628227636724;9.194756854422248;7.643856189774724;11.309476353841106;10.719388820942084;8.487840033823051;8.546894459887637;8.154818109052105;9.787902559391432;9.038918989292302;11.069449767427784;8.03342300153745;8.238404739325079;7.554588851677638;9.430452551665532;9.535275376620802;7.924812503605781;7.98299357469431;7.693486957499325;9.459431618637296;8.7714894695006;8.661778097771988;8.164906926675688;9.483815777264256;8.558420713268664;8.413627929024173;8.661778097771988;3.4594316186372973;8.31741261376487;9.4655664048094;8.558420713268664;8.413627929024173;9.192292814470768;3.0;10.382624026574916;9.344295907915816;11.002815015607052;9.871905237659186;8.139551352398794;6.78135971352466;8.94251450533924;9.177419537989236;4.807354922057604;7.820178962415188;8.0;8.960001932068081;6.930737337562887;7.491853096329675;7.774787059601174;6.672425341971495;6.7414669864011465;7.475733430966398;8.717676423066395;8.294620748891628;9.25502856981873;8.888743248898258;6.672425341971495;6.044394119358453;7.044394119358453;6.930737337562887;7.076815597050831;8.873444112515376;9.216745858195306;8.654636028527968;7.159871336778389;8.134426320220927;7.507794640198696;8.154818109052105;9.746514321138465;8.271463027904375;7.686500527183218;8.0;8.668884984266247;6.149747119504682;9.84862294042934;7.294620748891627;7.930737337562887;7.592457037268081;6.0;4.700439718141092;6.303780748177103;10.453270634010623;3.4594316186372973;7.988684686772165;7.312882955284356;7.266786540694901;8.388017285345136;10.217957697864112;6.303780748177103;8.087462841250339;8.968666793195208;8.39231742277876;9.861086905995396;6.507794640198696;7.794415866350106;5.727920454563199;6.507794640198696;9.036173612553483;7.20945336562895;6.768184324776926;7.636624620543649;9.348728154231075;8.294620748891628;7.930737337562887;6.426264754702098;8.471675214392045;10.83289001416474;4.169925001442312;6.554588851677638;9.829722735086058;9.3151495622563;8.475733430966399;8.330916878114618;8.717676423066395;9.011227255423254;8.164906926675688;9.204571144249204;8.703903573444663;8.679480099505446;9.93810932621924;5.882643049361842;7.285402218862249;4.906890595608519;5.0;7.044394119358453;8.90388184573618;9.184875342908285;8.31741261376487;8.997179480937621;9.400879436282183;8.413627929024173;8.81698362325538;7.076815597050831;6.569855608330948;8.459431618637296;8.396604781181859;9.214319120800766;8.654636028527968;7.531381460516312;7.3750394313469245;7.523561956057013;7.727920454563199;6.321928094887363;9.614709844115207;10.249113452713727;7.554588851677638;7.066089190457772;4.857980995127572;7.988684686772165;3.321928094887362;7.05528243550119;11.375039431346924;7.658211482751795;8.330916878114618;7.988684686772165
10.623881490013458;11.204571144249204;11.027905996569883;11.045759661382682;11.371776644337924;10.918117851031772;11.52943055414615;12.217957697864112;11.650603022215307;11.972261848733291;11.693486957499324;11.588246152044816;11.12023787734196;9.831307243802051;11.583552930466483;10.732167425663384;11.253847484987404;11.249706056969703;12.271754805646474;11.526499239136566;11.152284842306582;12.371776644337924;10.622051819456376;11.633449374713493;12.049508251055096;11.91026795581084;12.01854794187165;10.352043425795433;10.411510988012072;11.456867738380344;13.028596777067108;11.609640474436812;11.186114239541643;11.693922488081014;11.378836713210614;10.791162888555018;11.397674632948268;12.624567018674917;10.608254821977908;11.898979204622512;10.483815777264256;10.854089179870574;10.918117851031772;11.145295334933598;10.855647166027266;11.580729651598958;10.945443836377912;12.76155123244448;11.321928094887362;10.880348808156027;10.249113452713727;9.22881869049588;11.986197587206274;12.036860446673046;11.972261848733291;11.362491806046062;10.843921051289035;10.7047682393626;12.720030446498972;11.186114239541643;11.810973220002165;9.22881869049588;11.51717725268954;12.19136771341894;12.110157018954066;10.954196310386877;12.621365094314864;9.61654884377899;12.0;12.520127550324853;9.154818109052105;8.960001932068081;11.409390936137704;13.214622686302336;11.844313461203296;9.22881869049588;11.522091068887065;12.055621374781708;10.510764167917891;10.411510988012072;11.393390457443989;11.298635406734242;11.314016703901355;11.07347215397646;11.022367813028454;11.406205005418856;13.391780606013166;10.594324603924848;11.522091068887065;11.001408194392807;11.385323176175872;11.189206834597025;11.96902670215077;11.371776644337924;11.42678889459556;11.554588851677638;11.252665432450248;10.921097088106793;12.327833296750327;11.879583249612784;11.083479327331842;12.16427843830117;10.858758099935422;11.30206767252652;11.84862294042934;11.47015043527436;11.563196272216738;10.36194377373524;12.602698865017963;11.1767964781476;11.893680738390907;10.968666793195208;11.025139562278508;10.376125389276174;11.17617314910749;11.211279947482009;11.41256984680521;10.737247343027738;11.00562454919388;11.27262978497637;11.264442600226602;11.385323176175872;11.129926933510394;9.9901039638575;10.90839262077375;11.11504365016171;11.539158811108033;10.3297963382207;10.898601387403938;10.60177078840771;11.193525360501216;11.057991722759176;11.845490050944376;10.73978060977326;11.677719641641009;11.194141238863136;10.88340698638837;11.381002109550924;10.703903573444665;11.60177078840771;11.944346034137832;11.292896755409172;10.38586240064146;11.284824100224624;11.101975670949232;10.90839262077375;10.174925682500678;11.140190703191836;11.40992124124968;10.49585502688717;11.237807473723135;10.260919533662904;11.71037597120447;11.091435386323608;11.214319120800766;9.649256177517314;11.312315746690109;11.202736043250168;10.69261550169458;11.11699367754698;10.357552004618084;11.42678889459556;10.634811050171718;11.377210530388552;11.011926066306808;11.150381968817848;11.62159403901754;10.46352437327118;9.620219825507489;12.16427843830117;10.15608307628868;10.14974711950468;10.852529509404196;11.499845887083206;11.521109643651332;11.546412195119352;11.437752072323605;11.326429487122304;11.075479149488016;11.124767535822471;11.37937836707126;11.129283016944967;11.33371442609397;10.655530723155644;11.663113308455806;10.834471049984222;10.974414589805528;10.86727873970966;11.076815597050832;11.776021715252812;11.385323176175872;10.881878707600446;10.33427328530719;10.63390340934852;11.255618749839597;11.230020435705637;11.403544678202014;11.421012855779226;11.101975670949232;10.083479327331842;9.884170519108435;10.76983784362944;10.381542951184583;8.894817763307943;11.519144787997414;10.82097669262124;11.584492796975876;11.398743691938192;10.188588845707349;10.847057346091336;10.874981347653774;10.852529509404196;11.527477006060396;11.31797782240712;11.347067657165873;11.393390457443989;11.401412878714178;11.562242424221072;13.535275376620802;10.834471049984222;11.134426320220928;9.79603960882977;11.7402023887679;11.293471648838134;11.116343961237469;10.862637357558794
2.584962500721156;0.0;1.0;2.321928094887362;3.906890595608519;1.0;1.584962500721156;1.0;0.0;0.0;3.0;0.0;0.0;0.0;0.0;1.584962500721156;1.584962500721156;1.0;0.0;1.0;0.0;0.0;0.0;0.0;1.0;3.169925001442312;3.0;1.584962500721156;1.0;2.0;1.0;0.0;0.0;1.584962500721156;0.0;2.0;0.0;0.0;2.321928094887362;1.584962500721156;0.0;1.0;1.0;3.321928094887362;0.0;0.0;0.0;1.0;1.0;0.0;0.0;0.0;1.584962500721156;0.0;0.0;0.0;0.0;1.584962500721156;1.0;0.0;0.0;0.0;1.0;0.0;1.0;2.0;1.0;0.0;1.0;0.0;0.0;1.0;0.0;0.0;0.0;0.0;2.321928094887362;0.0;0.0;1.0;3.321928094887362;0.0;0.0;2.321928094887362;1.0;1.0;1.0;1.584962500721156;1.0;0.0;0.0;1.0;0.0;3.906890595608519;0.0;1.0;0.0;0.0;1.584962500721156;1.0;0.0;0.0;0.0;0.0;1.0;1.0;1.0;0.0;1.0;0.0;1.0;1.0;0.0;0.0;2.584962500721156;3.169925001442312;2.321928094887362;1.584962500721156;2.584962500721156;3.321928094887362;3.0;1.0;2.807354922057604;1.0;2.0;0.0;2.584962500721156;2.0;2.321928094887362;2.0;1.0;1.0;1.0;0.0;0.0;1.0;0.0;2.584962500721156;3.169925001442312;0.0;2.321928094887362;3.321928094887362;4.754887502163468;0.0;0.0;0.0;1.0;1.584962500721156;2.321928094887362;0.0;0.0;3.0;2.807354922057604;2.584962500721156;0.0;1.0;1.584962500721156;2.584962500721156;2.321928094887362;0.0;2.0;1.0;1.0;3.700439718141092;0.0;0.0;0.0;0.0;0.0;3.0;2.0;2.321928094887362;3.321928094887362;2.321928094887362;2.321928094887362;0.0;3.700439718141092;2.584962500721156;0.0;2.0;1.0;2.807354922057604;1.0;1.584962500721156;1.0;1.0;2.0;0.0;1.584962500721156;1.0;0.0;2.0;0.0;2.0;2.321928094887362;1.584962500721156;2.584962500721156;3.4594316186372973;0.0;2.584962500721156;2.0;2.807354922057604;2.584962500721156;1.584962500721156;2.584962500721156;1.0;3.0;2.807354922057604;2.807354922057604;1.584962500721156;1.0;1.0;2.321928094887362;1.584962500721156;1.584962500721156;2.584962500721156;1.584962500721156;2.321928094887362;0.0;0.0;2.807354922057604;2.0;2.584962500721156;1.0;2.0;3.0
5.857980995127572;7.599912842187128;8.038918989292302;6.459431618637297;9.264442600226602;8.562242424221072;9.573647187493322;7.727920454563199;6.94251450533924;8.714245517666123;8.29920801838728;9.381542951184583;8.118941072723507;6.169925001442312;8.447083226209653;8.546894459887637;8.741466986401146;7.011227255423254;8.303780748177102;6.392317422778761;7.912889336229962;8.174925682500678;9.355351096424812;7.876516946564999;8.118941072723507;11.011926066306808;7.643856189774724;5.459431618637297;9.207014320177532;7.044394119358453;8.700439718141093;7.05528243550119;7.303780748177103;8.139551352398794;8.820178962415188;7.20945336562895;7.357552004618084;9.18239435340453;8.233619676759702;13.156873117949567;9.005624549193879;7.894817763307944;8.562242424221072;6.672425341971495;8.876516946565;7.098032082960526;8.459431618637296;10.563196272216738;9.428360172704291;4.0;9.535275376620802;7.839203788096944;8.867278739709661;9.521600439723729;8.714245517666123;7.569855608330948;10.62844554013718;9.124121311829189;8.092757140919852;7.303780748177103;6.658211482751795;7.839203788096944;8.344295907915816;7.539158811108031;9.197216693110052;7.912889336229962;6.794415866350106;6.357552004618084;8.475733430966399;6.266786540694901;5.906890595608519;9.754887502163468;9.481799431665753;9.174925682500678;6.087462841250339;7.839203788096944;7.483815777264256;10.42940674151398;8.710806433699352;9.207014320177532;8.214319120800766;9.975847968006784;7.022367813028454;7.622051819456376;8.90388184573618;5.930737337562887;10.192292814470768;6.554588851677638;8.550746785383243;9.12670447284319;8.049848549450562;9.079484783826816;8.303780748177102;9.264442600226602;10.410451351503994;5.977279923499917;7.011227255423254;9.1006623390052;7.20945336562895;10.451211111832327;6.266786540694901;10.805743872151618;8.335390354693924;9.388017285345136;7.74819284958946;9.43879185257826;8.714245517666123;7.022367813028454;8.038918989292302;7.672425341971495;8.784634845557521;7.820178962415188;7.577428828035749;7.906890595608519;7.357552004618084;6.554588851677638;8.303780748177102;7.577428828035749;8.820178962415188;8.640244936222345;7.562242424221073;8.159871336778389;7.882643049361842;8.303780748177102;6.906890595608519;7.531381460516312;8.174925682500678;7.139551352398794;7.888743248898259;7.882643049361842;9.324180546618742;8.651051691178928;8.396604781181859;7.954196310386875;8.103287808412022;6.087462841250339;8.285402218862249;8.721099188707186;8.413627929024173;8.988684686772165;7.219168520462161;6.266786540694901;9.868822554775;8.20945336562895;8.62935662007961;7.459431618637297;8.577428828035748;8.199672344836364;7.087462841250339;8.550746785383243;8.64745842645492;8.467605550082997;8.768184324776927;8.353146825498083;8.290018846932618;7.266786540694901;7.679480099505446;7.754887502163468;7.417852514885898;8.550746785383243;8.238404739325079;8.243173983472952;7.321928094887363;8.62935662007961;8.03342300153745;8.651051691178928;8.67595703294175;8.139551352398794;8.159871336778389;8.321928094887362;7.098032082960526;7.357552004618084;7.906890595608519;7.614709844115208;7.546894459887636;6.857980995127572;7.03342300153745;8.388017285345136;8.339850002884624;8.005624549193879;9.243173983472952;7.409390936137702;8.118941072723507;7.118941072723508;7.894817763307944;7.870364719583405;5.087462841250339;8.375039431346925;8.665335917185176;8.434628227636725;7.357552004618084;7.554588851677638;7.761551232444479;8.060695931687555;8.539158811108031;7.930737337562887;7.531381460516312;8.842350343413807;7.434628227636725;5.044394119358453;7.857980995127572;8.994353436858859;6.845490050944375;7.800899899920305;8.353146825498083;8.566054038171092;9.027905996569883;7.219168520462161;7.285402218862249;8.717676423066395;8.658211482751796;7.86418614465428;8.870364719583405;9.005624549193879;8.174925682500678;7.727920454563199;8.854868383260236;8.682994583681683;4.247927513443585;7.721099188707186;9.851749041416058;8.774787059601174;8.252665432450248;8.527477006060396;7.851749041416057;7.74819284958946
10.347621368568134;11.33147682185962;12.175237650291036;12.95673914505908;11.880348808156027;10.52258153125483;11.584492796975876;10.545929769085468;11.44190670454224;11.455840909126398;10.874212934830874;10.837627933171404;10.113742166049189;10.298062567719017;10.89633240390994;11.338179249900112;11.295194955880657;10.605479518061667;10.249113452713727;10.822570830950168;10.842350343413807;11.14974711950468;12.373137035802127;10.131856960608792;11.464035152189911;11.571278618514595;10.0566377151132;11.367414751246828;12.44785810495403;11.757390009366638;11.977279923499916;10.448116305409464;10.83368074865474;9.810571634741146;11.767356854125683;11.566054038171092;11.481799431665753;11.239598529249124;12.113416611485944;13.258566033889933;11.727069558023706;11.318542809702723;10.52258153125483;10.870364719583405;11.16679075071818;10.4757334309664;13.802011414277494;12.570804437724496;11.602698865017963;11.355351096424812;11.759888183221834;11.758639637024576;11.711236767793784;13.22204015786482;11.455840909126398;13.20181761666792;12.567956075415466;11.85447883417163;10.414685235807214;10.83368074865474;13.007027266893967;11.758639637024576;12.783816759320182;13.4231159101471;11.25089053572334;10.471675214392045;10.581200581924955;10.7657004876511;11.249113452713727;11.985486199104637;12.246740598493144;12.527477006060396;11.507794640198696;11.891024190149498;12.003869231979056;11.758639637024576;11.450695771572915;12.160501747555688;10.889503963411476;12.44785810495403;11.719388820942084;11.397139806235604;11.280190792216906;12.35672705746463;11.915879378835774;9.988684686772164;11.758223214726724;10.94251450533924;10.1357092861044;12.818981539432444;10.59898297103609;11.558420713268664;11.51422090935813;11.880348808156027;12.350386742312844;11.268542000300124;10.086136225027309;10.925554439873554;9.179909090014934;11.430452551665532;10.25502856981873;13.047805554007589;10.74819284958946;12.638662165859657;10.682116764950074;12.45763738099176;11.208234358339787;12.045418397030792;11.155450731312138;10.62935662007961;12.723660944409984;13.983795245160282;12.354524889449351;11.77272694923985;10.347621368568134;11.398743691938192;11.8668925276766;11.098032082960527;12.016111838220512;11.290594888082572;11.102631888854969;11.191059214531656;11.936269857602207;11.59944798152872;10.407267764244732;11.914011328541257;10.39231742277876;11.227615943414223;11.088125692188209;11.122827994807666;11.567005370247031;11.526988205432009;11.724087461793989;11.385323176175872;11.237807473723135;10.992230264965889;11.183635381473218;11.65642486327778;11.436711542137214;11.686938171670388;10.122827994807666;11.42574042431621;11.680359523513712;11.805743872151618;11.30149619498255;10.67595703294175;11.804937672051908;11.24436383512051;11.406205005418856;11.092096414990792;11.54882190845875;12.074810461160451;11.884552133987237;11.011227255423254;11.653292945382814;10.978710459106358;10.94617524072356;11.215532999745657;10.71681946132995;11.978710459106358;11.82137539237254;11.7300455028792;11.007027266893967;11.803727526553114;12.064742764750257;10.28424574982967;11.698270577692032;11.68079903457298;12.50382573799575;10.281930026955443;10.63026712502677;10.90839262077375;11.59618975614441;10.900112062977456;11.203959703239462;10.312882955284357;11.876133200043016;11.623881490013458;10.954196310386877;11.242578689451346;12.089119397915168;11.489847960439295;11.67595703294175;11.639792893279312;10.946906274456396;11.26620091249896;11.253256579781151;10.993646060016596;11.397674632948268;11.407798850221974;10.957102041562289;10.696098170955864;10.861086905995396;11.020285500844649;11.85096815098244;11.131856960608792;11.850186837645774;12.124767535822471;11.237807473723135;11.607792641919213;12.157978449945432;12.326429487122304;10.845490050944376;11.73809225962049;11.608716854020573;11.919235786028349;11.99682652802066;10.28886607416582;10.958552715431011;11.506803437795648;10.995767150877802;11.388017285345136;12.436711542137214;11.498849206531723;11.603162679534382;11.199672344836364;11.353146825498085;12.325024310191417;11.629811944382231;11.211279947482009;11.59944798152872;12.406205005418856;11.910642730469624;12.868050853745158;11.56843119316746;11.211888294546004
13.18084156556666;13.070791809423062;12.897845456005513;15.62650758277611;11.077483356859508;12.933875036707343;15.413727084458356;13.023061249735337;15.682775179067027;14.945398111292226;11.64250302878052;14.373408960228696;14.00544911354693;10.849405100947758;14.424953571261042;13.244066464194818;13.357414546179516;12.916812497709833;14.260257999815217;14.042172353174928;13.945992424396774;15.146290228456849;15.497477645523553;13.351905441476942;15.70681974633381;15.785988781276812;12.608254821977908;13.655754310144218;14.517730893262074;14.101647450030766;15.133061917699544;14.754991860009431;13.132339064219256;11.950920352030098;16.619818766539186;14.60813929084344;15.292573277154029;16.86755626576103;13.38626668677018;19.19651568209696;15.250483480831132;11.586370695113963;12.933875036707343;15.031787341501463;14.807656793732477;12.926666629347284;16.724100788430643;17.18986315786711;15.207510085121587;14.19913552807077;15.20281255241365;14.443526363693524;13.727707777472686;16.22791672420149;14.945398111292226;16.497695935650878;16.750445301320838;15.164867654172497;13.768287725245768;13.132339064219256;15.171606851865484;14.443526363693524;15.355041324254186;14.069197995511106;15.077900549841477;12.510764167917891;13.690434556395054;12.23421867823847;15.851114600138253;14.617983932966146;11.029287226968243;15.32656992956981;15.201511344500146;18.46016789170904;12.67815995754276;14.443526363693524;10.281930026955443;14.85822388534834;15.447761267868383;14.517730893262074;11.793603309279408;15.619130977384264;9.658211482751796;15.589943681552567;17.078703306844815;10.602698865017963;10.67065624911844;15.307627747257134;13.876037247461364;17.66347471545712;13.803424831505485;14.693269142893206;12.79197682089869;11.077483356859508;15.087918583983472;13.180375403128156;13.395668009636845;14.221738149272364;11.77313920671969;15.282545503474436;13.279175269495482;16.413859281103893;15.600174260498603;17.105990328791844;15.75433949959095;16.965806826595994;14.793704903944487;12.865153292938064;13.746514321138465;13.361258440464605;17.286025243608183;15.662139839367462;16.39282050715143;14.083894790269454;13.0087787482805;14.164042684555913;13.562600191127032;13.51101135288224;13.260919533662904;13.86486321652392;13.25429050511706;13.489847960439295;12.77313920671969;13.85856386297237;12.62159403901754;12.823964258486738;12.888743248898258;11.47015043527436;13.026350530067845;13.913169916122756;13.039090401998603;14.022107688309616;13.79685079526716;13.382083590141969;14.206938033524374;13.87795508761204;13.685953284813918;13.07028868996168;13.167104482379932;14.169376998869794;13.115856481915078;14.308765631603524;12.63254087654689;13.55877942904049;12.757181632816716;13.624110035762987;13.56271942704932;13.803929287974446;12.918117851031772;13.885696373339394;13.83219776578554;13.903034503044154;15.07020481965727;13.44086916761087;13.836444911341369;13.042343379793692;14.703741390875678;14.333924023669228;12.24555270625568;14.38444650634117;14.422524735901208;13.952559261056836;13.450695771572915;13.44759985827995;13.157820597213629;14.311038711409475;14.081982669325678;14.063310809257125;13.782383991197;13.313449940963055;13.421012855779226;13.26795708440284;13.841564347730577;14.559018523346786;13.946358033887046;13.271754805646474;13.910642730469624;14.748402528398184;12.809366207816078;13.892637677748688;13.4542992936199;13.203500952361397;14.443008270572768;14.22143607744528;13.694357887221452;15.278667239946442;14.382691566896591;13.474212937193943;14.04840172658824;14.14473789473202;13.651724433108065;9.7714894695006;12.885505729792254;13.009128789539256;14.074559623110463;13.295194955880657;14.69207057438276;13.5262546938286;13.174301544467632;14.5652806186787;15.119427511067276;14.92731501080895;12.712741927075736;13.237060543838012;14.237434057119293;14.330146600438278;13.207624468226758;13.23586465108203;14.602060876487204;14.104189211153557;12.925183519434208;14.405141463136344;14.094655044127212;13.306061689428342;14.241312873484352;13.095232171619331;13.436971745049073;13.633222303800787;10.24555270625568;13.823964258486738;12.27699673929712;14.274086905634414;13.790246665444943;15.8668925276766;13.585901449690772;14.242280950302444
7.491853096329675;8.784634845557521;8.467605550082997;6.658211482751795;8.46352437327118;9.876516946565;9.285402218862249;10.27029532647204;8.379378367071261;8.361943773735241;7.303780748177103;5.954196310386875;11.067434360756522;7.247927513443585;8.290018846932618;7.894817763307944;7.800899899920305;7.614709844115208;7.787902559391432;8.113742166049189;8.294620748891628;9.73640193131829;8.651051691178928;8.335390354693924;9.417852514885896;7.03342300153745;6.714245517666122;5.614709844115208;8.479780264029099;7.169925001442312;8.988684686772165;6.977279923499917;9.41574176829009;6.700439718141092;10.118941072723509;7.257387842692652;7.303780748177103;6.129283016944966;7.531381460516312;6.321928094887363;7.948367231584678;7.787902559391432;9.876516946565;7.994353436858858;7.948367231584678;8.459431618637296;5.357552004618084;7.392317422778761;8.076815597050832;7.05528243550119;7.276124405274237;8.379378367071261;7.247927513443585;7.707359132080882;8.361943773735241;8.507794640198696;8.413627929024173;8.696967526234287;11.057314877782703;9.41574176829009;6.78135971352466;8.379378367071261;7.294620748891627;8.689997971419446;10.461479447286155;7.774787059601174;8.951284714966972;7.491853096329675;8.087462841250339;8.379378367071261;6.700439718141092;7.614709844115208;9.29232163280204;7.169925001442312;8.581200581924957;8.379378367071261;6.3750394313469245;7.820178962415188;7.876516946564999;8.479780264029099;7.707359132080882;10.43254190038826;10.8649599151426;7.20945336562895;8.507794640198696;8.108524456778168;11.207014320177532;8.098032082960527;7.108524456778169;7.219168520462161;10.625708843064466;8.011227255423254;10.457380879072534;8.46352437327118;8.79766152585376;8.784634845557521;8.189824558880018;8.219168520462162;10.295768934420508;8.546894459887637;7.2384047393250786;6.321928094887363;5.247927513443585;6.426264754702098;4.392317422778761;11.554588851677638;5.832890014164741;8.625708843064466;7.86418614465428;7.159871336778389;7.507794640198696;7.6293566200796095;5.554588851677638;9.405141463136344;10.280770770130603;7.199672344836364;9.57553924683453;8.92481250360578;9.569855608330949;7.011227255423254;8.247927513443585;9.605479518061667;7.768184324776926;9.60733031374961;8.016808287686555;9.052568050804153;9.804131021183318;7.912889336229962;7.707359132080882;9.449148645375436;8.900866807980748;9.643856189774723;9.294620748891628;9.211888294546004;10.778898476008376;8.290018846932618;9.902375114486023;9.776433032444732;8.930737337562887;9.952741247186488;9.152284842306582;7.826548487290915;7.348728154231077;8.388017285345136;9.61654884377899;8.451211111832329;10.310612781659527;8.951284714966972;8.479780264029099;9.187352073200495;9.968666793195208;8.479780264029099;9.60733031374961;9.531381460516313;9.712527000439824;7.554588851677638;9.357552004618084;8.689997971419446;7.839203788096944;9.753216749178955;9.095397022792556;9.428360172704291;8.7714894695006;8.794415866350105;9.278449458220482;9.734709620225836;10.615629636968098;8.066089190457772;7.839203788096944;10.00982861736811;7.159871336778389;8.820178962415188;8.0;8.535275376620802;7.339850002884624;7.971543553950772;8.51175265376738;9.926295994781112;9.250298417906333;8.49585502688717;10.105908508571158;8.027905996569885;9.451211111832327;8.539158811108031;10.070120944476823;8.507794640198696;8.087462841250339;8.672425341971495;9.491853096329674;9.845490050944376;8.791162888555018;6.189824558880018;8.499845887083206;9.041659151637214;10.24198314969433;9.79603960882977;8.693486957499324;9.918863237274596;8.388017285345136;7.774787059601174;8.73809225962049;8.939579214314692;8.566054038171092;7.686500527183218;8.72451385311995;9.172427508645482;9.388017285345136;9.303780748177102;8.044394119358454;8.672425341971495;8.873444112515376;8.558420713268664;8.851749041416058;9.977279923499916;10.051208940914766;8.20945336562895;9.76155123244448;9.44086916761087;6.20945336562895;8.89178370321831;8.214319120800766;9.344295907915816;9.34207466799914;8.988684686772165;9.250298417906333;8.936637939002571
5.643856189774724;8.139551352398794;8.447083226209653;4.247927513443585;3.0;5.906890595608519;6.357552004618084;5.614709844115208;5.169925001442312;7.087462841250339;7.303780748177103;9.44086916761087;7.266786540694901;3.169925001442312;6.442943495848728;6.9886846867721655;7.6293566200796095;6.475733430966398;5.954196310386875;6.3750394313469245;5.78135971352466;5.754887502163468;7.169925001442312;5.20945336562895;7.554588851677638;6.442943495848728;5.247927513443585;5.0;6.491853096329675;5.882643049361842;9.076815597050832;5.832890014164741;3.906890595608519;7.149747119504682;6.129283016944966;6.169925001442312;8.417852514885897;4.169925001442312;5.169925001442312;4.392317422778761;7.499845887083206;6.022367813028454;5.906890595608519;6.0;7.179909090014935;7.303780748177103;2.584962500721156;4.954196310386875;9.162391328756906;4.0;6.754887502163468;5.614709844115208;5.954196310386875;6.108524456778169;7.087462841250339;5.247927513443585;6.7414669864011465;7.845490050944375;4.087462841250339;3.906890595608519;6.6293566200796095;5.614709844115208;6.807354922057604;6.108524456778169;9.167418145831736;8.189824558880018;7.658211482751795;5.954196310386875;4.584962500721156;6.727920454563199;4.169925001442312;5.129283016944966;7.087462841250339;8.665335917185176;5.285402218862249;5.614709844115208;5.554588851677638;6.78135971352466;7.076815597050831;6.491853096329675;5.169925001442312;5.491853096329675;4.0;6.870364719583405;5.614709844115208;6.169925001442312;7.20945336562895;5.882643049361842;6.918863237274595;3.906890595608519;5.169925001442312;10.78053976747196;6.066089190457772;3.0;5.930737337562887;8.199672344836364;6.169925001442312;6.794415866350106;4.700439718141092;10.083479327331842;5.321928094887363;5.643856189774724;7.366322214245816;3.321928094887362;5.727920454563199;6.599912842187128;8.348728154231077;6.754887502163468;6.189824558880018;3.0;8.124121311829187;5.672425341971495;6.392317422778761;6.807354922057604;7.257387842692652;3.807354922057604;7.857980995127572;6.392317422778761;7.442943495848728;6.539158811108031;6.108524456778169;6.044394119358453;5.459431618637297;7.189824558880018;6.539158811108031;7.888743248898259;8.672425341971495;5.523561956057013;6.442943495848728;6.857980995127572;7.592457037268081;8.266786540694902;7.614709844115208;7.05528243550119;7.426264754702098;5.554588851677638;8.228818690495881;7.266786540694901;6.954196310386875;7.888743248898259;7.348728154231077;5.754887502163468;4.169925001442312;6.087462841250339;6.7414669864011465;7.312882955284356;8.422064766172813;7.169925001442312;6.108524456778169;5.954196310386875;6.930737337562887;5.0;7.988684686772165;6.94251450533924;7.936637939002571;6.169925001442312;7.658211482751795;6.426264754702098;5.954196310386875;7.800899899920305;7.303780748177103;6.321928094887363;6.129283016944966;7.149747119504682;5.614709844115208;6.569855608330948;8.569855608330947;6.475733430966398;6.672425341971495;5.906890595608519;6.442943495848728;5.554588851677638;5.977279923499917;6.700439718141092;6.357552004618084;5.491853096329675;5.882643049361842;9.187352073200495;7.643856189774724;6.78135971352466;7.971543553950772;5.727920454563199;7.800899899920305;6.044394119358453;7.276124405274237;5.523561956057013;5.523561956057013;6.658211482751795;8.471675214392045;8.405141463136344;7.199672344836364;4.087462841250339;6.285402218862249;7.303780748177103;7.434628227636725;8.066089190457772;6.807354922057604;8.276124405274238;6.339850002884624;4.459431618637297;5.754887502163468;7.636624620543649;6.6293566200796095;5.614709844115208;5.954196310386875;7.643856189774724;6.78135971352466;6.169925001442312;5.700439718141092;5.20945336562895;6.087462841250339;5.643856189774724;7.845490050944375;6.882643049361842;7.303780748177103;5.523561956057013;9.002815015607053;8.523561956057012;5.857980995127572;7.108524456778169;4.857980995127572;7.658211482751795;8.005624549193879;7.179909090014935;6.247927513443585;6.754887502163468
9.25974326369078;10.172427508645482;11.945809584900822;9.469641817239516;12.70173963867435;11.717676423066395;10.523561956057012;11.629811944382231;10.5401280385821;11.131856960608792;10.658211482751796;10.54399845013454;9.681238411777803;10.4797802640291;10.571752643503546;10.887220615468385;10.839203788096944;10.52845411076479;9.527477006060396;9.638435913990472;10.216745858195306;11.912515144802397;11.758223214726724;8.90388184573618;11.268542000300124;10.491853096329674;9.733015321685963;10.719388820942084;10.801708358916462;9.888743248898258;12.1331422124006;10.4241662888181;11.256798386079389;7.965784284662087;10.41574176829009;12.219168520462162;11.203348002979762;10.117643101389092;11.863411958941638;11.731743290707842;10.421012855779226;12.511505595792482;11.717676423066395;10.263269200372662;10.041659151637214;10.4655664048094;11.211888294546004;10.93147623388679;9.936637939002573;10.52061868055628;10.569855608330949;11.8649599151426;11.449664538476192;11.105253779700885;11.131856960608792;11.355351096424812;10.485829308701904;10.823367240046236;11.8356556908398;11.256798386079389;10.720244258287568;11.8649599151426;11.052568050804153;10.187352073200495;10.885696373339394;9.594324603924848;9.753216749178955;9.96289600533726;10.858758099935422;12.208234358339787;10.304921669581672;11.672867276433792;10.876516946565;11.11699367754698;11.641600215834355;11.8649599151426;11.171176797651771;11.14210705730255;8.951284714966972;10.801708358916462;10.99435343685886;10.506803437795648;9.73640193131829;10.595257481449035;11.321364432039449;10.027905996569883;11.824163209744158;9.459431618637296;9.131856960608792;10.992230264965889;10.410451351503994;10.237209960755022;12.263562639820616;12.70173963867435;10.825753832883112;10.151016538892248;9.353146825498085;10.405141463136344;8.339850002884624;10.602698865017963;9.918863237274596;10.589651146514786;9.845490050944376;11.017504401109417;9.98299357469431;10.3151495622563;10.044394119358454;11.84313591111135;10.153552031708111;9.483815777264256;11.649256177517314;10.741466986401146;10.889503963411476;10.01262453886506;9.554588851677638;9.667111542075029;9.768184324776929;9.782998208920414;9.853309555403674;9.285402218862249;9.586839787961829;10.060695931687556;9.24555270625568;10.026523442519766;9.394462694610317;10.251482410620213;8.63662462054365;8.233619676759702;9.659995892429976;9.442943495848729;9.94251450533924;9.90388184573618;10.356451970221755;10.395534135462302;10.014020470314934;9.759888183221834;9.52552080909507;9.731319031025064;10.959277505720502;10.312882955284357;9.019590728357882;9.477758266443889;9.312882955284357;10.14338321398982;9.489847960439295;10.025139562278508;10.60733031374961;9.54882190845875;9.72451385311995;9.970105890612182;9.964340867792416;9.85642552862553;10.731319031025064;9.679480099505446;9.968666793195208;9.447083226209651;9.59618975614441;9.527477006060396;9.499845887083206;10.029287226968243;10.745674324002136;10.741466986401146;9.658211482751796;10.096715154488535;10.506803437795648;8.744833837499545;10.118941072723509;10.064742764750257;11.022367813028454;8.81698362325538;9.623881490013458;9.659995892429976;9.746514321138465;9.712527000439824;10.178664851006472;8.044394119358454;9.829722735086058;11.151650829973422;9.271463027904376;10.047123912114026;10.203348002979762;9.818582177480858;10.558420713268664;10.049848549450562;9.68650052718322;10.1331422124006;9.204571144249204;9.897845456005513;10.217957697864112;10.373952655370193;9.829722735086058;8.005624549193879;9.859534786382651;9.461479447286155;10.025139562278508;9.682994583681683;10.152284842306582;10.51865315567339;10.252665432450248;9.398743691938192;10.88340698638837;10.924070185585345;9.583082767502932;9.564149489985732;10.159871336778387;10.526499239136566;9.722807531169549;9.319672120946995;9.829722735086058;9.231221180711186;9.216745858195306;9.871905237659186;10.550746785383245;9.684748620421626;10.125413470483316;9.774787059601174;9.527477006060396;10.44604940671655;9.599912842187129;9.634811050171718;8.954196310386875;10.642954223480332;10.584962500721156;11.700006150882864;10.260919533662904;9.517669388133813
7.686500527183218;11.51224664282918;10.29920801838728;8.479780264029099;6.643856189774724;7.700439718141092;11.0566377151132;10.480790201095816;10.715104009236168;10.205793249397155;6.857980995127572;7.994353436858858;11.936637939002573;9.257387842692651;9.794415866350104;9.984418458801136;9.057991722759176;7.826548487290915;6.409390936137702;9.759888183221834;9.022367813028454;10.020979938904212;10.398743691938192;8.413627929024173;10.025139562278508;8.184875342908283;8.03342300153745;7.794415866350106;10.842350343413807;10.080817527608328;11.35424938194524;9.199672344836364;7.912889336229962;8.361943773735241;8.290018846932618;9.729620743553038;10.31741261376487;8.266786540694902;11.002815015607052;8.413627929024173;10.682994583681683;9.564149489985732;7.700439718141092;10.094077685671904;9.76983784362944;10.051208940914766;8.74819284958946;9.847057346091336;9.319672120946995;8.189824558880018;10.022367813028454;9.851749041416058;9.72451385311995;10.222794902868111;10.205793249397155;10.914385132155443;10.448116305409464;9.932214751968385;9.34207466799914;7.912889336229962;9.854868383260236;9.851749041416058;10.35974956032233;10.602698865017963;10.321928094887362;9.049848549450562;10.032045726930807;9.89178370321831;10.072802534544207;9.945443836377912;8.303780748177102;9.346513733165636;11.256208688527389;10.99435343685886;9.681238411777803;9.851749041416058;5.906890595608519;10.57553924683453;9.400879436282183;10.842350343413807;7.392317422778761;11.473198383677529;4.754887502163468;8.417852514885897;10.469641817239516;8.233619676759702;8.233619676759702;8.194756854422248;7.971543553950772;9.20212382383046;10.166163082646111;10.84862294042934;11.3157156580222;6.643856189774724;9.951284714966972;9.471675214392045;9.774787059601174;10.541096615349524;6.768184324776926;8.867278739709661;9.002815015607053;8.906890595608518;7.189824558880018;7.139551352398794;5.357552004618084;11.676838606474153;7.977279923499917;9.537218400538595;9.7632123668144;8.159871336778389;9.590587049915037;9.68650052718322;8.442943495848729;12.370687406807216;12.054265139625764;11.114393054867309;11.869593843240784;11.425215903299383;12.51175265376738;10.734709620225836;11.088125692188209;11.7714894695006;10.850186837645774;12.205182326228645;10.573647187493322;11.816183681432342;11.502334580197996;10.279610581052484;10.65284497300198;11.530406337099068;11.71639078949768;12.381542951184583;11.542548262335211;12.02997734658958;12.437492010125352;10.851749041416058;12.001760028327215;12.520373136339725;10.884170519108435;12.168358727223886;11.340406490853294;10.560332834212442;10.696098170955864;11.569380959522295;11.855647166027266;10.878817284614229;12.50308035175293;11.161131882984307;10.901621158346112;12.189206834597025;12.02271457304476;11.883025068440173;12.120561896442904;12.863024710236886;12.260625556068227;11.279030136449649;11.585901449690772;11.340406490853294;8.92481250360578;12.466076461396252;12.298635406734242;11.945809584900822;11.207014320177532;11.134426320220928;12.400345796534694;12.445790836048076;12.597587039586216;11.605479518061667;12.096385734452651;11.467605550082997;9.987264012072538;11.31628153174622;10.586839787961829;11.731743290707842;10.90312867681232;9.782998208920414;11.70865283568653;12.448116305409464;11.7402023887679;11.39231742277876;12.862637357558794;11.908017261062804;12.258271576282851;12.303780748177102;11.536732889835417;10.93810932621924;11.513727595952435;11.52061868055628;12.0877943047879;12.667111542075029;11.51717725268954;7.475733430966398;10.935901682267588;11.243769031961852;13.025831668332026;11.676397887044764;12.060695931687556;12.583552930466483;11.152284842306582;11.607792641919213;12.395266349839096;12.131856960608792;11.127349541059118;11.726643921483994;11.79603960882977;12.901621158346112;11.569855608330949;10.773963368433558;11.689124404913258;11.034798962577268;11.75446999527562;11.950920352030098;12.24198314969433;12.599912842187129;12.37937836707126;11.43879185257826;12.053247125912426;12.011926066306808;8.184875342908283;11.565578136784328;11.59944798152872;12.77272694923985;11.522091068887065;12.46735081448758;12.29174628083394;12.25591374933779
13.181928692512578;13.033595068451708;12.928333307585149;12.576720525080246;12.2246046815385;12.488342277532524;13.10901441943898;12.81418188419028;12.965243172556892;10.434628227636724;11.094077685671904;12.96848680504191;11.88340698638837;11.482807956726669;12.732167425663384;12.507794640198696;12.475226777742266;12.83110927535702;12.332316330199218;12.43280285635187;12.841171189248543;12.773963368433558;14.396270289737805;12.128316602903544;13.530040495828972;13.97692206785108;10.562242424221072;12.601074338941668;14.121695390556573;13.51582301395463;13.471802206605576;12.701956178268135;11.97513145692134;11.673750739438065;13.117318426010003;11.595257481449035;13.384648862052408;12.907454038318624;13.80332391904149;13.33622758948339;14.266859727507391;12.714674827308002;12.488342277532524;12.980675132322368;13.236911111444602;13.238703279427725;13.64284143803362;13.505439421582492;13.231521210875703;13.607677073765917;13.584727667963922;14.224529319402984;11.91737207947684;11.000704269011246;10.434628227636724;14.730576276234546;13.514097596819836;13.904352376721366;12.179598130849836;11.97513145692134;13.843921051289035;14.224529319402984;14.312670278193842;12.682336269711378;12.934980832653832;11.326991174900815;11.790755750118311;12.848427334023928;13.41164338786908;13.896805403173513;12.821773981970567;14.55836091863428;12.83821908050231;14.044137936273186;12.282798858683533;14.224529319402984;12.679040186393062;14.1705510353167;12.616089313582115;14.121695390556573;14.224453953330569;13.00562454919388;14.205869596606494;12.779719355143405;12.83387836457737;12.362491806046062;12.192909219112012;12.8115753883758;12.279030136449649;12.870750003346114;11.382624026574916;13.154818109052105;13.324039871367214;12.2246046815385;13.186578551633048;13.001935913123642;11.376125389276174;12.567956075415466;10.600842114387302;13.68376223717448;11.894817763307945;13.838908446383629;12.414685235807214;13.458278436341518;12.110483309816226;13.793196859060943;12.704119788513015;13.409390936137704;12.172427508645482;10.745674324002136;13.409788683245186;13.378023850925484;13.763731079307274;12.884361339165704;13.184410482249875;12.298062567719017;13.119589620741122;12.861474675125772;13.517546370010448;12.272338184158624;12.879774677336927;13.154976290625738;12.510269670898175;13.078317622216062;11.727069558023706;13.018374070821016;11.83368074865474;12.004571615167656;12.665557989846414;12.60246690183057;13.067602418889496;12.907454038318624;13.193371349821495;13.42783660345852;13.328113894833656;12.64565843240871;12.677939816390142;13.131213905086272;12.501588422932391;13.384918625523817;11.4655664048094;12.194141238863136;12.537218400538595;13.075646273153524;12.921469060531413;12.108524456778168;13.060527067048644;12.749240939022329;13.007202510749742;13.084310133597755;13.367278229359725;12.5090326863065;13.629811944382231;12.650378635397704;13.183945471757246;12.334552633752422;13.26473580113014;12.693704739225286;11.960725994839056;13.353146825498085;13.338039933107874;13.76155123244448;12.642954223480332;13.077316445881026;14.156636150875055;12.665557989846414;13.33119687715303;13.078984687326034;14.013758836031451;12.078484417411447;12.494355603532846;12.533329732305834;12.703903573444665;12.462246634244352;12.808159772868375;11.102631888854969;12.673309075561695;13.34886644275655;12.678820179524028;12.756139298372927;13.544119233343697;12.649256177517314;13.185649777969497;12.55098721452152;12.49735289347705;12.67529549909406;12.091765938516804;12.930737337562888;12.966144913345602;12.827541190172502;13.376125389276174;11.376125389276174;12.401412878714178;12.781769511863132;13.040289721025715;12.994883741970837;12.795836740933648;13.672756805509056;12.939028181763254;12.463779785335385;13.511876166891112;13.65709510488839;12.668441828052998;12.198138052401116;13.094242668809017;13.332456200773848;13.069617590965562;11.72451385311995;12.456867738380344;12.397674632948268;12.563911244581693;12.87536540064177;13.486206533188533;13.775713150383517;13.10705356960822;12.359200485133632;12.74588436914204;13.382624026574916;12.21006248324023;12.624338545312986;12.52820989662271;13.57778284915099;12.90407007654614;14.055282435501187;13.31741261376487;12.506803437795648
10.703903573444665;11.652396861477678;10.088788238716909;12.419433550705378;12.040974598817304;8.539158811108031;10.675074920385445;11.025831668332026;8.988684686772165;8.76487159073609;10.694357887221452;8.049848549450562;10.700439718141093;8.558420713268664;9.26209484537018;11.703471046071948;11.511258495502268;8.487840033823051;5.491853096329675;10.573647187493322;11.492854620174748;9.627533884472792;11.745674324002136;7.348728154231077;11.164906926675688;9.060695931687556;8.189824558880018;8.618385502258606;11.372865060112588;13.33119687715303;9.824958740528524;9.681238411777803;9.550746785383245;8.134426320220927;6.820178962415188;10.651051691178928;11.681677655209691;5.459431618637297;11.103943429891558;6.409390936137702;11.040974598817304;8.459431618637296;8.539158811108031;11.676838606474153;11.676397887044764;10.85096815098244;6.754887502163468;9.283088353024002;10.14338321398982;11.144658242831882;11.610102062999664;12.169611882604212;9.252665432450248;8.879583249612784;8.76487159073609;10.762382038710392;10.879583249612784;11.982637133669424;10.800899899920305;9.550746785383245;11.906890595608518;12.169611882604212;12.280770770130603;9.355351096424812;10.963618617443972;9.177419537989236;10.595257481449035;11.98903963696239;10.554588851677638;10.696967526234287;10.39660478118186;9.383704292474052;11.13699111208023;9.493855449240822;10.17617314910749;12.169611882604212;6.9886846867721655;11.778077129535358;9.513727595952435;11.372865060112588;12.177419537989236;10.369597346278676;7.643856189774724;11.755722153642282;9.036173612553483;8.016808287686555;7.851749041416057;14.9799163711653;8.558420713268664;12.356176830516356;8.39231742277876;13.13410540040181;10.303780748177102;12.040974598817304;9.714245517666123;11.294620748891628;9.754887502163468;9.447083226209651;8.164906926675688;10.523561956057012;10.381542951184583;8.867278739709661;10.00982861736811;6.20945336562895;8.60733031374961;13.773551346428505;8.335390354693924;9.219168520462162;10.798471801101618;8.531381460516313;14.839154568676545;10.333155350310616;13.334412966291072;10.620219825507489;10.426264754702098;8.894817763307943;10.43149760425805;10.08214904135387;10.802516365121225;9.108524456778168;9.766528908598865;10.625708843064466;8.243173983472952;11.700439718141093;8.804131021183318;10.899356922923111;8.965784284662087;9.06339508128851;12.287423811683524;10.743992861060176;10.710806433699352;9.899356922923111;10.130570562805426;9.766528908598865;11.16867211813223;9.036173612553483;10.5980525001616;11.006326078524934;11.00562454919388;12.364134655008051;9.483815777264256;9.221587121264806;9.353146825498085;11.165535141377925;10.992230264965889;8.577428828035748;10.357552004618084;10.682116764950074;10.276124405274238;11.213104219641906;9.92481250360578;8.43879185257826;10.559377090526684;11.310044679647506;10.111135670234708;10.810571634741146;10.020979938904212;9.851749041416058;8.807354922057604;11.082814337672271;10.384783750093352;11.747353829478062;10.597121428789569;10.632995197142955;11.092757140919852;10.023754353299417;10.955649907528374;10.97656412341533;11.11699367754698;10.124121311829189;9.691743519171276;10.191059214531656;10.17617314910749;10.44604940671655;10.563196272216738;7.651051691178928;9.197216693110052;10.89633240390994;10.99081307915361;8.79766152585376;11.617467465294196;8.59618975614441;10.980853606379736;9.172427508645482;10.466586337719244;10.41679752760606;8.344295907915816;10.1006623390052;10.193525360501216;9.544964432789238;11.077483356859508;7.442943495848728;10.452241240430816;10.74819284958946;9.250298417906333;8.45532722030456;9.700439718141093;10.188588845707349;10.894817763307945;9.124121311829189;10.894059846274022;13.328674927327947;8.689997971419446;11.389093521904474;10.555547771647063;10.509775004326936;10.306061689428342;7.98299357469431;9.81698362325538;10.071462362556623;10.588714635582264;10.33427328530719;10.61286849729104;11.409390936137704;10.594324603924848;8.308339030139408;10.213104219641906;10.121533517340032;9.417852514885896;10.47269083924278;9.899356922923111;9.94251450533924;8.829722735086058;11.518161355756956;11.293471648838134;8.927777962082342
12.285691191330091;11.806146803320525;11.103943429891558;11.39231742277876;11.806549621985962;11.240791332161956;11.948732239819616;12.279900715802762;11.799281621521924;12.723447638422918;10.532355925288847;12.231821178657404;12.693269142893206;8.584962500721156;12.395266349839096;12.909518114296617;11.449148645375436;12.26707926567123;11.899356922923111;12.086799685623452;11.746514321138465;11.984418458801136;12.730682407476795;13.163964091412272;12.405939193342396;12.394998514501673;12.316847183602473;11.99045856507371;11.476746203939468;12.688687423222536;11.724087461793989;10.8193807908646;10.99506046703272;12.301210371298426;11.689997971419446;11.691743519171276;11.778898476008376;12.940864139049571;12.434888806530395;12.123798091251857;12.516192477879368;11.053247125912426;11.240791332161956;11.733862719678545;11.785043714779723;12.11178773580101;10.439830883981392;12.069785394983302;12.68650052718322;11.44759985827995;12.67815995754276;11.824163209744158;11.589182967039353;13.288000889707574;12.723447638422918;11.940680648424092;11.891403996665025;12.251186503524336;11.303209948944776;10.99506046703272;12.16804526822409;11.824163209744158;13.51975909289956;11.61056350392504;13.021153496202572;12.452756029032496;12.075813377461454;9.65642486327778;10.539158811108033;12.8342735152347;12.037203741151972;13.65441226814894;12.908017261062804;12.29634268469289;12.657541759703378;11.824163209744158;13.046100845028802;13.235565522936463;11.759888183221834;11.476746203939468;12.12638183054264;11.256798386079389;12.172740017049366;11.79968636133125;9.99717948093762;11.206403913973848;11.78053976747196;11.975847968006784;13.241089378860856;11.279610581052484;11.406205005418856;13.12751076305637;11.385323176175872;11.806549621985962;12.792180232254807;12.937925484863031;10.50084187955693;11.552669097514272;8.829722735086058;12.317695245765163;13.12686576693927;13.507051302247916;12.992230264965889;12.229119220658594;11.717676423066395;11.253847484987404;11.410981267043796;10.398743691938192;12.88626815287296;9.157346935362844;12.479527669256347;12.430452551665532;11.312315746690109;11.930737337562888;11.98049663618346;8.184875342908283;12.304066063127284;11.269711121142782;12.194756854422248;10.42940674151398;11.354800344350595;12.029632328044135;9.957102041562289;12.294620748891628;9.344295907915816;11.1767964781476;12.786473845221302;8.81698362325538;12.282219695672588;10.871135184243045;12.461735221604863;12.23840473932508;11.580729651598958;11.253847484987404;12.139871063212489;10.214319120800766;11.858758099935422;12.053247125912426;10.544964432789238;12.418379719364957;12.245255580306557;9.766528908598865;9.818582177480858;11.888362741170644;11.59944798152872;11.38316426063511;12.066761932386909;11.910642730469624;12.40832974076739;12.559138055642384;12.860311054919482;10.038918989292302;13.38518833856272;12.480285320936373;11.699138625275914;11.357002092264985;12.059682447247638;11.914385132155443;9.111135670234708;12.590119174107176;12.042685372219353;12.30035256032822;11.74777340052679;11.840777923595054;12.516438734607949;12.442684367865834;12.588246152044816;11.840777923595054;13.106726502039171;12.490349505739289;11.556026992724677;11.10459875356437;11.27029532647204;11.41415667927414;10.93147623388679;10.407267764244732;9.7279204545632;12.293759009667864;12.723447638422918;12.520864182988744;12.873444112515376;11.836444911341369;11.649705265471413;10.54399845013454;12.036860446673046;10.188588845707349;8.640244936222345;11.150381968817848;12.095067301607054;12.561049226699671;12.031701202740305;9.333155350310616;11.734709620225836;12.170238052336648;11.964340867792416;11.627989784315703;11.127349541059118;12.363587246524578;12.019590728357882;9.839203788096944;12.325024310191417;11.73978060977326;10.868050853745158;12.203348002979762;12.462246634244352;12.255618749839597;11.639340708652233;10.88340698638837;10.51175265376738;10.17367713630342;11.425215903299383;12.15006457908147;12.294620748891628;12.239001757765582;11.4578938373147;9.85642552862553;12.100990784092762;13.202276903043389;11.608254821977908;12.240195053979924;11.624338545312986;12.210671343785622;11.464035152189911;12.276706019892432;11.996473488733228;10.451211111832327
7.22881869049588;7.266786540694901;5.954196310386875;7.451211111832329;5.700439718141092;6.129283016944966;6.599912842187128;6.108524456778169;7.108524456778169;6.700439718141092;6.807354922057604;7.994353436858858;6.3750394313469245;7.321928094887363;7.665335917185176;6.087462841250339;7.741466986401146;6.459431618637297;7.22881869049588;7.159871336778389;7.383704292474052;7.721099188707186;8.011227255423254;5.754887502163468;6.189824558880018;5.977279923499917;6.022367813028454;6.321928094887363;6.870364719583405;7.832890014164741;6.857980995127572;7.366322214245816;5.857980995127572;7.303780748177103;7.960001932068081;6.870364719583405;7.321928094887363;7.584962500721156;6.066089190457772;7.312882955284356;6.965784284662087;8.396604781181859;6.129283016944966;6.129283016944966;7.400879436282184;6.554588851677638;7.409390936137702;6.727920454563199;7.0;7.219168520462161;7.199672344836364;6.022367813028454;6.247927513443585;5.672425341971495;6.700439718141092;7.434628227636725;7.118941072723508;6.965784284662087;7.400879436282184;5.857980995127572;6.768184324776926;6.022367813028454;7.417852514885898;6.459431618637297;8.087462841250339;4.754887502163468;7.60733031374961;6.285402218862249;7.523561956057013;6.392317422778761;6.569855608330948;5.169925001442312;7.467605550082998;9.20212382383046;6.0;6.022367813028454;6.523561956057013;7.169925001442312;7.05528243550119;6.870364719583405;7.459431618637297;7.303780748177103;7.383704292474052;6.339850002884624;8.366322214245816;7.761551232444479;7.066089190457772;7.839203788096944;7.179909090014935;7.483815777264256;5.169925001442312;8.499845887083206;8.499845887083206;5.700439718141092;6.7414669864011465;7.285402218862249;6.857980995127572;7.693486957499325;5.954196310386875;9.098032082960527;6.285402218862249;10.139551352398794;6.700439718141092;8.696967526234287;7.693486957499325;6.954196310386875;7.707359132080882;6.918863237274595;8.72451385311995;6.087462841250339;8.339850002884624;7.087462841250339;5.807354922057604;6.672425341971495;7.330916878114617;6.3750394313469245;7.577428828035749;7.20945336562895;7.491853096329675;7.05528243550119;6.965784284662087;7.179909090014935;7.159871336778389;6.727920454563199;6.807354922057604;7.257387842692652;5.614709844115208;6.643856189774724;7.0;6.599912842187128;7.348728154231077;7.417852514885898;7.475733430966398;6.807354922057604;7.294620748891627;6.832890014164741;6.906890595608519;7.636624620543649;7.149747119504682;8.118941072723507;6.857980995127572;7.159871336778389;7.400879436282184;7.159871336778389;7.321928094887363;6.658211482751795;6.247927513443585;7.20945336562895;7.906890595608519;6.78135971352466;7.417852514885898;6.169925001442312;7.672425341971495;6.643856189774724;7.022367813028454;5.906890595608519;7.734709620225838;7.442943495848728;6.409390936137702;7.700439718141092;7.05528243550119;7.554588851677638;6.7414669864011465;8.113742166049189;7.199672344836364;7.149747119504682;7.6293566200796095;6.727920454563199;6.129283016944966;7.592457037268081;5.727920454563199;5.977279923499917;7.0;7.266786540694901;7.686500527183218;6.189824558880018;7.426264754702098;7.721099188707186;6.845490050944375;7.294620748891627;7.826548487290915;6.870364719583405;7.672425341971495;6.954196310386875;7.066089190457772;7.108524456778169;6.794415866350106;6.672425341971495;6.918863237274595;7.554588851677638;6.954196310386875;6.523561956057013;6.794415866350106;6.658211482751795;7.247927513443585;6.9886846867721655;7.392317422778761;7.554588851677638;7.554588851677638;5.906890595608519;6.672425341971495;6.9886846867721655;6.539158811108031;5.0;7.523561956057013;7.672425341971495;7.845490050944375;6.554588851677638;6.6293566200796095;7.0;6.794415866350106;6.768184324776926;7.700439718141092;7.442943495848728;7.392317422778761;7.189824558880018;7.554588851677638;7.531381460516312;5.247927513443585;6.794415866350106;7.622051819456376;6.357552004618084;7.467605550082998;7.139551352398794;7.179909090014935;6.820178962415188
2.0;7.679480099505446;7.554588851677638;3.807354922057604;8.471675214392045;6.169925001442312;3.321928094887362;7.577428828035749;4.169925001442312;5.614709844115208;9.047123912114026;3.321928094887362;7.882643049361842;1.0;5.285402218862249;1.584962500721156;5.321928094887363;5.977279923499917;8.285402218862249;5.20945336562895;1.0;9.787902559391432;4.0;6.149747119504682;5.426264754702098;5.321928094887363;3.807354922057604;2.584962500721156;4.087462841250339;3.0;9.978710459106358;3.4594316186372973;6.918863237274595;3.169925001442312;3.321928094887362;5.087462841250339;4.807354922057604;4.643856189774724;8.778077129535358;2.321928094887362;4.954196310386875;8.103287808412022;6.169925001442312;4.906890595608519;4.459431618637297;2.584962500721156;0.0;3.807354922057604;4.087462841250339;0.0;4.087462841250339;1.0;2.584962500721156;5.832890014164741;5.614709844115208;2.0;1.584962500721156;1.584962500721156;6.894817763307944;6.918863237274595;3.0;1.0;3.4594316186372973;3.169925001442312;4.321928094887363;4.321928094887363;5.930737337562887;1.0;5.087462841250339;8.154818109052105;1.0;1.0;4.392317422778761;3.4594316186372973;4.169925001442312;1.0;8.194756854422248;4.643856189774724;4.169925001442312;4.087462841250339;3.807354922057604;2.0;2.584962500721156;2.584962500721156;3.584962500721156;6.523561956057013;4.584962500721156;4.247927513443585;2.0;1.584962500721156;6.906890595608519;4.459431618637297;10.154818109052105;8.471675214392045;2.807354922057604;5.357552004618084;4.392317422778761;4.857980995127572;8.832890014164741;4.584962500721156;3.4594316186372973;4.643856189774724;3.4594316186372973;6.7414669864011465;2.321928094887362;3.321928094887362;2.0;6.426264754702098;6.554588851677638;0.0;2.584962500721156;4.954196310386875;3.4594316186372973;6.321928094887363;7.066089190457772;1.0;6.7414669864011465;6.303780748177103;6.523561956057013;3.584962500721156;6.523561956057013;6.94251450533924;4.169925001442312;6.321928094887363;5.087462841250339;6.22881869049588;7.475733430966398;4.643856189774724;6.523561956057013;6.672425341971495;6.022367813028454;6.614709844115208;7.426264754702098;6.857980995127572;7.693486957499325;5.857980995127572;6.491853096329675;7.285402218862249;6.426264754702098;7.876516946564999;8.46352437327118;3.584962500721156;2.584962500721156;6.768184324776926;5.491853096329675;5.754887502163468;6.392317422778761;5.727920454563199;7.0;6.129283016944966;7.05528243550119;3.584962500721156;8.294620748891628;8.686500527183219;6.754887502163468;6.392317422778761;6.965784284662087;6.149747119504682;2.807354922057604;6.965784284662087;5.643856189774724;6.303780748177103;5.584962500721156;6.087462841250339;6.475733430966398;7.312882955284356;7.994353436858858;5.459431618637297;5.754887502163468;8.199672344836364;5.491853096329675;6.6865005271832185;4.392317422778761;6.845490050944375;6.794415866350106;6.303780748177103;3.4594316186372973;7.285402218862249;7.169925001442312;5.930737337562887;6.285402218862249;5.169925001442312;7.219168520462161;5.044394119358453;7.870364719583405;4.247927513443585;2.584962500721156;6.392317422778761;7.076815597050831;8.266786540694902;7.60733031374961;4.392317422778761;6.247927513443585;6.754887502163468;7.159871336778389;7.199672344836364;4.807354922057604;6.20945336562895;6.727920454563199;3.321928094887362;5.523561956057013;6.285402218862249;6.392317422778761;4.0;6.965784284662087;6.169925001442312;6.285402218862249;6.882643049361842;4.523561956057013;5.554588851677638;5.807354922057604;5.087462841250339;6.906890595608519;6.599912842187128;7.584962500721156;3.807354922057604;6.643856189774724;6.820178962415188;1.584962500721156;7.098032082960526;5.087462841250339;5.727920454563199;5.672425341971495;5.672425341971495;6.475733430966398;6.066089190457772
11.27262978497637;12.302638923787551;12.932030157887027;11.10000522442272;12.702605602110248;13.84891630031937;11.30149619498255;11.626165319904498;11.780129619625306;11.57553924683453;11.78749449969676;11.076147528022505;10.40832974076739;11.832494484336111;11.29117069932186;11.708221730038352;11.962173031109709;11.554588851677638;10.712527000439824;10.88340698638837;10.42940674151398;12.271463027904376;13.465056167831175;10.399811959325683;11.839203788096944;11.625252221746871;10.553629293916364;10.952741247186488;12.3063465536885;12.124444460008585;12.98744167293612;11.102631888854969;12.891024190149498;9.871905237659186;11.79766152585376;12.30890780406394;11.96974625081451;11.923327485419192;12.750916299978076;12.743992861060176;12.203653885529596;12.924441392339196;13.84891630031937;10.982280604558284;11.800899899920305;11.602234901341063;12.022367813028454;12.006676715308988;12.099676554859643;12.65664831174735;12.03307880613062;13.03187347511986;11.54882190845875;11.90312867681232;11.57553924683453;12.813380386924727;12.704552121462278;12.35231935484684;12.572700226487292;12.891024190149498;12.046441948007311;13.03187347511986;12.983171762188007;11.85836959985474;11.660887270302569;10.237209960755022;10.682116764950074;12.040632200562252;12.292609222764296;12.359200485133632;11.43879185257826;13.516561847211248;12.052568050804153;12.733650916838716;11.88149638481011;13.03187347511986;11.129926933510394;12.475986690870654;11.554588851677638;12.3063465536885;13.051888655905378;11.85681455250301;11.192292814470768;10.661778097771988;11.948367231584678;10.801708358916462;11.82456102997028;11.323617763291578;11.130570562805426;12.384783750093352;11.133784409179908;11.918117851031772;12.67595703294175;12.702605602110248;12.58331786813751;12.349834091457248;10.611024797307351;11.631631805917635;9.411510988012072;11.8193807908646;10.820178962415188;12.46326891598129;11.515207030408751;13.221587121264806;10.624795455860236;12.463013413449692;11.627533884472792;13.232570825356987;11.241387363998935;9.843921051289035;12.70173963867435;12.551948530592997;12.304066063127284;13.29232163280204;10.904634621668151;13.083313108650756;13.056468374771333;12.088457003486226;13.030494719749468;12.995237170449055;12.022367813028454;12.014020470314934;13.526865979393818;12.594324603924848;12.411775775576528;13.06305796362349;10.9901039638575;12.839006900339438;12.319672120946995;12.413098984915264;12.572937025017309;12.640244936222343;12.780949798749663;12.095067301607054;11.789126046425231;12.616089313582115;12.426264754702098;12.334831928118;12.5898851792902;12.735556023911537;11.183015000882756;13.422853195944263;13.590002181442724;12.842939559285137;12.578608560737752;11.588246152044816;12.762589665542569;12.61654884377899;12.603858121842803;11.949097155729207;12.236313227042803;13.338039933107874;12.978710459106358;11.88760142450871;12.443461612227392;12.177730967033272;11.501339618061396;12.537218400538595;12.324461855977315;12.99169898341288;13.29304050024473;12.375853976418467;12.284534954008423;12.833483105659584;12.64430696154558;11.36796070964157;12.773345291291273;13.09901899101923;13.605248001565805;10.696098170955864;11.668441828052998;11.83605035505807;13.071462362556623;12.069114061773938;12.937741620077096;11.1767964781476;13.717248005827646;12.430975172588068;11.756973226165448;12.27699673929712;12.922955991908475;12.826151214800207;13.08464232218796;13.278159031437236;10.91737207947684;12.370687406807216;12.900112062977456;11.81418188419028;12.385592813601365;12.210975677726395;11.820178962415188;11.46096776257042;11.874981347653774;11.975847968006784;12.564625862795372;11.512740462803498;13.41758884038258;12.704119788513015;11.956013078088098;13.604321563877273;13.690761908445976;13.717355122064909;11.880731435141664;12.371776644337924;12.871135184243045;12.962353808635276;13.81648371159686;11.177419537989236;12.99081307915361;13.07045641594465;12.112439506781552;13.032906677628253;13.461479447286155;12.203348002979762;12.497103357016876;12.769217996126503;12.352043425795433;13.12395971059229;12.149111990706889;12.23421867823847;12.815383295813538;13.436971745049073;12.71488943423155;13.606867837374152;12.43567026093655;12.581200581924955
9.13699111208023;10.63390340934852;10.79766152585376;9.090112419664289;10.756556322524087;9.543031820255235;10.075479149488016;10.595257481449035;9.868822554775;11.2603315185576;9.335390354693924;10.091435386323608;9.533329732305834;8.894817763307943;11.106562940444883;9.20945336562895;11.07347215397646;9.377210530388552;11.711666973564348;9.85642552862553;11.471167133724393;11.27262978497637;10.810571634741146;11.222794902868111;11.987264012072538;10.253847484987404;9.804131021183318;9.014020470314934;10.08746284125034;10.452241240430816;11.18239435340453;9.54882190845875;9.459431618637296;8.848622940429339;10.079484783826816;9.90839262077375;11.56081046872794;9.86727873970966;10.614709844115207;11.014717929860009;10.69261550169458;10.26209484537018;9.543031820255235;10.350939181546432;11.197216693110052;10.817783121774534;9.335390354693924;9.64565843240871;10.49585502688717;8.804131021183318;9.306061689428342;9.333155350310616;10.43879185257826;10.933690654952231;11.2603315185576;10.20945336562895;10.208234358339787;9.539158811108033;10.870364719583405;9.459431618637296;10.594324603924848;9.333155350310616;9.868822554775;8.89178370321831;9.86727873970966;9.709083812550343;11.363039630256514;8.829722735086058;9.744833837499543;10.559377090526684;8.784634845557521;10.635718120331047;10.159871336778387;10.14210705730255;10.898601387403938;9.333155350310616;10.17617314910749;9.5980525001616;9.978710459106358;10.08746284125034;10.777255315191924;11.284824100224624;11.889884170302828;9.805743872151618;9.071462362556623;10.161131882984307;11.271463027904376;9.74819284958946;11.322491537597468;10.384783750093352;11.386401423640775;9.505811553919594;9.987264012072538;10.756556322524087;10.192292814470768;10.62296694479051;10.404077136241234;9.900866807980748;10.125413470483316;11.645208082774683;10.283088353024002;9.533329732305834;9.67595703294175;8.957102041562287;10.381542951184583;10.42940674151398;9.257387842692651;11.384783750093352;13.083479327331842;9.14974711950468;11.257387842692651;10.830515206976838;10.50382573799575;9.899356922923111;10.993646060016596;10.605479518061667;9.90839262077375;10.219168520462162;10.632086412835182;10.019590728357882;9.96000193206808;12.148158772937894;10.480790201095816;10.018200178813226;10.490850876740298;10.274960472140602;10.280770770130603;10.247927513443583;11.215532999745657;10.188588845707349;9.930737337562888;9.820178962415188;11.386940245324311;11.603162679534382;11.667998535672528;11.076147528022505;9.552669097514272;11.79400964502097;10.721953612801386;10.41679752760606;10.395534135462302;10.309476353841106;10.157346935362844;11.00562454919388;9.539158811108033;8.696967526234287;10.735556023911537;10.246740598493144;10.57459352733761;9.346513733165636;11.59944798152872;10.366322214245816;11.249113452713727;9.620219825507489;11.046441948007311;8.344295907915816;10.055282435501187;10.421012855779226;10.094077685671904;10.187352073200495;10.430452551665532;12.116018993325094;10.828929827651486;10.708221730038352;12.83387836457737;10.46454575033394;9.974414589805528;10.614709844115207;11.80332391904149;11.079484783826816;10.111135670234708;9.818582177480858;11.280770770130603;10.877284133523196;9.967226258835993;10.918117851031772;11.068106475858771;10.41256984680521;9.08214904135387;11.374496145691516;11.75446999527562;10.754052367528924;10.78135971352466;10.39231742277876;10.271463027904376;10.558420713268664;10.256208688527389;10.302638923787551;10.107217075591382;9.31741261376487;11.95164898590462;10.371776644337924;9.481799431665753;9.457380879072534;11.370687406807216;11.588714635582264;10.508785162064513;11.960364008877834;11.040974598817304;9.90839262077375;11.344295907915816;11.66622400280318;10.620219825507489;10.217957697864112;10.449148645375436;9.99717948093762;11.381542951184583;9.824958740528524;10.118941072723509;10.276124405274238;9.157346935362844;10.227615943414223;10.365228849251544;11.620219825507489;11.06204613772049;10.044394119358454;9.449148645375436;10.162391328756906;10.981567281903017;10.785452468158542;10.075479149488016;10.47269083924278;10.69261550169458;10.977995368612962;11.524541715035848;10.306061689428342
10.318542809702723;12.145295334933598;11.418379719364957;10.536247215688128;8.550746785383243;12.39473062943157;10.509775004326936;11.098690096673591;10.981567281903017;10.064742764750257;8.900866807980748;9.623881490013458;9.632995197142955;11.857980995127573;10.637530551525307;11.028596777067108;12.022367813028454;9.936637939002573;7.599912842187128;10.71681946132995;9.308339030139408;14.208081909981123;12.7238742188639;9.564149489985732;10.714245517666123;9.368506461507693;8.189824558880018;10.92184093707449;11.529918528120325;10.817783121774534;14.318260343712415;10.38586240064146;10.325305455089682;8.741466986401146;10.226412192788786;10.90613899619538;11.67991987851842;10.304921669581672;9.67065624911844;8.98299357469431;11.697402007502708;12.308339030139408;12.39473062943157;10.802516365121225;11.106562940444883;10.996473488733228;9.964340867792416;10.220378327695228;11.398209261466851;10.433585441150496;11.44086916761087;11.294620748891628;10.536247215688128;10.27029532647204;10.064742764750257;11.525031345124;11.488844346457336;11.088125692188209;12.013671614058635;10.325305455089682;11.498849206531723;11.294620748891628;12.02997734658958;11.164906926675688;10.591522346570734;10.476746203939468;10.30720080914081;11.922955991908475;11.2836671674915;11.390706372872774;10.483815777264256;10.51865315567339;11.89178370321831;11.13249972962851;10.841564347730577;11.294620748891628;8.417852514885897;11.518161355756956;10.561287945164828;11.529918528120325;10.599912842187129;11.61654884377899;9.192292814470768;8.76487159073609;10.279610581052484;9.76983784362944;13.936269857602207;10.490850876740298;9.893301530860564;9.485829308701904;11.325305455089682;10.73640193131829;12.112113658097863;8.550746785383243;11.018200178813226;11.993646060016596;10.4241662888181;11.050528905530555;8.930737337562887;10.939579214314692;9.98299357469431;9.862637357558794;10.26795708440284;9.845490050944376;6.3750394313469245;11.742309436084;9.977279923499916;12.573173784686484;12.79400964502097;8.74819284958946;10.051208940914766;10.650154213675094;11.575066464578656;12.660218788535618;10.059344460824423;11.41679752760606;12.507051302247916;11.88378880325996;12.89822347121556;11.721099188707186;11.815783544128184;11.67815995754276;11.934428040626804;12.964701857420447;11.890644283619087;12.86050505680788;10.632995197142955;11.899356922923111;11.761966695382092;11.700439718141093;12.66289085913906;11.807354922057604;12.820178962415188;11.842350343413807;11.52258153125483;11.736824699098864;11.70606426733497;11.715961990255144;12.31938987600021;12.236313227042803;11.725366257895642;12.096385734452651;12.660441650209172;12.65508344519798;11.661332752795186;10.352043425795433;12.952559261056836;12.162391328756906;12.060358182642142;11.888743248898258;11.544481522310791;12.66266837551754;11.689561254285524;11.760304125286382;11.243173983472952;12.156399144871584;10.881878707600446;11.615169813843602;11.99859042974533;12.703038388986418;12.682336269711378;11.65642486327778;12.49735289347705;12.889884170302828;12.392049039364183;11.60408986146918;12.35974956032233;12.24436383512051;13.58777751632821;11.048486873992337;11.270879295328784;11.73978060977326;12.6345841934937;11.712097051087548;12.055960234452296;11.161131882984307;12.44449728710381;11.872674880270605;10.863411958941638;11.76983784362944;12.409390936137704;12.116018993325094;12.782793498733351;12.79380649145577;10.569855608330949;11.76155123244448;11.765286098723683;11.70433597118232;12.01227534485612;10.907641803665529;12.211888294546004;11.144020869266893;11.906890595608518;11.609640474436812;11.29117069932186;10.422064766172811;12.915505962231933;11.651051691178928;11.455840909126398;12.777255315191924;13.087297080919154;13.323617763291578;12.080817527608328;12.320800548881635;12.443461612227392;12.624795455860236;12.789126046425231;11.138911718142744;11.884170519108435;12.287135186086704;11.81658370778757;12.345127991976693;13.378565810000564;11.993292241488549;12.717033749490891;12.32895536178133;11.77313920671969;12.058668250340572;10.73893668167614;11.943247395901553;12.007027266893967;12.307485448589476;13.052228393347402;12.700656452918167;12.073806847178492;12.01262453886506
12.701089824817158;12.586839787961829;13.472437000051327;11.96686590038754;14.761966695382092;11.952377251967985;12.005273656563938;13.1705510353167;12.877475866534429;13.32108251801004;10.358651200892886;12.006676715308988;12.168985440978698;10.753216749178955;13.087297080919154;13.880253135551404;12.215532999745657;12.700439718141093;10.52845411076479;11.733439082899434;13.63967986040889;12.244958393151132;13.568074869523228;11.871520262329112;13.298635406734242;14.32206897619609;13.295051425557611;14.039690186137085;13.059006395201113;13.930090492697849;12.521600439723729;13.212192371908472;12.887411032553183;11.99541385222515;11.781769511863132;12.63662462054365;11.874212934830874;13.08115052127187;12.107544031975989;12.097373768990222;12.968666793195208;12.913263430628762;11.952377251967985;13.20304205556246;12.674192268145683;14.07556271374075;11.43254190038826;13.016111838220512;13.400879436282183;13.475480126595476;14.025918158247874;13.884265932291957;12.583082767502932;10.23840473932508;13.32108251801004;13.148317686309303;12.649705265471413;13.668774207974035;12.644532294625444;12.887411032553183;13.751962413460854;13.884265932291957;14.241536333490616;13.380190466749834;12.888933465134397;10.916625922211235;12.617237864746103;11.7553048882624;12.888362741170644;13.192292814470768;13.93820123811306;13.7668394438555;12.599912842187129;11.200285605224298;13.677499433285108;13.884265932291957;12.022367813028454;13.3297963382207;12.12347479824414;13.059006395201113;14.136270225111453;12.7279204545632;11.754052367528924;14.100498088416886;13.02288792180326;12.779308973959898;12.282219695672588;11.758223214726724;13.055790814565905;12.543273538449805;10.271463027904376;13.323054760341646;11.798471801101618;14.761966695382092;12.216139556425135;13.066089190457772;12.753843508311638;11.680359523513712;10.274960472140602;12.519144787997414;13.603510442592809;12.75676478940414;12.194449079479025;13.708760591973013;12.405939193342396;12.297202882496904;12.382083590141969;12.401946123976536;12.820777301419088;10.31741261376487;13.338875632131565;12.80916520537188;12.429145170478744;12.441647390253612;11.961811408087163;11.880731435141664;11.524541715035848;11.706496018061188;11.940680648424092;12.047123912114026;11.562242424221072;12.4207497582968;11.320800548881635;11.83289001416474;11.135067945777816;12.715747542831355;11.42259043389256;10.821773981970567;12.141468555393084;11.715533063526584;12.152284842306582;11.981567281903017;12.066761932386909;12.094737505048093;12.368779260041338;11.691307330191115;11.554109152574004;11.557463701597824;11.700006150882864;12.43567026093655;12.185494924210866;12.1006623390052;11.29978040285854;12.50481898763284;11.682994583681683;11.053247125912426;13.217200417367543;12.034455095327186;11.997885127829113;12.330356716957944;12.076815597050832;13.00544911354693;12.555308101401328;11.68650052718322;11.907266248531066;11.483815777264256;12.577192765687045;11.609640474436812;11.892922223630592;12.06204613772049;13.00105627463478;12.706496018061188;11.12023787734196;13.400612641082;11.897467341721892;11.359200485133632;12.326148561205557;12.270879295328784;12.530406337099068;11.452241240430816;12.77704978843883;11.715961990255144;12.204876767603992;12.104271128936894;12.456867738380344;11.857592285697526;12.039261794341057;13.061539958530144;11.623881490013458;12.159871336778387;11.83880998570856;11.936637939002573;12.907078434296483;12.227615943414223;12.636398048883835;11.743572188935634;10.663558104217271;11.926295994781112;12.141149198437516;11.817783121774534;11.90388184573618;10.92184093707449;11.869593843240784;11.50481898763284;11.324180546618742;10.54399845013454;12.552909206533863;11.593857938858225;12.450953464712992;11.599912842187129;12.686938171670388;12.922026839405897;11.590119174107176;11.427312844134963;12.410451351503994;11.93147623388679;12.010528105886484;11.533816389433364;11.984062369686436;12.151967870968187;11.693922488081014;12.39687231851056;13.002990771840553;11.714674827308002;12.262682142362165;11.533816389433364;12.115368837820224;12.460711852141213;9.618385502258606;12.307770031890705;11.373408960228696;11.780129619625306;13.382624026574916;13.434628227636724;12.095067301607054;12.310896748797711
5.044394119358453;11.197216693110052;7.011227255423254;6.339850002884624;5.930737337562887;4.169925001442312;5.906890595608519;5.977279923499917;6.475733430966398;2.321928094887362;3.0;3.0;3.906890595608519;4.754887502163468;5.20945336562895;10.336506559810257;5.554588851677638;6.409390936137702;0.0;5.087462841250339;5.554588851677638;8.005624549193879;6.491853096329675;5.906890595608519;7.011227255423254;2.807354922057604;4.087462841250339;5.584962500721156;6.357552004618084;7.098032082960526;7.643856189774724;9.447083226209651;3.321928094887362;3.584962500721156;4.523561956057013;6.507794640198696;7.523561956057013;1.584962500721156;4.392317422778761;2.321928094887362;4.906890595608519;8.88264304936184;4.169925001442312;7.700439718141092;6.491853096329675;6.643856189774724;3.4594316186372973;5.087462841250339;6.794415866350106;9.717676423066395;3.0;5.807354922057604;4.643856189774724;5.643856189774724;2.321928094887362;6.6293566200796095;5.614709844115208;3.584962500721156;4.0;3.321928094887362;6.6293566200796095;5.807354922057604;4.857980995127572;4.906890595608519;7.044394119358453;6.714245517666122;5.643856189774724;7.189824558880018;4.392317422778761;8.262094845370179;5.321928094887363;6.149747119504682;6.832890014164741;4.954196310386875;4.584962500721156;5.807354922057604;6.409390936137702;7.044394119358453;5.727920454563199;6.357552004618084;5.285402218862249;5.459431618637297;2.321928094887362;2.321928094887362;4.807354922057604;5.954196310386875;5.426264754702098;4.087462841250339;4.857980995127572;5.0;7.257387842692652;6.459431618637297;5.321928094887363;5.930737337562887;6.066089190457772;2.807354922057604;5.906890595608519;4.857980995127572;7.714245517666122;4.906890595608519;8.103287808412022;5.930737337562887;2.0;5.906890595608519;3.169925001442312;7.499845887083206;6.539158811108031;6.523561956057013;10.40832974076739;4.584962500721156;7.266786540694901;5.882643049361842;4.857980995127572;2.584962500721156;14.018721791970178;1.0;3.4594316186372973;2.0;4.321928094887363;1.0;3.321928094887362;9.285402218862249;1.584962500721156;2.807354922057604;2.321928094887362;8.758223214726724;5.523561956057013;4.247927513443585;3.321928094887362;3.906890595608519;3.321928094887362;3.169925001442312;5.727920454563199;11.761966695382092;4.169925001442312;9.116343961237469;2.321928094887362;7.813781191217037;6.672425341971495;9.843921051289035;3.321928094887362;1.584962500721156;0.0;3.4594316186372973;10.510764167917891;8.603626344986193;11.867664848380745;3.4594316186372973;5.832890014164741;2.584962500721156;4.584962500721156;2.807354922057604;4.643856189774724;4.700439718141092;10.404077136241234;2.0;2.584962500721156;2.0;2.0;3.584962500721156;4.392317422778761;9.030667136246942;3.169925001442312;3.321928094887362;5.754887502163468;1.0;3.4594316186372973;3.4594316186372973;5.247927513443585;4.247927513443585;2.584962500721156;3.4594316186372973;1.584962500721156;4.459431618637297;3.906890595608519;1.0;1.584962500721156;11.43514933836693;3.0;3.807354922057604;8.499845887083206;2.584962500721156;3.0;4.584962500721156;6.643856189774724;1.0;1.584962500721156;1.584962500721156;5.129283016944966;5.087462841250339;2.321928094887362;1.584962500721156;4.906890595608519;4.321928094887363;4.584962500721156;6.906890595608519;2.807354922057604;5.392317422778761;7.129283016944966;2.0;4.523561956057013;3.807354922057604;3.584962500721156;2.0;3.169925001442312;4.700439718141092;3.906890595608519;1.0;2.321928094887362;1.584962500721156;5.700439718141092;3.169925001442312;3.807354922057604;4.906890595608519;3.584962500721156;2.584962500721156;4.906890595608519;9.878050912728536;2.0;3.0;1.0;6.569855608330948;4.247927513443585;5.554588851677638;6.794415866350106;6.149747119504682
10.734709620225836;11.543031820255235;11.44190670454224;10.203348002979762;11.200285605224298;11.347067657165873;10.86727873970966;10.946906274456396;10.795227966028678;10.933690654952231;10.158609688214478;10.50481898763284;9.64745842645492;9.831307243802051;10.35424938194524;10.80332391904149;11.001408194392807;10.623881490013458;9.874981347653774;10.30149619498255;10.519636252843211;11.981210488271694;12.89178370321831;9.207014320177532;10.95637615724967;11.04507705193494;10.011227255423254;10.163649676015824;12.295481973695368;10.93147623388679;12.129283016944967;10.600842114387302;10.011227255423254;8.754887502163468;11.010528105886484;10.815383295813538;11.719388820942084;11.230020435705637;11.833285435584482;11.36194377373524;11.810571634741146;12.378836713210614;11.347067657165873;10.276124405274238;11.181773438808808;11.590587049915037;11.328674927327947;11.20945336562895;11.499845887083206;11.018200178813226;11.4542992936199;11.474719946526482;10.651948610723446;11.223398414711628;10.933690654952231;11.889123656294238;11.972620862058744;11.592924155627635;10.032045726930807;10.011227255423254;11.793603309279408;11.474719946526482;12.397674632948268;11.064742764750257;10.727069558023706;9.605479518061667;10.163649676015824;10.991521846075695;11.49235394515987;11.458919206967591;10.759888183221834;12.23511671439625;11.257387842692651;12.077149515589731;11.032045726930807;11.474719946526482;10.92035285541508;12.025485656808389;10.862637357558794;12.295481973695368;12.041659151637214;11.028596777067108;11.41256984680521;10.29920801838728;10.804131021183318;9.85642552862553;10.98299357469431;10.090112419664289;10.26209484537018;11.41679752760606;10.14974711950468;11.045759661382682;11.825356341479337;11.200285605224298;11.077483356859508;11.338179249900112;9.67065624911844;10.854089179870574;8.49585502688717;11.483815777264256;9.810571634741146;11.053925881531104;10.689997971419446;12.325024310191417;9.768184324776929;11.703471046071948;11.432019846812493;12.448116305409464;10.398743691938192;8.703903573444663;11.844705764411938;11.040289721025715;12.635264656539514;12.4983506079296;10.61378946447258;12.280190792216906;12.456611099574918;11.358101707440849;12.37775279502222;12.187352073200495;11.415213598765286;11.262682142362165;13.030494719749468;11.952741247186488;11.3409627642517;12.921283086307383;9.936637939002573;12.362491806046062;11.214926187942435;11.597121428789569;11.842350343413807;11.685186796595348;11.897845456005513;11.563196272216738;10.900866807980748;11.422064766172811;11.429929741353272;11.678600139099458;11.505315356136236;12.137951734715358;10.14338321398982;12.13410540040181;12.61585949358308;12.118616689351509;12.102959885910124;10.401946123976536;11.958190183693738;11.737669863177452;11.66266837551754;11.423641195075856;11.38747886584238;12.659772961881613;12.021327032624372;11.197830998012195;11.526988205432009;11.497851836951115;10.659103963473662;11.65642486327778;11.709514660706716;12.211584153079526;12.452241240430816;11.852529509404196;11.774787059601174;12.51224664282918;12.003517912108602;10.61286849729104;12.01576348736988;12.1526017440192;12.780334708123895;10.086136225027309;10.482807956726669;10.949097155729207;12.506803437795648;11.066089190457772;11.729620743553038;10.569855608330949;12.449148645375436;11.541580659991167;11.040289721025715;11.281350514981035;12.274669342073851;11.825356341479337;12.091765938516804;12.484571180915806;10.01262453886506;11.750706986224948;11.892922223630592;11.044394119358454;11.382083590141969;11.144658242831882;10.965062756744627;11.241387363998935;11.233619676759702;11.447083226209651;11.622509454683335;10.684748620421626;12.490098754884238;12.050868963290736;11.172427508645482;12.806952328210736;12.735556023911537;12.801506286636435;10.914385132155443;11.594791118089264;12.017852331905962;12.156399144871584;12.65217275350971;10.174925682500678;11.722807531169549;12.278449458220482;11.484319423644267;11.952741247186488;12.754052367528924;11.647008638441648;11.852919585123995;12.160816849673546;11.49585502688717;12.216745858195306;11.32755264408124;11.404609397837712;12.281350514981035;12.519144787997414;12.379919817646538;13.057822541282478;11.751962413460854;11.65642486327778
10.533329732305834;10.838416075797335;10.183635381473218;9.857980995127573;9.20212382383046;9.618385502258606;10.48683502156305;9.63117705570398;10.199672344836364;8.787902559391432;8.622051819456376;10.614709844115207;9.105908508571158;9.73809225962049;10.333155350310616;10.892542816648552;10.798471801101618;10.1006623390052;9.620219825507489;10.169925001442312;9.787902559391432;10.373952655370193;12.476746203939468;9.509775004326936;10.247927513443583;11.831307243802051;9.08214904135387;9.88264304936184;11.734709620225836;11.35424938194524;10.154818109052105;10.24436383512051;9.485829308701904;8.366322214245816;10.405141463136344;9.614709844115207;11.144020869266893;10.497851836951115;10.172427508645482;11.224001674198105;11.531381460516313;10.5401280385821;9.618385502258606;9.954196310386877;10.98370619265935;10.562242424221072;10.346513733165636;11.44086916761087;10.894817763307945;10.65284497300198;11.347067657165873;12.213104219641906;9.766528908598865;9.975847968006784;8.787902559391432;11.378836713210614;11.130570562805426;11.96289600533726;9.364134655008051;9.485829308701904;10.729620743553038;12.213104219641906;12.292896755409172;9.972979786066292;10.14210705730255;9.118941072723509;9.577428828035748;10.44604940671655;10.449148645375436;10.098032082960527;10.059344460824423;12.276124405274238;11.129283016944967;11.161131882984307;10.54978466794786;12.213104219641906;9.30149619498255;11.719816603018126;10.184875342908285;11.734709620225836;11.86727873970966;10.927037168720297;10.171176797651771;9.543031820255235;9.845490050944376;8.588714635582264;9.818582177480858;10.437752072323605;10.217957697864112;10.746514321138465;8.826548487290914;10.842350343413807;10.159871336778387;9.20212382383046;10.533329732305834;11.12347479824414;9.326429487122304;10.199672344836364;7.507794640198696;10.328674927327947;8.930737337562887;11.416269744523207;10.447083226209651;10.677719641641009;10.28424574982967;11.358651200892886;10.861086905995396;11.358101707440849;9.927777962082342;8.357552004618084;10.54978466794786;10.76983784362944;11.092757140919852;11.4812949046311;9.603626344986193;10.62296694479051;11.397139806235604;10.69261550169458;11.588246152044816;10.78463484555752;10.558420713268664;10.708221730038352;11.307770031890705;11.186733289128869;10.215532999745657;11.440350119200565;9.084808387804362;10.922584402713664;10.550746785383245;10.717676423066395;11.113742166049189;10.828929827651486;11.410981267043796;10.825753832883112;10.471675214392045;10.4542992936199;10.618385502258606;10.97513145692134;10.837627933171404;11.397139806235604;9.124121311829189;10.926295994781112;11.448116305409464;11.254438148267257;10.94397991434374;10.045759661382682;11.02167404285837;10.952741247186488;11.017504401109417;10.711666973564348;10.745674324002136;11.46454575033394;11.31174831500496;10.335390354693924;11.01262453886506;10.640244936222343;9.842350343413807;10.760719947465624;10.371776644337924;11.62935662007961;11.535761377986656;11.23840473932508;10.654636028527968;11.30720080914081;11.624795455860236;9.614709844115207;11.41732511767992;11.124767535822471;12.27350423396216;9.614709844115207;10.161131882984307;10.36194377373524;11.047805554007589;10.049848549450562;10.762382038710392;9.344295907915816;11.201511344500146;11.08214904135387;10.40832974076739;10.707359132080883;11.720244258287568;11.105253779700885;11.32755264408124;11.419433550705378;9.105908508571158;10.375039431346924;10.59618975614441;10.12670447284319;10.710806433699352;10.480790201095816;10.184875342908285;9.887220615468385;10.727069558023706;10.852529509404196;11.189824558880018;10.020979938904212;11.447083226209651;11.25797705856398;10.635718120331047;11.474212937193943;12.06339508128851;11.4655664048094;10.30149619498255;10.837627933171404;11.32023644524165;11.502334580197996;11.676397887044764;9.527477006060396;10.627533884472792;11.00982861736811;10.62296694479051;11.06204613772049;12.037546953962178;10.828929827651486;10.801708358916462;11.032734528586714;10.822570830950168;11.786678033890652;10.714245517666123;10.624795455860236;11.002111776479852;11.95746484680521;11.349281228817452;12.23661220021575;11.030667136246942;10.757390009366638
12.01854794187165;12.162391328756906;12.48608080265197;12.519636252843211;10.89178370321831;12.70628015884916;12.420223419348645;12.365502268193117;12.728345714710976;12.705200378063116;11.04916787237217;11.417852514885896;10.283088353024002;11.576956664706092;11.82097669262124;11.987974524296153;12.07112712494831;12.210975677726395;10.462502272597265;11.692179576312538;11.398209261466851;11.888362741170644;13.759992179981;10.820178962415188;11.952013164889486;11.979425195331473;10.835260918627489;11.81257844413538;13.887791791341588;12.38424412224308;12.939762845071751;11.913637428049103;11.657765035265363;10.129283016944967;12.665557989846414;11.847840355630714;12.505067193231886;12.35947504884954;12.97924654446865;12.020979938904212;12.745464248276845;13.01105249980062;12.70628015884916;11.783816759320182;11.90275194485016;11.743992861060176;13.085140461701762;12.909330593006835;12.36796070964157;12.290882822429577;12.452241240430816;13.224303209373389;11.884552133987237;12.226412192788786;12.705200378063116;13.76632184795396;14.667277894919362;12.236014191900084;11.571278618514595;11.657765035265363;12.685186796595348;13.224303209373389;12.874212934830874;11.942147920394849;11.568906154502084;11.230020435705637;10.7279204545632;12.191059214531656;11.470658874060552;14.1477614129109;12.247334178028728;14.330916878114618;12.08746284125034;14.168280368858667;11.699138625275914;13.224303209373389;10.792790294301064;12.829524549078345;11.29232163280204;13.887791791341588;13.5473765634981;12.685186796595348;13.037546953962178;10.98584193700334;12.439830883981392;11.751962413460854;10.802516365121225;11.19537220740274;11.496354488564617;13.016460104979208;10.325305455089682;11.679480099505446;12.099347810403192;10.89178370321831;12.3395716783847;12.360298426618046;10.749869427396844;12.547135531830865;9.43879185257826;12.280770770130603;10.954196310386877;12.451726268074506;11.636171441635922;14.033595068451708;10.213104219641906;13.73862008132209;11.937005926516589;13.590937857221538;11.958190183693738;9.651051691178928;13.55242894852647;13.109177703355275;12.976385117888592;12.38316426063511;10.89178370321831;11.14274527675153;12.43149760425805;11.854089179870574;12.4189067312579;11.4241662888181;11.907641803665529;11.939946452458686;11.693051295397;12.372865060112588;11.219168520462162;12.660664477461278;10.663558104217271;11.654188473059545;11.623881490013458;12.031701202740305;12.214319120800766;12.112113658097863;12.40381093178603;12.187042714339894;11.563196272216738;11.664891669286089;12.08381170725288;12.062383491876334;12.689561254285524;12.630494661505578;10.74819284958946;11.839597483021176;12.283956487665112;12.27786854617684;12.03823313473178;11.448632567730552;12.453013354466314;11.878050912728536;12.32755264408124;11.826548487290914;11.844313461203296;12.350939181546432;12.731531176461942;11.341518823245243;12.214926187942435;11.6640027628865;11.898601387403938;11.79603960882977;11.494855584491198;12.68255574108031;12.669328004395904;12.656201380194553;11.930367747438952;12.4893462407191;12.622280655215585;10.749869427396844;12.4655664048094;12.04746477331842;12.940313597145968;10.337621901992508;11.013322673425447;11.152918576136624;12.322209843748894;11.385323176175872;11.9683067944308;10.172427508645482;12.179287104646004;12.482303782323182;11.660441650209172;11.853309555403674;12.735979039613404;11.909893083770042;12.424953571261042;12.453270634010623;10.766528908598865;12.328394438352458;11.489847960439295;11.52552080909507;11.987974524296153;12.00105627463478;11.476746203939468;10.717676423066395;11.713816080234498;11.735132884139947;12.201511344500146;11.615629636968098;12.304066063127284;12.57483001533763;12.030667136246942;12.443720600656578;12.84960057483748;12.92740761294903;11.193525360501216;11.892922223630592;12.313166475977198;12.5980525001616;12.606405212697783;10.7632123668144;11.618844301766652;11.82456102997028;11.7632123668144;12.046441948007311;13.279030136449649;12.273212809854334;12.03857610276879;12.24436383512051;12.218260498797305;12.959458646412672;11.853309555403674;11.728770849542665;11.834866038362016;12.971543553950772;12.157346935362844;13.619990662606378;12.086799685623452;11.869208250550829
11.49585502688717;12.205182326228645;12.697184783224516;11.047805554007589;12.007027266893967;12.155766938445652;12.336506559810257;13.888457877511533;14.09992306405134;10.703038388986418;11.049848549450562;12.837233700339088;10.481799431665753;10.584962500721156;12.177730967033272;13.186733289128869;13.212496385193948;11.90613899619538;12.696750236522169;11.25797705856398;11.68431031112435;11.485829308701904;12.507051302247916;12.39687231851056;12.203348002979762;12.517423341396473;11.00842862207058;12.030322282644034;12.709514660706716;11.454813348512523;11.891403996665025;12.169298695792843;12.570567288872004;12.215836309962455;13.27262978497637;11.839597483021176;13.220982851081777;11.13249972962851;10.258566033889933;13.696206869018894;13.625708843064466;12.093747662785669;12.155766938445652;13.962082633851564;11.632086412835182;13.564268597935513;13.629698126778065;13.591989767615123;12.15386865522324;14.766218306486168;11.2940463132715;13.229269462266736;10.877284133523196;12.833087738422009;10.703038388986418;13.65809988383154;12.615169813843602;11.427312844134963;13.522336320913306;12.570567288872004;12.031701202740305;13.229269462266736;11.897467341721892;11.330356716957944;12.8851243671041;12.39660478118186;12.17804232886482;11.91288933622996;13.325446006995964;12.38747886584238;12.704119788513015;14.22204015786482;13.286413369370344;12.33734314727405;13.819280988364412;13.229269462266736;11.002815015607052;11.651948610723446;12.04336911395769;12.709514660706716;12.14338321398982;12.846665681899738;13.103287808412022;12.594791118089264;10.707359132080883;10.93737382019215;11.326991174900815;11.526988205432009;13.430583224646092;11.282509306240836;12.3151495622563;11.3066313617125;12.676177476832605;12.007027266893967;14.212268381236004;12.112765281885316;12.207319426457804;11.127994320976391;12.183325224524612;13.922770209274663;12.231221180711186;12.813781191217036;11.661332752795186;11.501339618061396;13.724940118462358;13.119751712201424;12.376939321619846;12.665780028329484;11.783816759320182;12.232420927176076;11.868822554775;12.673750739438065;13.184565452446156;11.79766152585376;11.468114886378098;12.38586240064146;11.93110683302934;13.022194401760634;13.315432637905376;12.455584087578613;13.412966718580916;13.060358182642142;13.77179893896106;11.554588851677638;12.903317005908717;11.971902746045467;13.47192918764169;13.192138672150955;14.273722763417664;12.29232163280204;11.670213636738564;11.71338651493703;15.362012289159988;12.069449767427784;12.33371442609397;13.080484457067568;10.517669388133813;11.192909219112012;12.1357092861044;12.022367813028454;13.397139806235604;13.953741760762494;12.064405961891042;13.460199895059583;10.501837184902296;10.19598729802851;12.100990784092762;13.984596470404904;12.911017407796985;11.886458695703706;12.342630298678408;11.473705749619416;13.511999669441453;11.824958740528524;11.263856019596082;10.820178962415188;11.46352437327118;13.158925203806964;11.86379910372885;12.833087738422009;12.14338321398982;13.29232163280204;15.178392530621508;12.228518097716194;13.061708704660624;11.717248005827646;11.092096414990792;12.925925264972856;13.42272182090061;13.469896148670918;12.563196272216738;12.061708704660624;14.707520908488725;12.985486199104637;11.535275376620802;13.403145205669796;11.907641803665529;12.221587121264806;12.172740017049366;13.310044679647506;13.121533517340032;14.035228681414296;12.167418145831736;11.166163082646111;11.901244032467376;12.010528105886484;12.926666629347284;12.710591218506757;12.642728643769;10.397674632948268;14.381069725844188;12.82515755470108;12.092757140919852;12.474466464132632;10.786269627648466;12.111135670234708;12.041316915829444;13.411510988012072;12.132178380915544;12.428098411832506;14.010090965307771;13.409523530691436;13.544240006441658;12.14242620231898;13.428491035332245;10.73978060977326;14.390773535883;11.863411958941638;12.125090539303256;10.776433032444732;11.535761377986656;14.337761259156672;13.252221912938362;12.043027283594547;12.479275030250204;12.15069928874454;11.241387363998935;11.192292814470768;12.89614316077451;12.664447284547972;12.566054038171092;11.90312867681232;14.173520992026964;13.775095822585955;12.199058823653022;12.584022940257542
1.584962500721156;0.0;2.0;1.584962500721156;0.0;2.321928094887362;1.0;2.807354922057604;3.0;1.584962500721156;0.0;2.0;1.0;1.584962500721156;2.584962500721156;0.0;3.906890595608519;4.0;1.0;2.807354922057604;0.0;0.0;3.0;1.0;1.0;2.584962500721156;1.0;0.0;2.321928094887362;2.0;2.584962500721156;1.584962500721156;2.321928094887362;1.584962500721156;1.584962500721156;0.0;3.4594316186372973;2.321928094887362;1.0;0.0;1.584962500721156;3.169925001442312;2.321928094887362;3.0;2.321928094887362;2.321928094887362;0.0;3.0;3.0;0.0;1.584962500721156;1.584962500721156;2.321928094887362;2.807354922057604;1.584962500721156;1.584962500721156;1.0;0.0;2.807354922057604;2.321928094887362;2.321928094887362;1.584962500721156;2.321928094887362;2.0;2.584962500721156;0.0;1.0;0.0;1.584962500721156;2.0;0.0;0.0;2.0;2.0;2.321928094887362;1.584962500721156;0.0;2.807354922057604;1.584962500721156;2.321928094887362;3.906890595608519;0.0;1.584962500721156;0.0;1.0;1.0;3.0;1.584962500721156;1.0;1.0;1.0;0.0;2.0;0.0;1.0;3.4594316186372973;1.584962500721156;2.321928094887362;0.0;2.807354922057604;0.0;2.584962500721156;0.0;3.0;0.0;1.0;1.584962500721156;3.906890595608519;3.4594316186372973;3.0;3.807354922057604;0.0;1.584962500721156;1.584962500721156;2.0;2.0;2.807354922057604;1.584962500721156;3.0;3.4594316186372973;2.0;2.0;1.0;1.584962500721156;2.321928094887362;3.0;1.584962500721156;1.584962500721156;2.807354922057604;0.0;3.4594316186372973;2.807354922057604;3.0;1.0;2.0;0.0;4.459431618637297;1.0;4.459431618637297;3.169925001442312;3.169925001442312;1.584962500721156;1.0;2.0;0.0;1.584962500721156;2.584962500721156;2.584962500721156;2.321928094887362;2.321928094887362;2.0;2.0;2.584962500721156;2.321928094887362;3.0;3.0;3.321928094887362;2.321928094887362;4.906890595608519;3.321928094887362;1.0;1.0;1.0;1.584962500721156;1.584962500721156;2.321928094887362;2.807354922057604;1.0;3.0;2.321928094887362;2.584962500721156;2.321928094887362;2.321928094887362;1.0;3.0;0.0;2.0;3.4594316186372973;3.0;2.0;2.807354922057604;3.0;2.807354922057604;1.0;3.0;2.584962500721156;1.584962500721156;3.0;2.0;1.584962500721156;1.0;0.0;2.0;1.584962500721156;2.807354922057604;0.0;1.0;2.0;2.321928094887362;1.0;1.0;2.584962500721156;2.321928094887362;1.584962500721156;1.0;2.584962500721156;2.321928094887362;3.700439718141092;2.0;1.0;2.0;1.0;3.584962500721156;2.584962500721156;3.169925001442312;3.906890595608519;3.807354922057604;3.0;1.0;2.807354922057604;0.0;3.906890595608519;3.906890595608519;4.584962500721156;3.0;1.584962500721156
12.017504401109417;11.795227966028678;11.650603022215307;12.743782540330756;12.820378436323685;12.201205007299528;12.899168076134323;12.482303782323182;12.827938080144987;12.709299252712157;12.107544031975989;11.99682652802066;12.564625862795372;9.535275376620802;12.610332801911134;11.971902746045467;13.05273784954982;12.81358080298963;12.49760238678349;11.900866807980748;11.860699032611988;13.36755126021612;12.144658242831882;13.17617314910749;12.058668250340572;12.60478485708642;12.391512122707118;11.980853606379736;12.27786854617684;11.871135184243045;12.80916520537188;12.466076461396252;12.89273253261186;13.257240501116575;12.218865910069676;12.65284497300198;12.25591374933779;12.61240779313867;12.437752072323605;12.802718295983178;11.797256217509783;11.983349927676455;12.201205007299528;12.61815604777846;12.651051691178928;11.669770888525518;10.99435343685886;12.906890595608518;12.007728114632254;12.454813348512523;12.059344460824423;11.415213598765286;12.7858611057596;12.39901083295199;12.709299252712157;12.755513536037856;12.026523442519766;12.423903765836592;12.76424960536716;12.89273253261186;12.652396861477678;11.415213598765286;11.872674880270605;12.140829770773;12.88760142450871;13.233619676759702;13.205335081275733;11.171802288682985;11.873828574886977;12.754678763822527;11.963979787815338;10.7657004876511;12.494355603532846;12.415213598765286;12.562957869334118;11.415213598765286;12.20670914935865;12.488593333835407;12.050188767596437;12.27786854617684;12.402212672714642;12.827541190172502;12.968846758896294;12.225809940623543;12.855063118367624;12.58754314137182;13.720778649167064;11.9947069952581;12.450180247164754;12.766942940755785;12.505315356136236;12.3151495622563;13.278449458220482;12.820378436323685;13.069281924365423;12.096715154488535;11.905010862390297;11.960725994839056;14.094490108144308;12.849991443179317;12.26532202423487;12.872482508106724;12.146250445885986;12.558420713268664;12.25502856981873;12.706927639617405;12.160186576600662;12.51939054134796;13.559377090526684;11.292896755409172;12.725792271494155;12.534546067459992;11.149111990706889;11.41256984680521;12.45249865769279;11.76445696361989;11.962173031109709;11.542548262335211;11.909893083770042;11.78463484555752;11.825753832883112;12.31174831500496;11.741466986401146;11.605479518061667;11.375582512490508;11.762797262498232;12.61677855400014;11.106562940444883;11.62844554013718;11.665335917185176;12.01854794187165;12.136670762341843;12.429929741353272;11.722807531169549;12.799484005620014;11.768184324776929;11.9947069952581;11.85836959985474;11.848231701093818;12.471421196424862;12.982458880127355;11.733015321685963;11.522091068887065;12.18239435340453;11.732167425663384;11.597121428789569;11.62113611327464;11.733439082899434;12.02167404285837;11.841957399099549;12.30577676890981;10.954196310386877;12.554828641429854;12.24555270625568;11.7710767402628;10.52061868055628;12.289442575688332;11.966144913345602;11.843528534611089;11.955649907528374;11.839203788096944;12.387748100711294;11.567480801143043;12.253847484987404;11.791569912126878;12.515699838284045;12.42940674151398;11.660887270302569;11.06406908038551;13.309334237400968;11.304921669581672;11.247927513443583;11.767356854125683;12.6691065113363;12.339850002884624;12.067770457447825;12.08381170725288;12.655977862486942;11.919608238603251;11.879583249612784;12.12088584278779;11.668884984266247;12.320518524632693;11.539643506238036;12.800697714363126;11.696098170955864;11.573173784686484;11.847057346091336;11.941414470942911;12.721953612801386;12.38316426063511;11.397139806235604;11.294620748891628;11.468624042918018;11.868822554775;12.215229625747924;12.052568050804153;12.149429590056744;11.918863237274596;10.98299357469431;11.240195053979924;11.68431031112435;11.670213636738564;10.232420927176076;12.171489577065657;11.926295994781112;12.3409627642517;12.66777683839343;11.483815777264256;11.747353829478062;11.570804437724496;11.817383427897232;12.084476237453892;12.253256579781151;12.488342277532524;11.694357887221452;12.116018993325094;12.077149515589731;13.087628582538464;11.715104009236168;11.756556322524087;11.043710863347156;12.869593843240784;12.01227534485612;11.838416075797335;11.757806672197228
8.098032082960527;10.107217075591382;10.394462694610317;9.324180546618742;8.693486957499324;9.339850002884624;8.991521846075695;9.73809225962049;10.230020435705637;9.52943055414615;8.055282435501189;9.80896417491926;8.214319120800766;8.62935662007961;8.98299357469431;10.188588845707349;10.65284497300198;9.779719355143405;8.682994583681683;9.252665432450248;8.79766152585376;8.83605035505807;10.35424938194524;10.897845456005513;10.1006623390052;9.89178370321831;8.543031820255237;8.417852514885897;9.250298417906333;8.353146825498083;9.885696373339394;9.041659151637214;8.791162888555018;8.703903573444663;9.558420713268664;10.556506054671928;10.851749041416058;10.63662462054365;8.599912842187127;10.129283016944967;9.310612781659527;9.489847960439295;9.339850002884624;8.661778097771988;9.605479518061667;10.67595703294175;10.591522346570734;9.23840473932508;10.470658874060552;9.477758266443889;9.98299357469431;8.94251450533924;10.945443836377912;9.7431513941125;9.52943055414615;10.333155350310616;9.83605035505807;10.532355925288847;8.851749041416058;8.791162888555018;10.279610581052484;8.94251450533924;10.372865060112588;9.721099188707186;10.022367813028454;9.12670447284319;10.124121311829189;9.312882955284357;9.08214904135387;8.873444112515376;9.011227255423254;8.266786540694902;9.96000193206808;10.447083226209651;9.967226258835993;8.94251450533924;9.236014191900084;9.81698362325538;9.79603960882977;9.250298417906333;8.67595703294175;9.65642486327778;10.729620743553038;9.599912842187129;8.654636028527968;8.562242424221072;9.86727873970966;9.566054038171092;9.698704666770343;8.483815777264256;8.894817763307943;10.090112419664289;10.052568050804153;8.693486957499324;10.777255315191924;11.726218159332198;9.558420713268664;9.4241662888181;9.91139198784346;10.172427508645482;9.273795599214264;9.995767150877802;9.533329732305834;8.417852514885897;7.22881869049588;9.923327485419192;9.50382573799575;9.874981347653774;10.161131882984307;8.665335917185176;9.583082767502932;9.509775004326936;9.7632123668144;10.10459875356437;9.016808287686557;9.955649907528374;10.335390354693924;9.837627933171404;10.584022940257542;10.77066389291676;10.306061689428342;10.97656412341533;10.639340708652233;9.721099188707186;9.407267764244732;10.053925881531104;9.679480099505446;9.61654884377899;11.06339508128851;9.324180546618742;10.323054760341646;9.92184093707449;11.394462694610317;9.164906926675688;9.422064766172811;10.512740462803498;9.08214904135387;9.13699111208023;9.26209484537018;10.240791332161956;11.959277505720502;11.530893981193922;11.109177703355275;11.669770888525518;8.92184093707449;8.848622940429339;10.906890595608518;11.11829223302699;11.04916787237217;9.874981347653774;9.936637939002573;10.714245517666123;10.7047682393626;9.092757140919852;9.027905996569883;9.199672344836364;9.3151495622563;11.150381968817848;9.59245703726808;10.779719355143405;10.949097155729207;9.39231742277876;11.366322214245816;11.437231901039478;10.42940674151398;10.512740462803498;9.90388184573618;10.814582465906277;11.206403913973848;9.951284714966972;10.344295907915816;10.539158811108033;11.664891669286089;10.680359523513712;10.73978060977326;11.840384550711669;11.054604317960672;10.234817431117325;8.867278739709661;11.018895621121649;9.86573327085176;11.320800548881635;10.496853777388042;10.565102078360312;10.357552004618084;9.194756854422248;10.293471648838134;9.98299357469431;9.906890595608518;9.4241662888181;9.59245703726808;9.625708843064466;10.319672120946995;9.306061689428342;9.016808287686557;8.76487159073609;11.534789211480266;9.306061689428342;10.323054760341646;10.50382573799575;10.855647166027266;10.280770770130603;9.741466986401146;8.997179480937621;11.169298695792843;9.672425341971495;11.873444112515376;10.080817527608328;10.335390354693924;9.884170519108435;10.3297963382207;11.379919817646538;11.7047682393626;8.72451385311995;10.492854620174748;11.597587039586216;9.64565843240871;10.752380646552892;9.854868383260236;11.713816080234498;10.654636028527968;9.497851836951115;11.816183681432342;10.208234358339787;10.064742764750257;10.690871009292314
8.867278739709661;10.048486873992337;9.12670447284319;9.682994583681683;6.807354922057604;7.400879436282184;10.4231159101471;9.915879378835774;8.280770770130603;9.411510988012072;7.636624620543649;10.981567281903017;10.405141463136344;7.74819284958946;11.378836713210614;9.94251450533924;11.653292945382814;9.905387005018133;10.23840473932508;9.257387842692651;9.44086916761087;9.94397991434374;8.491853096329674;12.744623639343583;10.685624839726357;11.282509306240836;7.900866807980749;8.577428828035748;8.974414589805527;10.653740778706569;7.622051819456376;7.499845887083206;7.672425341971495;11.404077136241234;9.638435913990472;7.960001932068081;10.858758099935422;10.439830883981392;6.614709844115208;9.663558104217271;8.63662462054365;10.192292814470768;7.400879436282184;9.965784284662089;9.710806433699352;9.337621901992508;10.969386521342283;10.28886607416582;9.810571634741146;8.388017285345136;9.99859042974533;10.167418145831736;9.521600439723729;11.98192398731734;9.411510988012072;9.321928094887362;8.59618975614441;10.570804437724496;9.124121311829189;7.672425341971495;11.42783660345852;10.167418145831736;10.068778277985412;10.614709844115207;10.052568050804153;11.91026795581084;10.027905996569883;9.459431618637296;8.632995197142957;7.592457037268081;6.266786540694901;9.417852514885896;10.469641817239516;12.28424574982967;6.266786540694901;10.167418145831736;6.266786540694901;10.490850876740298;10.040289721025715;8.974414589805527;8.049848549450562;9.280770770130603;11.147840893672337;9.712527000439824;10.785452468158542;10.767356854125683;8.204571144249204;11.423641195075856;10.99435343685886;8.243173983472952;8.778077129535358;10.599912842187129;8.954196310386875;6.807354922057604;9.714245517666123;10.824958740528524;9.388017285345136;10.60917873814198;7.330916878114617;11.963618617443972;10.029287226968243;11.283088353024002;9.118941072723509;6.189824558880018;9.57553924683453;8.727920454563199;10.1331422124006;8.366322214245816;11.570330101030798;9.99859042974533;9.231221180711186;8.826548487290914;8.584962500721156;9.372865060112588;10.321928094887362;9.134426320220928;9.79766152585376;10.019590728357882;10.366322214245816;9.88264304936184;10.0;9.826548487290914;10.164906926675688;10.395534135462302;9.533329732305834;9.571752643503546;11.10459875356437;8.577428828035748;10.304921669581672;9.829722735086058;10.73893668167614;9.68650052718322;10.825753832883112;9.820178962415188;11.050528905530555;9.805743872151618;9.643856189774723;10.756556322524087;9.39231742277876;10.782998208920414;11.11309098344238;9.974414589805528;9.981567281903017;10.131856960608792;9.79603960882977;8.651051691178928;9.823367240046236;9.90839262077375;9.620219825507489;9.92481250360578;9.756556322524087;9.319672120946995;10.756556322524087;10.125413470483316;9.86573327085176;8.20945336562895;10.249113452713727;10.211888294546004;9.698704666770343;10.63662462054365;9.535275376620802;10.499845887083206;10.208234358339787;11.122180901259751;10.437752072323605;10.513727595952435;10.129283016944967;9.991521846075695;9.413627929024171;11.711666973564348;10.215532999745657;9.749869427396844;10.277287400130357;10.554588851677638;10.52258153125483;10.066089190457772;9.94104760634058;10.309476353841106;9.782998208920414;9.90839262077375;11.055282435501187;9.894817763307945;10.314016703901355;9.853309555403674;10.606405212697783;9.893301530860564;9.43879185257826;9.44086916761087;9.936637939002573;10.8193807908646;10.536247215688128;9.658211482751796;10.273795599214264;10.260919533662904;9.957102041562289;9.897845456005513;10.600842114387302;10.651948610723446;10.17617314910749;9.0;9.88264304936184;9.954196310386877;10.555547771647063;8.479780264029099;11.046441948007311;10.237209960755022;10.839991070539886;11.201511344500146;9.50382573799575;9.792790294301064;9.96289600533726;10.027905996569883;10.698704666770343;10.451211111832327;10.022367813028454;9.900866807980748;10.584962500721156;10.278449458220482;8.0;9.782998208920414;9.312882955284357;7.894817763307944;11.135067945777816;10.721099188707186;10.215532999745657;10.164906926675688
8.257387842692651;7.948367231584678;8.103287808412022;8.03342300153745;8.957102041562287;7.149747119504682;7.988684686772165;8.562242424221072;8.985841937003341;9.428360172704291;6.754887502163468;8.39231742277876;7.794415866350106;6.672425341971495;10.764042217306589;10.413627929024171;11.283088353024002;11.586839787961829;9.449148645375436;8.308339030139408;7.888743248898259;7.459431618637297;9.7632123668144;12.233020426474496;10.13699111208023;9.786269627648466;10.94982671075911;7.994353436858858;7.417852514885898;9.9901039638575;7.515699838284043;8.566054038171092;8.243173983472952;9.972979786066292;9.224001674198105;7.800899899920305;8.303780748177102;8.63662462054365;7.0;11.29174628083394;9.729620743553038;6.321928094887363;7.149747119504682;9.599912842187129;9.445014845868425;7.768184324776926;9.221587121264806;8.20945336562895;9.663558104217271;8.823367240046235;8.83605035505807;8.994353436858859;8.566054038171092;9.306061689428342;9.428360172704291;8.159871336778389;8.31741261376487;8.308339030139408;10.113742166049189;8.243173983472952;8.098032082960527;8.994353436858859;9.497851836951115;6.930737337562887;10.26795708440284;9.909893083770042;11.208234358339787;7.622051819456376;5.832890014164741;8.618385502258606;6.554588851677638;7.066089190457772;8.247927513443585;10.158609688214478;10.657318449581288;8.994353436858859;7.994353436858858;10.365228849251544;10.452241240430816;7.417852514885898;10.401946123976536;9.355351096424812;9.03342300153745;8.985841937003341;8.396604781181859;10.59618975614441;9.52552080909507;9.69522829149575;10.982280604558284;7.475733430966398;8.199672344836364;9.162391328756906;8.066089190457772;8.957102041562287;8.988684686772165;9.843921051289035;8.03342300153745;8.321928094887362;10.294620748891628;10.92184093707449;7.679480099505446;9.445014845868425;7.977279923499917;8.78135971352466;8.741466986401146;8.721099188707186;9.055282435501187;8.879583249612784;9.918863237274596;9.67065624911844;7.774787059601174;9.871905237659186;7.475733430966398;6.392317422778761;8.483815777264256;9.084808387804362;6.832890014164741;6.614709844115208;6.857980995127572;6.22881869049588;7.857980995127572;9.002815015607053;6.930737337562887;5.906890595608519;8.988684686772165;7.562242424221073;8.285402218862249;10.194756854422248;7.707359132080882;7.774787059601174;7.714245517666122;6.820178962415188;8.618385502258606;8.164906926675688;9.310612781659527;8.434628227636725;7.149747119504682;9.878050912728536;7.357552004618084;9.022367813028454;9.491853096329674;6.918863237274595;5.78135971352466;7.066089190457772;7.906890595608519;5.954196310386875;6.189824558880018;7.459431618637297;9.44086916761087;6.523561956057013;8.88264304936184;6.599912842187128;7.977279923499917;7.417852514885898;7.948367231584678;5.930737337562887;8.519636252843213;7.149747119504682;8.92481250360578;6.169925001442312;7.179909090014935;11.53818893205242;8.066089190457772;7.409390936137702;9.594324603924848;7.936637939002571;7.459431618637297;7.417852514885898;6.169925001442312;9.283088353024002;6.9886846867721655;6.507794640198696;7.870364719583405;9.457380879072534;7.523561956057013;7.774787059601174;6.754887502163468;7.912889336229962;8.734709620225837;6.523561956057013;10.20212382383046;7.651051691178928;8.149747119504681;6.426264754702098;8.951284714966972;8.45532722030456;9.13699111208023;7.700439718141092;6.94251450533924;7.189824558880018;9.20212382383046;9.131856960608792;8.038918989292302;6.807354922057604;7.845490050944375;9.167418145831736;7.087462841250339;7.366322214245816;10.08746284125034;5.906890595608519;6.6293566200796095;7.800899899920305;6.3750394313469245;6.794415866350106;7.636624620543649;7.159871336778389;7.357552004618084;8.370687406807217;7.658211482751795;6.569855608330948;6.491853096329675;7.499845887083206;7.693486957499325;9.236014191900084;8.366322214245816;7.189824558880018;7.339850002884624;7.954196310386875;10.052568050804153;8.651051691178928;6.820178962415188;6.087462841250339;8.169925001442312;7.434628227636725;9.445014845868425;7.483815777264256
12.45994384837493;12.361669679492774;13.345543854110025;12.681897226786235;14.905622044369736;12.217654833364024;12.872290110288091;12.744833837499543;12.890074236180304;11.675074920385445;11.944712061043486;12.217957697864112;11.991521846075695;11.485326189240524;12.510764167917891;12.403544678202014;12.736613330694578;12.525276097867126;11.92740761294903;12.027214885159834;12.993292241488549;12.450180247164754;13.507670777134368;11.73047013718422;12.4812949046311;12.86050505680788;11.128638812852598;12.075813377461454;12.493855449240822;12.829128095368542;13.705092355522472;12.202736043250168;12.458919206967591;11.70606426733497;12.33427328530719;12.848427334023928;12.603858121842803;12.674412981837063;13.800293258223418;12.763419874192088;12.708221730038352;12.189824558880018;12.217654833364024;12.288000889707574;11.872290110288091;11.974414589805528;12.727069558023706;13.08464232218796;12.598285174146604;12.494355603532846;12.81698362325538;12.65306897657993;14.69843337640288;12.907454038318624;11.675074920385445;13.437361961444426;13.030322282644034;13.220680621052203;13.563196272216738;12.458919206967591;12.95328706787812;12.65306897657993;13.467860240707878;12.419960177847887;12.783816759320182;11.350386742312844;12.229720093237413;11.665780028329484;12.198138052401116;12.522826699925806;12.308054559066637;12.614939847310737;12.610332801911134;13.26532202423487;13.29390266862152;12.65306897657993;13.44759985827995;13.227315099905493;12.239001757765582;12.493855449240822;13.589182967039353;12.805139264316736;12.6884688827327;12.298062567719017;13.125252013928852;12.01576348736988;13.044564882812626;12.29232163280204;11.901621158346112;12.690652799348484;11.682994583681683;12.563672959827514;13.326008077730997;14.905622044369736;12.649705265471413;12.94196459298614;11.684748620421626;12.146886835415884;11.647908074281808;12.923327485419192;11.823367240046236;13.065079488999862;12.036173612553483;13.108851117040151;11.89633240390994;13.160816849673546;12.380461065088973;13.226111098132389;12.8460779861726;11.326991174900815;13.794111211076904;12.312032058744862;13.719281855600723;12.684748620421626;12.236313227042803;12.406470768529283;12.905198945962804;12.42574042431621;13.205182326228645;12.35424938194524;12.328394438352458;12.679040186393062;12.653516879421431;12.833483105659584;12.009478745888066;12.871327736134008;11.91214085629572;12.14974711950468;12.266786540694902;12.205487820150566;12.918490592292311;12.805139264316736;12.872290110288091;12.71831881047926;12.82714419098428;12.104926303807776;12.73956967402599;12.49560523119078;12.44889062962926;13.04524773457825;12.086799685623452;12.258271576282851;12.669549463455496;12.895575282380683;12.266786540694902;11.711236767793784;13.07296996854206;12.43879185257826;12.78953364497036;12.725366257895642;13.020111839088086;12.668663423175296;12.900678158743355;12.518898992777316;12.624110035762987;12.027214885159834;12.531625138422624;12.51101135288224;12.11309098344238;13.107217075591382;12.928888439397635;12.992938336165814;12.20304205556246;12.873828574886977;13.098690096673591;12.462246634244352;13.022367813028454;12.795024983961389;13.271900672391544;12.294620748891628;11.923698883295073;11.977995368612962;12.638435913990472;12.514714054138487;12.523561956057012;11.71681946132995;12.677499433285108;13.019764452849738;12.401946123976536;12.508042334429003;13.006852001748774;12.2603315185576;12.891973519025557;12.455840909126398;12.19383333254655;12.33511116842486;12.2903068962579;12.459431618637296;12.51422090935813;12.585432051592962;12.712527000439824;11.56652978262417;12.165849146176395;12.289730740083757;12.788310503700918;12.392854039872873;12.826548487290914;12.952013164889486;12.422327623974558;12.623195635452936;13.114555731198411;13.26839579355656;12.236911111444602;12.00105627463478;12.887030173247677;12.832494484336111;13.04524773457825;12.097044499322951;12.216745858195306;12.322209843748894;12.30577676890981;12.678380065109115;13.245998280472708;12.95673914505908;12.99169898341288;12.340406490853294;12.60408986146918;13.14338321398982;14.036001852919863;12.521600439723729;12.433585441150496;12.981567281903017;13.061708704660624;13.510146020155364;12.79968636133125;12.434628227636724
12.482051629033911;11.260919533662904;12.106562940444883;11.468624042918018;12.131535468676343;12.665335917185176;12.018200178813226;11.4655664048094;12.290882822429577;10.723660944409984;10.158609688214478;11.673309075561695;9.972979786066292;10.13827180017222;11.71295682169755;12.088125692188209;12.346790721750702;11.141468555393084;11.053247125912426;10.787086324551616;12.23661220021575;12.746514321138465;12.952923210362728;10.800090987624994;11.965062756744627;11.757390009366638;10.277287400130357;11.482303782323182;12.344295907915816;11.965423565810127;12.612177385880992;11.375582512490508;11.52258153125483;9.977279923499916;12.1767964781476;12.345405246717796;12.082814337672271;12.062383491876334;12.45532722030456;11.476239906323851;12.2476308762387;11.893680738390907;12.665335917185176;11.491352073563435;11.648357582009666;11.870750003346114;10.816183681432342;12.47015043527436;12.059006395201113;12.73745861857046;12.261213451366048;13.766735939529964;11.801708358916462;11.262682142362165;10.723660944409984;12.547858506058416;13.072802534544207;12.252074042796185;12.039261794341057;11.52258153125483;12.979425195331473;13.766735939529964;12.928333307585149;11.7431513941125;11.946540803893104;11.46454575033394;11.264442600226602;13.264002687114218;11.213104219641906;12.242280950302444;11.68255574108031;13.154501693864765;11.965423565810127;12.119913785452267;12.18084156556666;13.766735939529964;11.634811050171718;11.874212934830874;11.41415667927414;12.344295907915816;12.395266349839096;12.178664851006472;11.015415052386688;11.674633661767269;12.826747082520203;10.557463701597824;10.50382573799575;11.35424938194524;11.84588203438406;12.074810461160451;11.121533517340032;12.020285500844649;12.070791809423062;12.131535468676343;11.980139577639155;12.136670762341843;10.447083226209651;11.066089190457772;9.002815015607053;11.88340698638837;11.41679752760606;12.000704269011246;11.839991070539886;13.27583351001347;11.679040186393062;12.4231159101471;11.73640193131829;13.00105627463478;11.077483356859508;9.682994583681683;12.56652978262417;12.663335723478353;12.280770770130603;11.717248005827646;10.508785162064513;10.664447284547972;11.571752643503546;11.11504365016171;11.89973454235751;11.002111776479852;10.874981347653774;10.79197682089869;10.902375114486023;11.52845411076479;10.388017285345136;11.776844232402167;9.815383295813538;10.78953364497036;11.101319154423276;11.263269200372662;11.43514933836693;11.28886607416582;11.85681455250301;11.36194377373524;10.91214085629572;10.61654884377899;10.823367240046236;10.980139577639155;11.321928094887362;11.73640193131829;10.16867211813223;10.725366257895642;11.177419537989236;11.642051692927977;10.679480099505446;10.234817431117325;11.940313597145968;11.076815597050832;11.15608307628868;11.349834091457248;11.274960472140602;11.485326189240524;11.573173784686484;10.952013164889486;11.207014320177532;11.274378153246364;10.881878707600446;11.090112419664289;11.159240650411672;11.671541066711884;11.798066720363062;11.826151214800207;11.1767964781476;11.789126046425231;11.871135184243045;10.28424574982967;11.559377090526684;11.530893981193922;13.018374070821016;10.364134655008051;11.020979938904212;10.836839359748716;11.481799431665753;10.778077129535358;11.048486873992337;9.981567281903017;10.987264012072538;11.717676423066395;10.77066389291676;11.027905996569883;11.442425193331609;11.378294855911893;11.698704666770343;11.445532219028312;10.393390457443989;10.926295994781112;10.353146825498085;11.017504401109417;10.871135184243045;10.74819284958946;11.49735289347705;9.749869427396844;11.061371192659813;11.054604317960672;11.04507705193494;10.395534135462302;11.493855449240822;11.184875342908285;11.002815015607052;11.428360172704291;12.38586240064146;12.582847628550269;11.194756854422248;11.828929827651486;11.552188759557149;11.54399845013454;11.586370695113963;10.290018846932618;10.702172685365548;10.90388184573618;10.754052367528924;11.190442018782823;12.271754805646474;11.058668250340572;11.533329732305834;11.184255495405347;10.967226258835993;11.874981347653774;10.579315937580017;11.076815597050832;10.802516365121225;12.025485656808389;12.250298417906333;12.582847628550269;11.485829308701904;10.52943055414615
6.584962500721156;7.721099188707186;8.535275376620802;7.366322214245816;7.044394119358453;6.9886846867721655;7.20945336562895;8.049848549450562;7.03342300153745;7.599912842187128;7.727920454563199;6.754887502163468;6.554588851677638;10.090112419664289;7.451211111832329;6.977279923499917;7.366322214245816;5.643856189774724;6.22881869049588;8.118941072723507;6.0;8.820178962415188;8.693486957499324;6.523561956057013;7.417852514885898;8.011227255423254;5.20945336562895;5.807354922057604;7.672425341971495;8.060695931687555;10.257387842692651;6.426264754702098;5.882643049361842;5.727920454563199;7.954196310386875;7.247927513443585;7.539158811108031;7.820178962415188;7.312882955284356;7.426264754702098;7.60733031374961;7.734709620225838;6.9886846867721655;7.727920454563199;7.857980995127572;7.247927513443585;6.087462841250339;7.554588851677638;8.434628227636725;5.643856189774724;7.930737337562887;6.087462841250339;7.60733031374961;8.29920801838728;7.599912842187128;8.005624549193879;8.154818109052105;8.312882955284355;6.3750394313469245;5.882643049361842;7.499845887083206;6.087462841250339;8.092757140919852;7.321928094887363;7.366322214245816;5.977279923499917;6.22881869049588;7.294620748891627;7.20945336562895;7.651051691178928;7.86418614465428;6.3750394313469245;7.515699838284043;7.491853096329675;6.339850002884624;6.087462841250339;9.216745858195306;8.50382573799575;6.954196310386875;7.672425341971495;7.787902559391432;8.233619676759702;6.658211482751795;6.539158811108031;6.78135971352466;4.321928094887363;7.3750394313469245;7.098032082960526;6.507794640198696;6.658211482751795;6.977279923499917;7.851749041416057;9.105908508571158;7.044394119358453;7.577428828035749;8.754887502163468;6.672425341971495;6.475733430966398;7.169925001442312;7.2384047393250786;5.614709844115208;7.643856189774724;8.159871336778389;6.714245517666122;5.129283016944966;8.523561956057012;7.303780748177103;7.74819284958946;7.321928094887363;6.108524456778169;8.169925001442312;6.807354922057604;7.592457037268081;8.499845887083206;6.820178962415188;7.451211111832329;8.194756854422248;7.888743248898259;8.562242424221072;8.686500527183219;7.832890014164741;8.03342300153745;7.686500527183218;8.682994583681683;8.62935662007961;8.86418614465428;7.451211111832329;7.257387842692652;7.813781191217037;7.459431618637297;8.39231742277876;7.988684686772165;9.074141462752506;8.409390936137703;8.149747119504681;7.584962500721156;8.118941072723507;7.888743248898259;8.243173983472952;9.139551352398794;7.741466986401146;8.330916878114618;7.988684686772165;8.388017285345136;7.707359132080882;7.539158811108031;8.199672344836364;8.888743248898258;8.640244936222345;7.614709844115208;7.562242424221073;9.649256177517314;8.971543553950772;7.832890014164741;7.768184324776926;8.184875342908283;7.179909090014935;8.870364719583405;9.214319120800766;8.546894459887637;9.214319120800766;7.546894459887636;8.055282435501189;8.829722735086058;8.08214904135387;7.988684686772165;8.233619676759702;7.94251450533924;10.007027266893967;6.672425341971495;8.060695931687555;6.700439718141092;9.025139562278508;8.459431618637296;8.413627929024173;7.076815597050831;9.174925682500678;8.810571634741146;7.577428828035749;8.204571144249204;8.491853096329674;8.434628227636725;8.768184324776927;9.681238411777803;6.807354922057604;8.257387842692651;8.055282435501189;8.011227255423254;7.977279923499917;7.442943495848728;7.584962500721156;6.285402218862249;7.918863237274595;7.303780748177103;7.888743248898259;6.7414669864011465;8.603626344986193;7.6293566200796095;8.060695931687555;8.74819284958946;9.820178962415188;8.599912842187127;7.3750394313469245;6.523561956057013;8.813781191217037;8.108524456778168;8.357552004618084;7.794415866350106;9.296916206879288;7.888743248898259;7.845490050944375;8.977279923499916;9.407267764244732;8.405141463136344;8.977279923499916;9.35974956032233;8.45532722030456;8.721099188707186;6.845490050944375;8.144658242831882;7.721099188707186;7.971543553950772;8.894817763307943;9.422064766172811;8.022367813028454;8.312882955284355
14.544421147133828;14.57500735590136;14.756504201097;13.729726945109338;13.580611894994322;14.45699604066518;13.82097669262124;13.89434411182436;13.788820271926742;12.81518313000803;12.479527669256347;13.298635406734242;12.238703279427725;14.118535582110958;13.147681927770476;13.850186837645774;13.953559900805;13.060189278463422;12.327271936805156;13.524051918717824;14.088953827817909;14.64227737850386;16.210519152737337;11.685624839726357;14.677058915711948;13.400746044849342;11.642954223480332;13.450051337274044;14.998942951443086;15.119913785452267;15.482492868372631;13.528698283574188;13.381948449395216;11.769424641552751;13.376125389276174;13.415873780463938;14.818881709308132;13.828434039117486;14.73184933613704;11.98477446004684;15.373714813957372;15.764068142444568;14.45699604066518;13.26707926567123;15.743966572645723;14.314724844612032;12.89273253261186;14.098607861370416;13.929998062609029;13.269272811845504;14.73370387046389;14.4674781879076;13.071462362556623;12.518407276671365;12.81518313000803;14.909049265363011;14.124606006959192;14.900819647983983;13.176640671134011;13.381948449395216;14.504198286749505;14.4674781879076;15.554828641429854;14.071965072954027;12.987264012072538;11.265615046484458;12.439311461818846;13.90388184573618;13.821873612165758;14.345058669965248;14.257756130811694;14.21856323619027;13.621021609124346;14.102877893637029;13.18750672775828;14.4674781879076;13.071965072954027;14.716551556361605;13.151492283345329;14.998942951443086;14.710160691782914;14.348797300150755;13.566410861217774;13.306204128589329;13.139551352398794;12.035830072835015;13.70789831624117;13.505935576704188;12.756556322524087;14.579198065523013;13.007377733321269;14.1226662486288;14.107707482385823;13.580611894994322;13.50618359029271;13.30149619498255;12.505067193231886;13.016460104979208;11.981210488271694;13.32671035834696;13.181152256865566;14.613386613669707;13.19383333254655;14.157583785727162;12.004220466318197;14.872915309408882;13.601074338941668;15.135669210685547;13.00158412208535;11.81698362325538;15.334552633752422;13.759264045188788;15.434302437819635;14.691252797294702;13.318260343712415;14.194910717275365;15.14110927384699;14.129605011152504;14.776690046152304;14.482114671488024;13.955922294018542;13.961359251803998;15.29899331564994;14.684803399721876;13.940405368720752;15.437004267113544;12.14974711950468;14.469641817239516;13.447470717605748;14.420025992726252;14.383096742439664;14.55728419121321;14.253995173480227;14.358239100426132;13.644532294625444;14.000440208419151;14.642785042003634;14.290666877056957;13.845980013605184;15.573144191852604;12.491101496916537;14.67065624911844;14.80911495038482;13.985219338104232;14.180142265411972;13.657318449581288;14.325867580575418;14.147204924942228;14.42574042431621;14.007377733321269;13.85943772344045;15.097908671970512;14.86113538283688;13.59700500260697;14.538310202597684;13.899828931774332;13.609409624761804;14.11504365016171;14.405407422219204;14.883550179557258;14.69310576035504;14.66494720775513;13.861571601125398;14.568728062325222;14.503887836135904;12.964701857420447;14.922584402713664;14.191907427787324;14.952741247186488;12.247927513443583;12.98655314975666;13.190596342475638;14.632597674446188;13.74430828467566;14.530467301625723;12.483311954999351;15.048699720519169;14.846322888487077;13.71488943423155;14.028596777067108;14.880970525485576;14.382961696568474;14.672425341971495;14.842792277876104;12.950555897047511;13.964611618481191;14.686336376267194;13.758431440900267;14.23877790480164;14.252000102041183;13.913543937783;13.002287618401075;13.536854282829797;13.84901407369482;14.03737535776324;13.581553678816189;15.02466354669311;14.92560079822387;13.869979332899964;14.875125379505429;15.094778733741126;15.23877790480164;13.369052007001388;13.504694868818218;14.5921650114709;14.961268803539594;14.96289600533726;13.134426320220928;14.295194955880657;14.594907723063336;14.100251677466776;14.556266543582993;14.919002954331363;14.677113987765123;14.604958553690327;14.935809623751084;14.524908953179844;14.718800413397922;11.610102062999664;13.815683492459163;14.400412512298812;14.910080531966354;14.398276076103468;15.644025245694404;14.473642338633717;14.259816808667775
9.390168956200185;10.72451385311995;10.897845456005513;10.03342300153745;10.729620743553038;10.140829770773;10.4231159101471;11.676397887044764;10.950555897047511;9.375039431346924;8.417852514885897;10.256208688527389;10.685624839726357;9.681238411777803;10.398743691938192;10.625708843064466;10.910642730469624;9.818582177480858;11.240195053979924;10.658211482751796;9.682994583681683;9.905387005018133;11.44449728710381;10.825753832883112;10.236014191900084;11.804937672051908;8.92184093707449;9.544964432789238;11.124121311829189;10.7632123668144;10.611024797307351;9.560332834212442;9.523561956057012;10.580258567499788;10.727069558023706;9.749869427396844;10.68650052718322;11.25797705856398;9.902375114486023;11.4812949046311;10.541096615349524;10.99435343685886;10.140829770773;11.212496385193948;10.672425341971495;9.364134655008051;9.677719641641009;10.477758266443889;10.735556023911537;11.581200581924955;10.808159772868375;10.615629636968098;9.952741247186488;11.014717929860009;9.375039431346924;11.4578938373147;10.65284497300198;11.220982851081777;10.603626344986193;9.523561956057012;10.373952655370193;10.615629636968098;11.6142497276894;10.364134655008051;11.271463027904376;11.013322673425447;10.73978060977326;9.67595703294175;9.754887502163468;10.099347810403192;10.657318449581288;10.357552004618084;11.276706019892432;10.543031820255235;10.63026712502677;10.615629636968098;10.00842862207058;11.475226777742266;10.747353829478062;11.124121311829189;11.4189067312579;10.982280604558284;10.97513145692134;10.953468962228849;10.894059846274022;9.945443836377912;11.000704269011246;9.970105890612182;10.78053976747196;10.287712379549449;10.58777751632821;10.501837184902296;10.62113611327464;10.729620743553038;10.542064542283445;9.99435343685886;10.00842862207058;10.045759661382682;9.935165049603697;10.95637615724967;9.328674927327947;10.93147623388679;10.004220466318197;10.689124404913258;10.382624026574916;10.594324603924848;10.977995368612962;10.884933647949762;10.46352437327118;9.73640193131829;10.333155350310616;11.023061249735337;10.088788238716909;11.105908508571158;10.451211111832327;9.14974711950468;11.145295334933598;10.694357887221452;11.330916878114618;9.871905237659186;10.811374693509942;10.891024190149498;9.54882190845875;11.141468555393084;9.774787059601174;10.711666973564348;11.261507309202056;10.112439506781552;10.53430288245463;10.484822894262146;11.154818109052105;11.430452551665532;11.112439506781552;10.741466986401146;11.439830883981392;9.843921051289035;11.323054760341646;11.015415052386688;10.62844554013718;11.127349541059118;10.952013164889486;10.31741261376487;10.147204924942228;11.302638923787551;10.63390340934852;9.73809225962049;11.17617314910749;10.947636937951827;10.832098846039134;11.103943429891558;11.31741261376487;9.554588851677638;11.357552004618084;11.26209484537018;11.004922678569043;9.988684686772164;11.219168520462162;10.691743519171276;9.879583249612784;11.53818893205242;10.825753832883112;10.861086905995396;10.699572453287267;11.011227255423254;10.96650545190574;11.070120944476823;11.1767964781476;10.586839787961829;11.064742764750257;11.1879705919842;9.936637939002573;10.60917873814198;10.578372691360803;11.057991722759176;10.237209960755022;10.224001674198105;10.71338651493703;10.980139577639155;10.663558104217271;10.595257481449035;11.507299124122763;10.1006623390052;11.36139553316589;10.256208688527389;10.744833837499543;10.094077685671904;10.383704292474052;10.842350343413807;11.345405246717796;10.7714894695006;10.98584193700334;9.413627929024171;10.583082767502932;10.672425341971495;11.380461065088973;11.158609688214478;10.787902559391432;11.671098725748465;10.497851836951115;9.935165049603697;11.83289001416474;11.41574176829009;10.854089179870574;10.216745858195306;11.023061249735337;11.085472459181284;11.559855041513623;10.840777923595054;10.007027266893967;10.539158811108033;10.477758266443889;10.650154213675094;11.323054760341646;11.64880694972577;11.36194377373524;9.971543553950772;11.38316426063511;11.709083812550343;8.784634845557521;10.930737337562888;10.75905593916017;11.246740598493144;11.234817431117325;11.617926556798752;10.653740778706569;10.809768128710411
11.159240650411672;11.584022940257542;11.557463701597824;10.63390340934852;10.69522829149575;10.851749041416058;11.163020639580791;10.939579214314692;11.349834091457248;9.65642486327778;8.618385502258606;10.975847968006784;9.79766152585376;11.179909090014934;10.73809225962049;11.172427508645482;11.181773438808808;10.4757334309664;9.965784284662089;10.474719946526482;10.57459352733761;11.040289721025715;13.401946123976536;9.870364719583405;10.684748620421626;12.084144010615145;9.060695931687556;10.399811959325683;12.581906689308768;11.682116764950074;11.59898297103609;11.050528905530555;10.226412192788786;9.499845887083206;11.374496145691516;10.485829308701904;11.834471049984222;11.167418145831736;12.239001757765582;12.151333719291657;12.216139556425135;11.760719947465624;10.851749041416058;11.0;11.886077584873094;11.135067945777816;11.602698865017963;12.049508251055096;11.76155123244448;11.852139328187244;11.893301530860564;12.761343456100647;10.445014845868425;10.661778097771988;9.65642486327778;11.7431513941125;12.214319120800766;12.405407422219204;10.347621368568134;10.226412192788786;11.832098846039134;12.761343456100647;12.69566329678802;11.462502272597265;11.019590728357882;9.726218159332198;10.094077685671904;11.586839787961829;11.486332252768664;11.743572188935634;11.136350341454156;12.792383614935188;11.696098170955864;12.458406613236534;11.314583244274194;12.761343456100647;9.627533884472792;12.281350514981035;10.801708358916462;12.581906689308768;12.220075970984304;11.715533063526584;11.84313591111135;10.24555270625568;10.091435386323608;9.388017285345136;10.130570562805426;10.569855608330949;10.61378946447258;11.818582177480858;9.103287808412022;11.24436383512051;11.471675214392045;10.69522829149575;11.619761463298424;11.69479315499995;9.805743872151618;11.082814337672271;8.339850002884624;11.221587121264806;9.627533884472792;12.187352073200495;10.679480099505446;11.59105477403678;10.565102078360312;12.37232095486726;11.29232163280204;12.173989374166537;10.24436383512051;9.169925001442312;12.417852514885896;11.83368074865474;11.90350531042388;12.199365616857982;10.312882955284357;11.450695771572915;12.456097684964202;11.369052007001388;12.32558654521057;11.483815777264256;11.40886043602476;11.234817431117325;12.091765938516804;11.901621158346112;11.060020354507852;12.298062567719017;9.537218400538595;11.458406613236534;11.152284842306582;11.475226777742266;11.852919585123995;11.905387005018133;12.027214885159834;11.639792893279312;10.83605035505807;11.247334178028728;11.566054038171092;11.721526464007477;11.679480099505446;12.19198451336031;10.045759661382682;11.99116750614001;11.954559846999834;11.842350343413807;11.541096615349524;11.109830654278792;11.95310515059134;11.65687172561398;11.941414470942911;11.321364432039449;11.212496385193948;12.360847084179664;12.229419688230417;11.145295334933598;11.818582177480858;11.41574176829009;11.134426320220928;11.476746203939468;11.223398414711628;12.39687231851056;12.30063855399372;12.068778277985412;11.663113308455806;12.017504401109417;12.13859179463752;10.131856960608792;12.208539206738363;12.010528105886484;12.73956967402599;9.594324603924848;10.52061868055628;10.965784284662089;11.965784284662089;10.875749351420056;11.65687172561398;9.698704666770343;12.127349541059118;11.875749351420056;11.11699367754698;11.276706019892432;12.244661144764198;11.817383427897232;12.02410078025291;12.278159031437236;10.193525360501216;11.405673332281866;11.782588759494963;11.147204924942228;11.805743872151618;11.563196272216738;11.169925001442312;10.197216693110052;11.216139556425135;11.206403913973848;11.984418458801136;10.828136484194108;12.305491792110685;12.20181761666792;11.684748620421626;12.363039630256514;12.745254141957256;12.8342735152347;10.92184093707449;11.381002109550924;12.08381170725288;12.24703741878858;12.470913026274877;10.145932145820517;11.565102078360312;11.605479518061667;11.590587049915037;12.000704269011246;12.869015415552091;11.68650052718322;11.739358707433396;11.926295994781112;11.657765035265363;12.453785055496157;12.159871336778387;11.42574042431621;11.832494484336111;12.700439718141093;11.964340867792416;13.176640671134011;11.948732239819616;11.50928016808786
11.31174831500496;11.25797705856398;12.322773176454564;11.349834091457248;12.885886991697456;11.727069558023706;13.419433550705378;12.171802288682985;12.455070307287963;12.33371442609397;11.305491792110685;11.217351905270334;11.923698883295073;9.364134655008051;11.90839262077375;11.604553229079038;12.183945471757246;11.92072501975118;11.54978466794786;11.16867211813223;12.205793249397155;12.88760142450871;12.529674561764642;11.94288099715904;12.279320387942608;11.861474675125772;9.98584193700334;11.59944798152872;12.177108041703692;11.590119174107176;12.339850002884624;12.053586543639174;11.600842114387302;11.649705265471413;11.619302955415687;11.709083812550343;11.918490592292311;11.807757403589267;12.482051629033911;12.025485656808389;11.703471046071948;12.225508720236;11.727069558023706;11.98299357469431;11.99929538702341;12.170863950411928;11.136350341454156;12.395534135462302;11.511258495502268;11.62067804213541;11.75905593916017;11.989749275462133;11.640244936222343;10.50382573799575;12.33371442609397;12.646108641506103;12.097702963524654;12.177419537989236;12.655754310144218;11.600842114387302;12.157031074378354;11.989749275462133;12.532842910961282;11.962173031109709;12.041659151637214;11.686062749895417;12.3009244909763;10.319672120946995;11.651948610723446;12.64250302878052;12.66622400280318;12.437492010125352;11.92072501975118;12.723234300893376;12.911017407796985;11.989749275462133;11.789126046425231;12.213711798105672;11.975847968006784;12.177108041703692;12.8851243671041;12.826548487290914;11.575066464578656;11.913263430628762;12.973876705610808;11.60408986146918;12.52943055414615;10.701306461958623;11.624338545312986;12.18084156556666;12.203348002979762;11.452241240430816;13.165064005998712;12.885886991697456;12.037546953962178;11.7279204545632;11.390168956200185;11.715961990255144;12.285113188501493;12.061708704660624;11.69522829149575;11.827739648806956;11.597121428789569;12.849991443179317;11.332596057789214;12.33427328530719;12.060020354507852;12.43827205612483;11.841564347730577;10.979425195331473;12.709945380232496;12.228518097716194;11.863024710236886;11.350939181546432;11.831307243802051;11.235415935602528;11.785452468158542;11.273795599214264;11.911017407796985;11.023061249735337;11.264442600226602;11.648357582009666;11.46096776257042;12.064742764750257;10.73893668167614;12.072802534544207;11.469641817239516;10.926295994781112;10.91737207947684;11.405141463136344;11.793196859060943;11.625252221746871;11.869208250550829;11.430975172588068;12.005975356500382;10.972261848733291;11.7553048882624;11.287135186086704;11.507794640198696;12.053586543639174;11.295768934420508;11.053247125912426;11.448632567730552;11.73809225962049;11.233619676759702;11.305491792110685;12.254142846855748;11.30206767252652;11.285402218862249;11.835260918627489;12.121209716409284;11.06339508128851;11.86457308177364;11.673750739438065;11.61240779313867;10.703038388986418;12.44604940671655;11.284824100224624;11.18239435340453;11.773551346428505;11.85447883417163;11.720671786825555;11.11178773580101;11.944346034137832;11.69261550169458;11.81016993766466;11.9901039638575;11.631631805917635;11.555068391333338;12.089781488353998;10.90839262077375;11.193525360501216;11.534789211480266;11.59245703726808;11.767356854125683;10.99859042974533;11.450180247164754;12.58777751632821;11.404077136241234;11.4241662888181;11.808159772868375;10.98584193700334;11.932952892194717;11.145295334933598;12.042343379793692;11.057314877782703;11.020285500844649;11.4993476328766;11.724087461793989;11.891024190149498;11.841957399099549;10.79197682089869;11.179909090014934;11.298635406734242;11.804534402995223;11.71338651493703;11.779308973959898;12.060358182642142;11.243173983472952;11.198445041452365;11.353698209048035;12.13859179463752;11.357552004618084;10.783816759320182;11.595723694101627;11.791569912126878;11.84588203438406;11.688687423222536;11.101319154423276;11.461479447286155;11.127349541059118;11.450180247164754;11.955649907528374;11.869208250550829;12.044394119358454;11.167418145831736;11.639340708652233;11.871520262329112;10.353146825498085;11.41574176829009;11.271463027904376;11.646558710154547;12.593857938858225;12.092426815780255;11.709945380232496;11.187352073200495
6.807354922057604;9.84862294042934;9.810571634741146;8.335390354693924;6.554588851677638;7.066089190457772;8.413627929024173;10.339850002884624;8.554588851677638;11.014020470314934;5.357552004618084;7.845490050944375;9.337621901992508;6.339850002884624;8.885696373339394;9.758223214726724;7.813781191217037;7.820178962415188;6.189824558880018;8.375039431346925;6.7414669864011465;8.915879378835774;8.88264304936184;6.954196310386875;11.254438148267257;7.826548487290915;7.044394119358453;6.523561956057013;8.813781191217037;8.139551352398794;8.614709844115207;8.005624549193879;6.087462841250339;6.108524456778169;8.164906926675688;11.593391122791736;8.707359132080883;5.643856189774724;8.741466986401146;9.214319120800766;9.86727873970966;9.044394119358454;7.066089190457772;10.026523442519766;8.129283016944967;7.787902559391432;9.61286849729104;9.25974326369078;8.0;6.6865005271832185;8.49585502688717;11.321364432039449;9.236014191900084;8.823367240046235;11.014020470314934;8.049848549450562;8.076815597050832;9.398743691938192;7.965784284662087;6.087462841250339;7.554588851677638;11.321364432039449;8.879583249612784;9.828136484194108;9.60177078840771;7.434628227636725;7.768184324776926;8.005624549193879;12.263562639820616;10.14974711950468;7.794415866350106;7.303780748177103;9.226412192788786;9.294620748891628;8.134426320220927;11.321364432039449;6.247927513443585;8.758223214726724;7.948367231584678;8.813781191217037;5.954196310386875;9.537218400538595;6.442943495848728;6.584962500721156;12.767563766286798;8.59618975614441;11.769011321097016;7.139551352398794;7.108524456778169;6.475733430966398;7.400879436282184;8.997179480937621;8.43879185257826;6.554588851677638;9.060695931687556;9.91288933622996;7.312882955284356;9.552669097514272;8.768184324776927;10.356451970221755;7.409390936137702;9.290018846932618;6.857980995127572;7.257387842692652;5.554588851677638;8.707359132080883;7.906890595608519;8.184875342908283;8.413627929024173;11.374496145691516;7.499845887083206;9.03342300153745;6.7414669864011465;10.622051819456376;9.65642486327778;7.94251450533924;9.73809225962049;10.99506046703272;10.729620743553038;9.312882955284357;9.818582177480858;10.571752643503546;9.121533517340032;9.654636028527968;9.834471049984222;9.084808387804362;10.47269083924278;8.219168520462162;10.234817431117325;9.52552080909507;10.344295907915816;10.733862719678545;11.720244258287568;10.022367813028454;9.337621901992508;9.60177078840771;9.319672120946995;10.232420927176076;11.027214885159834;9.73809225962049;10.3297963382207;7.658211482751795;9.330916878114618;11.479275030250204;9.219168520462162;9.266786540694902;11.115693952197011;10.075479149488016;10.304921669581672;10.981567281903017;10.413627929024171;7.826548487290915;11.333155350310616;11.044394119358454;10.103287808412022;8.768184324776927;10.395534135462302;10.084808387804362;7.531381460516312;10.333155350310616;9.310612781659527;9.885696373339394;10.642051692927977;9.37937836707126;10.162391328756906;8.734709620225837;9.67065624911844;10.434628227636724;11.820577882655774;10.54978466794786;8.900866807980748;10.3409627642517;9.197216693110052;9.20212382383046;9.684748620421626;7.721099188707186;8.686500527183219;10.084808387804362;9.556506054671928;10.375039431346924;10.17367713630342;8.696967526234287;9.99717948093762;8.483815777264256;10.118941072723509;9.560332834212442;7.098032082960526;10.69261550169458;11.220982851081777;10.3409627642517;10.187352073200495;8.194756854422248;9.62935662007961;10.711666973564348;9.92184093707449;9.337621901992508;8.888743248898258;10.884170519108435;9.881113960675096;7.651051691178928;10.768184324776929;11.419433550705378;11.215532999745657;11.313449940963055;10.225207436943505;11.419960177847887;10.625708843064466;8.577428828035748;8.483815777264256;8.159871336778389;10.055282435501187;9.08214904135387;10.935165049603697;8.909893083770042;9.405141463136344;8.618385502258606;9.899356922923111;11.679040186393062;9.714245517666123;9.634811050171718;10.096715154488535;10.89026427702111;9.457380879072534;11.075479149488016;10.523561956057012;9.914385132155443
6.149747119504682;6.189824558880018;7.499845887083206;4.584962500721156;10.593391122791736;7.491853096329675;6.022367813028454;6.339850002884624;7.199672344836364;7.977279923499917;5.321928094887363;5.044394119358453;5.930737337562887;3.700439718141092;6.857980995127572;4.700439718141092;8.098032082960527;8.379378367071261;4.700439718141092;6.554588851677638;3.321928094887362;8.388017285345136;6.965784284662087;6.129283016944966;6.247927513443585;2.807354922057604;4.523561956057013;5.832890014164741;5.906890595608519;5.78135971352466;9.823367240046236;4.954196310386875;6.087462841250339;4.857980995127572;3.584962500721156;5.20945336562895;6.614709844115208;4.954196310386875;7.6293566200796095;3.700439718141092;5.523561956057013;8.20945336562895;7.491853096329675;7.734709620225838;5.954196310386875;4.523561956057013;4.643856189774724;5.614709844115208;6.339850002884624;3.169925001442312;5.357552004618084;5.087462841250339;5.459431618637297;7.098032082960526;7.977279923499917;5.491853096329675;5.459431618637297;4.087462841250339;8.74819284958946;6.087462841250339;6.066089190457772;5.087462841250339;5.392317422778761;6.459431618637297;7.499845887083206;6.658211482751795;6.658211482751795;4.754887502163468;4.954196310386875;6.78135971352466;4.247927513443585;4.807354922057604;5.930737337562887;4.247927513443585;6.507794640198696;5.087462841250339;6.977279923499917;5.882643049361842;5.643856189774724;5.906890595608519;7.826548487290915;5.392317422778761;6.022367813028454;3.169925001442312;5.357552004618084;8.459431618637296;6.459431618637297;4.807354922057604;4.459431618637297;4.954196310386875;9.03342300153745;4.754887502163468;10.00842862207058;10.593391122791736;4.392317422778761;7.044394119358453;4.954196310386875;6.321928094887363;7.693486957499325;5.357552004618084;5.285402218862249;4.807354922057604;5.977279923499917;6.832890014164741;2.0;5.044394119358453;6.303780748177103;8.535275376620802;7.658211482751795;4.906890595608519;4.700439718141092;4.247927513443585;5.700439718141092;6.392317422778761;6.066089190457772;1.0;6.977279923499917;6.523561956057013;7.179909090014935;3.700439718141092;6.894817763307944;6.523561956057013;1.584962500721156;6.459431618637297;3.169925001442312;6.169925001442312;6.930737337562887;4.643856189774724;6.303780748177103;6.714245517666122;6.7414669864011465;7.066089190457772;7.257387842692652;5.954196310386875;6.894817763307944;5.426264754702098;7.044394119358453;5.554588851677638;8.434628227636725;6.339850002884624;7.700439718141092;2.0;1.584962500721156;6.94251450533924;4.807354922057604;4.523561956057013;7.108524456778169;5.357552004618084;6.845490050944375;6.78135971352466;7.614709844115208;3.321928094887362;6.066089190457772;8.164906926675688;6.507794640198696;6.0;6.475733430966398;5.882643049361842;2.0;7.383704292474052;6.6293566200796095;5.906890595608519;6.022367813028454;6.087462841250339;6.643856189774724;7.499845887083206;7.087462841250339;5.78135971352466;6.569855608330948;7.044394119358453;5.321928094887363;5.643856189774724;4.0;6.7414669864011465;6.9886846867721655;1.0;2.321928094887362;7.303780748177103;6.303780748177103;6.94251450533924;5.807354922057604;5.169925001442312;7.330916878114617;4.954196310386875;6.392317422778761;5.614709844115208;4.247927513443585;6.672425341971495;6.539158811108031;6.584962500721156;7.636624620543649;2.0;6.584962500721156;6.857980995127572;6.614709844115208;5.906890595608519;5.700439718141092;6.285402218862249;6.149747119504682;3.0;6.169925001442312;7.614709844115208;6.768184324776926;6.087462841250339;6.22881869049588;7.05528243550119;5.700439718141092;6.554588851677638;3.321928094887362;4.321928094887363;5.754887502163468;6.189824558880018;6.599912842187128;6.459431618637297;7.339850002884624;1.584962500721156;6.539158811108031;6.169925001442312;1.584962500721156;7.169925001442312;4.954196310386875;6.409390936137702;4.392317422778761;6.930737337562887;6.832890014164741;6.044394119358453
9.45532722030456;12.852139328187244;13.40554038337693;12.929813184664148;13.084476237453892;12.94379681959879;12.70498432489298;13.232720707964871;11.169925001442312;12.084476237453892;12.894059846274022;11.71295682169755;13.661889412539288;10.546894459887636;12.607099094093552;11.94982671075911;12.5427900615549;10.490850876740298;13.631745471077506;11.925554439873554;11.703903573444665;12.907078434296483;12.727069558023706;12.061033601681112;11.61286849729104;10.543031820255235;10.14974711950468;12.037546953962178;12.62296694479051;11.004922678569043;13.81067204153667;12.169611882604212;11.474719946526482;11.938476938666351;11.867664848380745;13.287712379549449;12.382353833664512;13.580611894994322;15.357448912017013;12.324461855977315;13.921190090204544;11.760304125286382;12.94379681959879;11.347067657165873;11.29748950116098;10.53818893205242;12.831505185085328;12.160186576600662;13.542064542283445;11.605479518061667;11.33147682185962;10.449148645375436;12.505563476360582;12.88340698638837;12.084476237453892;11.295194955880657;13.158451904538389;10.469641817239516;12.865153292938064;11.474719946526482;11.223398414711628;10.449148645375436;10.970105890612182;11.639340708652233;11.63117705570398;10.462502272597265;13.559257578035137;10.65284497300198;11.8668925276766;12.6713199131833;10.860311054919482;11.86573327085176;12.618385502258606;11.60177078840771;10.923327485419192;10.449148645375436;12.085804380278086;11.709083812550343;12.60917873814198;12.62296694479051;11.857592285697526;13.120075840497751;12.736190500960928;9.978710459106358;12.963979787815338;11.398209261466851;14.417522914226293;12.371504412043336;12.625708843064466;12.666667840690357;12.12347479824414;12.178976011374523;13.665891034757491;13.084476237453892;12.675736555361906;11.156715144224702;11.43306376512207;13.655418916665806;13.476239906323851;13.083313108650756;10.721099188707186;13.162076570374312;13.300209542232352;9.535275376620802;10.644757592516257;11.744413410557655;11.43514933836693;13.180530807344482;12.706711844980717;10.470658874060552;12.12605911607068;12.922212717785449;12.508785162064513;13.45211251457386;13.21901722320012;12.650827374138768;13.287856641840545;13.35851384714966;13.30577676890981;12.560332834212442;13.767874078897616;14.13209803255202;13.384109183736609;12.817183539425711;12.765286098723683;12.80231440599149;13.55566759184072;13.25089053572334;13.93875258654304;13.574711776183287;12.267371931265274;14.072300115928336;15.19032626517897;13.85943772344045;13.510887765694012;13.498225931349918;13.64250302878052;13.88978912797328;13.937097908730966;13.193525360501216;13.234667766192567;13.553029246059738;12.896521622224974;13.794618934130142;12.423378576518491;13.501090770274512;14.07028868996168;13.082481727863104;13.026004642978943;13.023407843140218;14.189747357807576;10.92481250360578;14.90341116123855;13.900112062977456;14.273139944628385;11.90312867681232;13.674743989075154;13.248372354921251;12.356451970221755;13.017852331905962;13.53016245322715;13.95673914505908;14.546894459887636;12.447341565370678;14.243843395769034;12.626393504173995;13.282364508223864;13.431628182620894;13.839794290202557;13.539158811108033;12.413892328372643;13.13827180017222;14.816533710558584;13.26502894245816;12.548340287676147;13.417193238248329;10.735556023911537;13.718104713121756;12.89273253261186;14.437231901039478;14.247779202465209;13.347482960639704;13.233769450446928;11.314016703901355;13.592223421359405;12.801506286636435;13.226562716555511;13.719067901122964;13.975400190281691;14.678435086754051;14.626450544602625;12.892163309861964;12.50382573799575;13.202429966015352;14.862540503136891;14.609813587455143;11.948732239819616;15.077525081587025;13.588597528959294;11.837233700339088;13.286124541533368;14.225433405311245;13.390168956200185;13.57790083688697;13.32108251801004;13.944437549570695;14.359680937350838;12.954378090144049;12.28828934218097;11.049848549450562;12.437492010125352;13.658434654697617;13.93258386928929;13.602118887104268;13.65250890240818;11.843921051289035;13.529918528120325;14.021153496202572;12.761343456100647;13.27423253678993;12.251186503524336;14.821873612165758;13.969386521342283;13.678820179524028;13.81848231971713;13.77869318322384
2.0;0.0;2.0;2.0;4.0;2.0;2.0;4.392317422778761;2.584962500721156;0.0;2.0;1.0;0.0;3.321928094887362;0.0;3.169925001442312;3.169925001442312;1.584962500721156;1.584962500721156;1.584962500721156;3.321928094887362;4.584962500721156;7.219168520462161;2.807354922057604;4.700439718141092;1.0;0.0;3.169925001442312;2.321928094887362;1.0;4.459431618637297;6.491853096329675;4.087462841250339;4.321928094887363;0.0;3.0;3.321928094887362;0.0;4.321928094887363;2.321928094887362;6.475733430966398;0.0;2.0;1.0;0.0;5.554588851677638;0.0;2.584962500721156;2.807354922057604;0.0;0.0;6.169925001442312;2.584962500721156;1.0;0.0;5.321928094887363;1.584962500721156;1.584962500721156;4.087462841250339;4.087462841250339;0.0;6.169925001442312;1.584962500721156;0.0;3.807354922057604;5.247927513443585;3.4594316186372973;3.321928094887362;1.0;6.643856189774724;1.0;4.087462841250339;1.584962500721156;3.169925001442312;4.392317422778761;6.169925001442312;2.321928094887362;1.584962500721156;1.0;2.321928094887362;0.0;5.0;0.0;2.321928094887362;2.0;2.0;1.0;0.0;0.0;4.321928094887363;1.0;0.0;2.0;4.0;1.584962500721156;2.321928094887362;2.321928094887362;1.584962500721156;5.087462841250339;2.0;1.584962500721156;0.0;3.4594316186372973;1.0;2.807354922057604;4.954196310386875;0.0;3.0;2.807354922057604;0.0;3.321928094887362;3.700439718141092;2.807354922057604;1.0;2.807354922057604;1.0;1.584962500721156;1.584962500721156;0.0;2.0;0.0;4.0;0.0;1.0;0.0;2.321928094887362;0.0;1.0;0.0;0.0;0.0;0.0;1.0;0.0;0.0;0.0;0.0;0.0;2.584962500721156;1.584962500721156;1.0;1.0;0.0;2.584962500721156;0.0;0.0;1.0;2.807354922057604;0.0;0.0;0.0;1.0;0.0;0.0;0.0;1.0;2.0;0.0;2.321928094887362;0.0;0.0;0.0;0.0;1.0;0.0;0.0;1.584962500721156;0.0;3.584962500721156;0.0;1.584962500721156;0.0;2.0;2.321928094887362;0.0;0.0;0.0;0.0;0.0;0.0;1.584962500721156;0.0;2.0;0.0;0.0;0.0;1.584962500721156;0.0;1.0;1.0;2.807354922057604;0.0;0.0;1.0;0.0;1.584962500721156;0.0;1.0;0.0;0.0;2.321928094887362;2.0;1.0;2.807354922057604;0.0;1.0;1.0;1.0;1.0;2.0;2.0;1.584962500721156;1.0;0.0;1.0;0.0;0.0;0.0;0.0;0.0;0.0;0.0;0.0;0.0;1.0;0.0
6.906890595608519;12.646333693380967;10.086136225027309;8.383704292474052;7.658211482751795;8.562242424221072;8.066089190457772;8.668884984266247;7.577428828035749;7.554588851677638;13.066593776312253;10.683871868622605;9.78135971352466;6.303780748177103;8.774787059601174;7.894817763307944;9.011227255423254;7.924812503605781;4.954196310386875;8.707359132080883;4.0;11.247334178028728;11.846665681899738;8.087462841250339;6.22881869049588;6.108524456778169;6.108524456778169;6.108524456778169;9.543031820255235;8.581200581924957;10.293471648838134;6.794415866350106;8.038918989292302;5.614709844115208;8.689997971419446;9.280770770130603;9.3151495622563;8.744833837499545;10.614709844115207;6.832890014164741;11.580729651598958;9.079484783826816;8.562242424221072;7.839203788096944;10.172427508645482;7.400879436282184;6.658211482751795;6.658211482751795;9.77313920671969;6.266786540694901;8.912889336229961;8.149747119504681;7.169925001442312;8.558420713268664;7.554588851677638;10.025139562278508;7.636624620543649;10.72451385311995;10.304921669581672;8.038918989292302;7.727920454563199;8.149747119504681;9.599912842187129;7.906890595608519;7.614709844115208;8.45532722030456;8.243173983472952;7.832890014164741;8.134426320220927;8.800899899920305;6.754887502163468;7.392317422778761;9.829722735086058;8.055282435501189;6.392317422778761;8.149747119504681;9.81698362325538;9.252665432450248;8.74819284958946;9.543031820255235;8.179909090014934;6.977279923499917;6.7414669864011465;5.087462841250339;6.714245517666122;6.475733430966398;7.383704292474052;8.72451385311995;12.003869231979056;6.930737337562887;10.661778097771988;9.828136484194108;11.900112062977456;7.658211482751795;9.00842862207058;11.117643101389092;8.89178370321831;9.118941072723509;2.807354922057604;10.052568050804153;6.149747119504682;7.6293566200796095;9.335390354693924;7.087462841250339;5.491853096329675;8.164906926675688;7.643856189774724;10.366322214245816;7.754887502163468;5.977279923499917;10.154818109052105;7.179909090014935;10.278449458220482;12.979961015222829;9.560332834212442;13.3437409184722;12.247927513443583;11.32755264408124;12.33371442609397;12.286846502735887;11.169298695792843;11.12347479824414;13.729195859132094;11.955286645524469;12.01854794187165;12.77416933531818;10.181152256865566;13.29275299624998;11.495355392235982;11.369052007001388;11.3151495622563;11.174301544467632;11.829326335841666;11.154185209265297;10.471675214392045;12.151967870968187;10.838416075797335;11.749450465569916;10.740624044489412;11.52943055414615;10.060695931687556;13.054943416573323;13.34568244818678;12.631631805917635;11.42574042431621;9.721099188707186;11.749031382040204;12.008078410868256;11.586839787961829;10.85096815098244;10.977279923499916;13.142266638635702;11.466076461396252;10.915879378835774;11.06339508128851;11.715104009236168;9.977279923499916;11.979782430703086;11.686938171670388;11.99435343685886;12.41256984680521;11.699572453287267;11.588246152044816;12.15069928874454;12.03342300153745;10.330916878114618;11.502334580197996;12.800697714363126;13.099347810403192;10.23840473932508;11.14274527675153;11.140829770773;13.069281924365423;11.410451351503994;11.898601387403938;11.863411958941638;13.410583848637842;10.624795455860236;11.124121311829189;11.515207030408751;11.494855584491198;12.106235761615748;11.79644525906185;12.914198242454956;9.67595703294175;11.729620743553038;12.213711798105672;10.925554439873554;10.366322214245816;9.813781191217036;10.788718332690458;11.638888382252262;11.466076461396252;11.779719355143405;10.939579214314692;10.001408194392807;12.602698865017963;11.17617314910749;10.84313591111135;13.500094949671809;13.133302788397303;12.68934284613419;11.247927513443583;12.608254821977908;12.649256177517314;10.973697366305352;13.39593572072332;10.380461065088973;11.583552930466483;12.770044400296824;10.603626344986193;11.894059846274022;12.559138055642384;11.213104219641906;12.102303817212649;12.779308973959898;10.772314573921651;11.384783750093352;8.59245703726808;11.562242424221072;12.437231901039478;11.946906274456396;13.014369242235135;12.105908508571158;11.802112418586066;11.366322214245816
9.99859042974533;9.264442600226602;11.279610581052484;10.77561028075954;13.140670030415102;9.693486957499324;10.485829308701904;9.573647187493322;10.707359132080883;9.98299357469431;6.643856189774724;9.264442600226602;9.144658242831882;9.430452551665532;10.018200178813226;10.505811553919594;10.519636252843211;10.742309436084;11.084808387804362;10.688250309133178;8.584962500721156;11.032734528586714;10.752380646552892;9.194756854422248;9.515699838284045;12.200592137689254;8.566054038171092;9.34207466799914;12.407533331671324;11.489847960439295;10.9901039638575;9.147204924942228;9.36194377373524;8.39231742277876;11.040289721025715;9.247927513443583;10.271463027904376;11.787902559391432;8.63662462054365;10.189824558880018;9.014020470314934;11.711666973564348;9.693486957499324;10.895575282380683;10.4241662888181;10.12023787734196;8.76487159073609;13.305491792110685;10.92184093707449;9.813781191217036;13.00158412208535;12.180219982170192;9.915879378835774;10.891024190149498;9.98299357469431;10.234817431117325;10.584962500721156;13.19028767858039;9.37937836707126;9.36194377373524;12.949097155729207;12.180219982170192;13.076815597050832;11.088125692188209;10.78953364497036;9.344295907915816;9.59618975614441;9.79603960882977;8.861086905995395;11.018200178813226;12.284824100224624;11.26502894245816;10.401946123976536;10.682116764950074;10.406205005418856;12.180219982170192;10.163649676015824;10.814582465906277;10.29117069932186;12.407533331671324;12.074141462752506;10.153552031708111;7.774787059601174;11.179287104646004;9.124121311829189;10.364134655008051;9.147204924942228;10.330916878114618;13.034111146096592;9.94104760634058;9.515699838284045;13.016460104979208;11.483311954999351;13.140670030415102;10.481799431665753;9.776433032444732;9.57553924683453;9.638435913990472;10.39660478118186;9.131856960608792;9.975847968006784;9.016808287686557;8.370687406807217;9.221587121264806;10.37937836707126;10.34318571544788;12.358101707440849;11.996120363033048;11.534789211480266;8.758223214726724;12.146568675740786;8.823367240046235;11.553629293916364;8.174925682500678;9.076815597050832;5.807354922057604;8.174925682500678;7.768184324776926;10.019590728357882;5.906890595608519;7.98299357469431;9.894817763307945;6.832890014164741;8.918863237274595;7.257387842692652;10.274960472140602;8.308339030139408;6.700439718141092;7.820178962415188;8.807354922057604;8.62935662007961;8.977279923499916;7.912889336229962;9.381542951184583;9.4757334309664;6.807354922057604;9.057991722759176;9.131856960608792;10.29232163280204;10.900112062977456;7.768184324776926;6.539158811108031;5.906890595608519;7.820178962415188;9.071462362556623;8.011227255423254;10.439830883981392;9.134426320220928;8.092757140919852;9.509775004326936;8.515699838284043;6.584962500721156;9.116343961237469;8.988684686772165;9.558420713268664;8.527477006060396;8.7714894695006;8.20945336562895;6.189824558880018;9.805743872151618;8.554588851677638;11.525031345124;8.20945336562895;8.228818690495881;9.786269627648466;8.471675214392045;9.984418458801136;8.076815597050832;8.731319031025064;8.442943495848729;7.05528243550119;6.882643049361842;6.6865005271832185;8.826548487290914;7.266786540694901;6.0;5.321928094887363;10.468624042918018;8.960001932068081;7.768184324776926;10.287712379549449;6.189824558880018;9.25502856981873;7.3750394313469245;8.539158811108031;5.754887502163468;6.845490050944375;7.768184324776926;9.071462362556623;8.854868383260236;7.813781191217037;5.247927513443585;8.422064766172813;8.247927513443585;9.741466986401146;7.94251450533924;8.614709844115207;9.67595703294175;9.108524456778168;6.022367813028454;8.139551352398794;8.055282435501189;8.280770770130603;8.266786540694902;8.294620748891628;9.022367813028454;8.930737337562887;6.727920454563199;7.3750394313469245;6.339850002884624;9.157346935362844;7.129283016944966;9.092757140919852;9.843921051289035;7.906890595608519;6.169925001442312;9.366322214245816;9.679480099505446;4.584962500721156;8.113742166049189;8.228818690495881;9.84862294042934;8.055282435501189;10.167418145831736;9.682994583681683;6.965784284662087
9.030667136246942;10.774787059601174;10.498849206531723;11.83880998570856;7.022367813028454;7.149747119504682;4.584962500721156;9.071462362556623;7.179909090014935;11.046441948007311;6.266786540694901;5.727920454563199;10.040289721025715;5.584962500721156;10.1357092861044;9.854868383260236;9.434628227636724;8.98299357469431;5.459431618637297;9.152284842306582;9.7431513941125;11.427312844134963;11.117643101389092;9.794415866350104;7.499845887083206;2.321928094887362;8.845490050944376;9.971543553950772;11.103943429891558;8.643856189774725;8.804131021183318;7.22881869049588;5.129283016944966;8.257387842692651;7.741466986401146;9.271463027904376;10.350939181546432;9.709083812550343;7.741466986401146;8.144658242831882;11.207624468226758;6.303780748177103;7.149747119504682;7.636624620543649;7.569855608330948;9.24555270625568;4.459431618637297;9.368506461507693;11.06406908038551;5.357552004618084;11.397139806235604;8.614709844115207;9.06339508128851;7.3750394313469245;11.046441948007311;7.870364719583405;6.894817763307944;8.60733031374961;7.839203788096944;5.129283016944966;10.992230264965889;8.614709844115207;8.81698362325538;9.52943055414615;7.499845887083206;10.381542951184583;6.954196310386875;6.409390936137702;5.087462841250339;8.39231742277876;12.333155350310616;9.971543553950772;9.618385502258606;5.20945336562895;7.169925001442312;8.614709844115207;7.768184324776926;11.289442575688332;9.756556322524087;11.103943429891558;8.184875342908283;7.78135971352466;4.700439718141092;9.199672344836364;6.523561956057013;5.930737337562887;8.335390354693924;10.842350343413807;7.569855608330948;9.78135971352466;5.700439718141092;10.034798962577268;7.05528243550119;7.022367813028454;9.567956075415466;8.668884984266247;6.189824558880018;7.523561956057013;4.700439718141092;8.894817763307943;7.592457037268081;9.791162888555018;3.906890595608519;10.264442600226602;5.643856189774724;7.0;10.239598529249124;2.584962500721156;8.79766152585376;5.087462841250339;11.507299124122763;7.643856189774724;9.7431513941125;11.145295334933598;8.118941072723507;1.584962500721156;12.127349541059118;10.557463701597824;9.566054038171092;5.727920454563199;10.450180247164754;10.430452551665532;7.426264754702098;10.287712379549449;6.321928094887363;11.527477006060396;10.363039630256514;9.184875342908285;8.72451385311995;10.293471648838134;10.17617314910749;12.57790083688697;11.886077584873094;10.230020435705637;10.036173612553483;8.939579214314692;11.862637357558794;11.850577547205614;9.50382573799575;11.356451970221755;7.60733031374961;4.321928094887363;3.4594316186372973;10.0566377151132;10.366322214245816;10.970105890612182;10.277287400130357;7.727920454563199;12.099676554859643;9.885696373339394;12.062383491876334;6.426264754702098;12.900112062977456;10.965784284662089;11.614709844115207;9.782998208920414;10.758223214726724;9.94251450533924;4.857980995127572;9.952741247186488;11.510764167917891;11.335390354693924;7.918863237274595;9.36194377373524;10.936637939002573;7.965784284662087;11.81177605532666;8.741466986401146;11.553629293916364;9.221587121264806;8.948367231584678;10.483815777264256;7.888743248898259;9.691743519171276;9.461479447286155;2.0;3.584962500721156;10.648357582009666;11.004220466318197;10.83289001416474;11.324743110494415;8.312882955284355;10.26795708440284;8.379378367071261;9.501837184902296;7.467605550082998;5.954196310386875;10.397674632948268;12.055282435501187;12.832296678749884;8.906890595608518;0.0;10.651948610723446;10.467605550082997;12.844705764411938;11.793603309279408;8.405141463136344;13.173364830849035;11.458919206967591;2.0;9.4797802640291;9.99717948093762;9.321928094887362;9.505811553919594;10.191059214531656;12.527477006060396;9.86418614465428;8.915879378835774;6.794415866350106;8.199672344836364;9.321928094887362;9.804131021183318;10.926295994781112;9.131856960608792;10.567005370247031;1.0;11.83880998570856;12.096715154488535;12.092096414990792;10.233619676759702;8.442943495848729;12.83703654351734;2.584962500721156;11.630722162103838;10.857203471508166;11.12347479824414
8.820178962415188;7.882643049361842;11.0566377151132;7.693486957499325;10.098032082960527;10.51175265376738;10.014020470314934;9.51175265376738;8.055282435501189;8.20945336562895;7.832890014164741;8.550746785383243;7.948367231584678;9.679480099505446;9.169925001442312;8.622051819456376;9.172427508645482;7.2384047393250786;7.219168520462161;8.103287808412022;8.96289600533726;9.76983784362944;10.481799431665753;6.22881869049588;9.0;9.22881869049588;7.475733430966398;9.290018846932618;9.971543553950772;8.86418614465428;11.400345796534694;8.413627929024173;9.829722735086058;7.2384047393250786;8.49585502688717;10.232420927176076;9.055282435501187;8.83605035505807;11.080817527608328;8.92184093707449;8.546894459887637;11.221587121264806;10.51175265376738;9.659995892429976;8.290018846932618;8.224001674198105;8.63662462054365;10.545929769085468;9.00842862207058;8.159871336778389;9.627533884472792;11.203959703239462;9.813781191217036;8.909893083770042;8.20945336562895;10.594324603924848;10.348728154231075;9.483815777264256;9.457380879072534;9.829722735086058;9.873444112515376;11.203959703239462;9.868822554775;8.965784284662087;9.67595703294175;9.03342300153745;7.321928094887363;9.211888294546004;8.632995197142957;10.071462362556623;7.499845887083206;10.381542951184583;9.353146825498085;10.43567026093655;10.074141462752506;11.203959703239462;10.043027283594547;9.319672120946995;8.159871336778389;9.971543553950772;10.15608307628868;9.749869427396844;8.994353436858859;9.489847960439295;10.084808387804362;9.76983784362944;9.905387005018133;8.118941072723507;7.888743248898259;11.12670447284319;7.845490050944375;8.523561956057012;9.312882955284357;10.098032082960527;9.118941072723509;9.4241662888181;6.6293566200796095;9.355351096424812;7.257387842692652;10.179909090014934;8.758223214726724;10.59245703726808;8.098032082960527;11.04916787237217;7.960001932068081;9.776433032444732;9.417852514885896;10.783816759320182;8.011227255423254;8.189824558880018;10.661778097771988;10.766528908598865;10.44604940671655;8.46352437327118;6.658211482751795;4.643856189774724;8.214319120800766;7.857980995127572;8.49585502688717;5.523561956057013;7.693486957499325;8.169925001442312;6.507794640198696;7.870364719583405;6.700439718141092;8.707359132080883;6.3750394313469245;6.94251450533924;7.366322214245816;8.228818690495881;8.829722735086058;8.451211111832329;7.888743248898259;8.76487159073609;8.189824558880018;7.257387842692652;8.204571144249204;8.108524456778168;9.447083226209651;8.63662462054365;6.599912842187128;6.9886846867721655;6.714245517666122;7.768184324776926;7.857980995127572;9.113742166049189;8.430452551665532;8.228818690495881;9.057991722759176;7.614709844115208;7.636624620543649;6.882643049361842;8.744833837499545;7.577428828035749;8.50382573799575;7.636624620543649;7.857980995127572;7.693486957499325;8.405141463136344;8.714245517666123;8.92184093707449;8.804131021183318;7.20945336562895;7.665335917185176;8.005624549193879;6.906890595608519;8.339850002884624;7.426264754702098;8.991521846075695;6.794415866350106;7.011227255423254;7.845490050944375;6.845490050944375;7.108524456778169;7.882643049361842;4.906890595608519;6.918863237274595;9.337621901992508;7.022367813028454;7.900866807980749;8.491853096329674;7.6293566200796095;8.622051819456376;7.686500527183218;7.409390936137702;7.761551232444479;6.303780748177103;7.721099188707186;8.388017285345136;8.654636028527968;6.882643049361842;5.044394119358453;7.851749041416057;7.515699838284043;8.894817763307943;6.7414669864011465;7.426264754702098;8.826548487290914;8.098032082960527;7.011227255423254;8.90388184573618;9.88264304936184;7.417852514885898;6.918863237274595;8.066089190457772;8.851749041416058;8.280770770130603;7.459431618637297;6.820178962415188;7.03342300153745;7.948367231584678;7.392317422778761;8.527477006060396;7.876516946564999;7.672425341971495;7.622051819456376;8.103287808412022;9.390168956200185;5.554588851677638;7.693486957499325;6.768184324776926;9.487840033823051;7.643856189774724;10.547858506058416;8.475733430966399;7.294620748891627
11.57790083688697;11.859534786382651;11.67815995754276;10.401946123976536;9.550746785383245;11.190442018782823;12.583082767502932;10.604553229079038;11.711236767793784;10.906890595608518;9.870364719583405;12.036517070486518;10.507794640198696;9.43254190038826;11.507794640198696;11.830515206976838;12.237209960755022;11.844705764411938;11.053925881531104;11.085472459181284;11.41204051455165;12.450695771572915;13.318542809702723;9.807354922057604;11.16867211813223;12.106562940444883;10.047123912114026;11.778898476008376;12.466076461396252;12.328394438352458;12.234518085739987;11.30035256032822;11.89026427702111;10.131856960608792;12.065079488999862;11.827342704234116;12.563672959827514;11.73640193131829;12.62044895201331;12.01576348736988;12.34485068394299;11.232420927176076;11.190442018782823;11.27029532647204;11.483311954999351;11.174301544467632;10.967946705812707;12.577664851764846;11.798066720363062;11.728345714710976;12.86379910372885;13.096220996223424;11.25974326369078;11.693486957499324;10.906890595608518;12.562957869334118;12.85233443198643;12.695445810537382;9.805743872151618;11.89026427702111;12.298921740969751;13.096220996223424;13.466713778648694;11.33147682185962;12.112765281885316;10.824163209744158;11.555068391333338;11.914011328541257;10.539158811108033;12.884361339165704;10.450180247164754;12.935533412950749;12.742309436084;12.645883554519004;10.86573327085176;13.096220996223424;9.4655664048094;11.989394499844732;11.206403913973848;12.466076461396252;10.930737337562888;12.084476237453892;11.947636937951827;11.160501747555688;11.267371931265274;10.0;10.326429487122304;11.449664538476192;11.671098725748465;11.323054760341646;10.733862719678545;11.826945650415484;10.634811050171718;9.550746785383245;12.292033985499543;12.3063465536885;10.720244258287568;11.493355121494906;9.060695931687556;12.189206834597025;10.86727873970966;11.729620743553038;11.92851837525789;12.785656801427193;11.240195053979924;12.559377090526684;12.147522944350744;12.856036399819155;11.096715154488535;9.926295994781112;12.863411958941638;12.096715154488535;11.326429487122304;12.40886043602476;10.817783121774534;11.788718332690458;12.122504484313904;11.594324603924848;12.486332252768664;11.791569912126878;11.416269744523207;11.80292019858527;12.146250445885986;12.211584153079526;10.988684686772164;12.2600374211066;10.559377090526684;11.922212717785449;11.56081046872794;11.815383295813538;11.99964773652837;12.007027266893967;12.277287400130357;11.829326335841666;11.892542816648552;11.421012855779226;11.63390340934852;11.854868383260236;11.924441392339196;12.281930026955443;10.7047682393626;11.677719641641009;12.085804380278086;12.32558654521057;11.795633844506778;11.078817949961978;12.73788107685778;11.76445696361989;11.91139198784346;11.86611979330307;12.118616689351509;12.376125389276174;12.369597346278676;11.739358707433396;12.002815015607052;11.347621368568134;11.405141463136344;11.70433597118232;11.536247215688128;12.391780606013166;12.64092273517345;12.433846208442825;11.804534402995223;12.349281228817452;12.496853777388042;10.940313597145968;12.285691191330091;12.310044679647506;13.36221781591308;10.64565843240871;11.42259043389256;11.67991987851842;12.24198314969433;11.347621368568134;11.899356922923111;10.627533884472792;12.200285605224298;12.410451351503994;11.406736482691723;11.633449374713493;12.269126679149418;12.026177596889225;12.322491537597468;12.179909090014934;11.149111990706889;11.558898981146704;11.183015000882756;11.406736482691723;11.59618975614441;11.393926675640415;11.791162888555018;10.837627933171404;11.754052367528924;11.659103963473662;12.07815080773465;11.674192268145683;12.24347153839633;12.357826882210777;11.595723694101627;12.194449079479025;13.00474715754676;13.222643985451697;11.632086412835182;12.544481522310791;12.298062567719017;12.253256579781151;12.439830883981392;10.967226258835993;11.74819284958946;11.759888183221834;11.482807956726669;11.969386521342283;12.891973519025557;12.019590728357882;12.239896822445862;11.83880998570856;11.689124404913258;12.99276135094313;12.206403913973848;11.949461979360152;12.136670762341843;12.889503963411476;12.572700226487292;12.530650179750014;12.016808287686557;11.312315746690109
4.0;5.857980995127572;6.392317422778761;4.169925001442312;5.554588851677638;6.0;5.129283016944966;5.672425341971495;4.087462841250339;5.321928094887363;4.584962500721156;3.169925001442312;4.459431618637297;7.876516946564999;4.754887502163468;3.807354922057604;4.643856189774724;5.087462841250339;4.087462841250339;5.044394119358453;4.0;3.584962500721156;7.179909090014935;4.169925001442312;4.857980995127572;4.857980995127572;5.554588851677638;3.700439718141092;4.754887502163468;5.20945336562895;5.044394119358453;4.584962500721156;5.169925001442312;3.700439718141092;3.584962500721156;4.643856189774724;4.247927513443585;6.129283016944966;4.643856189774724;4.0;5.584962500721156;6.426264754702098;6.0;5.857980995127572;4.700439718141092;3.321928094887362;2.0;5.285402218862249;5.857980995127572;4.169925001442312;4.087462841250339;4.906890595608519;5.0;5.584962500721156;5.321928094887363;5.523561956057013;4.247927513443585;5.044394119358453;5.614709844115208;5.169925001442312;4.857980995127572;4.906890595608519;5.523561956057013;5.554588851677638;5.321928094887363;4.857980995127572;4.807354922057604;3.169925001442312;3.807354922057604;6.475733430966398;3.0;4.169925001442312;4.857980995127572;5.357552004618084;6.643856189774724;4.906890595608519;4.807354922057604;5.044394119358453;4.523561956057013;4.754887502163468;8.344295907915816;4.169925001442312;6.149747119504682;4.523561956057013;4.643856189774724;5.643856189774724;6.339850002884624;5.087462841250339;3.700439718141092;3.321928094887362;5.129283016944966;4.807354922057604;3.584962500721156;5.554588851677638;3.584962500721156;5.906890595608519;4.169925001442312;5.392317422778761;2.0;5.285402218862249;4.169925001442312;3.169925001442312;4.754887502163468;5.754887502163468;3.321928094887362;5.285402218862249;4.523561956057013;7.0;4.807354922057604;4.087462841250339;4.954196310386875;3.4594316186372973;4.169925001442312;8.543031820255237;5.700439718141092;9.08214904135387;7.554588851677638;5.491853096329675;7.159871336778389;8.467605550082997;6.357552004618084;6.22881869049588;9.92035285541508;6.169925001442312;8.08214904135387;7.960001932068081;5.0;9.250298417906333;6.658211482751795;5.643856189774724;6.554588851677638;5.700439718141092;6.882643049361842;6.20945336562895;5.643856189774724;7.118941072723508;5.882643049361842;6.169925001442312;7.076815597050831;5.807354922057604;5.523561956057013;8.303780748177102;9.269126679149418;7.044394119358453;6.392317422778761;5.087462841250339;6.700439718141092;6.672425341971495;6.906890595608519;5.0;6.266786540694901;8.632995197142957;6.321928094887363;5.700439718141092;5.491853096329675;6.0;4.807354922057604;7.392317422778761;7.434628227636725;6.794415866350106;7.409390936137702;5.357552004618084;5.700439718141092;7.05528243550119;5.700439718141092;5.700439718141092;6.066089190457772;7.714245517666122;6.9886846867721655;5.491853096329675;5.807354922057604;5.614709844115208;7.066089190457772;6.266786540694901;7.330916878114617;6.491853096329675;9.50382573799575;6.22881869049588;5.459431618637297;6.169925001442312;6.108524456778169;6.977279923499917;7.118941072723508;8.194756854422248;4.643856189774724;6.977279923499917;7.507794640198696;6.22881869049588;5.321928094887363;5.129283016944966;5.087462841250339;8.184875342908283;6.044394119358453;5.727920454563199;5.459431618637297;5.392317422778761;8.539158811108031;6.614709844115208;5.832890014164741;8.353146825498083;7.832890014164741;7.839203788096944;5.78135971352466;5.807354922057604;7.098032082960526;6.189824558880018;8.758223214726724;5.832890014164741;6.3750394313469245;8.219168520462162;6.20945336562895;7.400879436282184;7.011227255423254;5.754887502163468;6.523561956057013;7.614709844115208;5.857980995127572;5.754887502163468;5.672425341971495;6.266786540694901;8.588714635582264;6.794415866350106;8.027905996569885;7.098032082960526;6.149747119504682;6.584962500721156
8.584962500721156;9.971543553950772;9.873444112515376;7.900866807980749;7.169925001442312;8.379378367071261;9.618385502258606;7.787902559391432;9.815383295813538;8.573647187493322;5.727920454563199;7.3750394313469245;7.78135971352466;8.098032082960527;9.333155350310616;8.731319031025064;8.888743248898258;8.791162888555018;5.044394119358453;9.584962500721156;5.20945336562895;10.916625922211235;11.399811959325683;8.405141463136344;8.204571144249204;7.22881869049588;6.857980995127572;8.741466986401146;8.703903573444663;9.428360172704291;9.677719641641009;7.339850002884624;7.118941072723508;5.643856189774724;9.041659151637214;11.945809584900822;10.177419537989236;8.409390936137703;8.693486957499324;5.977279923499917;10.71681946132995;10.230020435705637;8.379378367071261;9.544964432789238;9.066089190457772;9.573647187493322;5.554588851677638;7.948367231584678;10.249113452713727;9.29920801838728;9.61286849729104;7.965784284662087;8.08214904135387;10.060695931687556;8.573647187493322;10.531381460516313;9.49585502688717;8.129283016944967;7.2384047393250786;7.118941072723508;8.784634845557521;7.965784284662087;9.487840033823051;9.266786540694902;8.366322214245816;7.515699838284043;8.885696373339394;9.060695931687556;7.734709620225838;8.686500527183219;9.25502856981873;9.579315937580017;9.543031820255235;8.252665432450248;9.558420713268664;7.965784284662087;8.43879185257826;9.038918989292302;9.26209484537018;8.703903573444663;7.20945336562895;10.806549621985962;6.169925001442312;6.044394119358453;6.3750394313469245;7.774787059601174;9.73978060977326;7.813781191217037;8.519636252843213;7.426264754702098;8.714245517666123;9.471675214392045;9.383704292474052;7.169925001442312;9.233619676759702;11.138911718142744;8.375039431346925;8.290018846932618;5.832890014164741;8.784634845557521;8.696967526234287;8.885696373339394;9.03342300153745;8.276124405274238;3.906890595608519;9.804131021183318;7.94251450533924;12.14561377551339;9.014020470314934;7.219168520462161;7.768184324776926;7.409390936137702;11.531381460516313;10.535275376620802;8.867278739709661;10.509775004326936;11.496354488564617;10.333155350310616;11.637983303777853;10.481799431665753;10.285402218862249;10.154818109052105;11.10459875356437;11.10459875356437;10.60733031374961;11.802516365121225;9.584962500721156;11.28424574982967;10.251482410620213;11.145295334933598;10.7515440590891;10.632086412835182;11.98584193700334;9.923327485419192;11.672425341971495;10.147204924942228;10.394462694610317;9.679480099505446;10.25502856981873;10.583082767502932;10.44190670454224;11.01262453886506;11.580258567499788;11.339850002884624;10.131856960608792;9.831307243802051;11.671983272091865;10.543031820255235;10.51175265376738;9.052568050804153;9.30149619498255;11.29117069932186;10.800090987624994;9.108524456778168;9.618385502258606;10.8649599151426;10.24198314969433;11.41415667927414;10.901621158346112;11.345405246717796;12.076815597050832;9.874981347653774;11.532355925288847;11.786678033890652;9.88264304936184;10.220378327695228;10.760719947465624;10.640244936222343;11.885696373339394;9.681238411777803;11.253256579781151;11.01262453886506;11.736824699098864;10.371776644337924;11.07815080773465;9.3151495622563;10.870364719583405;10.774787059601174;8.483815777264256;10.051208940914766;11.458406613236534;11.09077405464075;11.690871009292314;11.733439082899434;8.787902559391432;9.60733031374961;10.938844457466171;9.61654884377899;10.839991070539886;9.355351096424812;10.61654884377899;9.537218400538595;10.817783121774534;10.709945380232496;8.744833837499545;8.271463027904375;11.211279947482009;11.670213636738564;10.310612781659527;11.363587246524578;11.975847968006784;12.381002109550924;11.037546953962178;11.031356596255709;11.731319031025064;10.878817284614229;11.740624044489412;10.409390936137704;11.441388029346689;11.184875342908285;10.403012023574997;11.60130652612184;11.490850876740298;9.837627933171404;11.98299357469431;11.038918989292302;9.405141463136344;9.659995892429976;8.016808287686555;11.111135670234708;10.569855608330949;10.839991070539886;12.375853976418467;12.484319423644267;10.37937836707126;10.584962500721156
12.395801871389748;13.616319096976865;12.0515488384404;14.3910421566613;11.919980595048962;11.156715144224702;14.735503138226642;12.940313597145968;13.280045761300384;13.146568675740786;11.907266248531066;14.40374437299656;12.433846208442825;10.80896417491926;12.100333819126542;12.97477306788934;12.824163209744158;10.840777923595054;13.681348235173807;13.442295588602516;13.654076562495094;12.776844232402167;15.265981240623258;9.714245517666123;13.131696223597777;14.667333341605158;8.62935662007961;12.320800548881635;14.272192361644638;14.20250649141205;15.288902112260892;13.499721339663012;8.507794640198696;13.620219825507489;15.230245651531389;12.80332391904149;13.663335723478353;14.820577882655774;12.988862172783447;15.573676770011565;13.776535843422216;13.757910819105115;11.156715144224702;12.6476832678862;14.081982669325678;11.617467465294196;16.709756956262638;20.472284278395133;13.460839813030104;11.788310503700918;14.21856323619027;12.694357887221452;13.380866867456533;14.616835975841015;13.146568675740786;14.428752724983042;14.538370834047855;14.65664831174735;11.171802288682985;8.507794640198696;13.497103357016876;12.694357887221452;14.628217680223434;13.443202577297011;14.45994384837493;10.981567281903017;12.424691191512954;11.958552715431011;13.383839268854455;13.239598529249124;10.783816759320182;12.378836713210614;13.595257481449035;15.297202882496904;10.644757592516257;12.694357887221452;11.525031345124;15.23985953916897;11.635718120331047;14.272192361644638;13.393658591454772;13.321505368398752;14.380055148544896;14.501650617446268;13.892163309861964;9.873444112515376;12.578608560737752;12.480032814583948;13.167104482379932;14.485640659464512;12.030322282644034;14.380325772263731;13.58777751632821;11.919980595048962;13.271608924151744;11.501339618061396;13.02531261992172;13.5633154588863;7.888743248898259;13.439441334892786;10.364134655008051;16.995634674021748;13.505563476360582;13.71338651493703;13.90623296753825;15.129484271746282;13.728558297786716;12.20670914935865;13.15386865522324;12.42678889459556;15.42705089315088;13.746514321138465;14.774426752580151;13.852139328187244;12.59898297103609;10.813781191217036;13.940772396654014;13.39700606857239;13.943155804939336;11.417852514885896;13.131696223597777;13.24347153839633;11.3297963382207;13.266640155930848;12.029287226968243;13.801405239881648;12.31174831500496;11.84901407369482;12.687375683437468;13.187815987146577;14.135228307589896;13.815383295813538;13.450695771572915;13.27873982655011;13.682994583681683;12.439311461818846;14.13787170725502;13.870461050170752;13.181152256865566;14.70859895452498;12.274960472140602;11.592924155627635;11.952377251967985;13.465056167831175;13.15608307628868;11.92035285541508;13.259007607644609;13.26532202423487;12.873636356508053;13.813079710615142;13.31174831500496;11.679040186393062;14.097126823785349;13.170863950411928;13.61321392888395;13.100333819126542;13.352595231134304;13.025139562278508;11.37232095486726;13.783612165256038;13.707251271063232;13.721740054213049;13.33734314727405;13.038918989292302;13.362628781601911;13.034455095327186;14.288073008232963;13.36153261284112;13.909518114296617;12.511505595792482;12.112765281885316;12.404077136241234;12.469133019829592;12.945992424396774;12.986730898175647;10.47269083924278;11.609640474436812;13.584727667963922;13.368779260041338;12.6884688827327;14.052992510203165;11.94288099715904;13.69631555889282;12.607792641919213;12.992407315348498;13.702930204438289;11.266786540694902;13.30035256032822;13.507670777134368;13.857786653503934;13.359200485133632;10.619302955415687;12.780334708123895;12.929073435876813;13.363039630256514;13.165535141377925;12.883025068440173;14.027042055565031;13.219924768862814;11.683433292835405;13.505811553919594;14.026177596889225;12.171802288682985;13.16788851318065;13.963347680316964;14.596946785992111;13.307627747257134;11.443461612227392;12.33427328530719;12.098690096673591;13.42350989177284;13.704876286173423;14.664113906143047;14.545869454486873;13.66478058593351;11.490850876740298;14.036688768795663;14.155608843542105;10.86573327085176;13.14386148186786;12.69479315499995;13.665446957788724;11.77066389291676;14.930090492697849;14.153472864970588;12.92851837525789
11.73809225962049;12.212192371908472;13.575421065794869;11.060695931687556;10.50382573799575;11.490850876740298;12.618614920250804;11.421012855779226;11.753216749178955;11.13827180017222;9.30149619498255;11.576956664706092;12.75112558336727;10.960725994839056;12.458662932867815;12.754678763822527;12.965062756744627;11.885315061049376;12.26473580113014;11.935901682267588;12.19383333254655;12.853114583440288;12.974235317355356;11.800899899920305;11.4578938373147;12.85934065396752;9.41574176829009;11.80896417491926;12.544481522310791;11.95492329203032;13.720458038393296;12.416533660199583;12.84901407369482;10.843921051289035;11.43879185257826;12.204265456136843;12.7402023887679;10.7657004876511;10.787086324551616;12.657765035265363;12.382083590141969;11.3437409184722;11.490850876740298;12.352871054677996;12.422064766172811;12.004220466318197;12.583787954502338;11.700439718141093;12.499845887083206;12.034798962577268;12.356176830516356;12.832098846039134;10.641148597411233;11.946540803893104;11.13827180017222;12.044052531801302;12.00562454919388;12.777871719833168;10.584022940257542;12.84901407369482;11.62113611327464;12.832098846039134;12.997532347526366;13.047975914170848;12.552909206533863;12.18084156556666;12.287135186086704;11.63390340934852;12.128316602903544;11.229419688230417;13.147840893672337;12.805139264316736;13.161919165427248;12.421538906848276;12.84588203438406;12.832098846039134;13.022541203454828;12.836444911341369;11.54061240824953;12.544481522310791;12.987796929042542;13.034455095327186;12.661778097771988;12.192292814470768;13.056129634445549;12.163020639580791;13.30449392978285;11.425215903299383;11.239598529249124;11.39231742277876;11.860311054919482;12.61401961443572;13.32895536178133;10.50382573799575;12.77272694923985;11.90350531042388;12.175237650291036;12.453270634010623;9.64745842645492;11.580258567499788;11.54978466794786;12.530406337099068;11.433585441150496;12.8115753883758;10.778898476008376;11.627989784315703;12.356176830516356;12.527965641133957;13.093252486861504;10.597121428789569;12.525765478821915;12.763419874192088;12.25650356743304;12.19506456372082;12.364955378481907;10.706496018061188;12.25974326369078;11.534789211480266;12.462246634244352;10.699572453287267;11.85369942030022;12.401412878714178;10.959277505720502;12.469641817239516;10.603626344986193;12.165221068220944;12.316564385396942;10.776433032444732;11.588714635582264;11.741466986401146;12.1270270430046;12.70606426733497;12.318260343712415;12.513727595952435;12.371232128369622;11.581200581924955;12.637983303777853;12.096385734452651;12.583787954502338;12.585197295260024;12.009128789539256;10.792790294301064;10.934428040626804;12.238106137432077;11.786678033890652;12.340128273700588;13.395266349839096;11.798471801101618;12.034111146096592;12.51865315567339;12.7255792804196;10.961449694398196;12.701089824817158;12.588714635582264;12.697619199078714;11.532355925288847;12.209148710355748;11.658211482751796;10.98299357469431;12.357826882210777;12.718746909901064;12.667333341605158;11.702605602110248;12.182083929510725;12.34568244818678;11.74104557700984;12.643630751061728;12.02997734658958;12.490349505739289;12.373952655370193;11.48733761520718;11.766528908598865;11.365228849251544;11.96902670215077;12.208234358339787;10.569855608330949;11.092757140919852;13.504943095770118;12.171176797651771;12.347898144596012;12.507051302247916;11.217351905270334;12.637530551525307;11.179287104646004;12.659103963473662;11.552669097514272;10.526499239136566;12.257682480708766;12.653516879421431;12.889123656294238;12.246146774635864;10.217957697864112;11.434106928609957;11.916625922211235;12.759680167210965;12.30149619498255;11.605016447911364;12.679700005769249;12.203959703239462;10.897089128312755;12.3151495622563;12.754678763822527;11.977637690405876;12.080817527608328;12.023407843140218;12.714245517666123;12.172114932533136;11.849405100947758;11.25797705856398;10.94617524072356;11.88264304936184;11.818582177480858;12.461990950585571;12.0911047583765;12.482303782323182;10.971543553950772;12.47192918764169;13.066593776312253;9.493855449240822;11.709945380232496;11.287712379549449;12.729620743553038;12.261213451366048;12.934059394900794;12.573410505507574;11.653292945382814
13.36139553316589;14.756452077786811;13.590002181442724;14.573883830656468;13.483941705343671;14.145374951668304;13.205182326228645;13.860796010734626;14.590470095187486;13.663669281733675;13.82555510087083;13.279610581052484;14.023581108623029;12.4797802640291;15.483532398890206;14.10205771451267;14.902799041725734;13.273358529266698;13.109340968793225;14.56955897112606;14.007640527281902;13.502458902231846;13.83061423536284;14.945443836377912;18.61561886154066;15.302746008221884;12.600609852446706;18.655499278456155;14.66744422858426;14.795887460582124;14.064153308136994;13.905387005018133;12.570092874188056;14.690379990497776;15.27732372861738;14.192292814470768;14.357208333961871;14.96564902566164;12.749450465569916;13.846763607916468;13.998942951443086;14.833581930541694;14.145374951668304;13.469514634708393;14.60095823133701;13.877092375027413;14.726963160660858;15.084185543154144;13.76061600315628;19.133789425217028;14.944254512899445;12.554109152574004;14.616721129873682;14.617237864746103;13.663669281733675;15.745910622634437;15.561019384113989;14.731584207947211;12.340128273700588;12.570092874188056;16.083416997570637;12.554109152574004;15.063521480106475;13.543394382361663;14.625822975815671;14.84798712261986;14.76704643023188;13.016982347533649;14.649929757036618;15.763004829585975;14.201664488711414;14.444108996147117;14.25613495938257;15.252332805599677;19.28472019497392;12.554109152574004;13.381813295988316;15.705848343508944;14.1433034872599;14.66744422858426;14.141468555393084;14.635548088111689;15.013933264158965;13.102959885910124;14.962534563511271;13.441647390253612;12.26795708440284;15.287243427452315;13.54870151833552;16.82352895693703;13.044394119358454;14.573883830656468;14.053756222562145;13.483941705343671;14.430975172588068;13.970015989067308;13.409390936137704;14.032390168866524;12.048486873992337;14.962624932457455;17.54306959139285;15.22990781460716;14.068778277985412;15.990680146582216;13.245106994381208;17.050178136993715;13.862056133469462;12.145295334933598;15.114026966041264;13.670766880999242;14.15853079853348;17.912602854626474;14.559197818076512;13.2205294822913;15.06373212019692;10.219168520462162;13.983349927676455;13.681018739902102;14.134506539022745;10.727069558023706;13.888838360151276;14.154264336924216;10.562242424221072;13.362491806046062;11.971543553950772;13.04114576747633;13.848231701093818;11.025831668332026;13.59549060660764;13.474719946526482;14.222266622827355;13.88502901067848;13.621021609124346;13.777666280880757;14.507051302247916;13.000528233986822;13.906045018731197;14.10549933784863;13.363587246524578;14.63225685350416;13.5285762023352;11.950555897047511;10.493855449240822;13.796952161509315;14.393725617171569;13.135388651579046;13.264442600226602;13.62193738796388;14.269711121142782;14.461607340113764;14.48255589154897;10.893301530860564;14.559556340702834;14.170394552314118;13.980764372110905;13.112602403528848;13.935072944069084;13.549904967722028;10.701306461958623;14.389832969091168;13.505935576704188;14.858078156123057;13.60478485708642;14.817383427897232;14.564804462053765;13.712204550438654;14.730523207685463;13.46326891598129;13.03083953214138;14.375514638526536;13.410053787075569;13.042685372219353;12.07045641594465;13.836543533554272;13.525398458669615;10.42940674151398;11.06339508128851;14.729833138848363;14.55728419121321;13.269418929741096;14.687156944138907;12.146250445885986;13.965874450284495;12.106890045092218;16.798193320312325;13.237807473723135;11.298062567719017;13.496479326970862;13.946449421784386;14.52497015044982;14.31875462290802;9.64745842645492;13.389093521904474;13.95764621521841;13.721846837458784;13.50084187955693;12.749450465569916;14.011751395316717;14.263709337165892;10.577428828035748;12.906326932760605;15.841195764792852;12.865926545021903;12.026869205263395;14.123636453803824;14.343255127511735;13.638096469643768;12.80755617685892;12.614939847310737;11.884552133987237;13.62044895201331;13.722273891422056;14.240940363208098;15.330671834370351;13.903222844433571;10.99081307915361;13.955740708739398;14.316069355109189;11.770250927394864;13.082648042352986;13.069114061773938;12.934612328171395;11.909518114296617;14.689670445963223;14.56057167123656;12.803525736911428
12.935165049603697;12.78135971352466;12.872674880270605;12.799281621521924;12.832494484336111;12.98584193700334;13.40686932142308;14.029546060513937;13.55494852136186;12.52943055414615;12.21856323619027;13.024273962540002;12.827342704234116;11.280770770130603;13.77066389291676;13.82356627364535;13.402878829184385;13.64891926978818;13.435279586644082;12.911953675621971;12.965964610272083;12.747353829478062;13.248075809176962;12.788718332690458;14.1501439330619;13.62947046462817;14.019677593218724;13.136029849385553;12.770870331357534;14.370959793297386;13.710053040024412;13.367278229359725;14.010090965307771;13.552308859040332;12.927037168720297;13.511258495502268;13.120399895988982;13.77982193220206;12.646558710154547;13.938385044335872;12.673971520682796;13.634243841577469;12.98584193700334;13.756452077786811;12.839006900339438;14.37517522079979;12.052228393347402;14.11333521136513;12.914758838941856;14.33615783847214;13.157031074378354;13.229569898552889;13.643968895922267;12.635718120331047;12.52943055414615;13.49360530705712;13.25797705856398;13.169611882604212;12.95183108688825;14.010090965307771;13.878338349895197;13.229569898552889;13.980228850560252;13.603973996309024;13.997885127829113;13.276851386917684;13.144976824050111;11.593391122791736;13.633222303800787;14.802011414277494;13.235415935602528;12.085804380278086;13.243620292847242;14.897041844664262;14.006413745710626;13.229569898552889;12.889694079382084;14.468814930303248;12.923698883295073;12.770870331357534;13.968036736393463;13.65642486327778;13.346790721750702;13.6262794165506;13.811374693509942;13.806046081077954;12.846469809923212;12.71338651493703;13.479906544832794;13.034798962577268;12.453785055496157;13.196294745028265;13.03325091409872;12.832494484336111;13.049338071751931;13.859922972861758;12.657541759703378;13.052228393347402;12.642051692927977;13.94891470931216;13.864089394156917;13.85739789170129;12.568193653850074;13.73788107685778;13.384513961398618;12.900112062977456;13.687813062564931;12.922026839405897;13.522826699925806;12.465821455643775;13.95392359779839;13.265615046484458;12.571515650477815;12.335948565202298;13.205029555005872;13.081982669325678;12.898601387403938;12.64880694972577;12.895007180368662;12.845686055977064;12.640696837570092;12.913450441458098;13.02911464546904;12.30720080914081;12.278449458220482;12.790959333698824;12.324180546618742;11.822172461476178;12.67485430794662;12.5090326863065;13.156241119235752;12.71853287606922;12.99859042974533;12.579787329526992;13.340406490853294;12.693051295397;12.51422090935813;12.551227603598289;12.44785810495403;13.39794197197264;12.773551346428505;12.916999049082808;12.592223421359405;12.893301530860564;12.541338657970826;12.292609222764296;12.39473062943157;12.674412981837063;12.940680648424092;12.792993591002716;13.016285982108814;12.257387842692651;13.109667444250803;12.799281621521924;12.556026992724677;11.627077840517394;13.191830338095308;12.964340867792416;12.485326189240524;12.950009041886164;12.66222330531784;13.389093521904474;12.33147682185962;13.29332794695636;12.771283119641003;13.036860446673046;13.057822541282478;12.560332834212442;11.941414470942911;13.153235338689411;12.155134454857755;11.915879378835774;12.729833138848363;13.061708704660624;13.124444460008585;12.657318449581288;13.171020382511934;13.581671358578143;12.55098721452152;12.589182967039353;12.987264012072538;12.556745526004686;13.089781488353998;12.46454575033394;13.196448443962078;12.629811944382231;12.730682407476795;12.683213954934429;12.69261550169458;13.019764452849738;12.985308297255852;12.377210530388552;12.1901333218648;12.235415935602528;12.475226777742266;12.53818893205242;13.002111776479852;12.884170519108435;12.626849764469036;12.246443717117286;12.357826882210777;12.961630562578824;12.220680621052203;11.6965329140783;13.237807473723135;12.731106854388033;13.216442739160492;12.794821973331224;12.386940245324311;12.731531176461942;12.530893981193922;12.81277897162766;13.117805411682438;13.04916787237217;13.115206253153248;12.819979460922664;12.81257844413538;12.83466855769086;11.90048948483465;12.585901449690772;12.79543091954113;11.533816389433364;13.47649307734159;13.118616689351509;12.792790294301064;12.414685235807214
8.64745842645492;8.467605550082997;7.960001932068081;11.741466986401146;7.622051819456376;8.479780264029099;8.717676423066395;10.258566033889933;9.61286849729104;10.638435913990472;7.011227255423254;8.113742166049189;6.714245517666122;8.139551352398794;9.649256177517314;9.980139577639155;9.99717948093762;10.459431618637296;9.014020470314934;8.038918989292302;7.727920454563199;9.113742166049189;8.686500527183219;7.442943495848728;10.24555270625568;9.44086916761087;7.2384047393250786;4.954196310386875;9.805743872151618;9.124121311829189;11.265615046484458;8.731319031025064;7.714245517666122;8.43879185257826;9.426264754702098;5.643856189774724;9.269126679149418;10.579315937580017;8.539158811108031;10.605479518061667;9.874981347653774;11.258566033889933;8.479780264029099;8.845490050944376;9.29920801838728;9.457380879072534;6.149747119504682;11.096056239180946;9.749869427396844;7.383704292474052;9.31741261376487;8.912889336229961;9.709083812550343;9.324180546618742;10.638435913990472;8.873444112515376;9.89026427702111;9.90388184573618;9.39231742277876;7.714245517666122;10.00982861736811;8.912889336229961;8.044394119358454;8.823367240046235;9.312882955284357;8.228818690495881;7.076815597050831;9.192292814470768;10.72451385311995;10.51668494930961;8.0;8.971543553950772;8.820178962415188;10.53430288245463;4.700439718141092;8.912889336229961;6.087462841250339;9.995767150877802;9.357552004618084;9.805743872151618;9.78135971352466;11.018895621121649;9.887220615468385;7.491853096329675;8.247927513443585;7.839203788096944;10.00562454919388;6.845490050944375;8.459431618637296;10.071462362556623;10.066089190457772;8.247927513443585;10.31174831500496;7.622051819456376;8.396604781181859;7.400879436282184;8.308339030139408;9.744833837499543;6.066089190457772;9.521600439723729;9.513727595952435;6.392317422778761;7.442943495848728;8.357552004618084;9.219168520462162;10.691743519171276;10.706496018061188;9.005624549193879;9.531381460516313;7.483815777264256;8.577428828035748;9.060695931687556;10.390168956200185;7.857980995127572;7.622051819456376;7.357552004618084;9.219168520462162;9.016808287686557;9.060695931687556;8.294620748891628;8.778077129535358;8.124121311829187;8.266786540694902;9.08746284125034;8.79766152585376;8.63662462054365;8.134426320220927;7.499845887083206;8.507794640198696;8.49585502688717;8.83605035505807;7.888743248898259;10.567956075415466;8.94251450533924;8.63662462054365;9.187352073200495;7.392317422778761;8.022367813028454;8.76487159073609;8.219168520462162;9.541096615349524;8.483815777264256;7.754887502163468;9.35974956032233;7.988684686772165;6.0;8.550746785383243;9.147204924942228;9.038918989292302;8.339850002884624;8.011227255423254;6.426264754702098;8.741466986401146;8.665335917185176;7.592457037268081;8.252665432450248;9.491853096329674;9.12670447284319;8.113742166049189;9.326429487122304;8.721099188707186;9.577428828035748;9.095397022792556;9.216745858195306;9.355351096424812;8.588714635582264;8.092757140919852;7.870364719583405;9.29232163280204;9.236014191900084;8.62935662007961;7.714245517666122;9.876516946565;8.754887502163468;9.060695931687556;7.475733430966398;8.044394119358454;8.499845887083206;7.584962500721156;9.13699111208023;8.603626344986193;9.08746284125034;8.873444112515376;8.60733031374961;7.954196310386875;8.918863237274595;8.204571144249204;8.857980995127573;8.357552004618084;7.066089190457772;10.835260918627489;7.044394119358453;7.912889336229962;8.330916878114618;6.918863237274595;7.285402218862249;9.111135670234708;8.20945336562895;8.703903573444663;8.734709620225837;8.78135971352466;9.705632387361415;8.906890595608518;7.658211482751795;9.483815777264256;8.339850002884624;9.537218400538595;8.543031820255237;7.2384047393250786;9.025139562278508;7.988684686772165;8.867278739709661;9.179909090014934;8.873444112515376;9.918863237274596;9.084808387804362;7.294620748891627;8.194756854422248;9.839203788096944;8.832890014164741;7.392317422778761;6.977279923499917;9.92184093707449;9.776433032444732;8.144658242831882;8.823367240046235
12.77869318322384;15.10058021604853;14.075479149488016;13.336785476203756;13.923141750621268;11.400879436282183;12.030322282644034;13.651163836621162;12.088125692188209;12.285402218862249;9.970105890612182;10.897089128312755;13.185649777969497;11.171176797651771;12.775816012673026;13.583552930466483;12.60733031374961;12.109177703355275;10.427312844134963;12.91755855851037;12.312882955284357;12.426264754702098;14.841072882884776;12.304066063127284;11.846273911349906;14.192832182933063;14.493480219699268;13.841171189248543;13.762485855861582;14.220907299509877;12.3292357417338;12.524296837662623;15.0746014324809;10.663558104217271;12.65306897657993;11.967946705812707;13.897939969094145;13.85856386297237;13.262828929261705;11.802516365121225;14.09077405464075;12.505811553919594;11.400879436282183;13.043539998771736;14.176718576744149;13.630153343328624;10.709945380232496;12.354800344350595;12.91513244895065;12.227615943414223;15.08684114178187;13.663113308455806;11.519636252843211;11.480790201095816;12.285402218862249;12.330356716957944;12.926110641785304;14.368847451615611;13.484948734468157;15.0746014324809;13.3701424794954;13.663113308455806;15.31174831500496;12.41969688830598;11.770250927394864;11.210671343785622;12.378023850925484;12.60478485708642;12.350110443347928;13.48255589154897;12.163020639580791;13.605826723159224;13.822371659963329;12.85856386297237;14.746724244025833;13.663113308455806;11.401946123976536;13.54870151833552;11.9683067944308;13.762485855861582;14.200362244446652;12.842743180731658;10.639340708652233;12.782383991197;11.855257827193196;11.648357582009666;12.077817120895904;13.25089053572334;12.994883741970837;13.189824558880018;10.524541715035848;13.672535838279204;12.482051629033911;13.923141750621268;12.098361127332096;13.58660526060361;12.395534135462302;13.079818085212354;10.117643101389092;12.349281228817452;13.462757865660365;12.165221068220944;12.456354415108288;12.437492010125352;11.79766152585376;13.4207497582968;13.000528233986822;13.594324603924848;12.35231935484684;10.25974326369078;14.132419399160442;13.201205007299528;13.33915409093206;15.184642931302324;13.65217275350971;13.83969588996783;14.795786019502;13.820378436323685;14.47452983890656;12.68934284613419;14.146727764348864;14.797154872629628;13.331756712255473;15.648301401202366;13.407666097055015;14.861668520613588;13.255471227467067;13.463779785335385;14.149588363516528;14.211356004895151;14.207166881383287;15.038661832040043;14.043112748778713;15.014064071416254;14.341935726886604;13.91429169033146;14.598517810612622;15.29978040285854;14.349350348234925;15.32097678604496;12.93110683302934;13.672093802261683;14.154343460243451;15.17823689589109;15.125897731760327;13.461607340113764;15.26974764090739;14.04874228605654;14.49097619227053;14.471675214392045;14.645208082774683;14.852724560447674;15.238442060216546;14.453206318425792;15.035615318961998;14.710106866907765;14.400746044849342;13.88978912797328;12.957102041562289;14.935533412950749;15.276487941887195;14.934520187341676;13.576720525080246;14.733968609439014;15.515607449629092;13.728770849542665;14.905010862390297;14.676452984336713;15.490286822111248;13.30249613217652;12.94251450533924;14.034713003448283;14.0591754379151;13.513727595952435;14.551347783117778;12.276415241892678;13.839991070539886;14.658155684370753;13.957736890875452;14.321223481910772;15.381407759783006;13.333295139569085;14.855549841168669;14.615916952015128;13.521109643651332;14.090856737681774;13.75258971764099;14.510207846851506;14.874933333840945;14.185727198616211;13.991964648645355;13.807858006430276;14.005975356500382;14.295697199590128;15.44530589110041;14.715425811915866;14.430256519999917;15.147522944350744;14.557104658489855;14.454235023877562;14.763782940300535;15.016547158534271;13.368642867222434;14.299637328029158;14.67380593791686;14.883311516379342;14.84788927961942;13.162706018482416;14.445726186139218;14.852968337174042;13.92016673723887;13.842743180731658;14.995943767764953;15.184952805124247;14.889599024528428;13.455070307287963;14.435019078329743;15.832098846039134;12.679480099505446;14.130490124844886;13.914198242454956;15.330041530701688;13.272046524389935;15.064321748889189;15.141987359717607;14.610332801911134
10.349834091457248;12.970465440779996;12.694357887221452;10.116343961237469;11.48733761520718;13.005273656563938;10.06339508128851;12.205487820150566;10.053925881531104;10.767356854125683;11.634357301137976;8.430452551665532;11.29748950116098;11.107870914279614;10.644757592516257;10.356451970221755;10.62113611327464;9.43879185257826;8.174925682500678;11.629811944382231;8.885696373339394;11.77561028075954;13.00562454919388;8.965784284662087;10.726218159332198;6.507794640198696;11.815383295813538;8.044394119358454;11.567480801143043;10.818582177480858;13.236163717219272;9.733015321685963;12.624110035762987;7.562242424221073;10.122827994807666;11.417852514885896;11.430975172588068;9.544964432789238;12.6345841934937;7.169925001442312;13.159871336778387;12.666889708440255;13.005273656563938;10.442943495848729;11.471675214392045;10.839991070539886;8.280770770130603;8.703903573444663;10.935901682267588;9.18239435340453;11.359200485133632;10.92035285541508;10.144658242831882;10.71853287606922;10.767356854125683;9.929258408636972;9.94397991434374;9.326429487122304;12.35424938194524;12.624110035762987;10.553629293916364;10.92035285541508;11.533816389433364;11.227014193649133;10.962173031109709;9.887220615468385;10.16867211813223;10.108524456778168;10.51668494930961;11.096715154488535;8.577428828035748;9.37937836707126;12.248224089668474;10.162391328756906;9.622051819456376;10.92035285541508;11.502334580197996;11.852529509404196;10.468624042918018;11.567480801143043;10.293471648838134;10.037546953962178;9.226412192788786;8.696967526234287;10.216745858195306;10.33427328530719;10.373952655370193;10.766528908598865;8.285402218862249;7.924812503605781;11.737669863177452;11.721099188707186;12.19075064966236;11.48733761520718;10.178664851006472;11.55170826162069;10.62113611327464;11.705632387361415;9.776433032444732;11.627077840517394;10.445014845868425;9.383704292474052;10.606405212697783;9.871905237659186;9.634811050171718;10.99506046703272;9.388017285345136;14.408130679705897;9.905387005018133;7.845490050944375;9.24555270625568;10.325305455089682;10.54399845013454;14.300066509957324;12.254142846855748;13.65318096532758;14.338736382573916;13.274378153246364;14.234293535939402;13.855549841168669;13.34207466799914;12.95164898590462;14.170707501348076;14.021153496202572;13.063900610128892;14.518345800372607;12.14051027236822;13.90566904764538;12.80715363917749;13.594907723063336;13.39379263977458;13.80564312177336;13.623195635452936;13.573883830656468;12.945260927339202;13.431236412071062;14.157978449945432;13.576720525080246;12.817583288677616;13.932030157887027;12.40886043602476;13.892068417564705;14.115368837820224;13.685953284813918;13.537218400538595;12.934428040626804;13.746094383705463;13.375853976418467;13.702822011777029;13.023061249735337;13.162548682199924;14.34443462192399;13.906796667092523;13.41679752760606;13.557942286787448;13.35356038291553;12.7858611057596;13.380190466749834;13.213408040858337;13.990724458800322;13.84185914629596;13.374767814092824;13.320800548881635;13.921562038654145;13.817583288677616;12.942697762886755;13.942972605568816;13.861086905995396;14.081649867700005;11.7858611057596;12.155134454857755;12.543273538449805;14.19198451336031;13.13651056079364;13.62650758277611;12.19383333254655;14.175705475525929;13.898034475991487;12.700222950799256;13.556745526004686;14.047209134965508;13.861571601125398;13.882929573153632;14.16427843830117;12.139871063212489;13.479527669256347;14.031098087363116;13.361258440464605;13.782895857457785;13.40899307934218;13.414288836562823;13.211279947482009;12.420486612825774;12.855647166027266;13.804836865355092;13.165064005998712;14.380866867456533;14.264662506490406;13.144020869266893;14.343393941621423;14.436581423080453;14.597528846453848;12.99205319285264;13.476746203939468;13.83535962180824;13.842841373349758;14.54984481908885;12.255323690008137;13.147045888945716;14.220453906972867;13.113904915786051;13.545929769085468;14.146250445885986;13.57092299753398;13.991521846075695;13.826846369884125;13.481925535860656;14.210975677726395;11.867664848380745;13.16867211813223;13.69032542253662;14.145454564009516;13.563196272216738;13.89026427702111;13.582259613444965;13.746619286400316
7.515699838284043;7.499845887083206;7.554588851677638;6.918863237274595;8.174925682500678;7.294620748891627;6.0;7.515699838284043;6.392317422778761;5.584962500721156;6.247927513443585;6.754887502163468;6.523561956057013;8.791162888555018;8.011227255423254;6.643856189774724;7.417852514885898;5.129283016944966;5.754887502163468;6.357552004618084;6.539158811108031;7.787902559391432;9.26209484537018;7.546894459887636;8.194756854422248;4.906890595608519;6.20945336562895;5.523561956057013;6.247927513443585;7.539158811108031;6.507794640198696;7.693486957499325;10.066089190457772;5.584962500721156;9.792790294301064;7.994353436858858;6.977279923499917;7.348728154231077;7.554588851677638;6.977279923499917;7.483815777264256;7.562242424221073;7.294620748891627;7.643856189774724;6.6865005271832185;7.499845887083206;6.339850002884624;7.965784284662087;6.820178962415188;7.330916878114617;7.199672344836364;8.81698362325538;6.894817763307944;6.658211482751795;5.584962500721156;7.169925001442312;8.276124405274238;6.94251450533924;8.335390354693924;10.066089190457772;7.826548487290915;8.81698362325538;6.918863237274595;6.845490050944375;8.339850002884624;6.426264754702098;6.247927513443585;7.459431618637297;8.668884984266247;5.426264754702098;5.807354922057604;6.285402218862249;6.507794640198696;8.851749041416058;8.527477006060396;8.81698362325538;6.087462841250339;6.930737337562887;6.754887502163468;6.247927513443585;8.523561956057012;7.658211482751795;4.459431618637297;9.826548487290914;7.74819284958946;4.906890595608519;6.954196310386875;6.20945336562895;6.6865005271832185;8.312882955284355;7.179909090014935;7.076815597050831;8.584962500721156;8.174925682500678;5.807354922057604;7.434628227636725;6.321928094887363;6.475733430966398;8.204571144249204;7.400879436282184;6.129283016944966;6.965784284662087;5.20945336562895;7.679480099505446;6.409390936137702;8.912889336229961;6.584962500721156;6.906890595608519;8.113742166049189;6.108524456778169;7.6293566200796095;6.044394119358453;7.2384047393250786;8.643856189774725;6.475733430966398;9.124121311829189;8.60733031374961;8.546894459887637;9.041659151637214;7.467605550082998;7.451211111832329;7.714245517666122;9.43879185257826;11.289442575688332;9.946906274456396;10.38586240064146;7.721099188707186;8.558420713268664;6.643856189774724;8.60733031374961;8.179909090014934;9.50382573799575;9.25502856981873;7.622051819456376;8.622051819456376;7.303780748177103;8.335390354693924;8.174925682500678;8.179909090014934;8.744833837499545;8.985841937003341;10.111135670234708;8.396604781181859;8.804131021183318;7.417852514885898;8.060695931687555;9.377210530388552;7.794415866350106;7.294620748891627;7.467605550082998;8.59618975614441;7.417852514885898;9.221587121264806;6.954196310386875;8.379378367071261;8.344295907915816;8.330916878114618;7.988684686772165;9.65284497300198;8.74819284958946;9.67065624911844;7.622051819456376;7.94251450533924;10.00562454919388;7.774787059601174;7.392317422778761;8.90388184573618;7.918863237274595;10.328674927327947;7.679480099505446;7.531381460516312;8.90388184573618;10.721953612801386;8.78135971352466;8.076815597050832;9.355351096424812;9.18239435340453;8.643856189774725;7.924812503605781;7.954196310386875;7.930737337562887;7.870364719583405;9.303780748177102;10.66266837551754;7.483815777264256;8.375039431346925;9.219168520462162;9.016808287686557;8.573647187493322;8.787902559391432;9.172427508645482;7.475733430966398;8.523561956057012;8.243173983472952;7.754887502163468;6.672425341971495;9.787902559391432;9.346513733165636;7.483815777264256;9.541096615349524;9.702172685365548;9.749869427396844;9.59618975614441;6.930737337562887;8.72451385311995;8.098032082960527;9.084808387804362;9.055282435501187;8.0;10.183635381473218;7.539158811108031;9.057991722759176;9.055282435501187;7.599912842187128;10.186114239541643;7.665335917185176;9.038918989292302;8.900866807980748;6.78135971352466;8.577428828035748;7.108524456778169;7.515699838284043;9.961449694398196;8.83605035505807;8.066089190457772;7.3750394313469245
10.80332391904149;11.911017407796985;11.897845456005513;11.369052007001388;13.503577318702687;11.367414751246828;11.144658242831882;13.840089450644316;11.87305954766147;10.064742764750257;11.379919817646538;10.675074920385445;11.022367813028454;11.25974326369078;11.93110683302934;11.561287945164828;12.232720707964871;11.705632387361415;10.741466986401146;11.39231742277876;10.99859042974533;11.848231701093818;12.162706018482416;11.257387842692651;11.2836671674915;10.812177305514448;9.61286849729104;11.354800344350595;11.887220615468385;11.458406613236534;14.656089625669466;11.720671786825555;12.003517912108602;10.365228849251544;11.281930026955443;13.146409569587783;12.71853287606922;12.179598130849836;13.396337194231098;9.845490050944376;11.102631888854969;14.02124026702273;11.367414751246828;10.922584402713664;11.761135649828644;12.499845887083206;10.708221730038352;12.206403913973848;11.490850876740298;10.769011321097016;11.517669388133813;10.854089179870574;11.328674927327947;10.320800548881635;10.064742764750257;12.4189067312579;10.992938336165814;11.62296694479051;13.645095473397046;12.003517912108602;11.795633844506778;10.854089179870574;11.725366257895642;11.824163209744158;12.183945471757246;10.8193807908646;11.160501747555688;11.14974711950468;11.29117069932186;12.158609688214478;10.603626344986193;9.894817763307945;12.47269083924278;12.383974232607851;10.94251450533924;10.854089179870574;11.624338545312986;11.876516946565;11.101975670949232;11.887220615468385;11.79400964502097;11.64430696154558;12.302924464617952;10.749869427396844;10.477758266443889;11.683433292835405;13.665113810335244;11.533816389433364;11.023061249735337;11.382624026574916;11.706927639617405;11.348728154231075;12.861668520613588;13.503577318702687;11.232420927176076;12.376396751082842;10.447083226209651;12.004922678569043;11.535761377986656;11.585432051592962;10.778077129535358;10.934428040626804;11.265615046484458;10.251482410620213;10.39660478118186;11.65150022065274;11.460455896309636;13.011227255423254;12.092426815780255;9.879583249612784;10.881878707600446;11.214319120800766;11.761966695382092;12.474466464132632;11.323617763291578;12.526010107061737;12.492604304386685;11.761966695382092;12.212496385193948;13.22022715726067;12.108851117040151;11.96650545190574;12.650827374138768;11.593391122791736;12.02894204332241;12.400612641082;11.08214904135387;11.872674880270605;12.203348002979762;12.136029849385553;12.100333819126542;11.95310515059134;12.828533210455618;11.691307330191115;11.749031382040204;12.232420927176076;11.769424641552751;11.346513733165636;12.385592813601365;11.922584402713664;12.466841208321602;13.09341756438796;12.553629293916364;12.246443717117286;11.95164898590462;11.2836671674915;12.079484783826816;12.232720707964871;12.37937836707126;11.609640474436812;12.19075064966236;12.352595231134304;12.878050912728536;12.38505348834615;11.737669863177452;10.768184324776929;11.352043425795433;12.579315937580017;12.117318426010003;12.846861527286707;12.33371442609397;11.7632123668144;12.295481973695368;12.941414470942911;11.667555107041132;12.154501693864765;12.805340828416384;12.258271576282851;11.660887270302569;11.24198314969433;11.606867837374152;11.639792893279312;12.747353829478062;12.54882190845875;13.02392757717438;12.200592137689254;13.083479327331842;12.556745526004686;11.95310515059134;12.087131301540529;12.217048913556338;12.341518823245243;12.917185576336395;12.329516067206534;11.731743290707842;11.531381460516313;12.45994384837493;11.77313920671969;11.843528534611089;12.084144010615145;11.705632387361415;11.90839262077375;11.67595703294175;11.584962500721156;11.931845540183671;11.242578689451346;12.65642486327778;11.735132884139947;12.045418397030792;11.676397887044764;12.761135649828644;12.640018932455783;11.622509454683335;10.55170826162069;12.597587039586216;11.535761377986656;13.264882379239577;11.904634621668151;12.522336320913306;12.289442575688332;12.36468185586456;12.721099188707186;13.02496648387378;11.776844232402167;12.451468712947358;12.46454575033394;12.390706372872774;12.479022346995178;10.217957697864112;12.107870914279614;12.457124331540804;11.71338651493703;12.70433597118232;12.573410505507574;11.83368074865474;12.213408040858337
9.909893083770042;11.878817284614229;12.204876767603992;10.737247343027738;11.83368074865474;11.341518823245243;11.30149619498255;11.79603960882977;10.079484783826816;10.758223214726724;10.533329732305834;8.434628227636725;11.161761743304677;10.967946705812707;11.071462362556623;11.162391328756906;11.127994320976391;10.584962500721156;9.791162888555018;11.544964432789238;9.861086905995396;11.66266837551754;12.042001306279133;10.586839787961829;10.790348496751914;11.395534135462302;9.61286849729104;10.918117851031772;11.076815597050832;11.581200581924955;12.171802288682985;10.567005370247031;10.264442600226602;9.573647187493322;10.356451970221755;11.30206767252652;11.39231742277876;11.229419688230417;13.089615994228105;9.715961990255144;11.543515216152167;11.618385502258606;11.341518823245243;10.809768128710411;10.63662462054365;10.35974956032233;8.098032082960527;9.066089190457772;10.923327485419192;10.648357582009666;11.117643101389092;10.948367231584678;10.698704666770343;11.124767535822471;10.758223214726724;10.19598729802851;9.972979786066292;11.639792893279312;10.537218400538595;10.264442600226602;10.336506559810257;10.948367231584678;11.867664848380745;11.460455896309636;10.694357887221452;10.729620743553038;10.62662165235837;10.203348002979762;9.49585502688717;10.980139577639155;10.192292814470768;10.975847968006784;11.753216749178955;9.543031820255235;11.507299124122763;10.948367231584678;10.623881490013458;10.559377090526684;10.521600439723729;11.076815597050832;11.260919533662904;11.360847084179664;11.660441650209172;10.537218400538595;10.557463701597824;9.348728154231075;11.007027266893967;10.453270634010623;8.870364719583405;10.208234358339787;10.510764167917891;11.280770770130603;11.50928016808786;11.83368074865474;10.293471648838134;11.523561956057012;10.44604940671655;10.543031820255235;8.499845887083206;11.065416134676548;10.179909090014934;9.025139562278508;10.889503963411476;11.036173612553483;8.611024797307353;10.655530723155644;10.61194694181998;11.5401280385821;10.901621158346112;7.906890595608519;11.211279947482009;11.373952655370193;10.41574176829009;12.617467465294196;10.909143047339898;11.858758099935422;12.419960177847887;11.350939181546432;12.128316602903544;11.792383614935188;11.439830883981392;11.834075953434883;12.223096690347695;12.58941707576861;11.267371931265274;12.526499239136566;11.184875342908285;11.826945650415484;11.186733289128869;11.580258567499788;11.769011321097016;12.203959703239462;12.49210354247923;11.965423565810127;11.55026580686874;11.965423565810127;12.322491537597468;11.87536540064177;11.774375272802065;12.213408040858337;11.28424574982967;11.897467341721892;12.028596777067108;12.451468712947358;11.571278618514595;11.53818893205242;12.574357000565888;11.475226777742266;11.822172461476178;11.550746785383245;11.89026427702111;12.977995368612962;12.59245703726808;12.005975356500382;12.01854794187165;11.172427508645482;11.280770770130603;11.821773981970567;11.436711542137214;12.169298695792843;12.65217275350971;11.668884984266247;11.61378946447258;12.10459875356437;12.115368837820224;11.025139562278508;12.096056239180946;12.38720958071964;12.924998023446696;11.042343379793692;11.269126679149418;11.445532219028312;12.093087390444218;11.473705749619416;12.247334178028728;10.79603960882977;11.950191349972702;12.550025257465784;11.350386742312844;12.03342300153745;12.588480412829758;11.63026712502677;12.202736043250168;12.041659151637214;11.456867738380344;11.570330101030798;11.440350119200565;11.30890780406394;12.145932145820517;12.444238438078106;11.73978060977326;11.89973454235751;11.275542556086725;11.406205005418856;12.404077136241234;11.60733031374961;12.516192477879368;12.516931121998695;11.446566409066069;12.404609397837712;12.89954574499535;12.776433032444732;11.631631805917635;12.390168956200185;11.84979602224561;12.667555107041132;12.7054163988827;11.275542556086725;11.401412878714178;12.029287226968243;11.217351905270334;12.066761932386909;12.645883554519004;12.010528105886484;12.331756712255473;11.680359523513712;11.83289001416474;12.4655664048094;9.710806433699352;11.750706986224948;11.824958740528524;13.07648160120702;12.181462881270017;12.451211111832327;11.91026795581084;11.868436755858168
8.89178370321831;11.174925682500678;12.959096342281969;10.30720080914081;14.019243216603607;11.692179576312538;8.948367231584678;12.397139806235604;9.071462362556623;10.643856189774723;11.600377553107844;9.105908508571158;11.844313461203296;10.445014845868425;10.68650052718322;9.815383295813538;11.675516044082778;8.948367231584678;11.131856960608792;11.626165319904498;7.960001932068081;11.637530551525307;11.17804232886482;10.828929827651486;9.94104760634058;8.59618975614441;9.861086905995396;10.330916878114618;10.184875342908285;9.930737337562888;13.492729467709616;8.873444112515376;9.909893083770042;10.377210530388552;9.436711542137214;13.402878829184385;11.336506559810257;12.9947069952581;13.270733325273428;8.487840033823051;11.12088584278779;12.84901407369482;11.692179576312538;10.213104219641906;9.799281621521924;10.28424574982967;7.98299357469431;8.43879185257826;10.468624042918018;11.11178773580101;10.813781191217036;10.217957697864112;11.060695931687556;10.407267764244732;10.643856189774723;10.121533517340032;8.79766152585376;12.961268803539594;12.34485068394299;9.909893083770042;9.4757334309664;10.217957697864112;10.839991070539886;10.52943055414615;9.08214904135387;11.219168520462162;10.785452468158542;10.30035256032822;9.174925682500678;10.997885127829113;9.4655664048094;8.7714894695006;11.226412192788786;9.111135670234708;9.407267764244732;10.217957697864112;11.56271942704932;10.154818109052105;10.492854620174748;10.184875342908285;9.507794640198696;11.97405602262563;10.993646060016596;7.813781191217037;10.745674324002136;9.550746785383245;12.19506456372082;10.358651200892886;10.91513244895065;9.409390936137704;12.123798091251857;10.232420927176076;12.12573632939501;14.019243216603607;9.515699838284045;10.762382038710392;11.01262453886506;10.971543553950772;11.003517912108602;9.79766152585376;11.114393054867309;8.971543553950772;10.091435386323608;11.794415866350104;9.39660478118186;9.605479518061667;8.94251450533924;11.2940463132715;10.92851837525789;7.475733430966398;7.459431618637297;12.462502272597265;9.489847960439295;12.040289721025715;11.068778277985412;11.943247395901553;12.157978449945432;11.701306461958623;12.177419537989236;11.521600439723729;11.593857938858225;11.895953892812168;12.082814337672271;12.2600374211066;11.366322214245816;11.822570830950168;11.782998208920414;11.389631339260522;11.390168956200185;11.244958393151132;11.88760142450871;12.051208940914766;12.094077685671904;11.71896091198421;11.847448903982432;11.420486612825774;12.353698209048035;11.4812949046311;11.675074920385445;11.632995197142955;12.468114886378098;11.71338651493703;12.017156386383112;12.347898144596012;11.2246046815385;11.151016538892248;12.932952892194717;11.591989767615123;11.728345714710976;11.78053976747196;12.14306428063141;11.930367747438952;11.922955991908475;12.162706018482416;11.542548262335211;11.32755264408124;11.559377090526684;11.770250927394864;10.989394499844732;12.157662727208448;12.202429966015352;11.043027283594547;11.686062749895417;12.205182326228645;11.709945380232496;12.121533517340032;11.983349927676455;12.172427508645482;12.316564385396942;11.87536540064177;11.14274527675153;11.507299124122763;12.167418145831736;11.886077584873094;12.016808287686557;11.280770770130603;11.985130373466898;12.284824100224624;11.260919533662904;11.972261848733291;11.83605035505807;11.428360172704291;12.27029532647204;11.519144787997414;11.6965329140783;11.403012023574997;11.360847084179664;11.841171189248543;12.017852331905962;11.985486199104637;12.137631598235428;10.940313597145968;11.110483309816226;11.397139806235604;12.184565452446156;11.520127550324853;12.097702963524654;12.039947160169094;11.441388029346689;11.7047682393626;12.530650179750014;12.418379719364957;11.997532347526366;12.098361127332096;11.741466986401146;12.098032082960527;12.375582512490508;11.8649599151426;11.287135186086704;11.485326189240524;11.273795599214264;11.962534563511271;12.314016703901355;11.428883552010191;12.468878553819426;11.678600139099458;11.806146803320525;12.111135670234708;9.544964432789238;11.526988205432009;11.640244936222343;12.252369767926028;12.193525360501216;11.638888382252262;11.761135649828644;11.926295994781112
8.965784284662087;2.807354922057604;2.321928094887362;2.807354922057604;2.807354922057604;2.584962500721156;3.700439718141092;1.584962500721156;8.400879436282183;3.0;0.0;1.0;3.906890595608519;4.754887502163468;2.321928094887362;2.807354922057604;2.807354922057604;2.321928094887362;2.0;1.0;1.0;4.523561956057013;3.0;2.584962500721156;2.807354922057604;2.321928094887362;5.0;1.0;4.807354922057604;1.0;3.807354922057604;1.0;2.584962500721156;5.614709844115208;1.0;2.321928094887362;4.087462841250339;7.312882955284356;1.584962500721156;2.0;5.672425341971495;2.0;2.584962500721156;6.129283016944966;2.0;4.754887502163468;0.0;1.0;3.169925001442312;4.459431618637297;0.0;1.584962500721156;1.0;1.0;3.0;3.0;1.0;0.0;1.584962500721156;2.584962500721156;1.0;1.584962500721156;0.0;3.584962500721156;3.0;3.584962500721156;2.321928094887362;0.0;2.321928094887362;3.807354922057604;2.807354922057604;3.4594316186372973;2.807354922057604;3.584962500721156;2.807354922057604;1.584962500721156;2.0;0.0;2.0;4.807354922057604;4.807354922057604;7.584962500721156;1.0;2.584962500721156;3.906890595608519;3.321928094887362;2.321928094887362;2.0;2.584962500721156;1.0;4.087462841250339;2.321928094887362;3.169925001442312;2.807354922057604;2.321928094887362;3.4594316186372973;0.0;2.584962500721156;3.169925001442312;0.0;4.392317422778761;2.0;4.321928094887363;9.782998208920414;4.169925001442312;2.584962500721156;2.321928094887362;2.321928094887362;4.954196310386875;2.0;0.0;4.459431618637297;3.321928094887362;3.4594316186372973;3.584962500721156;0.0;3.321928094887362;3.0;4.0;0.0;0.0;2.0;0.0;3.4594316186372973;1.0;2.321928094887362;3.807354922057604;0.0;0.0;4.087462841250339;2.807354922057604;4.643856189774724;4.392317422778761;2.321928094887362;3.321928094887362;4.0;3.0;3.584962500721156;3.0;3.0;3.584962500721156;0.0;0.0;3.807354922057604;2.807354922057604;2.321928094887362;3.169925001442312;3.700439718141092;3.0;3.169925001442312;4.321928094887363;1.0;3.321928094887362;5.169925001442312;3.584962500721156;3.0;8.88264304936184;4.584962500721156;2.0;4.954196310386875;2.321928094887362;2.321928094887362;3.169925001442312;2.807354922057604;3.169925001442312;5.285402218862249;4.857980995127572;1.584962500721156;2.321928094887362;4.247927513443585;2.321928094887362;2.807354922057604;0.0;4.169925001442312;3.584962500721156;0.0;0.0;2.0;3.906890595608519;3.4594316186372973;3.4594316186372973;2.0;4.392317422778761;2.321928094887362;3.807354922057604;3.169925001442312;1.0;1.584962500721156;3.906890595608519;3.169925001442312;4.523561956057013;0.0;3.321928094887362;2.807354922057604;4.523561956057013;2.584962500721156;2.0;2.321928094887362;2.584962500721156;0.0;3.321928094887362;4.857980995127572;2.0;1.0;4.169925001442312;2.807354922057604;3.169925001442312;2.807354922057604;1.0;0.0;3.169925001442312;3.584962500721156;3.0;3.906890595608519;3.321928094887362;0.0;2.321928094887362;3.4594316186372973;0.0;4.807354922057604;3.321928094887362;2.0;0.0;2.0;4.0;3.584962500721156
1.584962500721156;2.0;3.4594316186372973;2.321928094887362;1.0;2.807354922057604;3.169925001442312;2.0;3.0;0.0;0.0;1.0;0.0;0.0;3.584962500721156;1.584962500721156;3.807354922057604;3.584962500721156;1.0;1.584962500721156;5.044394119358453;2.321928094887362;4.754887502163468;3.169925001442312;3.906890595608519;0.0;1.0;1.0;2.0;0.0;4.087462841250339;0.0;1.584962500721156;1.0;0.0;0.0;1.0;0.0;0.0;1.0;2.321928094887362;4.643856189774724;2.807354922057604;3.700439718141092;1.584962500721156;1.584962500721156;0.0;2.321928094887362;2.807354922057604;0.0;2.0;1.0;2.0;2.321928094887362;0.0;2.0;1.0;0.0;2.0;1.584962500721156;2.584962500721156;1.0;1.584962500721156;1.584962500721156;2.584962500721156;2.0;1.0;0.0;1.584962500721156;1.0;0.0;0.0;2.0;0.0;0.0;1.0;2.0;1.0;0.0;2.0;2.0;0.0;0.0;0.0;4.321928094887363;4.700439718141092;1.0;1.584962500721156;0.0;1.584962500721156;2.807354922057604;0.0;0.0;1.0;0.0;2.0;0.0;2.0;4.643856189774724;1.0;0.0;1.0;2.0;1.584962500721156;0.0;4.584962500721156;2.584962500721156;4.857980995127572;3.321928094887362;0.0;0.0;2.584962500721156;3.807354922057604;1.584962500721156;1.0;0.0;3.0;2.0;2.807354922057604;2.321928094887362;1.0;0.0;1.584962500721156;1.584962500721156;2.0;2.0;1.584962500721156;0.0;0.0;3.700439718141092;1.0;2.321928094887362;3.4594316186372973;2.321928094887362;3.169925001442312;1.0;2.321928094887362;1.584962500721156;3.807354922057604;1.584962500721156;0.0;1.0;0.0;1.584962500721156;1.584962500721156;0.0;3.321928094887362;2.0;1.0;1.0;1.584962500721156;1.0;0.0;0.0;1.584962500721156;0.0;1.584962500721156;1.584962500721156;0.0;1.0;2.807354922057604;1.0;1.584962500721156;3.169925001442312;2.0;2.321928094887362;0.0;0.0;2.0;2.0;1.584962500721156;0.0;0.0;3.4594316186372973;2.321928094887362;0.0;1.584962500721156;1.584962500721156;2.321928094887362;1.584962500721156;2.0;2.0;2.0;1.0;2.321928094887362;2.0;1.0;2.321928094887362;1.0;3.700439718141092;2.807354922057604;0.0;1.0;1.584962500721156;0.0;0.0;2.321928094887362;1.0;2.584962500721156;2.321928094887362;2.584962500721156;2.321928094887362;1.584962500721156;1.0;1.584962500721156;2.321928094887362;1.0;0.0;0.0;0.0;0.0;0.0;3.169925001442312;2.0;2.0;1.584962500721156;1.0;3.4594316186372973;1.584962500721156;2.584962500721156;1.0;1.0;0.0;0.0;1.584962500721156;0.0
10.561287945164828;13.09589146332092;12.795633844506778;10.023754353299417;13.378972145742129;11.843921051289035;11.76445696361989;12.398476501449256;11.184875342908285;10.594324603924848;10.037546953962178;10.222794902868111;12.665557989846414;10.871135184243045;11.430975172588068;11.416269744523207;11.715961990255144;10.826548487290914;10.723660944409984;12.539885792751477;10.294620748891628;13.677279191312175;12.321646290991382;11.95310515059134;11.09077405464075;8.710806433699352;10.286557761607956;9.842350343413807;11.837233700339088;10.764042217306589;13.281495414799457;10.824958740528524;10.07815080773465;9.243173983472952;11.491352073563435;14.111706243720842;12.191676146352428;11.000704269011246;11.885315061049376;10.060695931687556;12.893870304785096;11.77272694923985;11.843921051289035;11.30435132166324;11.659995892429976;11.458406613236534;8.285402218862249;10.857980995127573;11.169925001442312;9.487840033823051;11.4655664048094;11.15608307628868;10.567005370247031;11.115693952197011;10.594324603924848;11.041659151637214;10.376125389276174;10.458406613236534;12.597121428789569;10.07815080773465;12.157978449945432;11.15608307628868;11.579315937580017;11.045759661382682;11.386940245324311;10.468624042918018;11.197216693110052;10.91737207947684;11.989749275462133;11.94397991434374;8.81698362325538;10.8193807908646;12.169925001442312;12.342352510087794;11.686938171670388;11.15608307628868;10.694357887221452;11.924070185585345;10.627533884472792;11.837233700339088;10.620219825507489;11.208843990734614;7.714245517666122;9.250298417906333;11.410981267043796;9.894817763307945;11.723660944409984;10.59618975614441;12.258860431409756;11.483311954999351;12.40274562249569;12.053247125912426;13.43228089721416;13.378972145742129;10.86418614465428;11.588246152044816;11.118941072723509;12.09077405464075;9.634811050171718;11.048486873992337;10.94982671075911;9.84862294042934;9.649256177517314;12.450180247164754;9.071462362556623;11.715104009236168;10.409390936137704;11.197216693110052;10.785452468158542;8.997179480937621;10.482807956726669;11.306061689428342;10.798471801101618;13.287712379549449;12.47015043527436;10.360847084179664;13.429668265133094;12.560093957642495;13.414553114827145;10.381542951184583;12.421012855779226;12.707359132080883;10.274960472140602;13.024273962540002;11.749869427396844;12.79400964502097;12.60848585649532;11.738514532429267;12.45763738099176;12.890834249389446;12.977637690405876;13.85642552862553;13.07815080773465;13.343046881300548;12.956013078088098;11.935533412950749;13.33427328530719;13.481421052931871;12.71789058398728;13.325024310191417;12.764664292073348;10.029287226968243;10.709945380232496;12.836839359748716;12.682116764950074;12.60130652612184;13.7795141791435;12.3395716783847;12.557703014037768;13.27539705711621;13.264002687114218;10.095397022792556;13.987352845239087;13.687266317933805;13.318119089975497;12.852724560447674;12.970824901362615;12.315432637905376;10.683871868622605;13.521477756357788;12.81317994301459;12.953468962228849;12.469387440964349;12.563672959827514;13.228518097716194;12.687375683437468;13.670766880999242;12.531381460516313;13.0591754379151;13.079318104254002;11.38424412224308;12.33119687715303;11.511258495502268;12.041316915829444;12.51224664282918;9.581200581924955;10.527477006060396;13.700656452918167;12.986908624697694;12.668663423175296;13.719281855600723;11.474212937193943;13.319531005375806;11.675074920385445;13.129765981310651;11.589651146514786;10.230020435705637;12.956920604721088;13.552188759557149;13.80473605161403;13.171645941347052;11.065416134676548;12.489095315413504;13.31938987600021;13.767356854125683;12.922584402713664;11.8668925276766;14.233170262382703;12.94891470931216;10.17617314910749;12.728133100306216;13.31160642220515;12.571752643503546;13.406603631727876;12.829128095368542;13.505315356136236;12.963618617443972;11.851358649033513;11.362491806046062;11.627533884472792;12.682994583681683;11.98049663618346;13.436321149754669;13.117967703717133;13.407533331671324;10.677719641641009;13.424297532397077;13.693051295397;11.660887270302569;12.342630298678408;12.281930026955443;13.624567018674917;11.846665681899738;13.46569393586282;13.318542809702723;12.254142846855748
6.339850002884624;5.0;7.434628227636725;5.523561956057013;4.087462841250339;6.266786540694901;6.022367813028454;5.857980995127572;6.870364719583405;6.584962500721156;2.321928094887362;5.754887502163468;3.807354922057604;4.247927513443585;7.285402218862249;7.03342300153745;7.686500527183218;6.0;3.700439718141092;6.475733430966398;4.087462841250339;4.523561956057013;6.965784284662087;7.044394119358453;6.22881869049588;4.169925001442312;5.285402218862249;5.247927513443585;6.22881869049588;5.727920454563199;3.807354922057604;5.247927513443585;5.087462841250339;5.614709844115208;6.768184324776926;6.087462841250339;7.562242424221073;5.285402218862249;4.459431618637297;7.577428828035749;6.0;6.754887502163468;6.266786540694901;8.247927513443585;5.832890014164741;5.727920454563199;4.321928094887363;6.442943495848728;7.294620748891627;4.857980995127572;6.169925001442312;5.882643049361842;7.483815777264256;7.330916878114617;6.584962500721156;6.409390936137702;6.066089190457772;7.491853096329675;4.643856189774724;5.087462841250339;6.727920454563199;5.882643049361842;7.285402218862249;6.022367813028454;5.78135971352466;6.78135971352466;7.554588851677638;6.672425341971495;6.930737337562887;5.459431618637297;6.044394119358453;8.60733031374961;6.700439718141092;7.139551352398794;4.906890595608519;5.882643049361842;2.807354922057604;6.658211482751795;6.599912842187128;6.22881869049588;5.169925001442312;9.066089190457772;3.0;4.954196310386875;5.523561956057013;6.087462841250339;6.20945336562895;4.700439718141092;7.562242424221073;6.845490050944375;8.076815597050832;7.20945336562895;5.357552004618084;4.087462841250339;7.294620748891627;8.066089190457772;5.906890595608519;6.599912842187128;2.0;6.599912842187128;7.515699838284043;5.584962500721156;5.78135971352466;4.321928094887363;3.4594316186372973;6.149747119504682;5.857980995127572;7.129283016944966;8.994353436858859;5.0;3.807354922057604;4.459431618637297;8.59245703726808;3.169925001442312;7.539158811108031;7.0;4.906890595608519;3.321928094887362;5.954196310386875;6.857980995127572;4.857980995127572;5.832890014164741;6.066089190457772;6.357552004618084;7.787902559391432;6.6865005271832185;5.906890595608519;4.584962500721156;5.426264754702098;4.754887502163468;5.672425341971495;4.169925001442312;7.169925001442312;3.807354922057604;7.546894459887636;5.169925001442312;4.392317422778761;4.584962500721156;6.285402218862249;5.491853096329675;7.515699838284043;8.071462362556623;6.303780748177103;5.672425341971495;4.523561956057013;2.0;6.727920454563199;6.189824558880018;4.247927513443585;4.169925001442312;3.807354922057604;5.392317422778761;5.247927513443585;3.0;4.906890595608519;4.954196310386875;3.4594316186372973;6.523561956057013;8.103287808412022;5.0;7.577428828035749;5.459431618637297;7.912889336229962;7.912889336229962;5.78135971352466;5.321928094887363;4.0;5.727920454563199;7.554588851677638;5.614709844115208;7.451211111832329;5.392317422778761;8.78135971352466;5.459431618637297;6.169925001442312;6.523561956057013;7.483815777264256;4.807354922057604;3.906890595608519;5.247927513443585;5.169925001442312;7.20945336562895;5.554588851677638;6.189824558880018;3.700439718141092;5.857980995127572;6.539158811108031;7.366322214245816;4.857980995127572;3.4594316186372973;7.321928094887363;5.584962500721156;5.285402218862249;4.700439718141092;3.169925001442312;3.0;7.169925001442312;3.906890595608519;5.426264754702098;7.577428828035749;7.977279923499917;4.584962500721156;6.6293566200796095;5.247927513443585;5.906890595608519;3.169925001442312;5.0;7.330916878114617;6.108524456778169;6.643856189774724;5.0;7.087462841250339;6.169925001442312;5.044394119358453;7.366322214245816;7.515699838284043;4.321928094887363;4.0;6.700439718141092;5.754887502163468;3.584962500721156;4.584962500721156;10.162391328756906;7.118941072723508;4.584962500721156;5.129283016944966
12.645883554519004;12.940130036481444;12.222191138456331;10.458406613236534;13.684967725143876;10.88264304936184;11.583552930466483;12.404875455015208;11.970465440779996;11.785452468158542;11.99964773652837;12.478011171176044;13.3151495622563;10.521600439723729;11.398209261466851;12.27699673929712;12.040974598817304;11.519636252843211;11.885315061049376;11.478769619475765;11.579787329526992;12.750706986224948;12.556026992724677;12.20212382383046;12.152284842306582;10.057991722759176;9.73640193131829;10.38586240064146;11.947636937951827;11.661332752795186;12.95655766257052;11.965062756744627;11.951284714966972;10.38586240064146;11.053247125912426;14.106235761615748;12.19198451336031;9.266786540694902;12.261801107195309;10.786269627648466;12.202429966015352;11.043710863347156;10.88264304936184;11.988684686772164;12.76632184795396;12.595257481449035;8.430452551665532;11.603162679534382;12.115693952197011;11.807354922057604;11.366868586167094;13.00615072817031;11.187352073200495;10.676838606474153;11.785452468158542;11.878050912728536;13.006852001748774;11.493855449240822;12.74104557700984;11.951284714966972;12.167104482379932;13.00615072817031;12.79644525906185;11.926666629347284;12.29978040285854;11.566054038171092;11.72451385311995;12.30063855399372;11.370687406807216;11.124121311829189;10.363039630256514;11.92481250360578;12.31741261376487;12.01854794187165;12.342630298678408;13.00615072817031;12.34207466799914;12.16867211813223;11.660887270302569;11.947636937951827;11.23840473932508;13.61677855400014;10.923327485419192;12.894628321374654;12.30035256032822;10.961449694398196;12.129283016944967;10.703903573444665;12.227014193649133;11.597121428789569;12.340406490853294;12.01227534485612;12.249409785269128;13.684967725143876;11.01262453886506;12.5427900615549;11.581200581924955;11.018200178813226;11.725366257895642;11.439830883981392;11.447083226209651;10.83368074865474;9.4241662888181;11.570804437724496;11.474719946526482;12.98850717892317;10.918863237274596;12.220378327695228;11.947271652460348;9.567956075415466;11.21856323619027;11.804131021183318;10.602698865017963;12.640018932455783;13.301353290218836;9.93810932621924;12.825356341479337;11.977637690405876;12.85233443198643;10.458406613236534;11.813380386924727;12.658657792126084;10.679480099505446;12.579551652806565;11.378294855911893;12.661332752795186;12.559377090526684;11.232420927176076;11.3292357417338;12.546894459887636;12.439830883981392;13.39379263977458;12.419960177847887;13.036517070486518;13.073137383110383;11.169925001442312;12.829128095368542;13.433455039827054;11.808159772868375;13.7515440590891;11.636171441635922;10.363039630256514;10.375039431346924;11.809366207816078;12.456611099574918;13.0087787482805;13.441388029346689;11.681677655209691;12.325024310191417;12.534789211480266;12.945992424396774;10.61194694181998;13.631631805917635;13.029632328044135;13.248965263607657;11.788310503700918;13.37843033931725;11.889884170302828;10.907641803665529;13.286846502735887;12.548340287676147;13.2391509737807;12.307485448589476;12.11699367754698;12.589651146514786;12.577192765687045;13.691634484289246;11.825356341479337;12.2600374211066;11.79685079526716;11.285980105928212;11.847057346091336;11.127349541059118;11.84901407369482;11.458406613236534;9.909893083770042;10.712527000439824;13.620907095885338;12.783612165256038;11.350939181546432;13.630722162103838;11.015415052386688;13.04678297035635;11.46352437327118;12.682116764950074;11.365228849251544;10.232420927176076;12.095726668639047;13.26502894245816;14.351836444368397;12.572463389083676;9.821773981970567;12.446824840780309;12.411775775576528;13.505687520472335;13.43514933836693;11.467605550082997;13.34568244818678;12.342352510087794;10.494855584491198;12.148794321424337;12.672425341971495;12.094737505048093;12.196294745028265;12.227315099905493;12.708868340211673;12.562242424221072;11.792383614935188;11.314016703901355;11.13249972962851;12.533329732305834;11.679480099505446;12.665557989846414;12.61056350392504;12.838613044196972;11.00842862207058;13.173364830849035;13.900772486445565;8.945443836377912;11.747353829478062;11.691743519171276;12.622280655215585;12.0;12.50308035175293;12.798674298826828;11.482807956726669
9.219168520462162;13.595140904741696;13.404875455015208;10.070120944476823;11.080817527608328;10.52552080909507;10.425215903299383;10.712527000439824;8.611024797307353;10.43254190038826;6.475733430966398;8.016808287686555;13.279900715802762;8.348728154231077;10.425215903299383;10.295768934420508;9.722807531169549;8.92481250360578;6.285402218862249;12.382624026574916;7.108524456778169;9.768184324776929;12.756973226165448;10.099347810403192;9.071462362556623;7.400879436282184;7.409390936137702;9.68650052718322;11.727069558023706;10.304921669581672;12.30890780406394;7.888743248898259;10.79766152585376;7.994353436858858;8.214319120800766;11.541096615349524;10.83368074865474;10.07815080773465;13.594791118089264;9.348728154231075;14.3259378308635;10.632086412835182;10.52552080909507;10.318542809702723;11.624795455860236;9.885696373339394;9.457380879072534;9.014020470314934;10.14210705730255;7.994353436858858;11.004922678569043;8.710806433699352;10.929998062609029;9.394462694610317;10.43254190038826;8.64745842645492;11.199672344836364;10.253847484987404;8.848622940429339;10.79766152585376;9.906890595608518;8.710806433699352;11.792790294301064;11.476239906323851;8.276124405274238;8.471675214392045;10.302638923787551;10.54978466794786;9.294620748891628;11.584022940257542;9.579315937580017;8.829722735086058;12.752171545162444;10.075479149488016;8.577428828035748;8.710806433699352;11.738514532429267;11.650603022215307;10.421012855779226;11.727069558023706;9.400879436282183;8.049848549450562;7.554588851677638;5.857980995127572;9.467605550082997;8.566054038171092;9.68650052718322;10.583082767502932;7.434628227636725;9.18239435340453;10.075479149488016;12.738303411474638;11.3409627642517;11.080817527608328;10.052568050804153;11.988329649231089;10.99435343685886;11.952377251967985;6.554588851677638;10.234817431117325;9.139551352398794;8.375039431346925;13.003342220086113;9.002815015607053;4.0;10.871905237659186;7.741466986401146;10.567956075415466;9.733015321685963;6.169925001442312;13.412172865823786;10.792790294301064;11.50332885662666;15.366219746470575;11.932952892194717;9.20212382383046;15.239561238262604;14.444691393399546;13.926851910929878;10.346513733165636;14.054519530852373;14.1288804230981;10.485829308701904;15.265981240623258;10.73047013718422;14.246146774635864;13.41084880640551;12.455584087578613;12.832494484336111;14.138351805442774;13.80624751853163;16.049720946958544;14.81818270494864;14.452434307683149;13.47395936569476;13.673529924401144;15.655446869100604;14.76155123244448;13.723447638422918;14.505315356136236;12.372865060112588;9.257387842692651;10.395534135462302;14.40839608835143;14.00842862207058;14.45955969312279;15.172622834330634;12.356176830516356;13.798066720363062;14.121776320354416;14.853212072715648;10.567005370247031;15.662584935313111;14.069030123153354;15.146409569587783;13.81317994301459;14.645095473397046;13.550867004960905;9.658211482751796;13.757598355823912;15.068946179648783;13.302781701267095;12.488593333835407;13.349004718027745;14.274450955963353;11.93737382019215;15.216518524890075;13.290738862439348;15.624795455860236;12.52061868055628;11.567480801143043;14.235715094761895;12.1879705919842;12.374496145691516;13.47294463377961;8.366322214245816;10.61654884377899;13.962715295743376;13.932030157887027;14.59944798152872;14.295984117512992;12.30720080914081;14.134827369633037;12.929998062609029;13.14322375612385;12.98210230695676;10.41256984680521;14.483500908968;15.008253527096048;15.576986179441844;13.619302955415687;8.703903573444663;13.493104892539137;14.405739802140245;15.537946360376203;15.274669342073851;13.084144010615145;15.973921536954045;13.467987569161329;10.084808387804362;14.082398563427809;14.30940529737098;13.682116764950074;15.09650927578096;14.07739990378409;15.762926995427677;13.798775537031908;12.449148645375436;11.537703747907644;12.051888655905378;13.260772552353531;12.49235394515987;14.83836682949531;14.022454510846508;14.80911495038482;10.661778097771988;15.116547029017504;16.301906967346387;8.550746785383243;13.107380563045904;13.099183410079286;15.854016107971407;10.965784284662089;14.797509548568206;14.45294902741064;14.184952805124247
10.51668494930961;11.242578689451346;11.62890115202819;11.155450731312138;11.210671343785622;11.052568050804153;11.74819284958946;10.4189067312579;11.19537220740274;10.339850002884624;9.815383295813538;10.723660944409984;10.193525360501216;11.23661220021575;10.964340867792416;10.747353829478062;11.095397022792556;10.44086916761087;10.480790201095816;10.368506461507693;10.103287808412022;11.562242424221072;12.934059394900794;10.167418145831736;10.57553924683453;10.782179193831208;9.5980525001616;9.61286849729104;11.276706019892432;12.174613647235942;11.603162679534382;10.728770849542665;10.019590728357882;9.60177078840771;11.41732511767992;11.563196272216738;11.140190703191836;11.011926066306808;11.970465440779996;12.326991174900815;11.502334580197996;10.99506046703272;11.052568050804153;9.831307243802051;11.309476353841106;10.216745858195306;12.169298695792843;12.226412192788786;11.23421867823847;10.512740462803498;11.47826403158172;12.25974326369078;10.339850002884624;11.979782430703086;10.339850002884624;12.341518823245243;11.35974956032233;11.552188759557149;10.854089179870574;10.019590728357882;10.963618617443972;12.25974326369078;12.087131301540529;10.399811959325683;10.888743248898258;8.693486957499324;10.407267764244732;10.623881490013458;11.863411958941638;11.941414470942911;9.829722735086058;12.29318423075951;11.2246046815385;13.323617763291578;10.27262978497637;12.25974326369078;10.642051692927977;12.067434360756522;10.589651146514786;11.276706019892432;12.643856189774723;11.655977862486942;10.872674880270605;9.590587049915037;12.629128904028171;9.698704666770343;10.422064766172811;10.230020435705637;10.443979542601252;11.61056350392504;10.101975670949232;11.397139806235604;11.365228849251544;11.210671343785622;11.198445041452365;11.391243589427445;9.859534786382651;11.26795708440284;8.64745842645492;11.232420927176076;9.436711542137214;13.141628207364796;10.881878707600446;12.609640474436812;11.018895621121649;11.71037597120447;11.31174831500496;11.769011321097016;10.854868383260236;9.471675214392045;12.036860446673046;11.411510988012072;11.44449728710381;12.004220466318197;10.59898297103609;11.03960451795376;12.020979938904212;11.001408194392807;11.962173031109709;11.067434360756522;11.133784409179908;11.33371442609397;11.693051295397;11.85914649542596;10.69522829149575;11.892163309861964;10.157346935362844;11.212496385193948;11.018895621121649;11.252074042796185;11.826548487290914;11.570804437724496;11.665335917185176;11.611024797307351;11.239598529249124;10.768184324776929;11.396069557639867;11.785452468158542;11.414685235807214;11.950920352030098;10.16867211813223;11.010528105886484;11.812177305514448;11.692179576312538;11.449664538476192;10.26795708440284;11.728345714710976;11.282509306240836;11.177419537989236;11.56081046872794;11.63390340934852;11.79766152585376;11.93737382019215;11.23421867823847;11.482303782323182;11.280190792216906;10.850186837645774;11.242578689451346;10.76983784362944;12.2903068962579;11.77272694923985;11.513234113806051;11.247927513443583;11.649705265471413;12.152918576136624;10.874981347653774;12.03376711484639;11.564625862795372;12.307770031890705;10.220378327695228;10.46352437327118;10.817783121774534;11.559377090526684;10.794415866350104;11.101319154423276;9.948367231584678;11.457380879072534;11.380461065088973;11.154185209265297;10.881878707600446;12.20212382383046;11.252665432450248;11.822570830950168;11.533816389433364;10.0;11.434106928609957;10.77066389291676;11.12347479824414;11.260919533662904;11.232420927176076;11.114393054867309;10.565102078360312;10.96650545190574;11.088788238716909;11.838022058304546;10.817783121774534;11.71338651493703;11.86379910372885;11.109177703355275;11.67595703294175;12.229119220658594;12.445790836048076;10.543031820255235;11.699138625275914;11.67595703294175;12.027905996569883;12.10000522442272;9.975847968006784;10.868822554775;11.40832974076739;11.178664851006472;11.314016703901355;12.483815777264256;11.977279923499916;11.458406613236534;11.122180901259751;11.505811553919594;12.12605911607068;10.279610581052484;11.239001757765582;11.585432051592962;12.303780748177102;11.208234358339787;12.610332801911134;11.569380959522295;10.963618617443972
1.0;4.584962500721156;3.0;2.807354922057604;2.321928094887362;1.0;0.0;3.700439718141092;0.0;1.584962500721156;2.584962500721156;2.0;4.0;5.321928094887363;4.087462841250339;1.584962500721156;2.807354922057604;0.0;4.700439718141092;2.584962500721156;0.0;4.169925001442312;2.0;1.584962500721156;2.0;2.584962500721156;1.584962500721156;0.0;1.0;3.0;2.0;2.807354922057604;1.0;2.0;0.0;4.459431618637297;2.807354922057604;6.285402218862249;2.0;2.0;2.321928094887362;2.0;1.0;1.0;1.584962500721156;1.584962500721156;0.0;0.0;2.807354922057604;1.584962500721156;2.807354922057604;0.0;2.321928094887362;4.392317422778761;1.584962500721156;2.0;2.0;2.0;3.169925001442312;1.0;1.0;0.0;2.0;0.0;3.584962500721156;2.321928094887362;2.0;0.0;2.321928094887362;1.0;0.0;0.0;2.584962500721156;2.584962500721156;1.584962500721156;0.0;2.0;3.169925001442312;1.0;1.0;3.4594316186372973;0.0;1.0;0.0;2.584962500721156;2.807354922057604;3.584962500721156;3.4594316186372973;0.0;3.169925001442312;2.321928094887362;3.906890595608519;5.285402218862249;2.321928094887362;0.0;2.807354922057604;2.0;3.700439718141092;1.584962500721156;3.807354922057604;1.0;1.0;3.700439718141092;1.0;4.247927513443585;1.0;0.0;1.0;4.087462841250339;0.0;0.0;1.0;1.0;4.523561956057013;3.4594316186372973;2.0;4.584962500721156;4.169925001442312;4.523561956057013;3.700439718141092;3.584962500721156;4.857980995127572;3.807354922057604;4.247927513443585;3.169925001442312;4.392317422778761;5.614709844115208;0.0;3.584962500721156;3.0;3.807354922057604;4.906890595608519;5.044394119358453;3.321928094887362;5.129283016944966;3.321928094887362;5.357552004618084;5.087462841250339;4.857980995127572;5.087462841250339;3.807354922057604;3.321928094887362;3.4594316186372973;3.4594316186372973;5.247927513443585;4.247927513443585;3.321928094887362;4.459431618637297;4.169925001442312;4.087462841250339;3.321928094887362;2.0;4.807354922057604;4.392317422778761;5.523561956057013;3.0;3.584962500721156;2.321928094887362;0.0;5.321928094887363;4.392317422778761;3.321928094887362;2.0;4.169925001442312;4.392317422778761;4.321928094887363;5.129283016944966;3.169925001442312;3.321928094887362;5.0;2.0;2.0;3.169925001442312;3.906890595608519;3.4594316186372973;2.0;1.584962500721156;3.584962500721156;4.0;4.247927513443585;5.614709844115208;2.807354922057604;5.247927513443585;3.169925001442312;4.087462841250339;3.4594316186372973;3.700439718141092;4.321928094887363;4.392317422778761;3.906890595608519;2.321928094887362;1.584962500721156;3.4594316186372973;5.169925001442312;5.169925001442312;3.321928094887362;3.807354922057604;4.392317422778761;4.169925001442312;2.584962500721156;3.584962500721156;4.523561956057013;3.0;2.0;4.392317422778761;3.807354922057604;4.392317422778761;4.169925001442312;0.0;3.169925001442312;4.807354922057604;3.0;4.584962500721156;4.643856189774724;3.321928094887362;3.169925001442312;5.906890595608519;5.247927513443585;0.0;3.584962500721156;3.4594316186372973;4.954196310386875;2.321928094887362;3.584962500721156;3.700439718141092;3.584962500721156
2.321928094887362;2.584962500721156;4.321928094887363;2.807354922057604;1.584962500721156;4.247927513443585;1.0;3.4594316186372973;3.169925001442312;3.0;0.0;3.169925001442312;2.0;0.0;4.954196310386875;3.4594316186372973;2.807354922057604;2.584962500721156;2.321928094887362;3.321928094887362;1.0;4.321928094887363;4.169925001442312;3.700439718141092;3.169925001442312;3.700439718141092;2.584962500721156;4.392317422778761;4.954196310386875;3.321928094887362;2.0;3.0;1.0;2.584962500721156;4.392317422778761;3.700439718141092;4.459431618637297;5.584962500721156;1.0;2.321928094887362;3.4594316186372973;3.906890595608519;4.247927513443585;3.0;3.169925001442312;2.807354922057604;1.584962500721156;4.392317422778761;4.700439718141092;2.584962500721156;4.169925001442312;2.321928094887362;4.247927513443585;3.807354922057604;3.0;3.906890595608519;4.169925001442312;3.4594316186372973;2.0;1.0;3.169925001442312;2.321928094887362;5.832890014164741;3.0;3.4594316186372973;3.584962500721156;4.247927513443585;4.169925001442312;2.0;3.321928094887362;3.700439718141092;1.584962500721156;3.700439718141092;5.554588851677638;3.0;2.321928094887362;0.0;5.672425341971495;3.169925001442312;4.954196310386875;3.807354922057604;2.584962500721156;1.584962500721156;0.0;2.584962500721156;2.584962500721156;3.0;2.807354922057604;3.169925001442312;2.321928094887362;1.584962500721156;2.584962500721156;2.321928094887362;1.584962500721156;4.392317422778761;6.807354922057604;2.321928094887362;4.857980995127572;0.0;3.700439718141092;2.321928094887362;1.584962500721156;2.807354922057604;4.0;0.0;2.0;3.807354922057604;4.584962500721156;3.906890595608519;2.584962500721156;3.169925001442312;1.0;3.584962500721156;4.321928094887363;0.0;4.643856189774724;4.857980995127572;4.700439718141092;5.491853096329675;5.20945336562895;4.321928094887363;4.392317422778761;4.087462841250339;3.321928094887362;6.882643049361842;4.459431618637297;4.392317422778761;4.087462841250339;4.087462841250339;5.459431618637297;5.087462841250339;1.0;5.044394119358453;0.0;2.584962500721156;4.459431618637297;2.584962500721156;2.584962500721156;2.584962500721156;6.087462841250339;5.044394119358453;5.169925001442312;4.906890595608519;4.584962500721156;3.4594316186372973;2.0;5.169925001442312;4.584962500721156;4.459431618637297;2.807354922057604;4.247927513443585;4.392317422778761;4.954196310386875;2.584962500721156;3.906890595608519;3.700439718141092;1.0;5.321928094887363;5.20945336562895;5.20945336562895;5.20945336562895;3.700439718141092;4.906890595608519;5.672425341971495;3.906890595608519;4.906890595608519;2.807354922057604;4.954196310386875;3.584962500721156;4.247927513443585;5.044394119358453;3.584962500721156;6.247927513443585;5.247927513443585;5.087462841250339;5.20945336562895;5.20945336562895;4.321928094887363;3.906890595608519;3.4594316186372973;6.189824558880018;5.129283016944966;3.0;5.906890595608519;0.0;4.857980995127572;3.0;4.0;3.4594316186372973;1.584962500721156;3.700439718141092;4.321928094887363;4.0;4.523561956057013;3.584962500721156;3.807354922057604;6.129283016944966;2.807354922057604;3.4594316186372973;5.700439718141092;4.643856189774724;4.392317422778761;5.807354922057604;3.807354922057604;5.459431618637297;2.807354922057604;5.807354922057604;4.247927513443585;4.857980995127572;5.129283016944966;5.882643049361842;5.0;6.066089190457772;4.700439718141092;4.906890595608519;5.523561956057013;4.523561956057013;3.321928094887362;2.807354922057604;4.0;4.321928094887363;2.584962500721156;6.672425341971495;3.4594316186372973;4.700439718141092;2.807354922057604
12.554109152574004;12.735979039613404;13.15212636534252;12.62548055047108;12.844313461203296;13.54617100226735;13.020979938904212;13.634924465135096;13.71037597120447;13.314300001897534;12.699355555588465;11.993646060016596;12.7638347994296;11.79197682089869;13.21416731409353;13.38437904812963;13.429537509249478;12.941597868266095;12.45198377723019;12.81418188419028;14.031959603596103;12.945809584900822;13.633222303800787;12.357002092264985;12.682336269711378;13.579080183834757;11.493855449240822;13.061877431055866;13.340267388983555;12.703038388986418;14.37571825083947;12.73259143596501;12.459431618637296;12.562003863651553;13.061708704660624;13.255323690008137;13.914198242454956;12.641374424294511;12.450953464712992;14.71639078949768;13.095397022792556;13.31741261376487;13.54617100226735;12.703038388986418;13.363724118119093;13.497228130642114;11.638888382252262;14.30085301204345;13.11129871425826;13.283811834830894;13.303209948944776;12.965243172556892;13.212192371908472;13.332875731152674;13.314300001897534;13.329095558568856;13.37937836707126;13.466968626739956;14.004308261543592;12.459431618637296;13.162706018482416;12.965243172556892;13.57092299753398;13.240940363208098;13.609871287178828;13.34318571544788;12.594557879863732;12.447341565370678;12.249409785269128;13.162233958149615;12.774992908933177;13.053756222562145;13.599680430581166;12.921655010785052;12.971543553950772;12.965243172556892;11.515699838284045;13.84852514054177;12.66222330531784;13.340267388983555;12.92740761294903;13.555907202377874;13.055960234452296;13.578372691360803;12.88626815287296;12.29748950116098;14.218260498797305;12.855452509744048;12.78892220396062;12.637983303777853;12.562242424221072;13.407400554068646;13.49585502688717;12.844313461203296;13.129121992887557;13.022541203454828;12.642051692927977;12.507051302247916;12.94452905919877;13.303638069539703;12.437752072323605;14.17718592208056;12.711021616791836;12.646558710154547;12.074810461160451;13.64824521820721;13.68551534141194;13.69490195142856;13.606405212697783;11.986197587206274;13.180530807344482;13.492854620174748;13.573410505507574;12.689124404913258;12.556745526004686;12.624110035762987;12.902940323128275;12.764042217306589;13.166476950816804;12.774992908933177;12.560093957642495;13.227164654622404;13.15608307628868;12.781564627244329;12.103615656394544;13.107870914279614;12.348728154231075;12.092426815780255;12.69021628042204;12.63094962683287;12.84979602224561;12.693922488081014;13.376668061857668;13.043710863347156;13.397674632948268;12.61815604777846;12.697619199078714;12.595723694101627;12.774992908933177;13.113579397950534;12.769011321097016;12.980318117957545;12.81678367937856;13.146568675740786;12.63026712502677;12.214926187942435;13.351353372192143;12.933321820732946;12.81358080298963;12.69566329678802;12.681458050210274;12.686938171670388;13.090277856857394;12.497103357016876;12.6142497276894;11.955286645524469;12.70173963867435;12.910642730469624;12.73978060977326;13.089284949013049;13.10705356960822;13.327973602613884;12.684529482418489;13.721633263063;13.011926066306808;12.930922097125269;13.026004642978943;12.934980832653832;13.046612469258132;12.844705764411938;12.322773176454564;12.208234358339787;13.032562359001108;12.993646060016596;13.447212401572669;12.38855550398256;13.164906926675688;13.63185912728278;12.316847183602473;12.808763116450413;13.295194955880657;12.793603309279408;13.355351096424812;12.804937672051908;12.756347825516588;12.456354415108288;12.515699838284045;12.7553048882624;12.806549621985962;12.493104892539137;12.831505185085328;12.199365616857982;12.638209626633582;12.411246151840444;12.36468185586456;12.175549550636193;13.213256138247942;13.121371625958965;12.765286098723683;12.774992908933177;13.249409785269128;13.381137338968552;12.482807956726669;12.199672344836364;13.179909090014934;12.614939847310737;13.367824239411048;12.488593333835407;12.673309075561695;12.597819788645507;12.714245517666123;13.042172353174928;13.538916402464112;13.156241119235752;13.190442018782823;12.887220615468385;12.649256177517314;12.821176056269854;11.551227603598289;12.657541759703378;12.539643506238036;12.44889062962926;13.790348496751914;13.588363287192117;12.815783544128184;12.74104557700984
12.313449940963055;12.270587340447513;13.144180239058922;12.377481688182955;13.285691191330091;13.077316445881026;12.95310515059134;13.185959435631318;13.129444023031947;12.754261196514;12.236313227042803;11.99717948093762;11.904258282800518;11.68431031112435;12.41679752760606;12.492854620174748;12.898979204622512;12.68650052718322;12.207319426457804;12.30149619498255;12.60408986146918;13.461607340113764;13.679040186393062;11.382083590141969;13.053756222562145;12.855257827193196;12.241685287601625;12.04678297035635;13.440090524950488;12.769424641552751;13.671209323704815;12.40992124124968;12.504074114520575;11.882260929099804;12.688687423222536;13.074643240639736;12.7688046164558;13.086302118782552;13.192292814470768;13.476872750585825;12.287135186086704;13.551828401108695;13.077316445881026;12.536247215688128;12.586839787961829;14.067686440615208;12.177730967033272;13.131374695840508;12.587074277201008;12.437752072323605;12.606405212697783;12.721953612801386;13.121533517340032;13.082481727863104;12.754261196514;13.790959333698824;13.121533517340032;12.99081307915361;12.484067622432198;12.504074114520575;13.208234358339787;12.721953612801386;13.14051027236822;12.636398048883835;13.071797522284209;11.84588203438406;12.215229625747924;11.975847968006784;12.732167425663384;13.3445733225962;12.32023644524165;13.296629474285504;12.80231440599149;13.248224089668474;12.99806148563642;12.721953612801386;11.769011321097016;13.270879295328784;12.364955378481907;13.440090524950488;13.454427824515871;12.819181178959626;12.480790201095816;12.83821908050231;12.915692682615404;11.97906787148051;13.244958393151132;12.469641817239516;11.717248005827646;12.860892982338823;12.377481688182955;12.354800344350595;13.86350875487853;13.285691191330091;12.99116750614001;12.568668693380506;12.11699367754698;12.212496385193948;11.746514321138465;13.058668250340572;12.153235338689411;12.7737573721398;12.096715154488535;13.252665432450248;11.838416075797335;13.248372354921251;13.302781701267095;12.430713885791938;13.090939415984376;11.835260918627489;13.310328758616798;13.154659910133049;13.850186837645774;12.42574042431621;12.162076570374312;12.166476950816804;12.62593709953846;12.28424574982967;12.69283341500077;11.950555897047511;12.040289721025715;12.236911111444602;12.25502856981873;12.445532219028312;11.743992861060176;12.665557989846414;11.916999049082808;11.529918528120325;11.925554439873554;12.04507705193494;12.659772961881613;12.382624026574916;12.532599438672984;12.25502856981873;12.535518397768667;11.871520262329112;12.688687423222536;12.26238852375102;12.310044679647506;12.930552554336137;11.977637690405876;12.197523878257789;12.051888655905378;12.39687231851056;12.227916724201489;11.92184093707449;12.851553858429778;12.44190670454224;12.455584087578613;12.326148561205557;12.353146825498085;12.595723694101627;12.896899984419877;12.441128621804696;12.295768934420508;11.862637357558794;12.290018846932618;12.24198314969433;11.79766152585376;12.786065381163962;12.518161355756956;12.564625862795372;11.965784284662089;12.562957869334118;12.472437000051327;12.298062567719017;12.90613899619538;12.41256984680521;12.642051692927977;11.861862340059153;11.515699838284045;11.457380879072534;12.200285605224298;12.188588845707349;12.411510988012072;11.12023787734196;12.530406337099068;13.01017840402054;12.121857245612654;12.1373113907009;12.94104760634058;11.89633240390994;12.74420315113283;12.178353623512892;12.082481727863104;11.962534563511271;12.13699111208023;12.192292814470768;12.540854532113636;12.6142497276894;12.147204924942228;11.014717929860009;11.878050912728536;12.026177596889225;12.579080183834757;11.901621158346112;12.682775179067027;12.673309075561695;12.244958393151132;12.23212108408222;12.866699382882029;12.96000193206808;11.635718120331047;12.009128789539256;12.521109643651332;12.65642486327778;12.735132884139947;11.877667574067882;12.0744760007345;12.0911047583765;11.98584193700334;12.390168956200185;13.094407633081207;12.502831804066744;12.579315937580017;12.307770031890705;12.593857938858225;12.690652799348484;12.07648160120702;12.07045641594465;11.967226258835993;12.581906689308768;12.624567018674917;13.45455634396194;12.426264754702098;12.131856960608792
11.0566377151132;12.35974956032233;12.933506249629444;12.133784409179908;13.231671202562785;13.050868963290736;11.693922488081014;13.341101799094083;11.828929827651486;12.708868340211673;12.971543553950772;12.529918528120325;12.577192765687045;11.378294855911893;12.092426815780255;11.597587039586216;12.268249571994492;11.74188827273525;13.21901722320012;12.1526017440192;10.79603960882977;12.424691191512954;12.559138055642384;12.06373212019692;11.643856189774723;12.320518524632693;11.23661220021575;11.526010107061737;12.334831928118;11.307770031890705;13.192755142640369;11.649256177517314;11.085472459181284;11.009128789539256;11.709514660706716;14.35418049684766;12.085140461701762;13.944162985854788;12.53430288245463;12.321646290991382;12.693704739225286;12.123151432773575;13.050868963290736;11.348174867535556;12.097044499322951;12.369052007001388;8.927777962082342;11.56652978262417;12.280190792216906;13.976832590067636;12.309760544729622;9.65642486327778;12.5980525001616;11.68650052718322;12.708868340211673;11.436190995481416;12.394462694610317;13.216139556425135;13.332176446062697;11.085472459181284;10.93147623388679;9.65642486327778;12.178664851006472;12.54882190845875;10.750706986224948;11.604553229079038;12.211584153079526;11.040974598817304;11.900866807980748;11.7300455028792;11.185494924210866;10.514714054138487;12.34485068394299;11.938476938666351;11.233020426474496;9.65642486327778;10.709945380232496;13.26839579355656;11.09341756438796;12.334831928118;12.4812949046311;11.991521846075695;11.90312867681232;10.689124404913258;11.906890595608518;10.303780748177102;13.25369978137418;12.624567018674917;12.450180247164754;11.837233700339088;12.082814337672271;12.498849206531723;13.049848549450562;13.231671202562785;11.2940463132715;12.54906265857043;11.617467465294196;12.057991722759176;9.927777962082342;13.053247125912426;11.798471801101618;12.049508251055096;12.545929769085468;13.01262453886506;12.6965329140783;12.272338184158624;12.47040467706564;11.814582465906277;12.59175607602299;8.787902559391432;16.225885235894605;14.206174945047422;12.245849771023725;12.980318117957545;12.38505348834615;13.186888010029962;13.506803437795648;12.82376527978966;13.109504215757006;13.780847301854957;13.263856019596082;13.146409569587783;13.676948765298388;12.352595231134304;12.749240939022329;13.122342701858912;12.301781962051106;12.497103357016876;12.889313822384397;12.85934065396752;12.82097669262124;13.011227255423254;13.511505595792482;12.426264754702098;13.060358182642142;13.684529482418489;12.85428402017621;13.07263508111231;12.561287945164828;13.245404150930328;13.214015491410844;13.483437927061503;13.303209948944776;13.304921669581672;12.827938080144987;12.736190500960928;12.581906689308768;12.85584179604994;13.109340968793225;12.533329732305834;12.908580264012734;13.046271406599123;13.445273555640638;13.093582623027908;12.87843414955929;11.643405277115674;12.780334708123895;12.667111542075029;12.473705749619416;13.100990784092762;12.820777301419088;12.647233549977043;12.664891669286089;13.557822655373068;12.852529509404196;12.950191349972702;13.445273555640638;13.066089190457772;11.98903963696239;12.893870304785096;11.679040186393062;12.218260498797305;13.095726668639047;13.1666338592993;13.64824521820721;12.967766627794514;13.70033133854138;13.059344460824423;12.526010107061737;13.035314609824391;12.967946705812707;13.04114576747633;13.170238052336648;12.851358649033513;12.971543553950772;12.950191349972702;13.309618456283072;12.51791539291587;13.062552139376775;13.726111699158672;13.094077685671904;12.213104219641906;12.166163082646111;12.25915476886684;13.27873982655011;12.773551346428505;13.589534115888812;13.35231935484684;12.555068391333338;12.33371442609397;12.401679525982452;12.988862172783447;12.25650356743304;11.024447124040648;13.376261076559688;13.140350496628438;13.784941508337056;12.901055432553273;12.85428402017621;13.123151432773575;12.609871287178828;13.21204034123855;13.373408960228696;12.69566329678802;13.226412192788786;13.388286419762649;13.111461739857722;13.269126679149418;10.332036548361652;12.691961564216788;13.510887765694012;12.382894168892134;13.029804847630697;12.6640027628865;12.859534786382651;13.157346935362844
1.584962500721156;3.4594316186372973;0.0;2.584962500721156;1.0;1.0;6.523561956057013;0.0;0.0;4.0;0.0;1.584962500721156;4.392317422778761;0.0;1.584962500721156;2.584962500721156;3.4594316186372973;0.0;0.0;2.807354922057604;0.0;1.0;2.584962500721156;2.807354922057604;2.0;1.0;2.321928094887362;1.584962500721156;3.169925001442312;2.584962500721156;0.0;1.584962500721156;2.321928094887362;2.0;0.0;10.94104760634058;3.584962500721156;0.0;1.0;3.321928094887362;4.321928094887363;1.0;1.0;3.584962500721156;2.321928094887362;2.321928094887362;2.0;3.0;0.0;1.0;3.807354922057604;0.0;2.807354922057604;8.228818690495881;4.0;0.0;1.0;1.584962500721156;1.0;2.321928094887362;3.169925001442312;0.0;1.0;0.0;0.0;1.584962500721156;3.0;1.0;1.584962500721156;3.0;1.584962500721156;1.0;3.321928094887362;2.0;0.0;0.0;0.0;3.321928094887362;3.0;3.169925001442312;0.0;0.0;0.0;0.0;2.584962500721156;0.0;0.0;0.0;0.0;7.727920454563199;0.0;4.807354922057604;4.0;1.0;1.0;0.0;0.0;3.0;0.0;1.584962500721156;2.321928094887362;3.0;6.6865005271832185;0.0;1.584962500721156;4.169925001442312;1.584962500721156;0.0;2.321928094887362;2.584962500721156;6.700439718141092;2.584962500721156;3.584962500721156;2.807354922057604;5.754887502163468;0.0;4.523561956057013;3.807354922057604;3.584962500721156;2.0;3.807354922057604;2.807354922057604;0.0;4.0;0.0;3.807354922057604;4.087462841250339;2.807354922057604;2.807354922057604;0.0;3.807354922057604;3.700439718141092;4.807354922057604;5.807354922057604;4.700439718141092;2.584962500721156;4.523561956057013;3.4594316186372973;2.321928094887362;3.4594316186372973;3.700439718141092;1.0;0.0;3.321928094887362;2.321928094887362;1.584962500721156;3.169925001442312;3.700439718141092;3.807354922057604;4.321928094887363;3.584962500721156;0.0;4.523561956057013;5.169925001442312;2.584962500721156;2.0;4.321928094887363;4.954196310386875;2.584962500721156;5.0;4.247927513443585;3.584962500721156;1.584962500721156;2.584962500721156;3.700439718141092;5.523561956057013;5.459431618637297;2.584962500721156;3.4594316186372973;5.20945336562895;2.807354922057604;0.0;2.321928094887362;3.807354922057604;2.807354922057604;0.0;0.0;5.0;2.807354922057604;3.169925001442312;4.584962500721156;2.807354922057604;3.169925001442312;1.0;4.700439718141092;3.700439718141092;3.169925001442312;3.584962500721156;5.426264754702098;3.807354922057604;3.700439718141092;0.0;2.321928094887362;3.906890595608519;3.584962500721156;4.087462841250339;3.0;4.321928094887363;3.321928094887362;0.0;3.169925001442312;4.754887502163468;3.700439718141092;2.584962500721156;2.321928094887362;2.584962500721156;4.247927513443585;3.0;2.0;1.0;3.0;2.321928094887362;3.584962500721156;4.700439718141092;3.4594316186372973;0.0;2.321928094887362;2.321928094887362;0.0;5.523561956057013;4.169925001442312;2.807354922057604;0.0;5.0;2.584962500721156;2.321928094887362
9.871905237659186;11.634357301137976;7.845490050944375;8.618385502258606;7.0;8.348728154231077;8.243173983472952;8.280770770130603;9.278449458220482;10.14338321398982;6.426264754702098;7.6293566200796095;10.246740598493144;7.906890595608519;9.243173983472952;9.987264012072538;10.388017285345136;10.991521846075695;2.321928094887362;9.57553924683453;4.807354922057604;6.857980995127572;9.08746284125034;8.113742166049189;6.727920454563199;10.197216693110052;3.906890595608519;5.491853096329675;9.428360172704291;9.377210530388552;8.08214904135387;8.693486957499324;6.906890595608519;10.64745842645492;10.00982861736811;8.224001674198105;10.405141463136344;8.83605035505807;11.272046524389935;12.564387696052629;7.994353436858858;8.968666793195208;8.348728154231077;8.985841937003341;7.741466986401146;5.584962500721156;8.344295907915816;7.651051691178928;7.159871336778389;7.539158811108031;9.08214904135387;6.894817763307944;7.826548487290915;9.558420713268664;10.14338321398982;9.084808387804362;6.658211482751795;10.64745842645492;6.409390936137702;6.906890595608519;8.108524456778168;6.894817763307944;10.414685235807214;7.179909090014935;8.113742166049189;9.1006623390052;11.616089313582115;9.287712379549449;10.907641803665529;10.832098846039134;6.539158811108031;9.665335917185176;9.876516946565;10.043027283594547;5.906890595608519;6.894817763307944;6.857980995127572;8.016808287686555;8.290018846932618;9.428360172704291;11.60130652612184;7.714245517666122;8.870364719583405;8.312882955284355;8.375039431346925;8.413627929024173;7.383704292474052;6.727920454563199;9.62935662007961;9.216745858195306;6.0;8.303780748177102;9.411510988012072;7.0;9.159871336778387;8.103287808412022;8.839203788096944;10.330916878114618;6.954196310386875;10.654636028527968;6.357552004618084;5.614709844115208;7.219168520462161;7.219168520462161;6.20945336562895;9.689997971419446;9.968666793195208;7.988684686772165;11.510269670898175;8.483815777264256;11.00982861736811;9.554588851677638;10.41256984680521;8.294620748891628;12.617926556798752;5.523561956057013;8.543031820255237;8.257387842692651;8.861086905995395;6.285402218862249;8.74819284958946;10.44086916761087;5.554588851677638;8.734709620225837;6.129283016944966;8.535275376620802;8.870364719583405;5.087462841250339;8.005624549193879;8.134426320220927;7.768184324776926;8.005624549193879;9.264442600226602;10.79766152585376;10.634811050171718;8.731319031025064;9.090112419664289;8.758223214726724;8.45532722030456;10.072802534544207;8.700439718141093;5.0;5.554588851677638;8.584962500721156;9.974414589805528;9.63117705570398;10.665335917185176;9.113742166049189;7.86418614465428;9.036173612553483;9.221587121264806;5.584962500721156;10.57459352733761;9.12670447284319;9.79766152585376;6.78135971352466;9.623881490013458;7.971543553950772;6.9886846867721655;8.96289600533726;8.049848549450562;11.17617314910749;8.417852514885897;8.487840033823051;9.044394119358454;9.398743691938192;8.857980995127573;7.930737337562887;7.918863237274595;9.99435343685886;5.954196310386875;8.20945336562895;7.321928094887363;7.665335917185176;8.139551352398794;4.857980995127572;5.906890595608519;11.7431513941125;7.845490050944375;8.581200581924957;9.63117705570398;7.523561956057013;8.361943773735241;6.554588851677638;11.62662165235837;9.346513733165636;6.442943495848728;8.857980995127573;8.59245703726808;9.308339030139408;9.14974711950468;4.700439718141092;7.577428828035749;7.857980995127572;10.032045726930807;9.090112419664289;7.761551232444479;9.688250309133178;9.430452551665532;6.459431618637297;8.335390354693924;8.29920801838728;8.366322214245816;7.366322214245816;8.233619676759702;9.453270634010623;8.467605550082997;8.717676423066395;6.965784284662087;6.554588851677638;8.951284714966972;7.768184324776926;8.527477006060396;9.65642486327778;9.659995892429976;7.930737337562887;9.103287808412022;8.873444112515376;7.546894459887636;8.144658242831882;7.569855608330948;8.523561956057012;7.774787059601174;10.4797802640291;9.594324603924848;8.499845887083206
7.475733430966398;9.839203788096944;9.147204924942228;9.187352073200495;7.787902559391432;8.599912842187127;7.523561956057013;8.807354922057604;8.654636028527968;7.442943495848728;7.727920454563199;7.74819284958946;8.044394119358454;9.271463027904376;7.321928094887363;7.599912842187128;7.826548487290915;7.383704292474052;10.07815080773465;7.330916878114617;9.049848549450562;9.497851836951115;10.038918989292302;7.087462841250339;7.894817763307944;7.139551352398794;8.252665432450248;7.924812503605781;8.758223214726724;7.851749041416057;9.226412192788786;7.727920454563199;8.491853096329674;6.6865005271832185;9.071462362556623;8.682994583681683;8.426264754702098;9.90839262077375;10.28424574982967;7.499845887083206;9.118941072723509;8.459431618637296;8.599912842187127;9.394462694610317;8.696967526234287;8.038918989292302;8.179909090014934;9.4241662888181;10.14338321398982;8.471675214392045;8.370687406807217;11.044394119358454;7.475733430966398;7.851749041416057;7.442943495848728;9.515699838284045;9.493855449240822;8.129283016944967;9.625708843064466;8.491853096329674;8.375039431346925;11.044394119358454;7.954196310386875;9.044394119358454;9.224001674198105;9.34207466799914;7.523561956057013;7.636624620543649;8.734709620225837;8.060695931687555;9.85642552862553;10.304921669581672;7.442943495848728;9.231221180711186;7.665335917185176;11.044394119358454;8.988684686772165;8.184875342908283;8.271463027904375;8.758223214726724;9.1006623390052;9.159871336778387;12.31373335026382;9.280770770130603;8.717676423066395;7.330916878114617;10.294620748891628;7.876516946564999;7.912889336229962;7.357552004618084;7.383704292474052;7.888743248898259;8.459431618637296;7.787902559391432;8.625708843064466;8.060695931687555;6.954196310386875;7.312882955284356;7.247927513443585;10.655530723155644;7.417852514885898;7.86418614465428;9.296916206879288;10.344295907915816;8.118941072723507;7.139551352398794;8.383704292474052;9.310612781659527;7.665335917185176;6.426264754702098;9.030667136246942;9.419960177847887;8.339850002884624;10.453270634010623;8.20945336562895;10.828136484194108;10.152284842306582;8.991521846075695;9.665335917185176;10.952013164889486;9.729620743553038;9.394462694610317;10.625708843064466;10.038918989292302;9.366322214245816;10.269126679149418;8.459431618637296;10.824958740528524;9.677719641641009;9.957102041562289;10.239598529249124;9.041659151637214;9.749869427396844;8.94251450533924;8.948367231584678;10.510764167917891;8.668884984266247;9.445014845868425;9.346513733165636;9.677719641641009;8.832890014164741;10.671541066711884;10.811374693509942;10.52943055414615;9.43879185257826;7.906890595608519;10.103287808412022;9.541096615349524;10.20945336562895;8.686500527183219;9.294620748891628;11.428360172704291;9.663558104217271;8.876516946565;9.287712379549449;8.618385502258606;9.63662462054365;10.350939181546432;9.791162888555018;9.7632123668144;9.98299357469431;9.428360172704291;9.285402218862249;10.62844554013718;9.868822554775;9.036173612553483;9.731319031025064;10.968666793195208;10.524541715035848;8.285402218862249;9.285402218862249;8.447083226209653;10.960725994839056;10.381542951184583;10.758223214726724;9.824958740528524;11.095397022792556;9.776433032444732;9.487840033823051;9.642051692927977;9.707359132080883;10.318542809702723;9.935165049603697;10.409390936137704;8.90388184573618;10.380461065088973;10.659995892429976;9.324180546618742;9.330916878114618;8.918863237274595;9.0;9.721099188707186;9.552669097514272;8.807354922057604;9.13699111208023;9.022367813028454;10.814582465906277;9.108524456778168;9.00842862207058;10.537218400538595;10.7657004876511;10.569855608330949;8.774787059601174;9.194756854422248;9.955649907528374;9.207014320177532;10.672425341971495;9.027905996569883;10.453270634010623;10.790348496751914;9.016808287686557;10.73893668167614;10.513727595952435;9.467605550082997;10.084808387804362;9.709083812550343;9.204571144249204;10.52061868055628;9.002815015607053;9.221587121264806;10.466586337719244;9.807354922057604;10.539158811108033;10.154818109052105;9.52943055414615;9.782998208920414
9.41574176829009;8.661778097771988;11.881878707600446;10.167418145831736;8.661778097771988;9.38586240064146;10.640244936222343;10.78135971352466;10.59898297103609;10.080817527608328;7.74819284958946;9.927777962082342;6.6865005271832185;9.485829308701904;10.676838606474153;10.868050853745158;9.64565843240871;8.700439718141093;8.49585502688717;9.94104760634058;9.266786540694902;9.487840033823051;10.787086324551616;9.06339508128851;10.231221180711186;8.92481250360578;8.303780748177102;10.0566377151132;10.224001674198105;9.707359132080883;9.459431618637296;9.531381460516313;8.451211111832329;9.252665432450248;10.559377090526684;10.995767150877802;11.72451385311995;10.188588845707349;10.169925001442312;9.346513733165636;10.556506054671928;10.047123912114026;9.38586240064146;9.5980525001616;10.614709844115207;10.127994320976391;9.850186837645774;9.91139198784346;10.083479327331842;9.787902559391432;11.068778277985412;9.079484783826816;10.539158811108033;9.134426320220928;10.080817527608328;10.760719947465624;10.480790201095816;10.8193807908646;9.226412192788786;8.451211111832329;11.56652978262417;9.079484783826816;11.372865060112588;11.070120944476823;10.320800548881635;7.918863237274595;10.103287808412022;10.410451351503994;9.08214904135387;9.632995197142955;10.419960177847887;8.977279923499916;10.689124404913258;11.79968636133125;9.964340867792416;9.079484783826816;8.45532722030456;10.89633240390994;10.4797802640291;10.224001674198105;9.62935662007961;10.040289721025715;9.98299357469431;8.744833837499545;10.059344460824423;8.219168520462162;9.368506461507693;10.421012855779226;10.13699111208023;8.92481250360578;9.252665432450248;9.974414589805528;10.602698865017963;8.661778097771988;11.477252323937952;11.25915476886684;9.509775004326936;10.174925682500678;12.759680167210965;10.368506461507693;9.348728154231075;10.658211482751796;10.216745858195306;8.276124405274238;6.6865005271832185;10.4231159101471;10.389093521904474;10.23840473932508;9.4241662888181;9.250298417906333;10.488844346457336;9.449148645375436;9.632995197142955;7.86418614465428;8.842350343413807;9.434628227636724;8.744833837499545;8.214319120800766;9.269126679149418;9.967226258835993;8.46352437327118;8.768184324776927;10.096715154488535;8.665335917185176;10.667998535672528;8.280770770130603;8.442943495848729;8.339850002884624;8.60733031374961;8.622051819456376;8.73809225962049;7.768184324776926;9.665335917185176;9.036173612553483;9.60917873814198;9.074141462752506;8.550746785383243;7.651051691178928;9.041659151637214;9.709083812550343;9.152284842306582;9.73640193131829;9.219168520462162;8.335390354693924;8.144658242831882;9.702172685365548;9.642051692927977;10.107217075591382;8.861086905995395;7.569855608330948;8.189824558880018;9.285402218862249;10.247927513443583;7.768184324776926;8.238404739325079;7.467605550082998;7.98299357469431;8.96289600533726;9.310612781659527;8.851749041416058;8.92184093707449;8.980139577639157;10.166163082646111;10.161131882984307;9.226412192788786;8.794415866350105;8.383704292474052;8.344295907915816;8.810571634741146;8.422064766172813;8.784634845557521;7.3750394313469245;9.560332834212442;8.823367240046235;8.442943495848729;8.804131021183318;9.874981347653774;11.459431618637296;6.768184324776926;8.413627929024173;9.840777923595054;8.92184093707449;9.3151495622563;9.092757140919852;9.036173612553483;9.426264754702098;8.74819284958946;9.036173612553483;9.625708843064466;8.214319120800766;9.918863237274596;7.417852514885898;9.0;8.027905996569885;7.686500527183218;6.754887502163468;9.157346935362844;8.640244936222345;8.092757140919852;8.658211482751796;9.964340867792416;9.172427508645482;8.774787059601174;7.03342300153745;9.124121311829189;8.888743248898258;9.661778097771988;8.62935662007961;9.707359132080883;9.169925001442312;8.603626344986193;9.23840473932508;9.539158811108033;7.800899899920305;9.098032082960527;9.643856189774723;7.672425341971495;8.430452551665532;9.86573327085176;8.909893083770042;8.689997971419446;7.98299357469431;10.758223214726724;9.131856960608792;8.876516946565;9.24555270625568
8.108524456778168;9.839203788096944;10.140829770773;9.661778097771988;9.328674927327947;8.113742166049189;8.885696373339394;10.12670447284319;9.7431513941125;8.7714894695006;7.076815597050831;8.894817763307943;11.025831668332026;6.845490050944375;9.041659151637214;9.29920801838728;8.977279923499916;8.731319031025064;8.303780748177102;8.603626344986193;7.734709620225838;8.614709844115207;10.107217075591382;9.513727595952435;9.06339508128851;9.002815015607053;7.665335917185176;7.693486957499325;9.50382573799575;9.902375114486023;8.499845887083206;8.164906926675688;7.426264754702098;7.189824558880018;8.599912842187127;8.76487159073609;9.370687406807216;8.330916878114618;8.366322214245816;11.515699838284045;9.13699111208023;8.005624549193879;8.113742166049189;9.084808387804362;9.9901039638575;9.164906926675688;8.581200581924957;8.194756854422248;9.571752643503546;9.226412192788786;9.036173612553483;9.868822554775;9.543031820255235;8.686500527183219;8.7714894695006;9.51175265376738;8.915879378835774;9.39231742277876;8.754887502163468;7.426264754702098;8.88264304936184;9.868822554775;9.995767150877802;9.632995197142955;9.558420713268664;8.169925001442312;9.689997971419446;8.734709620225837;8.707359132080883;8.734709620225837;11.982637133669424;9.068778277985412;9.642051692927977;10.208234358339787;9.64745842645492;9.868822554775;7.78135971352466;9.019590728357882;8.89178370321831;9.50382573799575;9.324180546618742;11.3066313617125;8.573647187493322;8.271463027904375;8.930737337562887;7.721099188707186;9.824958740528524;8.857980995127573;9.659995892429976;9.449148645375436;7.888743248898259;9.346513733165636;10.437752072323605;9.328674927327947;11.233619676759702;11.859922972861758;8.900866807980748;9.144658242831882;11.849405100947758;9.668884984266247;8.312882955284355;10.595257481449035;8.842350343413807;8.679480099505446;8.03342300153745;10.584962500721156;8.823367240046235;8.888743248898258;8.784634845557521;7.693486957499325;8.550746785383243;9.25974326369078;8.233619676759702;10.505811553919594;10.071462362556623;10.590587049915037;10.243173983472952;8.194756854422248;9.791162888555018;9.60177078840771;8.51175265376738;10.14210705730255;9.487840033823051;9.60177078840771;9.29232163280204;10.318542809702723;9.187352073200495;10.083479327331842;8.46352437327118;9.712527000439824;9.310612781659527;10.653740778706569;9.76983784362944;8.991521846075695;10.468624042918018;9.164906926675688;9.7714894695006;9.805743872151618;9.80896417491926;10.24436383512051;9.581200581924955;9.970105890612182;10.274960472140602;10.400879436282183;9.23840473932508;9.030667136246942;10.573647187493322;9.453270634010623;9.207014320177532;9.776433032444732;10.52258153125483;10.23840473932508;10.023754353299417;9.4797802640291;9.308339030139408;8.539158811108031;10.159871336778387;9.364134655008051;10.485829308701904;10.004220466318197;11.01262453886506;9.353146825498085;9.066089190457772;10.50481898763284;9.4655664048094;10.004220466318197;10.459431618637296;10.527477006060396;9.663558104217271;10.011227255423254;10.145932145820517;9.89026427702111;9.583082767502932;10.17367713630342;9.489847960439295;10.131856960608792;10.31628153174622;10.91737207947684;9.499845887083206;8.523561956057012;10.273795599214264;8.857980995127573;10.887982133058454;9.749869427396844;10.44190670454224;9.69522829149575;9.939579214314692;9.539158811108033;9.978710459106358;11.11178773580101;8.228818690495881;10.070120944476823;9.221587121264806;8.971543553950772;10.365228849251544;8.957102041562287;10.217957697864112;10.394462694610317;9.74819284958946;9.287712379549449;9.874981347653774;10.068778277985412;9.076815597050832;10.048486873992337;9.65284497300198;10.205793249397155;9.91288933622996;9.837627933171404;10.577428828035748;9.632995197142955;9.501837184902296;9.4797802640291;10.967946705812707;9.221587121264806;10.55170826162069;9.324180546618742;9.674192268145683;9.702172685365548;8.614709844115207;9.967226258835993;9.467605550082997;9.370687406807216;11.140829770773;9.483815777264256;9.935165049603697;9.91139198784346
11.891403996665025;11.573647187493322;11.91026795581084;11.62662165235837;12.491352073563435;12.106890045092218;10.65284497300198;11.69479315499995;11.985130373466898;12.177419537989236;12.913263430628762;11.114393054867309;10.403012023574997;9.663558104217271;9.984418458801136;10.501837184902296;9.513727595952435;10.689124404913258;11.338179249900112;10.741466986401146;9.00842862207058;13.140670030415102;11.818582177480858;9.12670447284319;10.34207466799914;11.99717948093762;9.794415866350104;9.216745858195306;10.857203471508166;9.96289600533726;13.828334860961816;11.33427328530719;11.13827180017222;8.124121311829187;12.334831928118;11.439311461818846;10.352043425795433;8.731319031025064;13.409656113059851;11.97692206785108;12.20181761666792;12.961992230928898;12.106890045092218;11.119589620741122;11.907266248531066;10.958552715431011;8.184875342908283;11.895575282380683;13.014020470314934;10.593391122791736;9.573647187493322;11.399811959325683;11.669770888525518;10.95492329203032;12.177419537989236;12.5262546938286;13.644081593265676;11.044394119358454;12.750706986224948;11.13827180017222;10.610102062999664;11.399811959325683;10.319672120946995;9.290018846932618;9.20212382383046;9.079484783826816;10.266786540694902;12.813981551614678;12.454813348512523;9.674192268145683;12.671541066711884;10.61194694181998;11.81977993183848;11.91513244895065;11.90350531042388;11.399811959325683;12.442425193331609;11.637983303777853;11.38855550398256;10.857203471508166;12.889313822384397;13.082980613825388;6.894817763307944;10.818582177480858;12.41204051455165;11.434106928609957;11.967226258835993;10.73893668167614;11.151650829973422;12.640470904590089;11.62113611327464;11.231821178657404;13.127188301043205;12.491352073563435;12.567956075415466;11.420486612825774;10.949097155729207;10.040289721025715;7.693486957499325;10.422064766172811;10.754052367528924;12.95164898590462;9.5980525001616;12.524786550851609;11.67991987851842;11.92184093707449;11.65954999687987;12.206403913973848;11.06406908038551;10.96650545190574;13.042001306279133;12.602698865017963;12.563434635710198;11.794821973331224;10.81698362325538;10.370687406807216;11.597121428789569;11.611024797307351;12.165535141377925;10.731319031025064;11.220982851081777;11.401412878714178;10.9901039638575;11.766114757586722;10.492854620174748;11.82137539237254;10.00562454919388;10.852529509404196;11.180530807344482;11.047123912114026;11.81257844413538;11.517669388133813;12.0744760007345;11.40832974076739;11.394462694610317;10.79197682089869;11.314016703901355;11.828136484194108;11.544481522310791;12.04916787237217;10.488844346457336;11.064742764750257;11.131856960608792;11.988684686772164;11.098032082960527;10.77313920671969;12.161446847518008;11.461479447286155;11.211888294546004;11.809768128710411;11.594791118089264;11.273212809854334;11.791162888555018;11.22881869049588;11.407798850221974;11.271463027904376;11.919235786028349;11.281350514981035;10.090112419664289;12.011227255423254;12.099676554859643;11.549303368513575;11.553149275598548;11.91026795581084;12.019590728357882;10.657318449581288;11.898601387403938;11.52552080909507;12.71681946132995;10.62296694479051;11.102631888854969;11.007728114632254;11.159240650411672;10.84862294042934;11.059344460824423;10.470658874060552;11.253847484987404;12.025139562278508;11.038918989292302;10.96289600533726;12.112439506781552;10.932952892194717;12.083479327331842;11.192909219112012;10.481799431665753;11.815783544128184;10.162391328756906;11.090112419664289;11.611485943240922;11.724940118462358;11.3009244909763;9.722807531169549;11.396069557639867;11.086799685623452;11.641148597411233;10.83605035505807;11.581200581924955;11.845490050944376;11.336506559810257;10.808159772868375;12.540370243743569;12.827938080144987;11.079484783826816;11.909143047339898;11.83880998570856;12.147204924942228;11.779719355143405;9.874981347653774;10.7632123668144;10.81698362325538;10.974414589805528;11.51422090935813;12.303209948944776;11.583552930466483;11.724940118462358;10.562242424221072;11.339293300180094;12.06406908038551;9.489847960439295;11.50481898763284;11.157978449945432;12.14274527675153;11.860311054919482;13.254733389246674;11.934428040626804;11.215532999745657
7.900866807980749;8.383704292474052;8.686500527183219;8.321928094887362;8.88264304936184;7.247927513443585;9.285402218862249;8.118941072723507;8.581200581924957;7.546894459887636;7.74819284958946;8.951284714966972;8.361943773735241;5.954196310386875;8.867278739709661;8.588714635582264;9.247927513443583;9.167418145831736;9.113742166049189;8.348728154231077;8.344295907915816;6.727920454563199;9.224001674198105;9.403012023574997;7.665335917185176;9.515699838284045;7.599912842187128;8.335390354693924;8.31741261376487;9.090112419664289;8.098032082960527;8.330916878114618;6.9886846867721655;9.85642552862553;7.721099188707186;7.577428828035749;8.20945336562895;10.46454575033394;7.348728154231077;10.397674632948268;8.204571144249204;8.535275376620802;7.247927513443585;8.194756854422248;8.76487159073609;8.092757140919852;7.900866807980749;9.834471049984222;8.945443836377912;9.044394119358454;8.980139577639157;6.94251450533924;7.851749041416057;9.197216693110052;7.546894459887636;8.951284714966972;8.945443836377912;8.988684686772165;7.971543553950772;6.9886846867721655;8.49585502688717;6.94251450533924;9.620219825507489;8.159871336778389;9.060695931687556;9.052568050804153;9.837627933171404;7.076815597050831;8.400879436282183;8.794415866350105;8.897845456005511;7.442943495848728;9.027905996569883;9.786269627648466;8.599912842187127;6.94251450533924;7.562242424221073;8.885696373339394;8.546894459887637;8.31741261376487;9.550746785383245;9.20945336562895;8.252665432450248;8.74819284958946;8.330916878114618;8.603626344986193;8.539158811108031;7.108524456778169;8.45532722030456;8.03342300153745;8.0;8.78135971352466;7.988684686772165;8.88264304936184;9.86418614465428;8.885696373339394;7.98299357469431;8.204571144249204;9.840777923595054;8.800899899920305;8.703903573444663;9.546894459887636;9.411510988012072;9.804131021183318;8.829722735086058;8.839203788096944;8.679480099505446;8.74819284958946;9.46352437327118;6.7414669864011465;9.103287808412022;8.90388184573618;7.800899899920305;7.86418614465428;8.888743248898258;8.20945336562895;8.778077129535358;7.741466986401146;8.0;7.78135971352466;8.055282435501189;8.643856189774725;7.845490050944375;8.087462841250339;8.50382573799575;9.26209484537018;8.92481250360578;7.417852514885898;7.912889336229962;8.098032082960527;9.233619676759702;8.640244936222345;8.290018846932618;8.164906926675688;9.515699838284045;8.20945336562895;8.312882955284355;8.870364719583405;8.800899899920305;9.3151495622563;9.179909090014934;7.820178962415188;7.800899899920305;8.813781191217037;8.174925682500678;7.22881869049588;8.787902559391432;8.271463027904375;8.294620748891628;8.194756854422248;8.426264754702098;7.554588851677638;8.665335917185176;9.111135670234708;8.499845887083206;7.523561956057013;9.264442600226602;8.285402218862249;8.845490050944376;8.842350343413807;8.611024797307353;8.707359132080883;8.294620748891628;8.727920454563199;8.118941072723507;9.098032082960527;9.00842862207058;8.89178370321831;7.392317422778761;8.81698362325538;7.614709844115208;7.672425341971495;7.483815777264256;9.527477006060396;8.539158811108031;7.894817763307944;8.375039431346925;8.515699838284043;9.121533517340032;6.977279923499917;8.897845456005511;7.321928094887363;8.820178962415188;7.894817763307944;8.447083226209653;8.539158811108031;8.276124405274238;8.584962500721156;8.43879185257826;8.543031820255237;8.361943773735241;8.071462362556623;8.228818690495881;8.31741261376487;8.344295907915816;8.784634845557521;8.577428828035748;8.727920454563199;8.098032082960527;7.366322214245816;7.366322214245816;8.791162888555018;7.539158811108031;8.219168520462162;8.60733031374961;8.703903573444663;8.90388184573618;8.696967526234287;8.400879436282183;8.164906926675688;8.312882955284355;8.672425341971495;9.306061689428342;9.124121311829189;9.417852514885896;8.581200581924957;8.88264304936184;8.581200581924957;8.303780748177102;8.266786540694902;8.375039431346925;7.734709620225838;9.074141462752506;8.851749041416058;8.247927513443585;8.558420713268664
14.124686773651495;15.29232163280204;15.09811435108936;14.185572353167862;15.720137356354217;14.424494375381926;14.667943114546544;14.876612867248582;14.815083036689858;13.4773788261995;14.815483368302802;14.754365599672196;15.296270978386014;13.504074114520575;14.66266837551754;14.469514634708393;14.769424641552751;14.433781021038394;13.453785055496157;14.276342538234491;15.296593628704011;15.237844810068188;16.026782772345964;14.103615656394544;14.731106854388033;15.387512522948864;11.99964773652837;14.320871046330447;15.264955662710037;15.3782271094377;16.539537493092077;14.340615118513762;15.17488668178319;13.02392757717438;14.612638163604773;15.091270081821463;15.408462432884376;14.534181274578224;15.34349804343919;14.126543160712323;15.665613502670974;14.911111061926714;14.424494375381926;14.646783691837792;15.101483311565277;14.249113452713727;14.49360530705712;14.893680738390907;15.341449327590666;14.880444474416525;15.5907039951622;15.118413912699893;13.95828082516902;13.263122458263917;13.4773788261995;15.426985397972526;15.292896755409172;15.935487372675627;14.484948734468157;15.17488668178319;15.3536637537493;15.118413912699893;16.249761601140737;14.712473263777524;14.04003280800912;13.33525076831281;14.533086342167612;14.631120201847263;14.767408584948104;15.095397022792556;14.572937025017309;15.371810669763118;15.270952274818438;16.308250138954534;14.358582525655892;15.118413912699893;14.360572781480696;15.819929581238634;14.538492089304349;15.264955662710037;15.484193528531758;15.027776438396309;13.836149004245492;14.332596057789214;14.61649141050838;13.630835898951302;14.542306422582593;14.126139801456508;14.623938629845174;14.959005752031024;14.966099839689708;15.238964451350238;16.60549398660915;15.720137356354217;15.102508870731604;14.979023199775751;13.717783507500728;14.461671282276251;13.568193653850074;14.814031637366591;13.881113960675096;14.805038471705462;13.793704903944487;15.260110951090098;13.61275333504465;15.720778649167064;14.946997627632992;15.316140084122116;14.64807665609292;12.72451385311995;15.120966818009704;14.28439035916582;14.61918830567264;15.423214415640684;14.813330278557986;14.26136038776592;15.812553376238958;14.750340614067264;15.663502512246056;14.092757140919852;14.836888658217545;15.338214076996175;14.281278059613976;15.45011579365922;13.936085781679678;15.50326673442109;14.214546800915006;14.176251079967246;14.49866225224872;15.067644430364023;15.228593251782884;15.802061917315704;15.451951591099233;15.627049332983116;15.599128302916348;14.543454800521978;15.675488477802894;15.331756712255473;14.978129475081916;15.794695077179211;13.95701132599393;14.180142265411972;14.370823606480757;15.126341495181183;14.841564347730577;14.918117851031772;16.025355881089116;14.64593982955815;14.704173837217375;15.379649117760035;15.97172316117676;14.627761852402616;15.853601963952638;15.38949690371638;15.650715202538128;14.443979542601252;15.213104219641906;14.6660020326449;13.888077294500452;15.663419120272492;15.968824264411325;15.507299124122763;14.696695908980187;15.144857364337296;15.6963427300819;14.773345291291273;15.960816477139623;15.05904865773655;15.786065381163962;14.814031637366591;14.288073008232963;14.74897898803824;14.661945066702316;14.621822947394202;14.715586686342135;13.392585756275468;14.565697126849214;16.065374058262666;14.989970965927848;15.269638078840112;15.596917676803711;14.38498605851085;15.520587989814569;14.757181632816716;14.977995368612962;14.460199895059583;13.857980995127573;15.036001852919863;15.664752813758891;15.93544133093119;15.16753575204684;13.171489577065657;14.826498834211773;15.099306712078496;16.11774454746234;15.605537391381006;14.85934065396752;16.06573166867087;14.825604786440406;14.508970809227256;15.553209286623323;15.964611618481191;14.750078862693847;14.80473605161403;15.022757912187137;15.783791186648823;15.227277490055496;14.251926157496388;14.513789269353788;14.520495913671905;14.723500967876427;14.911345170655972;15.682884885545228;15.502023728234784;15.467510029505554;14.138191790464695;15.427149130343736;15.998325981932126;13.536732889835417;14.927639092298246;14.425609311939068;16.219660127012876;15.254216677875489;15.794085820233253;15.552248810548477;14.824958740528524
8.744833837499545;8.876516946565;8.566054038171092;9.036173612553483;4.700439718141092;8.184875342908283;8.45532722030456;8.603626344986193;8.997179480937621;9.144658242831882;9.257387842692651;7.826548487290915;9.287712379549449;7.936637939002571;9.86727873970966;8.149747119504681;10.037546953962178;8.820178962415188;8.459431618637296;8.499845887083206;7.20945336562895;10.08746284125034;10.224001674198105;8.271463027904375;8.507794640198696;9.324180546618742;6.807354922057604;8.219168520462162;9.312882955284357;8.640244936222345;9.152284842306582;7.912889336229962;7.948367231584678;7.900866807980749;8.422064766172813;6.392317422778761;9.20945336562895;7.139551352398794;7.546894459887636;12.237508748172656;8.588714635582264;8.405141463136344;8.184875342908283;8.839203788096944;8.038918989292302;8.103287808412022;9.219168520462162;10.944712061043486;9.08214904135387;7.108524456778169;9.535275376620802;8.199672344836364;9.192292814470768;9.535275376620802;9.144658242831882;9.98299357469431;10.961449694398196;9.451211111832327;9.06339508128851;7.948367231584678;9.090112419664289;8.199672344836364;9.634811050171718;8.991521846075695;8.787902559391432;6.614709844115208;9.881113960675096;8.326429487122303;9.430452551665532;8.422064766172813;6.426264754702098;9.016808287686557;9.264442600226602;11.86534664481678;10.125413470483316;8.199672344836364;6.954196310386875;10.29232163280204;8.754887502163468;9.312882955284357;9.489847960439295;8.957102041562287;7.467605550082998;8.696967526234287;10.224001674198105;8.271463027904375;7.357552004618084;10.904634621668151;8.857980995127573;8.813781191217037;7.672425341971495;9.00842862207058;9.098032082960527;4.700439718141092;9.041659151637214;8.813781191217037;8.29920801838728;8.618385502258606;7.643856189774724;10.913637428049103;8.154818109052105;9.243173983472952;7.714245517666122;10.384783750093352;8.31741261376487;9.67065624911844;8.523561956057012;8.968666793195208;9.459431618637296;7.426264754702098;8.189824558880018;7.658211482751795;10.108524456778168;10.80896417491926;8.7714894695006;9.857980995127573;9.861086905995396;8.643856189774725;9.977279923499916;10.251482410620213;8.784634845557521;9.108524456778168;9.306061689428342;9.887220615468385;8.98299357469431;10.61378946447258;9.25502856981873;10.164906926675688;8.721099188707186;9.50382573799575;10.188588845707349;9.707359132080883;9.381542951184583;9.36194377373524;9.722807531169549;8.78135971352466;10.121533517340032;9.76983784362944;9.06339508128851;10.594324603924848;9.634811050171718;9.226412192788786;8.791162888555018;9.829722735086058;8.861086905995395;9.787902559391432;10.492854620174748;9.873444112515376;9.027905996569883;8.774787059601174;9.654636028527968;10.047123912114026;10.681238411777803;9.517669388133813;9.541096615349524;9.08214904135387;9.346513733165636;9.584962500721156;10.635718120331047;10.546894459887636;9.91737207947684;8.76487159073609;9.324180546618742;10.872674880270605;9.071462362556623;10.124121311829189;10.501837184902296;9.988684686772164;9.23840473932508;8.658211482751796;8.67595703294175;9.005624549193879;9.35974956032233;9.60733031374961;10.585901449690772;8.682994583681683;10.30035256032822;10.563196272216738;9.226412192788786;9.337621901992508;10.169925001442312;9.036173612553483;10.563196272216738;9.7714894695006;9.068778277985412;9.3151495622563;9.776433032444732;9.34207466799914;9.91737207947684;10.445014845868425;8.588714635582264;7.924812503605781;9.276124405274238;9.326429487122304;9.394462694610317;8.546894459887637;9.965784284662089;9.733015321685963;8.625708843064466;9.326429487122304;9.820178962415188;10.591522346570734;8.89178370321831;8.977279923499916;9.663558104217271;9.906890595608518;9.594324603924848;9.084808387804362;10.049848549450562;8.64745842645492;9.768184324776929;9.729620743553038;10.279610581052484;9.29232163280204;10.17617314910749;9.674192268145683;10.405141463136344;10.227615943414223;8.682994583681683;9.753216749178955;9.403012023574997;9.627533884472792;10.287712379549449;10.4241662888181;9.509775004326936;8.971543553950772
11.262682142362165;11.003517912108602;12.230921088137896;10.413627929024171;12.0877943047879;12.230921088137896;11.925183519434208;12.166163082646111;11.737669863177452;11.223398414711628;11.382624026574916;11.506307581100309;10.29117069932186;9.335390354693924;11.302638923787551;11.249706056969703;11.724087461793989;11.419960177847887;10.878050912728536;10.655530723155644;11.019590728357882;12.190442018782823;12.337900602860929;10.643856189774723;11.81257844413538;11.128638812852598;10.855647166027266;10.916625922211235;11.37937836707126;10.964340867792416;11.956013078088098;11.159871336778387;11.169925001442312;10.73640193131829;12.042343379793692;11.204571144249204;11.43879185257826;11.565578136784328;11.530893981193922;12.34318571544788;11.267371931265274;11.62159403901754;12.230921088137896;10.854089179870574;11.38586240064146;11.80292019858527;11.00982861736811;11.303209948944776;11.63662462054365;11.749869427396844;11.366322214245816;11.959639764364184;10.900866807980748;11.16867211813223;11.223398414711628;12.624567018674917;11.974414589805528;11.967226258835993;11.735132884139947;11.169925001442312;11.713816080234498;11.959639764364184;11.95492329203032;11.043027283594547;11.687375683437468;10.710806433699352;11.210671343785622;10.52845411076479;11.659103963473662;11.507794640198696;10.61378946447258;12.127349541059118;11.574120435009748;11.98370619265935;11.51224664282918;11.959639764364184;11.613329054371054;11.526499239136566;11.016111838220512;11.37937836707126;12.295768934420508;11.92851837525789;11.719816603018126;10.603626344986193;10.355351096424812;11.254438148267257;12.123798091251857;10.83289001416474;11.183635381473218;11.624795455860236;11.505811553919594;10.768184324776929;11.636171441635922;12.0877943047879;12.165221068220944;11.38855550398256;10.260919533662904;10.514714054138487;9.794415866350104;11.780129619625306;10.881878707600446;11.844705764411938;10.842350343413807;11.846273911349906;11.784225860426252;12.31174831500496;11.456354415108288;12.60246690183057;11.62935662007961;9.89633240390994;12.430191170191696;11.480790201095816;11.413627929024171;11.655977862486942;10.646558710154547;12.84097456982188;11.592924155627635;10.997885127829113;11.588714635582264;12.270587340447513;11.028596777067108;11.186733289128869;12.241387363998935;11.232420927176076;11.385323176175872;12.101647450030766;10.606405212697783;11.43567026093655;11.453785055496157;11.393926675640415;11.562242424221072;11.13827180017222;11.81977993183848;10.897089128312755;11.53430288245463;11.861086905995396;10.7047682393626;10.837627933171404;11.44449728710381;11.57790083688697;11.113742166049189;12.215836309962455;11.914011328541257;11.830911279742782;11.186114239541643;10.263269200372662;11.720671786825555;11.358101707440849;11.665335917185176;10.97513145692134;11.451726268074506;12.509775004326936;11.659103963473662;11.171176797651771;10.884170519108435;10.862637357558794;11.117643101389092;11.699138625275914;11.73893668167614;11.43567026093655;12.053925881531104;11.618385502258606;11.092096414990792;12.233919208586975;11.602698865017963;11.421538906848276;11.526988205432009;11.894817763307945;12.14274527675153;10.971543553950772;11.191059214531656;10.767356854125683;12.252961036393684;12.36112133473479;11.929998062609029;11.978352958165145;12.763419874192088;11.651051691178928;10.977995368612962;11.388017285345136;11.375582512490508;12.058668250340572;11.946540803893104;12.159240650411672;10.728770849542665;11.98584193700334;12.428883552010191;11.199672344836364;10.816183681432342;10.905387005018133;11.265615046484458;11.33706433868474;11.101319154423276;10.981567281903017;10.906890595608518;10.813781191217036;12.690652799348484;11.12670447284319;10.92481250360578;12.639114563179414;12.644757592516257;12.023061249735337;11.134426320220928;11.573647187493322;11.984418458801136;11.386401423640775;11.925554439873554;11.54061240824953;12.196294745028265;12.26766453750112;10.817783121774534;12.049848549450562;11.9947069952581;11.396069557639867;12.192909219112012;12.242578689451346;10.905387005018133;11.53818893205242;12.374496145691516;11.782179193831208;11.67065624911844;11.137631598235428;12.868243817704636;12.214319120800766;11.16804526822409;12.347621368568134
3.906890595608519;4.169925001442312;5.977279923499917;5.672425341971495;3.584962500721156;4.700439718141092;3.584962500721156;3.807354922057604;6.189824558880018;4.247927513443585;7.483815777264256;4.584962500721156;4.906890595608519;1.584962500721156;5.584962500721156;3.4594316186372973;7.339850002884624;4.643856189774724;2.321928094887362;5.392317422778761;1.0;5.392317422778761;5.584962500721156;4.700439718141092;3.321928094887362;4.459431618637297;4.321928094887363;2.584962500721156;4.169925001442312;4.906890595608519;4.906890595608519;3.906890595608519;2.807354922057604;2.807354922057604;5.882643049361842;2.584962500721156;4.584962500721156;4.754887502163468;3.584962500721156;3.321928094887362;3.321928094887362;5.285402218862249;4.700439718141092;5.807354922057604;4.087462841250339;4.087462841250339;2.0;5.087462841250339;4.0;1.0;3.700439718141092;6.22881869049588;4.169925001442312;7.577428828035749;4.247927513443585;4.643856189774724;2.807354922057604;2.0;5.807354922057604;2.807354922057604;6.129283016944966;6.22881869049588;2.807354922057604;3.4594316186372973;7.383704292474052;4.700439718141092;3.807354922057604;3.0;3.169925001442312;4.807354922057604;2.807354922057604;3.584962500721156;4.523561956057013;3.700439718141092;4.643856189774724;6.22881869049588;3.4594316186372973;4.0;5.491853096329675;4.169925001442312;6.169925001442312;3.584962500721156;3.807354922057604;4.0;5.426264754702098;6.087462841250339;5.491853096329675;4.169925001442312;4.459431618637297;2.584962500721156;5.087462841250339;3.169925001442312;6.303780748177103;3.584962500721156;2.807354922057604;4.700439718141092;2.807354922057604;4.954196310386875;4.459431618637297;7.870364719583405;3.4594316186372973;4.247927513443585;5.044394119358453;7.169925001442312;3.0;3.906890595608519;4.247927513443585;5.977279923499917;5.754887502163468;5.426264754702098;5.357552004618084;4.169925001442312;4.392317422778761;4.247927513443585;4.087462841250339;7.483815777264256;5.672425341971495;4.807354922057604;6.247927513443585;7.426264754702098;5.087462841250339;4.321928094887363;6.614709844115208;7.592457037268081;8.149747119504681;8.31741261376487;6.189824558880018;6.0;5.129283016944966;3.0;5.614709844115208;5.169925001442312;8.0;5.0;5.643856189774724;3.584962500721156;6.044394119358453;5.044394119358453;6.894817763307944;6.266786540694901;7.614709844115208;7.383704292474052;6.9886846867721655;5.491853096329675;4.169925001442312;3.807354922057604;4.247927513443585;4.321928094887363;6.066089190457772;4.700439718141092;4.321928094887363;4.0;5.906890595608519;3.4594316186372973;5.357552004618084;5.285402218862249;5.672425341971495;6.658211482751795;9.734709620225836;5.554588851677638;7.0;5.247927513443585;7.622051819456376;7.794415866350106;4.807354922057604;5.357552004618084;4.459431618637297;4.247927513443585;6.266786540694901;6.0;4.584962500721156;5.754887502163468;8.29920801838728;6.870364719583405;6.044394119358453;5.614709844115208;7.679480099505446;5.584962500721156;3.169925001442312;5.247927513443585;5.672425341971495;7.851749041416057;6.700439718141092;6.918863237274595;4.321928094887363;6.658211482751795;7.118941072723508;6.303780748177103;3.584962500721156;4.087462841250339;7.554588851677638;6.285402218862249;5.584962500721156;4.584962500721156;5.554588851677638;2.0;6.6293566200796095;5.523561956057013;5.357552004618084;8.523561956057012;6.539158811108031;4.459431618637297;6.475733430966398;2.0;4.754887502163468;5.129283016944966;5.247927513443585;8.194756854422248;7.108524456778169;7.199672344836364;4.584962500721156;6.820178962415188;5.129283016944966;3.0;8.266786540694902;9.339850002884624;5.584962500721156;5.491853096329675;6.539158811108031;6.321928094887363;2.807354922057604;5.426264754702098;9.63117705570398;6.569855608330948;5.930737337562887;5.672425341971495
13.29304050024473;13.558898981146704;12.016460104979208;14.932906769493233;11.152918576136624;12.925739864337649;14.63736073279274;13.246889016274343;12.400879436282183;10.154818109052105;9.060695931687556;13.318542809702723;14.534485275051544;11.253847484987404;12.572463389083676;13.804231877210546;14.769372982971031;13.114067647165264;12.94288099715904;12.917931444281608;13.272338184158624;13.054095520550748;17.36577563532627;11.972620862058744;12.257093144491057;14.07020481965727;11.921469060531413;12.47851684767645;13.340406490853294;14.37266104469248;12.401946123976536;9.567956075415466;11.200898605038445;9.243173983472952;14.40932463429064;11.92035285541508;16.149171545910963;13.607099094093552;11.338736382573916;12.105253779700885;16.00274910149895;11.99717948093762;12.925739864337649;13.716926609389034;13.814682593958567;12.401412878714178;9.91737207947684;12.220075970984304;14.623881490013458;10.657318449581288;14.834767301405412;13.898695850984977;11.281930026955443;14.96902670215077;10.154818109052105;11.92072501975118;11.118941072723509;13.025139562278508;11.7657004876511;11.200898605038445;15.141428639639464;13.898695850984977;15.46307729332488;12.350939181546432;15.00812219191798;11.165535141377925;15.19136771341894;12.7279204545632;11.68650052718322;12.60293079091524;10.24198314969433;11.121533517340032;14.442619578597116;12.128638812852598;11.964340867792416;13.898695850984977;11.940313597145968;13.129444023031947;15.473610632095667;13.340406490853294;11.70606426733497;12.17804232886482;11.51422090935813;9.247927513443583;11.264442600226602;9.546894459887636;12.950738136047423;13.53393802806932;17.51767707641824;11.90350531042388;13.20212382383046;14.9955905123663;11.237209960755022;11.152918576136624;14.111950706153165;13.70011455491349;14.147045888945716;15.063226532302876;13.14194745831562;13.251482410620213;14.125574908970686;12.841171189248543;15.969948559232009;9.92481250360578;13.11309098344238;14.172818133574328;15.193140302970734;13.463396650280446;14.532903772613755;9.80896417491926;10.51175265376738;13.95183108688825;12.419960177847887;16.597659777700937;15.29652193486904;17.007914220097838;17.293615336407687;14.992938336165814;15.568074869523228;16.576882875224918;14.87238631240468;14.531137741444716;17.40294542791681;14.553629293916364;16.722233860482643;15.66300208808487;16.464130903108007;17.16173222474427;15.681814891361128;15.889456430504008;16.090794725845264;16.1539280143971;18.42471169164924;13.999823879015723;14.983884292164657;15.87067777047774;13.338875632131565;15.883836523264629;16.89478224484024;14.536125771600268;18.02971319916904;17.413305626789693;16.502754124132583;17.421218367308157;14.866168101329022;12.167418145831736;17.93494628935686;15.833952463570231;13.87872151038902;16.242597296108094;11.783816759320182;16.317854201936544;16.373884704681775;16.083977868501655;13.833977162388804;15.33758706059805;12.917185576336395;16.91186007617724;15.13270053623206;16.174769673304432;16.696369900759255;16.577325555510956;18.19060598715835;15.308801176032144;14.434823666219248;15.115328193371182;15.552549028017228;17.37741390351215;13.945626722229823;15.532173263273256;15.921190090204544;15.31153547057158;17.25831758924578;15.610419319489647;15.1741064459453;17.33848395848824;14.61769702930787;13.463013413449692;16.95402587106028;14.356864581418872;16.2864494687846;15.538219250644415;15.464928580385513;14.67656317260843;14.47307151430745;15.625965629058635;16.65954999687987;16.99995597176956;16.81037080018373;14.556685661897916;14.722167139781853;15.962286019717736;16.558555242135515;16.05775909311349;12.655754310144218;13.347759763219388;14.904493506096962;14.981165882862848;13.523194374830966;16.547978966547017;14.416005780559267;17.18624967933851;15.428229298205096;18.53652042751375;15.610794169053182;14.271171191139771;17.724280685977856;16.30524239122629;14.929027188980914;12.318260343712415;15.50711326170769;17.557433784751453;17.995065989342095;16.108994007649976;15.609380765954986;16.256282413904458;14.99147755834286;13.789941128390916;17.58620207760848;14.507670777134368;16.63157496997929;15.287676311722578;18.1492559115752;17.44686521655423;15.75243291716542;16.72446056109546
10.044394119358454;10.625708843064466;11.585432051592962;9.643856189774723;9.372865060112588;11.06339508128851;8.851749041416058;10.532355925288847;10.691743519171276;8.768184324776927;7.700439718141092;9.79766152585376;9.348728154231075;9.296916206879288;11.013322673425447;9.154818109052105;11.623424289869911;11.72749506902543;9.047123912114026;10.0566377151132;8.523561956057012;11.12605911607068;11.822570830950168;9.428360172704291;9.398743691938192;9.13699111208023;9.108524456778168;9.91737207947684;10.273795599214264;10.37937836707126;11.799281621521924;9.63117705570398;10.306061689428342;8.918863237274595;8.754887502163468;8.622051819456376;10.59898297103609;9.269126679149418;9.681238411777803;8.459431618637296;9.758223214726724;12.312032058744862;11.06339508128851;10.709083812550343;9.79766152585376;9.7632123668144;8.294620748891628;9.86418614465428;9.672425341971495;8.471675214392045;10.31741261376487;9.970105890612182;9.674192268145683;9.914385132155443;8.768184324776927;9.766528908598865;9.594324603924848;9.422064766172811;10.091435386323608;10.306061689428342;10.44190670454224;9.970105890612182;10.124121311829189;10.303780748177102;10.4655664048094;9.560332834212442;10.555547771647063;9.451211111832327;8.717676423066395;10.932214751968385;8.405141463136344;8.266786540694902;10.319672120946995;10.1331422124006;10.214319120800766;9.970105890612182;9.306061689428342;9.851749041416058;9.491853096329674;10.273795599214264;11.932952892194717;10.286557761607956;10.5401280385821;8.262094845370179;9.144658242831882;11.53430288245463;11.667555107041132;9.60917873814198;9.672425341971495;9.011227255423254;10.389093521904474;9.618385502258606;10.16867211813223;9.372865060112588;9.121533517340032;9.703903573444665;8.912889336229961;10.73893668167614;10.437752072323605;10.059344460824423;8.794415866350105;9.310612781659527;8.357552004618084;10.586839787961829;6.870364719583405;10.064742764750257;9.667111542075029;13.184565452446156;10.586839787961829;8.857980995127573;9.377210530388552;8.784634845557521;10.072802534544207;10.393390457443989;9.447083226209651;8.810571634741146;10.65284497300198;9.981567281903017;10.654636028527968;9.411510988012072;9.91737207947684;10.200898605038445;8.948367231584678;10.103287808412022;9.52943055414615;11.21006248324023;10.294620748891628;9.569855608330949;10.075479149488016;10.352043425795433;11.078817949961978;10.760719947465624;10.721099188707186;9.581200581924955;10.371776644337924;9.497851836951115;10.926295994781112;10.16867211813223;12.162391328756906;10.603626344986193;10.573647187493322;9.539158811108033;9.527477006060396;10.436711542137214;9.840777923595054;9.707359132080883;11.382624026574916;10.332036548361652;9.93810932621924;10.088788238716909;10.370687406807216;9.368506461507693;10.50084187955693;10.471675214392045;10.169925001442312;9.605479518061667;9.64565843240871;10.051208940914766;10.388017285345136;10.75905593916017;10.715961990255144;9.804131021183318;10.199672344836364;10.690871009292314;9.661778097771988;10.294620748891628;10.858758099935422;10.019590728357882;10.032045726930807;10.552669097514272;9.489847960439295;9.22881869049588;9.36194377373524;10.676838606474153;10.719388820942084;8.396604781181859;9.874981347653774;11.255618749839597;10.443979542601252;10.384783750093352;10.672425341971495;9.79603960882977;11.103287808412022;10.24555270625568;9.89633240390994;9.022367813028454;9.74819284958946;9.984418458801136;10.585901449690772;10.064742764750257;9.73809225962049;8.744833837499545;10.08214904135387;10.333155350310616;10.447083226209651;9.4757334309664;10.393390457443989;10.824163209744158;10.247927513443583;9.3151495622563;10.049848549450562;10.95637615724967;9.929258408636972;9.038918989292302;10.610102062999664;10.685624839726357;10.869593843240784;10.755722153642282;10.14338321398982;9.507794640198696;10.172427508645482;10.456354415108288;11.139551352398794;10.442943495848729;10.91214085629572;10.14210705730255;10.721099188707186;10.89633240390994;7.199672344836364;9.643856189774723;9.721099188707186;10.428360172704291;10.9901039638575;10.788718332690458;9.758223214726724;10.20212382383046
12.208539206738363;12.97924654446865;12.15608307628868;12.330916878114618;11.957102041562289;12.378023850925484;13.024793384702548;11.263269200372662;13.086302118782552;13.081483438093674;8.214319120800766;12.468114886378098;12.258860431409756;11.583552930466483;12.349281228817452;12.449922415863757;12.672204323964031;12.433846208442825;12.067098185748383;11.984418458801136;12.181773438808808;12.35672705746463;13.88978912797328;11.988329649231089;12.690871009292314;13.091435386323608;11.145932145820517;12.303209948944776;13.319813222716473;13.604321563877273;12.992407315348498;12.695445810537382;10.790348496751914;10.266786540694902;12.173052457774116;12.156399144871584;12.99045856507371;12.882260929099804;13.391512122707118;12.85856386297237;12.677939816390142;12.62958430019385;12.378023850925484;12.828929827651486;12.714245517666123;12.679700005769249;12.167104482379932;13.08696550311009;12.727069558023706;13.061033601681112;13.605942439625368;13.364545075106848;12.645883554519004;12.220075970984304;13.081483438093674;13.720137356354217;13.29174628083394;13.689015171898564;11.950920352030098;10.790348496751914;13.17508167482833;13.364545075106848;13.935257149258415;12.642728643769;12.848427334023928;12.217351905270334;12.205487820150566;11.81418188419028;12.617467465294196;13.060020354507852;12.483563888125094;13.137951734715358;13.341101799094083;13.06339508128851;13.540733475260962;13.364545075106848;11.49735289347705;12.624110035762987;12.543756853375896;13.319813222716473;13.531868775177552;13.2603315185576;11.62067804213541;12.358101707440849;12.739147709986453;10.92184093707449;11.860311054919482;11.441388029346689;11.429929741353272;13.37531099747307;11.89178370321831;12.554828641429854;12.155450731312138;11.957102041562289;12.490850876740298;13.267518241801469;12.13410540040181;11.570330101030798;10.996473488733228;13.001408194392807;11.784225860426252;12.642051692927977;12.5262546938286;12.733862719678545;13.959368078909526;13.0744760007345;12.727707777472686;13.36112133473479;12.284824100224624;10.960725994839056;13.351353372192143;13.10476253798197;12.938476938666351;13.7124195251136;12.391780606013166;13.748821794614704;13.496229639354992;12.526499239136566;13.577310801689638;13.47218311618954;12.727282329212189;12.871520262329112;13.640809790793162;13.659215484753885;12.695880750257556;13.961901822341002;12.321646290991382;13.66077587818261;12.588480412829758;12.942697762886755;13.140670030415102;12.997532347526366;13.307912302492948;13.083313108650756;13.035658272294071;13.032906677628253;12.925183519434208;13.17195861907712;12.929628283024565;13.761031735466885;12.340406490853294;13.220831743981256;14.637700350270975;14.022194401760634;13.222493052246469;12.341240820538747;13.80564312177336;13.02894204332241;12.700439718141093;12.9901039638575;13.00105627463478;14.618270779580252;13.675736555361906;13.151967870968187;13.088788238716909;12.713171684314805;12.59245703726808;13.057145616910695;13.026869205263395;13.496229639354992;14.190364850745532;13.206098613995795;13.058668250340572;13.90190393807474;13.040803409847555;12.697619199078714;13.45236995480311;14.079818085212354;14.075646273153524;12.349004718027745;12.182083929510725;12.609640474436812;13.940130036481444;12.903693590364233;12.86978660094578;12.896710815726117;13.809466698537456;13.189670152603751;12.464800981655417;12.802718295983178;13.555907202377874;12.986197587206274;13.565935077540978;13.819280988364412;12.322209843748894;13.066089190457772;12.940130036481444;12.332875731152674;12.823964258486738;13.016634206836764;12.607792641919213;13.548581118165128;12.7402023887679;12.606636543579526;13.016982347533649;12.5262546938286;13.695119519675222;13.24555270625568;12.42783660345852;14.42816385650311;14.085389466973655;14.30370941062222;12.53503231452927;13.781052288362956;13.295768934420508;13.49210354247923;14.105090051046009;12.478769619475765;12.74188827273525;14.313875034039125;12.4189067312579;13.043539998771736;13.975041868009528;12.874981347653774;13.418774996331916;13.091600671887274;12.809768128710411;13.490098754884238;11.50084187955693;13.090277856857394;13.429668265133094;13.868050853745158;13.960364008877834;14.131696223597777;13.151016538892248;12.875557388803728
9.36194377373524;9.729620743553038;10.733015321685963;10.722807531169549;10.625708843064466;9.663558104217271;10.964340867792416;10.084808387804362;11.600377553107844;10.823367240046236;9.857980995127573;10.306061689428342;11.272046524389935;7.734709620225838;10.744833837499543;10.581200581924955;10.846273911349906;10.526499239136566;11.12605911607068;10.159871336778387;9.46352437327118;10.159871336778387;9.469641817239516;11.43879185257826;11.150381968817848;10.7431513941125;11.324180546618742;9.820178962415188;10.00982861736811;9.90388184573618;10.29920801838728;10.358651200892886;10.253847484987404;11.564149489985732;11.131213905086272;10.398743691938192;10.337621901992508;11.183635381473218;9.211888294546004;12.84136778188234;8.83605035505807;10.148476582178278;9.663558104217271;10.904634621668151;10.580258567499788;9.902375114486023;9.509775004326936;12.839006900339438;9.776433032444732;10.280770770130603;9.283088353024002;8.199672344836364;9.707359132080883;11.638888382252262;10.823367240046236;11.128638812852598;10.194756854422248;9.974414589805528;11.212496385193948;10.253847484987404;11.179287104646004;8.199672344836364;10.5401280385821;10.049848549450562;11.197216693110052;11.62935662007961;11.672867276433792;8.471675214392045;11.014717929860009;11.672425341971495;10.461479447286155;9.269126679149418;10.543031820255235;10.943247395901553;11.992584344005802;8.199672344836364;11.084144010615145;10.578372691360803;10.413627929024171;10.00982861736811;10.536247215688128;11.011926066306808;10.159871336778387;11.358651200892886;10.891024190149498;10.582141981658776;10.97513145692134;9.554588851677638;10.818582177480858;9.859534786382651;11.155450731312138;9.887220615468385;11.922955991908475;10.625708843064466;11.330916878114618;10.665335917185176;10.646558710154547;9.44086916761087;12.31741261376487;11.30890780406394;10.539158811108033;11.947636937951827;8.951284714966972;11.098690096673591;11.620219825507489;11.181152256865566;11.103943429891558;10.051208940914766;11.358101707440849;11.08746284125034;10.330916878114618;10.985130373466898;10.211888294546004;9.233619676759702;10.407267764244732;10.339850002884624;9.76155123244448;10.045759661382682;10.022367813028454;10.0566377151132;9.873444112515376;10.484822894262146;10.037546953962178;8.804131021183318;9.554588851677638;9.79603960882977;11.295194955880657;8.467605550082997;10.007027266893967;9.381542951184583;10.26209484537018;9.69522829149575;10.469641817239516;9.453270634010623;11.188588845707349;9.826548487290914;9.471675214392045;10.041659151637214;9.428360172704291;10.366322214245816;11.369052007001388;10.051208940914766;8.700439718141093;10.332036548361652;9.774787059601174;9.328674927327947;8.945443836377912;10.24198314969433;10.460455896309636;9.731319031025064;10.521600439723729;8.778077129535358;10.1331422124006;10.52258153125483;9.746514321138465;8.459431618637296;10.972261848733291;10.205793249397155;9.375039431346924;10.048486873992337;9.810571634741146;10.632086412835182;9.543031820255235;10.560332834212442;10.298062567719017;11.078817949961978;10.541096615349524;9.383704292474052;8.243173983472952;11.758223214726724;9.1006623390052;8.960001932068081;9.815383295813538;10.802516365121225;10.373952655370193;10.673309075561695;10.337621901992508;10.578372691360803;10.22881869049588;9.800899899920305;10.221587121264806;9.853309555403674;10.167418145831736;9.65284497300198;10.948367231584678;9.868822554775;9.744833837499543;10.214319120800766;9.845490050944376;10.210671343785622;10.296916206879288;9.766528908598865;9.271463027904376;9.419960177847887;9.975847968006784;9.778077129535358;10.523561956057012;10.045759661382682;9.992938336165814;8.813781191217037;8.686500527183219;9.41574176829009;9.14974711950468;7.20945336562895;10.353146825498085;9.554588851677638;10.308339030139408;10.62296694479051;9.159871336778387;9.668884984266247;9.774787059601174;9.521600439723729;10.414685235807214;10.193525360501216;10.217957697864112;10.00562454919388;10.125413470483316;10.363039630256514;10.230020435705637;10.075479149488016;9.642051692927977;8.060695931687555;11.1357092861044;10.052568050804153;9.800899899920305;9.696967526234287
10.977995368612962;11.663113308455806;12.221587121264806;11.679480099505446;9.477758266443889;10.98299357469431;10.824958740528524;10.83289001416474;11.067434360756522;11.118941072723509;8.219168520462162;10.433585441150496;10.107217075591382;9.927777962082342;11.689561254285524;11.33427328530719;11.782998208920414;10.178664851006472;10.859534786382651;10.55170826162069;11.004922678569043;9.99717948093762;13.828830683574145;11.020285500844649;12.0;11.350386742312844;9.566054038171092;10.690871009292314;11.917745013443216;11.186114239541643;10.88340698638837;10.809768128710411;9.321928094887362;10.550746785383245;11.502334580197996;11.975489756945754;11.803727526553114;11.973697366305352;9.83289001416474;10.1331422124006;11.237209960755022;11.268542000300124;10.98299357469431;11.092096414990792;10.76487159073609;11.312882955284357;11.059344460824423;10.541096615349524;11.534789211480266;11.376668061857668;11.79197682089869;12.003166506665169;11.271463027904376;11.219168520462162;11.118941072723509;12.253847484987404;11.283088353024002;12.08746284125034;8.968666793195208;9.321928094887362;11.11829223302699;12.003166506665169;12.398476501449256;12.881878707600446;10.82097669262124;11.900866807980748;10.832098846039134;11.584022940257542;11.625252221746871;11.450180247164754;11.677279191312175;10.741466986401146;11.449148645375436;12.256798386079389;11.447083226209651;12.003166506665169;8.897845456005511;11.648357582009666;11.801708358916462;11.917745013443216;11.480790201095816;10.673309075561695;10.157346935362844;11.47015043527436;10.703038388986418;9.868822554775;10.276124405274238;11.90275194485016;11.837233700339088;10.251482410620213;9.030667136246942;13.295625461192714;11.076147528022505;9.477758266443889;11.445014845868425;13.911111061926714;10.57459352733761;11.084144010615145;10.177419537989236;12.234518085739987;11.011926066306808;11.017504401109417;11.50928016808786;13.354111608460832;11.30035256032822;12.051208940914766;11.50432244829189;12.601074338941668;10.98370619265935;10.044394119358454;10.98655314975666;10.996473488733228;11.079484783826816;14.733492044300329;12.006676715308988;15.74025510247311;14.240269602231637;12.11504365016171;13.590119174107176;15.254954780337554;13.055112935995515;12.143702076857933;14.855987751337729;13.454813348512523;14.1524433018642;14.638775278489836;12.156399144871584;15.198176429605104;13.656536591838602;13.57553924683453;13.514097596819836;12.744413410557655;13.022020969646356;12.76632184795396;12.721099188707186;14.37218489648635;12.011576703176177;12.694140204076431;12.139551352398794;12.7638347994296;13.41903845415604;15.07485226326233;16.281096905274673;14.46601271418369;13.376261076559688;10.497851836951115;13.488593333835407;13.87315569848565;13.092096414990792;11.873444112515376;12.373137035802127;15.634442389953064;13.2659080092311;11.386401423640775;11.900112062977456;12.838022058304546;12.390706372872774;13.965243172556892;14.216745858195306;13.008253527096048;14.256356135514164;12.137951734715358;13.568312428397611;15.37937836707126;11.47269083924278;13.862831046897997;12.897467341721892;15.44782582664769;13.92740761294903;11.691743519171276;13.170238052336648;12.784430367484626;15.300888751952558;14.61114009761038;14.399077610477097;14.588656083459004;15.894509907532845;12.60130652612184;11.636171441635922;12.943247395901553;11.63026712502677;14.559974504523746;14.061286802320756;14.876085224549907;11.203959703239462;15.047975914170848;15.313414510885552;12.852919585123995;11.429929741353272;11.545929769085468;11.812979471251484;14.012013393872037;12.669992279616398;12.127349541059118;11.046441948007311;10.162391328756906;15.407400554068646;12.080151309614088;11.890644283619087;15.590002181442724;14.838022058304546;14.4697689885597;12.340406490853294;13.218260498797305;13.94982671075911;12.744833837499543;15.124202105660077;13.419433550705378;15.106317563279417;15.280770770130603;12.796242448203165;14.646277433703425;14.498225931349918;12.584727667963922;14.541459664055266;14.632143228628864;12.216442739160492;11.726643921483994;12.52135506255826;13.427443801793194;14.93304513317431;12.285402218862249;14.93258386928929;14.044479503612074;12.852919585123995;14.977592974394254
11.314583244274194;10.1331422124006;11.676838606474153;10.862637357558794;12.07815080773465;11.477758266443889;10.766528908598865;11.494855584491198;12.151650829973422;11.676838606474153;11.323617763291578;9.67065624911844;10.828136484194108;9.78135971352466;11.174925682500678;11.12670447284319;10.788718332690458;11.364134655008051;10.822570830950168;10.62662165235837;10.655530723155644;11.001408194392807;10.88340698638837;11.400879436282183;11.446566409066069;11.002111776479852;11.163020639580791;10.804937672051908;11.096715154488535;10.844705764411938;11.59105477403678;10.902375114486023;11.3151495622563;10.933690654952231;10.59245703726808;13.10541748977662;10.754887502163468;13.756035023497317;10.735556023911537;13.096385734452651;10.323054760341646;10.658211482751796;11.477758266443889;11.232420927176076;10.881113960675096;11.091435386323608;9.016808287686557;12.23511671439625;10.555547771647063;12.536732889835417;9.94104760634058;10.147204924942228;12.531381460516313;10.99506046703272;11.676838606474153;11.761966695382092;12.13249972962851;10.43149760425805;12.215229625747924;11.3151495622563;10.221587121264806;10.147204924942228;11.582141981658776;11.48683502156305;11.818981539432444;11.73047013718422;11.510269670898175;9.663558104217271;10.513727595952435;11.508289986140348;10.902375114486023;10.546894459887636;10.95637615724967;9.978710459106358;11.29174628083394;10.147204924942228;10.588714635582264;10.885696373339394;10.508785162064513;11.096715154488535;11.722807531169549;11.155450731312138;11.22881869049588;10.757390009366638;11.617926556798752;11.165535141377925;12.474212937193943;10.79603960882977;11.332036548361652;11.782588759494963;11.2940463132715;10.637530551525307;11.617926556798752;12.07815080773465;11.191059214531656;11.107870914279614;10.393390457443989;10.541096615349524;11.89633240390994;11.882260929099804;11.889884170302828;11.413098984915264;10.573647187493322;12.618844301766652;11.32023644524165;11.572700226487292;10.721099188707186;11.172427508645482;11.813380386924727;10.25502856981873;11.20212382383046;13.449148645375436;10.371776644337924;9.930737337562888;10.7047682393626;10.020979938904212;10.572700226487292;10.409390936137704;10.676838606474153;9.831307243802051;10.192292814470768;10.729620743553038;10.055282435501187;9.86727873970966;9.688250309133178;10.264442600226602;10.853309555403674;9.164906926675688;10.302638923787551;10.053925881531104;10.526499239136566;10.225207436943505;10.658211482751796;10.0566377151132;11.034798962577268;9.843921051289035;10.671541066711884;10.443979542601252;10.594324603924848;10.467605550082997;10.634811050171718;10.139551352398794;9.758223214726724;10.650154213675094;10.28886607416582;10.071462362556623;10.496853777388042;10.508785162064513;10.817783121774534;10.129283016944967;10.793603309279408;9.278449458220482;10.5401280385821;10.22881869049588;10.471675214392045;9.348728154231075;10.778077129535358;10.308339030139408;9.61654884377899;10.66266837551754;10.309476353841106;11.094077685671904;9.76155123244448;10.755722153642282;10.541096615349524;10.567956075415466;10.557463701597824;10.090112419664289;9.972979786066292;11.496853777388042;9.946906274456396;9.688250309133178;9.873444112515376;10.749031382040204;10.59245703726808;9.684748620421626;10.108524456778168;11.134426320220928;10.188588845707349;10.44604940671655;10.676838606474153;9.879583249612784;10.483815777264256;9.734709620225836;10.893301530860564;10.052568050804153;9.546894459887636;10.30035256032822;10.177419537989236;10.52943055414615;10.634811050171718;9.481799431665753;9.876516946565;10.25502856981873;10.550746785383245;10.391243589427445;10.256208688527389;10.955649907528374;10.569855608330949;9.409390936137704;9.93810932621924;10.506803437795648;10.124121311829189;9.074141462752506;10.664447284547972;10.36194377373524;10.778898476008376;10.86573327085176;9.700439718141093;9.642051692927977;9.899356922923111;10.345405246717796;10.667111542075029;10.50481898763284;10.776433032444732;10.004220466318197;10.54399845013454;10.967946705812707;10.536247215688128;9.968666793195208;10.034798962577268;10.029287226968243;11.081483438093674;10.897089128312755;10.51865315567339;10.095397022792556
8.499845887083206;11.06204613772049;10.758223214726724;8.98299357469431;9.951284714966972;7.491853096329675;9.257387842692651;11.84313591111135;9.94397991434374;10.835260918627489;11.897089128312755;9.884170519108435;11.055282435501187;8.562242424221072;9.659995892429976;9.204571144249204;10.1006623390052;9.851749041416058;9.68650052718322;9.422064766172811;9.36194377373524;12.836444911341369;11.17617314910749;10.462502272597265;10.026523442519766;10.040289721025715;10.677719641641009;7.515699838284043;10.14338321398982;10.00842862207058;10.533329732305834;8.451211111832329;6.303780748177103;7.930737337562887;13.061877431055866;8.118941072723507;10.03342300153745;12.437231901039478;11.18239435340453;10.210671343785622;10.188588845707349;10.41574176829009;7.491853096329675;9.364134655008051;10.453270634010623;9.20945336562895;7.686500527183218;10.153552031708111;9.328674927327947;8.184875342908283;9.52552080909507;9.1006623390052;9.7279204545632;9.992938336165814;10.835260918627489;8.939579214314692;9.383704292474052;9.052568050804153;11.667555107041132;6.303780748177103;10.015415052386688;9.1006623390052;10.03342300153745;8.81698362325538;9.24555270625568;9.972979786066292;9.805743872151618;10.25974326369078;9.174925682500678;9.614709844115207;8.566054038171092;7.761551232444479;10.34318571544788;10.67595703294175;8.252665432450248;9.1006623390052;6.169925001442312;10.778898476008376;9.310612781659527;10.14338321398982;9.661778097771988;9.296916206879288;8.303780748177102;11.384783750093352;9.658211482751796;9.271463027904376;8.951284714966972;9.20212382383046;9.368506461507693;7.924812503605781;9.383704292474052;10.788718332690458;10.841564347730577;9.951284714966972;9.794415866350104;10.62662165235837;10.888743248898258;10.169925001442312;8.266786540694902;9.453270634010623;10.658211482751796;11.547858506058416;9.967226258835993;7.044394119358453;9.055282435501187;9.147204924942228;10.183635381473218;10.352043425795433;10.7714894695006;8.383704292474052;8.396604781181859;8.321928094887362;8.189824558880018;10.90312867681232;10.776433032444732;8.243173983472952;10.19598729802851;9.89178370321831;10.618385502258606;9.679480099505446;10.083479327331842;10.448116305409464;9.157346935362844;11.43149760425805;9.131856960608792;9.954196310386877;10.3297963382207;8.442943495848729;9.7632123668144;10.200898605038445;10.4757334309664;10.346513733165636;10.476746203939468;10.276124405274238;10.564149489985732;9.533329732305834;10.4189067312579;10.44086916761087;10.263269200372662;11.208234358339787;11.855257827193196;9.467605550082997;9.333155350310616;10.186114239541643;10.835260918627489;8.507794640198696;11.640244936222343;10.095397022792556;9.91139198784346;11.018200178813226;9.786269627648466;9.18239435340453;10.397674632948268;12.076815597050832;9.813781191217036;9.722807531169549;10.252665432450248;9.878050912728536;8.558420713268664;10.824958740528524;10.388017285345136;10.793603309279408;10.210671343785622;10.806549621985962;9.842350343413807;10.993646060016596;12.282798858683533;10.11504365016171;9.49585502688717;10.661778097771988;9.86573327085176;9.958552715431011;9.357552004618084;10.4542992936199;10.658211482751796;10.369597346278676;9.65642486327778;10.591522346570734;11.40886043602476;9.353146825498085;10.48683502156305;9.400879436282183;11.589182967039353;9.779719355143405;10.871905237659186;9.682994583681683;8.417852514885897;10.271463027904376;10.726218159332198;10.8193807908646;10.398743691938192;8.252665432450248;11.037546953962178;10.61378946447258;10.550746785383245;9.560332834212442;10.044394119358454;9.442943495848729;9.818582177480858;9.319672120946995;10.377210530388552;10.389093521904474;9.533329732305834;11.140190703191836;10.220378327695228;10.816183681432342;10.332036548361652;10.074141462752506;9.868822554775;9.543031820255235;10.400879436282183;10.505811553919594;11.009128789539256;10.893301530860564;11.097373768990222;9.29232163280204;10.277287400130357;10.319672120946995;8.823367240046235;10.271463027904376;10.619302955415687;9.94104760634058;10.79197682089869;10.029287226968243;10.17617314910749;9.453270634010623
12.782179193831208;13.758535542718034;12.850382205652153;13.463652084955491;11.720244258287568;11.642954223480332;13.165849146176395;14.451533106039868;13.363450361943528;11.383704292474052;11.805743872151618;12.520864182988744;13.47015043527436;11.532355925288847;13.491853096329674;13.256208688527389;14.949781124376583;12.646558710154547;13.187042714339894;13.987530495164307;12.459687756239548;13.70595630946154;14.955014138983588;14.235715094761895;13.373408960228696;13.567005370247031;13.1705510353167;12.745044005034464;12.840384550711669;14.231296194102123;13.663224520253191;12.338736382573916;12.837825009196694;11.523561956057012;13.16427843830117;13.433194201814974;15.763004829585975;13.521109643651332;12.180530807344482;11.51717725268954;15.026004642978943;12.498849206531723;11.642954223480332;14.132419399160442;13.824859323167018;12.901809684323627;12.31174831500496;12.169298695792843;14.369665499196511;12.423903765836592;13.69283341500077;13.058330026205653;12.187042714339894;14.428491035332245;11.383704292474052;13.279465491793964;12.536975665610642;11.840777923595054;13.693704739225286;12.837825009196694;14.213863652749346;13.058330026205653;14.231221180711186;11.749450465569916;14.09811435108936;13.410451351503994;14.732644428491632;12.020632761657708;12.316564385396942;14.306916113522542;10.583082767502932;12.217957697864112;14.453592168933811;12.230921088137896;13.135869576648522;13.058330026205653;13.872867226786576;13.554109152574004;14.030236056361794;12.840384550711669;12.532112370794998;12.669770888525518;13.283956487665112;11.14274527675153;12.60246690183057;12.564625862795372;13.584727667963922;14.107952623284302;16.5939746192773;13.115206253153248;13.56843119316746;14.142585748356288;12.47395936569476;11.720244258287568;12.028596777067108;14.253330456169058;13.33063682472329;13.685186796595348;13.848818520317238;14.33532056319156;15.565459136904616;13.502085903985904;13.705092355522472;11.401946123976536;12.097702963524654;13.215532999745657;13.635718120331047;13.254733389246674;14.52552080909507;11.69522829149575;13.759680167210965;12.535518397768667;12.665557989846414;14.52545963517936;15.243583105672416;14.914431850797984;15.293399799686451;14.172740017049366;14.671375204743752;14.765027045188145;14.601190437202776;15.414354910667615;15.920911065923454;12.535275376620802;15.061539958530144;14.302210506548802;15.33552992757082;14.872193901756102;15.271754805646474;14.356520746950054;14.906373913076834;14.829970429316369;16.52689653687417;14.898790308381212;14.782230395898216;14.867230468859272;12.342630298678408;15.779129395477964;15.464832882395966;14.589182967039353;16.585432051592964;15.49928533899974;13.683433292835405;15.785963247077277;13.621822947394202;13.45930353278105;15.697402007502708;14.694466716478162;15.458566818342678;14.54248780619755;14.54803919301975;14.287135186086704;16.33152930544516;15.41481734468885;14.764042217306589;13.16427843830117;14.099347810403192;15.43420468652664;13.66211201631089;15.433846208442825;14.441128621804696;15.89732552331253;15.894201986050575;13.90275194485016;15.104680648097409;14.791773380858745;15.103533701383254;15.297955135077196;14.035572364351038;14.809064693647112;13.642051692927977;14.25214797976178;15.442003935385111;14.82172416429274;14.070372555390618;15.602321905896732;13.354662623474075;13.248668839723136;15.77151526115794;15.336401952259116;15.781001044466423;15.220378327695228;14.565578136784328;13.248224089668474;14.567540218990333;14.246740598493144;15.082107450145482;15.239225576001203;16.173247698871794;14.394529682980812;14.281278059613976;13.978352958165145;14.850382205652153;14.730735470170254;15.250816534285;15.16298131569552;13.783919045472931;15.266164302842398;14.74850735637577;13.763419874192088;13.314866431053176;14.987752526813004;14.193217322699065;15.314229182613673;15.434302437819635;14.050698944430026;16.34644447770918;14.753321227945042;12.964340867792416;12.14242620231898;14.7795141791435;15.08592883100414;16.425166719675538;14.954196310386877;14.324954015405382;14.341032283347769;14.381272555711789;15.48198858382487;15.354800344350595;15.191599044300682;15.169846728103668;14.819730045255342;15.14835741191725;15.602437903809587;14.81272884236756;15.191599044300682
12.701523066574437;12.914758838941856;13.549904967722028;13.499970423752185;13.682336269711378;13.451339918139356;13.70228092673116;13.678710163506825;14.71091402925751;14.675516044082778;12.625252221746871;13.700873155140265;12.871327736134008;11.501339618061396;14.332945641023104;13.230771018439848;14.884265932291957;14.003517912108602;13.002815015607052;13.193987293919182;13.986375379435334;13.514714054138487;14.022367813028454;12.871135184243045;14.82386477256863;14.31025774411845;11.977279923499916;12.992407315348498;14.293830840932827;13.608023750456493;13.87536540064177;12.302924464617952;13.199365616857982;13.31840158362059;14.18185106774912;12.981745645634575;13.24064228571925;13.450309145537936;13.643067000110516;13.571634151857069;12.98655314975666;13.620792573556171;13.451339918139356;13.336785476203756;13.1331422124006;13.02167404285837;13.561168590869755;14.232870575002964;13.50754690343482;12.637983303777853;13.665335917185176;13.60130652612184;13.170863950411928;14.37531099747307;14.675516044082778;15.554858612346743;14.445338225835457;14.407068556589126;14.197600664325927;13.199365616857982;14.718746909901064;13.60130652612184;14.053671385595203;14.756139298372927;13.724087461793989;12.874597192401634;13.494980552661476;13.119913785452267;14.138671782165105;14.756191432984584;13.971184272404678;13.637756945412145;13.027905996569883;15.843602139623268;14.139551352398794;13.60130652612184;12.818582177480858;14.247927513443583;13.107217075591382;14.293830840932827;15.1728962458698;14.067686440615208;14.094984859534922;12.158925203806964;14.118373353949211;13.11309098344238;13.970824901362615;12.17804232886482;12.8362476466879;13.180219982170192;12.99506046703272;13.336367081389795;13.325024310191417;13.682336269711378;14.416995396494416;12.7255792804196;12.555787402083771;13.044052531801302;12.852139328187244;13.544360769430126;12.449664538476192;13.92137607641608;13.633108754940718;14.56652978262417;13.01314817145476;14.45994384837493;13.829128095368542;14.61666370346146;13.253847484987404;12.407798850221974;14.338318553240237;12.946540803893104;14.205411452734468;12.887220615468385;12.844117269587995;13.147681927770476;13.22881869049588;12.559616085812724;13.369188361147408;12.940313597145968;12.748821794614704;12.97172316117676;13.12395971059229;12.849209600569264;12.35837648032824;13.365092120346462;12.622051819456376;12.263269200372662;12.971543553950772;12.6965329140783;13.286124541533368;12.897656411251145;13.1722712290547;12.544240006441658;13.435800462194786;12.545688495560212;12.6373041221062;12.679480099505446;13.447212401572669;13.31415835985325;12.90651484484695;13.003166506665169;12.926110641785304;13.359063183678291;12.71488943423155;12.029632328044135;13.442425193331609;12.732167425663384;12.915692682615404;13.400612641082;13.336506559810257;13.269126679149418;13.437492010125352;12.742940950666588;12.719816603018126;12.234817431117325;13.13024878405069;12.911204709977175;13.033939140726387;13.24555270625568;13.457380879072534;13.579551652806565;12.565102078360312;13.536854282829797;13.207929445511668;12.99735592502038;13.345543854110025;13.285546712331335;13.355488751597942;13.52172311265785;12.71789058398728;12.392049039364183;12.992938336165814;13.46735081448758;13.19598729802851;12.466331422082767;13.43514933836693;13.631972774534868;12.846665681899738;12.797864137333749;13.147363943409283;13.024620264759832;13.301353290218836;13.162233958149615;12.958915156091347;13.33105688442662;12.883597907455398;12.7255792804196;12.81257844413538;12.785452468158542;13.133784409179908;11.862249900851513;12.835260918627489;12.763627351727628;12.592924155627635;12.491101496916537;13.630494661505578;13.100498088416886;12.786473845221302;12.962173031109709;13.260919533662904;13.40832974076739;12.651051691178928;12.107217075591382;13.37218489648635;13.415213598765286;13.338875632131565;13.238852526315656;13.101811569824005;12.999471572532684;12.41204051455165;13.382624026574916;13.623767203560284;13.28424574982967;13.545447181678094;13.126543160712323;12.764664292073348;13.255766257128808;12.092757140919852;12.791773380858745;12.889884170302828;12.731743290707842;14.001672077887289;14.321153001682084;12.973518004703717;12.868050853745158
0.0;1.584962500721156;1.0;1.584962500721156;1.0;0.0;1.584962500721156;1.0;1.0;0.0;0.0;1.584962500721156;0.0;2.0;1.0;1.0;1.0;0.0;0.0;1.0;0.0;1.0;1.584962500721156;0.0;1.0;2.0;1.584962500721156;0.0;0.0;2.321928094887362;1.0;2.0;1.0;1.0;2.0;1.584962500721156;1.0;0.0;0.0;0.0;1.0;0.0;0.0;0.0;0.0;1.584962500721156;2.807354922057604;2.321928094887362;1.584962500721156;1.0;2.321928094887362;2.321928094887362;1.0;0.0;0.0;1.584962500721156;1.0;1.0;0.0;1.0;3.0;2.321928094887362;1.0;0.0;0.0;0.0;0.0;0.0;1.584962500721156;1.0;0.0;1.0;1.0;1.0;2.0;2.321928094887362;0.0;2.0;0.0;0.0;2.584962500721156;1.584962500721156;0.0;0.0;0.0;0.0;0.0;0.0;2.0;0.0;1.0;1.0;1.0;1.0;1.0;0.0;1.584962500721156;2.0;1.584962500721156;0.0;0.0;2.0;1.0;2.0;0.0;0.0;1.0;1.0;1.0;0.0;0.0;1.0;1.0;2.0;0.0;1.584962500721156;1.0;1.0;2.321928094887362;1.584962500721156;0.0;2.321928094887362;1.584962500721156;2.0;0.0;2.584962500721156;0.0;1.0;0.0;0.0;2.0;2.321928094887362;1.0;2.321928094887362;1.584962500721156;0.0;0.0;1.584962500721156;2.321928094887362;2.0;0.0;2.0;2.584962500721156;1.584962500721156;1.0;1.584962500721156;1.584962500721156;1.584962500721156;1.584962500721156;1.584962500721156;2.584962500721156;2.0;1.584962500721156;1.0;0.0;1.0;2.321928094887362;0.0;2.321928094887362;0.0;1.0;1.0;1.0;2.0;2.0;1.0;2.321928094887362;1.584962500721156;2.0;1.0;1.0;0.0;1.584962500721156;1.0;1.0;0.0;2.0;1.0;2.0;1.584962500721156;2.0;2.0;2.0;0.0;2.0;0.0;0.0;3.0;0.0;1.0;0.0;1.0;1.0;1.584962500721156;2.321928094887362;2.0;1.584962500721156;1.0;2.0;2.584962500721156;3.0;2.584962500721156;2.584962500721156;2.807354922057604;1.584962500721156;1.584962500721156;2.584962500721156;0.0;0.0;1.0;1.0;1.0;2.584962500721156;1.0;1.584962500721156;1.0;2.0;3.321928094887362;0.0;2.0;1.584962500721156;2.807354922057604;3.0;1.0;2.807354922057604;2.321928094887362
8.361943773735241;7.577428828035749;8.754887502163468;8.744833837499545;5.672425341971495;7.787902559391432;8.994353436858859;8.851749041416058;8.731319031025064;8.936637939002571;8.357552004618084;7.087462841250339;7.994353436858858;6.266786540694901;9.20945336562895;9.095397022792556;10.48683502156305;9.221587121264806;7.129283016944966;8.62935662007961;8.807354922057604;8.558420713268664;8.761551232444479;8.873444112515376;9.62935662007961;8.238404739325079;7.339850002884624;8.451211111832329;9.398743691938192;8.409390936137703;8.339850002884624;7.592457037268081;9.002815015607053;9.041659151637214;9.394462694610317;9.599912842187129;9.377210530388552;6.845490050944375;7.592457037268081;5.614709844115208;6.614709844115208;9.278449458220482;7.787902559391432;8.951284714966972;8.164906926675688;8.228818690495881;5.857980995127572;8.519636252843213;8.826548487290914;6.794415866350106;9.257387842692651;8.857980995127573;10.181152256865566;9.88264304936184;8.936637939002571;10.088788238716909;7.022367813028454;9.337621901992508;9.792790294301064;9.002815015607053;9.407267764244732;8.857980995127573;9.221587121264806;9.157346935362844;10.112439506781552;9.881113960675096;9.049848549450562;8.94251450533924;8.997179480937621;7.741466986401146;6.672425341971495;9.152284842306582;8.539158811108031;7.894817763307944;8.751544059089099;8.857980995127573;6.584962500721156;9.705632387361415;8.820178962415188;9.398743691938192;9.76155123244448;10.177419537989236;7.357552004618084;8.49585502688717;10.61194694181998;8.357552004618084;8.717676423066395;8.479780264029099;8.471675214392045;9.111135670234708;8.276124405274238;8.714245517666123;9.105908508571158;5.672425341971495;9.159871336778387;7.60733031374961;8.710806433699352;8.807354922057604;10.735556023911537;8.661778097771988;8.543031820255237;8.290018846932618;8.174925682500678;7.179909090014935;7.3750394313469245;9.37937836707126;9.507794640198696;9.019590728357882;9.651051691178928;7.693486957499325;10.14338321398982;8.43879185257826;9.4241662888181;7.491853096329675;7.539158811108031;6.189824558880018;7.651051691178928;6.754887502163468;7.643856189774724;6.768184324776926;6.20945336562895;7.665335917185176;6.285402218862249;8.044394119358454;6.94251450533924;7.800899899920305;7.977279923499917;6.303780748177103;6.087462841250339;8.005624549193879;7.658211482751795;7.507794640198696;7.60733031374961;7.022367813028454;8.20945336562895;5.977279923499917;8.51175265376738;7.011227255423254;7.954196310386875;9.038918989292302;8.721099188707186;6.754887502163468;6.569855608330948;6.832890014164741;7.0;7.807354922057604;8.603626344986193;7.6293566200796095;6.870364719583405;7.651051691178928;7.257387842692652;5.727920454563199;8.643856189774725;7.826548487290915;6.977279923499917;6.285402218862249;7.930737337562887;7.011227255423254;8.204571144249204;7.826548487290915;7.507794640198696;7.672425341971495;7.129283016944966;7.721099188707186;5.930737337562887;8.154818109052105;8.339850002884624;6.78135971352466;6.700439718141092;8.294620748891628;5.882643049361842;7.044394119358453;6.794415866350106;7.965784284662087;8.321928094887362;6.491853096329675;7.483815777264256;9.698704666770343;7.357552004618084;7.139551352398794;8.353146825498083;6.169925001442312;8.39231742277876;7.294620748891627;8.339850002884624;6.3750394313469245;6.022367813028454;7.03342300153745;7.876516946564999;8.29920801838728;6.727920454563199;6.266786540694901;8.016808287686555;7.409390936137702;7.22881869049588;6.906890595608519;7.276124405274237;7.467605550082998;7.118941072723508;6.149747119504682;7.189824558880018;7.826548487290915;6.426264754702098;6.108524456778169;7.483815777264256;7.189824558880018;7.734709620225838;8.39231742277876;7.592457037268081;6.727920454563199;6.930737337562887;6.894817763307944;7.714245517666122;7.011227255423254;8.326429487122303;7.507794640198696;7.539158811108031;7.3750394313469245;5.700439718141092;7.467605550082998;7.22881869049588;7.276124405274237;8.330916878114618;7.741466986401146;6.658211482751795;7.2384047393250786
9.584962500721156;9.417852514885896;11.084808387804362;9.60177078840771;12.525276097867126;10.040289721025715;10.682116764950074;10.457380879072534;9.659995892429976;10.535275376620802;9.851749041416058;9.681238411777803;10.122827994807666;8.483815777264256;9.857980995127573;10.1006623390052;9.955649907528374;10.103287808412022;9.968666793195208;9.071462362556623;10.157346935362844;9.715961990255144;10.091435386323608;9.445014845868425;9.672425341971495;10.437752072323605;10.17617314910749;10.108524456778168;10.16867211813223;10.14974711950468;11.101319154423276;10.194756854422248;8.744833837499545;10.850186837645774;8.700439718141093;10.286557761607956;9.214319120800766;11.380461065088973;11.240791332161956;10.709083812550343;8.654636028527968;9.471675214392045;10.040289721025715;9.688250309133178;9.567956075415466;9.86727873970966;9.108524456778168;10.685624839726357;10.333155350310616;10.41679752760606;10.00842862207058;9.290018846932618;10.44190670454224;9.829722735086058;10.535275376620802;9.92184093707449;10.699572453287267;9.977279923499916;9.843921051289035;8.744833837499545;10.600842114387302;9.290018846932618;10.721099188707186;9.86418614465428;9.826548487290914;10.527477006060396;10.828929827651486;8.459431618637296;9.39231742277876;10.1006623390052;10.665335917185176;9.390168956200185;10.210671343785622;10.345405246717796;11.2246046815385;9.290018846932618;10.330916878114618;9.89178370321831;9.233619676759702;10.16867211813223;11.045759661382682;10.851749041416058;9.310612781659527;9.906890595608518;9.72451385311995;10.507794640198696;11.326429487122304;8.204571144249204;9.588714635582264;10.040289721025715;10.747353829478062;9.76487159073609;10.266786540694902;12.525276097867126;10.830515206976838;10.345405246717796;9.505811553919594;8.867278739709661;10.487840033823051;9.5980525001616;11.215532999745657;10.449148645375436;9.857980995127573;11.197216693110052;9.564149489985732;9.957102041562289;9.821773981970567;10.462502272597265;10.221587121264806;7.977279923499917;11.285402218862249;11.276124405274238;9.590587049915037;9.377210530388552;9.99859042974533;8.179909090014934;9.546894459887636;8.535275376620802;8.640244936222345;8.228818690495881;8.531381460516313;9.221587121264806;7.554588851677638;9.893301530860564;8.118941072723507;10.545929769085468;9.590587049915037;7.794415866350106;7.734709620225838;9.434628227636724;10.148476582178278;9.837627933171404;8.581200581924957;9.368506461507693;10.246740598493144;8.523561956057012;10.15608307628868;10.221587121264806;9.885696373339394;10.457380879072534;9.89633240390994;7.870364719583405;8.434628227636725;9.550746785383245;9.54882190845875;9.61286849729104;10.578372691360803;8.554588851677638;8.96289600533726;9.12670447284319;9.862637357558794;8.906890595608518;10.139551352398794;9.905387005018133;9.96289600533726;8.778077129535358;10.230020435705637;8.271463027904375;8.693486957499324;9.283088353024002;9.975847968006784;9.569855608330949;8.199672344836364;9.707359132080883;9.016808287686557;9.679480099505446;10.227615943414223;9.25974326369078;8.159871336778389;9.489847960439295;9.060695931687556;8.64745842645492;7.826548487290915;9.388017285345136;9.45532722030456;8.219168520462162;9.098032082960527;10.461479447286155;9.774787059601174;8.113742166049189;9.99859042974533;7.672425341971495;10.296916206879288;9.172427508645482;9.888743248898258;9.388017285345136;8.144658242831882;10.094077685671904;10.040289721025715;10.473705749619416;8.727920454563199;7.857980995127572;9.12670447284319;9.134426320220928;10.124121311829189;10.469641817239516;9.489847960439295;10.162391328756906;9.179909090014934;8.169925001442312;8.471675214392045;9.965784284662089;8.233619676759702;10.243173983472952;8.731319031025064;10.328674927327947;9.204571144249204;9.677719641641009;8.800899899920305;8.918863237274595;8.751544059089099;9.044394119358454;10.30149619498255;9.89026427702111;10.14210705730255;8.618385502258606;10.296916206879288;9.980139577639155;8.820178962415188;8.784634845557521;8.539158811108031;9.560332834212442;9.870364719583405;10.287712379549449;9.194756854422248;9.61286849729104
9.632995197142955;11.614709844115207;11.302638923787551;12.169611882604212;10.03342300153745;10.222794902868111;11.392854039872873;13.494105548061054;10.715104009236168;11.105253779700885;12.5980525001616;11.00982861736811;12.224303209373389;7.741466986401146;11.499845887083206;10.965062756744627;11.393390457443989;10.84313591111135;10.64565843240871;11.480285320936373;10.151016538892248;11.24555270625568;10.611024797307351;11.568906154502084;11.293471648838134;10.496853777388042;9.782998208920414;9.851749041416058;10.583082767502932;10.166163082646111;12.207319426457804;9.800899899920305;9.573647187493322;11.756973226165448;10.269126679149418;11.869208250550829;11.43306376512207;12.089450481115907;11.200898605038445;10.523561956057012;10.641148597411233;11.876133200043016;10.222794902868111;10.060695931687556;11.04916787237217;10.625708843064466;10.559377090526684;11.449148645375436;10.703903573444665;9.871905237659186;11.290018846932618;10.002815015607052;11.480285320936373;10.473705749619416;11.105253779700885;10.358651200892886;9.92035285541508;11.139551352398794;12.031356596255709;9.573647187493322;11.26795708440284;10.002815015607052;10.782998208920414;10.29232163280204;11.604553229079038;10.659995892429976;11.40886043602476;10.032045726930807;10.646558710154547;11.592924155627635;9.702172685365548;9.116343961237469;11.494355603532846;11.698270577692032;10.030667136246942;10.002815015607052;11.096056239180946;11.717248005827646;10.988684686772164;10.583082767502932;9.588714635582264;10.414685235807214;10.849405100947758;10.634811050171718;10.602698865017963;10.582141981658776;12.302924464617952;11.35424938194524;10.603626344986193;9.65642486327778;10.545929769085468;11.045759661382682;12.099347810403192;10.03342300153745;11.4983506079296;12.099676554859643;10.318542809702723;11.394998514501673;10.51865315567339;11.658657792126084;10.409390936137704;11.018895621121649;10.002815015607052;9.491853096329674;10.177419537989236;10.92035285541508;10.61654884377899;11.260919533662904;11.872674880270605;10.53818893205242;9.90839262077375;10.253847484987404;10.181152256865566;11.520127550324853;11.77313920671969;10.782998208920414;11.590587049915037;11.625708843064466;12.155134454857755;11.273212809854334;11.572226512793694;12.44190670454224;10.685624839726357;11.278449458220482;10.462502272597265;11.199672344836364;11.79644525906185;9.871905237659186;11.31797782240712;11.352043425795433;11.627533884472792;11.841171189248543;12.189515729800194;11.131856960608792;12.756347825516588;11.505811553919594;11.913637428049103;12.134747168669016;11.726218159332198;12.044735626056909;12.804937672051908;11.029287226968243;10.688250309133178;11.782588759494963;11.625708843064466;10.902375114486023;11.70173963867435;11.579315937580017;11.771902080697716;11.715533063526584;12.014717929860009;10.585901449690772;12.157031074378354;13.199672344836364;11.88264304936184;10.564149489985732;11.82137539237254;11.521600439723729;10.59618975614441;12.067098185748383;11.603162679534382;11.30890780406394;11.476746203939468;12.002111776479852;11.781769511863132;12.545447181678094;12.735556023911537;11.203348002979762;10.49585502688717;12.072802534544207;11.072802534544207;11.171176797651771;11.096715154488535;11.737669863177452;11.929998062609029;11.203348002979762;11.119589620741122;12.068442416025826;11.531868775177552;11.513234113806051;11.962534563511271;11.007728114632254;12.32333628928017;11.094737505048093;12.01262453886506;11.27029532647204;10.177419537989236;11.888362741170644;11.776021715252812;12.326148561205557;11.955649907528374;10.674192268145683;11.121533517340032;11.179287104646004;12.39419471001943;11.725366257895642;11.382624026574916;11.486332252768664;11.63026712502677;10.025139562278508;11.227014193649133;11.501339618061396;11.525031345124;10.46352437327118;11.89822347121556;11.724087461793989;12.201511344500146;11.639340708652233;11.10459875356437;11.152284842306582;11.829722735086058;11.366868586167094;12.262682142362165;12.097373768990222;12.268249571994492;10.861086905995396;12.055282435501187;11.858758099935422;10.28424574982967;11.560332834212442;11.314583244274194;11.334831928118;11.729620743553038;11.418379719364957;11.936637939002573;11.42574042431621
12.40992124124968;13.641825972041826;13.314300001897534;12.799888688663591;12.990635833003022;12.676177476832605;11.750706986224948;12.623195635452936;13.742309436084;12.939762845071751;11.70606426733497;12.597587039586216;12.17617314910749;12.319672120946995;12.946358033887046;13.18750672775828;13.14974711950468;12.857592285697526;12.344018439881326;12.599912842187129;12.888933465134397;12.4186432493759;15.043411837058834;11.610102062999664;12.976385117888592;13.71639078949768;11.605942439625368;12.60293079091524;13.76352361668959;13.715961990255144;13.638662165859657;12.989571898558868;12.261213451366048;11.756973226165448;13.583552930466483;12.44785810495403;13.57139713936419;13.637530551525307;13.66777683839343;12.91625269881221;13.730894646541673;13.309618456283072;12.676177476832605;13.011401989880063;13.416929443213602;13.214470911535914;12.728770849542665;13.930922097125269;13.348036512700553;13.474212937193943;13.689124404913258;14.306061689428342;12.26238852375102;13.039947160169094;12.939762845071751;14.328254173412295;13.874789282814126;14.121614456218612;12.801304186049023;12.261213451366048;13.494230581214564;14.306061689428342;14.538431462950005;13.210823518780844;13.147522944350744;12.1006623390052;12.34734453943155;12.557703014037768;13.22881869049588;13.5427900615549;13.171489577065657;14.010090965307771;13.609986679703654;14.079568116392377;13.433194201814974;14.306061689428342;12.355351096424812;14.26539528537699;12.839597483021176;13.76352361668959;14.23974768355692;13.48758884638603;13.339710847346453;13.166163082646111;13.06423753097136;11.675074920385445;12.632313662586126;12.097702963524654;12.460199895059583;13.494230581214564;11.752798758435516;13.473832563230088;13.09226162484392;12.990635833003022;13.075813377461454;13.609986679703654;12.285402218862249;12.73978060977326;10.533329732305834;12.99964773652837;12.092096414990792;13.158294103604035;12.698270577692032;14.023840967836763;12.152284842306582;13.73492126770526;13.570092874188056;13.920911065923454;12.60130652612184;11.253847484987404;14.431824028007863;13.466968626739956;13.56081046872794;13.85047987973505;12.796648041413844;12.940680648424092;13.967586527296072;13.188125180255538;14.051123954019456;13.233170262382703;13.124606006959192;13.23212108408222;13.660998653822476;13.84960057483748;12.39419471001943;14.075061255605394;12.42259043389256;13.30435132166324;12.928148216169037;13.268249571994492;13.71831881047926;13.701956178268135;13.507051302247916;13.456611099574918;12.996296936687374;12.828929827651486;13.578018814974364;13.4806639976193;13.32558654521057;14.0515488384404;12.50457073932441;13.22022715726067;13.733545003757078;13.556506054671928;13.4231159101471;12.611024797307351;13.93737382019215;13.214622686302336;13.483941705343671;13.39110930404168;13.542548262335211;13.51422090935813;13.860408059124657;13.302781701267095;13.632086412835182;13.106890045092218;13.047123912114026;13.152284842306582;12.76632184795396;14.011489349172887;13.809366207816078;13.716176405807428;13.157662727208448;13.715211284771843;13.867375276565458;12.924998023446696;13.885601054714876;13.581200581924955;14.276560638218411;12.317695245765163;12.391243589427445;12.56724310527944;13.548219857354203;12.838416075797335;13.24198314969433;11.943247395901553;13.48708634027127;13.845392038441137;13.192909219112012;13.14194745831562;14.074392373511284;13.132660377147287;13.814582465906277;13.430844535105216;12.57530287507339;13.001760028327215;12.947454306767218;13.088125692188209;13.50519128001998;13.372457000417915;12.985486199104637;12.466841208321602;12.924441392339196;13.04882741336389;13.673529924401144;13.112928141855113;13.66478058593351;14.035486451292154;13.07865119332527;13.446824840780309;14.062299160732609;14.33336502911934;12.654636028527968;13.445144206553636;13.746094383705463;14.06373212019692;14.19136771341894;12.307485448589476;12.81257844413538;13.309618456283072;13.198598511485049;13.414024509878152;14.337900602860929;13.7279204545632;13.512493573945038;13.08530646999156;13.62296694479051;14.295266715687722;12.53503231452927;13.125252013928852;13.52061868055628;14.28828934218097;13.48708634027127;14.46735081448758;13.659661483688078;13.054773877229938
6.20945336562895;9.219168520462162;9.84862294042934;5.643856189774724;11.66622400280318;5.0;6.6865005271832185;6.108524456778169;6.409390936137702;5.727920454563199;12.416005780559267;5.247927513443585;9.627533884472792;4.906890595608519;8.64745842645492;5.807354922057604;3.906890595608519;4.459431618637297;10.24436383512051;5.977279923499917;3.700439718141092;12.60478485708642;6.357552004618084;9.243173983472952;6.442943495848728;2.321928094887362;4.392317422778761;3.0;8.179909090014934;7.366322214245816;14.556506054671928;5.169925001442312;6.643856189774724;4.247927513443585;12.894249362864231;12.64092273517345;6.442943495848728;4.584962500721156;11.217351905270334;6.426264754702098;6.584962500721156;11.517669388133813;5.0;5.584962500721156;5.392317422778761;4.643856189774724;5.930737337562887;5.78135971352466;4.754887502163468;3.807354922057604;6.169925001442312;5.700439718141092;4.392317422778761;10.339850002884624;5.727920454563199;9.08746284125034;6.475733430966398;5.977279923499917;8.308339030139408;6.643856189774724;5.087462841250339;5.700439718141092;6.442943495848728;6.539158811108031;5.491853096329675;5.554588851677638;6.857980995127572;5.523561956057013;6.930737337562887;5.554588851677638;3.584962500721156;5.584962500721156;8.94251450533924;8.92481250360578;5.129283016944966;5.700439718141092;10.208234358339787;7.442943495848728;5.491853096329675;8.179909090014934;6.491853096329675;5.0;4.169925001442312;4.087462841250339;8.383704292474052;4.523561956057013;12.163020639580791;5.247927513443585;4.857980995127572;3.4594316186372973;11.588714635582264;8.618385502258606;13.294477161427873;11.66622400280318;7.022367813028454;7.294620748891627;6.554588851677638;7.179909090014935;3.807354922057604;6.3750394313469245;6.700439718141092;6.539158811108031;4.584962500721156;5.321928094887363;4.643856189774724;8.79766152585376;3.700439718141092;8.980139577639157;6.965784284662087;3.321928094887362;5.285402218862249;7.599912842187128;5.523561956057013;8.92481250360578;9.726218159332198;5.247927513443585;8.81698362325538;8.417852514885897;8.527477006060396;5.0;5.882643049361842;10.03342300153745;7.483815777264256;8.643856189774725;7.851749041416057;7.845490050944375;7.087462841250339;6.599912842187128;7.78135971352466;8.651051691178928;9.068778277985412;8.471675214392045;8.124121311829187;10.492854620174748;9.67595703294175;7.139551352398794;9.674192268145683;10.439830883981392;9.216745858195306;10.583082767502932;5.700439718141092;5.087462841250339;5.247927513443585;8.900866807980748;10.923327485419192;9.493855449240822;8.59245703726808;7.721099188707186;6.554588851677638;9.108524456778168;8.519636252843213;5.087462841250339;10.019590728357882;8.479780264029099;9.826548487290914;7.539158811108031;8.483815777264256;8.507794640198696;4.169925001442312;9.94104760634058;9.467605550082997;10.43567026093655;8.29920801838728;7.531381460516312;9.390168956200185;8.577428828035748;8.588714635582264;7.426264754702098;7.851749041416057;8.426264754702098;6.794415866350106;7.60733031374961;6.459431618637297;6.569855608330948;5.247927513443585;4.087462841250339;6.20945336562895;10.068778277985412;8.73809225962049;7.129283016944966;11.165535141377925;5.247927513443585;8.022367813028454;7.087462841250339;9.129283016944967;6.507794640198696;4.857980995127572;6.965784284662087;8.930737337562887;9.162391328756906;6.870364719583405;3.321928094887362;7.651051691178928;9.068778277985412;11.000704269011246;8.848622940429339;6.303780748177103;10.166163082646111;8.569855608330947;4.643856189774724;9.129283016944967;8.055282435501189;7.03342300153745;7.169925001442312;8.184875342908283;9.65284497300198;9.108524456778168;6.357552004618084;7.2384047393250786;6.658211482751795;9.59245703726808;6.794415866350106;8.087462841250339;9.729620743553038;7.266786540694901;4.807354922057604;9.51175265376738;9.174925682500678;5.321928094887363;7.499845887083206;7.845490050944375;9.63117705570398;6.22881869049588;9.505811553919594;10.152284842306582;7.076815597050831
8.682994583681683;9.216745858195306;7.539158811108031;9.823367240046236;8.870364719583405;10.73047013718422;8.588714635582264;8.071462362556623;10.768184324776929;10.246740598493144;6.149747119504682;7.022367813028454;8.271463027904375;8.134426320220927;9.487840033823051;9.124121311829189;11.96000193206808;10.91288933622996;10.61286849729104;8.754887502163468;10.992230264965889;9.002815015607053;9.06339508128851;9.428360172704291;11.147204924942228;8.257387842692651;10.125413470483316;7.266786540694901;10.067434360756522;7.189824558880018;7.960001932068081;9.857980995127573;10.977279923499916;10.422064766172811;8.03342300153745;5.807354922057604;9.002815015607053;11.814582465906277;10.189824558880018;5.906890595608519;9.084808387804362;8.679480099505446;10.73047013718422;10.092757140919852;8.876516946565;11.189206834597025;4.807354922057604;9.774787059601174;11.378294855911893;13.096385734452651;9.134426320220928;10.25974326369078;11.4241662888181;7.199672344836364;10.246740598493144;10.346513733165636;10.886458695703706;10.3151495622563;9.535275376620802;10.977279923499916;11.743572188935634;10.25974326369078;9.257387842692651;8.344295907915816;12.118941072723509;9.50382573799575;7.924812503605781;10.51865315567339;10.66266837551754;11.585432051592962;7.693486957499325;11.53430288245463;8.672425341971495;13.441388029346689;8.62935662007961;10.25974326369078;6.475733430966398;10.002815015607052;10.96000193206808;10.067434360756522;9.434628227636724;12.14210705730255;11.721526464007477;10.769011321097016;10.337621901992508;10.31741261376487;7.658211482751795;7.686500527183218;7.651051691178928;11.786269627648466;8.861086905995395;9.12670447284319;10.726218159332198;8.870364719583405;12.615399743725495;9.99717948093762;9.461479447286155;9.92481250360578;9.558420713268664;10.4189067312579;11.95746484680521;7.693486957499325;10.457380879072534;11.054604317960672;9.377210530388552;10.63117705570398;7.86418614465428;8.643856189774725;11.235415935602528;7.546894459887636;8.233619676759702;11.52258153125483;10.481799431665753;7.562242424221073;8.974414589805527;0.0;8.426264754702098;8.784634845557521;9.35974956032233;5.044394119358453;8.566054038171092;9.139551352398794;1.584962500721156;8.348728154231077;3.321928094887362;6.930737337562887;8.405141463136344;3.4594316186372973;9.729620743553038;8.20945336562895;9.247927513443583;7.870364719583405;9.216745858195306;9.221587121264806;9.377210530388552;7.826548487290915;7.930737337562887;8.768184324776927;9.573647187493322;8.344295907915816;9.537218400538595;5.285402218862249;0.0;9.457380879072534;6.672425341971495;6.189824558880018;8.405141463136344;8.778077129535358;9.194756854422248;9.842350343413807;9.236014191900084;5.523561956057013;8.588714635582264;9.264442600226602;7.665335917185176;8.459431618637296;10.531381460516313;7.906890595608519;4.857980995127572;9.233619676759702;7.845490050944375;9.805743872151618;8.81698362325538;8.588714635582264;9.768184324776929;8.276124405274238;8.7714894695006;9.49585502688717;9.092757140919852;10.375039431346924;9.29920801838728;8.189824558880018;6.169925001442312;9.312882955284357;9.620219825507489;1.0;2.0;9.409390936137704;8.483815777264256;8.948367231584678;8.906890595608518;7.179909090014935;9.266786540694902;5.672425341971495;9.78463484555752;8.63662462054365;5.357552004618084;9.364134655008051;9.541096615349524;7.294620748891627;10.324180546618742;1.584962500721156;8.531381460516313;9.3151495622563;6.870364719583405;7.622051819456376;7.800899899920305;8.0;9.810571634741146;0.0;8.049848549450562;10.60733031374961;8.813781191217037;7.774787059601174;8.62935662007961;9.487840033823051;8.199672344836364;7.539158811108031;7.357552004618084;5.321928094887363;8.113742166049189;8.149747119504681;9.016808287686557;9.368506461507693;7.870364719583405;1.0;7.857980995127572;9.240791332161956;0.0;8.103287808412022;7.693486957499325;6.845490050944375;0.0;9.098032082960527;10.17367713630342;7.693486957499325
2.0;4.392317422778761;6.643856189774724;2.584962500721156;9.731319031025064;5.169925001442312;3.169925001442312;8.266786540694902;5.554588851677638;2.807354922057604;9.306061689428342;1.0;5.584962500721156;1.584962500721156;4.0;4.247927513443585;4.807354922057604;2.807354922057604;2.807354922057604;3.4594316186372973;2.0;9.665335917185176;3.0;4.523561956057013;3.807354922057604;3.321928094887362;6.149747119504682;3.0;2.0;2.584962500721156;9.86727873970966;3.807354922057604;6.108524456778169;4.392317422778761;4.247927513443585;4.807354922057604;3.906890595608519;3.584962500721156;7.330916878114617;2.0;3.807354922057604;8.807354922057604;5.169925001442312;4.584962500721156;3.4594316186372973;2.584962500721156;2.584962500721156;5.643856189774724;3.906890595608519;3.4594316186372973;3.321928094887362;2.0;4.459431618637297;4.459431618637297;2.807354922057604;2.321928094887362;2.584962500721156;2.321928094887362;8.271463027904375;6.108524456778169;3.321928094887362;2.0;1.0;3.584962500721156;2.321928094887362;3.807354922057604;4.247927513443585;2.321928094887362;3.584962500721156;5.857980995127572;3.4594316186372973;2.321928094887362;3.906890595608519;5.321928094887363;1.584962500721156;2.0;6.658211482751795;2.584962500721156;4.321928094887363;2.0;0.0;4.169925001442312;4.523561956057013;0.0;5.426264754702098;6.3750394313469245;11.980853606379736;3.169925001442312;3.321928094887362;1.0;8.044394119358454;2.321928094887362;6.906890595608519;9.731319031025064;2.321928094887362;4.459431618637297;3.700439718141092;3.169925001442312;7.721099188707186;4.169925001442312;5.614709844115208;2.807354922057604;2.321928094887362;2.0;0.0;4.087462841250339;4.247927513443585;7.727920454563199;4.807354922057604;3.169925001442312;3.0;2.321928094887362;2.321928094887362;5.169925001442312;6.022367813028454;6.339850002884624;6.491853096329675;5.392317422778761;5.285402218862249;6.894817763307944;4.906890595608519;4.459431618637297;6.714245517666122;5.20945336562895;7.276124405274237;7.276124405274237;5.954196310386875;7.247927513443585;3.700439718141092;5.491853096329675;5.672425341971495;5.321928094887363;6.3750394313469245;4.807354922057604;5.459431618637297;6.321928094887363;4.169925001442312;5.700439718141092;6.554588851677638;4.700439718141092;6.108524456778169;6.426264754702098;6.3750394313469245;5.727920454563199;5.0;5.20945336562895;6.0;5.554588851677638;5.087462841250339;4.169925001442312;5.459431618637297;5.906890595608519;5.392317422778761;5.247927513443585;5.044394119358453;3.584962500721156;6.169925001442312;5.700439718141092;6.7414669864011465;5.247927513443585;4.906890595608519;3.0;5.044394119358453;6.285402218862249;2.0;5.087462841250339;4.700439718141092;6.066089190457772;4.459431618637297;5.78135971352466;4.392317422778761;4.0;6.108524456778169;6.066089190457772;5.954196310386875;7.392317422778761;6.882643049361842;5.459431618637297;4.169925001442312;5.087462841250339;3.906890595608519;5.554588851677638;5.882643049361842;6.266786540694901;5.754887502163468;5.523561956057013;5.832890014164741;5.247927513443585;5.554588851677638;6.044394119358453;5.285402218862249;6.857980995127572;4.523561956057013;4.523561956057013;5.169925001442312;4.954196310386875;6.357552004618084;5.285402218862249;3.584962500721156;5.20945336562895;5.087462841250339;4.857980995127572;5.491853096329675;3.169925001442312;5.554588851677638;4.584962500721156;6.857980995127572;5.954196310386875;5.459431618637297;6.247927513443585;4.247927513443585;4.700439718141092;5.954196310386875;3.700439718141092;6.0;6.820178962415188;4.754887502163468;5.700439718141092;8.370687406807217;4.700439718141092;6.149747119504682;5.087462841250339;7.098032082960526;4.857980995127572;3.807354922057604;5.700439718141092
6.523561956057013;2.584962500721156;1.0;3.584962500721156;0.0;2.0;3.906890595608519;1.0;2.807354922057604;0.0;0.0;1.0;0.0;4.459431618637297;3.700439718141092;6.321928094887363;6.303780748177103;3.700439718141092;0.0;4.169925001442312;4.954196310386875;0.0;5.459431618637297;4.459431618637297;4.754887502163468;0.0;2.584962500721156;1.0;3.4594316186372973;2.321928094887362;2.0;4.169925001442312;2.0;2.321928094887362;3.906890595608519;0.0;5.906890595608519;1.584962500721156;1.0;1.0;3.584962500721156;3.584962500721156;2.0;4.087462841250339;3.584962500721156;6.129283016944966;0.0;4.584962500721156;6.189824558880018;4.087462841250339;4.087462841250339;2.807354922057604;3.321928094887362;2.0;0.0;4.0;2.807354922057604;3.584962500721156;3.0;2.0;8.927777962082342;2.807354922057604;2.807354922057604;4.807354922057604;4.169925001442312;4.754887502163468;4.087462841250339;6.906890595608519;4.0;1.584962500721156;2.584962500721156;3.906890595608519;4.906890595608519;3.807354922057604;3.700439718141092;2.807354922057604;2.0;3.584962500721156;6.129283016944966;3.4594316186372973;3.321928094887362;7.794415866350106;0.0;2.321928094887362;2.807354922057604;2.584962500721156;2.584962500721156;1.0;4.584962500721156;5.459431618637297;2.584962500721156;1.0;2.807354922057604;0.0;3.4594316186372973;4.392317422778761;5.044394119358453;3.0;0.0;3.700439718141092;3.906890595608519;2.0;4.247927513443585;1.0;0.0;4.523561956057013;4.247927513443585;5.321928094887363;6.906890595608519;3.4594316186372973;4.247927513443585;4.087462841250339;3.906890595608519;3.584962500721156;1.0;6.22881869049588;5.523561956057013;3.321928094887362;5.832890014164741;4.643856189774724;4.087462841250339;3.700439718141092;6.754887502163468;7.948367231584678;6.977279923499917;7.139551352398794;5.247927513443585;6.0;3.169925001442312;3.700439718141092;3.4594316186372973;2.584962500721156;6.6865005271832185;0.0;3.906890595608519;3.169925001442312;2.321928094887362;2.807354922057604;4.247927513443585;3.807354922057604;7.918863237274595;7.276124405274237;6.303780748177103;5.491853096329675;2.807354922057604;2.0;4.584962500721156;4.321928094887363;2.584962500721156;2.807354922057604;2.584962500721156;4.0;3.4594316186372973;0.0;2.321928094887362;5.459431618637297;2.321928094887362;6.392317422778761;7.569855608330948;5.087462841250339;5.754887502163468;4.523561956057013;6.523561956057013;6.754887502163468;3.584962500721156;4.0;2.807354922057604;2.321928094887362;5.700439718141092;4.0;2.321928094887362;5.643856189774724;7.554588851677638;5.930737337562887;3.321928094887362;6.409390936137702;6.643856189774724;2.321928094887362;1.584962500721156;2.321928094887362;5.044394119358453;6.714245517666122;4.906890595608519;7.366322214245816;1.0;4.807354922057604;6.870364719583405;4.392317422778761;3.4594316186372973;1.584962500721156;6.285402218862249;5.169925001442312;6.247927513443585;3.169925001442312;1.584962500721156;1.584962500721156;6.954196310386875;2.807354922057604;3.169925001442312;7.330916878114617;6.20945336562895;5.285402218862249;6.022367813028454;3.0;4.0;3.169925001442312;5.426264754702098;6.918863237274595;5.832890014164741;7.108524456778169;3.807354922057604;6.491853096329675;3.0;4.857980995127572;7.483815777264256;7.531381460516312;2.584962500721156;1.584962500721156;6.169925001442312;6.066089190457772;1.584962500721156;2.584962500721156;10.10459875356437;3.807354922057604;3.700439718141092;5.672425341971495
4.247927513443585;2.807354922057604;1.0;3.0;1.584962500721156;1.584962500721156;1.584962500721156;2.0;3.321928094887362;5.285402218862249;4.087462841250339;3.321928094887362;2.0;2.321928094887362;3.169925001442312;3.700439718141092;3.321928094887362;3.0;1.584962500721156;2.321928094887362;2.321928094887362;2.0;2.807354922057604;4.087462841250339;1.0;4.523561956057013;2.0;1.584962500721156;1.584962500721156;1.584962500721156;1.584962500721156;2.584962500721156;1.0;3.906890595608519;3.4594316186372973;0.0;2.584962500721156;3.169925001442312;0.0;3.807354922057604;1.584962500721156;0.0;1.584962500721156;1.0;3.0;1.584962500721156;0.0;4.523561956057013;1.584962500721156;2.0;2.807354922057604;1.0;1.584962500721156;3.169925001442312;5.285402218862249;2.807354922057604;2.321928094887362;2.584962500721156;2.321928094887362;1.0;3.4594316186372973;1.0;2.0;2.584962500721156;3.584962500721156;4.321928094887363;3.321928094887362;2.321928094887362;2.321928094887362;2.0;2.0;1.0;2.321928094887362;2.321928094887362;2.807354922057604;1.0;2.0;3.0;1.584962500721156;1.584962500721156;3.584962500721156;3.584962500721156;2.321928094887362;2.321928094887362;1.0;3.321928094887362;1.0;2.0;4.754887502163468;3.0;2.0;3.807354922057604;1.0;1.584962500721156;2.0;6.22881869049588;2.807354922057604;2.807354922057604;4.459431618637297;1.584962500721156;3.807354922057604;4.459431618637297;2.0;1.584962500721156;1.584962500721156;3.169925001442312;2.0;3.169925001442312;3.321928094887362;1.0;2.0;1.584962500721156;1.0;3.906890595608519;1.0;2.0;2.321928094887362;2.321928094887362;2.807354922057604;2.807354922057604;1.584962500721156;1.584962500721156;1.0;2.807354922057604;2.321928094887362;3.169925001442312;2.0;0.0;2.807354922057604;1.0;3.807354922057604;0.0;1.0;0.0;3.0;1.0;0.0;1.0;1.0;3.4594316186372973;4.754887502163468;3.0;2.0;2.0;2.584962500721156;1.0;3.4594316186372973;1.0;3.169925001442312;3.584962500721156;2.0;4.169925001442312;3.0;3.0;2.0;3.0;1.0;2.0;0.0;3.906890595608519;4.247927513443585;2.0;1.584962500721156;5.554588851677638;0.0;3.169925001442312;3.584962500721156;2.0;2.0;3.700439718141092;2.584962500721156;2.807354922057604;2.321928094887362;1.584962500721156;3.0;4.754887502163468;2.584962500721156;4.321928094887363;2.0;2.0;1.0;3.321928094887362;2.584962500721156;3.4594316186372973;3.0;2.584962500721156;2.0;2.807354922057604;1.584962500721156;2.321928094887362;0.0;2.584962500721156;2.807354922057604;2.321928094887362;1.584962500721156;0.0;4.754887502163468;1.584962500721156;2.0;2.584962500721156;2.0;0.0;2.0;1.584962500721156;1.584962500721156;1.584962500721156;3.0;0.0;2.0;3.321928094887362;2.807354922057604;2.321928094887362;3.321928094887362;2.584962500721156;2.0;3.169925001442312;2.584962500721156;3.169925001442312;2.0;2.584962500721156;3.0;0.0;5.321928094887363;2.321928094887362;1.584962500721156;1.0
7.383704292474052;9.638435913990472;9.477758266443889;8.326429487122303;7.321928094887363;6.977279923499917;8.727920454563199;9.556506054671928;8.842350343413807;8.7714894695006;8.016808287686555;7.906890595608519;8.960001932068081;6.768184324776926;8.829722735086058;8.854868383260236;8.778077129535358;8.569855608330947;5.882643049361842;9.08746284125034;7.643856189774724;7.366322214245816;8.734709620225837;8.558420713268664;8.842350343413807;11.735979039613404;7.807354922057604;7.475733430966398;8.066089190457772;8.092757140919852;8.661778097771988;6.965784284662087;6.930737337562887;8.668884984266247;8.483815777264256;9.00842862207058;9.177419537989236;9.37937836707126;6.6865005271832185;7.312882955284356;8.375039431346925;8.375039431346925;6.977279923499917;8.164906926675688;8.515699838284043;9.562242424221072;7.294620748891627;7.636624620543649;8.915879378835774;8.603626344986193;9.94982671075911;9.330916878114618;7.988684686772165;8.599912842187127;8.7714894695006;7.936637939002571;8.087462841250339;9.08746284125034;9.813781191217036;6.930737337562887;7.813781191217037;9.330916878114618;8.88264304936184;8.049848549450562;10.679480099505446;8.339850002884624;9.296916206879288;6.614709844115208;8.447083226209653;9.199672344836364;6.491853096329675;6.930737337562887;8.876516946565;8.696967526234287;7.988684686772165;9.330916878114618;6.845490050944375;9.231221180711186;7.721099188707186;8.066089190457772;8.471675214392045;8.184875342908283;10.693486957499324;6.807354922057604;8.308339030139408;8.487840033823051;8.285402218862249;8.228818690495881;8.308339030139408;7.330916878114617;8.994353436858859;8.727920454563199;9.632995197142955;7.321928094887363;8.413627929024173;10.421012855779226;8.005624549193879;9.417852514885896;8.108524456778168;10.64745842645492;8.447083226209653;7.087462841250339;7.851749041416057;6.339850002884624;4.523561956057013;9.753216749178955;8.280770770130603;8.651051691178928;9.586839787961829;6.189824558880018;7.22881869049588;7.960001932068081;7.108524456778169;9.499845887083206;8.721099188707186;8.826548487290914;9.939579214314692;9.108524456778168;9.659995892429976;9.20945336562895;9.25974326369078;9.501837184902296;8.618385502258606;8.271463027904375;9.39231742277876;8.96289600533726;9.459431618637296;8.531381460516313;9.449148645375436;9.134426320220928;9.489847960439295;9.44086916761087;10.586839787961829;8.700439718141093;10.260919533662904;10.03342300153745;9.473705749619416;9.157346935362844;9.857980995127573;10.140829770773;10.811374693509942;10.256208688527389;8.434628227636725;9.409390936137704;9.005624549193879;8.531381460516313;9.46352437327118;9.638435913990472;10.094077685671904;8.721099188707186;9.187352073200495;8.59245703726808;10.382624026574916;9.900866807980748;9.49585502688717;7.721099188707186;9.310612781659527;9.537218400538595;8.62935662007961;9.550746785383245;9.523561956057012;9.25974326369078;9.632995197142955;9.968666793195208;9.348728154231075;9.65284497300198;9.992938336165814;9.471675214392045;8.483815777264256;9.303780748177102;8.78135971352466;8.562242424221072;9.169925001442312;9.197216693110052;9.69522829149575;9.324180546618742;8.7714894695006;10.740624044489412;9.014020470314934;9.546894459887636;9.611024797307351;9.269126679149418;10.01262453886506;9.197216693110052;9.339850002884624;9.550746785383245;8.761551232444479;9.493855449240822;9.552669097514272;9.092757140919852;9.116343961237469;9.614709844115207;9.280770770130603;9.00842862207058;9.481799431665753;9.162391328756906;9.717676423066395;9.981567281903017;9.661778097771988;8.643856189774725;8.714245517666123;10.053925881531104;8.672425341971495;8.339850002884624;10.178664851006472;8.700439718141093;10.011227255423254;9.036173612553483;8.622051819456376;9.0;9.047123912114026;9.813781191217036;10.29920801838728;9.43879185257826;9.854868383260236;8.611024797307353;9.661778097771988;9.696967526234287;8.144658242831882;9.584962500721156;9.13699111208023;8.994353436858859;9.897845456005513;10.34207466799914;9.131856960608792;9.86418614465428
12.040289721025715;12.414685235807214;12.80896417491926;11.232420927176076;12.243173983472952;12.369597346278676;11.171802288682985;12.55026580686874;12.619302955415687;12.144658242831882;11.230020435705637;11.688687423222536;11.36468185586456;12.269711121142782;11.861474675125772;11.914011328541257;11.787086324551616;11.567480801143043;11.549303368513575;11.782179193831208;11.982280604558284;12.169925001442312;13.062383491876334;10.669770888525518;12.693269142893206;12.936085781679678;11.2603315185576;11.546894459887636;12.665557989846414;12.445532219028312;13.394462694610317;12.047123912114026;11.892922223630592;10.90613899619538;12.430713885791938;12.125090539303256;12.442943495848729;11.689997971419446;12.822371659963329;12.312599378862627;12.354524889449351;13.261801107195309;12.369597346278676;11.839597483021176;12.393390457443989;12.435930651703597;11.91625269881221;13.1641212734183;12.213104219641906;12.144658242831882;12.025485656808389;12.257682480708766;12.057991722759176;12.016460104979208;12.144658242831882;13.832692262805253;12.83466855769086;13.055282435501187;12.650154213675094;11.892922223630592;13.229419688230417;12.257682480708766;13.107380563045904;12.4186432493759;11.728770849542665;10.243173983472952;11.51668494930961;11.935165049603697;12.884742903579696;13.565816107100892;11.4993476328766;12.893680738390907;12.172114932533136;13.228217442293436;12.671541066711884;12.257682480708766;11.256798386079389;13.234368389756364;11.171176797651771;12.665557989846414;14.318260343712415;12.23661220021575;12.352043425795433;11.979425195331473;12.310044679647506;11.068106475858771;12.334552633752422;11.298635406734242;11.274378153246364;12.450180247164754;10.558420713268664;12.28106067167702;12.743361806865863;12.243173983472952;12.445014845868425;11.936269857602207;10.98299357469431;11.359200485133632;10.427312844134963;11.830911279742782;10.95492329203032;13.30435132166324;11.338179249900112;12.9947069952581;11.24436383512051;12.913076395554812;12.2246046815385;13.099676554859643;12.066425600635556;10.523561956057012;13.520864182988744;12.051208940914766;12.723020931812032;12.59898297103609;12.147522944350744;12.242578689451346;12.64745842645492;12.129605011152504;12.81818270494864;12.205793249397155;12.364134655008051;12.40992124124968;12.50332885662666;12.464800981655417;11.66222330531784;12.739991514684226;11.43827205612483;11.559855041513623;11.858758099935422;12.114067647165264;12.390168956200185;12.292896755409172;12.31938987600021;12.579080183834757;12.428098411832506;12.167731741103244;12.290882822429577;12.3395716783847;12.285402218862249;12.915879378835774;11.41204051455165;12.386670859637618;12.30862344513114;12.325305455089682;12.54399845013454;11.800899899920305;12.344295907915816;12.139231570719351;12.95655766257052;12.257093144491057;12.332596057789214;12.368779260041338;12.701306461958623;12.264442600226602;12.33119687715303;11.918863237274596;12.085140461701762;12.075479149488016;11.748612176736982;12.700656452918167;12.82137539237254;13.29920801838728;11.998942951443086;12.543515216152167;12.958915156091347;12.166163082646111;12.895007180368662;12.36112133473479;12.447083226209651;11.33371442609397;11.282509306240836;11.371776644337924;12.177108041703692;12.058330026205653;12.564625862795372;10.76155123244448;12.590353130978018;12.993822936745916;11.983349927676455;12.054265139625764;12.962353808635276;12.006326078524934;12.905198945962804;12.342630298678408;11.817383427897232;12.122504484313904;12.013671614058635;12.107544031975989;12.324180546618742;12.38505348834615;12.471167133724393;11.216139556425135;11.7431513941125;11.876133200043016;12.288000889707574;11.89026427702111;12.521600439723729;12.71037597120447;12.43149760425805;12.249706056969703;12.84901407369482;12.949279579076595;11.347067657165873;11.545929769085468;12.68057929578025;12.676397887044764;12.709083812550343;11.403544678202014;12.169611882604212;12.268542000300124;12.121209716409284;12.561287945164828;12.945626722229823;12.89954574499535;12.505811553919594;12.169611882604212;12.301210371298426;12.82456102997028;12.726643921483994;11.921097088106793;12.393122273589531;12.295768934420508;12.164592716712368;13.33552992757082;12.60177078840771;12.097373768990222
9.67595703294175;11.092096414990792;11.84862294042934;10.965784284662089;9.273795599214264;10.191059214531656;9.665335917185176;10.599912842187129;10.860311054919482;10.151016538892248;8.092757140919852;10.519636252843211;10.337621901992508;10.335390354693924;10.828136484194108;10.824163209744158;11.677719641641009;9.94251450533924;9.250298417906333;10.7657004876511;9.071462362556623;9.221587121264806;11.855647166027266;10.869593843240784;10.61654884377899;10.97513145692134;9.068778277985412;10.204571144249204;10.593391122791736;10.437752072323605;10.471675214392045;10.084808387804362;9.159871336778387;9.445014845868425;10.287712379549449;11.62159403901754;11.65687172561398;11.751962413460854;9.278449458220482;10.447083226209651;10.491853096329674;10.723660944409984;10.191059214531656;9.67065624911844;11.047123912114026;10.933690654952231;11.003517912108602;10.283088353024002;10.910642730469624;10.63390340934852;10.90388184573618;9.469641817239516;11.366322214245816;10.576484346796851;10.151016538892248;10.411510988012072;10.466586337719244;11.61194694181998;9.507794640198696;9.159871336778387;10.403012023574997;9.469641817239516;11.62935662007961;11.003517912108602;10.553629293916364;9.782998208920414;11.007728114632254;9.94982671075911;10.236014191900084;9.681238411777803;10.12670447284319;9.3151495622563;11.194756854422248;11.665335917185176;10.395534135462302;9.469641817239516;9.13699111208023;11.223398414711628;10.294620748891628;10.593391122791736;9.984418458801136;10.20945336562895;10.492854620174748;9.24555270625568;10.269126679149418;8.888743248898258;10.54399845013454;11.163649676015824;10.367414751246828;9.39660478118186;9.501837184902296;10.915879378835774;10.915879378835774;9.273795599214264;11.002815015607052;12.274378153246364;10.020979938904212;10.91214085629572;10.507794640198696;11.702172685365548;9.605479518061667;9.945443836377912;10.51668494930961;9.430452551665532;7.965784284662087;10.330916878114618;10.583082767502932;10.78953364497036;10.874212934830874;9.5980525001616;10.105908508571158;9.618385502258606;10.24198314969433;12.214015491410844;10.75905593916017;12.34734453943155;11.6965329140783;11.348174867535556;12.03823313473178;12.46454575033394;12.30862344513114;12.302353326431202;12.739147709986453;11.388017285345136;11.244958393151132;11.942147920394849;11.414685235807214;11.632995197142955;12.189824558880018;11.059344460824423;11.480790201095816;11.096056239180946;12.62548055047108;11.350386742312844;11.780129619625306;12.54617100226735;10.543031820255235;11.693922488081014;11.840384550711669;11.2940463132715;12.502583213553354;12.971902746045467;12.858952310750938;12.411246151840444;11.785043714779723;10.015415052386688;11.409390936137704;12.050188767596437;12.45917543555203;11.31628153174622;11.192292814470768;12.517423341396473;11.909518114296617;11.641600215834355;10.88340698638837;10.935165049603697;10.651051691178928;12.32895536178133;12.322773176454564;11.923327485419192;12.716176405807428;11.092096414990792;12.13859179463752;13.294477161427873;11.473705749619416;11.980853606379736;11.809366207816078;12.002815015607052;11.397139806235604;11.047123912114026;11.808159772868375;11.697836357962377;12.719174882328078;11.861474675125772;12.285980105928212;11.7988767681333;12.948184692830605;11.683433292835405;10.460455896309636;11.419960177847887;12.002815015607052;12.179598130849836;12.65306897657993;12.4186432493759;11.098032082960527;11.693486957499324;11.808562029957525;11.645208082774683;11.003517912108602;11.237209960755022;11.4655664048094;11.795227966028678;11.667555107041132;11.148476582178278;11.330356716957944;10.339850002884624;13.070959476927566;11.256208688527389;11.136350341454156;11.58261245126702;12.436711542137214;11.836444911341369;11.246740598493144;10.051208940914766;12.375582512490508;11.26209484537018;13.098361127332096;12.14242620231898;12.002111776479852;12.112765281885316;11.7632123668144;12.830713256951874;13.610217437068332;10.714245517666123;11.750288267591651;13.051378899687522;11.498849206531723;11.561287945164828;10.45532722030456;11.963257356633047;12.37910756556115;10.936637939002573;12.845686055977064;11.698270577692032;11.52258153125483;12.159240650411672
11.744413410557655;11.735556023911537;13.106890045092218;11.086799685623452;11.787902559391432;12.429145170478744;12.546894459887636;12.177108041703692;12.641148597411233;12.37775279502222;8.224001674198105;11.400345796534694;10.843921051289035;11.174925682500678;11.49235394515987;11.75446999527562;12.8193807908646;11.230620933129869;10.851749041416058;11.029287226968243;12.091435386323608;12.99045856507371;13.5262546938286;10.4231159101471;13.11829223302699;9.845490050944376;8.839203788096944;11.68079903457298;12.345405246717796;12.271463027904376;13.54677390880832;10.105908508571158;10.26795708440284;10.888743248898258;11.97513145692134;12.027214885159834;12.58777751632821;11.650154213675094;13.543877656812503;12.929443357684196;11.839991070539886;12.921097088106793;12.429145170478744;11.927777962082342;11.944712061043486;12.15386865522324;11.832494484336111;12.857592285697526;12.357552004618084;12.021327032624372;12.251778257035868;13.109177703355275;12.080817527608328;11.95492329203032;12.37775279502222;12.972261848733291;12.578608560737752;12.49760238678349;12.52258153125483;10.26795708440284;12.054265139625764;13.109177703355275;12.845097960972977;11.39231742277876;11.146568675740786;10.967226258835993;11.349834091457248;12.03960451795376;12.30862344513114;13.030149824925717;11.94251450533924;12.92851837525789;12.04746477331842;12.147522944350744;12.42757474756509;13.109177703355275;12.24347153839633;12.901244032467376;11.314583244274194;12.345405246717796;12.810571634741146;12.111135670234708;12.140829770773;11.28828934218097;12.096715154488535;10.314016703901355;12.37775279502222;10.491853096329674;12.043710863347156;12.577664851764846;11.84901407369482;11.608716854020573;12.465821455643775;11.787902559391432;12.520864182988744;11.81658370778757;10.860311054919482;11.231821178657404;10.425215903299383;11.863411958941638;9.172427508645482;13.019069429331113;11.032734528586714;12.80896417491926;11.756139298372927;13.374496145691516;12.043710863347156;13.573292149952245;11.11504365016171;10.604553229079038;14.134907566138844;13.020632761657708;12.366868586167094;11.988329649231089;11.16804526822409;11.405673332281866;11.860699032611988;11.627989784315703;12.271463027904376;11.394462694610317;11.349281228817452;11.573173784686484;11.501339618061396;12.077149515589731;10.61654884377899;12.109504215757006;10.913637428049103;11.153552031708111;11.409390936137704;11.507299124122763;11.977279923499916;11.886077584873094;12.114393054867309;11.787902559391432;11.660887270302569;11.340406490853294;11.405141463136344;11.707790495528824;12.25089053572334;12.129926933510394;10.689124404913258;11.107870914279614;11.752380646552892;12.273795599214264;11.216139556425135;11.174925682500678;12.735344469539005;11.64565843240871;10.995767150877802;11.869979332899964;11.60177078840771;11.848231701093818;12.256798386079389;11.3292357417338;11.825356341479337;11.127349541059118;11.62844554013718;11.358101707440849;11.419433550705378;12.009128789539256;12.287423811683524;12.115693952197011;11.4812949046311;12.07045641594465;11.842350343413807;11.02167404285837;11.798471801101618;12.093087390444218;13.253404328774154;10.854868383260236;11.152284842306582;11.591989767615123;11.909893083770042;11.360847084179664;11.595723694101627;10.373952655370193;11.667111542075029;12.383704292474052;10.927037168720297;11.268542000300124;11.974414589805528;11.735979039613404;11.99045856507371;11.687375683437468;11.269711121142782;11.619761463298424;11.03342300153745;11.546412195119352;11.616089313582115;11.783816759320182;11.912515144802397;10.023754353299417;11.488342277532524;11.567480801143043;11.642954223480332;11.293471648838134;11.884170519108435;12.23661220021575;11.23840473932508;11.734709620225836;12.61677855400014;13.085638429275328;11.852529509404196;12.275542556086725;11.80896417491926;12.221285017810471;12.019243216603607;10.989394499844732;11.353146825498085;11.3157156580222;11.269126679149418;11.66266837551754;12.403544678202014;11.522091068887065;11.997885127829113;11.41732511767992;11.519144787997414;12.281930026955443;10.20212382383046;11.29117069932186;11.281350514981035;12.56961830344664;12.678380065109115;13.148953164809123;11.90651484484695;11.256208688527389
