TCGA-S3-AA14-01A;TCGA-A8-A09M-01A;TCGA-BH-A0BW-01A;TCGA-A2-A4S2-01A;TCGA-B6-A400-01A;TCGA-AO-A1KQ-01A;TCGA-A8-A0A7-01A;TCGA-AN-A0FJ-01A;TCGA-BH-A1FE-01A;TCGA-LL-A50Y-01A;TCGA-AN-A0AL-01A;TCGA-GM-A2DH-01A;TCGA-A2-A3XS-01A;TCGA-D8-A27W-01A;TCGA-A8-A07S-01A;TCGA-C8-A1HN-01A;TCGA-D8-A4Z1-01A;TCGA-A1-A0SP-01A;TCGA-AC-A3QQ-01B;TCGA-D8-A145-01A;TCGA-AN-A04D-01A;TCGA-A2-A0CR-01A;TCGA-S3-A6ZG-01A;TCGA-Z7-A8R6-01A;TCGA-AN-A0FL-01A;TCGA-MS-A51U-01A;TCGA-AN-A0FX-01A;TCGA-D8-A1JI-01A;TCGA-BH-A0HU-01A;TCGA-A2-A0CV-01A;TCGA-A2-A0CW-01A;TCGA-B6-A0IB-01A;TCGA-A7-A3J1-01A;TCGA-AO-A0J3-01A;TCGA-BH-A18N-01A;TCGA-E2-A1IU-01A;TCGA-AQ-A04H-01B;TCGA-E9-A249-01A;TCGA-D8-A1Y2-01A;TCGA-A2-A0CZ-01A;TCGA-AN-A0AR-01A;TCGA-AC-A2BK-01A;TCGA-E9-A22G-01A;TCGA-OL-A5D6-01A;TCGA-A2-A0CQ-01A;TCGA-AO-A03L-01A;TCGA-D8-A1XW-01A;TCGA-E9-A249-01A;TCGA-E2-A14Q-01A;TCGA-D8-A145-01A;TCGA-A2-A3XS-01A;TCGA-S3-AA15-01A;TCGA-BH-A0B6-01A;TCGA-E2-A15L-01A;TCGA-MS-A51U-01A;TCGA-A7-A13E-01B;TCGA-AC-A6NO-01A;TCGA-BH-A1ES-01A;TCGA-A8-A08Z-01A;TCGA-OL-A5D8-01A;TCGA-UL-AAZ6-01A;TCGA-A2-A0SW-01A;TCGA-D8-A1XM-01A;TCGA-S3-A6ZF-01A;TCGA-EW-A1OV-01A;TCGA-BH-A18N-01A;TCGA-EW-A1PD-01A;TCGA-A8-A079-01A;TCGA-E2-A1B4-01A;TCGA-A7-A6VY-01A;TCGA-E9-A243-01A;TCGA-AR-A2LE-01A;TCGA-OL-A66I-01A;TCGA-C8-A26X-01A;TCGA-A2-A0SV-01A;TCGA-AC-A2FM-01A;TCGA-AN-A049-01A;TCGA-BH-A0BF-01A;TCGA-E2-A107-01A;TCGA-AR-A24S-01A;TCGA-A8-A09D-01A;TCGA-BH-A202-01A;TCGA-BH-A0B4-01A;TCGA-AR-A1AW-01A;TCGA-D8-A1X7-01A;TCGA-AC-A3BB-01A;TCGA-BH-A201-01A;TCGA-E2-A1B4-01A;TCGA-EW-A424-01A;TCGA-A2-A04U-01A;TCGA-A2-A0EU-01A;TCGA-OL-A6VO-01A;TCGA-AR-A252-01A;TCGA-E9-A1NI-01A;TCGA-B6-A40B-01A;TCGA-EW-A1J3-01A;TCGA-WT-AB41-01A;TCGA-GM-A3XG-01A;TCGA-A7-A26H-01A;TCGA-E2-A1IN-01A;TCGA-A2-A0D3-01A;TCGA-AO-A0J4-01A;TCGA-A7-A3J0-01A;TCGA-AO-A0JF-01A;TCGA-C8-A1HO-01A;TCGA-BH-A1EY-01A;TCGA-A2-A0D3-01A;TCGA-BH-A18J-01A;TCGA-BH-A0W7-01A;TCGA-AC-A62V-01A;TCGA-AR-A0TT-01A;TCGA-B6-A0RE-01A;TCGA-AN-A0XS-01A;TCGA-BH-A203-11A;TCGA-BH-A0E0-11A;TCGA-BH-A0B5-11A;TCGA-BH-A18R-11A;TCGA-BH-A18U-11A;TCGA-BH-A1FM-11B;TCGA-BH-A0B8-11A;TCGA-BH-A18J-11A;TCGA-E2-A1L7-11A;TCGA-E2-A1LS-11A;TCGA-AC-A23H-11A;TCGA-E2-A158-11A;TCGA-E9-A1RB-11A;TCGA-BH-A18V-11A;TCGA-E2-A15I-11A;TCGA-BH-A18S-11A;TCGA-BH-A0BA-11A;TCGA-BH-A0B3-11B;TCGA-BH-A0DO-11A;TCGA-GI-A2C9-11A;TCGA-BH-A0BQ-11A;TCGA-A7-A0CE-11A;TCGA-E2-A1IG-11A;TCGA-BH-A0C3-11A;TCGA-BH-A0H5-11A;TCGA-BH-A0BW-11A;TCGA-BH-A0DQ-11A;TCGA-E2-A15K-11A;TCGA-BH-A0DD-11A;TCGA-A7-A13G-11A;TCGA-BH-A1F0-11B;TCGA-BH-A18K-11A;TCGA-E9-A1N5-11A;TCGA-BH-A1FN-11A;TCGA-BH-A18M-11A;TCGA-E9-A1N9-11A;TCGA-BH-A0BT-11A;TCGA-BH-A0BS-11A;TCGA-E9-A1RI-11A;TCGA-BH-A0BV-11A;TCGA-BH-A0BM-11A;TCGA-BH-A0B7-11A;TCGA-BH-A1EU-11A;TCGA-BH-A0H7-11A;TCGA-BH-A18L-11A;TCGA-A7-A0DB-11A;TCGA-BH-A18Q-11A;TCGA-BH-A209-11A;TCGA-BH-A0DK-11A;TCGA-E2-A15M-11A;TCGA-BH-A1EN-11A;TCGA-BH-A0DV-11A;TCGA-BH-A0DH-11A;TCGA-BH-A0C0-11A;TCGA-BH-A1FD-11B;TCGA-BH-A1FJ-11B;TCGA-AC-A2FM-11B;TCGA-BH-A1FC-11A;TCGA-BH-A1F8-11B;TCGA-BH-A204-11A;TCGA-A7-A0CH-11A;TCGA-E9-A1NA-11A;TCGA-BH-A0H9-11A;TCGA-E9-A1RC-11A;TCGA-AC-A2FF-11A;TCGA-E2-A1LH-11A;TCGA-E9-A1N6-11A;TCGA-BH-A0AZ-11A;TCGA-E9-A1NG-11A;TCGA-BH-A0DL-11A;TCGA-E9-A1R7-11A;TCGA-BH-A0DZ-11A;TCGA-A7-A0DC-11A;TCGA-A7-A0D9-11A;TCGA-BH-A0BC-11A;TCGA-BH-A0BJ-11A;TCGA-E2-A1LB-11A;TCGA-BH-A0HK-11A;TCGA-E2-A1BC-11A;TCGA-BH-A1FR-11B;TCGA-BH-A1FB-11A;TCGA-BH-A0HA-11A;TCGA-BH-A0E1-11A;TCGA-E9-A1RD-11A;TCGA-BH-A208-11A;TCGA-E2-A153-11A;TCGA-E9-A1RF-11A;TCGA-BH-A1F6-11B;TCGA-BH-A1EV-11A;TCGA-BH-A1FH-11B;TCGA-BH-A1FG-11B;TCGA-BH-A18N-11A;TCGA-BH-A0DG-11A;TCGA-BH-A1F2-11A;TCGA-E9-A1ND-11A;TCGA-A7-A13E-11A;TCGA-E9-A1RH-11A;TCGA-BH-A1FU-11A;TCGA-BH-A0BZ-11A;TCGA-BH-A1ET-11B;TCGA-BH-A0DP-11A;TCGA-AC-A2FB-11A;TCGA-E9-A1NF-11A;TCGA-BH-A0AU-11A;TCGA-E9-A1N4-11A;TCGA-GI-A2C8-11A;TCGA-BH-A0AY-11A;TCGA-BH-A18P-11A;TCGA-BH-A1FE-11B;TCGA-BH-A1EO-11A;TCGA-BH-A1EW-11B;TCGA-BH-A0DT-11A;TCGA-A7-A13F-11A
2.584962500721156;3.4594316186372973;1.584962500721156;0.0;1.584962500721156;3.321928094887362;5.087462841250339;2.0;3.906890595608519;1.584962500721156;5.087462841250339;4.247927513443585;3.700439718141092;4.0;1.0;1.584962500721156;4.087462841250339;2.321928094887362;2.807354922057604;4.247927513443585;1.584962500721156;3.169925001442312;1.0;0.0;2.321928094887362;1.584962500721156;2.807354922057604;1.0;0.0;4.392317422778761;1.0;1.0;5.044394119358453;2.321928094887362;1.0;3.169925001442312;1.584962500721156;2.584962500721156;2.321928094887362;3.169925001442312;1.584962500721156;2.321928094887362;2.0;2.0;3.321928094887362;1.584962500721156;3.0;2.584962500721156;3.0;4.247927513443585;3.700439718141092;3.906890595608519;5.0;2.0;1.584962500721156;5.807354922057604;2.807354922057604;1.0;0.0;1.584962500721156;2.584962500721156;1.0;3.321928094887362;4.087462841250339;5.087462841250339;1.0;1.0;1.584962500721156;4.321928094887363;1.584962500721156;4.754887502163468;2.0;3.0;2.0;3.0;1.0;0.0;3.584962500721156;1.584962500721156;2.584962500721156;2.0;0.0;0.0;3.807354922057604;3.0;3.4594316186372973;3.169925001442312;4.321928094887363;2.321928094887362;1.584962500721156;2.807354922057604;3.169925001442312;4.169925001442312;0.0;5.523561956057013;3.0;2.0;3.0;1.0;2.584962500721156;3.321928094887362;4.459431618637297;1.584962500721156;4.0;1.584962500721156;2.584962500721156;3.321928094887362;0.0;2.584962500721156;1.584962500721156;2.807354922057604;3.321928094887362;3.0;2.807354922057604;0.0;3.584962500721156;1.584962500721156;1.584962500721156;2.807354922057604;0.0;1.584962500721156;1.584962500721156;0.0;1.584962500721156;3.4594316186372973;5.321928094887363;0.0;3.321928094887362;0.0;1.584962500721156;2.584962500721156;1.584962500721156;3.0;3.807354922057604;2.0;2.0;0.0;1.584962500721156;5.169925001442312;3.0;3.0;3.169925001442312;0.0;1.0;1.584962500721156;2.0;3.169925001442312;2.321928094887362;1.0;1.0;0.0;6.149747119504682;3.0;2.0;2.584962500721156;2.321928094887362;2.321928094887362;1.0;0.0;2.321928094887362;3.584962500721156;2.321928094887362;1.0;3.4594316186372973;1.584962500721156;2.0;1.584962500721156;1.0;4.523561956057013;0.0;1.584962500721156;0.0;2.584962500721156;2.807354922057604;0.0;0.0;1.584962500721156;3.321928094887362;2.584962500721156;1.0;2.321928094887362;2.0;3.584962500721156;4.459431618637297;1.584962500721156;2.584962500721156;0.0;3.4594316186372973;3.321928094887362;1.0;6.0;2.0;3.807354922057604;2.0;1.0;3.0;1.0;2.0;3.4594316186372973;2.321928094887362;3.700439718141092;2.0;2.584962500721156;3.0;1.0;1.584962500721156;1.584962500721156;3.0;2.321928094887362;2.0;2.584962500721156;1.584962500721156;3.169925001442312;3.169925001442312;2.807354922057604;1.0;0.0;2.321928094887362;0.0;2.584962500721156;1.0;0.0;3.807354922057604;2.0;1.0;2.0
10.61378946447258;10.79766152585376;10.122827994807666;10.7714894695006;11.897089128312755;10.405141463136344;10.397674632948268;10.072802534544207;10.509775004326936;10.729620743553038;10.002815015607052;11.380461065088973;11.96000193206808;11.842350343413807;11.011227255423254;10.562242424221072;11.083479327331842;10.834471049984222;7.74819284958946;10.745674324002136;10.953468962228849;10.448116305409464;12.52135506255826;11.145295334933598;9.569855608330949;10.708221730038352;11.312882955284357;11.247334178028728;10.958552715431011;11.3292357417338;10.493855449240822;11.886077584873094;11.688687423222536;11.61240779313867;11.405673332281866;10.742309436084;10.827342704234116;11.433585441150496;10.49585502688717;10.57459352733761;12.28424574982967;12.019590728357882;10.673309075561695;10.152284842306582;10.839991070539886;10.558420713268664;11.044394119358454;11.433585441150496;10.407267764244732;10.745674324002136;11.96000193206808;10.283088353024002;10.437752072323605;11.224001674198105;10.708221730038352;7.882643049361842;11.445532219028312;9.419960177847887;11.240195053979924;11.049848549450562;10.064742764750257;10.50481898763284;10.634811050171718;10.62662165235837;9.89026427702111;11.405673332281866;10.443979542601252;11.6142497276894;11.255618749839597;11.141468555393084;11.26209484537018;9.65284497300198;10.821773981970567;10.502831804066744;10.972979786066292;11.954559846999834;10.231221180711186;10.690871009292314;11.559377090526684;10.386940245324311;10.23840473932508;10.624795455860236;10.074141462752506;11.391243589427445;10.295768934420508;10.794415866350104;10.764042217306589;11.255618749839597;11.593391122791736;10.380461065088973;11.186733289128869;12.286557761607956;10.7279204545632;10.741466986401146;10.934428040626804;10.090112419664289;9.501837184902296;11.543031820255235;11.207624468226758;10.58777751632821;11.16427843830117;11.338179249900112;11.980139577639155;10.445014845868425;10.20212382383046;9.86573327085176;11.16427843830117;10.541096615349524;10.251482410620213;11.323054760341646;10.07815080773465;11.017504401109417;11.907266248531066;10.642954223480332;10.843921051289035;10.171176797651771;11.405673332281866;10.81698362325538;11.394462694610317;10.157346935362844;10.743992861060176;11.339293300180094;10.570804437724496;10.46352437327118;10.074141462752506;10.897845456005513;10.868822554775;10.00982861736811;10.407267764244732;10.760719947465624;11.152918576136624;11.172427508645482;11.257387842692651;10.837627933171404;11.40832974076739;10.38586240064146;11.2836671674915;11.227014193649133;10.709083812550343;11.507794640198696;10.779719355143405;10.378294855911893;10.26209484537018;11.358651200892886;11.020285500844649;10.353146825498085;11.151016538892248;10.944712061043486;11.049848549450562;10.80896417491926;11.464035152189911;10.047123912114026;11.21006248324023;11.243173983472952;11.160501747555688;10.31741261376487;11.321364432039449;10.782179193831208;10.018200178813226;11.451726268074506;10.84862294042934;11.40832974076739;10.594324603924848;11.13249972962851;11.385323176175872;11.150381968817848;11.5473765634981;10.745674324002136;10.679480099505446;11.369052007001388;9.88264304936184;9.894817763307945;10.501837184902296;10.86418614465428;10.929998062609029;10.016808287686557;10.50481898763284;11.33371442609397;10.930737337562888;10.79685079526716;11.688687423222536;10.380461065088973;11.12023787734196;10.337621901992508;10.906890595608518;10.41679752760606;10.130570562805426;10.754887502163468;10.88264304936184;11.177419537989236;11.105253779700885;9.871905237659186;10.580258567499788;10.721099188707186;11.41679752760606;10.971543553950772;10.808159772868375;11.622509454683335;10.964340867792416;9.885696373339394;10.452241240430816;11.227014193649133;10.449148645375436;10.283088353024002;11.17367713630342;11.122827994807666;11.43514933836693;10.552669097514272;10.116343961237469;10.192292814470768;10.814582465906277;10.855647166027266;11.614709844115207;11.36468185586456;11.252074042796185;10.373952655370193;11.383704292474052;11.659995892429976;9.430452551665532;10.746514321138465;10.635718120331047;10.750706986224948;11.323054760341646;11.711236767793784;11.192909219112012;10.498849206531723
8.710806433699352;8.696967526234287;9.729620743553038;7.417852514885898;9.81698362325538;9.672425341971495;9.169925001442312;8.894817763307943;10.166163082646111;7.531381460516312;10.4542992936199;11.065416134676548;10.127994320976391;9.810571634741146;9.579315937580017;10.011227255423254;7.303780748177103;11.389093521904474;6.129283016944966;8.335390354693924;9.257387842692651;8.754887502163468;9.090112419664289;10.3409627642517;7.882643049361842;6.442943495848728;10.53818893205242;7.467605550082998;9.296916206879288;5.285402218862249;8.888743248898258;9.172427508645482;8.957102041562287;9.758223214726724;8.134426320220927;8.31741261376487;10.366322214245816;8.689997971419446;9.041659151637214;5.977279923499917;9.513727595952435;9.92184093707449;11.380461065088973;8.243173983472952;8.129283016944967;9.605479518061667;8.588714635582264;8.689997971419446;8.434628227636725;8.335390354693924;10.127994320976391;9.65284497300198;7.813781191217037;8.909893083770042;6.442943495848728;9.519636252843211;9.346513733165636;8.539158811108031;7.948367231584678;8.326429487122303;9.216745858195306;9.60177078840771;9.283088353024002;9.079484783826816;9.350939181546432;8.134426320220927;8.696967526234287;10.079484783826816;6.321928094887363;10.294620748891628;9.837627933171404;7.774787059601174;10.594324603924848;9.204571144249204;10.531381460516313;7.954196310386875;8.134426320220927;8.483815777264256;9.929258408636972;9.507794640198696;9.485829308701904;10.057991722759176;7.6293566200796095;9.975847968006784;9.011227255423254;7.22881869049588;9.44086916761087;6.321928094887363;7.584962500721156;9.184875342908285;8.707359132080883;9.164906926675688;8.988684686772165;8.321928094887362;8.43879185257826;9.030667136246942;7.129283016944966;7.044394119358453;9.055282435501187;8.696967526234287;6.6865005271832185;10.875749351420056;8.851749041416058;7.665335917185176;10.171176797651771;7.257387842692652;6.6865005271832185;8.08214904135387;8.754887502163468;10.124121311829189;9.199672344836364;9.152284842306582;7.700439718141092;7.451211111832329;6.20945336562895;3.906890595608519;5.906890595608519;7.417852514885898;7.044394119358453;4.087462841250339;6.108524456778169;6.569855608330948;4.523561956057013;6.754887502163468;5.491853096329675;7.918863237274595;4.700439718141092;4.523561956057013;6.22881869049588;7.219168520462161;6.189824558880018;6.507794640198696;7.159871336778389;6.965784284662087;7.3750394313469245;6.022367813028454;8.353146825498083;6.266786540694901;9.172427508645482;7.076815597050831;7.483815777264256;5.584962500721156;4.392317422778761;5.954196310386875;5.247927513443585;8.519636252843213;7.60733031374961;6.392317422778761;8.016808287686555;6.442943495848728;7.948367231584678;3.169925001442312;8.900866807980748;7.918863237274595;7.03342300153745;5.857980995127572;7.948367231584678;6.491853096329675;6.94251450533924;6.977279923499917;7.357552004618084;6.906890595608519;4.954196310386875;6.754887502163468;5.044394119358453;7.189824558880018;6.3750394313469245;4.754887502163468;6.247927513443585;5.700439718141092;5.285402218862249;7.011227255423254;5.087462841250339;6.426264754702098;6.9886846867721655;3.4594316186372973;5.247927513443585;8.823367240046235;6.672425341971495;6.426264754702098;5.754887502163468;5.459431618637297;7.894817763307944;5.700439718141092;7.794415866350106;6.357552004618084;4.321928094887363;7.876516946564999;6.965784284662087;8.098032082960527;6.523561956057013;2.807354922057604;6.6293566200796095;6.285402218862249;7.044394119358453;5.491853096329675;6.066089190457772;7.044394119358453;6.930737337562887;4.0;7.169925001442312;8.625708843064466;6.303780748177103;6.266786540694901;6.357552004618084;7.392317422778761;6.6865005271832185;7.651051691178928;5.285402218862249;5.643856189774724;5.977279923499917;5.832890014164741;6.20945336562895;4.906890595608519;7.499845887083206;5.832890014164741;5.584962500721156;7.149747119504682;3.0;6.3750394313469245;5.321928094887363;6.727920454563199;6.599912842187128;8.290018846932618;6.807354922057604;5.643856189774724
8.754887502163468;10.527477006060396;11.2246046815385;9.014020470314934;10.364134655008051;11.389093521904474;9.211888294546004;9.965784284662089;11.959639764364184;8.59245703726808;9.7515440590891;12.01262453886506;10.249113452713727;12.006676715308988;10.992938336165814;11.91737207947684;8.794415866350105;11.083479327331842;10.095397022792556;9.7515440590891;11.27029532647204;8.257387842692651;11.466586337719244;10.854089179870574;6.339850002884624;8.665335917185176;9.157346935362844;10.14974711950468;11.336506559810257;8.523561956057012;10.881113960675096;10.240791332161956;10.688250309133178;10.306061689428342;10.683871868622605;10.125413470483316;11.456867738380344;11.430452551665532;10.490850876740298;8.076815597050832;9.398743691938192;10.747353829478062;10.531381460516313;7.960001932068081;9.758223214726724;10.501837184902296;10.18239435340453;11.430452551665532;9.364134655008051;9.7515440590891;10.249113452713727;8.714245517666123;7.948367231584678;11.231221180711186;8.665335917185176;9.25974326369078;10.485829308701904;8.491853096329674;10.452241240430816;9.4757334309664;9.25502856981873;9.25974326369078;11.50382573799575;11.050528905530555;9.62935662007961;10.683871868622605;11.848231701093818;10.776433032444732;8.784634845557521;7.20945336562895;9.73640193131829;9.674192268145683;10.027905996569883;9.124121311829189;11.640244936222343;10.962173031109709;10.34207466799914;9.25502856981873;11.597587039586216;10.777255315191924;9.060695931687556;12.515453455388576;10.13699111208023;10.65642486327778;11.159871336778387;8.939579214314692;10.63117705570398;8.784634845557521;9.799281621521924;11.479275030250204;10.678600139099458;11.50432244829189;10.167418145831736;9.9901039638575;9.741466986401146;11.194756854422248;7.918863237274595;8.43879185257826;11.793196859060943;10.154818109052105;9.388017285345136;8.426264754702098;11.154818109052105;9.428360172704291;10.002815015607052;8.787902559391432;9.388017285345136;9.840777923595054;9.124121311829189;9.614709844115207;9.73978060977326;9.581200581924955;9.837627933171404;9.533329732305834;8.233619676759702;8.417852514885897;9.52552080909507;9.118941072723509;9.654636028527968;8.67595703294175;9.121533517340032;9.400879436282183;9.098032082960527;9.398743691938192;7.679480099505446;10.257387842692651;7.971543553950772;8.761551232444479;8.357552004618084;9.152284842306582;9.63117705570398;9.273795599214264;8.985841937003341;9.487840033823051;9.523561956057012;8.800899899920305;9.098032082960527;9.266786540694902;10.211888294546004;9.99717948093762;7.98299357469431;9.29232163280204;9.147204924942228;9.036173612553483;8.829722735086058;9.643856189774723;9.684748620421626;9.12670447284319;9.603626344986193;8.951284714966972;9.103287808412022;9.4655664048094;9.709083812550343;8.62935662007961;9.60177078840771;8.339850002884624;9.290018846932618;8.918863237274595;9.121533517340032;9.622051819456376;9.59618975614441;9.800899899920305;8.179909090014934;9.105908508571158;9.519636252843211;8.483815777264256;9.41574176829009;8.977279923499916;9.599912842187129;7.888743248898259;8.03342300153745;8.754887502163468;8.761551232444479;8.894817763307943;9.172427508645482;7.523561956057013;9.489847960439295;10.281930026955443;8.78135971352466;9.330916878114618;9.722807531169549;9.144658242831882;9.804131021183318;9.566054038171092;8.939579214314692;9.084808387804362;8.851749041416058;8.710806433699352;9.264442600226602;9.226412192788786;8.88264304936184;6.954196310386875;8.546894459887637;8.388017285345136;9.654636028527968;8.487840033823051;9.722807531169549;9.285402218862249;8.810571634741146;9.449148645375436;9.717676423066395;10.93810932621924;8.603626344986193;8.430452551665532;9.26209484537018;9.85642552862553;9.527477006060396;8.768184324776927;8.854868383260236;8.965784284662087;8.807354922057604;9.3151495622563;9.620219825507489;9.071462362556623;9.3151495622563;9.243173983472952;9.372865060112588;10.105908508571158;8.686500527183219;8.948367231584678;8.405141463136344;10.3409627642517;9.403012023574997;11.055960234452296;9.517669388133813;8.845490050944376
7.924812503605781;5.20945336562895;5.700439718141092;7.417852514885898;4.954196310386875;5.643856189774724;9.364134655008051;2.807354922057604;8.214319120800766;5.807354922057604;7.285402218862249;6.78135971352466;7.139551352398794;7.442943495848728;5.129283016944966;4.584962500721156;8.383704292474052;6.022367813028454;5.977279923499917;8.807354922057604;4.857980995127572;8.400879436282183;6.0;5.169925001442312;3.906890595608519;8.087462841250339;7.219168520462161;6.247927513443585;4.954196310386875;8.62935662007961;4.169925001442312;6.339850002884624;9.61654884377899;5.857980995127572;4.807354922057604;5.459431618637297;5.754887502163468;5.78135971352466;7.954196310386875;8.271463027904375;5.20945336562895;4.584962500721156;3.0;6.044394119358453;6.584962500721156;8.103287808412022;7.651051691178928;5.78135971352466;7.400879436282184;8.807354922057604;7.139551352398794;9.287712379549449;8.632995197142957;4.584962500721156;8.087462841250339;7.727920454563199;6.22881869049588;2.807354922057604;7.400879436282184;5.0;4.906890595608519;7.118941072723508;8.67595703294175;7.159871336778389;8.129283016944967;4.807354922057604;7.700439718141092;6.066089190457772;7.636624620543649;5.129283016944966;9.603626344986193;6.658211482751795;6.149747119504682;6.94251450533924;5.20945336562895;7.523561956057013;6.870364719583405;8.118941072723507;7.20945336562895;8.643856189774725;7.577428828035749;5.357552004618084;6.442943495848728;8.741466986401146;6.918863237274595;8.885696373339394;9.066089190457772;7.636624620543649;7.257387842692652;4.523561956057013;5.392317422778761;5.459431618637297;9.353146825498085;5.044394119358453;6.129283016944966;5.857980995127572;5.930737337562887;6.857980995127572;7.94251450533924;6.409390936137702;6.6293566200796095;6.6293566200796095;4.754887502163468;9.321928094887362;6.857980995127572;6.820178962415188;6.6293566200796095;4.857980995127572;6.857980995127572;5.087462841250339;7.636624620543649;3.321928094887362;7.577428828035749;9.076815597050832;8.60733031374961;12.132821006779572;9.94397991434374;8.405141463136344;10.002815015607052;10.98655314975666;8.92184093707449;8.693486957499324;11.916999049082808;8.848622940429339;10.443979542601252;11.043027283594547;9.014020470314934;10.860311054919482;8.67595703294175;9.507794640198696;8.791162888555018;7.800899899920305;9.7431513941125;9.383704292474052;10.111135670234708;10.27029532647204;9.326429487122304;8.330916878114618;8.479780264029099;10.368506461507693;9.041659151637214;10.5980525001616;11.7047682393626;9.933690654952231;9.800899899920305;10.169925001442312;9.068778277985412;10.00842862207058;8.459431618637296;6.658211482751795;7.707359132080882;10.753216749178955;10.312882955284357;7.577428828035749;8.098032082960527;8.820178962415188;8.810571634741146;10.521600439723729;10.213104219641906;9.278449458220482;10.221587121264806;8.400879436282183;9.63117705570398;10.590587049915037;7.499845887083206;10.07815080773465;8.087462841250339;9.445014845868425;9.278449458220482;8.507794640198696;8.46352437327118;7.727920454563199;10.992938336165814;9.022367813028454;9.546894459887636;9.909893083770042;11.055282435501187;11.0;5.832890014164741;8.933690654952233;9.734709620225836;9.226412192788786;9.537218400538595;10.001408194392807;8.682994583681683;9.77313920671969;10.507794640198696;8.546894459887637;9.46352437327118;8.060695931687555;7.94251450533924;11.027905996569883;8.348728154231077;8.224001674198105;6.357552004618084;7.011227255423254;9.850186837645774;9.405141463136344;8.577428828035748;10.483815777264256;10.52552080909507;10.585901449690772;8.686500527183219;8.027905996569885;9.515699838284045;9.26209484537018;11.482303782323182;8.76487159073609;10.13827180017222;11.217351905270334;9.036173612553483;9.975847968006784;9.60177078840771;8.370687406807217;9.41574176829009;9.519636252843211;7.851749041416057;7.546894459887636;8.194756854422248;9.469641817239516;11.174925682500678;8.189824558880018;10.906890595608518;9.642051692927977;8.703903573444663;10.131856960608792
9.603626344986193;10.470658874060552;11.022367813028454;9.668884984266247;12.094407633081207;9.394462694610317;10.828136484194108;8.651051691178928;10.654636028527968;9.933690654952231;10.52943055414615;11.44086916761087;11.599912842187129;10.158609688214478;10.207014320177532;10.347621368568134;9.257387842692651;10.774787059601174;7.813781191217037;9.60177078840771;10.533329732305834;10.450180247164754;10.200898605038445;10.967226258835993;11.624795455860236;9.556506054671928;10.94251450533924;9.854868383260236;11.215532999745657;10.184875342908285;11.807757403589267;10.919608238603251;10.13827180017222;10.230020435705637;9.957102041562289;10.043027283594547;10.422064766172811;10.460455896309636;10.687375683437468;10.389093521904474;10.715961990255144;11.790348496751914;10.585901449690772;9.696967526234287;9.659995892429976;10.933690654952231;11.059344460824423;10.460455896309636;10.164906926675688;9.60177078840771;11.599912842187129;10.659103963473662;10.972261848733291;10.121533517340032;9.556506054671928;6.857980995127572;10.346513733165636;8.842350343413807;10.295768934420508;9.792790294301064;9.859534786382651;10.485829308701904;11.178664851006472;10.733862719678545;10.671541066711884;9.957102041562289;10.4655664048094;10.403012023574997;10.330916878114618;12.168985440978698;11.255618749839597;9.914385132155443;11.410451351503994;9.945443836377912;11.33371442609397;9.868822554775;9.939579214314692;10.732167425663384;10.541096615349524;10.808159772868375;10.909893083770042;10.357552004618084;10.247927513443583;10.668884984266247;9.874981347653774;10.099347810403192;10.758223214726724;10.330916878114618;10.395534135462302;10.651051691178928;10.040289721025715;10.96289600533726;10.43254190038826;9.76155123244448;11.101319154423276;9.047123912114026;9.980139577639155;9.970105890612182;10.279610581052484;10.59618975614441;10.130570562805426;11.558898981146704;10.694357887221452;9.86418614465428;10.260919533662904;9.507794640198696;10.130570562805426;10.527477006060396;10.448116305409464;10.530406337099068;10.658211482751796;11.103287808412022;10.752380646552892;9.014020470314934;9.826548487290914;8.912889336229961;9.564149489985732;9.348728154231075;9.49585502688717;8.741466986401146;9.368506461507693;9.659995892429976;9.1006623390052;9.1006623390052;8.573647187493322;9.35974956032233;9.426264754702098;8.164906926675688;9.26209484537018;9.569855608330949;9.546894459887636;9.41574176829009;9.810571634741146;9.264442600226602;10.458406613236534;9.084808387804362;9.627533884472792;9.1006623390052;10.090112419664289;9.958552715431011;9.778077129535358;9.38586240064146;8.60733031374961;9.85642552862553;9.0;9.159871336778387;9.688250309133178;9.368506461507693;9.280770770130603;9.7279204545632;9.897845456005513;8.906890595608518;9.964340867792416;9.505811553919594;9.20212382383046;8.396604781181859;10.088788238716909;9.39660478118186;9.103287808412022;9.588714635582264;9.893301530860564;9.80896417491926;9.189824558880018;10.10459875356437;9.703903573444665;10.090112419664289;9.853309555403674;8.968666793195208;8.945443836377912;10.11504365016171;9.055282435501187;8.588714635582264;8.906890595608518;9.65284497300198;9.818582177480858;9.025139562278508;9.303780748177102;10.625708843064466;9.179909090014934;9.14210705730255;9.779719355143405;9.052568050804153;10.052568050804153;9.154818109052105;9.932214751968385;8.86418614465428;8.614709844115207;9.722807531169549;9.684748620421626;9.977279923499916;9.539158811108033;7.721099188707186;9.285402218862249;9.169925001442312;9.445014845868425;9.445014845868425;9.7431513941125;9.668884984266247;9.409390936137704;8.60733031374961;9.337621901992508;9.449148645375436;9.041659151637214;7.434628227636725;9.665335917185176;9.550746785383245;9.586839787961829;10.139551352398794;9.24555270625568;9.060695931687556;8.888743248898258;9.854868383260236;9.679480099505446;9.505811553919594;9.958552715431011;9.428360172704291;9.83605035505807;9.659995892429976;9.640244936222343;9.139551352398794;8.930737337562887;8.861086905995395;10.978710459106358;10.27262978497637;9.35974956032233;9.457380879072534
9.729620743553038;8.98299357469431;8.442943495848729;9.93810932621924;10.476746203939468;8.554588851677638;9.199672344836364;9.290018846932618;10.1331422124006;8.842350343413807;10.417852514885896;9.622051819456376;10.543031820255235;9.659995892429976;9.310612781659527;9.310612781659527;10.306061689428342;8.936637939002571;6.794415866350106;9.590587049915037;10.095397022792556;10.17367713630342;9.036173612553483;9.071462362556623;9.29232163280204;10.071462362556623;11.004220466318197;9.330916878114618;8.96289600533726;10.14974711950468;9.326429487122304;9.169925001442312;10.843921051289035;9.78463484555752;10.32755264408124;9.144658242831882;10.709083812550343;9.515699838284045;9.43879185257826;9.971543553950772;8.543031820255237;9.918863237274596;8.710806433699352;10.459431618637296;9.515699838284045;9.333155350310616;10.96000193206808;9.515699838284045;9.5980525001616;9.590587049915037;10.543031820255235;9.661778097771988;9.987264012072538;9.861086905995396;10.071462362556623;5.930737337562887;9.682994583681683;6.7414669864011465;10.030667136246942;10.203348002979762;8.826548487290914;9.03342300153745;9.319672120946995;9.219168520462162;9.23840473932508;10.32755264408124;10.99506046703272;8.139551352398794;9.60177078840771;8.535275376620802;9.098032082960527;10.162391328756906;9.885696373339394;9.948367231584678;9.179909090014934;10.89633240390994;9.39231742277876;9.422064766172811;9.398743691938192;9.501837184902296;9.7279204545632;9.428360172704291;9.847057346091336;8.661778097771988;10.144658242831882;10.469641817239516;9.684748620421626;9.60177078840771;9.850186837645774;9.481799431665753;8.643856189774725;8.46352437327118;9.758223214726724;8.72451385311995;9.388017285345136;8.857980995127573;7.20945336562895;9.461479447286155;9.731319031025064;9.991521846075695;8.682994583681683;9.76487159073609;9.909893083770042;10.593391122791736;9.011227255423254;8.321928094887362;8.682994583681683;9.859534786382651;9.550746785383245;8.870364719583405;9.177419537989236;8.285402218862249;9.893301530860564;10.053925881531104;9.409390936137704;10.376125389276174;11.632995197142955;11.356451970221755;11.508785162064513;11.802516365121225;10.216745858195306;10.66622400280318;11.055282435501187;11.107870914279614;10.887220615468385;10.8193807908646;10.27262978497637;10.530406337099068;10.406205005418856;11.281930026955443;11.34485068394299;10.536247215688128;11.787902559391432;10.250298417906333;10.434628227636724;11.000704269011246;11.246740598493144;10.263269200372662;10.323054760341646;12.060020354507852;11.07347215397646;10.989394499844732;11.338736382573916;11.806549621985962;10.14974711950468;9.44086916761087;11.840384550711669;10.91737207947684;11.000704269011246;9.68650052718322;9.556506054671928;10.397674632948268;10.567956075415466;8.977279923499916;10.556506054671928;9.7714894695006;10.249113452713727;10.926295994781112;10.987264012072538;11.590119174107176;10.881113960675096;9.932214751968385;11.07347215397646;12.227315099905493;10.298062567719017;10.82097669262124;10.73809225962049;10.96000193206808;10.855647166027266;10.336506559810257;10.467605550082997;10.642954223480332;11.367414751246828;11.386401423640775;11.52943055414615;10.905387005018133;10.60733031374961;11.746094383705463;8.968666793195208;10.785452468158542;10.932214751968385;10.390168956200185;11.332596057789214;10.641148597411233;10.118941072723509;10.413627929024171;10.145932145820517;10.743992861060176;11.157978449945432;9.766528908598865;11.184875342908285;10.339850002884624;10.790348496751914;10.397674632948268;9.485829308701904;9.497851836951115;11.527477006060396;10.527477006060396;10.197216693110052;9.94104760634058;10.799281621521924;11.08214904135387;10.961449694398196;9.187352073200495;11.591989767615123;10.32755264408124;11.978352958165145;10.517669388133813;10.936637939002573;10.665335917185176;10.060695931687556;10.565102078360312;12.78135971352466;10.555547771647063;11.318542809702723;11.107870914279614;10.452241240430816;11.234817431117325;9.4241662888181;11.089450481115907;10.577428828035748;10.064742764750257;11.467096033905747;11.197830998012195;10.310612781659527;11.112439506781552
10.828929827651486;11.847840355630714;13.095232171619331;10.894817763307945;11.137631598235428;10.217957697864112;11.590119174107176;11.448632567730552;12.182704710518964;10.06339508128851;11.932214751968385;12.593857938858225;11.802112418586066;12.374767814092824;11.749031382040204;12.624567018674917;10.99929538702341;11.89026427702111;10.053925881531104;11.399277924508969;11.708221730038352;10.271463027904376;11.817783121774534;10.611024797307351;12.658434654697617;10.827342704234116;12.037890085142507;12.258566033889933;11.346513733165636;12.105908508571158;12.254733389246674;11.514714054138487;11.804937672051908;11.948732239819616;12.47294463377961;11.915505962231933;12.240195053979924;12.23511671439625;12.100990784092762;11.43514933836693;9.68650052718322;11.366322214245816;11.81257844413538;11.69522829149575;11.069449767427784;12.006676715308988;12.529918528120325;12.23511671439625;11.655530723155644;11.399277924508969;11.802112418586066;10.043027283594547;11.345959596404112;11.676397887044764;10.827342704234116;11.646108641506103;11.026523442519766;11.02167404285837;11.773963368433558;10.643856189774723;10.832098846039134;11.510269670898175;12.711882028352088;12.24852060493843;10.62935662007961;12.47294463377961;11.74777340052679;11.893680738390907;11.411510988012072;11.756973226165448;12.98992663055989;11.566054038171092;11.713816080234498;11.845097960972977;11.841957399099549;12.14242620231898;12.584022940257542;11.3066313617125;11.754887502163468;12.185185166820329;11.780949798749663;12.337900602860929;11.12347479824414;11.642954223480332;12.34568244818678;11.265615046484458;11.945809584900822;11.411510988012072;11.456867738380344;9.861086905995396;11.888362741170644;11.627989784315703;12.510764167917891;10.949097155729207;11.032045726930807;11.360298426618046;9.92035285541508;11.011227255423254;12.89954574499535;11.902375114486023;11.753634618853386;12.94196459298614;12.221587121264806;11.51224664282918;12.081816278109198;11.38586240064146;11.753634618853386;11.82456102997028;10.967946705812707;10.688250309133178;11.428883552010191;11.602234901341063;12.320518524632693;12.10000522442272;10.84862294042934;12.04746477331842;11.898601387403938;11.370687406807216;11.921469060531413;11.733439082899434;11.095397022792556;11.394998514501673;12.210975677726395;11.689561254285524;10.8649599151426;12.223398414711628;10.490850876740298;11.840384550711669;11.346513733165636;11.399811959325683;11.780949798749663;11.529918528120325;11.40886043602476;11.380461065088973;11.403544678202014;11.136350341454156;11.370687406807216;11.611024797307351;11.65954999687987;12.154185209265297;10.489847960439295;11.588246152044816;12.024793384702548;12.034111146096592;11.490349505739289;10.44604940671655;11.932214751968385;11.419433550705378;11.797256217509783;11.822570830950168;11.703038388986418;12.432019846812493;11.968666793195208;11.391780606013166;11.419433550705378;11.267371931265274;11.314583244274194;11.559855041513623;11.141468555393084;12.01854794187165;12.052568050804153;12.303780748177102;11.356451970221755;12.04882741336389;12.0566377151132;11.009128789539256;12.070120944476823;11.939211882666395;12.672204323964031;10.733862719678545;10.83605035505807;10.934428040626804;11.965784284662089;11.505811553919594;11.510764167917891;11.00842862207058;12.230921088137896;11.774787059601174;11.304921669581672;11.30035256032822;11.950920352030098;11.769424641552751;11.821773981970567;12.178664851006472;10.89633240390994;11.632995197142955;11.4231159101471;11.140190703191836;11.322491537597468;11.312315746690109;11.510269670898175;10.99859042974533;11.400879436282183;11.330356716957944;11.511258495502268;11.051208940914766;12.103615656394544;11.924441392339196;11.322491537597468;12.032734528586714;12.325867580575418;12.547858506058416;11.027214885159834;12.101975670949232;11.929258408636972;11.937005926516589;12.246146774635864;10.526499239136566;11.260919533662904;11.995767150877802;11.080151309614088;11.780129619625306;12.246443717117286;11.894059846274022;11.89519657256334;11.507299124122763;11.4231159101471;12.286846502735887;11.076815597050832;11.538673953082668;12.061708704660624;12.135067945777816;12.221587121264806;12.540370243743569;11.762382038710392;11.358651200892886
11.009128789539256;11.020285500844649;13.146409569587783;10.92035285541508;13.761447348013048;10.805743872151618;10.537218400538595;14.891973519025557;12.578136783414749;9.971543553950772;11.179287104646004;12.208843990734614;11.471167133724393;11.776021715252812;12.043710863347156;11.225207436943505;11.20945336562895;14.19075064966236;11.571278618514595;11.857203471508166;13.090608674341276;9.974414589805528;11.955649907528374;11.260919533662904;10.498849206531723;11.171802288682985;13.871038898659474;12.35397382181817;11.068778277985412;11.50332885662666;10.506803437795648;11.376125389276174;12.108197722535827;11.116343961237469;11.415213598765286;11.980853606379736;11.263269200372662;11.571752643503546;10.818582177480858;11.109177703355275;12.860311054919482;13.041316915829444;13.7175693306831;9.86727873970966;11.700439718141093;10.979425195331473;12.545688495560212;11.571752643503546;11.450180247164754;11.857203471508166;11.471167133724393;11.571752643503546;10.88340698638837;12.465821455643775;11.171802288682985;11.85096815098244;10.887982133058454;10.839991070539886;11.389631339260522;10.278449458220482;10.080817527608328;9.1006623390052;11.958915156091347;11.922955991908475;10.778077129535358;11.415213598765286;11.43149760425805;11.43306376512207;11.591522346570734;11.151016538892248;14.582200798750776;12.157031074378354;11.002815015607052;9.83605035505807;11.088788238716909;9.946906274456396;10.884933647949762;11.202736043250168;11.809366207816078;12.879966079664356;11.285980105928212;12.231521210875703;9.954196310386877;11.124767535822471;11.571752643503546;10.690871009292314;12.407533331671324;11.591522346570734;11.543031820255235;12.27583351001347;11.287712379549449;11.004220466318197;12.206098613995795;10.603626344986193;10.975847968006784;11.890644283619087;8.194756854422248;11.530893981193922;12.508785162064513;11.768597882194374;11.080817527608328;13.510146020155364;11.712097051087548;11.95310515059134;11.024447124040648;10.64565843240871;11.080817527608328;12.188897873242189;11.207624468226758;9.152284842306582;10.600842114387302;12.832494484336111;11.93810932621924;12.806146803320525;10.677719641641009;11.251482410620213;12.96902670215077;12.311464515448444;12.70714340198091;11.579787329526992;11.63117705570398;12.407533331671324;12.435930651703597;12.959277505720502;11.294620748891628;13.123313124568744;10.711666973564348;11.84979602224561;11.50481898763284;12.38720958071964;12.691089186236532;12.81977993183848;12.676397887044764;12.889123656294238;11.988684686772164;11.910642730469624;12.659326997414103;12.56961830344664;12.44889062962926;12.99081307915361;10.714245517666123;12.02997734658958;12.068442416025826;12.35149140932002;12.417852514885896;12.11829223302699;12.624567018674917;12.0003521774803;12.188588845707349;12.03514274788591;12.539158811108033;12.522826699925806;13.204265456136843;11.766528908598865;12.586370695113963;12.19598729802851;11.623424289869911;12.001408194392807;11.400879436282183;13.02997734658958;12.955286645524469;12.437752072323605;11.83368074865474;12.360024019571876;13.0591754379151;10.967226258835993;13.031184262140842;11.978710459106358;13.210671343785622;10.720244258287568;11.161131882984307;11.81177605532666;12.181773438808808;11.229419688230417;12.081483438093674;10.46454575033394;12.160186576600662;12.832098846039134;11.717676423066395;12.041659151637214;13.208843990734614;11.735979039613404;12.807354922057604;12.686719366021846;10.794415866350104;11.971902746045467;11.749450465569916;12.002815015607052;12.53818893205242;12.922212717785449;11.605016447911364;10.26795708440284;11.99116750614001;12.075144844066315;12.76424960536716;12.26707926567123;12.536247215688128;13.113579397950534;12.04678297035635;12.343463343667905;13.190904940346524;13.367687756270046;11.65642486327778;12.206098613995795;12.524541715035848;13.174613647235942;12.66777683839343;10.710806433699352;11.798471801101618;12.214015491410844;12.104926303807776;12.257093144491057;13.378565810000564;12.355626393637916;12.433324626715926;11.7279204545632;12.45455634396194;13.145295334933598;11.822172461476178;11.952377251967985;11.934428040626804;13.189361290465795;12.19075064966236;13.657765035265363;12.419960177847887;12.148794321424337
6.857980995127572;3.700439718141092;4.247927513443585;5.727920454563199;3.700439718141092;5.754887502163468;7.383704292474052;2.321928094887362;7.531381460516312;9.43254190038826;6.129283016944966;5.169925001442312;4.954196310386875;8.076815597050832;10.927777962082342;4.754887502163468;7.531381460516312;5.044394119358453;5.0;10.83605035505807;3.0;4.643856189774724;5.357552004618084;4.584962500721156;1.0;7.807354922057604;6.247927513443585;1.584962500721156;3.906890595608519;12.33371442609397;2.584962500721156;10.482807956726669;7.954196310386875;2.807354922057604;10.762382038710392;10.06204613772049;4.643856189774724;8.64745842645492;7.409390936137702;8.375039431346925;2.321928094887362;3.169925001442312;3.169925001442312;6.303780748177103;12.355901638328415;6.189824558880018;5.832890014164741;8.64745842645492;6.7414669864011465;10.83605035505807;4.954196310386875;7.442943495848728;6.189824558880018;12.94288099715904;7.807354922057604;6.0;9.813781191217036;6.6293566200796095;8.686500527183219;10.382624026574916;0.0;4.523561956057013;8.247927513443585;6.459431618637297;7.924812503605781;10.762382038710392;11.268542000300124;4.643856189774724;11.359200485133632;1.0;6.442943495848728;5.491853096329675;5.129283016944966;5.857980995127572;3.807354922057604;4.247927513443585;6.658211482751795;7.693486957499325;1.584962500721156;7.03342300153745;7.392317422778761;7.569855608330948;7.098032082960526;4.857980995127572;13.274086905634414;7.754887502163468;8.936637939002571;11.359200485133632;6.022367813028454;3.321928094887362;3.807354922057604;3.584962500721156;9.90388184573618;5.882643049361842;5.954196310386875;4.392317422778761;3.584962500721156;5.129283016944966;11.543031820255235;8.965784284662087;6.0;5.754887502163468;14.50928016808786;7.483815777264256;5.584962500721156;5.0;6.0;7.022367813028454;7.569855608330948;3.906890595608519;5.882643049361842;3.321928094887362;7.257387842692652;10.840777923595054;7.467605550082998;9.887220615468385;10.830515206976838;8.546894459887637;11.084144010615145;10.63662462054365;9.105908508571158;8.842350343413807;11.640244936222343;10.258566033889933;8.980139577639157;11.756973226165448;8.087462841250339;10.907641803665529;9.108524456778168;9.84862294042934;10.225207436943505;10.112439506781552;9.926295994781112;9.843921051289035;9.804131021183318;10.179909090014934;9.659995892429976;8.581200581924957;7.693486957499325;9.4241662888181;7.475733430966398;10.654636028527968;10.483815777264256;10.653740778706569;9.192292814470768;9.663558104217271;9.002815015607053;10.060695931687556;9.821773981970567;6.906890595608519;8.74819284958946;11.12670447284319;10.376125389276174;7.60733031374961;9.111135670234708;10.236014191900084;8.661778097771988;10.337621901992508;9.098032082960527;10.77066389291676;10.369597346278676;8.791162888555018;9.071462362556623;10.957102041562289;8.758223214726724;9.226412192788786;9.581200581924955;10.969386521342283;11.171802288682985;7.98299357469431;9.328674927327947;8.98299357469431;10.627533884472792;9.659995892429976;10.410451351503994;8.573647187493322;10.117643101389092;10.714245517666123;6.930737337562887;10.29920801838728;10.337621901992508;10.96000193206808;10.347621368568134;10.24555270625568;7.577428828035749;9.189824558880018;9.7279204545632;8.994353436858859;9.002815015607053;8.829722735086058;10.230020435705637;9.294620748891628;9.813781191217036;9.14210705730255;7.912889336229962;8.055282435501189;10.694357887221452;10.893301530860564;8.554588851677638;9.541096615349524;10.792790294301064;10.555547771647063;9.469641817239516;8.988684686772165;10.265615046484458;11.112439506781552;11.553149275598548;8.566054038171092;9.945443836377912;10.84313591111135;9.164906926675688;9.899356922923111;11.411510988012072;8.011227255423254;9.927777962082342;10.164906926675688;9.717676423066395;8.294620748891628;6.491853096329675;10.58777751632821;10.749031382040204;10.371776644337924;10.963618617443972;10.589651146514786;9.96289600533726;10.13827180017222
2.807354922057604;2.584962500721156;1.584962500721156;3.321928094887362;3.807354922057604;2.321928094887362;2.0;1.0;1.0;4.906890595608519;1.0;3.0;3.0;1.584962500721156;2.0;2.807354922057604;3.0;1.0;3.0;3.169925001442312;2.584962500721156;4.169925001442312;4.392317422778761;3.700439718141092;1.0;4.087462841250339;2.0;0.0;2.584962500721156;1.0;4.0;3.700439718141092;5.643856189774724;4.392317422778761;2.584962500721156;2.321928094887362;2.0;2.321928094887362;1.0;2.584962500721156;3.321928094887362;1.584962500721156;2.321928094887362;2.0;3.169925001442312;2.0;1.0;2.321928094887362;2.584962500721156;3.169925001442312;3.0;2.321928094887362;0.0;2.321928094887362;4.087462841250339;1.584962500721156;4.169925001442312;1.0;4.857980995127572;4.0;2.0;3.321928094887362;3.0;3.169925001442312;0.0;2.584962500721156;3.807354922057604;1.0;2.807354922057604;3.0;1.584962500721156;2.584962500721156;1.584962500721156;0.0;4.392317422778761;3.584962500721156;2.321928094887362;1.584962500721156;3.321928094887362;0.0;3.169925001442312;2.321928094887362;2.807354922057604;2.321928094887362;2.807354922057604;2.0;3.0;2.807354922057604;5.584962500721156;0.0;2.584962500721156;2.807354922057604;1.0;2.584962500721156;4.169925001442312;1.584962500721156;2.321928094887362;3.169925001442312;2.807354922057604;2.321928094887362;2.0;1.584962500721156;4.0;1.584962500721156;3.0;2.0;2.0;2.0;3.321928094887362;2.807354922057604;2.321928094887362;2.584962500721156;4.247927513443585;2.321928094887362;1.584962500721156;2.0;3.0;3.584962500721156;1.584962500721156;2.321928094887362;2.321928094887362;1.0;2.321928094887362;0.0;1.584962500721156;1.584962500721156;2.584962500721156;2.584962500721156;2.807354922057604;0.0;3.321928094887362;2.0;2.0;2.0;3.807354922057604;2.0;1.584962500721156;2.807354922057604;2.0;3.321928094887362;2.0;2.0;1.0;2.0;3.169925001442312;0.0;1.0;3.321928094887362;2.584962500721156;0.0;2.584962500721156;1.0;3.321928094887362;3.0;2.0;0.0;3.0;2.321928094887362;2.807354922057604;3.4594316186372973;0.0;2.807354922057604;1.0;2.807354922057604;2.584962500721156;4.169925001442312;4.087462841250339;0.0;1.584962500721156;4.0;2.0;2.0;2.807354922057604;2.0;2.321928094887362;2.584962500721156;2.321928094887362;1.584962500721156;2.807354922057604;2.321928094887362;2.584962500721156;2.584962500721156;2.807354922057604;2.584962500721156;1.0;2.321928094887362;2.0;2.0;0.0;1.0;1.0;2.584962500721156;2.0;0.0;2.0;1.0;2.321928094887362;2.584962500721156;2.584962500721156;1.584962500721156;2.0;2.321928094887362;1.584962500721156;0.0;1.0;1.584962500721156;3.807354922057604;1.584962500721156;1.0;3.0;3.584962500721156;1.584962500721156;2.807354922057604;3.169925001442312;2.584962500721156;2.321928094887362;3.700439718141092;2.584962500721156;2.0;0.0;3.169925001442312;0.0;2.321928094887362;2.321928094887362;1.0;1.0
13.938017408469475;12.981567281903017;13.605826723159224;13.544481522310791;15.56617298899285;12.442425193331609;12.677499433285108;13.742730476519174;13.780847301854957;12.482051629033911;14.534363682549078;14.074643240639736;14.157583785727162;14.00105627463478;13.776741443399889;12.557942286787448;13.679700005769249;14.874357043413832;12.202429966015352;13.88760142450871;14.131776594341837;12.49560523119078;13.709622352644278;13.70865283568653;14.000528233986822;13.64622117183188;13.988684686772164;13.049338071751931;13.712204550438654;13.458150248057557;13.809768128710411;13.75373906736318;14.686664659424151;12.141468555393084;13.18099691957972;12.758639637024576;14.675460910996277;13.463652084955491;13.226863716982413;13.987086329328193;15.094448871202118;14.05553664742647;13.240344146631418;14.159240650411672;12.834866038362016;13.65250890240818;13.915879378835774;13.463652084955491;13.69859615674503;13.88760142450871;14.157583785727162;14.996296936687374;13.250298417906333;14.14569337467702;13.64622117183188;11.121533517340032;13.984507467348587;12.317129926384542;14.059006395201113;14.069869289673576;13.132821006779572;13.14449892583753;13.792383614935188;13.13747150335196;13.183945471757246;13.18099691957972;15.419663973734474;14.006413745710626;13.536611486625777;14.440739423014271;15.071336657582098;13.839597483021176;13.016982347533649;12.910830081296574;13.46824219236017;14.551528033628088;13.3188252203997;13.979782430703086;13.833483105659584;14.91564600478507;14.44197152583225;13.365775635326267;13.344018439881326;12.771902080697716;13.913730912257195;13.90717234447005;13.941231050303047;13.536611486625777;13.934612328171395;13.785043714779723;12.467605550082997;13.053925881531104;12.638435913990472;12.91139198784346;14.016024758393058;13.941322763537936;11.94982671075911;13.286702139395508;14.064405961891042;13.877667574067882;13.595723694101627;14.294979655040924;14.4757334309664;14.394998514501673;12.510764167917891;12.78953364497036;13.595723694101627;14.5427900615549;13.106726502039171;12.6373041221062;13.027042055565031;14.650939537018582;13.993380704255898;13.744623639343583;13.199365616857982;12.829722735086058;13.767253386915764;13.135388651579046;13.665780028329484;13.713493918252984;13.236163717219272;13.64880694972577;13.336506559810257;13.215381320721084;14.174067423074606;13.050528905530555;12.249113452713727;12.59618975614441;13.267518241801469;13.476239906323851;13.40047922497788;13.661555442467758;14.052228393347402;13.27262978497637;13.640244936222343;13.47015043527436;13.80302113929134;13.458791075608133;13.582024340280569;13.820278702816962;13.877284133523196;14.60020330405384;13.235715094761895;13.594207951809086;13.669770888525518;13.436190995481416;13.151967870968187;13.640357924830376;13.840679590429296;13.431367014075487;13.896521622224974;13.154026940926496;14.588129007386325;13.477252323937952;13.224303209373389;12.556506054671928;13.068274455720507;13.411775775576528;13.124444460008585;13.844607698610256;13.95546828795982;13.433455039827054;14.041488043881468;14.19391031528667;13.33622758948339;13.109504215757006;14.10705356960822;13.937649678896111;12.80332391904149;12.876516946565;13.167574951988176;13.03307880613062;13.575657418193968;14.750811646897551;14.531259606127044;13.663669281733675;14.7431513941125;14.13747150335196;13.069449767427784;13.428360172704291;13.848427334023928;14.376193234513126;14.319178156047638;13.794314321740464;13.472056157502356;13.735027079802624;13.270879295328784;13.375853976418467;13.594674503689903;14.3274122972704;13.605942439625368;12.772108342052116;13.23825544610397;12.916439322580777;13.514837313999376;12.89026427702111;14.151413003496929;13.711236767793784;13.7324854450719;13.124121311829189;13.804534402995223;13.94617524072356;12.608254821977908;12.298349015658186;14.067938476436064;13.917931444281608;14.013933264158965;13.214319120800766;14.127430154309826;13.363176553811964;13.416665599935456;14.175315631699174;14.4629495307459;13.488718845605542;14.064911136698967;13.875845323150736;13.582847628550269;13.44047989881122;12.776021715252812;13.56843119316746;13.5346676445924;12.926110641785304;14.18185106774912;13.71639078949768;13.401279536596528;14.176406929058992
3.584962500721156;0.0;1.584962500721156;2.807354922057604;3.0;2.0;2.0;5.285402218862249;2.0;1.584962500721156;2.321928094887362;5.247927513443585;1.584962500721156;6.189824558880018;0.0;0.0;3.169925001442312;3.321928094887362;5.727920454563199;3.321928094887362;0.0;1.0;4.087462841250339;2.321928094887362;2.807354922057604;2.584962500721156;2.321928094887362;1.0;2.584962500721156;3.0;3.4594316186372973;1.0;3.4594316186372973;2.321928094887362;2.584962500721156;1.0;3.169925001442312;2.807354922057604;3.321928094887362;3.584962500721156;5.247927513443585;5.700439718141092;1.584962500721156;3.4594316186372973;2.0;2.321928094887362;3.584962500721156;2.807354922057604;3.4594316186372973;3.321928094887362;1.584962500721156;2.0;0.0;3.700439718141092;2.584962500721156;3.321928094887362;2.807354922057604;1.584962500721156;3.0;2.584962500721156;3.584962500721156;2.0;3.807354922057604;3.0;3.321928094887362;2.584962500721156;2.584962500721156;3.4594316186372973;3.321928094887362;2.584962500721156;3.0;2.0;5.643856189774724;2.0;3.169925001442312;4.0;2.321928094887362;2.807354922057604;2.584962500721156;3.807354922057604;2.807354922057604;3.700439718141092;3.321928094887362;4.0;1.584962500721156;2.807354922057604;2.807354922057604;3.321928094887362;4.087462841250339;1.0;2.321928094887362;3.169925001442312;3.321928094887362;2.0;3.0;3.321928094887362;0.0;0.0;3.169925001442312;2.584962500721156;3.169925001442312;3.700439718141092;4.459431618637297;1.0;4.169925001442312;4.0;3.169925001442312;3.0;4.392317422778761;0.0;3.906890595608519;3.169925001442312;3.807354922057604;4.247927513443585;2.321928094887362;1.584962500721156;3.700439718141092;2.321928094887362;3.906890595608519;2.0;4.584962500721156;2.807354922057604;1.584962500721156;3.700439718141092;3.0;3.321928094887362;1.0;2.321928094887362;3.169925001442312;4.584962500721156;4.169925001442312;4.523561956057013;3.4594316186372973;3.169925001442312;3.584962500721156;2.0;5.044394119358453;3.700439718141092;4.584962500721156;3.700439718141092;1.584962500721156;1.0;2.321928094887362;2.807354922057604;3.807354922057604;3.321928094887362;4.087462841250339;3.700439718141092;3.0;3.584962500721156;4.523561956057013;1.584962500721156;4.0;3.584962500721156;4.247927513443585;3.4594316186372973;3.0;1.0;0.0;3.584962500721156;4.087462841250339;3.807354922057604;2.0;3.321928094887362;3.321928094887362;3.4594316186372973;5.169925001442312;2.807354922057604;3.584962500721156;1.584962500721156;1.584962500721156;2.321928094887362;2.0;2.807354922057604;3.0;0.0;1.0;3.169925001442312;4.584962500721156;3.584962500721156;3.807354922057604;0.0;3.807354922057604;1.0;3.4594316186372973;2.321928094887362;2.807354922057604;3.169925001442312;4.087462841250339;4.169925001442312;2.0;1.584962500721156;2.584962500721156;4.087462841250339;4.392317422778761;3.4594316186372973;0.0;4.700439718141092;4.087462841250339;2.0;3.321928094887362;3.584962500721156;2.321928094887362;3.169925001442312;3.321928094887362;4.169925001442312;3.700439718141092;2.321928094887362;2.321928094887362;0.0;3.0;2.321928094887362;4.247927513443585;4.584962500721156;4.807354922057604;1.584962500721156;4.754887502163468;4.643856189774724;1.584962500721156;2.584962500721156;3.321928094887362;4.247927513443585;0.0;4.643856189774724;2.584962500721156;2.584962500721156
10.566054038171092;11.67595703294175;12.67065624911844;11.328674927327947;13.046953451306727;11.292896755409172;11.559377090526684;12.330916878114618;11.42574042431621;11.413627929024171;11.674633661767269;12.235715094761895;11.874981347653774;11.240195053979924;10.887220615468385;10.688250309133178;11.118941072723509;11.98370619265935;8.103287808412022;11.088788238716909;11.573647187493322;13.050018668552331;11.801304186049023;11.737669863177452;10.874212934830874;10.922584402713664;11.25089053572334;9.981567281903017;12.33734314727405;12.30149619498255;11.820178962415188;11.598517810612622;12.20212382383046;11.981567281903017;10.721099188707186;10.968666793195208;11.031356596255709;11.977995368612962;11.808159772868375;11.637077657143664;12.216139556425135;11.165535141377925;12.81698362325538;11.040289721025715;12.459687756239548;11.758223214726724;11.263269200372662;11.977995368612962;12.020285500844649;11.088788238716909;11.874981347653774;11.65508344519798;12.423903765836592;11.946906274456396;10.922584402713664;7.599912842187128;11.780949798749663;9.851749041416058;11.834866038362016;12.236911111444602;11.466076461396252;11.605942439625368;11.683871868622605;11.90350531042388;12.557224349454447;10.721099188707186;11.403544678202014;11.253847484987404;12.232720707964871;12.532112370794998;12.344295907915816;10.622051819456376;13.246592165441838;11.897845456005513;11.95673914505908;10.457380879072534;11.194141238863136;12.104926303807776;11.654636028527968;12.188279751964144;10.676838606474153;10.936637939002573;10.73640193131829;12.781974367389338;11.140190703191836;12.044735626056909;11.778077129535358;12.232720707964871;12.202736043250168;11.27786854617684;11.47015043527436;12.305491792110685;11.825356341479337;11.011926066306808;13.194602975157968;11.285980105928212;11.720671786825555;11.366322214245816;11.985486199104637;11.368506461507693;11.61056350392504;12.474212937193943;11.582141981658776;11.220982851081777;11.239598529249124;11.072132604167232;11.61056350392504;11.58261245126702;12.17617314910749;11.217351905270334;11.878817284614229;12.939028181763254;11.573173784686484;10.59898297103609;10.868822554775;10.125413470483316;11.130570562805426;10.922584402713664;11.4893462407191;10.35974956032233;11.019590728357882;11.508289986140348;10.41256984680521;10.186114239541643;10.30035256032822;10.860311054919482;11.375039431346924;9.86418614465428;11.305491792110685;10.854868383260236;11.467605550082997;11.185494924210866;11.98903963696239;11.214926187942435;11.50382573799575;10.853309555403674;11.000704269011246;10.995767150877802;12.272921326867005;11.298062567719017;11.5980525001616;10.610102062999664;10.179909090014934;11.203348002979762;10.715104009236168;10.476746203939468;11.57553924683453;11.281350514981035;11.321928094887362;10.927037168720297;11.464035152189911;9.22881869049588;11.31628153174622;11.34207466799914;11.403544678202014;9.930737337562888;10.768184324776929;11.057991722759176;10.611024797307351;11.63117705570398;11.186733289128869;11.371776644337924;10.793603309279408;11.57553924683453;11.400879436282183;10.842350343413807;11.454813348512523;10.562242424221072;10.64565843240871;11.729620743553038;10.760719947465624;10.24198314969433;10.66266837551754;11.527477006060396;11.187352073200495;10.561287945164828;10.42940674151398;11.866506212226202;10.965784284662089;11.486332252768664;11.199058823653022;10.800899899920305;11.915879378835774;10.360847084179664;11.440350119200565;10.515699838284045;10.247927513443583;10.92851837525789;11.114393054867309;11.064742764750257;11.345405246717796;9.958552715431011;10.698704666770343;10.839991070539886;11.036173612553483;10.624795455860236;10.93737382019215;11.376125389276174;11.53430288245463;9.900866807980748;10.675074920385445;11.52552080909507;10.71681946132995;8.954196310386875;11.41204051455165;11.094077685671904;11.456354415108288;11.214926187942435;10.127994320976391;10.169925001442312;10.75905593916017;10.828929827651486;11.460455896309636;11.023061249735337;11.29748950116098;10.600842114387302;11.1767964781476;12.050528905530555;10.413627929024171;11.02167404285837;10.425215903299383;10.487840033823051;11.683433292835405;11.721099188707186;11.155450731312138;10.655530723155644
11.86379910372885;12.489597122389307;11.160501747555688;13.212648367816252;15.770276741203446;11.068778277985412;12.225809940623543;10.099347810403192;13.502956083262315;10.287712379549449;11.643405277115674;13.677609541664545;11.65508344519798;12.79766152585376;11.834866038362016;14.47173871189611;13.040632200562252;11.14338321398982;10.679480099505446;12.99541385222515;12.016111838220512;12.50432244829189;12.96000193206808;11.749869427396844;9.139551352398794;12.598750409571752;14.142027260016052;12.763627351727628;10.591522346570734;13.276851386917684;13.99541385222515;13.049678410286392;12.355351096424812;18.557605798146646;10.48683502156305;10.9901039638575;12.518161355756956;11.4189067312579;13.600377553107844;13.463013413449692;12.25650356743304;14.2322710134189;12.194449079479025;11.43879185257826;11.038918989292302;13.526499239136566;12.66777683839343;11.4189067312579;12.108197722535827;12.99541385222515;11.65508344519798;11.86611979330307;12.421012855779226;12.930922097125269;12.598750409571752;9.394462694610317;13.484193528531758;15.63327907487963;13.931937851988478;11.129926933510394;12.25915476886684;11.373952655370193;13.339989145001809;14.720885503593724;11.82097669262124;10.48683502156305;12.3292357417338;11.019590728357882;11.60177078840771;12.585432051592962;12.695445810537382;11.060695931687556;13.094572578492796;11.73259143596501;12.583787954502338;14.642728643769;11.449664538476192;12.3445733225962;12.869401059778095;12.565340127208454;13.656760023005363;11.541580659991167;11.952377251967985;12.209148710355748;13.351629433241762;12.971543553950772;14.832494484336111;11.60177078840771;12.830317129810208;12.439830883981392;12.580494128777294;9.859534786382651;13.555068391333338;11.537218400538595;13.071965072954027;11.872674880270605;14.51582301395463;14.038747556217311;12.80332391904149;14.115206253153248;11.75112558336727;12.496853777388042;14.88350245008011;12.400879436282183;17.217616970830633;12.468624042918018;11.75112558336727;12.92016673723887;12.437231901039478;13.038404628941894;13.026177596889225;10.696967526234287;13.012100716151568;13.89121410590583;13.30848124464402;14.391914828931892;14.13016832814676;13.41323123912454;14.243099585151974;14.03419714109205;13.289298471903477;13.697510607377868;14.337830932691126;14.218184804521943;13.59898297103609;14.363176553811964;13.404875455015208;13.41481734468885;13.286413369370344;13.574238722636666;13.608832338914842;13.85904940635557;13.942239575363963;13.987885729402086;13.88683970588442;13.766632427778108;13.918676926815126;13.73946419458592;13.034627039197348;14.230695977736552;13.620105248607066;14.182704710518964;14.408197036444903;14.16820200623727;13.6713199131833;12.828136484194108;14.0380616201336;13.628673364068312;13.590587049915037;13.657318449581288;13.33161677384507;14.163728286289151;14.046100845028802;13.663446918132603;13.40207940450145;13.628217680223434;13.520373136339725;14.043539998771736;13.813681000582536;14.394060699054595;13.896237785445184;13.6032786098684;13.62490966089025;14.40693573620228;13.659326997414103;13.778487861222372;13.844117269587995;14.129283016944967;14.026004642978943;13.76994112565983;12.882452001882136;13.07363951028323;14.533573081389802;14.05273784954982;13.94196459298614;13.206403913973848;14.408462432884376;14.248817059278505;12.817783121774534;13.49460561567122;14.563732534705844;13.842546775443642;13.937741620077096;14.220907299509877;13.309760544729622;13.527477006060396;14.252295842326314;13.564744931424242;13.772108342052116;13.561168590869755;13.89973454235751;13.044735626056909;13.207471955404491;13.344295907915816;13.764560631570992;12.673971520682796;14.43280285635187;13.883025068440173;13.491853096329674;14.468369487109523;14.413032853263864;14.000792278469312;13.584845089120613;12.800090987624994;13.996561756654629;13.84519599345634;14.504012024398088;13.802516365121225;13.992141731625926;14.299064886779355;13.755722153642282;14.073723181157018;14.276851386917684;13.94452905919877;14.443850077438436;14.276269830912272;13.510146020155364;13.07263508111231;11.714245517666123;13.662445857580664;13.74819284958946;13.556865246766623;14.91246836404911;14.153710352151716;13.92174797692491;13.961178349604277
11.643405277115674;11.94617524072356;11.663113308455806;11.962534563511271;12.525031345124;11.59898297103609;12.09077405464075;11.571278618514595;12.206098613995795;12.465311308877183;11.91176647065955;12.665335917185176;12.773551346428505;12.638435913990472;12.393658591454772;11.738514532429267;11.808562029957525;11.24198314969433;9.577428828035748;11.952377251967985;11.647008638441648;12.58777751632821;12.54061240824953;11.993646060016596;11.360298426618046;11.949097155729207;12.024793384702548;12.335948565202298;11.966144913345602;12.998237821888049;11.90048948483465;12.669992279616398;13.01227534485612;12.183635381473218;12.29634268469289;11.909518114296617;12.56057167123656;12.420223419348645;11.970465440779996;11.7710767402628;12.097044499322951;11.679480099505446;11.728770849542665;11.722807531169549;11.451726268074506;12.667111542075029;12.11309098344238;12.420223419348645;12.03342300153745;11.952377251967985;12.773551346428505;11.725792271494155;12.376396751082842;12.068778277985412;11.949097155729207;7.417852514885898;12.173052457774116;10.417852514885896;11.88340698638837;12.187352073200495;11.405141463136344;11.547858506058416;12.306061689428342;12.54061240824953;11.341518823245243;12.29634268469289;12.029287226968243;12.527477006060396;12.2103669456326;12.204876767603992;12.850772862313322;11.67815995754276;11.671983272091865;11.541580659991167;12.471167133724393;12.599215495017718;12.360298426618046;12.002111776479852;12.828334860961816;12.30149619498255;11.909893083770042;11.961811408087163;11.52943055414615;11.871135184243045;12.013671614058635;12.529186505250893;11.715533063526584;12.2103669456326;12.423641195075856;11.430452551665532;11.014717929860009;12.011926066306808;12.023061249735337;11.78463484555752;12.959277505720502;11.442943495848729;11.514714054138487;12.15386865522324;12.470658874060552;11.901244032467376;12.32333628928017;11.98477446004684;12.490349505739289;11.874981347653774;12.216139556425135;11.646558710154547;12.32333628928017;12.220982851081777;12.06305796362349;13.134426320220928;12.22881869049588;11.90613899619538;12.35947504884954;11.863024710236886;11.4757334309664;11.993999791792524;12.00562454919388;11.543031820255235;12.165849146176395;11.972261848733291;11.699138625275914;11.939211882666395;12.208539206738363;11.773963368433558;11.38747886584238;12.0003521774803;11.934796592178404;11.377210530388552;11.623881490013458;11.534789211480266;11.99116750614001;11.802516365121225;11.9683067944308;11.595723694101627;12.167104482379932;11.566054038171092;11.998942951443086;11.581200581924955;11.712527000439824;12.185804615108458;11.854868383260236;11.89973454235751;12.157346935362844;12.059344460824423;11.410451351503994;10.924070185585345;12.204571144249204;11.697402007502708;11.889503963411476;12.036860446673046;12.07648160120702;11.92072501975118;12.04678297035635;11.859534786382651;11.49585502688717;11.040289721025715;11.731743290707842;11.963979787815338;11.4812949046311;11.985486199104637;12.169611882604212;12.288000889707574;11.5473765634981;12.3437409184722;11.929258408636972;12.00562454919388;12.132178380915544;12.250002267840449;12.00105627463478;12.360024019571876;11.397139806235604;11.207014320177532;12.0;12.240195053979924;12.179909090014934;11.718104713121756;12.235715094761895;12.307770031890705;11.633449374713493;11.702605602110248;12.04882741336389;11.493355121494906;12.106890045092218;11.556026992724677;11.89973454235751;11.50481898763284;11.767770648776704;11.623881490013458;11.527965641133957;11.806952328210736;12.013671614058635;11.254438148267257;11.439830883981392;11.56271942704932;11.670213636738564;11.390706372872774;12.216442739160492;11.808562029957525;11.693922488081014;11.85914649542596;12.143702076857933;12.065416134676548;11.473705749619416;11.589651146514786;12.14338321398982;11.820178962415188;12.244661144764198;12.027560482248775;11.79685079526716;11.854868383260236;11.33371442609397;12.19598729802851;12.216745858195306;12.01297364837454;12.301210371298426;11.874981347653774;11.945443836377912;11.993999791792524;13.082980613825388;11.63390340934852;11.836444911341369;11.53818893205242;12.584962500721156;12.372048825272772;11.90388184573618;11.744833837499543
2.0;0.0;0.0;0.0;2.321928094887362;1.584962500721156;1.584962500721156;4.247927513443585;3.169925001442312;4.0;4.247927513443585;0.0;1.584962500721156;1.584962500721156;3.0;3.169925001442312;3.584962500721156;3.807354922057604;0.0;3.4594316186372973;0.0;3.169925001442312;2.807354922057604;0.0;0.0;2.584962500721156;1.0;2.807354922057604;2.584962500721156;2.321928094887362;2.0;2.321928094887362;6.022367813028454;0.0;2.807354922057604;2.584962500721156;2.0;2.321928094887362;2.321928094887362;2.807354922057604;1.0;0.0;0.0;2.807354922057604;4.169925001442312;1.0;4.321928094887363;2.321928094887362;1.0;3.4594316186372973;1.584962500721156;3.700439718141092;0.0;2.0;2.584962500721156;3.321928094887362;0.0;1.584962500721156;0.0;1.0;0.0;1.584962500721156;3.4594316186372973;1.584962500721156;1.584962500721156;2.807354922057604;1.0;0.0;4.169925001442312;0.0;4.857980995127572;3.321928094887362;6.658211482751795;0.0;0.0;1.584962500721156;2.0;2.584962500721156;3.321928094887362;2.584962500721156;2.321928094887362;2.321928094887362;0.0;0.0;3.906890595608519;2.807354922057604;2.0;4.169925001442312;3.807354922057604;2.807354922057604;2.321928094887362;0.0;3.4594316186372973;2.321928094887362;2.807354922057604;3.4594316186372973;1.0;2.584962500721156;1.584962500721156;3.906890595608519;1.584962500721156;0.0;1.584962500721156;4.169925001442312;0.0;1.584962500721156;1.584962500721156;0.0;2.584962500721156;1.0;1.0;2.321928094887362;2.0;4.392317422778761;0.0;0.0;4.169925001442312;2.807354922057604;1.0;2.321928094887362;3.807354922057604;3.169925001442312;2.0;4.247927513443585;1.0;3.0;3.4594316186372973;1.584962500721156;3.321928094887362;3.584962500721156;4.169925001442312;4.643856189774724;3.584962500721156;2.0;4.857980995127572;3.0;2.584962500721156;3.169925001442312;2.807354922057604;2.0;2.321928094887362;1.584962500721156;1.0;4.087462841250339;2.584962500721156;2.321928094887362;5.169925001442312;1.0;3.169925001442312;4.523561956057013;3.807354922057604;2.807354922057604;3.4594316186372973;3.906890595608519;4.087462841250339;2.807354922057604;3.700439718141092;3.169925001442312;3.584962500721156;3.807354922057604;5.044394119358453;1.584962500721156;2.584962500721156;4.169925001442312;3.0;4.523561956057013;4.392317422778761;3.321928094887362;4.169925001442312;4.523561956057013;2.321928094887362;4.584962500721156;1.584962500721156;3.0;3.0;0.0;0.0;3.321928094887362;3.321928094887362;2.807354922057604;3.0;3.4594316186372973;3.700439718141092;3.0;2.584962500721156;1.584962500721156;1.584962500721156;5.247927513443585;4.0;2.0;0.0;0.0;3.807354922057604;4.0;2.0;3.807354922057604;3.321928094887362;3.169925001442312;1.584962500721156;2.0;3.906890595608519;5.0;1.584962500721156;5.087462841250339;3.4594316186372973;4.392317422778761;0.0;1.584962500721156;1.0;1.0;2.321928094887362;2.584962500721156;4.584962500721156;3.169925001442312;3.0;2.0;3.4594316186372973;5.044394119358453;0.0;0.0;2.584962500721156;3.700439718141092;2.0;3.0;2.0;2.321928094887362
8.918863237274595;9.105908508571158;10.405141463136344;9.894817763307945;11.527477006060396;9.579315937580017;11.145932145820517;10.047123912114026;12.172114932533136;8.139551352398794;10.792790294301064;11.676838606474153;10.634811050171718;9.044394119358454;11.139551352398794;9.447083226209651;10.036173612553483;10.993646060016596;9.83605035505807;9.802516365121225;9.61286849729104;12.48053778310184;10.383704292474052;10.232420927176076;9.824958740528524;10.075479149488016;11.105253779700885;8.159871336778389;8.721099188707186;10.91513244895065;9.651051691178928;8.515699838284043;11.622509454683335;7.087462841250339;10.41256984680521;10.094077685671904;8.603626344986193;9.41574176829009;10.200898605038445;10.395534135462302;9.29920801838728;9.497851836951115;9.638435913990472;8.39231742277876;10.514714054138487;9.802516365121225;9.457380879072534;9.41574176829009;10.439830883981392;9.802516365121225;10.634811050171718;10.462502272597265;11.950555897047511;9.084808387804362;10.075479149488016;9.335390354693924;9.583082767502932;8.997179480937621;9.554588851677638;8.86418614465428;7.098032082960526;9.49585502688717;10.75905593916017;9.879583249612784;11.539643506238036;10.41256984680521;9.044394119358454;8.262094845370179;9.50382573799575;11.974414589805528;11.576956664706092;7.665335917185176;10.260919533662904;8.867278739709661;9.826548487290914;7.768184324776926;9.64745842645492;11.040289721025715;9.403012023574997;10.266786540694902;9.03342300153745;10.014020470314934;8.588714635582264;12.128316602903544;9.409390936137704;11.145295334933598;11.325305455089682;9.50382573799575;9.63662462054365;8.807354922057604;9.43254190038826;9.0;12.268542000300124;9.900866807980748;10.734709620225836;10.606405212697783;10.35424938194524;11.543515216152167;10.020979938904212;10.24436383512051;9.535275376620802;11.77313920671969;10.059344460824423;8.965784284662087;9.63662462054365;10.022367813028454;9.535275376620802;8.622051819456376;11.54882190845875;7.357552004618084;10.892542816648552;10.635718120331047;10.309476353841106;11.417852514885896;11.239001757765582;8.930737337562887;10.74819284958946;10.876516946565;11.534789211480266;9.280770770130603;9.878050912728536;11.293471648838134;9.831307243802051;11.228217442293436;8.717676423066395;11.131856960608792;11.12605911607068;9.94104760634058;11.162391328756906;10.63662462054365;11.02167404285837;11.5473765634981;11.335390354693924;11.475226777742266;11.884552133987237;9.782998208920414;11.02997734658958;11.34485068394299;12.391780606013166;11.201511344500146;10.7657004876511;8.005624549193879;10.020979938904212;11.229419688230417;11.124121311829189;9.99717948093762;11.862249900851513;10.579315937580017;10.599912842187129;11.945809584900822;11.222191138456331;8.78135971352466;11.1357092861044;11.663113308455806;10.906890595608518;10.326429487122304;10.794415866350104;10.778077129535358;8.727920454563199;11.86727873970966;11.341518823245243;11.486332252768664;10.876516946565;11.12670447284319;11.777666280880757;11.464035152189911;11.98370619265935;10.742309436084;10.90312867681232;11.91513244895065;9.588714635582264;10.250298417906333;9.34207466799914;10.680359523513712;10.31741261376487;7.6293566200796095;8.266786540694902;11.82456102997028;10.991521846075695;10.731319031025064;11.898601387403938;9.324180546618742;11.75112558336727;9.419960177847887;11.636171441635922;9.94251450533924;8.74819284958946;10.897089128312755;11.603626344986193;11.409390936137704;11.482303782323182;8.888743248898258;10.65284497300198;10.86727873970966;11.841957399099549;10.562242424221072;10.032045726930807;11.41204051455165;11.375039431346924;8.566054038171092;11.025139562278508;11.22881869049588;10.785452468158542;9.932214751968385;11.364134655008051;11.267371931265274;11.287712379549449;10.111135670234708;9.894817763307945;9.25502856981873;11.010528105886484;10.067434360756522;10.980853606379736;11.68079903457298;11.552669097514272;8.038918989292302;10.812177305514448;10.987264012072538;5.930737337562887;10.477758266443889;11.03960451795376;11.338179249900112;9.18239435340453;10.929998062609029;11.773963368433558;10.345405246717796
12.386670859637618;12.18239435340453;5.044394119358453;13.361258440464605;7.6293566200796095;12.966144913345602;9.271463027904376;4.321928094887363;14.106808275883088;12.801304186049023;7.417852514885898;6.339850002884624;6.22881869049588;9.642051692927977;11.242578689451346;11.068778277985412;12.80332391904149;6.599912842187128;11.277287400130357;9.366322214245816;4.643856189774724;12.31628153174622;14.559317335518458;12.74420315113283;9.758223214726724;12.373408960228696;9.39231742277876;15.630068001165654;11.475226777742266;13.564744931424242;13.34249141106907;14.353836022014743;8.980139577639157;12.360298426618046;16.361035637036505;13.646558710154547;7.20945336562895;16.517700141025706;8.888743248898258;9.719388820942084;3.700439718141092;4.392317422778761;4.523561956057013;7.247927513443585;13.46620394737176;10.344295907915816;6.954196310386875;16.517700141025706;13.966595572469275;9.366322214245816;6.22881869049588;6.845490050944375;7.149747119504682;13.60848585649532;12.373408960228696;8.022367813028454;13.755409215922052;10.88340698638837;14.55584730347434;15.092385519819384;10.157346935362844;11.378836713210614;15.190827797067042;11.197216693110052;4.169925001442312;16.361035637036505;10.186114239541643;13.180530807344482;14.707574829926973;5.426264754702098;7.366322214245816;13.257240501116575;7.339850002884624;6.6865005271832185;11.501339618061396;10.53430288245463;13.13024878405069;11.428360172704291;8.149747119504681;13.693704739225286;8.247927513443585;12.2603315185576;11.26502894245816;12.821973235481124;15.591668431915783;12.7300455028792;14.620219825507489;14.707574829926973;14.0;4.0;15.325727069736166;3.584962500721156;13.37218489648635;11.00562454919388;12.957102041562289;13.173364830849035;8.224001674198105;14.128316602903544;15.477220696639316;15.03578712461773;15.219773550892874;6.7414669864011465;17.07177657708221;12.735132884139947;9.900866807980748;12.729620743553038;15.219773550892874;10.303780748177102;10.619302955415687;6.672425341971495;6.700439718141092;5.954196310386875;15.765778172325795;12.70628015884916;12.667555107041132;8.721099188707186;11.184255495405347;12.605248001565805;12.088125692188209;9.558420713268664;10.61286849729104;13.910080531966354;9.881113960675096;11.019590728357882;10.691743519171276;12.590119174107176;11.445532219028312;10.287712379549449;10.64745842645492;11.985486199104637;11.79685079526716;12.711451886714766;11.389631339260522;13.231221180711186;12.925183519434208;11.413627929024171;13.550626555786868;12.796242448203165;9.247927513443583;14.562242424221072;9.407267764244732;9.823367240046236;9.523561956057012;11.806146803320525;12.001408194392807;12.527965641133957;11.965423565810127;13.595956743943162;10.456354415108288;13.601422605700364;11.004922678569043;10.382624026574916;14.7632123668144;11.586370695113963;13.778385189262687;11.757390009366638;11.400879436282183;13.018895621121649;8.044394119358454;11.342630298678408;12.211888294546004;15.648582283363735;12.34623669139025;10.906890595608518;11.544964432789238;12.02997734658958;12.139231570719351;11.960725994839056;13.457509135732698;12.489597122389307;11.06406908038551;10.4797802640291;10.84862294042934;11.669328004395904;10.667111542075029;7.74819284958946;9.436711542137214;13.011401989880063;11.393390457443989;12.433846208442825;13.979157210740588;11.50382573799575;11.817783121774534;11.337621901992508;12.448116305409464;10.80896417491926;9.079484783826816;12.121857245612654;12.073806847178492;11.731743290707842;11.827342704234116;7.022367813028454;11.924441392339196;10.648357582009666;12.337621901992508;12.609871287178828;11.644757592516257;13.490474864825336;12.885886991697456;9.12670447284319;12.807958602256477;13.902940323128275;10.147204924942228;12.599215495017718;13.842546775443642;13.092426815780255;11.219773550892874;9.782998208920414;12.263562639820616;10.409390936137704;13.809466698537456;13.043881707688747;13.258418812598832;12.919980595048962;12.658657792126084;8.60733031374961;13.91176647065955;13.404476350847172;7.366322214245816;13.354111608460832;10.982280604558284;12.170863950411928;8.710806433699352;14.76647714622364;13.489597122389307;12.234817431117325
11.834866038362016;12.61194694181998;13.002287618401075;11.189824558880018;12.249706056969703;11.273795599214264;12.220680621052203;12.395266349839096;13.60813929084344;11.080151309614088;12.191059214531656;13.494480615017771;12.693269142893206;13.010702925037366;12.70498432489298;13.627761852402616;11.578844391558205;12.36194377373524;11.791569912126878;12.664669494027176;13.124121311829189;10.939579214314692;12.527965641133957;11.928888439397635;13.196448443962078;11.686938171670388;13.262975701227942;12.463779785335385;12.441128621804696;12.652396861477678;13.403411532981035;12.538916402464112;12.70433597118232;13.109830654278792;12.54182262142417;12.088125692188209;13.088953827817909;12.99081307915361;12.590119174107176;11.417852514885896;11.305491792110685;12.943430560383598;12.109830654278792;11.892163309861964;12.03376711484639;12.48053778310184;13.0;12.99081307915361;12.701523066574437;12.664669494027176;12.693269142893206;11.074810461160451;11.878050912728536;12.557463701597824;11.686938171670388;12.107217075591382;12.041659151637214;11.507299124122763;12.545447181678094;12.053925881531104;12.296055838078784;11.935165049603697;13.306061689428342;12.800697714363126;11.937005926516589;12.54182262142417;12.82376527978966;13.006852001748774;12.37232095486726;12.093087390444218;13.3888245380236;12.103943429891558;11.605479518061667;12.168985440978698;12.157662727208448;12.772520776314757;12.896899984419877;12.059006395201113;12.41679752760606;13.347898144596012;12.518407276671365;13.55206865007526;11.066761932386909;12.519881922497428;13.096550453872924;11.711666973564348;12.767563766286798;12.37232095486726;11.874597192401634;11.025139562278508;12.030667136246942;11.710806433699352;13.517669388133813;11.878050912728536;11.847840355630714;12.943247395901553;9.459431618637296;11.82097669262124;13.457765614851754;12.707790495528824;12.80292019858527;13.641487324481671;12.639340708652233;12.49909844122888;13.206556539738695;12.3188252203997;12.80292019858527;12.618844301766652;12.057653339963936;11.178664851006472;12.216442739160492;11.960364008877834;12.617008227651963;12.602698865017963;11.321928094887362;11.761966695382092;12.47826403158172;11.933321820732946;12.572463389083676;11.814582465906277;11.68650052718322;11.734709620225836;12.302353326431202;12.461990950585571;11.145295334933598;12.722594098956584;10.62113611327464;11.712527000439824;11.480790201095816;11.939579214314692;12.567718457850754;12.465311308877183;12.31938987600021;12.389093521904474;11.958915156091347;11.564625862795372;12.30149619498255;12.285113188501493;12.188588845707349;12.868243817704636;10.99929538702341;11.876900591040306;12.136670762341843;12.326429487122304;12.054943416573323;11.452756029032496;12.502334580197996;11.858758099935422;11.950920352030098;12.039947160169094;12.042343379793692;12.40832974076739;12.641600215834355;11.757390009366638;12.282798858683533;11.652396861477678;12.061033601681112;11.701306461958623;11.363039630256514;12.623424289869911;12.613559277788264;12.840384550711669;11.81977993183848;12.437752072323605;12.367687756270046;11.13249972962851;12.702605602110248;12.355626393637916;12.889313822384397;11.064742764750257;11.356451970221755;11.510764167917891;11.99045856507371;11.546412195119352;11.906890595608518;10.682994583681683;12.33063682472329;12.62935662007961;11.854868383260236;11.486332252768664;12.57459352733761;11.698270577692032;12.501837184902296;12.290882822429577;11.513727595952435;11.97692206785108;11.526010107061737;11.86611979330307;12.187352073200495;12.255618749839597;11.773551346428505;10.904634621668151;11.682116764950074;11.934059394900794;12.16804526822409;11.722380635163802;12.34568244818678;12.766114757586722;11.952741247186488;12.215836309962455;12.871135184243045;13.267518241801469;11.43879185257826;12.350939181546432;12.324180546618742;12.86418614465428;12.594091290260412;10.94104760634058;11.874981347653774;12.139551352398794;11.800899899920305;12.114393054867309;12.950191349972702;12.4757334309664;12.230320715661112;11.71037597120447;12.199365616857982;12.639566818681828;12.085472459181284;11.689124404913258;12.1526017440192;12.827739648806956;12.338736382573916;13.185185166820329;12.314583244274194;11.781769511863132
11.856036399819155;12.165221068220944;13.75676478940414;11.891024190149498;11.721099188707186;11.084808387804362;12.02997734658958;11.703471046071948;13.551107414066758;11.106562940444883;12.083479327331842;13.306204128589329;11.955286645524469;12.714460188456028;12.44449728710381;12.198751965193736;12.354524889449351;11.750706986224948;11.967946705812707;11.679040186393062;12.258860431409756;10.97656412341533;12.013671614058635;11.44604940671655;10.364134655008051;11.83368074865474;12.82316817898474;11.965062756744627;11.105908508571158;12.31174831500496;12.416005780559267;12.716176405807428;13.169925001442312;12.95310515059134;12.752171545162444;12.928703419193356;12.350110443347928;11.93110683302934;11.91737207947684;11.714674827308002;11.725792271494155;13.24242982755771;13.297919322418709;11.944712061043486;11.74819284958946;12.615629636968098;12.480790201095816;11.93110683302934;12.386131937314994;11.679040186393062;11.955286645524469;10.98370619265935;12.172427508645482;13.344712009935012;11.83368074865474;11.33147682185962;11.572226512793694;10.684748620421626;12.202736043250168;10.67065624911844;10.599912842187129;10.667111542075029;13.054604317960672;12.189824558880018;12.312315746690109;12.752171545162444;12.041316915829444;12.355351096424812;13.312315746690109;11.023754353299417;13.146727764348864;11.278449458220482;11.240791332161956;11.727069558023706;11.307770031890705;11.68255574108031;12.162391328756906;11.96289600533726;12.297776062894147;13.064405961891042;12.32558654521057;11.867664848380745;11.304921669581672;12.450180247164754;11.899356922923111;11.56652978262417;13.21295228503686;13.312315746690109;11.965423565810127;10.973697366305352;11.643405277115674;11.03823313473178;13.113416611485944;11.52258153125483;11.96686590038754;12.263269200372662;9.586839787961829;11.567005370247031;12.252369767926028;12.325867580575418;11.86534664481678;12.542306422582593;12.68013971776317;12.483059977871669;12.473452088952232;11.25974326369078;11.86534664481678;12.72451385311995;12.162391328756906;10.459431618637296;12.175861383565296;11.860699032611988;12.355351096424812;12.976385117888592;11.667555107041132;12.247927513443583;13.453013354466314;12.539885792751477;13.446954039279555;12.3188252203997;12.518407276671365;12.440090524950488;12.882260929099804;13.095067301607054;11.93810932621924;13.132339064219256;11.419433550705378;12.401679525982452;12.249706056969703;12.537703747907644;13.123151432773575;13.09687983630378;12.942331224510577;12.81678367937856;12.379919817646538;12.215532999745657;12.840777923595054;12.937189885081184;12.658657792126084;13.279610581052484;11.456867738380344;12.465311308877183;12.955286645524469;12.9947069952581;12.381272555711789;11.725792271494155;13.16427843830117;12.495105510007784;12.949279579076595;12.650827374138768;12.86360554432145;12.916812497709833;13.06406908038551;12.293759009667864;12.674412981837063;12.400078902622012;12.63254087654689;12.534546067459992;11.984062369686436;13.398342887645883;13.356451970221755;12.97172316117676;12.390706372872774;13.073974164666753;13.491477345568104;12.002111776479852;13.26605446829837;12.961268803539594;13.744833837499543;11.532355925288847;11.94288099715904;12.07648160120702;12.910642730469624;12.163020639580791;12.849405100947758;11.002815015607052;12.884742903579696;12.927777962082342;12.512740462803498;12.605248001565805;13.299494239009364;12.526010107061737;13.116343961237469;12.817783121774534;11.565578136784328;12.381542951184583;12.455840909126398;12.598517810612622;12.94196459298614;12.627077840517394;12.667998535672528;11.214319120800766;12.114067647165264;12.362491806046062;12.902563541971553;12.292609222764296;13.048657153725893;13.333574677458138;12.45532722030456;12.887030173247677;13.555787402083771;13.686062749895417;12.10000522442272;12.673971520682796;13.138431806276849;13.186114239541643;13.3188252203997;11.579787329526992;12.47699928613306;12.56081046872794;12.384783750093352;12.842350343413807;13.651724433108065;13.240791332161956;13.072132604167232;12.5473765634981;12.582377235640692;13.35631440692812;12.874405076409488;12.479022346995178;12.732803394393494;13.452884697486615;12.79340009848382;13.579198065523013;12.909518114296617;12.413627929024171
5.700439718141092;5.20945336562895;6.569855608330948;8.154818109052105;10.373952655370193;4.321928094887363;5.807354922057604;7.169925001442312;5.807354922057604;6.894817763307944;6.129283016944966;9.539158811108033;8.49585502688717;7.98299357469431;4.169925001442312;4.247927513443585;7.665335917185176;10.31628153174622;4.857980995127572;7.491853096329675;2.584962500721156;7.584962500721156;6.066089190457772;3.807354922057604;6.906890595608519;6.357552004618084;7.851749041416057;4.392317422778761;4.169925001442312;14.45494183362112;4.584962500721156;7.754887502163468;7.266786540694901;4.459431618637297;5.643856189774724;9.08746284125034;4.584962500721156;8.968666793195208;7.189824558880018;7.721099188707186;6.339850002884624;8.784634845557521;8.734709620225837;5.954196310386875;4.857980995127572;6.20945336562895;6.491853096329675;8.968666793195208;6.475733430966398;7.491853096329675;8.49585502688717;6.22881869049588;9.473705749619416;5.584962500721156;6.357552004618084;7.948367231584678;12.458919206967591;5.169925001442312;5.285402218862249;5.087462841250339;9.407267764244732;6.523561956057013;7.523561956057013;5.78135971352466;8.164906926675688;5.643856189774724;6.247927513443585;7.266786540694901;8.219168520462162;8.417852514885897;8.60733031374961;5.614709844115208;7.787902559391432;5.554588851677638;5.754887502163468;4.906890595608519;5.882643049361842;6.6293566200796095;8.658211482751796;6.087462841250339;7.994353436858858;4.643856189774724;4.087462841250339;5.832890014164741;7.679480099505446;8.348728154231077;5.977279923499917;8.219168520462162;7.523561956057013;5.614709844115208;5.247927513443585;6.820178962415188;6.6865005271832185;5.906890595608519;9.831307243802051;7.693486957499325;4.643856189774724;7.417852514885898;7.577428828035749;7.807354922057604;10.65642486327778;9.611024797307351;5.129283016944966;7.714245517666122;3.4594316186372973;6.768184324776926;10.65642486327778;7.584962500721156;6.149747119504682;6.832890014164741;7.179909090014935;8.005624549193879;8.179909090014934;9.1006623390052;8.546894459887637;10.9901039638575;9.640244936222343;8.011227255423254;9.970105890612182;10.52258153125483;9.731319031025064;7.569855608330948;11.199672344836364;9.774787059601174;10.499845887083206;11.065416134676548;9.681238411777803;10.577428828035748;9.147204924942228;9.019590728357882;8.417852514885897;7.826548487290915;9.964340867792416;7.761551232444479;8.813781191217037;9.26209484537018;6.754887502163468;7.948367231584678;8.45532722030456;7.651051691178928;11.12670447284319;11.11178773580101;11.157346935362844;9.897845456005513;8.290018846932618;7.266786540694901;8.103287808412022;8.954196310386875;9.554588851677638;7.076815597050831;9.105908508571158;9.807354922057604;9.22881869049588;7.491853096329675;6.672425341971495;8.584962500721156;8.622051819456376;9.945443836377912;10.873444112515376;9.060695931687556;9.357552004618084;6.977279923499917;10.380461065088973;10.997885127829113;8.335390354693924;9.987264012072538;7.845490050944375;8.951284714966972;8.92184093707449;9.273795599214264;8.721099188707186;8.550746785383243;11.426264754702098;10.34318571544788;9.78463484555752;10.938844457466171;11.211279947482009;8.087462841250339;6.930737337562887;9.00842862207058;8.519636252843213;10.73640193131829;9.899356922923111;10.309476353841106;8.43879185257826;9.622051819456376;10.706496018061188;9.131856960608792;8.471675214392045;8.483815777264256;10.1331422124006;10.52845411076479;8.696967526234287;7.475733430966398;7.330916878114617;7.851749041416057;11.263269200372662;8.459431618637296;7.851749041416057;10.744833837499543;9.829722735086058;9.30149619498255;9.50382573799575;7.900866807980749;9.804131021183318;7.426264754702098;10.443979542601252;10.430452551665532;9.952741247186488;10.696967526234287;8.092757140919852;10.509775004326936;10.484822894262146;7.672425341971495;10.29920801838728;11.4655664048094;7.78135971352466;7.011227255423254;9.044394119358454;9.847057346091336;9.964340867792416;8.144658242831882;12.446824840780309;8.430452551665532;7.515699838284043;9.339850002884624
10.66266837551754;11.134426320220928;10.791162888555018;11.518161355756956;12.074141462752506;11.757806672197228;11.044394119358454;10.28886607416582;10.54399845013454;11.65508344519798;11.147840893672337;12.203959703239462;12.942697762886755;12.480032814583948;11.13699111208023;11.4578938373147;10.400879436282183;11.748612176736982;7.467605550082998;10.447083226209651;12.341518823245243;12.42705089315088;11.85836959985474;11.717248005827646;10.876516946565;11.24436383512051;11.489847960439295;10.353146825498085;12.564625862795372;11.443979542601252;11.557463701597824;12.154818109052105;11.286557761607956;12.014717929860009;11.528942415064895;10.44086916761087;10.400879436282183;11.891403996665025;11.694357887221452;10.891024190149498;12.283377789285558;11.614709844115207;11.138911718142744;10.680359523513712;11.880731435141664;11.50084187955693;11.43514933836693;11.891403996665025;10.99859042974533;10.447083226209651;12.942697762886755;11.23840473932508;11.49235394515987;10.841564347730577;11.24436383512051;7.2384047393250786;11.721526464007477;9.204571144249204;11.096056239180946;11.67065624911844;10.83368074865474;10.851749041416058;11.23840473932508;11.418379719364957;11.420486612825774;11.528942415064895;11.846273911349906;11.30720080914081;11.647008638441648;11.875749351420056;10.943247395901553;9.884170519108435;12.35672705746463;10.410451351503994;11.68431031112435;11.369597346278676;11.036173612553483;11.3409627642517;12.342908033791574;10.885696373339394;10.95492329203032;10.987974524296153;11.12347479824414;11.286557761607956;10.804937672051908;11.665780028329484;10.794415866350104;11.647008638441648;12.435930651703597;11.398743691938192;11.085472459181284;12.345127991976693;10.632995197142955;11.128638812852598;11.996120363033048;10.593391122791736;11.4812949046311;11.957827560833744;10.921097088106793;11.585901449690772;10.485829308701904;11.965423565810127;11.665780028329484;10.25502856981873;10.642051692927977;10.130570562805426;10.485829308701904;11.782588759494963;11.066089190457772;12.259449046285685;10.97513145692134;11.405673332281866;11.660441650209172;9.60177078840771;9.99435343685886;9.027905996569883;10.06204613772049;10.186114239541643;10.222794902868111;9.090112419664289;10.381542951184583;10.836839359748716;9.12670447284319;9.688250309133178;9.068778277985412;9.991521846075695;11.023061249735337;8.199672344836364;10.246740598493144;9.721099188707186;10.38586240064146;10.239598529249124;11.001408194392807;9.717676423066395;11.347067657165873;9.544964432789238;9.987264012072538;9.73978060977326;10.603626344986193;10.568906154502084;11.060695931687556;9.573647187493322;9.0;10.651051691178928;9.702172685365548;9.799281621521924;10.513727595952435;10.303780748177102;9.902375114486023;9.84862294042934;10.831307243802051;8.611024797307353;10.682994583681683;10.20945336562895;9.859534786382651;8.86418614465428;10.43879185257826;10.265615046484458;10.090112419664289;10.487840033823051;10.410451351503994;10.552669097514272;9.961449694398196;10.65284497300198;10.11504365016171;10.586839787961829;10.295768934420508;9.583082767502932;9.744833837499543;11.61056350392504;9.618385502258606;9.885696373339394;9.804131021183318;10.550746785383245;10.335390354693924;9.857980995127573;10.052568050804153;11.161131882984307;10.17367713630342;9.845490050944376;10.533329732305834;9.778077129535358;10.743992861060176;9.581200581924955;10.914385132155443;9.599912842187129;8.89178370321831;10.20945336562895;10.230020435705637;10.42940674151398;10.642954223480332;9.055282435501187;10.127994320976391;9.749869427396844;9.965784284662089;10.125413470483316;10.283088353024002;10.664447284547972;10.27029532647204;8.997179480937621;10.335390354693924;10.51175265376738;9.980139577639155;9.294620748891628;10.355351096424812;10.022367813028454;10.19598729802851;11.204571144249204;9.554588851677638;9.430452551665532;9.583082767502932;9.923327485419192;10.363039630256514;10.3297963382207;10.62844554013718;9.774787059601174;10.172427508645482;10.562242424221072;8.39231742277876;9.926295994781112;9.483815777264256;9.306061689428342;11.278449458220482;10.860311054919482;9.972979786066292;9.588714635582264
2.584962500721156;3.169925001442312;1.0;0.0;8.233619676759702;1.584962500721156;6.569855608330948;4.523561956057013;1.584962500721156;2.807354922057604;1.584962500721156;8.228818690495881;7.60733031374961;9.887220615468385;1.0;7.2384047393250786;2.584962500721156;8.174925682500678;1.0;3.700439718141092;5.832890014164741;4.0;3.4594316186372973;4.321928094887363;2.0;2.321928094887362;6.459431618637297;2.0;4.807354922057604;2.807354922057604;7.442943495848728;2.321928094887362;3.4594316186372973;0.0;1.0;2.321928094887362;0.0;1.584962500721156;2.584962500721156;2.584962500721156;4.459431618637297;7.507794640198696;4.584962500721156;2.807354922057604;1.0;2.321928094887362;1.0;1.584962500721156;3.321928094887362;3.700439718141092;7.60733031374961;4.321928094887363;2.321928094887362;1.0;2.321928094887362;7.159871336778389;3.169925001442312;5.247927513443585;1.0;3.321928094887362;6.491853096329675;4.392317422778761;4.459431618637297;3.700439718141092;4.169925001442312;1.0;2.807354922057604;1.0;3.700439718141092;4.321928094887363;3.169925001442312;2.0;8.721099188707186;3.700439718141092;2.0;4.087462841250339;1.0;3.0;2.0;1.0;5.614709844115208;1.584962500721156;3.807354922057604;6.022367813028454;0.0;3.807354922057604;2.807354922057604;3.700439718141092;4.906890595608519;8.826548487290914;1.584962500721156;7.276124405274237;4.0;4.087462841250339;0.0;1.584962500721156;1.0;5.491853096329675;2.0;5.357552004618084;2.0;4.523561956057013;2.807354922057604;3.321928094887362;3.0;0.0;2.0;4.643856189774724;3.4594316186372973;0.0;5.426264754702098;5.700439718141092;2.0;2.0;3.169925001442312;0.0;3.4594316186372973;2.0;2.321928094887362;2.321928094887362;2.584962500721156;2.807354922057604;1.584962500721156;3.321928094887362;4.459431618637297;3.4594316186372973;3.4594316186372973;1.584962500721156;1.0;1.584962500721156;2.584962500721156;3.906890595608519;4.247927513443585;0.0;3.321928094887362;0.0;4.169925001442312;3.700439718141092;3.321928094887362;3.807354922057604;3.4594316186372973;0.0;0.0;2.0;3.584962500721156;2.0;3.0;2.807354922057604;1.0;2.807354922057604;4.643856189774724;0.0;4.857980995127572;3.169925001442312;3.700439718141092;2.321928094887362;4.584962500721156;1.0;0.0;2.584962500721156;3.584962500721156;3.321928094887362;1.0;1.584962500721156;2.584962500721156;2.807354922057604;4.087462841250339;3.169925001442312;3.0;4.247927513443585;1.0;3.0;1.584962500721156;1.584962500721156;1.584962500721156;1.0;0.0;4.459431618637297;2.321928094887362;1.584962500721156;2.584962500721156;0.0;1.0;1.0;3.321928094887362;3.169925001442312;1.0;3.321928094887362;3.584962500721156;3.584962500721156;1.0;0.0;1.0;2.584962500721156;3.700439718141092;3.700439718141092;1.584962500721156;4.247927513443585;1.584962500721156;0.0;3.169925001442312;3.700439718141092;2.0;1.584962500721156;3.321928094887362;3.0;1.584962500721156;3.0;1.584962500721156;1.584962500721156;1.584962500721156;1.0;3.169925001442312;3.0;1.584962500721156;0.0;4.321928094887363;3.700439718141092;0.0;1.584962500721156;2.0;2.584962500721156;1.0;5.0;3.0;1.0
11.693486957499324;15.782486378978945;10.564149489985732;13.645883554519004;6.426264754702098;15.061624334062577;10.971543553950772;5.247927513443585;13.66943873817505;14.901621158346112;7.721099188707186;11.735979039613404;6.672425341971495;15.260184477326176;16.10384100867307;17.07311645735174;12.49859992877026;8.73809225962049;13.860892982338823;15.650659113467077;6.149747119504682;12.50382573799575;15.78874381817481;14.262828929261705;5.977279923499917;12.99453022688921;10.051208940914766;15.237695458890135;14.80292019858527;15.140230653210278;16.160541139084334;15.926017956356542;15.539916075704866;16.475163433576775;16.727574838368355;16.195006873226326;17.03918681269663;15.606810017401765;15.087918583983472;12.13827180017222;8.194756854422248;5.643856189774724;8.778077129535358;7.857980995127572;15.52833200886121;13.62193738796388;8.29920801838728;15.606810017401765;16.667915403185155;15.650659113467077;6.672425341971495;8.661778097771988;14.489973363111451;15.483626864533026;12.99453022688921;9.7515440590891;14.039861507244147;13.787698543971324;14.15718901351485;15.136590663791404;14.45159749625839;14.56039254717538;14.97862109217593;15.657039263312225;7.0;16.727574838368355;15.376532412848034;16.675336853847643;16.639849406393715;7.6293566200796095;10.055282435501187;15.523439439387507;8.016808287686555;8.20945336562895;13.060527067048644;16.479480302812505;16.27262978497637;12.353146825498085;15.231596208668504;15.523470069530308;13.177108041703692;14.779052426428166;13.70617221713044;14.588831732700212;16.394948289839817;12.888933465134397;14.498038896275968;16.639849406393715;14.056891688362846;3.906890595608519;15.671900368906938;9.344295907915816;14.769062992630154;15.331441831741849;13.520127550324853;15.318189718572718;13.538552713111097;12.567005370247031;16.410931595729643;16.290018846932618;15.142984536274048;7.426264754702098;16.634669268928334;14.83605035505807;15.34426122732973;14.714943080974733;15.142984536274048;13.97477306788934;12.35231935484684;14.365023751034274;13.91606605089929;9.43254190038826;15.306524565292266;13.882260929099804;11.570330101030798;10.672425341971495;14.233769450446928;13.606520882775287;13.827640422902252;10.927777962082342;11.639340708652233;12.924070185585345;11.340406490853294;13.790450320871722;11.18239435340453;12.821574700936909;11.861086905995396;11.283088353024002;13.350386742312844;13.634016895684145;14.74740628253269;13.886458695703706;13.250002267840449;12.430975172588068;14.502210247449966;10.78053976747196;12.79968636133125;13.618041306851776;12.161446847518008;14.04379628804688;10.608254821977908;10.889503963411476;11.40886043602476;13.806851662192422;12.364955378481907;11.16679075071818;11.506307581100309;12.844313461203296;12.039947160169094;15.499877022258303;14.127591367299251;11.127349541059118;13.79197682089869;13.695445810537382;13.203195037381263;13.17819798458498;14.07347215397646;14.204953163327534;10.004220466318197;14.202047278132556;13.191059214531656;14.093335027985816;13.0003521774803;13.151333719291657;13.855744484320727;13.922212717785449;15.119305916856788;13.73259143596501;13.780129619625306;12.830515206976838;12.445014845868425;13.0380616201336;12.727069558023706;14.028855734504766;12.035486451292154;9.927777962082342;11.658657792126084;12.445014845868425;14.00149616092074;11.883025068440173;13.557104658489855;12.324180546618742;13.836149004245492;12.23840473932508;11.340406490853294;14.878338349895197;10.71338651493703;12.97656412341533;12.200898605038445;12.53430288245463;13.939211882666395;8.64745842645492;14.237060543838012;14.353353619025404;12.23511671439625;12.49235394515987;13.25974326369078;13.51434421135734;11.296916206879288;11.19537220740274;13.61447980424533;13.381272555711789;10.975847968006784;14.462757865660365;14.418972594210311;13.451855028397755;13.010003521295204;11.880348808156027;13.352181396917892;12.658880895047878;12.502831804066744;13.951011451391784;14.032906677628253;14.833137165252474;13.506059588827949;9.89178370321831;13.718746909901064;12.636398048883835;10.364134655008051;14.253330456169058;12.856230977341992;12.669992279616398;10.400879436282183;14.710160691782914;12.932399322433792;10.898601387403938
11.57790083688697;10.984418458801136;10.742309436084;11.147204924942228;11.850577547205614;11.34485068394299;11.646558710154547;8.823367240046235;11.20945336562895;10.909893083770042;11.413098984915264;11.687375683437468;12.518161355756956;12.263562639820616;10.65642486327778;11.705632387361415;11.332596057789214;10.508785162064513;8.971543553950772;11.185494924210866;12.445014845868425;12.443979542601252;11.623424289869911;11.885315061049376;9.722807531169549;11.889884170302828;12.032390168866524;10.539158811108033;10.94251450533924;13.33706433868474;11.555547771647063;10.929998062609029;12.507299124122763;10.83368074865474;12.653964643249012;10.687375683437468;12.13699111208023;11.673750739438065;12.375853976418467;12.050868963290736;8.714245517666123;8.672425341971495;11.856036399819155;12.480032814583948;11.919980595048962;12.14974711950468;10.145932145820517;11.673750739438065;11.899356922923111;11.185494924210866;12.518161355756956;11.570804437724496;12.049508251055096;12.125413470483316;11.889884170302828;8.262094845370179;10.929258408636972;9.483815777264256;11.868436755858168;11.275542556086725;11.556026992724677;11.13699111208023;11.785043714779723;11.608254821977908;10.954196310386877;12.653964643249012;11.694357887221452;11.871520262329112;13.023061249735337;11.401946123976536;11.157346935362844;10.727069558023706;13.203348002979762;11.937005926516589;13.488467811145036;12.296055838078784;11.243173983472952;12.571752643503546;12.815783544128184;11.03960451795376;11.216745858195306;11.458406613236534;11.274378153246364;10.604553229079038;10.839203788096944;13.286846502735887;12.038918989292302;13.023061249735337;12.720458038393296;10.921097088106793;11.944346034137832;12.044052531801302;10.608254821977908;11.870364719583405;13.939762845071751;11.59105477403678;10.46352437327118;11.880348808156027;12.115693952197011;12.01017840402054;10.861086905995396;12.36139553316589;9.501837184902296;11.24852060493843;11.31797782240712;11.69566329678802;10.861086905995396;11.439830883981392;12.711882028352088;11.603162679534382;11.157346935362844;11.744833837499543;12.626165319904498;9.94104760634058;11.050528905530555;11.795633844506778;10.570804437724496;11.785452468158542;11.756556322524087;11.719388820942084;11.947636937951827;12.350662988372257;12.566291930007871;9.810571634741146;11.419960177847887;11.373408960228696;12.571278618514595;12.710591218506757;13.271025250616573;11.037546953962178;11.519636252843211;10.30149619498255;14.32671035834696;11.77313920671969;12.651724433108065;11.759888183221834;10.220378327695228;11.828533210455618;11.177419537989236;11.802516365121225;12.755513536037856;12.354524889449351;11.902375114486023;12.10000522442272;9.926295994781112;9.375039431346924;11.257387842692651;12.324180546618742;12.11178773580101;10.470658874060552;12.0003521774803;10.659995892429976;12.311464515448444;10.386940245324311;11.198445041452365;9.477758266443889;11.637530551525307;12.723020931812032;12.29174628083394;11.185494924210866;11.23840473932508;13.120399895988982;14.1103201736097;11.484822894262146;12.720458038393296;11.35149140932002;10.608254821977908;11.619302955415687;12.822570830950168;12.623652908052923;11.51224664282918;10.567005370247031;14.257535169222358;11.706927639617405;10.90839262077375;12.265615046484458;10.902375114486023;10.371776644337924;11.015415052386688;12.67065624911844;13.1527601687754;13.325867580575418;11.173052457774116;10.517669388133813;10.462502272597265;11.75112558336727;11.699138625275914;11.356451970221755;10.661778097771988;9.804131021183318;14.282292103765196;13.30049556424774;10.843921051289035;10.715104009236168;11.149111990706889;11.773963368433558;10.513727595952435;13.041316915829444;11.945809584900822;10.12023787734196;11.4241662888181;11.930737337562888;12.65687172561398;11.699138625275914;11.567956075415466;9.972979786066292;13.00842862207058;11.73978060977326;11.282509306240836;10.489847960439295;10.007027266893967;12.990990303530822;12.086799685623452;12.288000889707574;11.946906274456396;11.68255574108031;10.729620743553038;11.876133200043016;12.870364719583405;12.154818109052105;11.13699111208023;10.457380879072534;13.087297080919154;11.526010107061737;11.682116764950074;12.066089190457772
12.558659867026508;13.49360530705712;13.69555455776096;12.137951734715358;13.327833296750327;12.226111098132389;13.297202882496904;12.696750236522169;14.264149339723328;11.4241662888181;13.231971139162804;14.11610024216587;12.907078434296483;14.092344222676417;13.199058823653022;13.230320715661112;12.55242894852647;13.235565522936463;12.186733289128869;13.21416731409353;12.928333307585149;11.675074920385445;13.028078722704889;13.017504401109417;12.753634618853386;12.399811959325683;13.672867276433792;12.955649907528374;12.31373335026382;13.077983973962752;12.617237864746103;13.445532219028312;13.39794197197264;12.935901682267588;13.042001306279133;13.028596777067108;13.388151858829762;12.839991070539886;13.0515488384404;12.506803437795648;13.561407289586528;12.99929538702341;13.318119089975497;12.357826882210777;12.492604304386685;12.86379910372885;14.392384510832011;12.839991070539886;12.74420315113283;13.21416731409353;12.907078434296483;12.050868963290736;12.593391122791736;13.47649307734159;12.399811959325683;12.403012023574997;12.4189067312579;11.584962500721156;13.22204015786482;12.415477707697994;11.6640027628865;12.14561377551339;13.49235394515987;13.076815597050832;12.475226777742266;13.042001306279133;13.422327623974558;14.076982565981158;12.93939556018156;12.460711852141213;14.24703741878858;12.920911065923454;12.588246152044816;12.735979039613404;12.950555897047511;12.69631555889282;12.2428763671664;12.706927639617405;13.295481973695368;13.825256951514024;14.047975914170848;14.018895621121649;12.191676146352428;13.049338071751931;13.765907637488615;12.442165972229322;13.852431973992545;12.93939556018156;12.14242620231898;12.567956075415466;12.933875036707343;12.74819284958946;13.81358080298963;11.97477306788934;12.28886607416582;13.553989202871929;10.491853096329674;12.582377235640692;13.763627351727628;13.428229298205096;13.335669486946104;14.294692537264783;13.381002109550924;13.41969688830598;13.342908033791574;12.742309436084;13.335669486946104;12.65306897657993;12.28424574982967;11.81698362325538;12.98370619265935;12.63254087654689;13.12670447284319;13.47231006370521;12.876516946565;12.985664079018662;13.478769619475765;13.053925881531104;13.772933092705356;12.909518114296617;12.879008813992655;13.062214824659108;13.203500952361397;13.87776341828256;12.479527669256347;13.71821176577204;12.17617314910749;12.665557989846414;12.700439718141093;13.070959476927566;13.457124331540804;13.30035256032822;13.323899182397296;13.35837648032824;13.201511344500146;12.689997971419446;13.221133942357078;13.083313108650756;13.197370293859828;13.76061600315628;12.296629474285504;12.839794290202557;13.237508748172656;13.425084743242849;12.938476938666351;12.289730740083757;13.826250543179254;12.89633240390994;13.269126679149418;13.354524889449351;13.367824239411048;13.523439439387507;13.488342277532524;13.28265408972642;13.18750672775828;12.981210488271694;12.980139577639155;12.821973235481124;12.819580375155004;13.671541066711884;13.70789831624117;13.781462174022618;12.983349927676455;13.61240779313867;13.801304186049023;12.81117397072132;13.737036036540228;13.463779785335385;14.284028808643694;12.205182326228645;12.5262546938286;12.617008227651963;13.233769450446928;12.939946452458686;13.133784409179908;11.90350531042388;13.376668061857668;13.761862840863753;12.949279579076595;12.847448903982432;13.49760238678349;13.04763517372503;13.586487982625991;13.40686932142308;12.73259143596501;13.051888655905378;12.843921051289035;13.025139562278508;13.202429966015352;13.013497154291704;13.305491792110685;11.83368074865474;12.91026795581084;13.003869231979056;13.1879705919842;12.789941128390916;13.513110716890193;13.484571180915806;13.002111776479852;13.536368649553852;14.09391268366556;14.190056137313467;12.820178962415188;13.424953571261042;13.35672705746463;13.665557989846414;13.507299124122763;12.330076554797458;13.019416982944184;13.14338321398982;12.876708781555095;13.272775563286087;13.930367747438952;13.73978060977326;13.743046176226672;13.101811569824005;13.098525621379464;13.68079903457298;12.839203788096944;13.004571615167656;13.002990771840553;13.874116854444512;13.712849378387808;14.015066533230293;13.448503519468836;12.956194629090778
11.171802288682985;11.82137539237254;11.434106928609957;10.466586337719244;11.542548262335211;10.542064542283445;11.52845411076479;10.360847084179664;12.83821908050231;10.24436383512051;11.323617763291578;11.811374693509942;11.654188473059545;11.91288933622996;12.23661220021575;12.171802288682985;11.280190792216906;11.1331422124006;10.451211111832327;11.787086324551616;12.038918989292302;10.487840033823051;12.121857245612654;11.51668494930961;11.365775635326267;11.015415052386688;11.73809225962049;11.991521846075695;11.212496385193948;12.136029849385553;10.568906154502084;11.163020639580791;11.605942439625368;12.77066389291676;11.594324603924848;11.748612176736982;12.561526624136484;12.26502894245816;11.236014191900084;11.273795599214264;11.271463027904376;11.658657792126084;11.4757334309664;11.059344460824423;11.443979542601252;11.887220615468385;12.78892220396062;12.26502894245816;11.93737382019215;11.787086324551616;11.654188473059545;10.355351096424812;11.473705749619416;11.841171189248543;11.015415052386688;11.905010862390297;11.48683502156305;10.728770849542665;12.18766136573912;11.592924155627635;10.772314573921651;11.127994320976391;12.37232095486726;12.3395716783847;10.588714635582264;11.594324603924848;11.873444112515376;11.44190670454224;12.04916787237217;10.682994583681683;12.549544038301589;11.440350119200565;10.430452551665532;10.915879378835774;10.501837184902296;12.11504365016171;11.40832974076739;10.904634621668151;11.489847960439295;12.19198451336031;11.09077405464075;11.586839787961829;10.98299357469431;11.419960177847887;12.324461855977315;11.09341756438796;12.558181519860028;12.04916787237217;10.737247343027738;10.489847960439295;11.42259043389256;11.030667136246942;12.59549060660764;10.949097155729207;11.250298417906333;12.061033601681112;8.81698362325538;11.617467465294196;12.322773176454564;11.905010862390297;12.077149515589731;11.900112062977456;11.884933647949762;11.777255315191924;12.16333519208196;10.801708358916462;12.077149515589731;11.901998185668496;11.426264754702098;9.473705749619416;11.510764167917891;11.223398414711628;11.702605602110248;12.720030446498972;11.131213905086272;12.241089378860856;12.569855608330949;11.841171189248543;12.577664851764846;12.100990784092762;11.824958740528524;11.74188827273525;12.4655664048094;12.380461065088973;11.391243589427445;12.512740462803498;10.958552715431011;11.955649907528374;11.901244032467376;11.725366257895642;12.34623669139025;12.404077136241234;12.398743691938192;12.22881869049588;11.701306461958623;11.799281621521924;12.106235761615748;12.282219695672588;11.935901682267588;12.6476832678862;10.863411958941638;11.88264304936184;12.398743691938192;12.559377090526684;12.042001306279133;11.138911718142744;12.668884984266247;11.892542816648552;12.280770770130603;12.039261794341057;12.04507705193494;12.733439082899434;12.7255792804196;11.89973454235751;12.252961036393684;11.91513244895065;11.530406337099068;11.810973220002165;11.332596057789214;12.57553924683453;12.639566818681828;12.610794169053182;11.96902670215077;12.344295907915816;12.672204323964031;11.156715144224702;12.485577770903188;12.622738217871143;13.362491806046062;11.002815015607052;11.11309098344238;11.557942286787448;12.257093144491057;11.60177078840771;11.99081307915361;10.735556023911537;12.495355392235982;12.287423811683524;11.830515206976838;11.891403996665025;12.617926556798752;12.017156386383112;12.40886043602476;12.42574042431621;11.167418145831736;12.050188767596437;11.85836959985474;11.817383427897232;12.217957697864112;12.108197722535827;11.660441650209172;10.802516365121225;11.702172685365548;12.03307880613062;12.263562639820616;11.728345714710976;12.502334580197996;12.657541759703378;12.064742764750257;12.35424938194524;12.911953675621971;13.100333819126542;11.511258495502268;12.59944798152872;12.474212937193943;12.76983784362944;12.68934284613419;10.886458695703706;11.861086905995396;12.087131301540529;11.667111542075029;12.184875342908285;13.056807035580608;12.349004718027745;12.298635406734242;11.743572188935634;12.048486873992337;12.971363924361937;13.366048950670628;11.75905593916017;12.223700075986306;13.07296996854206;12.161761743304677;13.140829770773;12.470658874060552;12.02167404285837
12.259449046285685;12.030667136246942;13.512370113670189;11.871520262329112;15.82316817898474;12.212192371908472;11.0;12.590587049915037;13.264442600226602;9.746514321138465;12.289730740083757;11.505315356136236;11.730894646541673;12.398209261466851;12.08381170725288;11.8356556908398;12.295768934420508;14.262241692033331;11.167418145831736;12.65284497300198;11.12670447284319;11.282509306240836;12.736824699098864;11.97333862080036;10.783816759320182;11.593391122791736;12.544964432789238;12.785452468158542;11.761135649828644;12.665780028329484;11.256798386079389;11.815383295813538;12.520127550324853;11.909893083770042;12.481799431665753;12.36194377373524;12.482051629033911;11.637077657143664;11.214319120800766;12.462502272597265;10.650154213675094;12.849209600569264;12.066425600635556;11.798471801101618;11.79968636133125;12.62113611327464;12.477758266443889;11.637077657143664;11.932214751968385;12.65284497300198;11.730894646541673;11.744413410557655;11.62067804213541;12.261801107195309;11.593391122791736;10.560332834212442;12.037546953962178;11.115693952197011;12.306916113522542;10.974414589805528;10.891024190149498;11.933690654952231;12.432019846812493;11.242578689451346;11.1357092861044;12.481799431665753;13.197984533375603;12.506059588827949;12.502085903985904;12.789737401067145;12.532599438672984;12.673750739438065;13.562242424221072;11.738514532429267;11.779719355143405;12.586136091480489;11.788310503700918;12.2603315185576;12.029632328044135;12.583082767502932;12.107870914279614;12.175549550636193;11.757390009366638;10.794415866350104;13.446695630709836;12.113416611485944;13.482807956726669;12.502085903985904;12.398743691938192;10.708221730038352;12.620907095885338;10.981567281903017;12.603626344986193;12.017156386383112;11.998942951443086;12.663558104217271;9.813781191217036;11.687375683437468;12.398476501449256;12.62844554013718;11.750288267591651;12.811374693509942;12.875557388803728;13.244661144764198;12.336506559810257;11.618844301766652;11.750288267591651;12.50457073932441;11.586839787961829;10.47269083924278;11.502831804066744;13.060358182642142;12.01297364837454;12.98584193700334;11.701306461958623;12.818781872275403;13.043710863347156;12.200285605224298;12.81177605532666;13.03325091409872;11.844705764411938;12.669770888525518;12.611255388699336;12.81277897162766;13.31599862262856;13.350939181546432;11.471167133724393;12.753007768945244;12.180219982170192;12.526499239136566;12.75884780310832;12.627989784315703;13.11423036019097;12.055621374781708;12.718746909901064;11.98584193700334;12.80634822671225;12.434367601668914;13.081483438093674;13.808461476199623;12.531625138422624;13.283811834830894;13.086799685623452;13.048316574158472;12.272921326867005;11.813781191217036;13.054095520550748;12.759888183221834;12.118941072723509;12.50457073932441;12.7255792804196;12.550746785383245;13.38680555876856;12.580258567499788;12.408595112798102;11.619761463298424;11.795227966028678;12.698921662339812;13.254142846855748;13.267371931265274;13.30720080914081;12.494855584491198;13.42600261332936;13.660218788535618;12.362765744153958;12.311180660053354;13.017504401109417;12.946358033887046;12.668441828052998;11.407798850221974;12.334831928118;12.184565452446156;12.993646060016596;12.45404219747008;12.590820930930525;12.241685287601625;13.041488043881468;13.225358086454513;11.928148216169037;12.072802534544207;13.30435132166324;12.65687172561398;13.223549253233475;13.03977584923368;11.86573327085176;12.643179767925549;12.368779260041338;12.64250302878052;12.79340009848382;12.93147623388679;11.804937672051908;12.672204323964031;12.461990950585571;12.148476582178278;12.698921662339812;11.844313461203296;13.309760544729622;12.68057929578025;12.250594507192316;12.908017261062804;13.770973539501576;13.57601187420678;11.82456102997028;12.778898476008376;13.062214824659108;12.861474675125772;13.322773176454564;11.85447883417163;12.916999049082808;13.14609130463152;12.405407422219204;13.215381320721084;13.780027064441978;12.62844554013718;13.010353265549254;13.153710352151716;12.586839787961829;12.560093957642495;11.335948565202298;13.011401989880063;12.69631555889282;12.795633844506778;13.80564312177336;13.240791332161956;12.478769619475765;12.82456102997028
8.927777962082342;10.703038388986418;10.654636028527968;9.052568050804153;11.020285500844649;11.101319154423276;10.577428828035748;10.638435913990472;9.90839262077375;9.712527000439824;11.263856019596082;13.094077685671904;12.067770457447825;11.570804437724496;10.163649676015824;11.21006248324023;7.888743248898259;12.488593333835407;7.285402218862249;9.157346935362844;12.914571997648986;10.214319120800766;10.436711542137214;11.668441828052998;10.200898605038445;7.686500527183218;10.785452468158542;9.564149489985732;12.077817120895904;7.614709844115208;11.157346935362844;10.7047682393626;10.030667136246942;11.558420713268664;9.802516365121225;9.535275376620802;12.296916206879288;9.611024797307351;10.174925682500678;7.467605550082998;11.66266837551754;11.055960234452296;12.405141463136344;8.965784284662087;9.24555270625568;10.996473488733228;9.30149619498255;9.611024797307351;9.121533517340032;9.157346935362844;12.067770457447825;9.491853096329674;8.682994583681683;9.831307243802051;7.686500527183218;6.129283016944966;10.437752072323605;8.632995197142957;8.92184093707449;9.436711542137214;11.840384550711669;10.395534135462302;9.94397991434374;10.895575282380683;10.014020470314934;9.802516365121225;11.194756854422248;12.30149619498255;8.022367813028454;11.670213636738564;10.546894459887636;8.588714635582264;11.979782430703086;10.105908508571158;11.52943055414615;10.835260918627489;9.800899899920305;9.43879185257826;10.642051692927977;10.319672120946995;9.634811050171718;11.380461065088973;9.854868383260236;9.627533884472792;8.810571634741146;9.005624549193879;9.36194377373524;8.022367813028454;9.94104760634058;12.20181761666792;10.582141981658776;11.198445041452365;8.252665432450248;9.84862294042934;10.4241662888181;10.192292814470768;9.357552004618084;8.539158811108031;9.459431618637296;9.640244936222343;6.6293566200796095;11.328113894833656;9.627533884472792;7.882643049361842;10.877284133523196;8.651051691178928;6.6293566200796095;10.016808287686557;9.972979786066292;11.562242424221072;9.927777962082342;11.247334178028728;8.879583249612784;7.118941072723508;7.266786540694901;7.098032082960526;7.679480099505446;8.562242424221072;7.442943495848728;6.754887502163468;7.139551352398794;8.243173983472952;6.700439718141092;7.011227255423254;7.098032082960526;8.744833837499545;7.539158811108031;5.700439718141092;7.159871336778389;7.400879436282184;7.643856189774724;8.071462362556623;7.954196310386875;8.339850002884624;8.810571634741146;7.523561956057013;7.3750394313469245;7.189824558880018;8.832890014164741;8.016808287686555;8.400879436282183;8.357552004618084;5.857980995127572;7.276124405274237;6.672425341971495;8.933690654952233;7.721099188707186;7.539158811108031;9.333155350310616;6.832890014164741;8.219168520462162;6.599912842187128;8.344295907915816;7.6293566200796095;7.948367231584678;5.882643049361842;9.709083812550343;7.870364719583405;8.092757140919852;7.894817763307944;7.546894459887636;8.426264754702098;6.087462841250339;7.339850002884624;6.754887502163468;7.658211482751795;7.426264754702098;6.7414669864011465;6.727920454563199;7.965784284662087;6.6865005271832185;7.851749041416057;7.05528243550119;8.50382573799575;8.027905996569885;7.6293566200796095;7.960001932068081;9.285402218862249;6.977279923499917;8.366322214245816;7.108524456778169;7.159871336778389;8.219168520462162;7.531381460516312;9.403012023574997;8.43879185257826;7.622051819456376;8.271463027904375;7.888743248898259;8.499845887083206;7.276124405274237;5.832890014164741;7.285402218862249;6.539158811108031;8.471675214392045;7.636624620543649;8.154818109052105;7.219168520462161;7.857980995127572;6.700439718141092;7.159871336778389;8.930737337562887;7.303780748177103;5.20945336562895;7.714245517666122;7.417852514885898;7.491853096329675;8.96289600533726;7.044394119358453;7.108524456778169;7.022367813028454;7.539158811108031;7.20945336562895;7.129283016944966;7.936637939002571;7.483815777264256;7.139551352398794;8.717676423066395;6.820178962415188;7.994353436858858;6.475733430966398;7.3750394313469245;8.566054038171092;8.912889336229961;7.882643049361842;7.276124405274237
1.0;0.0;2.321928094887362;3.584962500721156;8.154818109052105;1.0;4.321928094887363;1.0;4.169925001442312;0.0;6.392317422778761;3.807354922057604;3.906890595608519;4.584962500721156;0.0;1.0;6.266786540694901;6.303780748177103;2.0;5.554588851677638;4.584962500721156;4.392317422778761;3.0;1.584962500721156;2.0;3.169925001442312;6.700439718141092;0.0;1.0;5.426264754702098;1.0;2.0;4.523561956057013;1.0;0.0;3.807354922057604;1.584962500721156;2.0;4.321928094887363;4.392317422778761;9.35974956032233;0.0;7.276124405274237;3.0;1.0;3.169925001442312;3.4594316186372973;2.0;1.584962500721156;5.554588851677638;3.906890595608519;5.584962500721156;6.523561956057013;0.0;3.169925001442312;3.0;1.584962500721156;1.0;4.0;1.584962500721156;3.0;1.584962500721156;6.727920454563199;1.0;3.0;0.0;2.807354922057604;0.0;3.0;6.409390936137702;4.643856189774724;1.0;2.584962500721156;4.0;3.4594316186372973;0.0;1.584962500721156;3.584962500721156;2.0;3.807354922057604;2.321928094887362;4.321928094887363;1.0;3.321928094887362;3.0;4.247927513443585;3.807354922057604;3.0;5.78135971352466;8.622051819456376;1.0;4.169925001442312;4.087462841250339;2.0;1.584962500721156;3.169925001442312;2.584962500721156;4.807354922057604;3.584962500721156;2.807354922057604;1.0;5.247927513443585;2.807354922057604;4.754887502163468;2.807354922057604;2.0;1.0;1.0;4.247927513443585;0.0;4.321928094887363;5.672425341971495;2.584962500721156;5.832890014164741;5.832890014164741;4.0;5.643856189774724;5.754887502163468;6.149747119504682;6.149747119504682;4.247927513443585;3.584962500721156;5.0;8.640244936222345;6.149747119504682;8.154818109052105;5.614709844115208;6.087462841250339;4.321928094887363;5.491853096329675;5.954196310386875;4.906890595608519;6.339850002884624;5.169925001442312;4.523561956057013;4.087462841250339;4.459431618637297;4.906890595608519;7.169925001442312;6.169925001442312;7.515699838284043;6.906890595608519;5.832890014164741;6.614709844115208;5.129283016944966;4.247927513443585;6.569855608330948;5.169925001442312;5.129283016944966;4.523561956057013;4.087462841250339;5.321928094887363;3.584962500721156;6.22881869049588;5.321928094887363;6.129283016944966;4.954196310386875;5.930737337562887;4.643856189774724;6.658211482751795;6.94251450533924;4.700439718141092;6.303780748177103;7.826548487290915;4.392317422778761;4.392317422778761;4.906890595608519;6.044394119358453;7.159871336778389;5.459431618637297;5.087462841250339;5.321928094887363;6.870364719583405;5.977279923499917;5.832890014164741;5.727920454563199;5.321928094887363;6.882643049361842;5.754887502163468;4.392317422778761;6.426264754702098;5.727920454563199;6.554588851677638;8.066089190457772;6.022367813028454;4.857980995127572;5.554588851677638;5.954196310386875;6.087462841250339;4.0;5.087462841250339;4.700439718141092;5.954196310386875;5.20945336562895;5.832890014164741;4.906890595608519;6.820178962415188;5.129283016944966;4.247927513443585;6.459431618637297;6.459431618637297;8.413627929024173;5.930737337562887;5.044394119358453;5.285402218862249;5.247927513443585;5.614709844115208;5.700439718141092;5.554588851677638;6.794415866350106;5.459431618637297;6.409390936137702;5.930737337562887;5.882643049361842;7.554588851677638;7.22881869049588;6.066089190457772;5.169925001442312;5.169925001442312;5.78135971352466;5.129283016944966;4.700439718141092;6.22881869049588;5.857980995127572;4.754887502163468;5.357552004618084
11.681238411777803;12.240195053979924;12.230620933129869;12.125413470483316;12.279320387942608;12.489597122389307;12.047123912114026;10.90312867681232;12.45249865769279;12.388017285345136;11.30035256032822;12.334552633752422;12.71831881047926;13.621365094314864;12.3292357417338;13.270733325273428;11.7988767681333;11.480285320936373;9.038918989292302;12.162076570374312;12.209757956581392;12.513234113806051;13.243173983472952;13.275542556086725;11.782588759494963;11.7402023887679;11.77066389291676;12.25502856981873;12.54182262142417;12.610794169053182;13.159871336778387;13.09687983630378;13.362491806046062;13.752485185884188;12.977637690405876;12.922212717785449;14.362080801331002;12.112439506781552;12.93829314415169;11.845490050944376;11.972979786066292;11.249706056969703;11.16427843830117;11.405141463136344;12.878050912728536;12.4207497582968;11.97333862080036;12.112439506781552;12.406470768529283;12.162076570374312;12.71831881047926;11.453270634010623;12.238106137432077;12.026177596889225;11.7402023887679;7.912889336229962;12.56843119316746;11.366322214245816;11.868822554775;12.56486399022694;12.80332391904149;11.964340867792416;12.513480875979049;12.455070307287963;11.88149638481011;12.977637690405876;12.222794902868111;12.684748620421626;13.169298695792843;11.808562029957525;12.474466464132632;11.682116764950074;11.68650052718322;11.47269083924278;12.598285174146604;12.554109152574004;12.4983506079296;12.040289721025715;13.679700005769249;11.295194955880657;12.25089053572334;11.31628153174622;12.116343961237469;11.3066313617125;12.332596057789214;12.7054163988827;11.979425195331473;13.169298695792843;12.30862344513114;10.576484346796851;13.317553936686163;11.770250927394864;12.271754805646474;12.61240779313867;12.692397555468483;12.153552031708111;11.942147920394849;12.4070021479242;12.623881490013458;13.039261794341057;12.690871009292314;12.350386742312844;12.342908033791574;12.162391328756906;12.515207030408751;11.602234901341063;12.690871009292314;11.78340754217352;12.617467465294196;13.790857545499614;11.950555897047511;11.399811959325683;13.241089378860856;12.17804232886482;12.080817527608328;12.35974956032233;12.673971520682796;11.840777923595054;12.70865283568653;12.43879185257826;12.118616689351509;12.199365616857982;12.545205827425605;12.580022967753877;12.014369242235135;12.6476832678862;12.222191138456331;12.062383491876334;12.13827180017222;11.98903963696239;12.449922415863757;12.363587246524578;12.480790201095816;11.985130373466898;12.630039552656095;11.957102041562289;12.283956487665112;11.880731435141664;11.510764167917891;12.12670447284319;12.949279579076595;12.868243817704636;12.694575537525989;12.765078859616684;11.746514321138465;10.881113960675096;12.817183539425711;12.166163082646111;12.151016538892248;12.187042714339894;12.659995892429976;13.215381320721084;12.236911111444602;12.002815015607052;11.462502272597265;11.445014845868425;12.811976694370289;12.227315099905493;12.332316330199218;12.626165319904498;12.61769702930787;11.808159772868375;12.3395716783847;13.008953779526196;12.245255580306557;12.705200378063116;12.224303209373389;12.946540803893104;12.48608080265197;12.90218666238715;12.055621374781708;11.892542816648552;12.798471801101618;12.972441366563537;12.557942286787448;12.983349927676455;13.023061249735337;12.214622686302336;11.88760142450871;12.073137383110383;12.256208688527389;12.378836713210614;12.269126679149418;12.453527867681784;12.349834091457248;12.30435132166324;12.6476832678862;12.1331422124006;11.926295994781112;11.794415866350104;12.536732889835417;11.647008638441648;11.761135649828644;11.707790495528824;11.794415866350104;11.733862719678545;13.07045641594465;12.264442600226602;11.592924155627635;12.594324603924848;12.663558104217271;12.462246634244352;12.068106475858771;11.772314573921651;12.553149275598548;12.213104219641906;12.892542816648552;12.542306422582593;12.63094962683287;12.508289986140348;11.67595703294175;12.78953364497036;12.952377251967985;12.660664477461278;12.97172316117676;12.6691065113363;11.987974524296153;12.138911718142744;10.935901682267588;12.245849771023725;12.400345796534694;11.90048948483465;13.678600139099458;12.405939193342396;12.121533517340032;12.479022346995178
10.59618975614441;12.131856960608792;11.390168956200185;11.843528534611089;12.736613330694578;11.197830998012195;10.972261848733291;11.339293300180094;10.83605035505807;11.54978466794786;10.900866807980748;11.578844391558205;12.456611099574918;11.619302955415687;12.053586543639174;12.55242894852647;11.175549550636193;12.059006395201113;8.103287808412022;11.453270634010623;12.335948565202298;11.762797262498232;12.707574829926973;12.795836740933648;10.807354922057604;10.961449694398196;12.001408194392807;10.754887502163468;12.544722997755471;11.88760142450871;12.242280950302444;12.31599862262856;12.304921669581672;12.496853777388042;12.463779785335385;11.95673914505908;11.941414470942911;12.527965641133957;11.484822894262146;11.06339508128851;11.693922488081014;11.251482410620213;11.454813348512523;11.12347479824414;12.416005780559267;12.098690096673591;11.661332752795186;12.527965641133957;11.867664848380745;11.453270634010623;12.456611099574918;10.611024797307351;11.428360172704291;11.034111146096592;10.961449694398196;7.129283016944966;12.610332801911134;9.303780748177102;11.803727526553114;12.259449046285685;11.847448903982432;11.350386742312844;11.234817431117325;11.43879185257826;11.323054760341646;12.463779785335385;11.51224664282918;11.56081046872794;11.938844457466171;12.919794428839156;11.405141463136344;10.900112062977456;12.053925881531104;11.025139562278508;11.703038388986418;12.511505595792482;11.958552715431011;11.328674927327947;12.894059846274022;11.253256579781151;11.009128789539256;11.338179249900112;10.651948610723446;11.175549550636193;11.421012855779226;11.918117851031772;11.274960472140602;11.938844457466171;12.327833296750327;10.198445041452365;12.186423797538945;12.356451970221755;10.210671343785622;11.480285320936373;12.251778257035868;10.720244258287568;10.745674324002136;11.821773981970567;11.6965329140783;11.94617524072356;12.389093521904474;12.496853777388042;11.95637615724967;10.482807956726669;10.88264304936184;10.53818893205242;12.389093521904474;11.85096815098244;11.33371442609397;12.399544966627433;11.295194955880657;11.591989767615123;12.661778097771988;10.029287226968243;10.731319031025064;9.861086905995396;10.9901039638575;10.583082767502932;11.004922678569043;9.981567281903017;10.709083812550343;11.194141238863136;10.159871336778387;9.857980995127573;9.847057346091336;10.707359132080883;10.99081307915361;9.224001674198105;10.433585441150496;10.35974956032233;11.092757140919852;10.79603960882977;11.244958393151132;10.337621901992508;11.388017285345136;10.285402218862249;10.63117705570398;11.002111776479852;10.955649907528374;11.314583244274194;11.24436383512051;10.256208688527389;9.366322214245816;10.964340867792416;10.684748620421626;10.4241662888181;10.325305455089682;10.82097669262124;10.944712061043486;10.456354415108288;11.202736043250168;9.38586240064146;11.36796070964157;11.205182326228645;11.089450481115907;9.719388820942084;11.284824100224624;10.649256177517314;9.915879378835774;11.043027283594547;10.389093521904474;11.334831928118;10.207014320177532;10.967226258835993;11.196602126523173;10.84862294042934;11.41204051455165;10.06339508128851;9.859534786382651;11.619761463298424;10.001408194392807;9.821773981970567;9.965784284662089;10.971543553950772;10.955649907528374;10.027905996569883;10.380461065088973;11.29748950116098;10.935901682267588;10.8649599151426;11.249706056969703;10.346513733165636;11.130570562805426;10.045759661382682;11.212496385193948;10.39231742277876;9.854868383260236;10.624795455860236;10.951284714966972;11.466076461396252;11.194756854422248;10.177419537989236;10.12023787734196;10.257387842692651;11.025139562278508;10.861862340059153;10.697836357962377;11.448632567730552;11.015415052386688;9.285402218862249;9.753216749178955;10.745674324002136;10.211888294546004;8.479780264029099;11.14974711950468;10.927037168720297;10.91513244895065;10.987974524296153;9.700439718141093;9.823367240046236;10.64565843240871;10.369597346278676;11.24198314969433;11.205182326228645;10.757390009366638;10.364134655008051;11.24852060493843;11.448632567730552;9.581200581924955;10.44086916761087;10.214319120800766;10.019590728357882;11.053247125912426;11.28828934218097;10.729620743553038;10.280770770130603
8.90388184573618;9.428360172704291;9.776433032444732;10.576484346796851;10.427312844134963;10.815383295813538;10.382624026574916;10.606405212697783;11.641600215834355;7.686500527183218;10.28886607416582;9.430452551665532;10.419960177847887;10.461479447286155;9.505811553919594;10.632995197142955;9.955649907528374;10.46352437327118;9.134426320220928;9.76155123244448;11.39660478118186;8.90388184573618;10.63662462054365;9.577428828035748;5.426264754702098;9.663558104217271;8.682994583681683;9.22881869049588;9.726218159332198;11.157346935362844;10.60733031374961;11.440350119200565;9.754887502163468;6.392317422778761;9.451211111832327;10.44190670454224;9.643856189774723;12.00105627463478;9.216745858195306;9.377210530388552;11.476746203939468;11.669328004395904;11.147204924942228;9.14974711950468;10.169925001442312;10.727069558023706;11.469133019829592;12.00105627463478;11.019590728357882;9.76155123244448;10.419960177847887;9.842350343413807;9.535275376620802;10.471675214392045;9.663558104217271;12.072802534544207;10.672425341971495;8.451211111832329;9.929258408636972;11.24198314969433;9.804131021183318;6.7414669864011465;10.800899899920305;9.86727873970966;8.622051819456376;9.451211111832327;9.366322214245816;7.276124405274237;10.571752643503546;9.326429487122304;10.989394499844732;6.906890595608519;7.434628227636725;8.519636252843213;9.813781191217036;12.001408194392807;8.159871336778389;10.594324603924848;11.225809940623543;10.199672344836364;10.952741247186488;10.879583249612784;9.071462362556623;10.072802534544207;6.965784284662087;9.388017285345136;9.658211482751796;10.571752643503546;9.483815777264256;10.817783121774534;9.430452551665532;10.55170826162069;11.605942439625368;9.550746785383245;10.356451970221755;10.877284133523196;5.321928094887363;10.371776644337924;11.21856323619027;10.559377090526684;11.452241240430816;8.867278739709661;12.01576348736988;9.86727873970966;8.81698362325538;9.509775004326936;11.452241240430816;10.280770770130603;10.700439718141093;9.60177078840771;8.854868383260236;10.964340867792416;10.099347810403192;10.94251450533924;9.857980995127573;6.285402218862249;10.167418145831736;10.426264754702098;11.149111990706889;7.499845887083206;10.225207436943505;10.260919533662904;7.459431618637297;10.847840355630714;8.968666793195208;10.451211111832327;9.756556322524087;8.257387842692651;10.49585502688717;10.230020435705637;10.768184324776929;10.437752072323605;10.787902559391432;10.35424938194524;10.198445041452365;9.29232163280204;10.524541715035848;10.61286849729104;10.688250309133178;11.263269200372662;9.24555270625568;6.459431618637297;7.011227255423254;10.567956075415466;10.26795708440284;9.73978060977326;11.074141462752506;9.932214751968385;10.31628153174622;11.17367713630342;10.506803437795648;7.727920454563199;11.323054760341646;10.852529509404196;10.800899899920305;10.857980995127573;9.533329732305834;9.894817763307945;6.768184324776926;10.603626344986193;10.400879436282183;11.282509306240836;10.358651200892886;9.847057346091336;11.388017285345136;9.164906926675688;10.552669097514272;10.266786540694902;12.354524889449351;10.034798962577268;8.900866807980748;9.712527000439824;8.113742166049189;9.366322214245816;9.868822554775;5.523561956057013;6.78135971352466;11.105253779700885;10.269126679149418;9.700439718141093;10.749031382040204;8.330916878114618;10.821773981970567;8.734709620225837;10.203348002979762;9.519636252843211;6.044394119358453;10.105908508571158;10.35974956032233;10.449148645375436;10.565102078360312;6.321928094887363;10.23840473932508;10.580258567499788;10.35424938194524;10.03342300153745;9.41574176829009;10.688250309133178;10.355351096424812;6.870364719583405;10.53818893205242;11.774375272802065;10.029287226968243;11.084808387804362;10.703903573444665;11.508289986140348;10.237209960755022;8.370687406807217;8.823367240046235;8.330916878114618;9.741466986401146;9.802516365121225;11.12605911607068;10.397674632948268;10.285402218862249;6.94251450533924;10.708221730038352;10.92184093707449;8.308339030139408;9.90839262077375;9.726218159332198;11.484822894262146;7.787902559391432;12.121857245612654;11.319672120946995;9.370687406807216
12.836444911341369;12.969386521342283;12.448632567730552;12.85817531057549;14.6074459096826;11.747353829478062;13.048316574158472;12.134426320220928;12.506059588827949;12.821973235481124;12.549544038301589;13.170238052336648;13.648357582009666;14.609755885423706;12.766528908598865;13.09391268366556;12.884742903579696;12.786473845221302;10.851749041416058;13.326850773456409;13.370823606480757;12.786473845221302;13.524296837662623;12.99276135094313;13.164592716712368;13.349695895658408;14.279392941692574;12.926295994781112;13.285113188501493;13.007552934613717;14.377346115656344;13.271608924151744;13.83880998570856;14.127188301043205;13.615169813843602;13.136670762341843;12.606405212697783;13.51224664282918;12.692179576312538;12.885696373339394;13.371504412043336;12.726218159332198;13.01524080333268;12.583552930466483;13.192292814470768;12.563434635710198;13.591872926550806;13.51224664282918;13.415213598765286;13.326850773456409;13.648357582009666;12.434628227636724;13.533451411978737;13.275251543470327;13.349695895658408;9.734709620225836;13.297202882496904;11.50382573799575;12.686281655144432;13.242578689451346;13.591989767615123;12.960545013211664;13.219924768862814;12.618385502258606;12.638662165859657;13.615169813843602;13.673088192909365;13.66289085913906;13.718746909901064;12.658657792126084;12.353146825498085;11.915505962231933;12.96289600533726;11.67065624911844;13.037890085142507;13.820178962415188;13.158451904538389;13.250150350472438;13.61171646094388;12.826349864720092;13.04916787237217;12.81016993766466;11.846273911349906;13.1603441706847;12.9153192176791;13.26766453750112;12.508289986140348;13.718746909901064;13.55206865007526;12.364134655008051;12.87305954766147;12.679700005769249;12.687594389576123;12.219773550892874;13.35024859944484;12.258566033889933;11.388017285345136;13.107544031975989;13.07263508111231;13.686938171670388;13.091600671887274;13.661221395067455;13.543394382361663;12.577664851764846;13.163649676015824;11.742309436084;13.091600671887274;12.947636937951827;12.434888806530395;13.144658242831882;12.734286232096348;12.494855584491198;13.789126046425231;12.956013078088098;12.598285174146604;13.87872151038902;13.462757865660365;12.548340287676147;13.324883717194092;13.962263422704044;12.696098170955864;12.594557879863732;14.201664488711414;12.307485448589476;13.020111839088086;13.391914828931892;12.35837648032824;13.006852001748774;12.884933647949762;12.604553229079038;12.942331224510577;12.735132884139947;12.782793498733351;12.367141694552364;12.97960382407446;13.34443462192399;12.585666769732402;12.782179193831208;12.47699928613306;13.153552031708111;12.734709620225836;13.593857938858225;13.981299694952254;13.166006122950492;13.036688768795663;11.949461979360152;12.019243216603607;12.869593843240784;13.047294352783004;12.486583659067268;12.913450441458098;13.312599378862627;13.068610356779276;12.380461065088973;12.596655667674662;11.817383427897232;13.047975914170848;13.335948565202298;13.14561377551339;13.117805411682438;12.733439082899434;12.99276135094313;12.3395716783847;13.81698362325538;12.772520776314757;13.117318426010003;13.072300115928336;13.248668839723136;12.064742764750257;13.099183410079286;12.011227255423254;11.946906274456396;13.690434556395054;13.606867837374152;13.25989034989582;13.190904940346524;14.196217889420495;13.160816849673546;12.469133019829592;12.632768054728746;12.98299357469431;13.148158772937894;13.104926303807776;12.960545013211664;12.74756363025512;13.231971139162804;13.68013971776317;12.470658874060552;12.283088353024002;12.59245703726808;12.6713199131833;12.944162985854788;12.097044499322951;12.384513961398618;12.392049039364183;12.239598529249124;13.7553048882624;13.061371192659813;12.404609397837712;13.429799009166976;12.967226258835993;13.154976290625738;12.219471067394355;11.078817949961978;13.35149140932002;12.710160691782914;14.23459292790746;13.001935913123642;13.319954310686944;13.675626303935395;12.634811050171718;13.205029555005872;13.165692152320114;13.12605911607068;13.213408040858337;13.5285762023352;12.786473845221302;12.65642486327778;13.401412878714178;12.740624044489412;13.792891946232825;12.052907628313289;13.620219825507489;13.505687520472335;12.855452509744048;13.494730605495072
5.392317422778761;6.643856189774724;4.321928094887363;6.409390936137702;6.149747119504682;7.383704292474052;4.584962500721156;6.285402218862249;7.118941072723508;8.011227255423254;6.247927513443585;6.768184324776926;6.599912842187128;6.727920454563199;6.339850002884624;6.7414669864011465;6.149747119504682;6.584962500721156;3.169925001442312;6.658211482751795;6.882643049361842;7.531381460516312;6.357552004618084;6.22881869049588;6.357552004618084;7.189824558880018;6.523561956057013;5.754887502163468;6.870364719583405;7.189824558880018;7.392317422778761;7.05528243550119;6.0;6.845490050944375;6.442943495848728;5.392317422778761;6.78135971352466;7.276124405274237;6.714245517666122;6.3750394313469245;7.807354922057604;4.584962500721156;7.665335917185176;6.807354922057604;7.366322214245816;6.78135971352466;5.857980995127572;7.276124405274237;7.554588851677638;6.658211482751795;6.599912842187128;4.906890595608519;6.794415866350106;6.857980995127572;7.189824558880018;4.643856189774724;7.199672344836364;5.727920454563199;5.643856189774724;6.906890595608519;7.442943495848728;5.807354922057604;6.247927513443585;5.247927513443585;7.022367813028454;6.442943495848728;5.882643049361842;5.285402218862249;8.204571144249204;6.965784284662087;6.930737337562887;5.20945336562895;6.6865005271832185;6.321928094887363;6.768184324776926;6.20945336562895;5.954196310386875;6.643856189774724;6.820178962415188;7.066089190457772;6.149747119504682;5.807354922057604;5.491853096329675;5.857980995127572;5.977279923499917;6.820178962415188;6.044394119358453;8.204571144249204;6.930737337562887;7.888743248898259;6.491853096329675;6.442943495848728;6.807354922057604;5.807354922057604;6.754887502163468;7.459431618637297;6.768184324776926;7.569855608330948;6.539158811108031;6.754887502163468;7.076815597050831;6.066089190457772;6.426264754702098;6.3750394313469245;7.392317422778761;5.614709844115208;7.076815597050831;7.523561956057013;7.515699838284043;7.159871336778389;6.285402218862249;6.9886846867721655;6.714245517666122;5.129283016944966;5.857980995127572;4.523561956057013;5.20945336562895;4.754887502163468;5.087462841250339;4.584962500721156;4.584962500721156;5.523561956057013;4.700439718141092;5.554588851677638;3.4594316186372973;5.357552004618084;6.491853096329675;4.321928094887363;4.954196310386875;4.392317422778761;5.459431618637297;5.700439718141092;5.321928094887363;5.392317422778761;6.022367813028454;4.584962500721156;5.700439718141092;5.584962500721156;4.906890595608519;5.977279923499917;6.066089190457772;4.954196310386875;3.584962500721156;5.491853096329675;5.321928094887363;4.906890595608519;6.569855608330948;5.321928094887363;4.700439718141092;6.149747119504682;5.523561956057013;4.700439718141092;5.930737337562887;5.357552004618084;5.491853096329675;5.129283016944966;5.554588851677638;5.357552004618084;4.906890595608519;5.491853096329675;5.700439718141092;6.266786540694901;4.857980995127572;5.459431618637297;5.20945336562895;5.807354922057604;5.832890014164741;5.426264754702098;5.321928094887363;6.539158811108031;4.807354922057604;5.169925001442312;4.523561956057013;5.523561956057013;4.857980995127572;3.906890595608519;4.169925001442312;6.554588851677638;5.857980995127572;5.321928094887363;5.930737337562887;4.459431618637297;6.149747119504682;4.643856189774724;6.906890595608519;4.954196310386875;4.087462841250339;4.807354922057604;5.247927513443585;5.954196310386875;5.0;3.700439718141092;4.857980995127572;5.285402218862249;5.754887502163468;5.20945336562895;5.044394119358453;5.285402218862249;5.169925001442312;3.906890595608519;5.584962500721156;5.491853096329675;4.906890595608519;5.906890595608519;5.169925001442312;5.930737337562887;5.426264754702098;5.554588851677638;5.321928094887363;4.247927513443585;4.857980995127572;5.129283016944966;5.321928094887363;5.087462841250339;5.930737337562887;4.169925001442312;5.78135971352466;5.491853096329675;4.700439718141092;5.247927513443585;4.700439718141092;5.087462841250339;5.977279923499917;6.285402218862249;5.459431618637297;5.044394119358453
9.902375114486023;9.092757140919852;12.852139328187244;11.410451351503994;12.029287226968243;8.848622940429339;11.727069558023706;12.890644283619087;11.925554439873554;7.0;12.30862344513114;10.665335917185176;10.231221180711186;10.166163082646111;11.69566329678802;9.303780748177102;9.632995197142955;13.43879185257826;9.61654884377899;9.899356922923111;9.20945336562895;9.436711542137214;9.154818109052105;8.703903573444663;11.637530551525307;10.278449458220482;11.486332252768664;7.912889336229962;8.471675214392045;11.068106475858771;10.080817527608328;7.467605550082998;10.427312844134963;7.74819284958946;8.74819284958946;8.92184093707449;9.840777923595054;9.419960177847887;10.390168956200185;10.533329732305834;12.337621901992508;12.58261245126702;12.193217322699065;10.49585502688717;7.721099188707186;9.975847968006784;12.71295682169755;9.419960177847887;10.277287400130357;9.899356922923111;10.231221180711186;11.92184093707449;10.50382573799575;10.187352073200495;10.278449458220482;13.8668925276766;9.59618975614441;9.030667136246942;11.328113894833656;8.50382573799575;9.67595703294175;10.27029532647204;10.767356854125683;12.311464515448444;9.90388184573618;8.74819284958946;10.404077136241234;8.562242424221072;8.59245703726808;11.627077840517394;12.844901876019785;8.894817763307943;11.64430696154558;9.721099188707186;9.918863237274596;8.539158811108031;8.954196310386875;11.274378153246364;8.854868383260236;11.667555107041132;10.154818109052105;10.52061868055628;9.049848549450562;11.38316426063511;9.89633240390994;9.94104760634058;10.585901449690772;8.59245703726808;10.85642552862553;12.770044400296824;9.204571144249204;9.91737207947684;11.699572453287267;8.870364719583405;9.96000193206808;9.388017285345136;7.539158811108031;10.11504365016171;10.90312867681232;10.614709844115207;9.194756854422248;13.926851910929878;12.277578002415735;10.832098846039134;8.939579214314692;11.265615046484458;9.194756854422248;11.263856019596082;10.537218400538595;8.271463027904375;12.060358182642142;12.637530551525307;10.875749351420056;12.260625556068227;9.643856189774723;10.413627929024171;11.79400964502097;11.541096615349524;11.66266837551754;11.092096414990792;11.044394119358454;11.30890780406394;11.088125692188209;12.24347153839633;10.711666973564348;12.052568050804153;10.095397022792556;10.90312867681232;10.782998208920414;11.3297963382207;11.386401423640775;11.916625922211235;11.783816759320182;11.807354922057604;10.847057346091336;10.649256177517314;12.103287808412022;11.305491792110685;12.25591374933779;11.789941128390916;10.393390457443989;10.940313597145968;11.186114239541643;11.023754353299417;10.8649599151426;12.189206834597025;11.870750003346114;11.040974598817304;11.169925001442312;10.97513145692134;11.73978060977326;11.401946123976536;12.605942439625368;11.213104219641906;11.929628283024565;11.184255495405347;10.871135184243045;10.78463484555752;11.417852514885896;11.754052367528924;12.383704292474052;11.294620748891628;11.072802534544207;11.580258567499788;11.283088353024002;10.099347810403192;11.933321820732946;10.684748620421626;12.338179249900112;9.665335917185176;10.357552004618084;11.076815597050832;11.109830654278792;10.31741261376487;10.909143047339898;9.804131021183318;11.421538906848276;12.404875455015208;10.580258567499788;11.24436383512051;11.84588203438406;11.044394119358454;12.135388651579046;11.490850876740298;10.737247343027738;10.874212934830874;10.490850876740298;11.208234358339787;11.705632387361415;12.567005370247031;10.901621158346112;9.233619676759702;10.961449694398196;10.733015321685963;12.199365616857982;11.451726268074506;11.51717725268954;12.674192268145683;11.094077685671904;11.547858506058416;12.797458885915104;13.0534168447575;11.105253779700885;11.016111838220512;11.200285605224298;12.234817431117325;11.631631805917635;10.251482410620213;10.99081307915361;10.81698362325538;10.723660944409984;11.319672120946995;11.991521846075695;10.496853777388042;11.645208082774683;11.395534135462302;11.734709620225836;12.745044005034464;9.709083812550343;11.179909090014934;10.827342704234116;13.011576703176177;11.569855608330949;12.60246690183057;11.29748950116098;10.862637357558794
8.566054038171092;10.31174831500496;8.243173983472952;7.22881869049588;10.382624026574916;8.79766152585376;10.808159772868375;8.396604781181859;9.64565843240871;7.98299357469431;10.62113611327464;9.691743519171276;9.627533884472792;9.152284842306582;8.700439718141093;9.240791332161956;6.321928094887363;9.357552004618084;5.754887502163468;8.276124405274238;7.011227255423254;7.857980995127572;9.368506461507693;8.754887502163468;6.392317422778761;8.194756854422248;8.661778097771988;5.129283016944966;9.049848549450562;10.386940245324311;8.038918989292302;6.714245517666122;9.224001674198105;5.857980995127572;6.977279923499917;7.787902559391432;6.442943495848728;8.515699838284043;12.061708704660624;9.499845887083206;7.6293566200796095;5.321928094887363;8.164906926675688;9.573647187493322;7.383704292474052;10.401946123976536;9.91139198784346;8.515699838284043;8.88264304936184;8.276124405274238;9.627533884472792;9.095397022792556;9.509775004326936;10.699572453287267;8.194756854422248;7.562242424221073;9.131856960608792;8.247927513443585;11.3437409184722;8.696967526234287;6.044394119358453;10.7657004876511;9.651051691178928;8.86418614465428;8.92481250360578;6.977279923499917;10.001408194392807;8.233619676759702;8.577428828035748;11.031356596255709;11.134426320220928;7.539158811108031;8.59618975614441;10.452241240430816;10.737247343027738;5.754887502163468;8.888743248898258;11.491853096329674;5.906890595608519;10.52061868055628;10.506803437795648;10.336506559810257;10.164906926675688;9.543031820255235;9.515699838284045;8.965784284662087;10.433585441150496;8.577428828035748;8.539158811108031;9.375039431346924;8.164906926675688;9.139551352398794;9.280770770130603;8.51175265376738;9.92184093707449;6.714245517666122;7.129283016944966;6.918863237274595;10.326429487122304;10.31174831500496;9.426264754702098;9.823367240046236;6.108524456778169;9.622051819456376;7.2384047393250786;9.83605035505807;9.426264754702098;10.330916878114618;10.12670447284319;8.066089190457772;10.946906274456396;9.211888294546004;10.800090987624994;4.807354922057604;7.820178962415188;8.0;8.960001932068081;6.930737337562887;7.491853096329675;7.774787059601174;6.672425341971495;6.7414669864011465;7.475733430966398;8.717676423066395;8.294620748891628;9.25502856981873;8.888743248898258;6.672425341971495;6.044394119358453;7.044394119358453;6.930737337562887;7.076815597050831;8.873444112515376;9.216745858195306;8.654636028527968;7.159871336778389;8.134426320220927;7.507794640198696;8.154818109052105;9.746514321138465;8.271463027904375;7.686500527183218;8.0;8.668884984266247;6.149747119504682;9.84862294042934;7.294620748891627;7.930737337562887;7.592457037268081;6.0;4.700439718141092;6.303780748177103;10.453270634010623;3.4594316186372973;7.988684686772165;7.312882955284356;7.266786540694901;8.388017285345136;10.217957697864112;6.303780748177103;8.087462841250339;8.968666793195208;8.39231742277876;9.861086905995396;6.507794640198696;7.794415866350106;5.727920454563199;6.507794640198696;9.036173612553483;7.20945336562895;6.768184324776926;7.636624620543649;9.348728154231075;8.294620748891628;7.930737337562887;6.426264754702098;8.471675214392045;10.83289001416474;4.169925001442312;6.554588851677638;9.829722735086058;9.3151495622563;8.475733430966399;8.330916878114618;8.717676423066395;9.011227255423254;8.164906926675688;9.204571144249204;8.703903573444663;8.679480099505446;9.93810932621924;5.882643049361842;7.285402218862249;4.906890595608519;5.0;7.044394119358453;8.90388184573618;9.184875342908285;8.31741261376487;8.997179480937621;9.400879436282183;8.413627929024173;8.81698362325538;7.076815597050831;6.569855608330948;8.459431618637296;8.396604781181859;9.214319120800766;8.654636028527968;7.531381460516312;7.3750394313469245;7.523561956057013;7.727920454563199;6.321928094887363;9.614709844115207;10.249113452713727;7.554588851677638;7.066089190457772;4.857980995127572;7.988684686772165;3.321928094887362;7.05528243550119;11.375039431346924;7.658211482751795;8.330916878114618;7.988684686772165
11.834075953434883;11.498849206531723;11.258566033889933;11.224001674198105;12.80715363917749;11.233619676759702;10.599912842187129;12.140190703191836;10.517669388133813;11.81016993766466;11.040289721025715;12.09077405464075;12.040974598817304;11.735132884139947;10.805743872151618;12.043710863347156;11.7988767681333;12.109177703355275;5.78135971352466;11.687813062564931;11.388017285345136;12.393390457443989;11.762382038710392;12.376939321619846;12.893491147084914;11.526499239136566;11.96902670215077;11.074810461160451;11.487840033823051;12.188588845707349;10.989394499844732;11.399277924508969;12.194141238863136;11.898979204622512;11.219168520462162;11.382624026574916;11.95383268214528;11.459431618637296;11.222794902868111;11.402479172214964;12.516192477879368;12.186114239541643;11.371776644337924;11.608254821977908;11.597587039586216;11.1879705919842;10.952741247186488;11.459431618637296;11.586370695113963;11.687813062564931;12.040974598817304;11.13827180017222;11.249706056969703;11.694357887221452;11.526499239136566;7.483815777264256;12.824759898954106;10.107217075591382;11.95164898590462;13.38734422956391;12.583552930466483;11.340406490853294;11.493355121494906;11.293471648838134;10.82097669262124;11.219168520462162;11.603626344986193;11.338736382573916;12.183015000882756;12.720030446498972;10.339850002884624;11.30890780406394;11.89026427702111;11.366322214245816;11.660887270302569;12.061033601681112;10.792790294301064;11.00842862207058;11.474212937193943;10.41679752760606;11.531381460516313;11.20945336562895;10.367414751246828;11.495355392235982;11.421538906848276;11.570804437724496;11.577428828035748;12.183015000882756;11.832098846039134;11.207624468226758;11.163020639580791;12.932952892194717;10.304921669581672;11.14974711950468;11.96000193206808;10.655530723155644;10.157346935362844;12.274378153246364;12.026869205263395;11.42574042431621;11.954196310386877;13.028596777067108;12.902563541971553;10.684748620421626;11.449148645375436;10.623881490013458;11.954196310386877;11.077483356859508;11.145295334933598;12.57530287507339;11.410981267043796;12.112765281885316;11.808159772868375;10.376125389276174;11.17617314910749;11.211279947482009;11.41256984680521;10.737247343027738;11.00562454919388;11.27262978497637;11.264442600226602;11.385323176175872;11.129926933510394;9.9901039638575;10.90839262077375;11.11504365016171;11.539158811108033;10.3297963382207;10.898601387403938;10.60177078840771;11.193525360501216;11.057991722759176;11.845490050944376;10.73978060977326;11.677719641641009;11.194141238863136;10.88340698638837;11.381002109550924;10.703903573444665;11.60177078840771;11.944346034137832;11.292896755409172;10.38586240064146;11.284824100224624;11.101975670949232;10.90839262077375;10.174925682500678;11.140190703191836;11.40992124124968;10.49585502688717;11.237807473723135;10.260919533662904;11.71037597120447;11.091435386323608;11.214319120800766;9.649256177517314;11.312315746690109;11.202736043250168;10.69261550169458;11.11699367754698;10.357552004618084;11.42678889459556;10.634811050171718;11.377210530388552;11.011926066306808;11.150381968817848;11.62159403901754;10.46352437327118;9.620219825507489;12.16427843830117;10.15608307628868;10.14974711950468;10.852529509404196;11.499845887083206;11.521109643651332;11.546412195119352;11.437752072323605;11.326429487122304;11.075479149488016;11.124767535822471;11.37937836707126;11.129283016944967;11.33371442609397;10.655530723155644;11.663113308455806;10.834471049984222;10.974414589805528;10.86727873970966;11.076815597050832;11.776021715252812;11.385323176175872;10.881878707600446;10.33427328530719;10.63390340934852;11.255618749839597;11.230020435705637;11.403544678202014;11.421012855779226;11.101975670949232;10.083479327331842;9.884170519108435;10.76983784362944;10.381542951184583;8.894817763307943;11.519144787997414;10.82097669262124;11.584492796975876;11.398743691938192;10.188588845707349;10.847057346091336;10.874981347653774;10.852529509404196;11.527477006060396;11.31797782240712;11.347067657165873;11.393390457443989;11.401412878714178;11.562242424221072;13.535275376620802;10.834471049984222;11.134426320220928;9.79603960882977;11.7402023887679;11.293471648838134;11.116343961237469;10.862637357558794
0.0;0.0;0.0;2.0;2.321928094887362;0.0;0.0;1.584962500721156;0.0;0.0;0.0;1.0;2.321928094887362;1.0;1.0;0.0;1.0;2.0;0.0;1.0;1.584962500721156;2.321928094887362;1.0;1.0;0.0;1.0;0.0;0.0;0.0;1.0;0.0;1.0;1.0;1.584962500721156;1.584962500721156;0.0;1.0;1.584962500721156;0.0;1.0;4.643856189774724;3.0;3.906890595608519;0.0;1.0;2.321928094887362;0.0;1.584962500721156;1.0;1.0;2.321928094887362;1.584962500721156;1.0;0.0;1.0;3.169925001442312;2.807354922057604;1.0;1.584962500721156;1.0;1.0;1.584962500721156;1.0;1.0;1.0;1.584962500721156;1.584962500721156;1.584962500721156;0.0;1.0;2.0;0.0;1.584962500721156;1.0;0.0;0.0;1.0;0.0;1.0;0.0;0.0;0.0;0.0;0.0;0.0;2.321928094887362;1.0;0.0;1.0;1.0;0.0;0.0;1.0;1.584962500721156;2.807354922057604;1.584962500721156;0.0;1.0;1.0;0.0;0.0;1.0;2.0;0.0;0.0;2.584962500721156;0.0;2.321928094887362;3.321928094887362;3.0;3.4594316186372973;2.0;0.0;0.0;2.584962500721156;3.169925001442312;2.321928094887362;1.584962500721156;2.584962500721156;3.321928094887362;3.0;1.0;2.807354922057604;1.0;2.0;0.0;2.584962500721156;2.0;2.321928094887362;2.0;1.0;1.0;1.0;0.0;0.0;1.0;0.0;2.584962500721156;3.169925001442312;0.0;2.321928094887362;3.321928094887362;4.754887502163468;0.0;0.0;0.0;1.0;1.584962500721156;2.321928094887362;0.0;0.0;3.0;2.807354922057604;2.584962500721156;0.0;1.0;1.584962500721156;2.584962500721156;2.321928094887362;0.0;2.0;1.0;1.0;3.700439718141092;0.0;0.0;0.0;0.0;0.0;3.0;2.0;2.321928094887362;3.321928094887362;2.321928094887362;2.321928094887362;0.0;3.700439718141092;2.584962500721156;0.0;2.0;1.0;2.807354922057604;1.0;1.584962500721156;1.0;1.0;2.0;0.0;1.584962500721156;1.0;0.0;2.0;0.0;2.0;2.321928094887362;1.584962500721156;2.584962500721156;3.4594316186372973;0.0;2.584962500721156;2.0;2.807354922057604;2.584962500721156;1.584962500721156;2.584962500721156;1.0;3.0;2.807354922057604;2.807354922057604;1.584962500721156;1.0;1.0;2.321928094887362;1.584962500721156;1.584962500721156;2.584962500721156;1.584962500721156;2.321928094887362;0.0;0.0;2.807354922057604;2.0;2.584962500721156;1.0;2.0;3.0
6.426264754702098;10.14210705730255;9.722807531169549;7.392317422778761;9.544964432789238;9.995767150877802;5.857980995127572;5.392317422778761;7.098032082960526;6.820178962415188;7.339850002884624;9.005624549193879;8.573647187493322;10.161131882984307;10.007027266893967;11.531381460516313;7.451211111832329;4.954196310386875;7.219168520462161;8.632995197142957;10.556506054671928;6.6293566200796095;8.731319031025064;7.851749041416057;5.700439718141092;6.392317422778761;8.303780748177102;9.94397991434374;8.710806433699352;9.092757140919852;7.6293566200796095;9.216745858195306;9.353146825498085;13.156873117949567;10.7714894695006;9.72451385311995;10.71853287606922;9.779719355143405;8.948367231584678;6.9886846867721655;9.7714894695006;6.9886846867721655;9.264442600226602;6.614709844115208;10.16867211813223;7.554588851677638;8.204571144249204;9.779719355143405;8.038918989292302;8.632995197142957;8.573647187493322;6.965784284662087;7.011227255423254;7.499845887083206;6.392317422778761;6.149747119504682;8.523561956057012;7.3750394313469245;7.475733430966398;7.741466986401146;8.326429487122303;6.149747119504682;8.994353436858859;9.81698362325538;5.882643049361842;10.7714894695006;10.642954223480332;6.3750394313469245;7.03342300153745;8.092757140919852;8.960001932068081;9.152284842306582;7.276124405274237;5.614709844115208;8.353146825498083;10.876516946565;9.271463027904376;6.6865005271832185;9.381542951184583;7.539158811108031;8.50382573799575;7.149747119504682;8.603626344986193;4.906890595608519;10.45532722030456;7.507794640198696;8.73809225962049;7.03342300153745;9.157346935362844;7.098032082960526;9.918863237274596;8.92481250360578;7.339850002884624;8.459431618637296;10.0566377151132;7.199672344836364;7.930737337562887;7.936637939002571;9.124121311829189;10.186114239541643;8.0;8.700439718141093;9.96289600533726;7.044394119358453;8.321928094887362;5.857980995127572;8.0;8.867278739709661;6.672425341971495;9.147204924942228;8.467605550082997;8.103287808412022;6.044394119358453;7.906890595608519;7.357552004618084;6.554588851677638;8.303780748177102;7.577428828035749;8.820178962415188;8.640244936222345;7.562242424221073;8.159871336778389;7.882643049361842;8.303780748177102;6.906890595608519;7.531381460516312;8.174925682500678;7.139551352398794;7.888743248898259;7.882643049361842;9.324180546618742;8.651051691178928;8.396604781181859;7.954196310386875;8.103287808412022;6.087462841250339;8.285402218862249;8.721099188707186;8.413627929024173;8.988684686772165;7.219168520462161;6.266786540694901;9.868822554775;8.20945336562895;8.62935662007961;7.459431618637297;8.577428828035748;8.199672344836364;7.087462841250339;8.550746785383243;8.64745842645492;8.467605550082997;8.768184324776927;8.353146825498083;8.290018846932618;7.266786540694901;7.679480099505446;7.754887502163468;7.417852514885898;8.550746785383243;8.238404739325079;8.243173983472952;7.321928094887363;8.62935662007961;8.03342300153745;8.651051691178928;8.67595703294175;8.139551352398794;8.159871336778389;8.321928094887362;7.098032082960526;7.357552004618084;7.906890595608519;7.614709844115208;7.546894459887636;6.857980995127572;7.03342300153745;8.388017285345136;8.339850002884624;8.005624549193879;9.243173983472952;7.409390936137702;8.118941072723507;7.118941072723508;7.894817763307944;7.870364719583405;5.087462841250339;8.375039431346925;8.665335917185176;8.434628227636725;7.357552004618084;7.554588851677638;7.761551232444479;8.060695931687555;8.539158811108031;7.930737337562887;7.531381460516312;8.842350343413807;7.434628227636725;5.044394119358453;7.857980995127572;8.994353436858859;6.845490050944375;7.800899899920305;8.353146825498083;8.566054038171092;9.027905996569883;7.219168520462161;7.285402218862249;8.717676423066395;8.658211482751796;7.86418614465428;8.870364719583405;9.005624549193879;8.174925682500678;7.727920454563199;8.854868383260236;8.682994583681683;4.247927513443585;7.721099188707186;9.851749041416058;8.774787059601174;8.252665432450248;8.527477006060396;7.851749041416057;7.74819284958946
10.476746203939468;12.219773550892874;12.044394119358454;10.39660478118186;11.84901407369482;11.096056239180946;11.698270577692032;9.98584193700334;12.154501693864765;10.052568050804153;10.857980995127573;12.303209948944776;10.91737207947684;12.624110035762987;11.616089313582115;13.01227534485612;10.63026712502677;10.531381460516313;10.079484783826816;11.207624468226758;12.294907880953652;9.89178370321831;11.778487861222372;11.130570562805426;9.625708843064466;10.822570830950168;11.51422090935813;11.500343969270403;11.744833837499543;10.971543553950772;11.49585502688717;10.4757334309664;11.984418458801136;13.258566033889933;11.772314573921651;11.404609397837712;12.739358707433396;11.870364719583405;11.733439082899434;11.871905237659186;9.828136484194108;11.492854620174748;11.880348808156027;10.948367231584678;11.488342277532524;11.964701857420447;11.276124405274238;11.870364719583405;11.247927513443583;11.207624468226758;10.91737207947684;10.519636252843211;10.605479518061667;11.707359132080883;10.822570830950168;10.895575282380683;11.069449767427784;9.741466986401146;11.800495500466813;10.74819284958946;13.505563476360582;10.99717948093762;12.485829308701904;11.570330101030798;10.595257481449035;11.772314573921651;12.667555107041132;11.219773550892874;11.598517810612622;10.414685235807214;12.760096169244092;11.177419537989236;10.20945336562895;11.421538906848276;11.33147682185962;11.852529509404196;11.693051295397;11.482807956726669;11.555068391333338;12.407533331671324;11.924441392339196;12.558181519860028;11.216139556425135;11.451726268074506;12.357277074642807;10.717676423066395;11.879200317947392;11.598517810612622;11.27029532647204;10.485829308701904;11.669770888525518;11.715533063526584;13.0975383756469;11.43254190038826;11.040974598817304;11.735556023911537;9.12670447284319;10.98655314975666;13.09687983630378;12.02167404285837;11.308339030139408;11.977279923499916;11.440350119200565;11.173052457774116;13.950464768914271;10.347621368568134;11.308339030139408;11.443979542601252;10.870364719583405;14.017852331905962;13.126220482330105;12.146250445885986;11.391243589427445;11.77272694923985;10.347621368568134;11.398743691938192;11.8668925276766;11.098032082960527;12.016111838220512;11.290594888082572;11.102631888854969;11.191059214531656;11.936269857602207;11.59944798152872;10.407267764244732;11.914011328541257;10.39231742277876;11.227615943414223;11.088125692188209;11.122827994807666;11.567005370247031;11.526988205432009;11.724087461793989;11.385323176175872;11.237807473723135;10.992230264965889;11.183635381473218;11.65642486327778;11.436711542137214;11.686938171670388;10.122827994807666;11.42574042431621;11.680359523513712;11.805743872151618;11.30149619498255;10.67595703294175;11.804937672051908;11.24436383512051;11.406205005418856;11.092096414990792;11.54882190845875;12.074810461160451;11.884552133987237;11.011227255423254;11.653292945382814;10.978710459106358;10.94617524072356;11.215532999745657;10.71681946132995;11.978710459106358;11.82137539237254;11.7300455028792;11.007027266893967;11.803727526553114;12.064742764750257;10.28424574982967;11.698270577692032;11.68079903457298;12.50382573799575;10.281930026955443;10.63026712502677;10.90839262077375;11.59618975614441;10.900112062977456;11.203959703239462;10.312882955284357;11.876133200043016;11.623881490013458;10.954196310386877;11.242578689451346;12.089119397915168;11.489847960439295;11.67595703294175;11.639792893279312;10.946906274456396;11.26620091249896;11.253256579781151;10.993646060016596;11.397674632948268;11.407798850221974;10.957102041562289;10.696098170955864;10.861086905995396;11.020285500844649;11.85096815098244;11.131856960608792;11.850186837645774;12.124767535822471;11.237807473723135;11.607792641919213;12.157978449945432;12.326429487122304;10.845490050944376;11.73809225962049;11.608716854020573;11.919235786028349;11.99682652802066;10.28886607416582;10.958552715431011;11.506803437795648;10.995767150877802;11.388017285345136;12.436711542137214;11.498849206531723;11.603162679534382;11.199672344836364;11.353146825498085;12.325024310191417;11.629811944382231;11.211279947482009;11.59944798152872;12.406205005418856;11.910642730469624;12.868050853745158;11.56843119316746;11.211888294546004
14.22603581464862;15.347794359807942;13.357139590005463;13.546653347654956;15.441874292805029;15.374360292304637;13.673750739438065;11.79766152585376;14.360778513394182;14.374767814092824;13.496604154575603;11.404077136241234;10.572700226487292;16.7764844388493;14.816333704314076;15.91293610333504;13.407666097055015;16.16945529769703;14.654076562495094;14.93110683302934;9.758223214726724;13.657765035265363;17.075009010357856;17.56753279189325;12.189206834597025;14.042172353174928;12.79197682089869;16.47603417215358;11.672425341971495;13.838908446383629;13.800596610957856;15.521845775161932;13.78350985734259;19.19651568209696;15.456097684964202;16.36110419560237;16.98886217278345;15.31938987600021;14.496666564327992;13.808562029957525;14.538492089304349;11.668884984266247;11.077483356859508;13.391377862315146;15.074434187728835;15.281314287752366;13.026004642978943;15.31938987600021;15.074392373511284;14.93110683302934;10.572700226487292;12.64543327516426;12.916812497709833;14.429472126863349;14.042172353174928;14.565459136904616;14.932537734788514;15.990148293776258;13.67926015971679;14.116506417748072;14.53430288245463;13.245255580306557;15.606289533345528;14.824013998873266;12.001760028327215;15.456097684964202;14.377074932377184;16.99727873338944;14.787800555287674;13.768287725245768;13.588363287192117;14.955695308848249;13.419170165028538;12.684748620421626;14.33350479806354;15.92193389123456;14.802061917315704;13.23017058349584;16.091456048054674;14.308339030139408;14.308267917629676;11.035486451292154;14.580140772436168;12.436190995481416;15.33399388276136;13.484067622432198;16.54497952113739;14.787800555287674;13.895669944303942;12.009478745888066;15.46352437327118;9.39231742277876;14.735185783398943;14.536368649553852;15.059893648559832;16.428441963237788;14.833433690679843;13.13747150335196;15.83387836457737;15.502707514164372;13.245998280472708;15.133061917699544;15.219244163143571;14.040717807744649;15.787264915387624;13.18084156556666;13.245998280472708;14.941093469518016;15.031787341501463;16.328762568950502;12.468878553819426;14.394261710834067;14.097291458618448;14.083894790269454;13.0087787482805;14.164042684555913;13.562600191127032;13.51101135288224;13.260919533662904;13.86486321652392;13.25429050511706;13.489847960439295;12.77313920671969;13.85856386297237;12.62159403901754;12.823964258486738;12.888743248898258;11.47015043527436;13.026350530067845;13.913169916122756;13.039090401998603;14.022107688309616;13.79685079526716;13.382083590141969;14.206938033524374;13.87795508761204;13.685953284813918;13.07028868996168;13.167104482379932;14.169376998869794;13.115856481915078;14.308765631603524;12.63254087654689;13.55877942904049;12.757181632816716;13.624110035762987;13.56271942704932;13.803929287974446;12.918117851031772;13.885696373339394;13.83219776578554;13.903034503044154;15.07020481965727;13.44086916761087;13.836444911341369;13.042343379793692;14.703741390875678;14.333924023669228;12.24555270625568;14.38444650634117;14.422524735901208;13.952559261056836;13.450695771572915;13.44759985827995;13.157820597213629;14.311038711409475;14.081982669325678;14.063310809257125;13.782383991197;13.313449940963055;13.421012855779226;13.26795708440284;13.841564347730577;14.559018523346786;13.946358033887046;13.271754805646474;13.910642730469624;14.748402528398184;12.809366207816078;13.892637677748688;13.4542992936199;13.203500952361397;14.443008270572768;14.22143607744528;13.694357887221452;15.278667239946442;14.382691566896591;13.474212937193943;14.04840172658824;14.14473789473202;13.651724433108065;9.7714894695006;12.885505729792254;13.009128789539256;14.074559623110463;13.295194955880657;14.69207057438276;13.5262546938286;13.174301544467632;14.5652806186787;15.119427511067276;14.92731501080895;12.712741927075736;13.237060543838012;14.237434057119293;14.330146600438278;13.207624468226758;13.23586465108203;14.602060876487204;14.104189211153557;12.925183519434208;14.405141463136344;14.094655044127212;13.306061689428342;14.241312873484352;13.095232171619331;13.436971745049073;13.633222303800787;10.24555270625568;13.823964258486738;12.27699673929712;14.274086905634414;13.790246665444943;15.8668925276766;13.585901449690772;14.242280950302444
7.199672344836364;7.826548487290915;6.965784284662087;7.546894459887636;10.015415052386688;7.741466986401146;8.280770770130603;7.599912842187128;8.076815597050832;7.149747119504682;11.197216693110052;7.179909090014935;10.076815597050832;8.63662462054365;7.531381460516312;6.954196310386875;7.475733430966398;12.984418458801136;3.807354922057604;8.066089190457772;5.882643049361842;9.00842862207058;7.442943495848728;7.383704292474052;8.189824558880018;8.113742166049189;10.457380879072534;6.0;7.03342300153745;9.06339508128851;7.05528243550119;6.768184324776926;7.727920454563199;6.321928094887363;8.721099188707186;6.727920454563199;6.554588851677638;5.584962500721156;9.398743691938192;9.507794640198696;11.092096414990792;9.853309555403674;8.46352437327118;7.507794640198696;6.247927513443585;7.686500527183218;9.812177305514448;5.584962500721156;8.703903573444663;8.066089190457772;10.076815597050832;10.304921669581672;7.614709844115208;9.786269627648466;8.113742166049189;6.6293566200796095;7.592457037268081;7.665335917185176;8.832890014164741;8.774787059601174;5.906890595608519;8.50382573799575;8.038918989292302;9.30149619498255;6.569855608330948;8.721099188707186;7.098032082960526;6.149747119504682;7.714245517666122;11.057314877782703;9.927777962082342;5.554588851677638;8.731319031025064;8.611024797307353;8.507794640198696;6.599912842187128;8.154818109052105;8.308339030139408;5.643856189774724;7.523561956057013;7.876516946564999;6.906890595608519;7.94251450533924;8.159871336778389;7.149747119504682;7.86418614465428;8.804131021183318;7.714245517666122;8.945443836377912;6.918863237274595;6.442943495848728;6.087462841250339;7.948367231584678;8.129283016944967;8.491853096329674;6.700439718141092;7.20945336562895;11.537218400538595;8.092757140919852;9.971543553950772;6.475733430966398;8.988684686772165;9.569855608330949;7.22881869049588;6.169925001442312;7.491853096329675;6.475733430966398;10.38586240064146;7.994353436858858;9.533329732305834;8.08214904135387;10.995767150877802;8.794415866350105;9.405141463136344;10.280770770130603;7.199672344836364;9.57553924683453;8.92481250360578;9.569855608330949;7.011227255423254;8.247927513443585;9.605479518061667;7.768184324776926;9.60733031374961;8.016808287686555;9.052568050804153;9.804131021183318;7.912889336229962;7.707359132080882;9.449148645375436;8.900866807980748;9.643856189774723;9.294620748891628;9.211888294546004;10.778898476008376;8.290018846932618;9.902375114486023;9.776433032444732;8.930737337562887;9.952741247186488;9.152284842306582;7.826548487290915;7.348728154231077;8.388017285345136;9.61654884377899;8.451211111832329;10.310612781659527;8.951284714966972;8.479780264029099;9.187352073200495;9.968666793195208;8.479780264029099;9.60733031374961;9.531381460516313;9.712527000439824;7.554588851677638;9.357552004618084;8.689997971419446;7.839203788096944;9.753216749178955;9.095397022792556;9.428360172704291;8.7714894695006;8.794415866350105;9.278449458220482;9.734709620225836;10.615629636968098;8.066089190457772;7.839203788096944;10.00982861736811;7.159871336778389;8.820178962415188;8.0;8.535275376620802;7.339850002884624;7.971543553950772;8.51175265376738;9.926295994781112;9.250298417906333;8.49585502688717;10.105908508571158;8.027905996569885;9.451211111832327;8.539158811108031;10.070120944476823;8.507794640198696;8.087462841250339;8.672425341971495;9.491853096329674;9.845490050944376;8.791162888555018;6.189824558880018;8.499845887083206;9.041659151637214;10.24198314969433;9.79603960882977;8.693486957499324;9.918863237274596;8.388017285345136;7.774787059601174;8.73809225962049;8.939579214314692;8.566054038171092;7.686500527183218;8.72451385311995;9.172427508645482;9.388017285345136;9.303780748177102;8.044394119358454;8.672425341971495;8.873444112515376;8.558420713268664;8.851749041416058;9.977279923499916;10.051208940914766;8.20945336562895;9.76155123244448;9.44086916761087;6.20945336562895;8.89178370321831;8.214319120800766;9.344295907915816;9.34207466799914;8.988684686772165;9.250298417906333;8.936637939002571
7.257387842692652;4.087462841250339;3.4594316186372973;6.189824558880018;6.442943495848728;4.459431618637297;5.459431618637297;4.584962500721156;7.599912842187128;4.169925001442312;8.81698362325538;6.832890014164741;8.108524456778168;7.179909090014935;10.076815597050832;4.584962500721156;6.149747119504682;5.426264754702098;3.4594316186372973;6.0;10.835260918627489;7.499845887083206;5.247927513443585;5.672425341971495;8.703903573444663;6.3750394313469245;6.066089190457772;4.392317422778761;7.994353436858858;7.832890014164741;7.721099188707186;5.930737337562887;7.451211111832329;4.392317422778761;7.417852514885898;5.247927513443585;5.554588851677638;5.0;5.672425341971495;7.546894459887636;4.754887502163468;1.584962500721156;3.0;7.03342300153745;7.577428828035749;5.672425341971495;4.321928094887363;5.0;5.977279923499917;6.0;8.108524456778168;6.266786540694901;6.475733430966398;6.22881869049588;6.3750394313469245;4.321928094887363;6.22881869049588;4.169925001442312;7.554588851677638;7.693486957499325;4.523561956057013;3.169925001442312;7.451211111832329;5.044394119358453;4.807354922057604;7.417852514885898;6.459431618637297;2.321928094887362;6.658211482751795;4.087462841250339;9.622051819456376;5.169925001442312;7.515699838284043;4.857980995127572;6.643856189774724;5.523561956057013;4.906890595608519;5.491853096329675;5.78135971352466;6.539158811108031;5.643856189774724;6.894817763307944;5.977279923499917;5.0;6.022367813028454;7.523561956057013;7.257387842692652;6.658211482751795;7.400879436282184;6.7414669864011465;7.087462841250339;6.169925001442312;6.857980995127572;5.672425341971495;7.266786540694901;7.6293566200796095;6.044394119358453;6.768184324776926;6.857980995127572;7.321928094887363;4.807354922057604;9.076815597050832;10.1357092861044;7.599912842187128;4.321928094887363;5.643856189774724;4.807354922057604;6.303780748177103;6.0;5.20945336562895;4.169925001442312;5.807354922057604;5.554588851677638;6.807354922057604;7.257387842692652;3.807354922057604;7.857980995127572;6.392317422778761;7.442943495848728;6.539158811108031;6.108524456778169;6.044394119358453;5.459431618637297;7.189824558880018;6.539158811108031;7.888743248898259;8.672425341971495;5.523561956057013;6.442943495848728;6.857980995127572;7.592457037268081;8.266786540694902;7.614709844115208;7.05528243550119;7.426264754702098;5.554588851677638;8.228818690495881;7.266786540694901;6.954196310386875;7.888743248898259;7.348728154231077;5.754887502163468;4.169925001442312;6.087462841250339;6.7414669864011465;7.312882955284356;8.422064766172813;7.169925001442312;6.108524456778169;5.954196310386875;6.930737337562887;5.0;7.988684686772165;6.94251450533924;7.936637939002571;6.169925001442312;7.658211482751795;6.426264754702098;5.954196310386875;7.800899899920305;7.303780748177103;6.321928094887363;6.129283016944966;7.149747119504682;5.614709844115208;6.569855608330948;8.569855608330947;6.475733430966398;6.672425341971495;5.906890595608519;6.442943495848728;5.554588851677638;5.977279923499917;6.700439718141092;6.357552004618084;5.491853096329675;5.882643049361842;9.187352073200495;7.643856189774724;6.78135971352466;7.971543553950772;5.727920454563199;7.800899899920305;6.044394119358453;7.276124405274237;5.523561956057013;5.523561956057013;6.658211482751795;8.471675214392045;8.405141463136344;7.199672344836364;4.087462841250339;6.285402218862249;7.303780748177103;7.434628227636725;8.066089190457772;6.807354922057604;8.276124405274238;6.339850002884624;4.459431618637297;5.754887502163468;7.636624620543649;6.6293566200796095;5.614709844115208;5.954196310386875;7.643856189774724;6.78135971352466;6.169925001442312;5.700439718141092;5.20945336562895;6.087462841250339;5.643856189774724;7.845490050944375;6.882643049361842;7.303780748177103;5.523561956057013;9.002815015607053;8.523561956057012;5.857980995127572;7.108524456778169;4.857980995127572;7.658211482751795;8.005624549193879;7.179909090014935;6.247927513443585;6.754887502163468
9.400879436282183;10.219168520462162;11.894817763307945;10.277287400130357;12.02271457304476;10.401946123976536;10.622051819456376;14.00842862207058;12.930922097125269;8.744833837499545;10.94617524072356;12.055621374781708;11.908767882849189;10.558420713268664;10.901621158346112;11.439830883981392;9.214319120800766;12.018200178813226;9.370687406807216;9.887220615468385;12.780129619625306;9.14974711950468;10.234817431117325;10.172427508645482;10.310612781659527;9.638435913990472;12.263562639820616;10.047123912114026;11.469641817239516;10.004220466318197;11.687813062564931;10.550746785383245;10.53818893205242;11.731743290707842;9.407267764244732;9.52943055414615;10.253847484987404;11.231821178657404;10.3297963382207;9.897845456005513;12.095397022792556;13.309618456283072;12.70173963867435;9.584962500721156;9.853309555403674;10.404077136241234;11.022367813028454;11.231821178657404;10.099347810403192;9.887220615468385;11.908767882849189;10.680359523513712;10.52845411076479;10.782998208920414;9.638435913990472;11.23661220021575;10.541096615349524;9.29920801838728;10.841564347730577;10.324180546618742;10.13699111208023;10.211888294546004;11.249113452713727;11.217351905270334;10.977279923499916;9.407267764244732;11.171802288682985;9.975847968006784;9.930737337562888;11.8356556908398;12.1270270430046;10.12023787734196;11.777666280880757;10.296916206879288;10.66266837551754;9.691743519171276;10.302638923787551;10.965784284662089;10.193525360501216;11.884552133987237;10.310612781659527;11.742309436084;9.564149489985732;10.798471801101618;9.663558104217271;10.034798962577268;10.812177305514448;9.930737337562888;10.502831804066744;10.828929827651486;10.164906926675688;13.7668394438555;11.285402218862249;9.893301530860564;10.567956075415466;11.113742166049189;8.103287808412022;9.871905237659186;10.913637428049103;11.094077685671904;11.14338321398982;12.1331422124006;10.749031382040204;10.197216693110052;11.391243589427445;9.25974326369078;11.14338321398982;10.665335917185176;10.263269200372662;8.357552004618084;10.386940245324311;11.512740462803498;10.18239435340453;10.01262453886506;9.554588851677638;9.667111542075029;9.768184324776929;9.782998208920414;9.853309555403674;9.285402218862249;9.586839787961829;10.060695931687556;9.24555270625568;10.026523442519766;9.394462694610317;10.251482410620213;8.63662462054365;8.233619676759702;9.659995892429976;9.442943495848729;9.94251450533924;9.90388184573618;10.356451970221755;10.395534135462302;10.014020470314934;9.759888183221834;9.52552080909507;9.731319031025064;10.959277505720502;10.312882955284357;9.019590728357882;9.477758266443889;9.312882955284357;10.14338321398982;9.489847960439295;10.025139562278508;10.60733031374961;9.54882190845875;9.72451385311995;9.970105890612182;9.964340867792416;9.85642552862553;10.731319031025064;9.679480099505446;9.968666793195208;9.447083226209651;9.59618975614441;9.527477006060396;9.499845887083206;10.029287226968243;10.745674324002136;10.741466986401146;9.658211482751796;10.096715154488535;10.506803437795648;8.744833837499545;10.118941072723509;10.064742764750257;11.022367813028454;8.81698362325538;9.623881490013458;9.659995892429976;9.746514321138465;9.712527000439824;10.178664851006472;8.044394119358454;9.829722735086058;11.151650829973422;9.271463027904376;10.047123912114026;10.203348002979762;9.818582177480858;10.558420713268664;10.049848549450562;9.68650052718322;10.1331422124006;9.204571144249204;9.897845456005513;10.217957697864112;10.373952655370193;9.829722735086058;8.005624549193879;9.859534786382651;9.461479447286155;10.025139562278508;9.682994583681683;10.152284842306582;10.51865315567339;10.252665432450248;9.398743691938192;10.88340698638837;10.924070185585345;9.583082767502932;9.564149489985732;10.159871336778387;10.526499239136566;9.722807531169549;9.319672120946995;9.829722735086058;9.231221180711186;9.216745858195306;9.871905237659186;10.550746785383245;9.684748620421626;10.125413470483316;9.774787059601174;9.527477006060396;10.44604940671655;9.599912842187129;9.634811050171718;8.954196310386875;10.642954223480332;10.584962500721156;11.700006150882864;10.260919533662904;9.517669388133813
9.61654884377899;8.290018846932618;10.709945380232496;8.252665432450248;10.363039630256514;8.665335917185176;8.918863237274595;5.977279923499917;10.92184093707449;8.971543553950772;8.991521846075695;8.370687406807217;10.01262453886506;10.041659151637214;8.968666793195208;8.948367231584678;9.741466986401146;7.832890014164741;8.823367240046235;9.74819284958946;6.870364719583405;9.952741247186488;9.194756854422248;9.350939181546432;7.357552004618084;9.759888183221834;11.3157156580222;7.257387842692652;8.523561956057012;11.00982861736811;8.038918989292302;7.22881869049588;8.997179480937621;8.413627929024173;9.139551352398794;10.032045726930807;9.560332834212442;8.308339030139408;10.654636028527968;11.183635381473218;7.044394119358453;7.734709620225838;6.643856189774724;9.233619676759702;8.948367231584678;10.295768934420508;10.40832974076739;8.308339030139408;10.832098846039134;9.74819284958946;10.01262453886506;9.23840473932508;7.826548487290915;11.11829223302699;9.759888183221834;7.857980995127572;9.461479447286155;10.030667136246942;10.907641803665529;8.936637939002571;7.483815777264256;7.948367231584678;10.388017285345136;9.330916878114618;6.129283016944966;9.139551352398794;9.94104760634058;7.813781191217037;10.148476582178278;9.34207466799914;8.370687406807217;8.909893083770042;8.154818109052105;8.682994583681683;9.579315937580017;8.184875342908283;9.172427508645482;9.531381460516313;8.417852514885897;9.957102041562289;10.240791332161956;9.152284842306582;8.717676423066395;8.370687406807217;9.799281621521924;9.184875342908285;11.335948565202298;10.148476582178278;10.139551352398794;8.20945336562895;8.092757140919852;6.392317422778761;10.61286849729104;8.88264304936184;8.96289600533726;9.98584193700334;6.3750394313469245;12.129605011152504;10.64565843240871;11.46096776257042;8.451211111832329;11.35424938194524;7.22881869049588;9.174925682500678;8.72451385311995;7.686500527183218;8.451211111832329;10.070120944476823;10.094077685671904;9.266786540694902;9.319672120946995;9.068778277985412;10.67065624911844;12.370687406807216;12.054265139625764;11.114393054867309;11.869593843240784;11.425215903299383;12.51175265376738;10.734709620225836;11.088125692188209;11.7714894695006;10.850186837645774;12.205182326228645;10.573647187493322;11.816183681432342;11.502334580197996;10.279610581052484;10.65284497300198;11.530406337099068;11.71639078949768;12.381542951184583;11.542548262335211;12.02997734658958;12.437492010125352;10.851749041416058;12.001760028327215;12.520373136339725;10.884170519108435;12.168358727223886;11.340406490853294;10.560332834212442;10.696098170955864;11.569380959522295;11.855647166027266;10.878817284614229;12.50308035175293;11.161131882984307;10.901621158346112;12.189206834597025;12.02271457304476;11.883025068440173;12.120561896442904;12.863024710236886;12.260625556068227;11.279030136449649;11.585901449690772;11.340406490853294;8.92481250360578;12.466076461396252;12.298635406734242;11.945809584900822;11.207014320177532;11.134426320220928;12.400345796534694;12.445790836048076;12.597587039586216;11.605479518061667;12.096385734452651;11.467605550082997;9.987264012072538;11.31628153174622;10.586839787961829;11.731743290707842;10.90312867681232;9.782998208920414;11.70865283568653;12.448116305409464;11.7402023887679;11.39231742277876;12.862637357558794;11.908017261062804;12.258271576282851;12.303780748177102;11.536732889835417;10.93810932621924;11.513727595952435;11.52061868055628;12.0877943047879;12.667111542075029;11.51717725268954;7.475733430966398;10.935901682267588;11.243769031961852;13.025831668332026;11.676397887044764;12.060695931687556;12.583552930466483;11.152284842306582;11.607792641919213;12.395266349839096;12.131856960608792;11.127349541059118;11.726643921483994;11.79603960882977;12.901621158346112;11.569855608330949;10.773963368433558;11.689124404913258;11.034798962577268;11.75446999527562;11.950920352030098;12.24198314969433;12.599912842187129;12.37937836707126;11.43879185257826;12.053247125912426;12.011926066306808;8.184875342908283;11.565578136784328;11.59944798152872;12.77272694923985;11.522091068887065;12.46735081448758;12.29174628083394;12.25591374933779
12.279030136449649;12.605479518061667;12.340684654363438;13.215684662824996;12.543273538449805;11.565578136784328;12.566767596032916;11.403012023574997;13.966595572469275;11.39660478118186;12.219773550892874;13.124444460008585;11.521109643651332;14.437817080548957;13.449535582494796;13.498225931349918;12.417852514885896;12.35397382181817;11.554588851677638;13.443850077438436;12.858758099935422;11.46454575033394;13.352181396917892;13.085472459181284;11.09341756438796;12.43280285635187;13.324039871367214;13.113416611485944;12.173989374166537;13.483941705343671;13.4231159101471;12.12605911607068;13.676287686147877;13.33622758948339;13.43280285635187;13.493980504070432;14.461159665606717;13.373137035802127;13.289730740083757;11.77272694923985;11.279610581052484;12.17367713630342;12.2246046815385;12.253847484987404;11.60917873814198;13.696967526234287;12.903317005908717;13.373137035802127;12.948732239819616;13.443850077438436;11.521109643651332;11.38747886584238;12.83110927535702;13.846665681899738;12.43280285635187;11.312315746690109;12.492854620174748;12.36194377373524;13.048316574158472;12.640244936222343;12.01854794187165;12.722594098956584;13.69021628042204;13.564983039205092;12.386401423640775;13.43280285635187;13.35672705746463;13.058837332677816;12.096056239180946;12.179598130849836;13.252665432450248;12.61654884377899;11.7632123668144;11.419960177847887;13.17695226833628;13.654188473059545;13.56057167123656;12.180219982170192;12.954378090144049;12.873444112515376;13.098525621379464;13.423903765836592;11.298635406734242;12.63390340934852;13.574120435009748;12.684529482418489;14.006063045000085;12.096056239180946;12.502334580197996;10.54399845013454;13.625023856880407;11.208234358339787;13.621021609124346;11.916625922211235;13.443332100575896;12.83703654351734;9.303780748177102;12.541580659991167;13.84441154700684;13.74136164559274;13.309902619183516;13.471802206605576;13.289730740083757;13.34955768662052;13.620792573556171;13.181928692512578;13.309902619183516;13.34318571544788;12.980675132322368;11.714674827308002;12.691307330191115;11.789941128390916;13.060695931687556;12.884361339165704;13.184410482249875;12.298062567719017;13.119589620741122;12.861474675125772;13.517546370010448;12.272338184158624;12.879774677336927;13.154976290625738;12.510269670898175;13.078317622216062;11.727069558023706;13.018374070821016;11.83368074865474;12.004571615167656;12.665557989846414;12.60246690183057;13.067602418889496;12.907454038318624;13.193371349821495;13.42783660345852;13.328113894833656;12.64565843240871;12.677939816390142;13.131213905086272;12.501588422932391;13.384918625523817;11.4655664048094;12.194141238863136;12.537218400538595;13.075646273153524;12.921469060531413;12.108524456778168;13.060527067048644;12.749240939022329;13.007202510749742;13.084310133597755;13.367278229359725;12.5090326863065;13.629811944382231;12.650378635397704;13.183945471757246;12.334552633752422;13.26473580113014;12.693704739225286;11.960725994839056;13.353146825498085;13.338039933107874;13.76155123244448;12.642954223480332;13.077316445881026;14.156636150875055;12.665557989846414;13.33119687715303;13.078984687326034;14.013758836031451;12.078484417411447;12.494355603532846;12.533329732305834;12.703903573444665;12.462246634244352;12.808159772868375;11.102631888854969;12.673309075561695;13.34886644275655;12.678820179524028;12.756139298372927;13.544119233343697;12.649256177517314;13.185649777969497;12.55098721452152;12.49735289347705;12.67529549909406;12.091765938516804;12.930737337562888;12.966144913345602;12.827541190172502;13.376125389276174;11.376125389276174;12.401412878714178;12.781769511863132;13.040289721025715;12.994883741970837;12.795836740933648;13.672756805509056;12.939028181763254;12.463779785335385;13.511876166891112;13.65709510488839;12.668441828052998;12.198138052401116;13.094242668809017;13.332456200773848;13.069617590965562;11.72451385311995;12.456867738380344;12.397674632948268;12.563911244581693;12.87536540064177;13.486206533188533;13.775713150383517;13.10705356960822;12.359200485133632;12.74588436914204;13.382624026574916;12.21006248324023;12.624338545312986;12.52820989662271;13.57778284915099;12.90407007654614;14.055282435501187;13.31741261376487;12.506803437795648
11.026523442519766;8.20945336562895;11.530893981193922;9.981567281903017;10.496853777388042;8.238404739325079;9.929258408636972;9.786269627648466;11.12605911607068;11.45994384837493;9.83289001416474;9.002815015607053;7.894817763307944;9.164906926675688;9.409390936137704;10.820178962415188;11.025139562278508;10.722807531169549;9.189824558880018;9.923327485419192;9.002815015607053;8.562242424221072;10.154818109052105;12.585432051592962;10.072802534544207;10.573647187493322;10.303780748177102;9.407267764244732;10.148476582178278;13.132178380915544;7.826548487290915;7.954196310386875;10.105908508571158;6.409390936137702;8.129283016944967;10.39660478118186;8.632995197142957;10.581200581924955;9.622051819456376;10.224001674198105;7.851749041416057;4.857980995127572;12.040974598817304;11.025139562278508;9.30149619498255;10.215532999745657;10.230020435705637;10.581200581924955;11.267371931265274;9.923327485419192;7.894817763307944;9.219168520462162;8.487840033823051;13.020285500844649;10.573647187493322;8.189824558880018;9.703903573444665;9.871905237659186;11.543031820255235;11.30035256032822;8.060695931687555;8.005624549193879;11.397139806235604;10.754887502163468;8.434628227636725;8.129283016944967;10.249113452713727;12.421538906848276;13.89519657256334;10.800899899920305;10.927037168720297;12.028596777067108;11.25974326369078;9.157346935362844;10.691743519171276;6.882643049361842;10.207014320177532;10.36194377373524;9.014020470314934;10.355351096424812;9.394462694610317;11.859922972861758;9.057991722759176;10.512740462803498;8.129283016944967;9.556506054671928;11.698704666770343;13.89519657256334;11.081483438093674;8.562242424221072;10.550746785383245;7.539158811108031;8.710806433699352;10.94104760634058;11.219168520462162;12.434628227636724;6.475733430966398;11.253256579781151;11.637983303777853;11.663558104217271;8.044394119358454;9.824958740528524;7.882643049361842;12.591989767615123;7.754887502163468;10.703903573444665;8.044394119358454;10.827342704234116;11.676838606474153;10.231221180711186;8.734709620225837;10.74819284958946;11.220982851081777;10.620219825507489;10.426264754702098;8.894817763307943;10.43149760425805;10.08214904135387;10.802516365121225;9.108524456778168;9.766528908598865;10.625708843064466;8.243173983472952;11.700439718141093;8.804131021183318;10.899356922923111;8.965784284662087;9.06339508128851;12.287423811683524;10.743992861060176;10.710806433699352;9.899356922923111;10.130570562805426;9.766528908598865;11.16867211813223;9.036173612553483;10.5980525001616;11.006326078524934;11.00562454919388;12.364134655008051;9.483815777264256;9.221587121264806;9.353146825498085;11.165535141377925;10.992230264965889;8.577428828035748;10.357552004618084;10.682116764950074;10.276124405274238;11.213104219641906;9.92481250360578;8.43879185257826;10.559377090526684;11.310044679647506;10.111135670234708;10.810571634741146;10.020979938904212;9.851749041416058;8.807354922057604;11.082814337672271;10.384783750093352;11.747353829478062;10.597121428789569;10.632995197142955;11.092757140919852;10.023754353299417;10.955649907528374;10.97656412341533;11.11699367754698;10.124121311829189;9.691743519171276;10.191059214531656;10.17617314910749;10.44604940671655;10.563196272216738;7.651051691178928;9.197216693110052;10.89633240390994;10.99081307915361;8.79766152585376;11.617467465294196;8.59618975614441;10.980853606379736;9.172427508645482;10.466586337719244;10.41679752760606;8.344295907915816;10.1006623390052;10.193525360501216;9.544964432789238;11.077483356859508;7.442943495848728;10.452241240430816;10.74819284958946;9.250298417906333;8.45532722030456;9.700439718141093;10.188588845707349;10.894817763307945;9.124121311829189;10.894059846274022;13.328674927327947;8.689997971419446;11.389093521904474;10.555547771647063;10.509775004326936;10.306061689428342;7.98299357469431;9.81698362325538;10.071462362556623;10.588714635582264;10.33427328530719;10.61286849729104;11.409390936137704;10.594324603924848;8.308339030139408;10.213104219641906;10.121533517340032;9.417852514885896;10.47269083924278;9.899356922923111;9.94251450533924;8.829722735086058;11.518161355756956;11.293471648838134;8.927777962082342
11.484319423644267;10.989394499844732;11.041659151637214;11.880348808156027;13.589065898427211;11.114393054867309;10.032045726930807;9.011227255423254;12.33734314727405;12.069114061773938;12.30463652380727;13.154818109052105;12.555787402083771;13.038918989292302;12.278449458220482;12.044052531801302;12.074810461160451;11.508289986140348;10.82097669262124;11.767356854125683;11.002815015607052;12.028596777067108;11.7431513941125;12.386940245324311;11.50928016808786;12.086799685623452;11.385323176175872;12.205793249397155;11.984062369686436;12.3157156580222;12.888172449665932;12.472437000051327;12.573173784686484;12.123798091251857;11.084808387804362;11.56652978262417;13.26532202423487;11.985486199104637;11.966144913345602;11.255618749839597;13.56843119316746;11.573173784686484;11.806549621985962;11.989749275462133;13.092757140919852;12.208234358339787;10.434628227636724;11.985486199104637;12.280770770130603;11.767356854125683;12.555787402083771;9.991521846075695;12.26707926567123;12.057653339963936;12.086799685623452;10.4797802640291;11.118941072723509;11.147204924942228;10.08214904135387;9.556506054671928;12.758431440900267;11.020979938904212;12.239300174364203;10.877284133523196;10.850186837645774;11.084808387804362;11.64745842645492;11.6142497276894;13.451339918139356;11.303209948944776;10.897845456005513;13.074308741440255;11.040974598817304;10.887982133058454;13.234817431117325;12.81358080298963;11.458406613236534;10.825753832883112;12.549303368513575;10.835260918627489;11.60408986146918;11.534789211480266;11.080151309614088;9.24555270625568;11.844313461203296;12.897278247411265;12.294620748891628;13.451339918139356;12.45455634396194;11.119589620741122;12.209757956581392;11.60733031374961;10.790348496751914;12.018895621121649;13.786984262718535;13.34443462192399;11.583082767502932;12.834866038362016;11.404077136241234;12.26502894245816;11.219773550892874;11.724087461793989;11.6142497276894;11.384783750093352;12.19506456372082;12.285691191330091;11.219773550892874;12.99081307915361;11.733862719678545;12.40832974076739;11.809768128710411;12.495105510007784;10.505811553919594;11.930737337562888;11.98049663618346;8.184875342908283;12.304066063127284;11.269711121142782;12.194756854422248;10.42940674151398;11.354800344350595;12.029632328044135;9.957102041562289;12.294620748891628;9.344295907915816;11.1767964781476;12.786473845221302;8.81698362325538;12.282219695672588;10.871135184243045;12.461735221604863;12.23840473932508;11.580729651598958;11.253847484987404;12.139871063212489;10.214319120800766;11.858758099935422;12.053247125912426;10.544964432789238;12.418379719364957;12.245255580306557;9.766528908598865;9.818582177480858;11.888362741170644;11.59944798152872;11.38316426063511;12.066761932386909;11.910642730469624;12.40832974076739;12.559138055642384;12.860311054919482;10.038918989292302;13.38518833856272;12.480285320936373;11.699138625275914;11.357002092264985;12.059682447247638;11.914385132155443;9.111135670234708;12.590119174107176;12.042685372219353;12.30035256032822;11.74777340052679;11.840777923595054;12.516438734607949;12.442684367865834;12.588246152044816;11.840777923595054;13.106726502039171;12.490349505739289;11.556026992724677;11.10459875356437;11.27029532647204;11.41415667927414;10.93147623388679;10.407267764244732;9.7279204545632;12.293759009667864;12.723447638422918;12.520864182988744;12.873444112515376;11.836444911341369;11.649705265471413;10.54399845013454;12.036860446673046;10.188588845707349;8.640244936222345;11.150381968817848;12.095067301607054;12.561049226699671;12.031701202740305;9.333155350310616;11.734709620225836;12.170238052336648;11.964340867792416;11.627989784315703;11.127349541059118;12.363587246524578;12.019590728357882;9.839203788096944;12.325024310191417;11.73978060977326;10.868050853745158;12.203348002979762;12.462246634244352;12.255618749839597;11.639340708652233;10.88340698638837;10.51175265376738;10.17367713630342;11.425215903299383;12.15006457908147;12.294620748891628;12.239001757765582;11.4578938373147;9.85642552862553;12.100990784092762;13.202276903043389;11.608254821977908;12.240195053979924;11.624338545312986;12.210671343785622;11.464035152189911;12.276706019892432;11.996473488733228;10.451211111832327
7.348728154231077;7.515699838284043;5.882643049361842;6.392317422778761;5.491853096329675;6.820178962415188;7.761551232444479;5.78135971352466;6.266786540694901;6.554588851677638;5.807354922057604;7.442943495848728;8.46352437327118;8.86418614465428;6.820178962415188;6.894817763307944;7.417852514885898;6.507794640198696;6.392317422778761;7.60733031374961;6.426264754702098;5.459431618637297;7.599912842187128;6.6865005271832185;5.954196310386875;7.159871336778389;8.499845887083206;7.741466986401146;5.554588851677638;7.523561956057013;4.807354922057604;8.321928094887362;7.774787059601174;7.312882955284356;6.727920454563199;6.3750394313469245;8.471675214392045;8.640244936222345;6.954196310386875;7.622051819456376;6.584962500721156;4.700439718141092;5.700439718141092;7.832890014164741;6.643856189774724;7.451211111832329;7.20945336562895;8.640244936222345;7.658211482751795;7.60733031374961;8.46352437327118;6.303780748177103;6.459431618637297;6.906890595608519;7.159871336778389;4.700439718141092;7.159871336778389;6.442943495848728;7.108524456778169;7.960001932068081;7.118941072723508;5.584962500721156;7.348728154231077;7.03342300153745;6.149747119504682;6.727920454563199;8.842350343413807;7.348728154231077;6.491853096329675;7.400879436282184;6.491853096329675;5.700439718141092;7.936637939002571;7.679480099505446;7.622051819456376;9.044394119358454;7.159871336778389;6.643856189774724;7.622051819456376;6.0;8.219168520462162;7.285402218862249;7.357552004618084;7.022367813028454;8.224001674198105;7.475733430966398;6.442943495848728;6.491853096329675;7.851749041416057;4.169925001442312;7.087462841250339;6.94251450533924;6.149747119504682;5.977279923499917;6.247927513443585;5.491853096329675;4.643856189774724;7.491853096329675;7.507794640198696;6.965784284662087;8.409390936137703;6.857980995127572;9.038918989292302;6.442943495848728;6.882643049361842;7.22881869049588;8.409390936137703;6.169925001442312;6.129283016944966;8.204571144249204;7.417852514885898;6.727920454563199;7.794415866350106;6.672425341971495;7.330916878114617;6.3750394313469245;7.577428828035749;7.20945336562895;7.491853096329675;7.05528243550119;6.965784284662087;7.179909090014935;7.159871336778389;6.727920454563199;6.807354922057604;7.257387842692652;5.614709844115208;6.643856189774724;7.0;6.599912842187128;7.348728154231077;7.417852514885898;7.475733430966398;6.807354922057604;7.294620748891627;6.832890014164741;6.906890595608519;7.636624620543649;7.149747119504682;8.118941072723507;6.857980995127572;7.159871336778389;7.400879436282184;7.159871336778389;7.321928094887363;6.658211482751795;6.247927513443585;7.20945336562895;7.906890595608519;6.78135971352466;7.417852514885898;6.169925001442312;7.672425341971495;6.643856189774724;7.022367813028454;5.906890595608519;7.734709620225838;7.442943495848728;6.409390936137702;7.700439718141092;7.05528243550119;7.554588851677638;6.7414669864011465;8.113742166049189;7.199672344836364;7.149747119504682;7.6293566200796095;6.727920454563199;6.129283016944966;7.592457037268081;5.727920454563199;5.977279923499917;7.0;7.266786540694901;7.686500527183218;6.189824558880018;7.426264754702098;7.721099188707186;6.845490050944375;7.294620748891627;7.826548487290915;6.870364719583405;7.672425341971495;6.954196310386875;7.066089190457772;7.108524456778169;6.794415866350106;6.672425341971495;6.918863237274595;7.554588851677638;6.954196310386875;6.523561956057013;6.794415866350106;6.658211482751795;7.247927513443585;6.9886846867721655;7.392317422778761;7.554588851677638;7.554588851677638;5.906890595608519;6.672425341971495;6.9886846867721655;6.539158811108031;5.0;7.523561956057013;7.672425341971495;7.845490050944375;6.554588851677638;6.6293566200796095;7.0;6.794415866350106;6.768184324776926;7.700439718141092;7.442943495848728;7.392317422778761;7.189824558880018;7.554588851677638;7.531381460516312;5.247927513443585;6.794415866350106;7.622051819456376;6.357552004618084;7.467605550082998;7.139551352398794;7.179909090014935;6.820178962415188
4.807354922057604;3.169925001442312;9.129283016944967;5.087462841250339;10.584022940257542;3.4594316186372973;4.169925001442312;7.643856189774724;3.807354922057604;5.044394119358453;3.321928094887362;5.832890014164741;10.422064766172811;3.584962500721156;2.0;1.584962500721156;6.714245517666122;9.792790294301064;1.0;5.087462841250339;7.912889336229962;7.78135971352466;2.584962500721156;4.247927513443585;0.0;5.20945336562895;10.154818109052105;1.0;2.584962500721156;5.954196310386875;4.169925001442312;2.584962500721156;5.392317422778761;2.321928094887362;0.0;2.321928094887362;3.321928094887362;1.584962500721156;3.906890595608519;4.754887502163468;6.022367813028454;3.700439718141092;8.471675214392045;4.906890595608519;2.584962500721156;3.584962500721156;3.321928094887362;1.584962500721156;4.643856189774724;5.087462841250339;10.422064766172811;5.321928094887363;5.977279923499917;0.0;5.20945336562895;3.4594316186372973;4.321928094887363;2.807354922057604;3.4594316186372973;3.4594316186372973;8.194756854422248;3.0;2.584962500721156;4.0;6.0;0.0;3.584962500721156;1.584962500721156;4.459431618637297;6.894817763307944;4.584962500721156;2.0;10.304921669581672;4.087462841250339;2.0;3.584962500721156;3.321928094887362;5.614709844115208;4.0;3.321928094887362;4.700439718141092;5.285402218862249;2.807354922057604;3.906890595608519;3.700439718141092;5.426264754702098;4.169925001442312;4.459431618637297;7.247927513443585;7.139551352398794;1.584962500721156;11.26795708440284;3.584962500721156;2.584962500721156;4.0;1.0;4.807354922057604;6.954196310386875;3.584962500721156;2.0;2.321928094887362;9.978710459106358;7.129283016944966;3.584962500721156;1.0;2.0;2.321928094887362;4.807354922057604;4.906890595608519;4.0;4.0;5.614709844115208;4.0;6.321928094887363;7.066089190457772;1.0;6.7414669864011465;6.303780748177103;6.523561956057013;3.584962500721156;6.523561956057013;6.94251450533924;4.169925001442312;6.321928094887363;5.087462841250339;6.22881869049588;7.475733430966398;4.643856189774724;6.523561956057013;6.672425341971495;6.022367813028454;6.614709844115208;7.426264754702098;6.857980995127572;7.693486957499325;5.857980995127572;6.491853096329675;7.285402218862249;6.426264754702098;7.876516946564999;8.46352437327118;3.584962500721156;2.584962500721156;6.768184324776926;5.491853096329675;5.754887502163468;6.392317422778761;5.727920454563199;7.0;6.129283016944966;7.05528243550119;3.584962500721156;8.294620748891628;8.686500527183219;6.754887502163468;6.392317422778761;6.965784284662087;6.149747119504682;2.807354922057604;6.965784284662087;5.643856189774724;6.303780748177103;5.584962500721156;6.087462841250339;6.475733430966398;7.312882955284356;7.994353436858858;5.459431618637297;5.754887502163468;8.199672344836364;5.491853096329675;6.6865005271832185;4.392317422778761;6.845490050944375;6.794415866350106;6.303780748177103;3.4594316186372973;7.285402218862249;7.169925001442312;5.930737337562887;6.285402218862249;5.169925001442312;7.219168520462161;5.044394119358453;7.870364719583405;4.247927513443585;2.584962500721156;6.392317422778761;7.076815597050831;8.266786540694902;7.60733031374961;4.392317422778761;6.247927513443585;6.754887502163468;7.159871336778389;7.199672344836364;4.807354922057604;6.20945336562895;6.727920454563199;3.321928094887362;5.523561956057013;6.285402218862249;6.392317422778761;4.0;6.965784284662087;6.169925001442312;6.285402218862249;6.882643049361842;4.523561956057013;5.554588851677638;5.807354922057604;5.087462841250339;6.906890595608519;6.599912842187128;7.584962500721156;3.807354922057604;6.643856189774724;6.820178962415188;1.584962500721156;7.098032082960526;5.087462841250339;5.727920454563199;5.672425341971495;5.672425341971495;6.475733430966398;6.066089190457772
11.083479327331842;11.30206767252652;13.719923528720669;11.249113452713727;12.345959596404112;10.809768128710411;12.185185166820329;12.475226777742266;13.256798386079389;9.556506054671928;11.676838606474153;12.942147920394849;12.30063855399372;12.373137035802127;11.666667840690357;12.545688495560212;11.258566033889933;12.238106137432077;11.88760142450871;12.064742764750257;12.494105548061054;10.635718120331047;12.050188767596437;10.878817284614229;10.29920801838728;10.88340698638837;12.67595703294175;11.006326078524934;11.499845887083206;11.659103963473662;12.044394119358454;11.43254190038826;12.4186432493759;12.743992861060176;11.779308973959898;11.609640474436812;12.611255388699336;11.99964773652837;11.557942286787448;11.211279947482009;12.503577318702687;13.265761535294136;12.702605602110248;10.892542816648552;11.26502894245816;11.914011328541257;12.807757403589267;11.99964773652837;12.005975356500382;12.064742764750257;12.30063855399372;11.356451970221755;11.554588851677638;11.307770031890705;10.88340698638837;12.98584193700334;11.347621368568134;10.614709844115207;11.71853287606922;11.059344460824423;11.134426320220928;11.574120435009748;12.606636543579526;12.035830072835015;11.6142497276894;11.779308973959898;12.43149760425805;11.113742166049189;11.506307581100309;12.572700226487292;13.467096033905747;11.785452468158542;11.515207030408751;11.290018846932618;11.51224664282918;11.270879295328784;11.099347810403192;12.170863950411928;11.303780748177102;12.775816012673026;12.061371192659813;12.791773380858745;10.159871336778387;12.595956743943162;12.617008227651963;11.401946123976536;12.436971745049073;11.506307581100309;11.321928094887362;10.39231742277876;11.522091068887065;12.254438148267257;13.098854553218755;10.927777962082342;11.037546953962178;12.121857245612654;9.733015321685963;11.00562454919388;12.663113308455806;11.9683067944308;11.970105890612182;12.98744167293612;12.61286849729104;12.08214904135387;12.432019846812493;11.27262978497637;11.970105890612182;11.851358649033513;10.982280604558284;9.45532722030456;11.937741620077096;12.060695931687556;12.002815015607052;13.29232163280204;10.904634621668151;13.083313108650756;13.056468374771333;12.088457003486226;13.030494719749468;12.995237170449055;12.022367813028454;12.014020470314934;13.526865979393818;12.594324603924848;12.411775775576528;13.06305796362349;10.9901039638575;12.839006900339438;12.319672120946995;12.413098984915264;12.572937025017309;12.640244936222343;12.780949798749663;12.095067301607054;11.789126046425231;12.616089313582115;12.426264754702098;12.334831928118;12.5898851792902;12.735556023911537;11.183015000882756;13.422853195944263;13.590002181442724;12.842939559285137;12.578608560737752;11.588246152044816;12.762589665542569;12.61654884377899;12.603858121842803;11.949097155729207;12.236313227042803;13.338039933107874;12.978710459106358;11.88760142450871;12.443461612227392;12.177730967033272;11.501339618061396;12.537218400538595;12.324461855977315;12.99169898341288;13.29304050024473;12.375853976418467;12.284534954008423;12.833483105659584;12.64430696154558;11.36796070964157;12.773345291291273;13.09901899101923;13.605248001565805;10.696098170955864;11.668441828052998;11.83605035505807;13.071462362556623;12.069114061773938;12.937741620077096;11.1767964781476;13.717248005827646;12.430975172588068;11.756973226165448;12.27699673929712;12.922955991908475;12.826151214800207;13.08464232218796;13.278159031437236;10.91737207947684;12.370687406807216;12.900112062977456;11.81418188419028;12.385592813601365;12.210975677726395;11.820178962415188;11.46096776257042;11.874981347653774;11.975847968006784;12.564625862795372;11.512740462803498;13.41758884038258;12.704119788513015;11.956013078088098;13.604321563877273;13.690761908445976;13.717355122064909;11.880731435141664;12.371776644337924;12.871135184243045;12.962353808635276;13.81648371159686;11.177419537989236;12.99081307915361;13.07045641594465;12.112439506781552;13.032906677628253;13.461479447286155;12.203348002979762;12.497103357016876;12.769217996126503;12.352043425795433;13.12395971059229;12.149111990706889;12.23421867823847;12.815383295813538;13.436971745049073;12.71488943423155;13.606867837374152;12.43567026093655;12.581200581924955
10.531381460516313;10.084808387804362;10.7657004876511;8.965784284662087;10.92851837525789;9.78953364497036;9.413627929024171;10.476746203939468;10.247927513443583;9.37937836707126;9.370687406807216;11.30435132166324;10.34207466799914;9.893301530860564;10.308339030139408;9.85642552862553;10.224001674198105;11.993646060016596;8.62935662007961;10.17367713630342;10.0;10.55170826162069;10.81698362325538;10.93147623388679;7.531381460516312;9.85642552862553;9.987264012072538;8.985841937003341;9.94251450533924;13.077650248529643;9.667111542075029;9.714245517666123;10.389093521904474;11.014717929860009;10.122827994807666;8.707359132080883;10.144658242831882;10.83289001416474;11.052568050804153;10.250298417906333;7.876516946564999;10.086136225027309;10.756556322524087;10.50084187955693;10.409390936137704;9.370687406807216;11.031356596255709;10.83289001416474;10.84862294042934;10.17367713630342;10.34207466799914;10.545929769085468;9.377210530388552;10.808159772868375;9.85642552862553;9.131856960608792;11.17617314910749;9.044394119358454;10.26209484537018;13.140350496628438;10.822570830950168;10.394462694610317;11.053247125912426;9.44086916761087;8.951284714966972;10.122827994807666;10.258566033889933;8.262094845370179;11.007027266893967;10.870364719583405;9.544964432789238;9.804131021183318;11.724087461793989;11.488342277532524;11.011227255423254;9.257387842692651;9.513727595952435;9.840777923595054;9.810571634741146;10.060695931687556;9.098032082960527;10.29117069932186;9.236014191900084;9.383704292474052;12.152284842306582;10.963618617443972;10.711666973564348;11.007027266893967;11.434628227636724;10.852529509404196;10.367414751246828;10.066089190457772;10.224001674198105;9.623881490013458;10.634811050171718;11.217351905270334;8.344295907915816;11.827342704234116;10.924070185585345;10.567005370247031;11.187352073200495;11.18239435340453;11.788310503700918;10.109830654278792;9.445014845868425;9.13699111208023;11.187352073200495;10.43254190038826;10.350939181546432;8.918863237274595;9.923327485419192;10.25502856981873;11.57553924683453;9.899356922923111;10.993646060016596;10.605479518061667;9.90839262077375;10.219168520462162;10.632086412835182;10.019590728357882;9.96000193206808;12.148158772937894;10.480790201095816;10.018200178813226;10.490850876740298;10.274960472140602;10.280770770130603;10.247927513443583;11.215532999745657;10.188588845707349;9.930737337562888;9.820178962415188;11.386940245324311;11.603162679534382;11.667998535672528;11.076147528022505;9.552669097514272;11.79400964502097;10.721953612801386;10.41679752760606;10.395534135462302;10.309476353841106;10.157346935362844;11.00562454919388;9.539158811108033;8.696967526234287;10.735556023911537;10.246740598493144;10.57459352733761;9.346513733165636;11.59944798152872;10.366322214245816;11.249113452713727;9.620219825507489;11.046441948007311;8.344295907915816;10.055282435501187;10.421012855779226;10.094077685671904;10.187352073200495;10.430452551665532;12.116018993325094;10.828929827651486;10.708221730038352;12.83387836457737;10.46454575033394;9.974414589805528;10.614709844115207;11.80332391904149;11.079484783826816;10.111135670234708;9.818582177480858;11.280770770130603;10.877284133523196;9.967226258835993;10.918117851031772;11.068106475858771;10.41256984680521;9.08214904135387;11.374496145691516;11.75446999527562;10.754052367528924;10.78135971352466;10.39231742277876;10.271463027904376;10.558420713268664;10.256208688527389;10.302638923787551;10.107217075591382;9.31741261376487;11.95164898590462;10.371776644337924;9.481799431665753;9.457380879072534;11.370687406807216;11.588714635582264;10.508785162064513;11.960364008877834;11.040974598817304;9.90839262077375;11.344295907915816;11.66622400280318;10.620219825507489;10.217957697864112;10.449148645375436;9.99717948093762;11.381542951184583;9.824958740528524;10.118941072723509;10.276124405274238;9.157346935362844;10.227615943414223;10.365228849251544;11.620219825507489;11.06204613772049;10.044394119358454;9.449148645375436;10.162391328756906;10.981567281903017;10.785452468158542;10.075479149488016;10.47269083924278;10.69261550169458;10.977995368612962;11.524541715035848;10.306061689428342
10.460455896309636;9.517669388133813;14.997003015272806;9.823367240046236;11.006326078524934;10.680359523513712;11.265615046484458;12.581671358578143;12.132821006779572;8.139551352398794;10.466586337719244;10.63026712502677;10.071462362556623;11.11178773580101;10.162391328756906;10.049848549450562;11.225809940623543;12.281350514981035;10.345405246717796;11.4542992936199;8.618385502258606;10.183635381473218;10.095397022792556;9.779719355143405;8.668884984266247;10.71681946132995;12.112113658097863;8.829722735086058;9.579315937580017;12.002463438892535;9.226412192788786;8.912889336229961;11.404077136241234;8.98299357469431;10.072802534544207;10.045759661382682;10.94104760634058;14.109993845845157;11.562242424221072;11.231221180711186;8.39231742277876;8.535275376620802;8.550746785383243;10.346513733165636;9.079484783826816;10.834471049984222;11.190442018782823;14.109993845845157;10.826548487290914;11.4542992936199;10.071462362556623;10.052568050804153;9.936637939002573;11.460455896309636;10.71681946132995;12.748612176736982;10.878050912728536;9.79766152585376;13.178664851006472;9.011227255423254;8.475733430966399;9.930737337562888;11.66266837551754;10.400879436282183;10.002815015607052;10.072802534544207;11.449148645375436;9.243173983472952;9.93810932621924;12.013671614058635;11.909518114296617;10.029287226968243;11.786678033890652;10.622051819456376;12.609409624761804;10.27262978497637;9.91737207947684;12.284534954008423;9.436711542137214;11.35149140932002;11.17617314910749;12.375853976418467;10.274960472140602;10.64745842645492;11.04507705193494;10.74819284958946;11.674192268145683;9.93810932621924;10.552669097514272;8.550746785383243;10.13699111208023;11.44449728710381;11.90839262077375;9.802516365121225;9.90839262077375;12.43540982316332;7.679480099505446;10.746514321138465;12.59105477403678;11.594324603924848;10.381542951184583;14.318260343712415;9.164906926675688;11.934428040626804;9.899356922923111;10.318542809702723;10.381542951184583;10.584022940257542;10.802516365121225;8.813781191217037;10.414685235807214;12.777871719833168;11.1006623390052;12.660218788535618;10.059344460824423;11.41679752760606;12.507051302247916;11.88378880325996;12.89822347121556;11.721099188707186;11.815783544128184;11.67815995754276;11.934428040626804;12.964701857420447;11.890644283619087;12.86050505680788;10.632995197142955;11.899356922923111;11.761966695382092;11.700439718141093;12.66289085913906;11.807354922057604;12.820178962415188;11.842350343413807;11.52258153125483;11.736824699098864;11.70606426733497;11.715961990255144;12.31938987600021;12.236313227042803;11.725366257895642;12.096385734452651;12.660441650209172;12.65508344519798;11.661332752795186;10.352043425795433;12.952559261056836;12.162391328756906;12.060358182642142;11.888743248898258;11.544481522310791;12.66266837551754;11.689561254285524;11.760304125286382;11.243173983472952;12.156399144871584;10.881878707600446;11.615169813843602;11.99859042974533;12.703038388986418;12.682336269711378;11.65642486327778;12.49735289347705;12.889884170302828;12.392049039364183;11.60408986146918;12.35974956032233;12.24436383512051;13.58777751632821;11.048486873992337;11.270879295328784;11.73978060977326;12.6345841934937;11.712097051087548;12.055960234452296;11.161131882984307;12.44449728710381;11.872674880270605;10.863411958941638;11.76983784362944;12.409390936137704;12.116018993325094;12.782793498733351;12.79380649145577;10.569855608330949;11.76155123244448;11.765286098723683;11.70433597118232;12.01227534485612;10.907641803665529;12.211888294546004;11.144020869266893;11.906890595608518;11.609640474436812;11.29117069932186;10.422064766172811;12.915505962231933;11.651051691178928;11.455840909126398;12.777255315191924;13.087297080919154;13.323617763291578;12.080817527608328;12.320800548881635;12.443461612227392;12.624795455860236;12.789126046425231;11.138911718142744;11.884170519108435;12.287135186086704;11.81658370778757;12.345127991976693;13.378565810000564;11.993292241488549;12.717033749490891;12.32895536178133;11.77313920671969;12.058668250340572;10.73893668167614;11.943247395901553;12.007027266893967;12.307485448589476;13.052228393347402;12.700656452918167;12.073806847178492;12.01262453886506
13.330076554797458;11.649256177517314;12.71338651493703;12.78729042655958;10.909893083770042;11.46352437327118;12.48708634027127;12.289442575688332;14.0515488384404;12.020632761657708;12.660441650209172;13.671430494185223;11.836444911341369;12.264442600226602;13.092757140919852;12.693704739225286;12.385323176175872;13.315291107023732;10.838416075797335;13.757598355823912;14.289370525595132;12.281930026955443;12.60917873814198;13.186423797538945;11.410451351503994;11.733439082899434;11.798471801101618;12.26209484537018;14.13514812891197;12.917931444281608;12.78320289006439;12.754261196514;12.067770457447825;12.097373768990222;12.500343969270403;13.001232245244363;12.034455095327186;13.058330026205653;13.156241119235752;11.445014845868425;11.544964432789238;10.10459875356437;14.761966695382092;13.071462362556623;13.5473765634981;12.204571144249204;12.314300001897534;13.058330026205653;13.557703014037768;13.757598355823912;11.836444911341369;11.391243589427445;12.700439718141093;11.450695771572915;11.733439082899434;10.045759661382682;12.550025257465784;11.363587246524578;12.78892220396062;11.10000522442272;12.09341756438796;12.59105477403678;13.672425341971495;13.355626393637916;13.797458885915104;12.500343969270403;12.729833138848363;12.672867276433792;13.264149339723328;12.644532294625444;12.238106137432077;12.929258408636972;10.641148597411233;13.784225860426252;13.094242668809017;11.136350341454156;12.687594389576123;11.690871009292314;13.310896748797711;13.675405775802762;12.699138625275914;13.35493805208142;11.253847484987404;11.607792641919213;12.891024190149498;12.082814337672271;13.773448322538655;13.264149339723328;11.032045726930807;11.28828934218097;13.572818630610705;12.346790721750702;13.28828934218097;12.096056239180946;12.554588851677638;13.224001674198105;10.257387842692651;11.932214751968385;13.072300115928336;13.578254742209705;12.99169898341288;12.521600439723729;12.068778277985412;13.68365259739475;13.107380563045904;12.701089824817158;12.99169898341288;14.098690096673591;13.20304205556246;11.180530807344482;12.448116305409464;11.753634618853386;12.9947069952581;12.441647390253612;11.961811408087163;11.880731435141664;11.524541715035848;11.706496018061188;11.940680648424092;12.047123912114026;11.562242424221072;12.4207497582968;11.320800548881635;11.83289001416474;11.135067945777816;12.715747542831355;11.42259043389256;10.821773981970567;12.141468555393084;11.715533063526584;12.152284842306582;11.981567281903017;12.066761932386909;12.094737505048093;12.368779260041338;11.691307330191115;11.554109152574004;11.557463701597824;11.700006150882864;12.43567026093655;12.185494924210866;12.1006623390052;11.29978040285854;12.50481898763284;11.682994583681683;11.053247125912426;13.217200417367543;12.034455095327186;11.997885127829113;12.330356716957944;12.076815597050832;13.00544911354693;12.555308101401328;11.68650052718322;11.907266248531066;11.483815777264256;12.577192765687045;11.609640474436812;11.892922223630592;12.06204613772049;13.00105627463478;12.706496018061188;11.12023787734196;13.400612641082;11.897467341721892;11.359200485133632;12.326148561205557;12.270879295328784;12.530406337099068;11.452241240430816;12.77704978843883;11.715961990255144;12.204876767603992;12.104271128936894;12.456867738380344;11.857592285697526;12.039261794341057;13.061539958530144;11.623881490013458;12.159871336778387;11.83880998570856;11.936637939002573;12.907078434296483;12.227615943414223;12.636398048883835;11.743572188935634;10.663558104217271;11.926295994781112;12.141149198437516;11.817783121774534;11.90388184573618;10.92184093707449;11.869593843240784;11.50481898763284;11.324180546618742;10.54399845013454;12.552909206533863;11.593857938858225;12.450953464712992;11.599912842187129;12.686938171670388;12.922026839405897;11.590119174107176;11.427312844134963;12.410451351503994;11.93147623388679;12.010528105886484;11.533816389433364;11.984062369686436;12.151967870968187;11.693922488081014;12.39687231851056;13.002990771840553;11.714674827308002;12.262682142362165;11.533816389433364;12.115368837820224;12.460711852141213;9.618385502258606;12.307770031890705;11.373408960228696;11.780129619625306;13.382624026574916;13.434628227636724;12.095067301607054;12.310896748797711
7.149747119504682;2.0;5.129283016944966;5.169925001442312;6.754887502163468;5.459431618637297;6.339850002884624;1.584962500721156;7.584962500721156;4.321928094887363;5.930737337562887;6.149747119504682;5.044394119358453;5.459431618637297;3.700439718141092;4.643856189774724;4.807354922057604;6.022367813028454;4.321928094887363;6.727920454563199;4.087462841250339;6.807354922057604;4.857980995127572;4.906890595608519;3.807354922057604;5.087462841250339;5.321928094887363;3.0;3.807354922057604;6.845490050944375;4.954196310386875;3.700439718141092;5.392317422778761;2.321928094887362;3.0;4.0;5.459431618637297;8.238404739325079;7.169925001442312;7.483815777264256;3.0;1.584962500721156;5.930737337562887;6.426264754702098;3.807354922057604;6.22881869049588;4.754887502163468;8.238404739325079;7.665335917185176;6.727920454563199;5.044394119358453;6.108524456778169;6.409390936137702;5.0;5.087462841250339;4.807354922057604;7.139551352398794;5.554588851677638;7.20945336562895;5.491853096329675;4.392317422778761;5.20945336562895;6.066089190457772;4.643856189774724;5.0;3.0;5.832890014164741;4.169925001442312;3.4594316186372973;4.0;9.290018846932618;6.044394119358453;6.189824558880018;7.098032082960526;3.584962500721156;1.584962500721156;5.129283016944966;6.022367813028454;4.321928094887363;6.044394119358453;4.087462841250339;7.727920454563199;4.087462841250339;8.027905996569885;5.977279923499917;6.022367813028454;7.499845887083206;3.4594316186372973;4.700439718141092;5.392317422778761;5.857980995127572;7.651051691178928;6.727920454563199;6.7414669864011465;6.539158811108031;5.906890595608519;3.700439718141092;10.66622400280318;6.357552004618084;6.475733430966398;6.569855608330948;7.643856189774724;5.426264754702098;6.459431618637297;4.954196310386875;5.044394119358453;6.569855608330948;4.087462841250339;7.700439718141092;4.321928094887363;6.044394119358453;5.459431618637297;5.614709844115208;2.584962500721156;14.018721791970178;1.0;3.4594316186372973;2.0;4.321928094887363;1.0;3.321928094887362;9.285402218862249;1.584962500721156;2.807354922057604;2.321928094887362;8.758223214726724;5.523561956057013;4.247927513443585;3.321928094887362;3.906890595608519;3.321928094887362;3.169925001442312;5.727920454563199;11.761966695382092;4.169925001442312;9.116343961237469;2.321928094887362;7.813781191217037;6.672425341971495;9.843921051289035;3.321928094887362;1.584962500721156;0.0;3.4594316186372973;10.510764167917891;8.603626344986193;11.867664848380745;3.4594316186372973;5.832890014164741;2.584962500721156;4.584962500721156;2.807354922057604;4.643856189774724;4.700439718141092;10.404077136241234;2.0;2.584962500721156;2.0;2.0;3.584962500721156;4.392317422778761;9.030667136246942;3.169925001442312;3.321928094887362;5.754887502163468;1.0;3.4594316186372973;3.4594316186372973;5.247927513443585;4.247927513443585;2.584962500721156;3.4594316186372973;1.584962500721156;4.459431618637297;3.906890595608519;1.0;1.584962500721156;11.43514933836693;3.0;3.807354922057604;8.499845887083206;2.584962500721156;3.0;4.584962500721156;6.643856189774724;1.0;1.584962500721156;1.584962500721156;5.129283016944966;5.087462841250339;2.321928094887362;1.584962500721156;4.906890595608519;4.321928094887363;4.584962500721156;6.906890595608519;2.807354922057604;5.392317422778761;7.129283016944966;2.0;4.523561956057013;3.807354922057604;3.584962500721156;2.0;3.169925001442312;4.700439718141092;3.906890595608519;1.0;2.321928094887362;1.584962500721156;5.700439718141092;3.169925001442312;3.807354922057604;4.906890595608519;3.584962500721156;2.584962500721156;4.906890595608519;9.878050912728536;2.0;3.0;1.0;6.569855608330948;4.247927513443585;5.554588851677638;6.794415866350106;6.149747119504682
10.43567026093655;11.13699111208023;12.011576703176177;10.729620743553038;11.59944798152872;9.981567281903017;11.080151309614088;10.353146825498085;12.282219695672588;8.945443836377912;11.040974598817304;12.613329054371054;10.823367240046236;11.760304125286382;10.409390936137704;11.762797262498232;10.347621368568134;11.004220466318197;9.995767150877802;11.169298695792843;11.151016538892248;9.37937836707126;11.158609688214478;10.588714635582264;10.263269200372662;10.30149619498255;11.825356341479337;11.004922678569043;11.122180901259751;11.3409627642517;11.16679075071818;10.302638923787551;11.886458695703706;11.36194377373524;11.647008638441648;11.09341756438796;12.948549747245734;11.39660478118186;11.09341756438796;10.512740462803498;10.527477006060396;12.192292814470768;11.200285605224298;10.08214904135387;9.909893083770042;11.46352437327118;12.39660478118186;11.39660478118186;11.29232163280204;11.169298695792843;10.823367240046236;10.699572453287267;10.623881490013458;11.25089053572334;10.30149619498255;11.465056167831175;10.192292814470768;10.290018846932618;11.669770888525518;10.186114239541643;9.69522829149575;10.08746284125034;11.929628283024565;11.34485068394299;10.414685235807214;11.647008638441648;11.4812949046311;11.072132604167232;10.709083812550343;10.032045726930807;12.354800344350595;10.816183681432342;10.257387842692651;13.51175265376738;11.264442600226602;11.17804232886482;11.735979039613404;11.189206834597025;9.826548487290914;12.33706433868474;11.077483356859508;11.699138625275914;10.164906926675688;11.7657004876511;11.614709844115207;10.672425341971495;12.442165972229322;10.709083812550343;10.207014320177532;8.79766152585376;11.30206767252652;11.539158811108033;12.47015043527436;10.204571144249204;9.958552715431011;12.020285500844649;9.014020470314934;10.824163209744158;12.049848549450562;11.432019846812493;10.900866807980748;12.129283016944967;11.3009244909763;11.377210530388552;11.462502272597265;10.734709620225836;10.900866807980748;11.066089190457772;10.276124405274238;8.727920454563199;11.1357092861044;10.809768128710411;11.325867580575418;12.4983506079296;10.61378946447258;12.280190792216906;12.456611099574918;11.358101707440849;12.37775279502222;12.187352073200495;11.415213598765286;11.262682142362165;13.030494719749468;11.952741247186488;11.3409627642517;12.921283086307383;9.936637939002573;12.362491806046062;11.214926187942435;11.597121428789569;11.842350343413807;11.685186796595348;11.897845456005513;11.563196272216738;10.900866807980748;11.422064766172811;11.429929741353272;11.678600139099458;11.505315356136236;12.137951734715358;10.14338321398982;12.13410540040181;12.61585949358308;12.118616689351509;12.102959885910124;10.401946123976536;11.958190183693738;11.737669863177452;11.66266837551754;11.423641195075856;11.38747886584238;12.659772961881613;12.021327032624372;11.197830998012195;11.526988205432009;11.497851836951115;10.659103963473662;11.65642486327778;11.709514660706716;12.211584153079526;12.452241240430816;11.852529509404196;11.774787059601174;12.51224664282918;12.003517912108602;10.61286849729104;12.01576348736988;12.1526017440192;12.780334708123895;10.086136225027309;10.482807956726669;10.949097155729207;12.506803437795648;11.066089190457772;11.729620743553038;10.569855608330949;12.449148645375436;11.541580659991167;11.040289721025715;11.281350514981035;12.274669342073851;11.825356341479337;12.091765938516804;12.484571180915806;10.01262453886506;11.750706986224948;11.892922223630592;11.044394119358454;11.382083590141969;11.144658242831882;10.965062756744627;11.241387363998935;11.233619676759702;11.447083226209651;11.622509454683335;10.684748620421626;12.490098754884238;12.050868963290736;11.172427508645482;12.806952328210736;12.735556023911537;12.801506286636435;10.914385132155443;11.594791118089264;12.017852331905962;12.156399144871584;12.65217275350971;10.174925682500678;11.722807531169549;12.278449458220482;11.484319423644267;11.952741247186488;12.754052367528924;11.647008638441648;11.852919585123995;12.160816849673546;11.49585502688717;12.216745858195306;11.32755264408124;11.404609397837712;12.281350514981035;12.519144787997414;12.379919817646538;13.057822541282478;11.751962413460854;11.65642486327778
9.344295907915816;10.030667136246942;11.239598529249124;10.915879378835774;9.413627929024171;9.815383295813538;10.37937836707126;8.829722735086058;11.514714054138487;8.422064766172813;9.581200581924955;10.857980995127573;9.1006623390052;11.34485068394299;10.51865315567339;11.645208082774683;10.34318571544788;9.324180546618742;9.948367231584678;10.984418458801136;9.36194377373524;8.848622940429339;10.768184324776929;10.08746284125034;8.78135971352466;10.169925001442312;10.159871336778387;11.124121311829189;10.521600439723729;10.801708358916462;9.879583249612784;9.729620743553038;11.352595231134304;11.224001674198105;11.036173612553483;11.052568050804153;10.725366257895642;11.450180247164754;10.43879185257826;9.65284497300198;9.124121311829189;9.69522829149575;9.20212382383046;9.219168520462162;10.482807956726669;10.257387842692651;10.871905237659186;11.450180247164754;10.807354922057604;10.984418458801136;9.1006623390052;9.084808387804362;10.1006623390052;11.96974625081451;10.169925001442312;10.567956075415466;10.101975670949232;8.519636252843213;11.403544678202014;10.103287808412022;8.447083226209653;9.7632123668144;11.462502272597265;11.043027283594547;9.436711542137214;11.036173612553483;10.697836357962377;9.753216749178955;10.496853777388042;9.364134655008051;11.521600439723729;10.901621158346112;9.517669388133813;9.473705749619416;10.493855449240822;9.233619676759702;10.37937836707126;10.506803437795648;10.280770770130603;11.080817527608328;9.923327485419192;11.83605035505807;9.014020470314934;10.885696373339394;11.96902670215077;10.25974326369078;11.466076461396252;10.496853777388042;10.485829308701904;7.857980995127572;10.558420713268664;9.1006623390052;11.480790201095816;10.001408194392807;10.197216693110052;11.506803437795648;7.011227255423254;10.007027266893967;11.700439718141093;11.445014845868425;10.822570830950168;10.154818109052105;10.850186837645774;10.970824901362615;11.36796070964157;10.533329732305834;10.822570830950168;10.485829308701904;9.954196310386877;7.994353436858858;10.200898605038445;10.12023787734196;10.23840473932508;11.4812949046311;9.603626344986193;10.62296694479051;11.397139806235604;10.69261550169458;11.588246152044816;10.78463484555752;10.558420713268664;10.708221730038352;11.307770031890705;11.186733289128869;10.215532999745657;11.440350119200565;9.084808387804362;10.922584402713664;10.550746785383245;10.717676423066395;11.113742166049189;10.828929827651486;11.410981267043796;10.825753832883112;10.471675214392045;10.4542992936199;10.618385502258606;10.97513145692134;10.837627933171404;11.397139806235604;9.124121311829189;10.926295994781112;11.448116305409464;11.254438148267257;10.94397991434374;10.045759661382682;11.02167404285837;10.952741247186488;11.017504401109417;10.711666973564348;10.745674324002136;11.46454575033394;11.31174831500496;10.335390354693924;11.01262453886506;10.640244936222343;9.842350343413807;10.760719947465624;10.371776644337924;11.62935662007961;11.535761377986656;11.23840473932508;10.654636028527968;11.30720080914081;11.624795455860236;9.614709844115207;11.41732511767992;11.124767535822471;12.27350423396216;9.614709844115207;10.161131882984307;10.36194377373524;11.047805554007589;10.049848549450562;10.762382038710392;9.344295907915816;11.201511344500146;11.08214904135387;10.40832974076739;10.707359132080883;11.720244258287568;11.105253779700885;11.32755264408124;11.419433550705378;9.105908508571158;10.375039431346924;10.59618975614441;10.12670447284319;10.710806433699352;10.480790201095816;10.184875342908285;9.887220615468385;10.727069558023706;10.852529509404196;11.189824558880018;10.020979938904212;11.447083226209651;11.25797705856398;10.635718120331047;11.474212937193943;12.06339508128851;11.4655664048094;10.30149619498255;10.837627933171404;11.32023644524165;11.502334580197996;11.676397887044764;9.527477006060396;10.627533884472792;11.00982861736811;10.62296694479051;11.06204613772049;12.037546953962178;10.828929827651486;10.801708358916462;11.032734528586714;10.822570830950168;11.786678033890652;10.714245517666123;10.624795455860236;11.002111776479852;11.95746484680521;11.349281228817452;12.23661220021575;11.030667136246942;10.757390009366638
11.23840473932508;12.988684686772164;12.269418929741096;11.803727526553114;11.192909219112012;11.769424641552751;13.34720610494112;9.914385132155443;14.634867758767896;10.169925001442312;11.66622400280318;13.155292601751954;12.14210705730255;13.464035152189911;11.90275194485016;13.013846052731347;11.355351096424812;11.220982851081777;11.673750739438065;12.643405277115674;13.412966718580916;11.044394119358454;12.277578002415735;11.912515144802397;11.715533063526584;11.692179576312538;12.099347810403192;12.886077584873094;11.952013164889486;12.023407843140218;14.647570851550702;11.98192398731734;12.874981347653774;12.020979938904212;12.020632761657708;11.717676423066395;13.279465491793964;12.588714635582264;12.140829770773;11.525031345124;10.788718332690458;12.302353326431202;10.89178370321831;11.386401423640775;11.36796070964157;12.392585756275468;13.010353265549254;12.588714635582264;11.847840355630714;12.643405277115674;12.14210705730255;11.320800548881635;12.210975677726395;11.906890595608518;11.692179576312538;12.319107575824985;11.71681946132995;11.154818109052105;12.640470904590089;11.36139553316589;10.85096815098244;12.403544678202014;12.99806148563642;13.048486873992337;11.744833837499543;12.020632761657708;12.401146182153498;12.726643921483994;11.290018846932618;11.571278618514595;13.606289533345528;11.529918528120325;11.344295907915816;12.025485656808389;12.202429966015352;12.299494239009364;11.868822554775;12.758431440900267;11.06406908038551;13.635831464011892;15.916742534725415;13.218260498797305;12.21006248324023;13.459431618637296;12.214926187942435;11.591989767615123;12.474973384391149;11.290018846932618;11.55026580686874;10.617467465294196;12.678380065109115;10.593391122791736;13.223247560417468;11.823367240046236;11.374496145691516;12.441128621804696;9.992938336165814;11.109177703355275;12.906326932760605;13.509403893060352;12.14051027236822;12.939762845071751;11.780129619625306;11.917745013443216;12.8519441979995;12.01854794187165;12.14051027236822;12.128960950855696;11.783816759320182;11.837627933171404;12.565340127208454;11.517669388133813;12.650603022215307;12.38316426063511;10.89178370321831;11.14274527675153;12.43149760425805;11.854089179870574;12.4189067312579;11.4241662888181;11.907641803665529;11.939946452458686;11.693051295397;12.372865060112588;11.219168520462162;12.660664477461278;10.663558104217271;11.654188473059545;11.623881490013458;12.031701202740305;12.214319120800766;12.112113658097863;12.40381093178603;12.187042714339894;11.563196272216738;11.664891669286089;12.08381170725288;12.062383491876334;12.689561254285524;12.630494661505578;10.74819284958946;11.839597483021176;12.283956487665112;12.27786854617684;12.03823313473178;11.448632567730552;12.453013354466314;11.878050912728536;12.32755264408124;11.826548487290914;11.844313461203296;12.350939181546432;12.731531176461942;11.341518823245243;12.214926187942435;11.6640027628865;11.898601387403938;11.79603960882977;11.494855584491198;12.68255574108031;12.669328004395904;12.656201380194553;11.930367747438952;12.4893462407191;12.622280655215585;10.749869427396844;12.4655664048094;12.04746477331842;12.940313597145968;10.337621901992508;11.013322673425447;11.152918576136624;12.322209843748894;11.385323176175872;11.9683067944308;10.172427508645482;12.179287104646004;12.482303782323182;11.660441650209172;11.853309555403674;12.735979039613404;11.909893083770042;12.424953571261042;12.453270634010623;10.766528908598865;12.328394438352458;11.489847960439295;11.52552080909507;11.987974524296153;12.00105627463478;11.476746203939468;10.717676423066395;11.713816080234498;11.735132884139947;12.201511344500146;11.615629636968098;12.304066063127284;12.57483001533763;12.030667136246942;12.443720600656578;12.84960057483748;12.92740761294903;11.193525360501216;11.892922223630592;12.313166475977198;12.5980525001616;12.606405212697783;10.7632123668144;11.618844301766652;11.82456102997028;11.7632123668144;12.046441948007311;13.279030136449649;12.273212809854334;12.03857610276879;12.24436383512051;12.218260498797305;12.959458646412672;11.853309555403674;11.728770849542665;11.834866038362016;12.971543553950772;12.157346935362844;13.619990662606378;12.086799685623452;11.869208250550829
12.457380879072534;12.575066464578656;12.719816603018126;11.623881490013458;13.473832563230088;13.909049265363011;12.80634822671225;10.951284714966972;12.0515488384404;10.681238411777803;12.184875342908285;13.889979206371562;11.942147920394849;14.119913785452267;11.200898605038445;10.740624044489412;12.030667136246942;12.403012023574997;9.330916878114618;12.17617314910749;12.108851117040151;12.562242424221072;12.367414751246828;11.603162679534382;10.586839787961829;11.25797705856398;12.676177476832605;11.703038388986418;12.836839359748716;13.666889708440255;11.268542000300124;13.070791809423062;12.21856323619027;13.696206869018894;12.68431031112435;11.200285605224298;11.581671358578143;12.734074491428045;12.785656801427193;12.273212809854334;9.45532722030456;12.419170165028538;12.007027266893967;10.95492329203032;12.17367713630342;12.721526464007477;12.154818109052105;12.734074491428045;12.197830998012195;12.17617314910749;11.942147920394849;11.959277505720502;11.90613899619538;12.390168956200185;11.25797705856398;9.445014845868425;12.258271576282851;12.137951734715358;12.403544678202014;12.459431618637296;12.160816849673546;11.384783750093352;12.72749506902543;13.494230581214564;11.50432244829189;12.68431031112435;13.252369767926028;11.19537220740274;12.7710767402628;13.522336320913306;11.362491806046062;11.027905996569883;11.569380959522295;11.808159772868375;12.78483929465315;12.96992608191987;12.249113452713727;11.707359132080883;12.044394119358454;11.603626344986193;12.562480945349316;12.214015491410844;12.615399743725495;11.312882955284357;12.304921669581672;12.353146825498085;13.423378576518491;12.7710767402628;12.370414968879698;11.1705510353167;13.1879705919842;11.625252221746871;12.616089313582115;12.235715094761895;12.96000193206808;12.459431618637296;10.4757334309664;12.250298417906333;12.694140204076431;12.818582177480858;10.871905237659186;11.891403996665025;12.53649007319916;11.83368074865474;14.527293725231733;11.49585502688717;10.871905237659186;13.90048948483465;13.962082633851564;11.78749449969676;12.376668061857668;11.511258495502268;12.40832974076739;11.79766152585376;11.468114886378098;12.38586240064146;11.93110683302934;13.022194401760634;13.315432637905376;12.455584087578613;13.412966718580916;13.060358182642142;13.77179893896106;11.554588851677638;12.903317005908717;11.971902746045467;13.47192918764169;13.192138672150955;14.273722763417664;12.29232163280204;11.670213636738564;11.71338651493703;15.362012289159988;12.069449767427784;12.33371442609397;13.080484457067568;10.517669388133813;11.192909219112012;12.1357092861044;12.022367813028454;13.397139806235604;13.953741760762494;12.064405961891042;13.460199895059583;10.501837184902296;10.19598729802851;12.100990784092762;13.984596470404904;12.911017407796985;11.886458695703706;12.342630298678408;11.473705749619416;13.511999669441453;11.824958740528524;11.263856019596082;10.820178962415188;11.46352437327118;13.158925203806964;11.86379910372885;12.833087738422009;12.14338321398982;13.29232163280204;15.178392530621508;12.228518097716194;13.061708704660624;11.717248005827646;11.092096414990792;12.925925264972856;13.42272182090061;13.469896148670918;12.563196272216738;12.061708704660624;14.707520908488725;12.985486199104637;11.535275376620802;13.403145205669796;11.907641803665529;12.221587121264806;12.172740017049366;13.310044679647506;13.121533517340032;14.035228681414296;12.167418145831736;11.166163082646111;11.901244032467376;12.010528105886484;12.926666629347284;12.710591218506757;12.642728643769;10.397674632948268;14.381069725844188;12.82515755470108;12.092757140919852;12.474466464132632;10.786269627648466;12.111135670234708;12.041316915829444;13.411510988012072;12.132178380915544;12.428098411832506;14.010090965307771;13.409523530691436;13.544240006441658;12.14242620231898;13.428491035332245;10.73978060977326;14.390773535883;11.863411958941638;12.125090539303256;10.776433032444732;11.535761377986656;14.337761259156672;13.252221912938362;12.043027283594547;12.479275030250204;12.15069928874454;11.241387363998935;11.192292814470768;12.89614316077451;12.664447284547972;12.566054038171092;11.90312867681232;14.173520992026964;13.775095822585955;12.199058823653022;12.584022940257542
1.0;0.0;0.0;2.0;2.584962500721156;1.584962500721156;3.4594316186372973;3.0;2.0;0.0;0.0;3.321928094887362;3.169925001442312;1.584962500721156;0.0;1.584962500721156;2.807354922057604;0.0;0.0;1.584962500721156;0.0;2.807354922057604;3.0;1.0;0.0;2.807354922057604;2.0;2.0;1.584962500721156;1.584962500721156;1.0;0.0;3.700439718141092;0.0;1.0;0.0;0.0;0.0;2.321928094887362;1.584962500721156;1.584962500721156;0.0;0.0;2.321928094887362;1.0;2.321928094887362;1.584962500721156;0.0;1.584962500721156;1.584962500721156;3.169925001442312;3.700439718141092;4.0;1.584962500721156;2.807354922057604;0.0;2.807354922057604;0.0;2.584962500721156;2.321928094887362;1.0;2.0;2.584962500721156;2.0;3.321928094887362;1.0;2.0;1.0;3.169925001442312;2.807354922057604;3.584962500721156;3.584962500721156;3.0;2.807354922057604;1.0;1.0;1.584962500721156;3.700439718141092;1.0;0.0;1.0;1.584962500721156;0.0;3.807354922057604;1.584962500721156;2.807354922057604;0.0;3.169925001442312;1.584962500721156;0.0;0.0;1.584962500721156;1.584962500721156;0.0;1.0;1.584962500721156;0.0;1.0;2.584962500721156;0.0;2.0;2.584962500721156;2.321928094887362;2.807354922057604;2.584962500721156;1.584962500721156;2.0;1.0;3.0;0.0;3.807354922057604;1.0;2.807354922057604;1.584962500721156;2.0;2.0;2.807354922057604;1.584962500721156;3.0;3.4594316186372973;2.0;2.0;1.0;1.584962500721156;2.321928094887362;3.0;1.584962500721156;1.584962500721156;2.807354922057604;0.0;3.4594316186372973;2.807354922057604;3.0;1.0;2.0;0.0;4.459431618637297;1.0;4.459431618637297;3.169925001442312;3.169925001442312;1.584962500721156;1.0;2.0;0.0;1.584962500721156;2.584962500721156;2.584962500721156;2.321928094887362;2.321928094887362;2.0;2.0;2.584962500721156;2.321928094887362;3.0;3.0;3.321928094887362;2.321928094887362;4.906890595608519;3.321928094887362;1.0;1.0;1.0;1.584962500721156;1.584962500721156;2.321928094887362;2.807354922057604;1.0;3.0;2.321928094887362;2.584962500721156;2.321928094887362;2.321928094887362;1.0;3.0;0.0;2.0;3.4594316186372973;3.0;2.0;2.807354922057604;3.0;2.807354922057604;1.0;3.0;2.584962500721156;1.584962500721156;3.0;2.0;1.584962500721156;1.0;0.0;2.0;1.584962500721156;2.807354922057604;0.0;1.0;2.0;2.321928094887362;1.0;1.0;2.584962500721156;2.321928094887362;1.584962500721156;1.0;2.584962500721156;2.321928094887362;3.700439718141092;2.0;1.0;2.0;1.0;3.584962500721156;2.584962500721156;3.169925001442312;3.906890595608519;3.807354922057604;3.0;1.0;2.807354922057604;0.0;3.906890595608519;3.906890595608519;4.584962500721156;3.0;1.584962500721156
11.966144913345602;12.2600374211066;11.615169813843602;12.554828641429854;12.97513145692134;12.608947814565514;12.429145170478744;12.472437000051327;11.844313461203296;12.865539970785695;12.4578938373147;12.623881490013458;13.08663384907624;12.676177476832605;12.100333819126542;12.119913785452267;12.090112419664289;13.0380616201336;7.857980995127572;12.226412192788786;12.77869318322384;13.661332752795186;12.78135971352466;12.798066720363062;11.363587246524578;11.900866807980748;13.278449458220482;12.418379719364957;12.066089190457772;12.867085646616836;12.25797705856398;12.924070185585345;12.965243172556892;12.802718295983178;12.35231935484684;11.57601187420678;12.64565843240871;12.948184692830605;12.2903068962579;12.52135506255826;12.752798758435516;11.68650052718322;12.820378436323685;12.710806433699352;12.63094962683287;12.945443836377912;11.877667574067882;12.948184692830605;12.81016993766466;12.226412192788786;13.08663384907624;12.009128789539256;12.81358080298963;12.2600374211066;11.900866807980748;7.199672344836364;12.584257887744569;10.709945380232496;12.162391328756906;12.732379446391358;13.137631598235428;12.209757956581392;12.629811944382231;12.024793384702548;12.090112419664289;12.35231935484684;12.898790308381212;13.139231570719351;13.268249571994492;12.76424960536716;12.0744760007345;12.01262453886506;12.911204709977175;12.572700226487292;13.139231570719351;13.33399388276136;12.627761852402616;12.128960950855696;13.022020969646356;11.885696373339394;12.03342300153745;12.310612781659527;11.840384550711669;12.718104713121756;12.072467608241858;13.173052457774116;12.159556028058768;13.268249571994492;13.3151495622563;13.2178062735616;12.3188252203997;12.524296837662623;11.536732889835417;11.696098170955864;13.338318553240237;11.423641195075856;11.742730476519174;13.245998280472708;12.48683502156305;12.423378576518491;12.183635381473218;12.80916520537188;13.475226777742266;11.897089128312755;12.59898297103609;12.017504401109417;12.183635381473218;12.192909219112012;12.61815604777846;13.241685287601625;12.19598729802851;12.932768392540918;12.736190500960928;11.41256984680521;12.45249865769279;11.76445696361989;11.962173031109709;11.542548262335211;11.909893083770042;11.78463484555752;11.825753832883112;12.31174831500496;11.741466986401146;11.605479518061667;11.375582512490508;11.762797262498232;12.61677855400014;11.106562940444883;11.62844554013718;11.665335917185176;12.01854794187165;12.136670762341843;12.429929741353272;11.722807531169549;12.799484005620014;11.768184324776929;11.9947069952581;11.85836959985474;11.848231701093818;12.471421196424862;12.982458880127355;11.733015321685963;11.522091068887065;12.18239435340453;11.732167425663384;11.597121428789569;11.62113611327464;11.733439082899434;12.02167404285837;11.841957399099549;12.30577676890981;10.954196310386877;12.554828641429854;12.24555270625568;11.7710767402628;10.52061868055628;12.289442575688332;11.966144913345602;11.843528534611089;11.955649907528374;11.839203788096944;12.387748100711294;11.567480801143043;12.253847484987404;11.791569912126878;12.515699838284045;12.42940674151398;11.660887270302569;11.06406908038551;13.309334237400968;11.304921669581672;11.247927513443583;11.767356854125683;12.6691065113363;12.339850002884624;12.067770457447825;12.08381170725288;12.655977862486942;11.919608238603251;11.879583249612784;12.12088584278779;11.668884984266247;12.320518524632693;11.539643506238036;12.800697714363126;11.696098170955864;11.573173784686484;11.847057346091336;11.941414470942911;12.721953612801386;12.38316426063511;11.397139806235604;11.294620748891628;11.468624042918018;11.868822554775;12.215229625747924;12.052568050804153;12.149429590056744;11.918863237274596;10.98299357469431;11.240195053979924;11.68431031112435;11.670213636738564;10.232420927176076;12.171489577065657;11.926295994781112;12.3409627642517;12.66777683839343;11.483815777264256;11.747353829478062;11.570804437724496;11.817383427897232;12.084476237453892;12.253256579781151;12.488342277532524;11.694357887221452;12.116018993325094;12.077149515589731;13.087628582538464;11.715104009236168;11.756556322524087;11.043710863347156;12.869593843240784;12.01227534485612;11.838416075797335;11.757806672197228
9.08746284125034;8.184875342908283;8.422064766172813;9.952741247186488;9.571752643503546;8.714245517666123;8.413627929024173;9.092757140919852;9.584962500721156;8.960001932068081;9.94982671075911;9.417852514885896;10.30035256032822;10.13827180017222;9.577428828035748;9.73809225962049;10.144658242831882;8.233619676759702;7.303780748177103;9.76487159073609;9.273795599214264;10.377210530388552;8.535275376620802;9.672425341971495;10.178664851006472;9.252665432450248;10.052568050804153;9.294620748891628;9.247927513443583;10.260919533662904;9.08746284125034;9.517669388133813;10.401946123976536;10.129283016944967;10.683871868622605;9.269126679149418;10.328674927327947;8.94251450533924;10.037546953962178;9.627533884472792;8.618385502258606;7.451211111832329;8.693486957499324;10.4757334309664;9.76983784362944;9.154818109052105;11.348174867535556;8.94251450533924;9.324180546618742;9.76487159073609;10.30035256032822;9.113742166049189;9.779719355143405;9.968666793195208;9.252665432450248;6.129283016944966;9.501837184902296;7.199672344836364;9.964340867792416;10.200898605038445;9.539158811108033;8.388017285345136;9.507794640198696;9.34207466799914;9.507794640198696;10.683871868622605;10.715961990255144;8.164906926675688;9.85642552862553;8.851749041416058;8.535275376620802;9.634811050171718;8.870364719583405;10.8193807908646;9.247927513443583;10.53818893205242;8.985841937003341;9.5980525001616;9.157346935362844;9.878050912728536;9.521600439723729;9.879583249612784;9.523561956057012;7.774787059601174;9.967226258835993;10.95637615724967;10.075479149488016;9.85642552862553;10.34207466799914;9.276124405274238;9.436711542137214;8.784634845557521;9.614709844115207;9.027905996569883;10.265615046484458;8.83605035505807;7.044394119358453;9.164906926675688;8.954196310386875;10.084808387804362;8.668884984266247;9.885696373339394;9.845490050944376;10.373952655370193;8.991521846075695;8.098032082960527;8.668884984266247;10.320800548881635;8.661778097771988;9.36194377373524;9.121533517340032;8.43879185257826;10.414685235807214;10.10459875356437;9.016808287686557;9.955649907528374;10.335390354693924;9.837627933171404;10.584022940257542;10.77066389291676;10.306061689428342;10.97656412341533;10.639340708652233;9.721099188707186;9.407267764244732;10.053925881531104;9.679480099505446;9.61654884377899;11.06339508128851;9.324180546618742;10.323054760341646;9.92184093707449;11.394462694610317;9.164906926675688;9.422064766172811;10.512740462803498;9.08214904135387;9.13699111208023;9.26209484537018;10.240791332161956;11.959277505720502;11.530893981193922;11.109177703355275;11.669770888525518;8.92184093707449;8.848622940429339;10.906890595608518;11.11829223302699;11.04916787237217;9.874981347653774;9.936637939002573;10.714245517666123;10.7047682393626;9.092757140919852;9.027905996569883;9.199672344836364;9.3151495622563;11.150381968817848;9.59245703726808;10.779719355143405;10.949097155729207;9.39231742277876;11.366322214245816;11.437231901039478;10.42940674151398;10.512740462803498;9.90388184573618;10.814582465906277;11.206403913973848;9.951284714966972;10.344295907915816;10.539158811108033;11.664891669286089;10.680359523513712;10.73978060977326;11.840384550711669;11.054604317960672;10.234817431117325;8.867278739709661;11.018895621121649;9.86573327085176;11.320800548881635;10.496853777388042;10.565102078360312;10.357552004618084;9.194756854422248;10.293471648838134;9.98299357469431;9.906890595608518;9.4241662888181;9.59245703726808;9.625708843064466;10.319672120946995;9.306061689428342;9.016808287686557;8.76487159073609;11.534789211480266;9.306061689428342;10.323054760341646;10.50382573799575;10.855647166027266;10.280770770130603;9.741466986401146;8.997179480937621;11.169298695792843;9.672425341971495;11.873444112515376;10.080817527608328;10.335390354693924;9.884170519108435;10.3297963382207;11.379919817646538;11.7047682393626;8.72451385311995;10.492854620174748;11.597587039586216;9.64565843240871;10.752380646552892;9.854868383260236;11.713816080234498;10.654636028527968;9.497851836951115;11.816183681432342;10.208234358339787;10.064742764750257;10.690871009292314
9.434628227636724;10.648357582009666;6.044394119358453;10.787086324551616;10.567005370247031;7.734709620225838;8.396604781181859;6.6293566200796095;8.027905996569885;12.1879705919842;8.375039431346925;7.467605550082998;10.237209960755022;9.857980995127573;9.91737207947684;9.792790294301064;11.319672120946995;8.810571634741146;7.339850002884624;11.036173612553483;9.586839787961829;10.807354922057604;10.252665432450248;9.264442600226602;9.930737337562888;9.257387842692651;8.954196310386875;11.230620933129869;8.044394119358454;9.967226258835993;9.909893083770042;11.205182326228645;10.94397991434374;9.663558104217271;10.309476353841106;10.17617314910749;11.806952328210736;9.1006623390052;8.89178370321831;10.401946123976536;9.905387005018133;10.777255315191924;6.807354922057604;11.296916206879288;10.485829308701904;8.228818690495881;9.346513733165636;9.1006623390052;10.563196272216738;11.036173612553483;10.237209960755022;9.13699111208023;9.905387005018133;10.54399845013454;9.257387842692651;4.584962500721156;10.293471648838134;9.197216693110052;9.147204924942228;10.410451351503994;11.460455896309636;7.294620748891627;9.20212382383046;9.638435913990472;7.754887502163468;10.309476353841106;9.9901039638575;9.192292814470768;11.116343961237469;9.124121311829189;5.977279923499917;8.554588851677638;9.41574176829009;9.73978060977326;8.710806433699352;10.460455896309636;9.226412192788786;8.479780264029099;10.792790294301064;7.714245517666122;8.804131021183318;7.523561956057013;8.78135971352466;8.344295907915816;9.888743248898258;11.505315356136236;9.1006623390052;11.116343961237469;10.860311054919482;7.994353436858858;7.994353436858858;7.734709620225838;8.974414589805527;9.799281621521924;10.664447284547972;10.139551352398794;9.7714894695006;12.135067945777816;11.086799685623452;10.624795455860236;9.52552080909507;7.622051819456376;10.072802534544207;9.459431618637296;10.06204613772049;8.867278739709661;9.52552080909507;9.632995197142955;9.965784284662089;12.226111098132389;9.092757140919852;10.200898605038445;10.703903573444665;9.372865060112588;10.321928094887362;9.134426320220928;9.79766152585376;10.019590728357882;10.366322214245816;9.88264304936184;10.0;9.826548487290914;10.164906926675688;10.395534135462302;9.533329732305834;9.571752643503546;11.10459875356437;8.577428828035748;10.304921669581672;9.829722735086058;10.73893668167614;9.68650052718322;10.825753832883112;9.820178962415188;11.050528905530555;9.805743872151618;9.643856189774723;10.756556322524087;9.39231742277876;10.782998208920414;11.11309098344238;9.974414589805528;9.981567281903017;10.131856960608792;9.79603960882977;8.651051691178928;9.823367240046236;9.90839262077375;9.620219825507489;9.92481250360578;9.756556322524087;9.319672120946995;10.756556322524087;10.125413470483316;9.86573327085176;8.20945336562895;10.249113452713727;10.211888294546004;9.698704666770343;10.63662462054365;9.535275376620802;10.499845887083206;10.208234358339787;11.122180901259751;10.437752072323605;10.513727595952435;10.129283016944967;9.991521846075695;9.413627929024171;11.711666973564348;10.215532999745657;9.749869427396844;10.277287400130357;10.554588851677638;10.52258153125483;10.066089190457772;9.94104760634058;10.309476353841106;9.782998208920414;9.90839262077375;11.055282435501187;9.894817763307945;10.314016703901355;9.853309555403674;10.606405212697783;9.893301530860564;9.43879185257826;9.44086916761087;9.936637939002573;10.8193807908646;10.536247215688128;9.658211482751796;10.273795599214264;10.260919533662904;9.957102041562289;9.897845456005513;10.600842114387302;10.651948610723446;10.17617314910749;9.0;9.88264304936184;9.954196310386877;10.555547771647063;8.479780264029099;11.046441948007311;10.237209960755022;10.839991070539886;11.201511344500146;9.50382573799575;9.792790294301064;9.96289600533726;10.027905996569883;10.698704666770343;10.451211111832327;10.022367813028454;9.900866807980748;10.584962500721156;10.278449458220482;8.0;9.782998208920414;9.312882955284357;7.894817763307944;11.135067945777816;10.721099188707186;10.215532999745657;10.164906926675688
9.014020470314934;8.405141463136344;7.912889336229962;10.28424574982967;9.264442600226602;7.636624620543649;7.954196310386875;4.169925001442312;6.930737337562887;10.728770849542665;8.885696373339394;9.30149619498255;9.285402218862249;10.834471049984222;8.851749041416058;8.625708843064466;8.734709620225837;7.276124405274237;3.906890595608519;9.459431618637296;10.772314573921651;11.416269744523207;9.372865060112588;10.655530723155644;7.257387842692652;8.308339030139408;8.066089190457772;8.761551232444479;11.359200485133632;10.935901682267588;8.826548487290914;10.186114239541643;10.519636252843211;11.29174628083394;8.060695931687555;9.923327485419192;7.658211482751795;9.509775004326936;9.071462362556623;7.794415866350106;8.832890014164741;6.303780748177103;8.957102041562287;10.30720080914081;10.083479327331842;9.449148645375436;6.807354922057604;9.509775004326936;8.778077129535358;9.459431618637296;9.285402218862249;7.741466986401146;11.586839787961829;10.923327485419192;8.308339030139408;3.0;10.874981347653774;5.930737337562887;9.076815597050832;9.426264754702098;10.90312867681232;9.23840473932508;8.618385502258606;10.237209960755022;9.071462362556623;8.060695931687555;8.43879185257826;7.651051691178928;11.826151214800207;10.113742166049189;7.74819284958946;7.960001932068081;8.672425341971495;8.361943773735241;10.15608307628868;11.500343969270403;8.611024797307353;7.768184324776926;12.00842862207058;7.6293566200796095;8.366322214245816;8.717676423066395;7.592457037268081;7.599912842187128;8.005624549193879;10.76983784362944;9.571752643503546;11.826151214800207;10.427312844134963;7.734709620225838;7.936637939002571;8.022367813028454;8.184875342908283;7.098032082960526;12.553869243196068;9.08214904135387;11.286557761607956;9.92035285541508;10.260919533662904;9.381542951184583;8.335390354693924;7.515699838284043;8.794415866350105;8.228818690495881;8.954196310386875;8.257387842692651;8.335390354693924;10.166163082646111;9.599912842187129;10.590587049915037;9.411510988012072;7.417852514885898;8.071462362556623;6.392317422778761;8.483815777264256;9.084808387804362;6.832890014164741;6.614709844115208;6.857980995127572;6.22881869049588;7.857980995127572;9.002815015607053;6.930737337562887;5.906890595608519;8.988684686772165;7.562242424221073;8.285402218862249;10.194756854422248;7.707359132080882;7.774787059601174;7.714245517666122;6.820178962415188;8.618385502258606;8.164906926675688;9.310612781659527;8.434628227636725;7.149747119504682;9.878050912728536;7.357552004618084;9.022367813028454;9.491853096329674;6.918863237274595;5.78135971352466;7.066089190457772;7.906890595608519;5.954196310386875;6.189824558880018;7.459431618637297;9.44086916761087;6.523561956057013;8.88264304936184;6.599912842187128;7.977279923499917;7.417852514885898;7.948367231584678;5.930737337562887;8.519636252843213;7.149747119504682;8.92481250360578;6.169925001442312;7.179909090014935;11.53818893205242;8.066089190457772;7.409390936137702;9.594324603924848;7.936637939002571;7.459431618637297;7.417852514885898;6.169925001442312;9.283088353024002;6.9886846867721655;6.507794640198696;7.870364719583405;9.457380879072534;7.523561956057013;7.774787059601174;6.754887502163468;7.912889336229962;8.734709620225837;6.523561956057013;10.20212382383046;7.651051691178928;8.149747119504681;6.426264754702098;8.951284714966972;8.45532722030456;9.13699111208023;7.700439718141092;6.94251450533924;7.189824558880018;9.20212382383046;9.131856960608792;8.038918989292302;6.807354922057604;7.845490050944375;9.167418145831736;7.087462841250339;7.366322214245816;10.08746284125034;5.906890595608519;6.6293566200796095;7.800899899920305;6.3750394313469245;6.794415866350106;7.636624620543649;7.159871336778389;7.357552004618084;8.370687406807217;7.658211482751795;6.569855608330948;6.491853096329675;7.499845887083206;7.693486957499325;9.236014191900084;8.366322214245816;7.189824558880018;7.339850002884624;7.954196310386875;10.052568050804153;8.651051691178928;6.820178962415188;6.087462841250339;8.169925001442312;7.434628227636725;9.445014845868425;7.483815777264256
11.885696373339394;12.67087750439698;12.301781962051106;11.95310515059134;13.134747168669016;11.330916878114618;12.404077136241234;11.78749449969676;13.111461739857722;11.672867276433792;12.239300174364203;13.474973384391149;12.531137741444716;12.843724806299154;12.615399743725495;13.619646849988262;12.161131882984307;12.247334178028728;10.627533884472792;12.701523066574437;12.86978660094578;11.899356922923111;12.612177385880992;12.695445810537382;12.154818109052105;12.027214885159834;13.326008077730997;12.53503231452927;12.537218400538595;13.25650356743304;12.305206759008724;12.298635406734242;13.18874336774904;12.763419874192088;12.987796929042542;12.48758884638603;13.493480219699268;13.015066533230293;13.162548682199924;12.18084156556666;13.184720405997767;12.12088584278779;14.905622044369736;12.24852060493843;12.551467952626895;12.278449458220482;12.723660944409984;13.015066533230293;12.808763116450413;12.701523066574437;12.531137741444716;12.293759009667864;12.525276097867126;13.1331422124006;12.027214885159834;10.98655314975666;12.586136091480489;11.7988767681333;12.709514660706716;12.396337194231098;11.979782430703086;12.320800548881635;13.229720093237413;13.69152544116604;11.904634621668151;12.987796929042542;12.830119025444516;12.858952310750938;13.002815015607052;13.563196272216738;13.780847301854957;12.151650829973422;12.398476501449256;12.363313464373478;12.99045856507371;12.866699382882029;12.974952273534052;12.677939816390142;12.88683970588442;12.536732889835417;12.70173963867435;13.325024310191417;11.585901449690772;12.648357582009666;12.797256217509783;12.463013413449692;12.967586527296072;13.002815015607052;12.86978660094578;11.501339618061396;12.355626393637916;12.586136091480489;12.869401059778095;12.093747662785669;12.665113810335244;12.875557388803728;10.959277505720502;12.512740462803498;13.076982565981158;13.219924768862814;12.770250927394864;13.705092355522472;12.253552062637464;12.325867580575418;12.959639764364184;12.45994384837493;12.770250927394864;13.259449046285685;12.288000889707574;12.019590728357882;13.067434360756522;12.869015415552091;12.92351319630841;12.684748620421626;12.236313227042803;12.406470768529283;12.905198945962804;12.42574042431621;13.205182326228645;12.35424938194524;12.328394438352458;12.679040186393062;12.653516879421431;12.833483105659584;12.009478745888066;12.871327736134008;11.91214085629572;12.14974711950468;12.266786540694902;12.205487820150566;12.918490592292311;12.805139264316736;12.872290110288091;12.71831881047926;12.82714419098428;12.104926303807776;12.73956967402599;12.49560523119078;12.44889062962926;13.04524773457825;12.086799685623452;12.258271576282851;12.669549463455496;12.895575282380683;12.266786540694902;11.711236767793784;13.07296996854206;12.43879185257826;12.78953364497036;12.725366257895642;13.020111839088086;12.668663423175296;12.900678158743355;12.518898992777316;12.624110035762987;12.027214885159834;12.531625138422624;12.51101135288224;12.11309098344238;13.107217075591382;12.928888439397635;12.992938336165814;12.20304205556246;12.873828574886977;13.098690096673591;12.462246634244352;13.022367813028454;12.795024983961389;13.271900672391544;12.294620748891628;11.923698883295073;11.977995368612962;12.638435913990472;12.514714054138487;12.523561956057012;11.71681946132995;12.677499433285108;13.019764452849738;12.401946123976536;12.508042334429003;13.006852001748774;12.2603315185576;12.891973519025557;12.455840909126398;12.19383333254655;12.33511116842486;12.2903068962579;12.459431618637296;12.51422090935813;12.585432051592962;12.712527000439824;11.56652978262417;12.165849146176395;12.289730740083757;12.788310503700918;12.392854039872873;12.826548487290914;12.952013164889486;12.422327623974558;12.623195635452936;13.114555731198411;13.26839579355656;12.236911111444602;12.00105627463478;12.887030173247677;12.832494484336111;13.04524773457825;12.097044499322951;12.216745858195306;12.322209843748894;12.30577676890981;12.678380065109115;13.245998280472708;12.95673914505908;12.99169898341288;12.340406490853294;12.60408986146918;13.14338321398982;14.036001852919863;12.521600439723729;12.433585441150496;12.981567281903017;13.061708704660624;13.510146020155364;12.79968636133125;12.434628227636724
10.845490050944376;11.651948610723446;11.33706433868474;10.83605035505807;12.185494924210866;11.937005926516589;11.592924155627635;11.326991174900815;12.67991987851842;10.46352437327118;12.31599862262856;12.421275905290557;11.541096615349524;12.332036548361652;12.110809526898654;12.231521210875703;10.82097669262124;13.900206427698745;10.512740462803498;11.4757334309664;11.56843119316746;10.62935662007961;13.006852001748774;11.918490592292311;10.28886607416582;10.787086324551616;12.070791809423062;11.637077657143664;11.594791118089264;11.698704666770343;11.223398414711628;11.90839262077375;12.42574042431621;11.476239906323851;11.921097088106793;12.208234358339787;12.091435386323608;12.303495376790377;11.74104557700984;10.813781191217036;10.651948610723446;12.0877943047879;12.131535468676343;11.524541715035848;11.552188759557149;12.404077136241234;11.872290110288091;12.303495376790377;11.069449767427784;11.4757334309664;11.541096615349524;10.232420927176076;11.141468555393084;12.718104713121756;10.787086324551616;11.857980995127573;11.074810461160451;10.210671343785622;11.634357301137976;11.096715154488535;11.43567026093655;11.707359132080883;11.837627933171404;12.735344469539005;10.977995368612962;11.921097088106793;11.161761743304677;12.121857245612654;11.632995197142955;12.039261794341057;12.978889176361571;11.83368074865474;11.014020470314934;11.352595231134304;11.881878707600446;11.691307330191115;11.929258408636972;11.722807531169549;12.208539206738363;12.756973226165448;11.437752072323605;12.9683067944308;10.546894459887636;11.497851836951115;13.17695226833628;11.197216693110052;12.448632567730552;11.632995197142955;11.308339030139408;10.916625922211235;12.202736043250168;11.611024797307351;12.445790836048076;11.201511344500146;12.24436383512051;12.905010862390297;9.434628227636724;10.776433032444732;13.090608674341276;12.067098185748383;12.681238411777803;12.612177385880992;11.7279204545632;12.358651200892886;11.952741247186488;12.482051629033911;12.681238411777803;12.159871336778387;11.491352073563435;10.46454575033394;11.426264754702098;12.170863950411928;11.73047013718422;11.717248005827646;10.508785162064513;10.664447284547972;11.571752643503546;11.11504365016171;11.89973454235751;11.002111776479852;10.874981347653774;10.79197682089869;10.902375114486023;11.52845411076479;10.388017285345136;11.776844232402167;9.815383295813538;10.78953364497036;11.101319154423276;11.263269200372662;11.43514933836693;11.28886607416582;11.85681455250301;11.36194377373524;10.91214085629572;10.61654884377899;10.823367240046236;10.980139577639155;11.321928094887362;11.73640193131829;10.16867211813223;10.725366257895642;11.177419537989236;11.642051692927977;10.679480099505446;10.234817431117325;11.940313597145968;11.076815597050832;11.15608307628868;11.349834091457248;11.274960472140602;11.485326189240524;11.573173784686484;10.952013164889486;11.207014320177532;11.274378153246364;10.881878707600446;11.090112419664289;11.159240650411672;11.671541066711884;11.798066720363062;11.826151214800207;11.1767964781476;11.789126046425231;11.871135184243045;10.28424574982967;11.559377090526684;11.530893981193922;13.018374070821016;10.364134655008051;11.020979938904212;10.836839359748716;11.481799431665753;10.778077129535358;11.048486873992337;9.981567281903017;10.987264012072538;11.717676423066395;10.77066389291676;11.027905996569883;11.442425193331609;11.378294855911893;11.698704666770343;11.445532219028312;10.393390457443989;10.926295994781112;10.353146825498085;11.017504401109417;10.871135184243045;10.74819284958946;11.49735289347705;9.749869427396844;11.061371192659813;11.054604317960672;11.04507705193494;10.395534135462302;11.493855449240822;11.184875342908285;11.002815015607052;11.428360172704291;12.38586240064146;12.582847628550269;11.194756854422248;11.828929827651486;11.552188759557149;11.54399845013454;11.586370695113963;10.290018846932618;10.702172685365548;10.90388184573618;10.754052367528924;11.190442018782823;12.271754805646474;11.058668250340572;11.533329732305834;11.184255495405347;10.967226258835993;11.874981347653774;10.579315937580017;11.076815597050832;10.802516365121225;12.025485656808389;12.250298417906333;12.582847628550269;11.485829308701904;10.52943055414615
7.954196310386875;7.434628227636725;7.882643049361842;6.700439718141092;9.632995197142955;6.507794640198696;7.20945336562895;5.977279923499917;7.734709620225838;5.672425341971495;6.087462841250339;8.290018846932618;9.211888294546004;6.807354922057604;6.392317422778761;6.7414669864011465;8.044394119358454;7.499845887083206;9.364134655008051;8.774787059601174;8.103287808412022;7.044394119358453;8.447083226209653;7.276124405274237;6.554588851677638;8.118941072723507;9.105908508571158;6.285402218862249;6.475733430966398;7.965784284662087;7.098032082960526;6.569855608330948;8.566054038171092;7.426264754702098;6.672425341971495;6.930737337562887;6.442943495848728;8.108524456778168;8.562242424221072;7.434628227636725;7.451211111832329;6.672425341971495;7.044394119358453;6.870364719583405;7.651051691178928;7.189824558880018;8.442943495848729;8.108524456778168;7.74819284958946;8.774787059601174;9.211888294546004;6.599912842187128;5.643856189774724;7.2384047393250786;8.118941072723507;11.053925881531104;7.531381460516312;6.614709844115208;8.550746785383243;7.707359132080882;6.189824558880018;7.491853096329675;7.74819284958946;6.357552004618084;7.768184324776926;6.672425341971495;7.794415866350106;7.499845887083206;8.581200581924957;6.3750394313469245;7.787902559391432;7.417852514885898;7.247927513443585;7.044394119358453;6.3750394313469245;7.0;6.918863237274595;7.129283016944966;6.087462841250339;7.636624620543649;7.94251450533924;7.2384047393250786;6.554588851677638;7.971543553950772;7.651051691178928;7.03342300153745;7.643856189774724;8.581200581924957;7.643856189774724;6.954196310386875;7.098032082960526;7.965784284662087;7.3750394313469245;5.954196310386875;6.894817763307944;8.851749041416058;5.285402218862249;7.022367813028454;7.960001932068081;8.562242424221072;7.894817763307944;10.257387842692651;6.930737337562887;8.335390354693924;6.965784284662087;6.584962500721156;7.894817763307944;6.714245517666122;7.727920454563199;6.044394119358453;7.459431618637297;6.357552004618084;8.08214904135387;8.499845887083206;6.820178962415188;7.451211111832329;8.194756854422248;7.888743248898259;8.562242424221072;8.686500527183219;7.832890014164741;8.03342300153745;7.686500527183218;8.682994583681683;8.62935662007961;8.86418614465428;7.451211111832329;7.257387842692652;7.813781191217037;7.459431618637297;8.39231742277876;7.988684686772165;9.074141462752506;8.409390936137703;8.149747119504681;7.584962500721156;8.118941072723507;7.888743248898259;8.243173983472952;9.139551352398794;7.741466986401146;8.330916878114618;7.988684686772165;8.388017285345136;7.707359132080882;7.539158811108031;8.199672344836364;8.888743248898258;8.640244936222345;7.614709844115208;7.562242424221073;9.649256177517314;8.971543553950772;7.832890014164741;7.768184324776926;8.184875342908283;7.179909090014935;8.870364719583405;9.214319120800766;8.546894459887637;9.214319120800766;7.546894459887636;8.055282435501189;8.829722735086058;8.08214904135387;7.988684686772165;8.233619676759702;7.94251450533924;10.007027266893967;6.672425341971495;8.060695931687555;6.700439718141092;9.025139562278508;8.459431618637296;8.413627929024173;7.076815597050831;9.174925682500678;8.810571634741146;7.577428828035749;8.204571144249204;8.491853096329674;8.434628227636725;8.768184324776927;9.681238411777803;6.807354922057604;8.257387842692651;8.055282435501189;8.011227255423254;7.977279923499917;7.442943495848728;7.584962500721156;6.285402218862249;7.918863237274595;7.303780748177103;7.888743248898259;6.7414669864011465;8.603626344986193;7.6293566200796095;8.060695931687555;8.74819284958946;9.820178962415188;8.599912842187127;7.3750394313469245;6.523561956057013;8.813781191217037;8.108524456778168;8.357552004618084;7.794415866350106;9.296916206879288;7.888743248898259;7.845490050944375;8.977279923499916;9.407267764244732;8.405141463136344;8.977279923499916;9.35974956032233;8.45532722030456;8.721099188707186;6.845490050944375;8.144658242831882;7.721099188707186;7.971543553950772;8.894817763307943;9.422064766172811;8.022367813028454;8.312882955284355
13.567956075415466;14.03385313035042;14.527843497880196;14.027905996569883;14.365160486418784;11.952377251967985;14.31896640501995;14.196986261318123;14.80322299951846;12.055621374781708;13.468496770628148;14.665780028329484;13.7124195251136;14.09613862005411;14.342699737469406;13.786984262718535;13.178353623512892;14.444885473582914;13.250150350472438;14.223473835943883;14.412834440119273;12.097702963524654;13.575775579874763;13.244661144764198;12.63390340934852;13.524051918717824;14.107707482385823;13.47851684767645;12.376396751082842;14.06204613772049;12.91513244895065;13.75227609964601;14.80670064999352;11.98477446004684;13.087960008003025;13.995767150877802;13.546050390718486;13.55242894852647;13.937465778954389;13.811073598853543;13.520741436994632;12.91737207947684;13.580611894994322;13.607214708553755;13.24436383512051;13.88693494270928;15.473039795221608;13.55242894852647;13.924626959905329;14.223473835943883;13.7124195251136;12.804131021183318;13.060189278463422;14.567183675193917;13.524051918717824;13.1270270430046;13.057822541282478;12.260625556068227;15.022454510846508;13.49847527373576;11.184875342908285;13.274086905634414;15.2864494687846;14.903552382712606;13.179598130849836;13.087960008003025;14.95746484680521;14.655642520981331;13.868436755858168;13.176640671134011;14.93833909497554;14.398610102879262;12.960906953765717;12.316564385396942;13.803727526553114;13.068442416025826;13.988063313725414;13.502458902231846;13.251778257035868;14.76445696361989;14.074392373511284;13.674964618382951;13.034627039197348;14.375039431346924;14.375243110733727;13.393926675640415;14.53630793389865;13.868436755858168;12.992230264965889;12.97477306788934;12.9955905123663;14.057230249828969;15.424953571261042;13.31557415490396;12.324461855977315;13.71896091198421;10.216745858195306;12.851553858429778;15.944300274244377;14.26642055093143;14.243917755743324;15.482492868372631;14.09589146332092;14.983884292164657;13.060358182642142;14.544421147133828;14.243917755743324;14.36105277698341;13.26707926567123;11.30035256032822;13.950100198809134;13.1226662486288;14.5302844003166;14.691252797294702;13.318260343712415;14.194910717275365;15.14110927384699;14.129605011152504;14.776690046152304;14.482114671488024;13.955922294018542;13.961359251803998;15.29899331564994;14.684803399721876;13.940405368720752;15.437004267113544;12.14974711950468;14.469641817239516;13.447470717605748;14.420025992726252;14.383096742439664;14.55728419121321;14.253995173480227;14.358239100426132;13.644532294625444;14.000440208419151;14.642785042003634;14.290666877056957;13.845980013605184;15.573144191852604;12.491101496916537;14.67065624911844;14.80911495038482;13.985219338104232;14.180142265411972;13.657318449581288;14.325867580575418;14.147204924942228;14.42574042431621;14.007377733321269;13.85943772344045;15.097908671970512;14.86113538283688;13.59700500260697;14.538310202597684;13.899828931774332;13.609409624761804;14.11504365016171;14.405407422219204;14.883550179557258;14.69310576035504;14.66494720775513;13.861571601125398;14.568728062325222;14.503887836135904;12.964701857420447;14.922584402713664;14.191907427787324;14.952741247186488;12.247927513443583;12.98655314975666;13.190596342475638;14.632597674446188;13.74430828467566;14.530467301625723;12.483311954999351;15.048699720519169;14.846322888487077;13.71488943423155;14.028596777067108;14.880970525485576;14.382961696568474;14.672425341971495;14.842792277876104;12.950555897047511;13.964611618481191;14.686336376267194;13.758431440900267;14.23877790480164;14.252000102041183;13.913543937783;13.002287618401075;13.536854282829797;13.84901407369482;14.03737535776324;13.581553678816189;15.02466354669311;14.92560079822387;13.869979332899964;14.875125379505429;15.094778733741126;15.23877790480164;13.369052007001388;13.504694868818218;14.5921650114709;14.961268803539594;14.96289600533726;13.134426320220928;14.295194955880657;14.594907723063336;14.100251677466776;14.556266543582993;14.919002954331363;14.677113987765123;14.604958553690327;14.935809623751084;14.524908953179844;14.718800413397922;11.610102062999664;13.815683492459163;14.400412512298812;14.910080531966354;14.398276076103468;15.644025245694404;14.473642338633717;14.259816808667775
10.691743519171276;11.095397022792556;10.084808387804362;10.236014191900084;10.755722153642282;11.229419688230417;10.345405246717796;9.019590728357882;10.328674927327947;10.729620743553038;10.3409627642517;11.578844391558205;10.469641817239516;11.019590728357882;10.697836357962377;10.451211111832327;10.425215903299383;9.413627929024171;8.936637939002571;10.044394119358454;10.798471801101618;11.298635406734242;11.059344460824423;10.93737382019215;9.14210705730255;10.658211482751796;10.62113611327464;10.90613899619538;11.520127550324853;11.541096615349524;11.000704269011246;11.154185209265297;11.439830883981392;11.4812949046311;10.61378946447258;11.347621368568134;11.037546953962178;11.46454575033394;11.109177703355275;10.167418145831736;10.192292814470768;11.178664851006472;10.729620743553038;9.552669097514272;11.481799431665753;11.436711542137214;9.634811050171718;11.46454575033394;11.61286849729104;10.044394119358454;10.469641817239516;10.022367813028454;9.818582177480858;10.99506046703272;10.658211482751796;8.761551232444479;10.491853096329674;9.459431618637296;10.499845887083206;10.39660478118186;10.041659151637214;9.899356922923111;10.804937672051908;10.295768934420508;9.276124405274238;10.61378946447258;10.800090987624994;10.384783750093352;12.107217075591382;10.603626344986193;11.057991722759176;9.792790294301064;10.187352073200495;9.89178370321831;11.194756854422248;11.114393054867309;11.117643101389092;10.295768934420508;10.4655664048094;10.550746785383245;9.663558104217271;10.171176797651771;9.550746785383245;10.470658874060552;10.786269627648466;10.806549621985962;10.489847960439295;12.107217075591382;10.76155123244448;9.964340867792416;10.207014320177532;10.12023787734196;11.17617314910749;10.61286849729104;10.346513733165636;10.231221180711186;10.239598529249124;11.659103963473662;11.161761743304677;10.78953364497036;9.958552715431011;10.611024797307351;11.376125389276174;10.264442600226602;11.20945336562895;9.390168956200185;9.958552715431011;10.782179193831208;11.212496385193948;11.551227603598289;10.239598529249124;9.285402218862249;10.888743248898258;11.105908508571158;10.451211111832327;9.14974711950468;11.145295334933598;10.694357887221452;11.330916878114618;9.871905237659186;10.811374693509942;10.891024190149498;9.54882190845875;11.141468555393084;9.774787059601174;10.711666973564348;11.261507309202056;10.112439506781552;10.53430288245463;10.484822894262146;11.154818109052105;11.430452551665532;11.112439506781552;10.741466986401146;11.439830883981392;9.843921051289035;11.323054760341646;11.015415052386688;10.62844554013718;11.127349541059118;10.952013164889486;10.31741261376487;10.147204924942228;11.302638923787551;10.63390340934852;9.73809225962049;11.17617314910749;10.947636937951827;10.832098846039134;11.103943429891558;11.31741261376487;9.554588851677638;11.357552004618084;11.26209484537018;11.004922678569043;9.988684686772164;11.219168520462162;10.691743519171276;9.879583249612784;11.53818893205242;10.825753832883112;10.861086905995396;10.699572453287267;11.011227255423254;10.96650545190574;11.070120944476823;11.1767964781476;10.586839787961829;11.064742764750257;11.1879705919842;9.936637939002573;10.60917873814198;10.578372691360803;11.057991722759176;10.237209960755022;10.224001674198105;10.71338651493703;10.980139577639155;10.663558104217271;10.595257481449035;11.507299124122763;10.1006623390052;11.36139553316589;10.256208688527389;10.744833837499543;10.094077685671904;10.383704292474052;10.842350343413807;11.345405246717796;10.7714894695006;10.98584193700334;9.413627929024171;10.583082767502932;10.672425341971495;11.380461065088973;11.158609688214478;10.787902559391432;11.671098725748465;10.497851836951115;9.935165049603697;11.83289001416474;11.41574176829009;10.854089179870574;10.216745858195306;11.023061249735337;11.085472459181284;11.559855041513623;10.840777923595054;10.007027266893967;10.539158811108033;10.477758266443889;10.650154213675094;11.323054760341646;11.64880694972577;11.36194377373524;9.971543553950772;11.38316426063511;11.709083812550343;8.784634845557521;10.930737337562888;10.75905593916017;11.246740598493144;11.234817431117325;11.617926556798752;10.653740778706569;10.809768128710411
11.173052457774116;11.097373768990222;11.514714054138487;11.35974956032233;11.00562454919388;10.372865060112588;11.12670447284319;10.364134655008051;12.505811553919594;8.88264304936184;10.737247343027738;11.933690654952231;9.881113960675096;12.636171441635922;11.480285320936373;11.914385132155443;10.5980525001616;10.659995892429976;11.76983784362944;12.003166506665169;11.212496385193948;9.20945336562895;11.558420713268664;10.89178370321831;9.7431513941125;10.474719946526482;11.471675214392045;11.37232095486726;11.16804526822409;11.151650829973422;11.004922678569043;10.42940674151398;11.964701857420447;12.151333719291657;12.029287226968243;11.192292814470768;11.88760142450871;11.744413410557655;11.533816389433364;10.578372691360803;10.161131882984307;11.2246046815385;10.69522829149575;10.194756854422248;10.34318571544788;11.956013078088098;12.13699111208023;11.744413410557655;11.224001674198105;12.003166506665169;9.881113960675096;9.623881490013458;10.4757334309664;11.698704666770343;10.474719946526482;11.025831668332026;10.43254190038826;10.257387842692651;12.042685372219353;10.433585441150496;9.799281621521924;10.927777962082342;12.539885792751477;11.740624044489412;10.233619676759702;12.029287226968243;12.139551352398794;11.26209484537018;10.682994583681683;10.347621368568134;12.509527607423152;11.308339030139408;9.831307243802051;10.111135670234708;11.210671343785622;11.098032082960527;11.50481898763284;11.051208940914766;10.839203788096944;11.95310515059134;11.527477006060396;12.266786540694902;10.344295907915816;11.580729651598958;12.452241240430816;10.606405212697783;12.34734453943155;10.682994583681683;10.550746785383245;8.870364719583405;11.690434556395054;10.310612781659527;12.55098721452152;10.677719641641009;10.51668494930961;11.71338651493703;7.845490050944375;10.184875342908285;12.426264754702098;12.396069557639867;11.403012023574997;11.59898297103609;11.944346034137832;11.72451385311995;11.99506046703272;11.159240650411672;11.403012023574997;11.752798758435516;11.0;9.124121311829189;11.147840893672337;10.521600439723729;11.715104009236168;12.199365616857982;10.312882955284357;11.450695771572915;12.456097684964202;11.369052007001388;12.32558654521057;11.483815777264256;11.40886043602476;11.234817431117325;12.091765938516804;11.901621158346112;11.060020354507852;12.298062567719017;9.537218400538595;11.458406613236534;11.152284842306582;11.475226777742266;11.852919585123995;11.905387005018133;12.027214885159834;11.639792893279312;10.83605035505807;11.247334178028728;11.566054038171092;11.721526464007477;11.679480099505446;12.19198451336031;10.045759661382682;11.99116750614001;11.954559846999834;11.842350343413807;11.541096615349524;11.109830654278792;11.95310515059134;11.65687172561398;11.941414470942911;11.321364432039449;11.212496385193948;12.360847084179664;12.229419688230417;11.145295334933598;11.818582177480858;11.41574176829009;11.134426320220928;11.476746203939468;11.223398414711628;12.39687231851056;12.30063855399372;12.068778277985412;11.663113308455806;12.017504401109417;12.13859179463752;10.131856960608792;12.208539206738363;12.010528105886484;12.73956967402599;9.594324603924848;10.52061868055628;10.965784284662089;11.965784284662089;10.875749351420056;11.65687172561398;9.698704666770343;12.127349541059118;11.875749351420056;11.11699367754698;11.276706019892432;12.244661144764198;11.817383427897232;12.02410078025291;12.278159031437236;10.193525360501216;11.405673332281866;11.782588759494963;11.147204924942228;11.805743872151618;11.563196272216738;11.169925001442312;10.197216693110052;11.216139556425135;11.206403913973848;11.984418458801136;10.828136484194108;12.305491792110685;12.20181761666792;11.684748620421626;12.363039630256514;12.745254141957256;12.8342735152347;10.92184093707449;11.381002109550924;12.08381170725288;12.24703741878858;12.470913026274877;10.145932145820517;11.565102078360312;11.605479518061667;11.590587049915037;12.000704269011246;12.869015415552091;11.68650052718322;11.739358707433396;11.926295994781112;11.657765035265363;12.453785055496157;12.159871336778387;11.42574042431621;11.832494484336111;12.700439718141093;11.964340867792416;13.176640671134011;11.948732239819616;11.50928016808786
11.326429487122304;12.158925203806964;10.972979786066292;11.252665432450248;12.820178962415188;12.026869205263395;11.837233700339088;12.070120944476823;12.748612176736982;11.469641817239516;11.70606426733497;12.86457308177364;12.745464248276845;13.110483309816226;12.144658242831882;12.276706019892432;11.217351905270334;13.2659080092311;8.184875342908283;11.79603960882977;13.112113658097863;11.69566329678802;12.156399144871584;12.129605011152504;11.522091068887065;11.16867211813223;13.165064005998712;11.830911279742782;12.468624042918018;12.765286098723683;12.772314573921651;12.804534402995223;12.006326078524934;12.025485656808389;11.992938336165814;11.67595703294175;12.643630751061728;12.593157658103;12.31628153174622;11.544964432789238;13.102959885910124;13.479275030250204;12.885886991697456;11.978352958165145;11.647908074281808;12.617467465294196;12.266786540694902;12.593157658103;11.922212717785449;11.79603960882977;12.745464248276845;11.585432051592962;11.92072501975118;12.099676554859643;11.16867211813223;6.870364719583405;12.105253779700885;10.972261848733291;11.763627351727628;11.471167133724393;12.508537595347322;12.124121311829189;12.433324626715926;11.852529509404196;12.036173612553483;11.992938336165814;12.093087390444218;12.424428764037762;11.894438854562262;12.655754310144218;12.545929769085468;10.881113960675096;12.446307931050343;12.28626896267978;12.893111889711308;12.31628153174622;11.846273911349906;11.860311054919482;12.815783544128184;12.251186503524336;13.206098613995795;12.422853195944263;12.272921326867005;11.421012855779226;11.750288267591651;12.426526848451733;12.035486451292154;11.894438854562262;12.471675214392045;13.505563476360582;11.94617524072356;12.41574176829009;11.926666629347284;11.62067804213541;12.312315746690109;11.306061689428342;10.545929769085468;12.157662727208448;12.276124405274238;12.29232163280204;12.576720525080246;12.339850002884624;12.031011907437708;11.757390009366638;12.164906926675688;11.31174831500496;12.576720525080246;12.105581181277437;11.98299357469431;12.61769702930787;11.72451385311995;12.591989767615123;12.050528905530555;11.350939181546432;11.831307243802051;11.235415935602528;11.785452468158542;11.273795599214264;11.911017407796985;11.023061249735337;11.264442600226602;11.648357582009666;11.46096776257042;12.064742764750257;10.73893668167614;12.072802534544207;11.469641817239516;10.926295994781112;10.91737207947684;11.405141463136344;11.793196859060943;11.625252221746871;11.869208250550829;11.430975172588068;12.005975356500382;10.972261848733291;11.7553048882624;11.287135186086704;11.507794640198696;12.053586543639174;11.295768934420508;11.053247125912426;11.448632567730552;11.73809225962049;11.233619676759702;11.305491792110685;12.254142846855748;11.30206767252652;11.285402218862249;11.835260918627489;12.121209716409284;11.06339508128851;11.86457308177364;11.673750739438065;11.61240779313867;10.703038388986418;12.44604940671655;11.284824100224624;11.18239435340453;11.773551346428505;11.85447883417163;11.720671786825555;11.11178773580101;11.944346034137832;11.69261550169458;11.81016993766466;11.9901039638575;11.631631805917635;11.555068391333338;12.089781488353998;10.90839262077375;11.193525360501216;11.534789211480266;11.59245703726808;11.767356854125683;10.99859042974533;11.450180247164754;12.58777751632821;11.404077136241234;11.4241662888181;11.808159772868375;10.98584193700334;11.932952892194717;11.145295334933598;12.042343379793692;11.057314877782703;11.020285500844649;11.4993476328766;11.724087461793989;11.891024190149498;11.841957399099549;10.79197682089869;11.179909090014934;11.298635406734242;11.804534402995223;11.71338651493703;11.779308973959898;12.060358182642142;11.243173983472952;11.198445041452365;11.353698209048035;12.13859179463752;11.357552004618084;10.783816759320182;11.595723694101627;11.791569912126878;11.84588203438406;11.688687423222536;11.101319154423276;11.461479447286155;11.127349541059118;11.450180247164754;11.955649907528374;11.869208250550829;12.044394119358454;11.167418145831736;11.639340708652233;11.871520262329112;10.353146825498085;11.41574176829009;11.271463027904376;11.646558710154547;12.593857938858225;12.092426815780255;11.709945380232496;11.187352073200495
10.696098170955864;6.954196310386875;9.668884984266247;7.977279923499917;10.10459875356437;9.453270634010623;6.599912842187128;6.954196310386875;9.131856960608792;7.20945336562895;8.224001674198105;6.768184324776926;10.78135971352466;9.569855608330949;7.636624620543649;8.129283016944967;9.91737207947684;10.075479149488016;7.276124405274237;9.381542951184583;5.643856189774724;9.005624549193879;7.562242424221073;7.774787059601174;7.383704292474052;8.375039431346925;8.43879185257826;6.832890014164741;11.198445041452365;9.926295994781112;10.988684686772164;10.873444112515376;8.044394119358454;9.214319120800766;8.927777962082342;7.700439718141092;9.884170519108435;7.888743248898259;6.807354922057604;8.72451385311995;11.56081046872794;6.087462841250339;6.554588851677638;8.194756854422248;7.087462841250339;8.475733430966399;13.30149619498255;7.888743248898259;7.918863237274595;9.381542951184583;10.78135971352466;11.252074042796185;7.820178962415188;7.774787059601174;8.375039431346925;7.159871336778389;9.477758266443889;8.73809225962049;10.040289721025715;7.665335917185176;8.066089190457772;7.794415866350106;8.326429487122303;11.390706372872774;6.066089190457772;8.927777962082342;10.298062567719017;5.554588851677638;8.426264754702098;7.965784284662087;8.169925001442312;7.965784284662087;7.321928094887363;8.049848549450562;7.924812503605781;10.07815080773465;7.022367813028454;7.768184324776926;6.614709844115208;7.330916878114617;8.936637939002571;8.027905996569885;8.588714635582264;8.778077129535358;8.044394119358454;8.375039431346925;8.479780264029099;8.426264754702098;8.696967526234287;7.257387842692652;7.882643049361842;9.49585502688717;7.686500527183218;7.491853096329675;7.651051691178928;10.550746785383245;4.954196310386875;8.787902559391432;8.049848549450562;9.257387842692651;6.303780748177103;8.614709844115207;7.366322214245816;8.939579214314692;7.507794640198696;6.807354922057604;6.303780748177103;8.159871336778389;10.026523442519766;7.768184324776926;8.741466986401146;9.179909090014934;7.936637939002571;10.622051819456376;9.65642486327778;7.94251450533924;9.73809225962049;10.99506046703272;10.729620743553038;9.312882955284357;9.818582177480858;10.571752643503546;9.121533517340032;9.654636028527968;9.834471049984222;9.084808387804362;10.47269083924278;8.219168520462162;10.234817431117325;9.52552080909507;10.344295907915816;10.733862719678545;11.720244258287568;10.022367813028454;9.337621901992508;9.60177078840771;9.319672120946995;10.232420927176076;11.027214885159834;9.73809225962049;10.3297963382207;7.658211482751795;9.330916878114618;11.479275030250204;9.219168520462162;9.266786540694902;11.115693952197011;10.075479149488016;10.304921669581672;10.981567281903017;10.413627929024171;7.826548487290915;11.333155350310616;11.044394119358454;10.103287808412022;8.768184324776927;10.395534135462302;10.084808387804362;7.531381460516312;10.333155350310616;9.310612781659527;9.885696373339394;10.642051692927977;9.37937836707126;10.162391328756906;8.734709620225837;9.67065624911844;10.434628227636724;11.820577882655774;10.54978466794786;8.900866807980748;10.3409627642517;9.197216693110052;9.20212382383046;9.684748620421626;7.721099188707186;8.686500527183219;10.084808387804362;9.556506054671928;10.375039431346924;10.17367713630342;8.696967526234287;9.99717948093762;8.483815777264256;10.118941072723509;9.560332834212442;7.098032082960526;10.69261550169458;11.220982851081777;10.3409627642517;10.187352073200495;8.194756854422248;9.62935662007961;10.711666973564348;9.92184093707449;9.337621901992508;8.888743248898258;10.884170519108435;9.881113960675096;7.651051691178928;10.768184324776929;11.419433550705378;11.215532999745657;11.313449940963055;10.225207436943505;11.419960177847887;10.625708843064466;8.577428828035748;8.483815777264256;8.159871336778389;10.055282435501187;9.08214904135387;10.935165049603697;8.909893083770042;9.405141463136344;8.618385502258606;9.899356922923111;11.679040186393062;9.714245517666123;9.634811050171718;10.096715154488535;10.89026427702111;9.457380879072534;11.075479149488016;10.523561956057012;9.914385132155443
4.906890595608519;7.0;8.044394119358454;6.303780748177103;9.94104760634058;6.3750394313469245;8.271463027904375;8.092757140919852;7.219168520462161;5.087462841250339;9.016808287686557;7.761551232444479;7.434628227636725;6.149747119504682;3.700439718141092;2.807354922057604;7.357552004618084;11.1767964781476;4.169925001442312;6.614709844115208;3.321928094887362;9.154818109052105;6.409390936137702;5.426264754702098;2.584962500721156;6.554588851677638;10.00842862207058;3.700439718141092;5.426264754702098;7.139551352398794;5.285402218862249;3.0;7.60733031374961;3.700439718141092;2.807354922057604;5.906890595608519;3.4594316186372973;5.392317422778761;6.714245517666122;6.442943495848728;5.491853096329675;4.087462841250339;10.593391122791736;5.0;4.247927513443585;6.3750394313469245;6.0;5.392317422778761;5.129283016944966;6.614709844115208;7.434628227636725;5.584962500721156;8.379378367071261;4.087462841250339;6.554588851677638;3.584962500721156;5.357552004618084;2.584962500721156;5.129283016944966;5.426264754702098;8.016808287686555;6.614709844115208;6.643856189774724;5.285402218862249;7.870364719583405;2.807354922057604;4.523561956057013;4.700439718141092;6.189824558880018;8.74819284958946;8.164906926675688;4.247927513443585;9.005624549193879;7.546894459887636;5.523561956057013;4.169925001442312;4.392317422778761;7.86418614465428;4.459431618637297;5.643856189774724;3.906890595608519;5.044394119358453;4.0;7.339850002884624;3.321928094887362;7.577428828035749;4.584962500721156;6.189824558880018;6.426264754702098;10.16867211813223;5.129283016944966;9.92481250360578;7.768184324776926;3.4594316186372973;6.475733430966398;3.807354922057604;6.20945336562895;4.321928094887363;6.459431618637297;5.129283016944966;5.584962500721156;9.823367240046236;5.954196310386875;5.614709844115208;4.523561956057013;6.149747119504682;5.584962500721156;5.554588851677638;7.734709620225838;3.584962500721156;8.31741261376487;5.754887502163468;7.539158811108031;6.392317422778761;6.066089190457772;1.0;6.977279923499917;6.523561956057013;7.179909090014935;3.700439718141092;6.894817763307944;6.523561956057013;1.584962500721156;6.459431618637297;3.169925001442312;6.169925001442312;6.930737337562887;4.643856189774724;6.303780748177103;6.714245517666122;6.7414669864011465;7.066089190457772;7.257387842692652;5.954196310386875;6.894817763307944;5.426264754702098;7.044394119358453;5.554588851677638;8.434628227636725;6.339850002884624;7.700439718141092;2.0;1.584962500721156;6.94251450533924;4.807354922057604;4.523561956057013;7.108524456778169;5.357552004618084;6.845490050944375;6.78135971352466;7.614709844115208;3.321928094887362;6.066089190457772;8.164906926675688;6.507794640198696;6.0;6.475733430966398;5.882643049361842;2.0;7.383704292474052;6.6293566200796095;5.906890595608519;6.022367813028454;6.087462841250339;6.643856189774724;7.499845887083206;7.087462841250339;5.78135971352466;6.569855608330948;7.044394119358453;5.321928094887363;5.643856189774724;4.0;6.7414669864011465;6.9886846867721655;1.0;2.321928094887362;7.303780748177103;6.303780748177103;6.94251450533924;5.807354922057604;5.169925001442312;7.330916878114617;4.954196310386875;6.392317422778761;5.614709844115208;4.247927513443585;6.672425341971495;6.539158811108031;6.584962500721156;7.636624620543649;2.0;6.584962500721156;6.857980995127572;6.614709844115208;5.906890595608519;5.700439718141092;6.285402218862249;6.149747119504682;3.0;6.169925001442312;7.614709844115208;6.768184324776926;6.087462841250339;6.22881869049588;7.05528243550119;5.700439718141092;6.554588851677638;3.321928094887362;4.321928094887363;5.754887502163468;6.189824558880018;6.599912842187128;6.459431618637297;7.339850002884624;1.584962500721156;6.539158811108031;6.169925001442312;1.584962500721156;7.169925001442312;4.954196310386875;6.409390936137702;4.392317422778761;6.930737337562887;6.832890014164741;6.044394119358453
11.11309098344238;12.227916724201489;10.712527000439824;12.10459875356437;14.25429050511706;12.476746203939468;9.665335917185176;13.447341565370678;13.375039431346924;9.573647187493322;11.674633661767269;11.953468962228849;13.096220996223424;14.359406412819132;11.321928094887362;12.77066389291676;12.298349015658186;13.81818270494864;9.878050912728536;12.44475608969503;11.068106475858771;11.909893083770042;12.852139328187244;13.039090401998603;11.782179193831208;11.925554439873554;13.665891034757491;11.513234113806051;12.14210705730255;12.94104760634058;11.407267764244732;10.894817763307945;12.434106928609957;12.324461855977315;11.474719946526482;11.722380635163802;13.768701253028144;13.436321149754669;13.230470832204706;12.41204051455165;13.789941128390916;13.04899765291107;13.084476237453892;12.036860446673046;10.434628227636724;12.519144787997414;12.3297963382207;13.436321149754669;12.07347215397646;12.44475608969503;13.096220996223424;12.47192918764169;10.490850876740298;12.24198314969433;11.925554439873554;10.189824558880018;12.102959885910124;10.127994320976391;12.419170165028538;10.271463027904376;12.086136225027309;9.815383295813538;12.22881869049588;12.12638183054264;9.73640193131829;11.474719946526482;13.232870575002964;12.894438854562262;11.584492796975876;12.865153292938064;12.681458050210274;13.165692152320114;13.954468971434252;11.357002092264985;13.967586527296072;13.34179677239183;12.201511344500146;12.91737207947684;11.320800548881635;13.9202597993283;11.61286849729104;13.750706986224948;11.733439082899434;13.313166475977198;10.92851837525789;13.28626896267978;12.895007180368662;11.584492796975876;13.237209960755022;12.578136783414749;12.787902559391432;14.597470650974085;12.057653339963936;11.046441948007311;14.565578136784328;11.69522829149575;11.166163082646111;13.094407633081207;12.005975356500382;12.635718120331047;12.380190466749834;13.81067204153667;13.475226777742266;11.020285500844649;13.324602490089717;9.45532722030456;12.380190466749834;10.451211111832327;11.347067657165873;11.085472459181284;12.62593709953846;13.531381460516313;10.213104219641906;13.45211251457386;13.21901722320012;12.650827374138768;13.287856641840545;13.35851384714966;13.30577676890981;12.560332834212442;13.767874078897616;14.13209803255202;13.384109183736609;12.817183539425711;12.765286098723683;12.80231440599149;13.55566759184072;13.25089053572334;13.93875258654304;13.574711776183287;12.267371931265274;14.072300115928336;15.19032626517897;13.85943772344045;13.510887765694012;13.498225931349918;13.64250302878052;13.88978912797328;13.937097908730966;13.193525360501216;13.234667766192567;13.553029246059738;12.896521622224974;13.794618934130142;12.423378576518491;13.501090770274512;14.07028868996168;13.082481727863104;13.026004642978943;13.023407843140218;14.189747357807576;10.92481250360578;14.90341116123855;13.900112062977456;14.273139944628385;11.90312867681232;13.674743989075154;13.248372354921251;12.356451970221755;13.017852331905962;13.53016245322715;13.95673914505908;14.546894459887636;12.447341565370678;14.243843395769034;12.626393504173995;13.282364508223864;13.431628182620894;13.839794290202557;13.539158811108033;12.413892328372643;13.13827180017222;14.816533710558584;13.26502894245816;12.548340287676147;13.417193238248329;10.735556023911537;13.718104713121756;12.89273253261186;14.437231901039478;14.247779202465209;13.347482960639704;13.233769450446928;11.314016703901355;13.592223421359405;12.801506286636435;13.226562716555511;13.719067901122964;13.975400190281691;14.678435086754051;14.626450544602625;12.892163309861964;12.50382573799575;13.202429966015352;14.862540503136891;14.609813587455143;11.948732239819616;15.077525081587025;13.588597528959294;11.837233700339088;13.286124541533368;14.225433405311245;13.390168956200185;13.57790083688697;13.32108251801004;13.944437549570695;14.359680937350838;12.954378090144049;12.28828934218097;11.049848549450562;12.437492010125352;13.658434654697617;13.93258386928929;13.602118887104268;13.65250890240818;11.843921051289035;13.529918528120325;14.021153496202572;12.761343456100647;13.27423253678993;12.251186503524336;14.821873612165758;13.969386521342283;13.678820179524028;13.81848231971713;13.77869318322384
1.0;0.0;3.584962500721156;4.906890595608519;4.857980995127572;6.475733430966398;0.0;3.807354922057604;5.392317422778761;2.0;4.523561956057013;2.584962500721156;0.0;2.584962500721156;2.584962500721156;2.807354922057604;1.0;2.321928094887362;1.0;0.0;1.584962500721156;5.614709844115208;0.0;1.584962500721156;2.0;1.584962500721156;2.0;0.0;1.0;10.854868383260236;0.0;0.0;1.584962500721156;2.321928094887362;2.584962500721156;0.0;4.0;0.0;4.459431618637297;3.169925001442312;0.0;4.0;4.0;2.0;1.584962500721156;1.0;1.0;0.0;0.0;0.0;0.0;0.0;1.584962500721156;3.906890595608519;1.584962500721156;4.247927513443585;2.0;3.0;3.4594316186372973;0.0;4.392317422778761;1.584962500721156;3.0;3.0;1.0;2.584962500721156;1.584962500721156;1.0;0.0;4.087462841250339;5.044394119358453;4.0;0.0;3.584962500721156;5.672425341971495;0.0;3.321928094887362;3.584962500721156;2.584962500721156;2.807354922057604;2.321928094887362;4.087462841250339;1.0;0.0;2.0;4.0;5.78135971352466;0.0;1.0;1.0;4.392317422778761;1.584962500721156;2.0;3.584962500721156;3.169925001442312;3.584962500721156;0.0;0.0;3.321928094887362;5.614709844115208;4.321928094887363;4.459431618637297;1.0;2.584962500721156;1.584962500721156;2.0;4.321928094887363;3.4594316186372973;1.0;3.0;1.0;4.087462841250339;1.584962500721156;1.0;2.807354922057604;1.0;1.584962500721156;1.584962500721156;0.0;2.0;0.0;4.0;0.0;1.0;0.0;2.321928094887362;0.0;1.0;0.0;0.0;0.0;0.0;1.0;0.0;0.0;0.0;0.0;0.0;2.584962500721156;1.584962500721156;1.0;1.0;0.0;2.584962500721156;0.0;0.0;1.0;2.807354922057604;0.0;0.0;0.0;1.0;0.0;0.0;0.0;1.0;2.0;0.0;2.321928094887362;0.0;0.0;0.0;0.0;1.0;0.0;0.0;1.584962500721156;0.0;3.584962500721156;0.0;1.584962500721156;0.0;2.0;2.321928094887362;0.0;0.0;0.0;0.0;0.0;0.0;1.584962500721156;0.0;2.0;0.0;0.0;0.0;1.584962500721156;0.0;1.0;1.0;2.807354922057604;0.0;0.0;1.0;0.0;1.584962500721156;0.0;1.0;0.0;0.0;2.321928094887362;2.0;1.0;2.807354922057604;0.0;1.0;1.0;1.0;1.0;2.0;2.0;1.584962500721156;1.0;0.0;1.0;0.0;0.0;0.0;0.0;0.0;0.0;0.0;0.0;0.0;1.0;0.0
7.383704292474052;6.022367813028454;11.996473488733228;8.491853096329674;10.298062567719017;5.977279923499917;8.03342300153745;8.991521846075695;9.684748620421626;4.459431618637297;7.20945336562895;8.179909090014934;7.483815777264256;8.94251450533924;5.954196310386875;10.225207436943505;10.153552031708111;10.318542809702723;6.357552004618084;9.290018846932618;6.392317422778761;9.098032082960527;7.658211482751795;6.672425341971495;9.192292814470768;8.707359132080883;11.900112062977456;6.266786540694901;6.794415866350106;9.174925682500678;5.700439718141092;6.906890595608519;9.897845456005513;6.832890014164741;6.357552004618084;8.527477006060396;6.906890595608519;6.523561956057013;7.247927513443585;11.494355603532846;5.169925001442312;10.326429487122304;7.658211482751795;7.2384047393250786;8.276124405274238;8.049848549450562;10.673309075561695;6.523561956057013;10.025139562278508;9.290018846932618;7.483815777264256;8.353146825498083;7.924812503605781;7.592457037268081;8.707359132080883;10.978710459106358;7.044394119358453;6.303780748177103;7.948367231584678;6.285402218862249;5.129283016944966;7.20945336562895;9.638435913990472;7.577428828035749;7.294620748891627;6.357552004618084;8.527477006060396;5.459431618637297;7.86418614465428;10.304921669581672;9.216745858195306;7.679480099505446;9.164906926675688;7.499845887083206;5.977279923499917;7.3750394313469245;7.727920454563199;8.0;7.78135971352466;8.800899899920305;9.442943495848729;8.357552004618084;7.044394119358453;8.31741261376487;7.924812503605781;9.187352073200495;10.428360172704291;7.86418614465428;8.632995197142957;9.64565843240871;7.774787059601174;6.857980995127572;10.61286849729104;5.087462841250339;6.794415866350106;8.523561956057012;5.672425341971495;10.140829770773;8.76487159073609;8.361943773735241;7.2384047393250786;10.293471648838134;7.0;10.00842862207058;7.366322214245816;6.906890595608519;7.2384047393250786;6.94251450533924;7.839203788096944;5.0;7.087462841250339;8.479780264029099;8.686500527183219;12.979961015222829;9.560332834212442;13.3437409184722;12.247927513443583;11.32755264408124;12.33371442609397;12.286846502735887;11.169298695792843;11.12347479824414;13.729195859132094;11.955286645524469;12.01854794187165;12.77416933531818;10.181152256865566;13.29275299624998;11.495355392235982;11.369052007001388;11.3151495622563;11.174301544467632;11.829326335841666;11.154185209265297;10.471675214392045;12.151967870968187;10.838416075797335;11.749450465569916;10.740624044489412;11.52943055414615;10.060695931687556;13.054943416573323;13.34568244818678;12.631631805917635;11.42574042431621;9.721099188707186;11.749031382040204;12.008078410868256;11.586839787961829;10.85096815098244;10.977279923499916;13.142266638635702;11.466076461396252;10.915879378835774;11.06339508128851;11.715104009236168;9.977279923499916;11.979782430703086;11.686938171670388;11.99435343685886;12.41256984680521;11.699572453287267;11.588246152044816;12.15069928874454;12.03342300153745;10.330916878114618;11.502334580197996;12.800697714363126;13.099347810403192;10.23840473932508;11.14274527675153;11.140829770773;13.069281924365423;11.410451351503994;11.898601387403938;11.863411958941638;13.410583848637842;10.624795455860236;11.124121311829189;11.515207030408751;11.494855584491198;12.106235761615748;11.79644525906185;12.914198242454956;9.67595703294175;11.729620743553038;12.213711798105672;10.925554439873554;10.366322214245816;9.813781191217036;10.788718332690458;11.638888382252262;11.466076461396252;11.779719355143405;10.939579214314692;10.001408194392807;12.602698865017963;11.17617314910749;10.84313591111135;13.500094949671809;13.133302788397303;12.68934284613419;11.247927513443583;12.608254821977908;12.649256177517314;10.973697366305352;13.39593572072332;10.380461065088973;11.583552930466483;12.770044400296824;10.603626344986193;11.894059846274022;12.559138055642384;11.213104219641906;12.102303817212649;12.779308973959898;10.772314573921651;11.384783750093352;8.59245703726808;11.562242424221072;12.437231901039478;11.946906274456396;13.014369242235135;12.105908508571158;11.802112418586066;11.366322214245816
9.226412192788786;9.67065624911844;11.199058823653022;11.439830883981392;10.11504365016171;9.954196310386877;10.369597346278676;10.266786540694902;11.340406490853294;9.485829308701904;10.979425195331473;10.566054038171092;9.642051692927977;9.99435343685886;11.243769031961852;9.372865060112588;9.060695931687556;10.535275376620802;11.591989767615123;9.710806433699352;8.813781191217037;10.906890595608518;13.410583848637842;11.812979471251484;8.294620748891628;10.688250309133178;11.483311954999351;12.089119397915168;12.034798962577268;11.881113960675096;9.273795599214264;8.451211111832329;11.571278618514595;10.189824558880018;9.398743691938192;13.000176099486442;9.67595703294175;13.39231742277876;10.323054760341646;10.225207436943505;7.426264754702098;9.184875342908285;13.140670030415102;9.45532722030456;10.30149619498255;11.2246046815385;10.72451385311995;13.39231742277876;9.975847968006784;9.710806433699352;9.642051692927977;9.339850002884624;10.742309436084;9.64745842645492;10.688250309133178;9.68650052718322;10.62113611327464;8.409390936137703;10.523561956057012;12.304066063127284;8.280770770130603;9.449148645375436;10.35424938194524;10.179909090014934;10.181152256865566;9.398743691938192;10.38586240064146;13.178976011374523;9.665335917185176;9.37937836707126;11.29920801838728;9.958552715431011;11.29232163280204;9.722807531169549;10.145932145820517;8.640244936222345;11.885315061049376;10.722807531169549;12.203959703239462;11.333155350310616;9.873444112515376;10.43149760425805;10.1357092861044;10.88340698638837;9.567956075415466;10.410451351503994;10.030667136246942;9.665335917185176;11.1357092861044;8.965784284662087;10.851749041416058;8.388017285345136;11.261507309202056;11.914758838941856;12.695010739653238;10.16867211813223;9.250298417906333;10.055282435501187;10.304921669581672;10.884170519108435;11.593391122791736;10.9901039638575;8.778077129535358;12.20181761666792;9.552669097514272;9.99859042974533;11.593391122791736;11.682994583681683;10.895575282380683;8.909893083770042;10.501837184902296;8.139551352398794;12.13024878405069;8.174925682500678;9.076815597050832;5.807354922057604;8.174925682500678;7.768184324776926;10.019590728357882;5.906890595608519;7.98299357469431;9.894817763307945;6.832890014164741;8.918863237274595;7.257387842692652;10.274960472140602;8.308339030139408;6.700439718141092;7.820178962415188;8.807354922057604;8.62935662007961;8.977279923499916;7.912889336229962;9.381542951184583;9.4757334309664;6.807354922057604;9.057991722759176;9.131856960608792;10.29232163280204;10.900112062977456;7.768184324776926;6.539158811108031;5.906890595608519;7.820178962415188;9.071462362556623;8.011227255423254;10.439830883981392;9.134426320220928;8.092757140919852;9.509775004326936;8.515699838284043;6.584962500721156;9.116343961237469;8.988684686772165;9.558420713268664;8.527477006060396;8.7714894695006;8.20945336562895;6.189824558880018;9.805743872151618;8.554588851677638;11.525031345124;8.20945336562895;8.228818690495881;9.786269627648466;8.471675214392045;9.984418458801136;8.076815597050832;8.731319031025064;8.442943495848729;7.05528243550119;6.882643049361842;6.6865005271832185;8.826548487290914;7.266786540694901;6.0;5.321928094887363;10.468624042918018;8.960001932068081;7.768184324776926;10.287712379549449;6.189824558880018;9.25502856981873;7.3750394313469245;8.539158811108031;5.754887502163468;6.845490050944375;7.768184324776926;9.071462362556623;8.854868383260236;7.813781191217037;5.247927513443585;8.422064766172813;8.247927513443585;9.741466986401146;7.94251450533924;8.614709844115207;9.67595703294175;9.108524456778168;6.022367813028454;8.139551352398794;8.055282435501189;8.280770770130603;8.266786540694902;8.294620748891628;9.022367813028454;8.930737337562887;6.727920454563199;7.3750394313469245;6.339850002884624;9.157346935362844;7.129283016944966;9.092757140919852;9.843921051289035;7.906890595608519;6.169925001442312;9.366322214245816;9.679480099505446;4.584962500721156;8.113742166049189;8.228818690495881;9.84862294042934;8.055282435501189;10.167418145831736;9.682994583681683;6.965784284662087
9.108524456778168;11.346513733165636;9.330916878114618;10.649256177517314;5.247927513443585;5.977279923499917;7.467605550082998;8.50382573799575;8.294620748891628;5.727920454563199;5.523561956057013;7.74819284958946;8.734709620225837;5.727920454563199;9.74819284958946;9.703903573444665;9.539158811108033;6.426264754702098;4.0;7.312882955284356;12.891593862433655;7.044394119358453;8.430452551665532;6.149747119504682;11.652396861477678;9.152284842306582;7.05528243550119;7.257387842692652;8.679480099505446;7.960001932068081;8.876516946565;10.451211111832327;8.668884984266247;8.144658242831882;9.791162888555018;8.900866807980748;4.523561956057013;10.070120944476823;3.700439718141092;9.35974956032233;10.879583249612784;10.55170826162069;7.022367813028454;9.357552004618084;10.328674927327947;9.174925682500678;8.022367813028454;10.070120944476823;7.794415866350106;7.312882955284356;8.734709620225837;5.700439718141092;8.98299357469431;8.276124405274238;9.152284842306582;5.700439718141092;8.761551232444479;5.285402218862249;7.087462841250339;8.335390354693924;10.0566377151132;9.62935662007961;7.912889336229962;6.714245517666122;9.78953364497036;9.791162888555018;8.321928094887362;11.726218159332198;9.074141462752506;7.839203788096944;10.14338321398982;14.01445642204245;3.4594316186372973;7.417852514885898;9.50382573799575;4.247927513443585;9.499845887083206;8.611024797307353;10.038918989292302;9.422064766172811;5.700439718141092;10.247927513443583;11.208843990734614;8.238404739325079;9.179909090014934;6.614709844115208;6.321928094887363;9.074141462752506;8.038918989292302;9.86418614465428;7.977279923499917;8.243173983472952;9.558420713268664;9.884170519108435;10.391243589427445;7.658211482751795;6.189824558880018;7.442943495848728;12.296055838078784;5.78135971352466;8.531381460516313;8.804131021183318;4.906890595608519;9.430452551665532;8.214319120800766;9.030667136246942;8.531381460516313;8.640244936222345;7.636624620543649;9.049848549450562;3.169925001442312;5.129283016944966;4.643856189774724;11.145295334933598;8.118941072723507;1.584962500721156;12.127349541059118;10.557463701597824;9.566054038171092;5.727920454563199;10.450180247164754;10.430452551665532;7.426264754702098;10.287712379549449;6.321928094887363;11.527477006060396;10.363039630256514;9.184875342908285;8.72451385311995;10.293471648838134;10.17617314910749;12.57790083688697;11.886077584873094;10.230020435705637;10.036173612553483;8.939579214314692;11.862637357558794;11.850577547205614;9.50382573799575;11.356451970221755;7.60733031374961;4.321928094887363;3.4594316186372973;10.0566377151132;10.366322214245816;10.970105890612182;10.277287400130357;7.727920454563199;12.099676554859643;9.885696373339394;12.062383491876334;6.426264754702098;12.900112062977456;10.965784284662089;11.614709844115207;9.782998208920414;10.758223214726724;9.94251450533924;4.857980995127572;9.952741247186488;11.510764167917891;11.335390354693924;7.918863237274595;9.36194377373524;10.936637939002573;7.965784284662087;11.81177605532666;8.741466986401146;11.553629293916364;9.221587121264806;8.948367231584678;10.483815777264256;7.888743248898259;9.691743519171276;9.461479447286155;2.0;3.584962500721156;10.648357582009666;11.004220466318197;10.83289001416474;11.324743110494415;8.312882955284355;10.26795708440284;8.379378367071261;9.501837184902296;7.467605550082998;5.954196310386875;10.397674632948268;12.055282435501187;12.832296678749884;8.906890595608518;0.0;10.651948610723446;10.467605550082997;12.844705764411938;11.793603309279408;8.405141463136344;13.173364830849035;11.458919206967591;2.0;9.4797802640291;9.99717948093762;9.321928094887362;9.505811553919594;10.191059214531656;12.527477006060396;9.86418614465428;8.915879378835774;6.794415866350106;8.199672344836364;9.321928094887362;9.804131021183318;10.926295994781112;9.131856960608792;10.567005370247031;1.0;11.83880998570856;12.096715154488535;12.092096414990792;10.233619676759702;8.442943495848729;12.83703654351734;2.584962500721156;11.630722162103838;10.857203471508166;11.12347479824414
9.447083226209651;8.39231742277876;10.589651146514786;8.129283016944967;9.26209484537018;9.90839262077375;9.076815597050832;8.714245517666123;10.51865315567339;7.312882955284356;9.693486957499324;10.439830883981392;9.00842862207058;10.611024797307351;9.634811050171718;10.1006623390052;7.845490050944375;10.002815015607052;8.991521846075695;8.60733031374961;4.169925001442312;7.721099188707186;10.24198314969433;10.116343961237469;7.924812503605781;8.103287808412022;9.312882955284357;7.727920454563199;9.83289001416474;8.08214904135387;11.117643101389092;7.665335917185176;10.535275376620802;8.92184093707449;9.471675214392045;9.068778277985412;9.754887502163468;9.712527000439824;10.107217075591382;7.066089190457772;10.91139198784346;9.579315937580017;10.098032082960527;7.658211482751795;8.661778097771988;9.829722735086058;9.324180546618742;9.712527000439824;8.686500527183219;8.60733031374961;9.00842862207058;8.543031820255237;7.2384047393250786;10.28424574982967;8.103287808412022;10.1331422124006;9.144658242831882;8.936637939002571;9.741466986401146;7.954196310386875;10.37937836707126;8.957102041562287;10.198445041452365;9.63662462054365;8.703903573444663;9.471675214392045;9.550746785383245;9.25502856981873;8.276124405274238;9.457380879072534;11.075479149488016;8.64745842645492;8.62935662007961;8.247927513443585;9.517669388133813;8.72451385311995;9.705632387361415;9.390168956200185;9.157346935362844;10.48683502156305;9.26209484537018;10.569855608330949;6.266786540694901;10.00842862207058;10.347621368568134;7.499845887083206;10.338736382573916;8.276124405274238;8.778077129535358;8.113742166049189;9.278449458220482;10.19598729802851;9.868822554775;9.016808287686557;8.640244936222345;10.298062567719017;7.906890595608519;7.044394119358453;10.4797802640291;8.672425341971495;8.539158811108031;11.400345796534694;9.923327485419192;8.727920454563199;9.62935662007961;8.820178962415188;8.539158811108031;9.31741261376487;9.659995892429976;8.098032082960527;9.930737337562888;9.194756854422248;8.81698362325538;8.46352437327118;6.658211482751795;4.643856189774724;8.214319120800766;7.857980995127572;8.49585502688717;5.523561956057013;7.693486957499325;8.169925001442312;6.507794640198696;7.870364719583405;6.700439718141092;8.707359132080883;6.3750394313469245;6.94251450533924;7.366322214245816;8.228818690495881;8.829722735086058;8.451211111832329;7.888743248898259;8.76487159073609;8.189824558880018;7.257387842692652;8.204571144249204;8.108524456778168;9.447083226209651;8.63662462054365;6.599912842187128;6.9886846867721655;6.714245517666122;7.768184324776926;7.857980995127572;9.113742166049189;8.430452551665532;8.228818690495881;9.057991722759176;7.614709844115208;7.636624620543649;6.882643049361842;8.744833837499545;7.577428828035749;8.50382573799575;7.636624620543649;7.857980995127572;7.693486957499325;8.405141463136344;8.714245517666123;8.92184093707449;8.804131021183318;7.20945336562895;7.665335917185176;8.005624549193879;6.906890595608519;8.339850002884624;7.426264754702098;8.991521846075695;6.794415866350106;7.011227255423254;7.845490050944375;6.845490050944375;7.108524456778169;7.882643049361842;4.906890595608519;6.918863237274595;9.337621901992508;7.022367813028454;7.900866807980749;8.491853096329674;7.6293566200796095;8.622051819456376;7.686500527183218;7.409390936137702;7.761551232444479;6.303780748177103;7.721099188707186;8.388017285345136;8.654636028527968;6.882643049361842;5.044394119358453;7.851749041416057;7.515699838284043;8.894817763307943;6.7414669864011465;7.426264754702098;8.826548487290914;8.098032082960527;7.011227255423254;8.90388184573618;9.88264304936184;7.417852514885898;6.918863237274595;8.066089190457772;8.851749041416058;8.280770770130603;7.459431618637297;6.820178962415188;7.03342300153745;7.948367231584678;7.392317422778761;8.527477006060396;7.876516946564999;7.672425341971495;7.622051819456376;8.103287808412022;9.390168956200185;5.554588851677638;7.693486957499325;6.768184324776926;9.487840033823051;7.643856189774724;10.547858506058416;8.475733430966399;7.294620748891627
10.59618975614441;11.363039630256514;11.807757403589267;11.06204613772049;10.203348002979762;10.742309436084;12.42783660345852;10.12670447284319;12.508785162064513;10.393390457443989;11.762382038710392;11.00982861736811;10.184875342908285;13.054604317960672;11.770250927394864;12.242578689451346;11.285980105928212;10.234817431117325;10.310612781659527;11.617008227651963;8.321928094887362;10.539158811108033;11.64565843240871;11.221587121264806;11.63254087654689;11.085472459181284;10.634811050171718;11.827739648806956;9.413627929024171;11.664891669286089;11.35974956032233;10.547858506058416;12.53016245322715;12.01576348736988;12.147522944350744;12.148476582178278;12.649031581106666;11.7279204545632;11.79400964502097;11.33371442609397;11.177419537989236;9.29232163280204;9.550746785383245;11.122827994807666;11.732167425663384;11.94104760634058;13.55542794150115;11.7279204545632;12.132178380915544;11.617008227651963;10.184875342908285;10.376125389276174;11.844705764411938;12.363860976729532;11.085472459181284;11.969386521342283;11.526988205432009;11.224001674198105;12.416533660199583;11.508289986140348;10.556506054671928;10.844705764411938;13.041316915829444;12.505563476360582;10.924070185585345;12.147522944350744;11.016111838220512;10.84313591111135;11.820178962415188;9.805743872151618;12.59269061535341;11.61056350392504;11.443979542601252;11.173052457774116;11.41256984680521;12.351767443959892;11.88683970588442;12.426526848451733;11.43879185257826;12.720030446498972;11.98192398731734;11.355901638328415;10.030667136246942;12.03960451795376;13.00842862207058;11.372865060112588;12.685624839726357;11.820178962415188;11.491853096329674;8.661778097771988;11.62890115202819;10.014020470314934;12.83368074865474;11.252074042796185;11.52552080909507;12.52845411076479;8.96289600533726;11.160501747555688;13.088457003486226;12.268249571994492;12.101975670949232;12.234518085739987;12.956194629090778;12.561049226699671;11.59898297103609;11.57790083688697;12.101975670949232;11.905763049602792;11.27029532647204;9.927777962082342;12.2404932238768;10.117643101389092;12.172427508645482;12.40886043602476;10.817783121774534;11.788718332690458;12.122504484313904;11.594324603924848;12.486332252768664;11.791569912126878;11.416269744523207;11.80292019858527;12.146250445885986;12.211584153079526;10.988684686772164;12.2600374211066;10.559377090526684;11.922212717785449;11.56081046872794;11.815383295813538;11.99964773652837;12.007027266893967;12.277287400130357;11.829326335841666;11.892542816648552;11.421012855779226;11.63390340934852;11.854868383260236;11.924441392339196;12.281930026955443;10.7047682393626;11.677719641641009;12.085804380278086;12.32558654521057;11.795633844506778;11.078817949961978;12.73788107685778;11.76445696361989;11.91139198784346;11.86611979330307;12.118616689351509;12.376125389276174;12.369597346278676;11.739358707433396;12.002815015607052;11.347621368568134;11.405141463136344;11.70433597118232;11.536247215688128;12.391780606013166;12.64092273517345;12.433846208442825;11.804534402995223;12.349281228817452;12.496853777388042;10.940313597145968;12.285691191330091;12.310044679647506;13.36221781591308;10.64565843240871;11.42259043389256;11.67991987851842;12.24198314969433;11.347621368568134;11.899356922923111;10.627533884472792;12.200285605224298;12.410451351503994;11.406736482691723;11.633449374713493;12.269126679149418;12.026177596889225;12.322491537597468;12.179909090014934;11.149111990706889;11.558898981146704;11.183015000882756;11.406736482691723;11.59618975614441;11.393926675640415;11.791162888555018;10.837627933171404;11.754052367528924;11.659103963473662;12.07815080773465;11.674192268145683;12.24347153839633;12.357826882210777;11.595723694101627;12.194449079479025;13.00474715754676;13.222643985451697;11.632086412835182;12.544481522310791;12.298062567719017;12.253256579781151;12.439830883981392;10.967226258835993;11.74819284958946;11.759888183221834;11.482807956726669;11.969386521342283;12.891973519025557;12.019590728357882;12.239896822445862;11.83880998570856;11.689124404913258;12.99276135094313;12.206403913973848;11.949461979360152;12.136670762341843;12.889503963411476;12.572700226487292;12.530650179750014;12.016808287686557;11.312315746690109
4.087462841250339;5.584962500721156;4.523561956057013;5.044394119358453;5.0;4.247927513443585;6.459431618637297;4.643856189774724;6.339850002884624;4.523561956057013;6.426264754702098;6.643856189774724;4.857980995127572;5.087462841250339;3.169925001442312;4.392317422778761;4.700439718141092;5.169925001442312;6.6293566200796095;6.303780748177103;4.321928094887363;5.906890595608519;5.906890595608519;4.169925001442312;4.643856189774724;5.044394119358453;3.584962500721156;2.807354922057604;4.321928094887363;5.426264754702098;4.392317422778761;4.584962500721156;6.321928094887363;4.0;4.523561956057013;5.247927513443585;3.4594316186372973;3.700439718141092;4.700439718141092;5.321928094887363;5.357552004618084;4.807354922057604;5.554588851677638;5.285402218862249;5.491853096329675;6.357552004618084;4.247927513443585;3.700439718141092;4.807354922057604;6.303780748177103;4.857980995127572;5.78135971352466;5.087462841250339;4.321928094887363;5.044394119358453;8.294620748891628;3.906890595608519;3.700439718141092;4.0;4.321928094887363;5.285402218862249;5.977279923499917;5.727920454563199;4.906890595608519;5.20945336562895;4.523561956057013;4.643856189774724;5.129283016944966;6.066089190457772;5.614709844115208;7.098032082960526;4.087462841250339;5.20945336562895;6.022367813028454;3.700439718141092;4.807354922057604;4.754887502163468;5.78135971352466;4.700439718141092;4.459431618637297;5.20945336562895;4.906890595608519;3.321928094887362;6.857980995127572;4.584962500721156;5.614709844115208;6.0;6.066089190457772;4.087462841250339;3.4594316186372973;4.169925001442312;5.754887502163468;6.539158811108031;3.169925001442312;4.700439718141092;5.523561956057013;4.087462841250339;5.426264754702098;6.022367813028454;3.0;4.807354922057604;5.044394119358453;5.20945336562895;5.087462841250339;5.129283016944966;4.0;4.807354922057604;4.700439718141092;5.857980995127572;3.321928094887362;6.569855608330948;4.392317422778761;6.087462841250339;8.543031820255237;5.700439718141092;9.08214904135387;7.554588851677638;5.491853096329675;7.159871336778389;8.467605550082997;6.357552004618084;6.22881869049588;9.92035285541508;6.169925001442312;8.08214904135387;7.960001932068081;5.0;9.250298417906333;6.658211482751795;5.643856189774724;6.554588851677638;5.700439718141092;6.882643049361842;6.20945336562895;5.643856189774724;7.118941072723508;5.882643049361842;6.169925001442312;7.076815597050831;5.807354922057604;5.523561956057013;8.303780748177102;9.269126679149418;7.044394119358453;6.392317422778761;5.087462841250339;6.700439718141092;6.672425341971495;6.906890595608519;5.0;6.266786540694901;8.632995197142957;6.321928094887363;5.700439718141092;5.491853096329675;6.0;4.807354922057604;7.392317422778761;7.434628227636725;6.794415866350106;7.409390936137702;5.357552004618084;5.700439718141092;7.05528243550119;5.700439718141092;5.700439718141092;6.066089190457772;7.714245517666122;6.9886846867721655;5.491853096329675;5.807354922057604;5.614709844115208;7.066089190457772;6.266786540694901;7.330916878114617;6.491853096329675;9.50382573799575;6.22881869049588;5.459431618637297;6.169925001442312;6.108524456778169;6.977279923499917;7.118941072723508;8.194756854422248;4.643856189774724;6.977279923499917;7.507794640198696;6.22881869049588;5.321928094887363;5.129283016944966;5.087462841250339;8.184875342908283;6.044394119358453;5.727920454563199;5.459431618637297;5.392317422778761;8.539158811108031;6.614709844115208;5.832890014164741;8.353146825498083;7.832890014164741;7.839203788096944;5.78135971352466;5.807354922057604;7.098032082960526;6.189824558880018;8.758223214726724;5.832890014164741;6.3750394313469245;8.219168520462162;6.20945336562895;7.400879436282184;7.011227255423254;5.754887502163468;6.523561956057013;7.614709844115208;5.857980995127572;5.754887502163468;5.672425341971495;6.266786540694901;8.588714635582264;6.794415866350106;8.027905996569885;7.098032082960526;6.149747119504682;6.584962500721156
8.03342300153745;7.539158811108031;6.894817763307944;7.658211482751795;8.303780748177102;8.696967526234287;10.328674927327947;7.098032082960526;10.561287945164828;6.044394119358453;9.419960177847887;9.52943055414615;9.139551352398794;9.853309555403674;7.339850002884624;8.86418614465428;9.189824558880018;8.164906926675688;8.29920801838728;10.068778277985412;7.303780748177103;8.46352437327118;8.118941072723507;6.189824558880018;6.643856189774724;9.584962500721156;9.383704292474052;6.108524456778169;7.169925001442312;10.510764167917891;8.199672344836364;6.507794640198696;9.131856960608792;5.977279923499917;6.977279923499917;8.055282435501189;7.3750394313469245;7.392317422778761;11.4797802640291;9.715961990255144;6.507794640198696;5.459431618637297;7.169925001442312;7.906890595608519;6.584962500721156;8.703903573444663;9.661778097771988;7.392317422778761;8.86418614465428;10.068778277985412;9.139551352398794;10.30720080914081;8.791162888555018;8.330916878114618;9.584962500721156;9.77313920671969;8.103287808412022;7.417852514885898;10.84313591111135;8.118941072723507;5.285402218862249;8.906890595608518;9.287712379549449;8.326429487122303;9.074141462752506;6.977279923499917;9.457380879072534;7.303780748177103;8.271463027904375;7.2384047393250786;10.586839787961829;8.290018846932618;8.290018846932618;9.344295907915816;10.304921669581672;6.94251450533924;8.527477006060396;10.24436383512051;6.714245517666122;10.594324603924848;9.174925682500678;8.73809225962049;7.870364719583405;10.4655664048094;9.571752643503546;9.807354922057604;10.624795455860236;8.271463027904375;8.066089190457772;7.169925001442312;7.434628227636725;7.900866807980749;11.014020470314934;7.813781191217037;8.64745842645492;7.276124405274237;5.906890595608519;7.451211111832329;9.842350343413807;9.721099188707186;7.906890595608519;9.677719641641009;6.409390936137702;11.179909090014934;9.226412192788786;8.584962500721156;7.906890595608519;9.199672344836364;9.544964432789238;7.022367813028454;9.688250309133178;6.977279923499917;9.663558104217271;10.535275376620802;8.867278739709661;10.509775004326936;11.496354488564617;10.333155350310616;11.637983303777853;10.481799431665753;10.285402218862249;10.154818109052105;11.10459875356437;11.10459875356437;10.60733031374961;11.802516365121225;9.584962500721156;11.28424574982967;10.251482410620213;11.145295334933598;10.7515440590891;10.632086412835182;11.98584193700334;9.923327485419192;11.672425341971495;10.147204924942228;10.394462694610317;9.679480099505446;10.25502856981873;10.583082767502932;10.44190670454224;11.01262453886506;11.580258567499788;11.339850002884624;10.131856960608792;9.831307243802051;11.671983272091865;10.543031820255235;10.51175265376738;9.052568050804153;9.30149619498255;11.29117069932186;10.800090987624994;9.108524456778168;9.618385502258606;10.8649599151426;10.24198314969433;11.41415667927414;10.901621158346112;11.345405246717796;12.076815597050832;9.874981347653774;11.532355925288847;11.786678033890652;9.88264304936184;10.220378327695228;10.760719947465624;10.640244936222343;11.885696373339394;9.681238411777803;11.253256579781151;11.01262453886506;11.736824699098864;10.371776644337924;11.07815080773465;9.3151495622563;10.870364719583405;10.774787059601174;8.483815777264256;10.051208940914766;11.458406613236534;11.09077405464075;11.690871009292314;11.733439082899434;8.787902559391432;9.60733031374961;10.938844457466171;9.61654884377899;10.839991070539886;9.355351096424812;10.61654884377899;9.537218400538595;10.817783121774534;10.709945380232496;8.744833837499545;8.271463027904375;11.211279947482009;11.670213636738564;10.310612781659527;11.363587246524578;11.975847968006784;12.381002109550924;11.037546953962178;11.031356596255709;11.731319031025064;10.878817284614229;11.740624044489412;10.409390936137704;11.441388029346689;11.184875342908285;10.403012023574997;11.60130652612184;11.490850876740298;9.837627933171404;11.98299357469431;11.038918989292302;9.405141463136344;9.659995892429976;8.016808287686555;11.111135670234708;10.569855608330949;10.839991070539886;12.375853976418467;12.484319423644267;10.37937836707126;10.584962500721156
13.528698283574188;15.849478406760172;11.823367240046236;12.943430560383598;13.179131566395528;13.336367081389795;10.7657004876511;12.870557374326417;13.712634467760138;12.64430696154558;12.389900172773064;10.388017285345136;13.1603441706847;15.165103273157325;14.82798768371531;16.209776991380892;13.351353372192143;12.218865910069676;12.898790308381212;15.010746626515322;11.045759661382682;12.712527000439824;14.570863718847136;13.61286849729104;9.878050912728536;13.442295588602516;13.58777751632821;14.686664659424151;13.010353265549254;14.283811834830894;13.565459136904616;12.743782540330756;13.9264813239664;15.573676770011565;14.61585949358308;13.81478271506211;16.381373959953073;14.108034327661551;12.389362455643884;14.218638910613478;12.818781872275403;12.078484417411447;11.919980595048962;11.287135186086704;13.508785162064513;14.321575831415734;11.806146803320525;14.108034327661551;14.117724258818354;15.010746626515322;13.1603441706847;11.997532347526366;10.840777923595054;14.651219906073411;13.442295588602516;12.001408194392807;13.885601054714876;12.288577736992703;13.720671786825555;14.208310576478638;13.62935662007961;11.37232095486726;14.23549073120826;13.194141238863136;8.906890595608518;14.61585949358308;14.778847155550874;15.050656436583976;14.45211251457386;11.171802288682985;12.669328004395904;15.120075840497751;10.376125389276174;10.174925682500678;12.237807473723135;15.26172766330592;13.399678469152942;12.050528905530555;11.99541385222515;14.382151155768527;13.290450899356378;14.245478430505113;12.375582512490508;12.758639637024576;14.289730740083757;13.108361098906638;13.583670447270272;14.45211251457386;13.003342220086113;11.952741247186488;14.651948610723446;13.558659867026508;15.337900602860929;13.086136225027309;11.78953364497036;14.646727449706102;10.31741261376487;13.252813241993014;15.420091804602317;14.004132665749694;14.112113658097863;15.288902112260892;15.408462432884376;13.857106251585565;15.43827205612483;12.395801871389748;14.112113658097863;13.193987293919182;12.6476832678862;12.924998023446696;16.325323024826822;11.118941072723509;14.19067349813204;13.852139328187244;12.59898297103609;10.813781191217036;13.940772396654014;13.39700606857239;13.943155804939336;11.417852514885896;13.131696223597777;13.24347153839633;11.3297963382207;13.266640155930848;12.029287226968243;13.801405239881648;12.31174831500496;11.84901407369482;12.687375683437468;13.187815987146577;14.135228307589896;13.815383295813538;13.450695771572915;13.27873982655011;13.682994583681683;12.439311461818846;14.13787170725502;13.870461050170752;13.181152256865566;14.70859895452498;12.274960472140602;11.592924155627635;11.952377251967985;13.465056167831175;13.15608307628868;11.92035285541508;13.259007607644609;13.26532202423487;12.873636356508053;13.813079710615142;13.31174831500496;11.679040186393062;14.097126823785349;13.170863950411928;13.61321392888395;13.100333819126542;13.352595231134304;13.025139562278508;11.37232095486726;13.783612165256038;13.707251271063232;13.721740054213049;13.33734314727405;13.038918989292302;13.362628781601911;13.034455095327186;14.288073008232963;13.36153261284112;13.909518114296617;12.511505595792482;12.112765281885316;12.404077136241234;12.469133019829592;12.945992424396774;12.986730898175647;10.47269083924278;11.609640474436812;13.584727667963922;13.368779260041338;12.6884688827327;14.052992510203165;11.94288099715904;13.69631555889282;12.607792641919213;12.992407315348498;13.702930204438289;11.266786540694902;13.30035256032822;13.507670777134368;13.857786653503934;13.359200485133632;10.619302955415687;12.780334708123895;12.929073435876813;13.363039630256514;13.165535141377925;12.883025068440173;14.027042055565031;13.219924768862814;11.683433292835405;13.505811553919594;14.026177596889225;12.171802288682985;13.16788851318065;13.963347680316964;14.596946785992111;13.307627747257134;11.443461612227392;12.33427328530719;12.098690096673591;13.42350989177284;13.704876286173423;14.664113906143047;14.545869454486873;13.66478058593351;11.490850876740298;14.036688768795663;14.155608843542105;10.86573327085176;13.14386148186786;12.69479315499995;13.665446957788724;11.77066389291676;14.930090492697849;14.153472864970588;12.92851837525789
11.394998514501673;11.900866807980748;10.651948610723446;11.647008638441648;10.927037168720297;11.774375272802065;11.919980595048962;9.113742166049189;12.777666280880757;11.380461065088973;12.61194694181998;11.557942286787448;10.76155123244448;12.469133019829592;12.676838606474153;12.867085646616836;11.74188827273525;10.166163082646111;10.084808387804362;11.98655314975666;12.945443836377912;12.28164030006605;13.315432637905376;12.181773438808808;8.980139577639157;11.935901682267588;13.32895536178133;11.06406908038551;12.664891669286089;12.58096513597733;10.076815597050832;12.69261550169458;12.936085781679678;12.657765035265363;12.809768128710411;11.747353829478062;12.60848585649532;13.77066389291676;11.99929538702341;12.51668494930961;10.11504365016171;13.300066509957324;10.50382573799575;11.778898476008376;12.865153292938064;11.407267764244732;12.49585502688717;13.77066389291676;12.446824840780309;11.98655314975666;10.76155123244448;10.92851837525789;11.885315061049376;12.750078862693847;11.935901682267588;9.348728154231075;12.883025068440173;11.040974598817304;12.456611099574918;11.558898981146704;12.756556322524087;11.85836959985474;12.30035256032822;11.700439718141093;11.8193807908646;12.809768128710411;12.268249571994492;11.949097155729207;12.7657004876511;10.584022940257542;12.6640027628865;11.269126679149418;11.204571144249204;11.97906787148051;13.05273784954982;12.805743872151618;12.359200485133632;12.64250302878052;13.07129475348982;12.965784284662089;12.776227388507262;10.367414751246828;11.356451970221755;12.945443836377912;12.016460104979208;12.423641195075856;12.216745858195306;12.7657004876511;13.101975670949232;9.084808387804362;12.630039552656095;14.043967122273356;12.411775775576528;12.203959703239462;13.060695931687556;12.090112419664289;11.424691191512954;12.578844391558205;11.981567281903017;13.382353833664512;13.562480945349316;13.720458038393296;13.011401989880063;11.869979332899964;12.397674632948268;11.73809225962049;13.562480945349316;12.596422730717526;12.352871054677996;11.393390457443989;12.905198945962804;11.225207436943505;12.643405277115674;12.19506456372082;12.364955378481907;10.706496018061188;12.25974326369078;11.534789211480266;12.462246634244352;10.699572453287267;11.85369942030022;12.401412878714178;10.959277505720502;12.469641817239516;10.603626344986193;12.165221068220944;12.316564385396942;10.776433032444732;11.588714635582264;11.741466986401146;12.1270270430046;12.70606426733497;12.318260343712415;12.513727595952435;12.371232128369622;11.581200581924955;12.637983303777853;12.096385734452651;12.583787954502338;12.585197295260024;12.009128789539256;10.792790294301064;10.934428040626804;12.238106137432077;11.786678033890652;12.340128273700588;13.395266349839096;11.798471801101618;12.034111146096592;12.51865315567339;12.7255792804196;10.961449694398196;12.701089824817158;12.588714635582264;12.697619199078714;11.532355925288847;12.209148710355748;11.658211482751796;10.98299357469431;12.357826882210777;12.718746909901064;12.667333341605158;11.702605602110248;12.182083929510725;12.34568244818678;11.74104557700984;12.643630751061728;12.02997734658958;12.490349505739289;12.373952655370193;11.48733761520718;11.766528908598865;11.365228849251544;11.96902670215077;12.208234358339787;10.569855608330949;11.092757140919852;13.504943095770118;12.171176797651771;12.347898144596012;12.507051302247916;11.217351905270334;12.637530551525307;11.179287104646004;12.659103963473662;11.552669097514272;10.526499239136566;12.257682480708766;12.653516879421431;12.889123656294238;12.246146774635864;10.217957697864112;11.434106928609957;11.916625922211235;12.759680167210965;12.30149619498255;11.605016447911364;12.679700005769249;12.203959703239462;10.897089128312755;12.3151495622563;12.754678763822527;11.977637690405876;12.080817527608328;12.023407843140218;12.714245517666123;12.172114932533136;11.849405100947758;11.25797705856398;10.94617524072356;11.88264304936184;11.818582177480858;12.461990950585571;12.0911047583765;12.482303782323182;10.971543553950772;12.47192918764169;13.066593776312253;9.493855449240822;11.709945380232496;11.287712379549449;12.729620743553038;12.261213451366048;12.934059394900794;12.573410505507574;11.653292945382814
17.06157159993309;14.511443824687555;14.274742130098431;14.045333068328068;14.01524080333268;13.655754310144218;17.299351135796343;12.3063465536885;14.85096815098244;14.893443745365175;12.819580375155004;14.654468211497372;14.377617247970784;15.53363391224769;14.558480505424871;15.363758333988862;14.41844560638074;13.166947625077157;15.376837605185855;14.265541796501406;13.991521846075695;13.488216732995973;14.712097051087548;13.916346013714149;12.999823879015723;14.56955897112606;14.053756222562145;13.901055432553273;14.51434421135734;14.312386659961073;14.986064228654277;13.783305219747794;15.623538603489946;13.846763607916468;14.733862719678545;14.80014155793332;16.841478353467384;15.243657479063549;14.764819768862816;13.907266248531066;12.806750989149508;12.38747886584238;13.483941705343671;15.150381968817848;14.398276076103468;15.217541242782698;13.937465778954389;15.243657479063549;14.04746477331842;14.265541796501406;14.377617247970784;11.625252221746871;13.273358529266698;14.638662165859657;14.56955897112606;10.079484783826816;14.923884546385334;13.16679075071818;14.344365266587058;14.510455127143649;18.709339644161087;11.676838606474153;15.733174246727806;14.48274494456091;13.573883830656468;14.733862719678545;15.741203619956908;13.898506917637286;15.436256074085794;12.340128273700588;12.912515144802397;14.29354349441176;13.338039933107874;14.98040737983172;14.650827374138768;16.17866485100647;15.25074252905064;13.24242982755771;15.321470135599656;13.594557879863732;13.684091106529095;17.58098721066728;14.523868202219385;13.916719212976629;12.765078859616684;14.389967373324623;14.488781597396112;15.436256074085794;14.529247521345166;12.059682447247638;13.995943767764953;13.857980995127573;12.446307931050343;13.829425445864093;15.315255722133774;17.563717641216893;13.055960234452296;15.091435386323608;15.629555842144498;14.552789157019262;15.111013375123724;14.064153308136994;13.318260343712415;14.33378429533586;12.709299252712157;13.36139553316589;15.111013375123724;14.285980105928212;13.469514634708393;13.984952427732368;13.405274448806429;13.160974374927935;14.554229092303954;13.2205294822913;15.06373212019692;10.219168520462162;13.983349927676455;13.681018739902102;14.134506539022745;10.727069558023706;13.888838360151276;14.154264336924216;10.562242424221072;13.362491806046062;11.971543553950772;13.04114576747633;13.848231701093818;11.025831668332026;13.59549060660764;13.474719946526482;14.222266622827355;13.88502901067848;13.621021609124346;13.777666280880757;14.507051302247916;13.000528233986822;13.906045018731197;14.10549933784863;13.363587246524578;14.63225685350416;13.5285762023352;11.950555897047511;10.493855449240822;13.796952161509315;14.393725617171569;13.135388651579046;13.264442600226602;13.62193738796388;14.269711121142782;14.461607340113764;14.48255589154897;10.893301530860564;14.559556340702834;14.170394552314118;13.980764372110905;13.112602403528848;13.935072944069084;13.549904967722028;10.701306461958623;14.389832969091168;13.505935576704188;14.858078156123057;13.60478485708642;14.817383427897232;14.564804462053765;13.712204550438654;14.730523207685463;13.46326891598129;13.03083953214138;14.375514638526536;13.410053787075569;13.042685372219353;12.07045641594465;13.836543533554272;13.525398458669615;10.42940674151398;11.06339508128851;14.729833138848363;14.55728419121321;13.269418929741096;14.687156944138907;12.146250445885986;13.965874450284495;12.106890045092218;16.798193320312325;13.237807473723135;11.298062567719017;13.496479326970862;13.946449421784386;14.52497015044982;14.31875462290802;9.64745842645492;13.389093521904474;13.95764621521841;13.721846837458784;13.50084187955693;12.749450465569916;14.011751395316717;14.263709337165892;10.577428828035748;12.906326932760605;15.841195764792852;12.865926545021903;12.026869205263395;14.123636453803824;14.343255127511735;13.638096469643768;12.80755617685892;12.614939847310737;11.884552133987237;13.62044895201331;13.722273891422056;14.240940363208098;15.330671834370351;13.903222844433571;10.99081307915361;13.955740708739398;14.316069355109189;11.770250927394864;13.082648042352986;13.069114061773938;12.934612328171395;11.909518114296617;14.689670445963223;14.56057167123656;12.803525736911428
13.34443462192399;13.084476237453892;12.310896748797711;13.009128789539256;12.910080531966354;12.636398048883835;12.65306897657993;12.061708704660624;12.533816389433364;12.656201380194553;14.130570562805426;14.404343291585755;13.344712009935012;13.987796929042542;13.77540451950398;12.493104892539137;13.003693582737847;13.346513733165636;10.721099188707186;13.337203749714552;12.916812497709833;13.339432495996776;13.764767945128025;14.112846714168288;13.97235161044064;12.911953675621971;13.03325091409872;12.914198242454956;13.905198945962804;13.703254733748146;13.661555442467758;14.473642338633717;13.320800548881635;13.938385044335872;13.088788238716909;13.319672120946995;14.151650829973422;13.52955256311412;13.047123912114026;12.953468962228849;13.984151400205205;13.115856481915078;12.832494484336111;13.70832951852814;13.443332100575896;14.60246690183057;12.341518823245243;13.52955256311412;14.021847516680609;13.337203749714552;13.344712009935012;12.25650356743304;13.64891926978818;13.579315937580017;12.911953675621971;8.909893083770042;14.068946179648783;12.116018993325094;13.552308859040332;13.691198262336904;13.159871336778387;13.603046739883828;13.559257578035137;13.941872920545068;13.707574829926973;13.088788238716909;13.68002980232821;13.5473765634981;13.68551534141194;12.95183108688825;13.786167508020684;12.94452905919877;12.390706372872774;13.111135670234708;13.176017274757935;14.516561847211248;13.091270081821463;12.787086324551616;14.344157180569118;13.556506054671928;13.867085646616836;12.673088192909365;12.296629474285504;12.43254190038826;13.298492218302693;13.637756945412145;13.451082294024229;13.68551534141194;12.7714894695006;12.485829308701904;12.87536540064177;13.302924464617952;13.360024019571876;13.215381320721084;14.364887002689064;12.610102062999664;11.068778277985412;13.418379719364957;13.582847628550269;13.461990950585571;13.580729651598958;13.710053040024412;14.11178773580101;13.191213472221284;13.178976011374523;12.935165049603697;13.580729651598958;13.905763049602792;13.756452077786811;13.601074338941668;12.924441392339196;12.82137539237254;13.338179249900112;12.335948565202298;13.205029555005872;13.081982669325678;12.898601387403938;12.64880694972577;12.895007180368662;12.845686055977064;12.640696837570092;12.913450441458098;13.02911464546904;12.30720080914081;12.278449458220482;12.790959333698824;12.324180546618742;11.822172461476178;12.67485430794662;12.5090326863065;13.156241119235752;12.71853287606922;12.99859042974533;12.579787329526992;13.340406490853294;12.693051295397;12.51422090935813;12.551227603598289;12.44785810495403;13.39794197197264;12.773551346428505;12.916999049082808;12.592223421359405;12.893301530860564;12.541338657970826;12.292609222764296;12.39473062943157;12.674412981837063;12.940680648424092;12.792993591002716;13.016285982108814;12.257387842692651;13.109667444250803;12.799281621521924;12.556026992724677;11.627077840517394;13.191830338095308;12.964340867792416;12.485326189240524;12.950009041886164;12.66222330531784;13.389093521904474;12.33147682185962;13.29332794695636;12.771283119641003;13.036860446673046;13.057822541282478;12.560332834212442;11.941414470942911;13.153235338689411;12.155134454857755;11.915879378835774;12.729833138848363;13.061708704660624;13.124444460008585;12.657318449581288;13.171020382511934;13.581671358578143;12.55098721452152;12.589182967039353;12.987264012072538;12.556745526004686;13.089781488353998;12.46454575033394;13.196448443962078;12.629811944382231;12.730682407476795;12.683213954934429;12.69261550169458;13.019764452849738;12.985308297255852;12.377210530388552;12.1901333218648;12.235415935602528;12.475226777742266;12.53818893205242;13.002111776479852;12.884170519108435;12.626849764469036;12.246443717117286;12.357826882210777;12.961630562578824;12.220680621052203;11.6965329140783;13.237807473723135;12.731106854388033;13.216442739160492;12.794821973331224;12.386940245324311;12.731531176461942;12.530893981193922;12.81277897162766;13.117805411682438;13.04916787237217;13.115206253153248;12.819979460922664;12.81257844413538;12.83466855769086;11.90048948483465;12.585901449690772;12.79543091954113;11.533816389433364;13.47649307734159;13.118616689351509;12.792790294301064;12.414685235807214
8.149747119504681;10.8193807908646;9.884170519108435;9.409390936137704;9.569855608330949;7.882643049361842;9.364134655008051;5.285402218862249;8.78135971352466;8.43879185257826;6.870364719583405;9.932214751968385;8.807354922057604;9.62935662007961;9.167418145831736;7.139551352398794;9.590587049915037;6.894817763307944;5.832890014164741;10.204571144249204;10.427312844134963;7.930737337562887;8.558420713268664;10.072802534544207;9.124121311829189;8.038918989292302;10.31174831500496;10.152284842306582;10.4241662888181;8.144658242831882;9.14210705730255;10.728770849542665;9.37937836707126;10.605479518061667;9.025139562278508;8.159871336778389;10.659995892429976;7.693486957499325;8.954196310386875;8.290018846932618;7.169925001442312;7.199672344836364;7.622051819456376;7.870364719583405;5.882643049361842;9.339850002884624;9.337621901992508;7.693486957499325;10.60917873814198;10.204571144249204;8.807354922057604;6.409390936137702;10.459431618637296;8.625708843064466;8.038918989292302;3.906890595608519;8.20945336562895;8.321928094887362;10.03342300153745;10.24198314969433;7.906890595608519;7.820178962415188;10.880348808156027;11.244958393151132;8.92184093707449;9.025139562278508;8.599912842187127;10.335390354693924;8.72451385311995;9.39231742277876;6.149747119504682;9.092757140919852;8.233619676759702;8.89178370321831;10.643856189774723;9.63117705570398;9.346513733165636;7.954196310386875;10.338736382573916;8.912889336229961;10.502831804066744;8.071462362556623;8.0;7.800899899920305;9.377210530388552;9.31741261376487;10.309476353841106;8.72451385311995;8.778077129535358;5.857980995127572;9.411510988012072;8.335390354693924;6.475733430966398;9.287712379549449;11.032045726930807;9.134426320220928;7.679480099505446;7.807354922057604;10.360847084179664;11.072802534544207;7.727920454563199;11.265615046484458;8.768184324776927;8.238404739325079;9.4797802640291;8.64745842645492;7.727920454563199;11.928888439397635;8.845490050944376;10.369597346278676;6.149747119504682;8.86418614465428;9.328674927327947;7.857980995127572;7.622051819456376;7.357552004618084;9.219168520462162;9.016808287686557;9.060695931687556;8.294620748891628;8.778077129535358;8.124121311829187;8.266786540694902;9.08746284125034;8.79766152585376;8.63662462054365;8.134426320220927;7.499845887083206;8.507794640198696;8.49585502688717;8.83605035505807;7.888743248898259;10.567956075415466;8.94251450533924;8.63662462054365;9.187352073200495;7.392317422778761;8.022367813028454;8.76487159073609;8.219168520462162;9.541096615349524;8.483815777264256;7.754887502163468;9.35974956032233;7.988684686772165;6.0;8.550746785383243;9.147204924942228;9.038918989292302;8.339850002884624;8.011227255423254;6.426264754702098;8.741466986401146;8.665335917185176;7.592457037268081;8.252665432450248;9.491853096329674;9.12670447284319;8.113742166049189;9.326429487122304;8.721099188707186;9.577428828035748;9.095397022792556;9.216745858195306;9.355351096424812;8.588714635582264;8.092757140919852;7.870364719583405;9.29232163280204;9.236014191900084;8.62935662007961;7.714245517666122;9.876516946565;8.754887502163468;9.060695931687556;7.475733430966398;8.044394119358454;8.499845887083206;7.584962500721156;9.13699111208023;8.603626344986193;9.08746284125034;8.873444112515376;8.60733031374961;7.954196310386875;8.918863237274595;8.204571144249204;8.857980995127573;8.357552004618084;7.066089190457772;10.835260918627489;7.044394119358453;7.912889336229962;8.330916878114618;6.918863237274595;7.285402218862249;9.111135670234708;8.20945336562895;8.703903573444663;8.734709620225837;8.78135971352466;9.705632387361415;8.906890595608518;7.658211482751795;9.483815777264256;8.339850002884624;9.537218400538595;8.543031820255237;7.2384047393250786;9.025139562278508;7.988684686772165;8.867278739709661;9.179909090014934;8.873444112515376;9.918863237274596;9.084808387804362;7.294620748891627;8.194756854422248;9.839203788096944;8.832890014164741;7.392317422778761;6.977279923499917;9.92184093707449;9.776433032444732;8.144658242831882;8.823367240046235
12.632995197142955;12.417852514885896;12.365775635326267;12.983528071165097;10.642051692927977;11.183015000882756;12.49560523119078;9.831307243802051;13.964882318367694;11.855257827193196;12.13827180017222;14.475353457730131;11.38424412224308;12.772520776314757;13.12023787734196;11.61194694181998;13.496104779340126;11.675516044082778;11.827739648806956;13.313024722595518;12.965243172556892;12.187352073200495;12.98815209769054;12.995767150877802;10.914385132155443;12.91755855851037;12.482051629033911;13.042685372219353;12.36221781591308;13.453399256579326;12.035830072835015;11.810973220002165;13.274669342073851;11.802516365121225;14.380528706744087;14.291026768056126;11.624338545312986;13.519513402326607;12.332316330199218;12.69283341500077;11.354800344350595;12.202736043250168;13.923141750621268;13.7865759431684;13.284968651604022;13.713923451576854;13.31557415490396;13.519513402326607;14.641769536301764;13.313024722595518;11.38424412224308;12.29318423075951;12.109177703355275;13.74030781425232;12.91755855851037;12.36796070964157;12.423903765836592;12.496853777388042;12.588246152044816;10.906890595608518;10.457380879072534;12.717676423066395;13.259449046285685;12.54906265857043;11.76487159073609;14.380528706744087;12.618614920250804;12.91625269881221;13.769011321097016;13.484948734468157;13.481042574933754;13.079318104254002;11.678600139099458;13.452241240430816;11.874981347653774;11.41256984680521;12.466076461396252;11.909893083770042;13.564149489985732;12.569855608330949;12.581200581924955;16.177633652678466;11.388017285345136;12.905575039562663;12.703254733748146;13.794415866350104;14.277505357331965;13.769011321097016;12.751753251439336;11.151016538892248;12.764042217306589;11.556506054671928;14.10476253798197;11.778898476008376;11.978352958165145;13.590353130978018;9.134426320220928;14.220756184495505;13.514097596819836;12.95310515059134;12.808562029957525;12.3292357417338;11.381542951184583;13.834964768561605;12.600609852446706;12.77869318322384;12.808562029957525;12.647908074281808;13.043539998771736;10.049848549450562;12.556266543582993;12.641825972041826;14.350110443347928;15.184642931302324;13.65217275350971;13.83969588996783;14.795786019502;13.820378436323685;14.47452983890656;12.68934284613419;14.146727764348864;14.797154872629628;13.331756712255473;15.648301401202366;13.407666097055015;14.861668520613588;13.255471227467067;13.463779785335385;14.149588363516528;14.211356004895151;14.207166881383287;15.038661832040043;14.043112748778713;15.014064071416254;14.341935726886604;13.91429169033146;14.598517810612622;15.29978040285854;14.349350348234925;15.32097678604496;12.93110683302934;13.672093802261683;14.154343460243451;15.17823689589109;15.125897731760327;13.461607340113764;15.26974764090739;14.04874228605654;14.49097619227053;14.471675214392045;14.645208082774683;14.852724560447674;15.238442060216546;14.453206318425792;15.035615318961998;14.710106866907765;14.400746044849342;13.88978912797328;12.957102041562289;14.935533412950749;15.276487941887195;14.934520187341676;13.576720525080246;14.733968609439014;15.515607449629092;13.728770849542665;14.905010862390297;14.676452984336713;15.490286822111248;13.30249613217652;12.94251450533924;14.034713003448283;14.0591754379151;13.513727595952435;14.551347783117778;12.276415241892678;13.839991070539886;14.658155684370753;13.957736890875452;14.321223481910772;15.381407759783006;13.333295139569085;14.855549841168669;14.615916952015128;13.521109643651332;14.090856737681774;13.75258971764099;14.510207846851506;14.874933333840945;14.185727198616211;13.991964648645355;13.807858006430276;14.005975356500382;14.295697199590128;15.44530589110041;14.715425811915866;14.430256519999917;15.147522944350744;14.557104658489855;14.454235023877562;14.763782940300535;15.016547158534271;13.368642867222434;14.299637328029158;14.67380593791686;14.883311516379342;14.84788927961942;13.162706018482416;14.445726186139218;14.852968337174042;13.92016673723887;13.842743180731658;14.995943767764953;15.184952805124247;14.889599024528428;13.455070307287963;14.435019078329743;15.832098846039134;12.679480099505446;14.130490124844886;13.914198242454956;15.330041530701688;13.272046524389935;15.064321748889189;15.141987359717607;14.610332801911134
10.858758099935422;7.665335917185176;12.828334860961816;9.588714635582264;10.840777923595054;7.546894459887636;11.206403913973848;12.527232626447567;12.445014845868425;6.247927513443585;12.218865910069676;9.90388184573618;11.643405277115674;10.145932145820517;8.829722735086058;8.174925682500678;11.73893668167614;12.7988767681333;10.251482410620213;11.803727526553114;11.535275376620802;10.221587121264806;8.906890595608518;8.861086905995395;11.45994384837493;11.629811944382231;12.19075064966236;6.882643049361842;9.231221180711186;11.759888183221834;9.90388184573618;8.118941072723507;11.701306461958623;7.169925001442312;7.960001932068081;10.36194377373524;9.513727595952435;8.144658242831882;9.9901039638575;11.985486199104637;10.375039431346924;13.126220482330105;11.48733761520718;12.020979938904212;7.826548487290915;10.77313920671969;12.829722735086058;8.144658242831882;11.771902080697716;11.803727526553114;11.643405277115674;11.013322673425447;9.43879185257826;9.85642552862553;11.629811944382231;11.802516365121225;9.614709844115207;9.216745858195306;10.381542951184583;8.092757140919852;9.027905996569883;8.83605035505807;11.822172461476178;9.447083226209651;9.411510988012072;7.960001932068081;10.938844457466171;8.118941072723507;9.167418145831736;12.35424938194524;11.785452468158542;12.080817527608328;11.070120944476823;12.429929741353272;9.661778097771988;10.687375683437468;9.96289600533726;10.547858506058416;9.169925001442312;10.671541066711884;11.050528905530555;10.352043425795433;9.471675214392045;10.30035256032822;9.250298417906333;10.644757592516257;12.455070307287963;9.167418145831736;10.224001674198105;8.63662462054365;9.774787059601174;12.74965996169181;12.235715094761895;8.939579214314692;9.659995892429976;9.964340867792416;6.820178962415188;12.095726668639047;10.9901039638575;10.152284842306582;8.829722735086058;13.236163717219272;12.848036041631811;11.397674632948268;8.727920454563199;10.349834091457248;8.829722735086058;9.134426320220928;10.442943495848729;6.894817763307944;9.57553924683453;12.48708634027127;10.25502856981873;14.300066509957324;12.254142846855748;13.65318096532758;14.338736382573916;13.274378153246364;14.234293535939402;13.855549841168669;13.34207466799914;12.95164898590462;14.170707501348076;14.021153496202572;13.063900610128892;14.518345800372607;12.14051027236822;13.90566904764538;12.80715363917749;13.594907723063336;13.39379263977458;13.80564312177336;13.623195635452936;13.573883830656468;12.945260927339202;13.431236412071062;14.157978449945432;13.576720525080246;12.817583288677616;13.932030157887027;12.40886043602476;13.892068417564705;14.115368837820224;13.685953284813918;13.537218400538595;12.934428040626804;13.746094383705463;13.375853976418467;13.702822011777029;13.023061249735337;13.162548682199924;14.34443462192399;13.906796667092523;13.41679752760606;13.557942286787448;13.35356038291553;12.7858611057596;13.380190466749834;13.213408040858337;13.990724458800322;13.84185914629596;13.374767814092824;13.320800548881635;13.921562038654145;13.817583288677616;12.942697762886755;13.942972605568816;13.861086905995396;14.081649867700005;11.7858611057596;12.155134454857755;12.543273538449805;14.19198451336031;13.13651056079364;13.62650758277611;12.19383333254655;14.175705475525929;13.898034475991487;12.700222950799256;13.556745526004686;14.047209134965508;13.861571601125398;13.882929573153632;14.16427843830117;12.139871063212489;13.479527669256347;14.031098087363116;13.361258440464605;13.782895857457785;13.40899307934218;13.414288836562823;13.211279947482009;12.420486612825774;12.855647166027266;13.804836865355092;13.165064005998712;14.380866867456533;14.264662506490406;13.144020869266893;14.343393941621423;14.436581423080453;14.597528846453848;12.99205319285264;13.476746203939468;13.83535962180824;13.842841373349758;14.54984481908885;12.255323690008137;13.147045888945716;14.220453906972867;13.113904915786051;13.545929769085468;14.146250445885986;13.57092299753398;13.991521846075695;13.826846369884125;13.481925535860656;14.210975677726395;11.867664848380745;13.16867211813223;13.69032542253662;14.145454564009516;13.563196272216738;13.89026427702111;13.582259613444965;13.746619286400316
5.169925001442312;6.266786540694901;6.0;5.523561956057013;7.149747119504682;7.417852514885898;5.954196310386875;7.734709620225838;6.977279923499917;6.658211482751795;8.527477006060396;6.523561956057013;7.523561956057013;6.78135971352466;7.813781191217037;6.357552004618084;7.845490050944375;7.294620748891627;6.507794640198696;8.873444112515376;5.977279923499917;6.870364719583405;6.845490050944375;7.20945336562895;7.339850002884624;6.357552004618084;8.584962500721156;5.754887502163468;6.149747119504682;7.247927513443585;5.554588851677638;8.67595703294175;7.189824558880018;6.977279923499917;7.312882955284356;5.523561956057013;7.219168520462161;6.491853096329675;7.954196310386875;7.098032082960526;10.603626344986193;3.906890595608519;8.174925682500678;7.05528243550119;8.038918989292302;6.507794640198696;9.64565843240871;6.491853096329675;6.22881869049588;8.873444112515376;7.523561956057013;6.266786540694901;5.129283016944966;7.044394119358453;6.357552004618084;6.832890014164741;5.977279923499917;7.330916878114617;7.643856189774724;6.339850002884624;6.94251450533924;5.584962500721156;7.118941072723508;6.20945336562895;6.169925001442312;7.312882955284356;7.076815597050831;9.098032082960527;6.189824558880018;8.335390354693924;9.221587121264806;6.768184324776926;5.807354922057604;6.3750394313469245;6.491853096329675;7.584962500721156;6.339850002884624;9.147204924942228;6.087462841250339;7.592457037268081;6.426264754702098;6.965784284662087;5.087462841250339;6.149747119504682;6.845490050944375;6.303780748177103;7.285402218862249;6.189824558880018;6.584962500721156;4.392317422778761;6.357552004618084;6.614709844115208;6.882643049361842;6.339850002884624;6.554588851677638;7.392317422778761;5.129283016944966;7.515699838284043;8.383704292474052;7.339850002884624;6.321928094887363;6.507794640198696;7.918863237274595;7.03342300153745;6.392317422778761;7.515699838284043;6.321928094887363;6.044394119358453;7.643856189774724;6.599912842187128;5.832890014164741;9.900866807980748;7.149747119504682;8.643856189774725;6.475733430966398;9.124121311829189;8.60733031374961;8.546894459887637;9.041659151637214;7.467605550082998;7.451211111832329;7.714245517666122;9.43879185257826;11.289442575688332;9.946906274456396;10.38586240064146;7.721099188707186;8.558420713268664;6.643856189774724;8.60733031374961;8.179909090014934;9.50382573799575;9.25502856981873;7.622051819456376;8.622051819456376;7.303780748177103;8.335390354693924;8.174925682500678;8.179909090014934;8.744833837499545;8.985841937003341;10.111135670234708;8.396604781181859;8.804131021183318;7.417852514885898;8.060695931687555;9.377210530388552;7.794415866350106;7.294620748891627;7.467605550082998;8.59618975614441;7.417852514885898;9.221587121264806;6.954196310386875;8.379378367071261;8.344295907915816;8.330916878114618;7.988684686772165;9.65284497300198;8.74819284958946;9.67065624911844;7.622051819456376;7.94251450533924;10.00562454919388;7.774787059601174;7.392317422778761;8.90388184573618;7.918863237274595;10.328674927327947;7.679480099505446;7.531381460516312;8.90388184573618;10.721953612801386;8.78135971352466;8.076815597050832;9.355351096424812;9.18239435340453;8.643856189774725;7.924812503605781;7.954196310386875;7.930737337562887;7.870364719583405;9.303780748177102;10.66266837551754;7.483815777264256;8.375039431346925;9.219168520462162;9.016808287686557;8.573647187493322;8.787902559391432;9.172427508645482;7.475733430966398;8.523561956057012;8.243173983472952;7.754887502163468;6.672425341971495;9.787902559391432;9.346513733165636;7.483815777264256;9.541096615349524;9.702172685365548;9.749869427396844;9.59618975614441;6.930737337562887;8.72451385311995;8.098032082960527;9.084808387804362;9.055282435501187;8.0;10.183635381473218;7.539158811108031;9.057991722759176;9.055282435501187;7.599912842187128;10.186114239541643;7.665335917185176;9.038918989292302;8.900866807980748;6.78135971352466;8.577428828035748;7.108524456778169;7.515699838284043;9.961449694398196;8.83605035505807;8.066089190457772;7.3750394313469245
11.275542556086725;10.9901039638575;13.263562639820616;11.25502856981873;13.57778284915099;10.382624026574916;11.776844232402167;10.94104760634058;11.41732511767992;9.81698362325538;12.623424289869911;12.003517912108602;13.377617247970784;12.145932145820517;11.26502894245816;10.722807531169549;12.01854794187165;13.4371018289084;9.64745842645492;11.565578136784328;11.844705764411938;11.519636252843211;11.539158811108033;11.047805554007589;12.387748100711294;11.39231742277876;12.861668520613588;10.281930026955443;10.766528908598865;11.985486199104637;11.546412195119352;11.4757334309664;12.56057167123656;9.845490050944376;11.454813348512523;10.927037168720297;11.980139577639155;11.270879295328784;11.399277924508969;11.681677655209691;12.86785786397283;12.122180901259751;13.503577318702687;11.482807956726669;10.878817284614229;11.50084187955693;12.97710100677111;11.270879295328784;11.184875342908285;11.565578136784328;13.377617247970784;11.535761377986656;11.705632387361415;10.579315937580017;11.39231742277876;12.20670914935865;11.570330101030798;9.7632123668144;11.80292019858527;11.14338321398982;10.134426320220928;11.30720080914081;12.290882822429577;11.929998062609029;11.584022940257542;11.454813348512523;12.161131882984307;10.861862340059153;10.700439718141093;13.645095473397046;12.042001306279133;11.094737505048093;12.907078434296483;11.212496385193948;11.766942940755785;11.667998535672528;10.86573327085176;11.20945336562895;11.874981347653774;11.724940118462358;12.179598130849836;11.4189067312579;10.880348808156027;11.670213636738564;11.488844346457336;11.759888183221834;11.918863237274596;10.700439718141093;11.525031345124;11.904258282800518;10.839991070539886;13.043027283594547;11.4993476328766;10.952741247186488;11.741466986401146;10.348728154231075;9.121533517340032;10.782998208920414;12.386940245324311;11.827739648806956;11.067434360756522;14.656089625669466;11.907641803665529;12.124121311829189;9.980139577639155;10.80332391904149;11.067434360756522;12.027905996569883;10.922584402713664;10.214319120800766;11.453270634010623;12.114718389188424;11.795227966028678;12.474466464132632;11.323617763291578;12.526010107061737;12.492604304386685;11.761966695382092;12.212496385193948;13.22022715726067;12.108851117040151;11.96650545190574;12.650827374138768;11.593391122791736;12.02894204332241;12.400612641082;11.08214904135387;11.872674880270605;12.203348002979762;12.136029849385553;12.100333819126542;11.95310515059134;12.828533210455618;11.691307330191115;11.749031382040204;12.232420927176076;11.769424641552751;11.346513733165636;12.385592813601365;11.922584402713664;12.466841208321602;13.09341756438796;12.553629293916364;12.246443717117286;11.95164898590462;11.2836671674915;12.079484783826816;12.232720707964871;12.37937836707126;11.609640474436812;12.19075064966236;12.352595231134304;12.878050912728536;12.38505348834615;11.737669863177452;10.768184324776929;11.352043425795433;12.579315937580017;12.117318426010003;12.846861527286707;12.33371442609397;11.7632123668144;12.295481973695368;12.941414470942911;11.667555107041132;12.154501693864765;12.805340828416384;12.258271576282851;11.660887270302569;11.24198314969433;11.606867837374152;11.639792893279312;12.747353829478062;12.54882190845875;13.02392757717438;12.200592137689254;13.083479327331842;12.556745526004686;11.95310515059134;12.087131301540529;12.217048913556338;12.341518823245243;12.917185576336395;12.329516067206534;11.731743290707842;11.531381460516313;12.45994384837493;11.77313920671969;11.843528534611089;12.084144010615145;11.705632387361415;11.90839262077375;11.67595703294175;11.584962500721156;11.931845540183671;11.242578689451346;12.65642486327778;11.735132884139947;12.045418397030792;11.676397887044764;12.761135649828644;12.640018932455783;11.622509454683335;10.55170826162069;12.597587039586216;11.535761377986656;13.264882379239577;11.904634621668151;12.522336320913306;12.289442575688332;12.36468185586456;12.721099188707186;13.02496648387378;11.776844232402167;12.451468712947358;12.46454575033394;12.390706372872774;12.479022346995178;10.217957697864112;12.107870914279614;12.457124331540804;11.71338651493703;12.70433597118232;12.573410505507574;11.83368074865474;12.213408040858337
10.779719355143405;8.994353436858859;10.996473488733228;10.565102078360312;12.010528105886484;9.980139577639155;10.546894459887636;11.321364432039449;11.859922972861758;9.368506461507693;11.71896091198421;12.481042574933754;10.595257481449035;10.00562454919388;10.336506559810257;9.13699111208023;11.08746284125034;10.703038388986418;11.651948610723446;10.859534786382651;11.86534664481678;10.493855449240822;9.89633240390994;10.411510988012072;11.614709844115207;11.544964432789238;11.50928016808786;7.366322214245816;11.053247125912426;10.99435343685886;10.001408194392807;9.65284497300198;11.722807531169549;9.715961990255144;10.452241240430816;9.627533884472792;9.105908508571158;11.199672344836364;10.668884984266247;11.507794640198696;12.93829314415169;12.020632761657708;11.83368074865474;10.00562454919388;11.25089053572334;11.043710863347156;11.597121428789569;11.199672344836364;10.427312844134963;10.859534786382651;10.595257481449035;10.258566033889933;10.584962500721156;10.509775004326936;11.544964432789238;10.924070185585345;10.919608238603251;9.469641817239516;10.61378946447258;10.27029532647204;9.60733031374961;8.985841937003341;11.859922972861758;10.817783121774534;10.839203788096944;10.452241240430816;10.585901449690772;10.090112419664289;11.079484783826816;10.537218400538595;11.749450465569916;11.001408194392807;10.567956075415466;9.79603960882977;10.380461065088973;9.29920801838728;10.513727595952435;11.197216693110052;11.055960234452296;11.647008638441648;10.747353829478062;10.66266837551754;9.939579214314692;11.044394119358454;9.46352437327118;11.4231159101471;11.183015000882756;11.079484783826816;11.160501747555688;11.677279191312175;10.199672344836364;11.041659151637214;11.000704269011246;10.052568050804153;11.312315746690109;11.43514933836693;9.35974956032233;11.004220466318197;10.62296694479051;11.010528105886484;8.994353436858859;12.171802288682985;10.171176797651771;11.02997734658958;9.335390354693924;9.909893083770042;8.994353436858859;11.188588845707349;10.809768128710411;7.851749041416057;9.90839262077375;11.41204051455165;10.844705764411938;12.617467465294196;10.909143047339898;11.858758099935422;12.419960177847887;11.350939181546432;12.128316602903544;11.792383614935188;11.439830883981392;11.834075953434883;12.223096690347695;12.58941707576861;11.267371931265274;12.526499239136566;11.184875342908285;11.826945650415484;11.186733289128869;11.580258567499788;11.769011321097016;12.203959703239462;12.49210354247923;11.965423565810127;11.55026580686874;11.965423565810127;12.322491537597468;11.87536540064177;11.774375272802065;12.213408040858337;11.28424574982967;11.897467341721892;12.028596777067108;12.451468712947358;11.571278618514595;11.53818893205242;12.574357000565888;11.475226777742266;11.822172461476178;11.550746785383245;11.89026427702111;12.977995368612962;12.59245703726808;12.005975356500382;12.01854794187165;11.172427508645482;11.280770770130603;11.821773981970567;11.436711542137214;12.169298695792843;12.65217275350971;11.668884984266247;11.61378946447258;12.10459875356437;12.115368837820224;11.025139562278508;12.096056239180946;12.38720958071964;12.924998023446696;11.042343379793692;11.269126679149418;11.445532219028312;12.093087390444218;11.473705749619416;12.247334178028728;10.79603960882977;11.950191349972702;12.550025257465784;11.350386742312844;12.03342300153745;12.588480412829758;11.63026712502677;12.202736043250168;12.041659151637214;11.456867738380344;11.570330101030798;11.440350119200565;11.30890780406394;12.145932145820517;12.444238438078106;11.73978060977326;11.89973454235751;11.275542556086725;11.406205005418856;12.404077136241234;11.60733031374961;12.516192477879368;12.516931121998695;11.446566409066069;12.404609397837712;12.89954574499535;12.776433032444732;11.631631805917635;12.390168956200185;11.84979602224561;12.667555107041132;12.7054163988827;11.275542556086725;11.401412878714178;12.029287226968243;11.217351905270334;12.066761932386909;12.645883554519004;12.010528105886484;12.331756712255473;11.680359523513712;11.83289001416474;12.4655664048094;9.710806433699352;11.750706986224948;11.824958740528524;13.07648160120702;12.181462881270017;12.451211111832327;11.91026795581084;11.868436755858168
9.247927513443583;8.915879378835774;11.499845887083206;10.181152256865566;13.387074919307222;7.971543553950772;9.403012023574997;13.305491792110685;10.729620743553038;10.853309555403674;10.987264012072538;11.307770031890705;12.918304233699931;8.870364719583405;9.824958740528524;7.906890595608519;10.77561028075954;12.31599862262856;10.304921669581672;9.951284714966972;12.939211882666395;10.878050912728536;9.839203788096944;9.569855608330949;10.339850002884624;11.626165319904498;12.12573632939501;8.936637939002571;10.399811959325683;10.445014845868425;8.159871336778389;10.955649907528374;11.466076461396252;8.487840033823051;8.071462362556623;10.179909090014934;8.854868383260236;9.721099188707186;10.183635381473218;11.164906926675688;11.184255495405347;12.559855041513623;14.019243216603607;9.29920801838728;8.90388184573618;9.290018846932618;10.816183681432342;9.721099188707186;10.280770770130603;9.951284714966972;12.918304233699931;11.73047013718422;8.948367231584678;9.667111542075029;11.626165319904498;9.605479518061667;10.0566377151132;7.658211482751795;11.295194955880657;10.113742166049189;7.442943495848728;8.906890595608518;11.356451970221755;8.60733031374961;10.754052367528924;8.071462362556623;9.810571634741146;8.960001932068081;11.146568675740786;12.34485068394299;10.52845411076479;8.159871336778389;12.925925264972856;9.308339030139408;10.725366257895642;9.31741261376487;9.194756854422248;11.358651200892886;10.682994583681683;9.519636252843211;10.03342300153745;9.154818109052105;10.011227255423254;10.569855608330949;12.501588422932391;11.991521846075695;10.426264754702098;11.146568675740786;11.393926675640415;12.165221068220944;8.252665432450248;13.158609688214478;10.140829770773;8.64745842645492;11.831307243802051;9.879583249612784;8.50382573799575;11.531381460516313;11.21006248324023;10.970105890612182;8.900866807980748;13.492729467709616;9.945443836377912;10.634811050171718;8.588714635582264;8.89178370321831;8.900866807980748;10.78463484555752;10.213104219641906;8.303780748177102;8.321928094887362;13.215077914822828;11.85369942030022;12.040289721025715;11.068778277985412;11.943247395901553;12.157978449945432;11.701306461958623;12.177419537989236;11.521600439723729;11.593857938858225;11.895953892812168;12.082814337672271;12.2600374211066;11.366322214245816;11.822570830950168;11.782998208920414;11.389631339260522;11.390168956200185;11.244958393151132;11.88760142450871;12.051208940914766;12.094077685671904;11.71896091198421;11.847448903982432;11.420486612825774;12.353698209048035;11.4812949046311;11.675074920385445;11.632995197142955;12.468114886378098;11.71338651493703;12.017156386383112;12.347898144596012;11.2246046815385;11.151016538892248;12.932952892194717;11.591989767615123;11.728345714710976;11.78053976747196;12.14306428063141;11.930367747438952;11.922955991908475;12.162706018482416;11.542548262335211;11.32755264408124;11.559377090526684;11.770250927394864;10.989394499844732;12.157662727208448;12.202429966015352;11.043027283594547;11.686062749895417;12.205182326228645;11.709945380232496;12.121533517340032;11.983349927676455;12.172427508645482;12.316564385396942;11.87536540064177;11.14274527675153;11.507299124122763;12.167418145831736;11.886077584873094;12.016808287686557;11.280770770130603;11.985130373466898;12.284824100224624;11.260919533662904;11.972261848733291;11.83605035505807;11.428360172704291;12.27029532647204;11.519144787997414;11.6965329140783;11.403012023574997;11.360847084179664;11.841171189248543;12.017852331905962;11.985486199104637;12.137631598235428;10.940313597145968;11.110483309816226;11.397139806235604;12.184565452446156;11.520127550324853;12.097702963524654;12.039947160169094;11.441388029346689;11.7047682393626;12.530650179750014;12.418379719364957;11.997532347526366;12.098361127332096;11.741466986401146;12.098032082960527;12.375582512490508;11.8649599151426;11.287135186086704;11.485326189240524;11.273795599214264;11.962534563511271;12.314016703901355;11.428883552010191;12.468878553819426;11.678600139099458;11.806146803320525;12.111135670234708;9.544964432789238;11.526988205432009;11.640244936222343;12.252369767926028;12.193525360501216;11.638888382252262;11.761135649828644;11.926295994781112
1.0;3.169925001442312;1.584962500721156;0.0;3.700439718141092;2.321928094887362;5.426264754702098;2.321928094887362;1.0;0.0;1.0;3.321928094887362;4.0;6.087462841250339;1.584962500721156;0.0;2.584962500721156;2.0;1.584962500721156;3.906890595608519;2.807354922057604;2.584962500721156;3.321928094887362;1.584962500721156;3.169925001442312;1.0;3.169925001442312;0.0;1.0;3.321928094887362;5.584962500721156;2.0;4.857980995127572;2.0;0.0;1.0;7.426264754702098;1.584962500721156;2.321928094887362;3.321928094887362;2.0;4.392317422778761;2.807354922057604;3.906890595608519;2.584962500721156;1.584962500721156;4.087462841250339;1.584962500721156;3.169925001442312;3.906890595608519;4.0;1.0;2.321928094887362;1.0;1.0;4.906890595608519;2.321928094887362;0.0;4.247927513443585;1.584962500721156;4.392317422778761;0.0;1.0;1.584962500721156;3.0;0.0;2.0;1.0;0.0;1.584962500721156;1.0;2.0;2.0;2.321928094887362;4.906890595608519;1.0;1.0;3.584962500721156;1.584962500721156;2.584962500721156;4.954196310386875;3.700439718141092;5.20945336562895;1.584962500721156;1.0;3.321928094887362;1.0;0.0;2.584962500721156;3.0;4.0;1.584962500721156;0.0;2.807354922057604;4.754887502163468;1.584962500721156;1.584962500721156;3.700439718141092;3.584962500721156;2.321928094887362;3.807354922057604;3.807354922057604;4.807354922057604;2.321928094887362;0.0;8.965784284662087;3.807354922057604;4.754887502163468;6.129283016944966;1.584962500721156;2.0;2.584962500721156;1.0;3.4594316186372973;3.584962500721156;0.0;3.321928094887362;3.0;4.0;0.0;0.0;2.0;0.0;3.4594316186372973;1.0;2.321928094887362;3.807354922057604;0.0;0.0;4.087462841250339;2.807354922057604;4.643856189774724;4.392317422778761;2.321928094887362;3.321928094887362;4.0;3.0;3.584962500721156;3.0;3.0;3.584962500721156;0.0;0.0;3.807354922057604;2.807354922057604;2.321928094887362;3.169925001442312;3.700439718141092;3.0;3.169925001442312;4.321928094887363;1.0;3.321928094887362;5.169925001442312;3.584962500721156;3.0;8.88264304936184;4.584962500721156;2.0;4.954196310386875;2.321928094887362;2.321928094887362;3.169925001442312;2.807354922057604;3.169925001442312;5.285402218862249;4.857980995127572;1.584962500721156;2.321928094887362;4.247927513443585;2.321928094887362;2.807354922057604;0.0;4.169925001442312;3.584962500721156;0.0;0.0;2.0;3.906890595608519;3.4594316186372973;3.4594316186372973;2.0;4.392317422778761;2.321928094887362;3.807354922057604;3.169925001442312;1.0;1.584962500721156;3.906890595608519;3.169925001442312;4.523561956057013;0.0;3.321928094887362;2.807354922057604;4.523561956057013;2.584962500721156;2.0;2.321928094887362;2.584962500721156;0.0;3.321928094887362;4.857980995127572;2.0;1.0;4.169925001442312;2.807354922057604;3.169925001442312;2.807354922057604;1.0;0.0;3.169925001442312;3.584962500721156;3.0;3.906890595608519;3.321928094887362;0.0;2.321928094887362;3.4594316186372973;0.0;4.807354922057604;3.321928094887362;2.0;0.0;2.0;4.0;3.584962500721156
0.0;1.584962500721156;1.0;2.807354922057604;4.321928094887363;1.584962500721156;3.321928094887362;0.0;3.807354922057604;0.0;1.584962500721156;3.4594316186372973;3.700439718141092;4.087462841250339;1.0;0.0;1.584962500721156;3.169925001442312;0.0;0.0;0.0;4.523561956057013;1.0;0.0;0.0;1.584962500721156;0.0;0.0;1.0;1.0;1.0;0.0;3.4594316186372973;1.0;0.0;1.0;1.0;0.0;0.0;0.0;1.584962500721156;0.0;1.0;1.0;0.0;2.0;0.0;0.0;1.0;0.0;3.700439718141092;1.584962500721156;3.584962500721156;1.0;1.584962500721156;2.0;2.584962500721156;3.0;1.584962500721156;0.0;8.426264754702098;2.807354922057604;2.0;4.584962500721156;3.169925001442312;0.0;1.584962500721156;0.0;0.0;2.0;3.0;2.321928094887362;5.357552004618084;0.0;0.0;0.0;0.0;1.584962500721156;0.0;1.584962500721156;1.0;0.0;1.0;2.807354922057604;0.0;4.169925001442312;2.321928094887362;0.0;0.0;0.0;2.0;1.0;4.584962500721156;0.0;2.584962500721156;2.0;1.584962500721156;1.584962500721156;2.321928094887362;3.0;2.321928094887362;4.087462841250339;1.0;0.0;0.0;1.584962500721156;2.321928094887362;4.169925001442312;3.700439718141092;2.807354922057604;2.807354922057604;2.0;1.0;1.584962500721156;1.0;0.0;3.0;2.0;2.807354922057604;2.321928094887362;1.0;0.0;1.584962500721156;1.584962500721156;2.0;2.0;1.584962500721156;0.0;0.0;3.700439718141092;1.0;2.321928094887362;3.4594316186372973;2.321928094887362;3.169925001442312;1.0;2.321928094887362;1.584962500721156;3.807354922057604;1.584962500721156;0.0;1.0;0.0;1.584962500721156;1.584962500721156;0.0;3.321928094887362;2.0;1.0;1.0;1.584962500721156;1.0;0.0;0.0;1.584962500721156;0.0;1.584962500721156;1.584962500721156;0.0;1.0;2.807354922057604;1.0;1.584962500721156;3.169925001442312;2.0;2.321928094887362;0.0;0.0;2.0;2.0;1.584962500721156;0.0;0.0;3.4594316186372973;2.321928094887362;0.0;1.584962500721156;1.584962500721156;2.321928094887362;1.584962500721156;2.0;2.0;2.0;1.0;2.321928094887362;2.0;1.0;2.321928094887362;1.0;3.700439718141092;2.807354922057604;0.0;1.0;1.584962500721156;0.0;0.0;2.321928094887362;1.0;2.584962500721156;2.321928094887362;2.584962500721156;2.321928094887362;1.584962500721156;1.0;1.584962500721156;2.321928094887362;1.0;0.0;0.0;0.0;0.0;0.0;3.169925001442312;2.0;2.0;1.584962500721156;1.0;3.4594316186372973;1.584962500721156;2.584962500721156;1.0;1.0;0.0;0.0;1.584962500721156;0.0
10.812177305514448;9.005624549193879;13.60952505421667;11.17804232886482;12.956920604721088;10.537218400538595;11.060020354507852;13.055451915095029;12.455584087578613;8.409390936137703;12.930552554336137;11.560332834212442;12.386131937314994;10.367414751246828;11.214319120800766;12.29174628083394;12.128638812852598;13.397674632948268;9.243173983472952;11.25915476886684;13.09984089900072;11.004922678569043;11.319672120946995;10.668884984266247;14.073137383110383;12.539885792751477;13.43228089721416;9.266786540694902;10.043027283594547;12.01854794187165;9.584962500721156;11.488844346457336;10.657318449581288;10.060695931687556;11.03823313473178;10.62296694479051;10.161131882984307;11.3701424794954;11.193525360501216;12.132821006779572;13.466076461396252;15.285691191330091;13.378972145742129;10.44604940671655;11.455840909126398;11.117643101389092;13.000704269011246;11.3701424794954;11.551227603598289;11.25915476886684;12.386131937314994;11.415213598765286;10.826548487290914;10.826548487290914;12.539885792751477;11.405141463136344;10.85096815098244;10.729620743553038;11.225207436943505;10.44190670454224;8.243173983472952;9.481799431665753;11.555547771647063;10.725366257895642;10.00982861736811;11.03823313473178;11.147204924942228;11.539158811108033;10.099347810403192;12.597121428789569;12.01576348736988;8.76487159073609;12.052228393347402;10.41256984680521;11.205793249397155;9.243173983472952;10.139551352398794;10.67595703294175;11.181152256865566;11.226412192788786;12.062720767165043;10.30149619498255;10.754052367528924;10.639340708652233;9.952741247186488;11.348174867535556;12.7553048882624;10.099347810403192;12.0744760007345;13.14481754223478;11.3437409184722;12.981567281903017;11.334831928118;10.30035256032822;11.026523442519766;11.512740462803498;8.965784284662087;13.083479327331842;11.31797782240712;11.906890595608518;9.573647187493322;13.281495414799457;10.34318571544788;10.99506046703272;10.03342300153745;10.561287945164828;9.573647187493322;11.478769619475765;11.30435132166324;9.303780748177102;10.91139198784346;13.376939321619846;11.122180901259751;13.287712379549449;12.47015043527436;10.360847084179664;13.429668265133094;12.560093957642495;13.414553114827145;10.381542951184583;12.421012855779226;12.707359132080883;10.274960472140602;13.024273962540002;11.749869427396844;12.79400964502097;12.60848585649532;11.738514532429267;12.45763738099176;12.890834249389446;12.977637690405876;13.85642552862553;13.07815080773465;13.343046881300548;12.956013078088098;11.935533412950749;13.33427328530719;13.481421052931871;12.71789058398728;13.325024310191417;12.764664292073348;10.029287226968243;10.709945380232496;12.836839359748716;12.682116764950074;12.60130652612184;13.7795141791435;12.3395716783847;12.557703014037768;13.27539705711621;13.264002687114218;10.095397022792556;13.987352845239087;13.687266317933805;13.318119089975497;12.852724560447674;12.970824901362615;12.315432637905376;10.683871868622605;13.521477756357788;12.81317994301459;12.953468962228849;12.469387440964349;12.563672959827514;13.228518097716194;12.687375683437468;13.670766880999242;12.531381460516313;13.0591754379151;13.079318104254002;11.38424412224308;12.33119687715303;11.511258495502268;12.041316915829444;12.51224664282918;9.581200581924955;10.527477006060396;13.700656452918167;12.986908624697694;12.668663423175296;13.719281855600723;11.474212937193943;13.319531005375806;11.675074920385445;13.129765981310651;11.589651146514786;10.230020435705637;12.956920604721088;13.552188759557149;13.80473605161403;13.171645941347052;11.065416134676548;12.489095315413504;13.31938987600021;13.767356854125683;12.922584402713664;11.8668925276766;14.233170262382703;12.94891470931216;10.17617314910749;12.728133100306216;13.31160642220515;12.571752643503546;13.406603631727876;12.829128095368542;13.505315356136236;12.963618617443972;11.851358649033513;11.362491806046062;11.627533884472792;12.682994583681683;11.98049663618346;13.436321149754669;13.117967703717133;13.407533331671324;10.677719641641009;13.424297532397077;13.693051295397;11.660887270302569;12.342630298678408;12.281930026955443;13.624567018674917;11.846665681899738;13.46569393586282;13.318542809702723;12.254142846855748
5.392317422778761;5.357552004618084;4.459431618637297;6.392317422778761;5.426264754702098;6.523561956057013;7.491853096329675;3.584962500721156;6.658211482751795;5.321928094887363;4.857980995127572;5.954196310386875;6.507794640198696;7.614709844115208;5.392317422778761;6.599912842187128;7.800899899920305;5.087462841250339;5.700439718141092;7.515699838284043;4.906890595608519;5.930737337562887;7.531381460516312;5.643856189774724;4.169925001442312;6.475733430966398;5.357552004618084;4.523561956057013;5.614709844115208;7.400879436282184;5.643856189774724;5.754887502163468;6.149747119504682;7.577428828035749;5.78135971352466;6.149747119504682;5.459431618637297;4.954196310386875;6.672425341971495;6.266786540694901;5.491853096329675;3.0;4.087462841250339;6.9886846867721655;5.523561956057013;6.754887502163468;4.247927513443585;4.954196310386875;6.0;7.515699838284043;6.507794640198696;5.906890595608519;6.0;4.523561956057013;6.475733430966398;3.584962500721156;5.044394119358453;4.807354922057604;6.672425341971495;5.643856189774724;6.426264754702098;5.727920454563199;6.6293566200796095;5.832890014164741;6.794415866350106;5.78135971352466;6.954196310386875;4.754887502163468;7.266786540694901;4.643856189774724;5.087462841250339;5.554588851677638;6.149747119504682;5.906890595608519;6.022367813028454;5.392317422778761;5.491853096329675;6.832890014164741;6.426264754702098;6.022367813028454;5.977279923499917;7.03342300153745;6.339850002884624;6.044394119358453;7.108524456778169;7.569855608330948;6.714245517666122;7.266786540694901;8.643856189774725;4.754887502163468;5.614709844115208;5.044394119358453;5.087462841250339;5.700439718141092;7.118941072723508;5.977279923499917;3.584962500721156;5.977279923499917;6.149747119504682;8.46352437327118;5.169925001442312;3.807354922057604;4.906890595608519;8.238404739325079;6.475733430966398;6.339850002884624;5.169925001442312;6.78135971352466;8.247927513443585;5.78135971352466;6.087462841250339;4.169925001442312;7.312882955284356;3.169925001442312;7.539158811108031;7.0;4.906890595608519;3.321928094887362;5.954196310386875;6.857980995127572;4.857980995127572;5.832890014164741;6.066089190457772;6.357552004618084;7.787902559391432;6.6865005271832185;5.906890595608519;4.584962500721156;5.426264754702098;4.754887502163468;5.672425341971495;4.169925001442312;7.169925001442312;3.807354922057604;7.546894459887636;5.169925001442312;4.392317422778761;4.584962500721156;6.285402218862249;5.491853096329675;7.515699838284043;8.071462362556623;6.303780748177103;5.672425341971495;4.523561956057013;2.0;6.727920454563199;6.189824558880018;4.247927513443585;4.169925001442312;3.807354922057604;5.392317422778761;5.247927513443585;3.0;4.906890595608519;4.954196310386875;3.4594316186372973;6.523561956057013;8.103287808412022;5.0;7.577428828035749;5.459431618637297;7.912889336229962;7.912889336229962;5.78135971352466;5.321928094887363;4.0;5.727920454563199;7.554588851677638;5.614709844115208;7.451211111832329;5.392317422778761;8.78135971352466;5.459431618637297;6.169925001442312;6.523561956057013;7.483815777264256;4.807354922057604;3.906890595608519;5.247927513443585;5.169925001442312;7.20945336562895;5.554588851677638;6.189824558880018;3.700439718141092;5.857980995127572;6.539158811108031;7.366322214245816;4.857980995127572;3.4594316186372973;7.321928094887363;5.584962500721156;5.285402218862249;4.700439718141092;3.169925001442312;3.0;7.169925001442312;3.906890595608519;5.426264754702098;7.577428828035749;7.977279923499917;4.584962500721156;6.6293566200796095;5.247927513443585;5.906890595608519;3.169925001442312;5.0;7.330916878114617;6.108524456778169;6.643856189774724;5.0;7.087462841250339;6.169925001442312;5.044394119358453;7.366322214245816;7.515699838284043;4.321928094887363;4.0;6.700439718141092;5.754887502163468;3.584962500721156;4.584962500721156;10.162391328756906;7.118941072723508;4.584962500721156;5.129283016944966
11.253256579781151;10.884170519108435;11.697836357962377;10.62935662007961;12.148794321424337;11.41679752760606;11.33371442609397;11.862637357558794;12.457124331540804;10.488844346457336;11.758639637024576;11.533329732305834;11.488342277532524;11.190442018782823;12.26532202423487;11.720244258287568;11.30890780406394;11.795633844506778;9.696967526234287;11.802112418586066;13.177886656348791;11.52258153125483;11.861862340059153;10.802516365121225;11.181773438808808;11.478769619475765;12.249409785269128;11.106562940444883;10.78053976747196;13.475860066475883;10.5980525001616;13.40261240350664;11.29174628083394;10.786269627648466;10.71853287606922;10.66622400280318;10.532355925288847;12.73956967402599;12.60246690183057;12.374224426123732;12.450438032395652;13.725366257895642;13.684967725143876;11.98370619265935;12.287423811683524;11.419960177847887;12.0566377151132;12.73956967402599;11.83605035505807;11.802112418586066;11.488342277532524;11.428360172704291;11.519636252843211;12.129605011152504;11.478769619475765;11.543515216152167;11.274960472140602;11.140190703191836;12.745254141957256;10.246740598493144;10.200898605038445;12.0003521774803;12.463013413449692;11.702605602110248;9.712527000439824;10.71853287606922;11.569855608330949;10.951284714966972;11.446566409066069;12.74104557700984;12.57530287507339;10.699572453287267;11.933321820732946;11.7714894695006;12.80292019858527;10.71853287606922;10.791162888555018;12.036173612553483;11.62935662007961;11.582141981658776;11.726643921483994;11.653740778706569;10.041659151637214;11.04507705193494;14.28439035916582;11.949097155729207;12.220982851081777;11.446566409066069;12.074810461160451;13.63990591729448;11.532842910961282;12.859922972861758;11.681238411777803;11.750706986224948;12.110809526898654;12.129926933510394;8.149747119504681;13.32656992956981;13.247334178028728;13.25591374933779;11.462502272597265;12.95655766257052;14.729992414802034;12.216139556425135;10.179909090014934;12.645883554519004;11.462502272597265;12.350939181546432;11.988684686772164;10.60733031374961;11.108524456778168;12.357277074642807;12.16427843830117;12.640018932455783;13.301353290218836;9.93810932621924;12.825356341479337;11.977637690405876;12.85233443198643;10.458406613236534;11.813380386924727;12.658657792126084;10.679480099505446;12.579551652806565;11.378294855911893;12.661332752795186;12.559377090526684;11.232420927176076;11.3292357417338;12.546894459887636;12.439830883981392;13.39379263977458;12.419960177847887;13.036517070486518;13.073137383110383;11.169925001442312;12.829128095368542;13.433455039827054;11.808159772868375;13.7515440590891;11.636171441635922;10.363039630256514;10.375039431346924;11.809366207816078;12.456611099574918;13.0087787482805;13.441388029346689;11.681677655209691;12.325024310191417;12.534789211480266;12.945992424396774;10.61194694181998;13.631631805917635;13.029632328044135;13.248965263607657;11.788310503700918;13.37843033931725;11.889884170302828;10.907641803665529;13.286846502735887;12.548340287676147;13.2391509737807;12.307485448589476;12.11699367754698;12.589651146514786;12.577192765687045;13.691634484289246;11.825356341479337;12.2600374211066;11.79685079526716;11.285980105928212;11.847057346091336;11.127349541059118;11.84901407369482;11.458406613236534;9.909893083770042;10.712527000439824;13.620907095885338;12.783612165256038;11.350939181546432;13.630722162103838;11.015415052386688;13.04678297035635;11.46352437327118;12.682116764950074;11.365228849251544;10.232420927176076;12.095726668639047;13.26502894245816;14.351836444368397;12.572463389083676;9.821773981970567;12.446824840780309;12.411775775576528;13.505687520472335;13.43514933836693;11.467605550082997;13.34568244818678;12.342352510087794;10.494855584491198;12.148794321424337;12.672425341971495;12.094737505048093;12.196294745028265;12.227315099905493;12.708868340211673;12.562242424221072;11.792383614935188;11.314016703901355;11.13249972962851;12.533329732305834;11.679480099505446;12.665557989846414;12.61056350392504;12.838613044196972;11.00842862207058;13.173364830849035;13.900772486445565;8.945443836377912;11.747353829478062;11.691743519171276;12.622280655215585;12.0;12.50308035175293;12.798674298826828;11.482807956726669
10.687375683437468;7.087462841250339;10.111135670234708;10.047123912114026;11.036173612553483;8.118941072723507;8.879583249612784;10.52061868055628;12.13410540040181;7.149747119504682;11.50928016808786;12.3009244909763;11.98477446004684;10.002815015607052;7.94251450533924;7.247927513443585;12.874789282814126;13.924070185585345;9.030667136246942;11.57459352733761;13.775918867629107;11.007728114632254;10.194756854422248;10.430452551665532;12.284824100224624;12.382624026574916;11.3409627642517;7.118941072723508;10.34318571544788;11.139551352398794;7.6293566200796095;6.475733430966398;11.4241662888181;9.348728154231075;7.894817763307944;10.62296694479051;9.25974326369078;9.766528908598865;9.118941072723509;12.650603022215307;14.229269462266736;12.84136778188234;11.080817527608328;9.129283016944967;7.139551352398794;10.14974711950468;13.08131698928577;9.766528908598865;11.838022058304546;11.57459352733761;11.98477446004684;11.702605602110248;8.92481250360578;9.705632387361415;12.382624026574916;13.186269026842997;9.870364719583405;7.826548487290915;10.199672344836364;6.845490050944375;6.857980995127572;7.912889336229962;11.172427508645482;9.269126679149418;8.848622940429339;7.894817763307944;9.964340867792416;12.883025068440173;9.326429487122304;8.848622940429339;11.801304186049023;14.837578659958371;8.714245517666123;8.67595703294175;9.734709620225836;8.717676423066395;9.370687406807216;11.584962500721156;9.717676423066395;9.975847968006784;8.912889336229961;12.52772134428452;9.60177078840771;12.19598729802851;9.231221180711186;9.871905237659186;11.320800548881635;9.326429487122304;11.543515216152167;9.622051819456376;10.059344460824423;13.156715144224702;12.13024878405069;10.71853287606922;8.861086905995395;10.696967526234287;6.087462841250339;12.227615943414223;9.94251450533924;11.00982861736811;7.129283016944966;12.30890780406394;8.375039431346925;10.4542992936199;8.413627929024173;9.219168520462162;7.129283016944966;8.988684686772165;10.318542809702723;7.686500527183218;9.96289600533726;10.599912842187129;9.287712379549449;15.366219746470575;11.932952892194717;9.20212382383046;15.239561238262604;14.444691393399546;13.926851910929878;10.346513733165636;14.054519530852373;14.1288804230981;10.485829308701904;15.265981240623258;10.73047013718422;14.246146774635864;13.41084880640551;12.455584087578613;12.832494484336111;14.138351805442774;13.80624751853163;16.049720946958544;14.81818270494864;14.452434307683149;13.47395936569476;13.673529924401144;15.655446869100604;14.76155123244448;13.723447638422918;14.505315356136236;12.372865060112588;9.257387842692651;10.395534135462302;14.40839608835143;14.00842862207058;14.45955969312279;15.172622834330634;12.356176830516356;13.798066720363062;14.121776320354416;14.853212072715648;10.567005370247031;15.662584935313111;14.069030123153354;15.146409569587783;13.81317994301459;14.645095473397046;13.550867004960905;9.658211482751796;13.757598355823912;15.068946179648783;13.302781701267095;12.488593333835407;13.349004718027745;14.274450955963353;11.93737382019215;15.216518524890075;13.290738862439348;15.624795455860236;12.52061868055628;11.567480801143043;14.235715094761895;12.1879705919842;12.374496145691516;13.47294463377961;8.366322214245816;10.61654884377899;13.962715295743376;13.932030157887027;14.59944798152872;14.295984117512992;12.30720080914081;14.134827369633037;12.929998062609029;13.14322375612385;12.98210230695676;10.41256984680521;14.483500908968;15.008253527096048;15.576986179441844;13.619302955415687;8.703903573444663;13.493104892539137;14.405739802140245;15.537946360376203;15.274669342073851;13.084144010615145;15.973921536954045;13.467987569161329;10.084808387804362;14.082398563427809;14.30940529737098;13.682116764950074;15.09650927578096;14.07739990378409;15.762926995427677;13.798775537031908;12.449148645375436;11.537703747907644;12.051888655905378;13.260772552353531;12.49235394515987;14.83836682949531;14.022454510846508;14.80911495038482;10.661778097771988;15.116547029017504;16.301906967346387;8.550746785383243;13.107380563045904;13.099183410079286;15.854016107971407;10.965784284662089;14.797509548568206;14.45294902741064;14.184952805124247
10.430452551665532;11.600377553107844;10.946906274456396;10.375039431346924;10.73640193131829;10.001408194392807;10.648357582009666;10.92035285541508;11.838416075797335;9.681238411777803;10.701306461958623;12.184875342908285;10.671541066711884;11.415213598765286;10.767356854125683;12.00105627463478;10.639340708652233;10.894817763307945;11.02997734658958;11.347621368568134;10.7657004876511;9.839203788096944;10.79197682089869;10.769011321097016;9.663558104217271;10.368506461507693;11.365228849251544;11.726218159332198;10.563196272216738;11.566054038171092;11.029287226968243;11.117643101389092;11.627077840517394;12.326991174900815;11.720671786825555;11.311180660053354;12.154185209265297;11.501339618061396;10.659103963473662;10.309476353841106;11.174925682500678;11.121533517340032;11.210671343785622;9.926295994781112;10.407267764244732;10.778077129535358;11.307770031890705;11.501339618061396;11.516192477879368;11.347621368568134;10.671541066711884;10.025139562278508;10.44086916761087;11.54399845013454;10.368506461507693;12.184875342908285;11.06339508128851;11.03342300153745;11.239598529249124;11.318542809702723;10.24198314969433;10.589651146514786;10.971543553950772;11.303209948944776;10.36194377373524;11.720671786825555;11.08214904135387;10.790348496751914;11.778487861222372;10.854089179870574;11.905763049602792;10.921097088106793;10.474719946526482;9.893301530860564;10.935165049603697;11.066089190457772;10.038918989292302;10.829722735086058;11.067434360756522;11.56843119316746;11.533816389433364;11.430975172588068;9.627533884472792;11.50432244829189;11.262682142362165;10.597121428789569;11.422064766172811;11.778487861222372;11.043710863347156;9.792790294301064;11.436711542137214;10.712527000439824;12.04916787237217;10.13827180017222;10.868822554775;11.231221180711186;9.481799431665753;10.957102041562289;11.535275376620802;11.221587121264806;10.902375114486023;11.603162679534382;11.253256579781151;10.813781191217036;13.565459136904616;10.51668494930961;10.902375114486023;10.96650545190574;9.831307243802051;11.237209960755022;11.01262453886506;10.791162888555018;11.270879295328784;12.004220466318197;10.59898297103609;11.03960451795376;12.020979938904212;11.001408194392807;11.962173031109709;11.067434360756522;11.133784409179908;11.33371442609397;11.693051295397;11.85914649542596;10.69522829149575;11.892163309861964;10.157346935362844;11.212496385193948;11.018895621121649;11.252074042796185;11.826548487290914;11.570804437724496;11.665335917185176;11.611024797307351;11.239598529249124;10.768184324776929;11.396069557639867;11.785452468158542;11.414685235807214;11.950920352030098;10.16867211813223;11.010528105886484;11.812177305514448;11.692179576312538;11.449664538476192;10.26795708440284;11.728345714710976;11.282509306240836;11.177419537989236;11.56081046872794;11.63390340934852;11.79766152585376;11.93737382019215;11.23421867823847;11.482303782323182;11.280190792216906;10.850186837645774;11.242578689451346;10.76983784362944;12.2903068962579;11.77272694923985;11.513234113806051;11.247927513443583;11.649705265471413;12.152918576136624;10.874981347653774;12.03376711484639;11.564625862795372;12.307770031890705;10.220378327695228;10.46352437327118;10.817783121774534;11.559377090526684;10.794415866350104;11.101319154423276;9.948367231584678;11.457380879072534;11.380461065088973;11.154185209265297;10.881878707600446;12.20212382383046;11.252665432450248;11.822570830950168;11.533816389433364;10.0;11.434106928609957;10.77066389291676;11.12347479824414;11.260919533662904;11.232420927176076;11.114393054867309;10.565102078360312;10.96650545190574;11.088788238716909;11.838022058304546;10.817783121774534;11.71338651493703;11.86379910372885;11.109177703355275;11.67595703294175;12.229119220658594;12.445790836048076;10.543031820255235;11.699138625275914;11.67595703294175;12.027905996569883;12.10000522442272;9.975847968006784;10.868822554775;11.40832974076739;11.178664851006472;11.314016703901355;12.483815777264256;11.977279923499916;11.458406613236534;11.122180901259751;11.505811553919594;12.12605911607068;10.279610581052484;11.239001757765582;11.585432051592962;12.303780748177102;11.208234358339787;12.610332801911134;11.569380959522295;10.963618617443972
2.584962500721156;1.0;3.584962500721156;1.0;5.169925001442312;1.584962500721156;0.0;1.584962500721156;1.0;1.584962500721156;1.0;3.321928094887362;6.6293566200796095;1.584962500721156;1.0;1.584962500721156;4.459431618637297;2.584962500721156;3.584962500721156;3.321928094887362;3.906890595608519;3.700439718141092;3.906890595608519;2.0;0.0;2.584962500721156;5.285402218862249;1.0;1.0;2.0;0.0;2.321928094887362;3.0;2.0;1.0;1.0;2.0;0.0;1.584962500721156;3.169925001442312;3.0;5.044394119358453;2.321928094887362;1.0;2.584962500721156;2.807354922057604;2.807354922057604;0.0;3.321928094887362;3.321928094887362;6.6293566200796095;3.807354922057604;0.0;2.0;2.584962500721156;0.0;2.321928094887362;1.0;0.0;2.807354922057604;2.0;2.321928094887362;0.0;2.321928094887362;0.0;1.0;2.807354922057604;4.459431618637297;0.0;3.169925001442312;2.321928094887362;2.0;5.0;0.0;2.321928094887362;6.845490050944375;2.584962500721156;3.0;1.0;2.0;1.584962500721156;1.0;1.0;2.807354922057604;2.584962500721156;3.321928094887362;1.584962500721156;0.0;5.044394119358453;3.807354922057604;1.0;5.20945336562895;2.0;1.584962500721156;1.584962500721156;1.0;0.0;6.087462841250339;1.0;1.0;2.584962500721156;2.0;2.321928094887362;1.0;0.0;1.0;2.584962500721156;3.321928094887362;1.0;2.0;1.584962500721156;3.0;0.0;4.523561956057013;3.4594316186372973;2.0;4.584962500721156;4.169925001442312;4.523561956057013;3.700439718141092;3.584962500721156;4.857980995127572;3.807354922057604;4.247927513443585;3.169925001442312;4.392317422778761;5.614709844115208;0.0;3.584962500721156;3.0;3.807354922057604;4.906890595608519;5.044394119358453;3.321928094887362;5.129283016944966;3.321928094887362;5.357552004618084;5.087462841250339;4.857980995127572;5.087462841250339;3.807354922057604;3.321928094887362;3.4594316186372973;3.4594316186372973;5.247927513443585;4.247927513443585;3.321928094887362;4.459431618637297;4.169925001442312;4.087462841250339;3.321928094887362;2.0;4.807354922057604;4.392317422778761;5.523561956057013;3.0;3.584962500721156;2.321928094887362;0.0;5.321928094887363;4.392317422778761;3.321928094887362;2.0;4.169925001442312;4.392317422778761;4.321928094887363;5.129283016944966;3.169925001442312;3.321928094887362;5.0;2.0;2.0;3.169925001442312;3.906890595608519;3.4594316186372973;2.0;1.584962500721156;3.584962500721156;4.0;4.247927513443585;5.614709844115208;2.807354922057604;5.247927513443585;3.169925001442312;4.087462841250339;3.4594316186372973;3.700439718141092;4.321928094887363;4.392317422778761;3.906890595608519;2.321928094887362;1.584962500721156;3.4594316186372973;5.169925001442312;5.169925001442312;3.321928094887362;3.807354922057604;4.392317422778761;4.169925001442312;2.584962500721156;3.584962500721156;4.523561956057013;3.0;2.0;4.392317422778761;3.807354922057604;4.392317422778761;4.169925001442312;0.0;3.169925001442312;4.807354922057604;3.0;4.584962500721156;4.643856189774724;3.321928094887362;3.169925001442312;5.906890595608519;5.247927513443585;0.0;3.584962500721156;3.4594316186372973;4.954196310386875;2.321928094887362;3.584962500721156;3.700439718141092;3.584962500721156
3.0;0.0;2.807354922057604;2.321928094887362;3.0;3.169925001442312;2.321928094887362;0.0;3.584962500721156;2.321928094887362;4.584962500721156;3.169925001442312;2.807354922057604;5.169925001442312;3.321928094887362;2.0;6.285402218862249;3.0;4.906890595608519;5.0;3.169925001442312;4.0;4.523561956057013;2.584962500721156;1.0;3.321928094887362;2.321928094887362;2.0;1.0;3.700439718141092;2.321928094887362;3.169925001442312;4.523561956057013;2.321928094887362;2.321928094887362;3.700439718141092;4.247927513443585;2.584962500721156;2.584962500721156;4.807354922057604;2.0;1.0;1.584962500721156;4.321928094887363;2.0;4.700439718141092;1.584962500721156;2.584962500721156;2.321928094887362;5.0;2.807354922057604;4.392317422778761;2.584962500721156;2.321928094887362;3.321928094887362;2.321928094887362;3.807354922057604;0.0;2.807354922057604;2.584962500721156;0.0;3.906890595608519;4.247927513443585;2.321928094887362;3.321928094887362;2.321928094887362;6.066089190457772;2.807354922057604;2.0;2.0;3.4594316186372973;3.906890595608519;1.584962500721156;4.392317422778761;2.807354922057604;3.700439718141092;3.0;4.087462841250339;3.169925001442312;4.584962500721156;3.321928094887362;3.807354922057604;4.247927513443585;3.169925001442312;3.807354922057604;2.584962500721156;3.906890595608519;2.0;3.700439718141092;2.321928094887362;2.0;2.0;1.0;2.321928094887362;3.4594316186372973;3.4594316186372973;1.0;4.700439718141092;3.700439718141092;2.807354922057604;2.584962500721156;2.0;4.459431618637297;5.087462841250339;3.4594316186372973;2.321928094887362;2.584962500721156;0.0;3.0;2.0;4.523561956057013;1.0;2.321928094887362;4.321928094887363;0.0;4.643856189774724;4.857980995127572;4.700439718141092;5.491853096329675;5.20945336562895;4.321928094887363;4.392317422778761;4.087462841250339;3.321928094887362;6.882643049361842;4.459431618637297;4.392317422778761;4.087462841250339;4.087462841250339;5.459431618637297;5.087462841250339;1.0;5.044394119358453;0.0;2.584962500721156;4.459431618637297;2.584962500721156;2.584962500721156;2.584962500721156;6.087462841250339;5.044394119358453;5.169925001442312;4.906890595608519;4.584962500721156;3.4594316186372973;2.0;5.169925001442312;4.584962500721156;4.459431618637297;2.807354922057604;4.247927513443585;4.392317422778761;4.954196310386875;2.584962500721156;3.906890595608519;3.700439718141092;1.0;5.321928094887363;5.20945336562895;5.20945336562895;5.20945336562895;3.700439718141092;4.906890595608519;5.672425341971495;3.906890595608519;4.906890595608519;2.807354922057604;4.954196310386875;3.584962500721156;4.247927513443585;5.044394119358453;3.584962500721156;6.247927513443585;5.247927513443585;5.087462841250339;5.20945336562895;5.20945336562895;4.321928094887363;3.906890595608519;3.4594316186372973;6.189824558880018;5.129283016944966;3.0;5.906890595608519;0.0;4.857980995127572;3.0;4.0;3.4594316186372973;1.584962500721156;3.700439718141092;4.321928094887363;4.0;4.523561956057013;3.584962500721156;3.807354922057604;6.129283016944966;2.807354922057604;3.4594316186372973;5.700439718141092;4.643856189774724;4.392317422778761;5.807354922057604;3.807354922057604;5.459431618637297;2.807354922057604;5.807354922057604;4.247927513443585;4.857980995127572;5.129283016944966;5.882643049361842;5.0;6.066089190457772;4.700439718141092;4.906890595608519;5.523561956057013;4.523561956057013;3.321928094887362;2.807354922057604;4.0;4.321928094887363;2.584962500721156;6.672425341971495;3.4594316186372973;4.700439718141092;2.807354922057604
12.29920801838728;13.774581180893598;13.282074868584086;12.782179193831208;14.003605750097057;12.40381093178603;12.67485430794662;12.56271942704932;13.116506417748072;12.35231935484684;12.755722153642282;13.108034327661551;12.978710459106358;13.512863891390722;13.978978526687737;13.960182981831874;12.418116141207488;12.249113452713727;10.988684686772164;13.036688768795663;13.251482410620213;12.424953571261042;13.439311461818846;13.304066063127284;13.215684662824996;12.81418188419028;13.49585502688717;12.544240006441658;13.472437000051327;13.644644947968796;13.61769702930787;13.904728691047827;13.57790083688697;14.71639078949768;12.679480099505446;12.795633844506778;13.074308741440255;13.809567182259656;12.910642730469624;13.27131711690138;11.799281621521924;13.421275905290557;12.844313461203296;12.537703747907644;13.895953892812168;13.30163908559237;13.38720958071964;13.809567182259656;13.535639892993036;13.036688768795663;12.978710459106358;12.7054163988827;12.941597868266095;13.396069557639867;12.81418188419028;10.382624026574916;13.356864581418872;11.643856189774723;13.929720736806573;13.959820859580754;12.735767547266637;13.07296996854206;13.679590056827315;13.230320715661112;12.323617763291578;12.679480099505446;13.346790721750702;14.24175975889037;13.10705356960822;14.004308261543592;13.28987480070007;12.516192477879368;13.109340968793225;13.323054760341646;13.457509135732698;12.661332752795186;13.143702076857933;13.29304050024473;13.513850940118791;13.03376711484639;12.674192268145683;13.48520038195543;12.067434360756522;12.648132845652658;13.99028127536032;13.218714581067502;13.670102962422918;13.10705356960822;13.113416611485944;11.936637939002573;12.301210371298426;12.629811944382231;13.508785162064513;12.628673364068312;13.582024340280569;13.480285320936373;11.64565843240871;13.317129926384542;15.06701412975507;13.75884780310832;14.148158772937894;14.37571825083947;12.893680738390907;13.171802288682985;12.651948610723446;12.554109152574004;14.148158772937894;14.549183018562232;12.703038388986418;11.984062369686436;13.134747168669016;13.338736382573916;12.91026795581084;12.689124404913258;12.556745526004686;12.624110035762987;12.902940323128275;12.764042217306589;13.166476950816804;12.774992908933177;12.560093957642495;13.227164654622404;13.15608307628868;12.781564627244329;12.103615656394544;13.107870914279614;12.348728154231075;12.092426815780255;12.69021628042204;12.63094962683287;12.84979602224561;12.693922488081014;13.376668061857668;13.043710863347156;13.397674632948268;12.61815604777846;12.697619199078714;12.595723694101627;12.774992908933177;13.113579397950534;12.769011321097016;12.980318117957545;12.81678367937856;13.146568675740786;12.63026712502677;12.214926187942435;13.351353372192143;12.933321820732946;12.81358080298963;12.69566329678802;12.681458050210274;12.686938171670388;13.090277856857394;12.497103357016876;12.6142497276894;11.955286645524469;12.70173963867435;12.910642730469624;12.73978060977326;13.089284949013049;13.10705356960822;13.327973602613884;12.684529482418489;13.721633263063;13.011926066306808;12.930922097125269;13.026004642978943;12.934980832653832;13.046612469258132;12.844705764411938;12.322773176454564;12.208234358339787;13.032562359001108;12.993646060016596;13.447212401572669;12.38855550398256;13.164906926675688;13.63185912728278;12.316847183602473;12.808763116450413;13.295194955880657;12.793603309279408;13.355351096424812;12.804937672051908;12.756347825516588;12.456354415108288;12.515699838284045;12.7553048882624;12.806549621985962;12.493104892539137;12.831505185085328;12.199365616857982;12.638209626633582;12.411246151840444;12.36468185586456;12.175549550636193;13.213256138247942;13.121371625958965;12.765286098723683;12.774992908933177;13.249409785269128;13.381137338968552;12.482807956726669;12.199672344836364;13.179909090014934;12.614939847310737;13.367824239411048;12.488593333835407;12.673309075561695;12.597819788645507;12.714245517666123;13.042172353174928;13.538916402464112;13.156241119235752;13.190442018782823;12.887220615468385;12.649256177517314;12.821176056269854;11.551227603598289;12.657541759703378;12.539643506238036;12.44889062962926;13.790348496751914;13.588363287192117;12.815783544128184;12.74104557700984
12.38720958071964;13.271900672391544;12.950920352030098;12.316847183602473;14.437361961444426;12.554828641429854;12.3151495622563;12.567005370247031;13.33511116842486;11.773551346428505;13.216594306638791;14.553209286623323;13.425084743242849;12.797458885915104;12.606867837374152;13.226863716982413;12.153235338689411;13.72451385311995;12.3157156580222;12.610332801911134;14.395668009636845;11.711236767793784;12.744623639343583;12.925554439873554;12.681677655209691;12.30149619498255;13.86350875487853;12.239300174364203;13.914011328541257;13.160186576600662;13.409656113059851;13.371640534611808;13.462118798079198;13.476872750585825;12.629128904028171;12.270879295328784;14.674743989075154;12.95673914505908;12.900678158743355;12.546894459887636;13.163964091412272;13.161131882984307;13.285691191330091;12.393926675640415;12.726005231128596;12.50754690343482;13.33706433868474;12.95673914505908;12.93829314415169;12.610332801911134;13.425084743242849;12.325867580575418;12.68650052718322;12.870750003346114;12.30149619498255;10.335390354693924;12.693051295397;11.687375683437468;13.01227534485612;12.556506054671928;12.333155350310616;12.565816107100892;13.177263798253469;13.391377862315146;12.298635406734242;12.629128904028171;13.058837332677816;12.89121410590583;13.170394552314118;12.484067622432198;13.077983973962752;11.947271652460348;12.091765938516804;12.284534954008423;13.119427511067276;13.095067301607054;13.60917873814198;13.420881313035494;13.086467993464067;13.157662727208448;12.57790083688697;12.90613899619538;12.39660478118186;12.66777683839343;12.59944798152872;12.646558710154547;13.366732012584288;13.170394552314118;13.132339064219256;13.226261653315504;12.418379719364957;13.118616689351509;12.687813062564931;12.4186432493759;12.772520776314757;12.99964773652837;11.36194377373524;12.404077136241234;13.444108996147117;13.23212108408222;12.625023856880407;13.671209323704815;12.723660944409984;12.30206767252652;13.16788851318065;12.313449940963055;12.625023856880407;12.898034475991487;12.536247215688128;12.057991722759176;12.59735425297161;13.162863337608126;12.998237821888049;12.42574042431621;12.162076570374312;12.166476950816804;12.62593709953846;12.28424574982967;12.69283341500077;11.950555897047511;12.040289721025715;12.236911111444602;12.25502856981873;12.445532219028312;11.743992861060176;12.665557989846414;11.916999049082808;11.529918528120325;11.925554439873554;12.04507705193494;12.659772961881613;12.382624026574916;12.532599438672984;12.25502856981873;12.535518397768667;11.871520262329112;12.688687423222536;12.26238852375102;12.310044679647506;12.930552554336137;11.977637690405876;12.197523878257789;12.051888655905378;12.39687231851056;12.227916724201489;11.92184093707449;12.851553858429778;12.44190670454224;12.455584087578613;12.326148561205557;12.353146825498085;12.595723694101627;12.896899984419877;12.441128621804696;12.295768934420508;11.862637357558794;12.290018846932618;12.24198314969433;11.79766152585376;12.786065381163962;12.518161355756956;12.564625862795372;11.965784284662089;12.562957869334118;12.472437000051327;12.298062567719017;12.90613899619538;12.41256984680521;12.642051692927977;11.861862340059153;11.515699838284045;11.457380879072534;12.200285605224298;12.188588845707349;12.411510988012072;11.12023787734196;12.530406337099068;13.01017840402054;12.121857245612654;12.1373113907009;12.94104760634058;11.89633240390994;12.74420315113283;12.178353623512892;12.082481727863104;11.962534563511271;12.13699111208023;12.192292814470768;12.540854532113636;12.6142497276894;12.147204924942228;11.014717929860009;11.878050912728536;12.026177596889225;12.579080183834757;11.901621158346112;12.682775179067027;12.673309075561695;12.244958393151132;12.23212108408222;12.866699382882029;12.96000193206808;11.635718120331047;12.009128789539256;12.521109643651332;12.65642486327778;12.735132884139947;11.877667574067882;12.0744760007345;12.0911047583765;11.98584193700334;12.390168956200185;13.094407633081207;12.502831804066744;12.579315937580017;12.307770031890705;12.593857938858225;12.690652799348484;12.07648160120702;12.07045641594465;11.967226258835993;12.581906689308768;12.624567018674917;13.45455634396194;12.426264754702098;12.131856960608792
11.125413470483316;12.243769031961852;13.128960950855696;11.02167404285837;13.221738149272364;11.510764167917891;11.868436755858168;12.366322214245816;11.687813062564931;11.972620862058744;13.851651453223718;12.424691191512954;12.8107724413447;12.625023856880407;13.922026839405897;11.524541715035848;12.877284133523196;12.192601049711952;7.965784284662087;12.284534954008423;10.547858506058416;11.75112558336727;14.07906804878221;12.34568244818678;14.06356361058499;12.1526017440192;13.049848549450562;13.400212355750169;12.661778097771988;12.644982855229008;12.35507574666906;12.644532294625444;13.211736231827455;12.321646290991382;13.049338071751931;13.545809137366604;10.778077129535358;12.378565810000564;12.56843119316746;12.403278375471054;14.053671385595203;13.579315937580017;13.231671202562785;11.24198314969433;11.241387363998935;12.586839787961829;11.96650545190574;12.378565810000564;11.8356556908398;12.284534954008423;12.8107724413447;12.064742764750257;11.74188827273525;13.370687406807216;12.1526017440192;7.434628227636725;12.080151309614088;10.08746284125034;12.26209484537018;12.117643101389092;10.891024190149498;11.517669388133813;12.450438032395652;12.274378153246364;11.178664851006472;13.049338071751931;12.396069557639867;12.627305880514848;13.139231570719351;13.332176446062697;11.724087461793989;11.944346034137832;11.536732889835417;10.694357887221452;12.413098984915264;12.042343379793692;11.421538906848276;12.619073646817748;11.96108788999733;12.416533660199583;12.167418145831736;11.92851837525789;10.701306461958623;11.051208940914766;13.28164030006605;12.43514933836693;12.038918989292302;13.139231570719351;12.713601313573754;12.767977501603912;10.799281621521924;12.374224426123732;11.366868586167094;11.088125692188209;10.753216749178955;9.357552004618084;9.64565843240871;12.5262546938286;12.421538906848276;11.874597192401634;12.0566377151132;13.192755142640369;15.398710295833125;12.952013164889486;12.5898851792902;11.0566377151132;12.0566377151132;12.801102057146291;11.348174867535556;11.57601187420678;11.588246152044816;12.667333341605158;12.129926933510394;12.980318117957545;12.38505348834615;13.186888010029962;13.506803437795648;12.82376527978966;13.109504215757006;13.780847301854957;13.263856019596082;13.146409569587783;13.676948765298388;12.352595231134304;12.749240939022329;13.122342701858912;12.301781962051106;12.497103357016876;12.889313822384397;12.85934065396752;12.82097669262124;13.011227255423254;13.511505595792482;12.426264754702098;13.060358182642142;13.684529482418489;12.85428402017621;13.07263508111231;12.561287945164828;13.245404150930328;13.214015491410844;13.483437927061503;13.303209948944776;13.304921669581672;12.827938080144987;12.736190500960928;12.581906689308768;12.85584179604994;13.109340968793225;12.533329732305834;12.908580264012734;13.046271406599123;13.445273555640638;13.093582623027908;12.87843414955929;11.643405277115674;12.780334708123895;12.667111542075029;12.473705749619416;13.100990784092762;12.820777301419088;12.647233549977043;12.664891669286089;13.557822655373068;12.852529509404196;12.950191349972702;13.445273555640638;13.066089190457772;11.98903963696239;12.893870304785096;11.679040186393062;12.218260498797305;13.095726668639047;13.1666338592993;13.64824521820721;12.967766627794514;13.70033133854138;13.059344460824423;12.526010107061737;13.035314609824391;12.967946705812707;13.04114576747633;13.170238052336648;12.851358649033513;12.971543553950772;12.950191349972702;13.309618456283072;12.51791539291587;13.062552139376775;13.726111699158672;13.094077685671904;12.213104219641906;12.166163082646111;12.25915476886684;13.27873982655011;12.773551346428505;13.589534115888812;13.35231935484684;12.555068391333338;12.33371442609397;12.401679525982452;12.988862172783447;12.25650356743304;11.024447124040648;13.376261076559688;13.140350496628438;13.784941508337056;12.901055432553273;12.85428402017621;13.123151432773575;12.609871287178828;13.21204034123855;13.373408960228696;12.69566329678802;13.226412192788786;13.388286419762649;13.111461739857722;13.269126679149418;10.332036548361652;12.691961564216788;13.510887765694012;12.382894168892134;13.029804847630697;12.6640027628865;12.859534786382651;13.157346935362844
2.807354922057604;4.321928094887363;1.0;1.584962500721156;4.087462841250339;0.0;0.0;0.0;4.087462841250339;0.0;2.584962500721156;1.0;0.0;4.754887502163468;0.0;0.0;3.321928094887362;1.0;3.4594316186372973;4.0;1.0;3.906890595608519;2.584962500721156;2.807354922057604;1.0;2.807354922057604;4.0;5.087462841250339;0.0;3.321928094887362;0.0;1.584962500721156;0.0;3.321928094887362;2.807354922057604;2.321928094887362;2.0;1.0;1.0;3.4594316186372973;3.4594316186372973;3.0;1.0;2.0;2.0;3.169925001442312;0.0;1.0;1.0;4.0;0.0;3.321928094887362;0.0;1.0;2.807354922057604;0.0;3.0;2.807354922057604;0.0;7.734709620225838;6.169925001442312;1.0;3.906890595608519;0.0;0.0;2.807354922057604;2.0;4.247927513443585;1.584962500721156;1.0;1.584962500721156;1.584962500721156;3.0;0.0;0.0;1.0;2.0;1.0;1.584962500721156;1.0;0.0;2.0;2.321928094887362;4.087462841250339;0.0;3.321928094887362;3.700439718141092;1.584962500721156;3.906890595608519;6.614709844115208;6.20945336562895;2.0;4.087462841250339;1.0;1.584962500721156;3.807354922057604;1.0;4.0;1.584962500721156;0.0;0.0;0.0;0.0;5.247927513443585;8.67595703294175;1.584962500721156;0.0;1.584962500721156;3.584962500721156;0.0;2.807354922057604;4.247927513443585;2.807354922057604;2.807354922057604;5.754887502163468;0.0;4.523561956057013;3.807354922057604;3.584962500721156;2.0;3.807354922057604;2.807354922057604;0.0;4.0;0.0;3.807354922057604;4.087462841250339;2.807354922057604;2.807354922057604;0.0;3.807354922057604;3.700439718141092;4.807354922057604;5.807354922057604;4.700439718141092;2.584962500721156;4.523561956057013;3.4594316186372973;2.321928094887362;3.4594316186372973;3.700439718141092;1.0;0.0;3.321928094887362;2.321928094887362;1.584962500721156;3.169925001442312;3.700439718141092;3.807354922057604;4.321928094887363;3.584962500721156;0.0;4.523561956057013;5.169925001442312;2.584962500721156;2.0;4.321928094887363;4.954196310386875;2.584962500721156;5.0;4.247927513443585;3.584962500721156;1.584962500721156;2.584962500721156;3.700439718141092;5.523561956057013;5.459431618637297;2.584962500721156;3.4594316186372973;5.20945336562895;2.807354922057604;0.0;2.321928094887362;3.807354922057604;2.807354922057604;0.0;0.0;5.0;2.807354922057604;3.169925001442312;4.584962500721156;2.807354922057604;3.169925001442312;1.0;4.700439718141092;3.700439718141092;3.169925001442312;3.584962500721156;5.426264754702098;3.807354922057604;3.700439718141092;0.0;2.321928094887362;3.906890595608519;3.584962500721156;4.087462841250339;3.0;4.321928094887363;3.321928094887362;0.0;3.169925001442312;4.754887502163468;3.700439718141092;2.584962500721156;2.321928094887362;2.584962500721156;4.247927513443585;3.0;2.0;1.0;3.0;2.321928094887362;3.584962500721156;4.700439718141092;3.4594316186372973;0.0;2.321928094887362;2.321928094887362;0.0;5.523561956057013;4.169925001442312;2.807354922057604;0.0;5.0;2.584962500721156;2.321928094887362
8.954196310386875;10.925554439873554;9.430452551665532;11.122180901259751;9.221587121264806;8.321928094887362;8.08214904135387;9.233619676759702;8.74819284958946;10.380461065088973;6.539158811108031;7.672425341971495;11.031356596255709;8.59618975614441;5.614709844115208;8.405141463136344;7.994353436858858;6.965784284662087;5.954196310386875;8.228818690495881;7.741466986401146;9.23840473932508;6.303780748177103;9.710806433699352;5.426264754702098;9.57553924683453;9.411510988012072;10.084808387804362;8.727920454563199;8.022367813028454;7.86418614465428;10.88340698638837;9.060695931687556;12.564387696052629;7.03342300153745;10.29117069932186;6.247927513443585;8.62935662007961;8.566054038171092;9.951284714966972;9.489847960439295;3.0;7.0;7.03342300153745;10.037546953962178;7.60733031374961;3.906890595608519;8.62935662007961;9.509775004326936;8.228818690495881;11.031356596255709;6.149747119504682;10.991521846075695;11.03823313473178;9.57553924683453;3.169925001442312;8.405141463136344;9.174925682500678;7.483815777264256;10.948367231584678;7.857980995127572;7.988684686772165;11.184255495405347;9.43254190038826;7.569855608330948;7.03342300153745;5.392317422778761;7.499845887083206;11.58261245126702;6.409390936137702;7.159871336778389;5.20945336562895;9.684748620421626;5.584962500721156;10.066089190457772;10.164906926675688;8.149747119504681;8.60733031374961;8.682994583681683;8.149747119504681;9.868822554775;9.350939181546432;8.113742166049189;9.319672120946995;4.247927513443585;10.939579214314692;9.703903573444665;11.58261245126702;8.867278739709661;4.807354922057604;9.370687406807216;8.426264754702098;6.569855608330948;8.066089190457772;10.030667136246942;9.805743872151618;10.184875342908285;12.438012087651131;9.776433032444732;10.220378327695228;6.754887502163468;8.08214904135387;5.087462841250339;7.409390936137702;10.497851836951115;9.871905237659186;6.754887502163468;10.938844457466171;8.985841937003341;10.0566377151132;6.94251450533924;10.004220466318197;9.400879436282183;8.294620748891628;12.617926556798752;5.523561956057013;8.543031820255237;8.257387842692651;8.861086905995395;6.285402218862249;8.74819284958946;10.44086916761087;5.554588851677638;8.734709620225837;6.129283016944966;8.535275376620802;8.870364719583405;5.087462841250339;8.005624549193879;8.134426320220927;7.768184324776926;8.005624549193879;9.264442600226602;10.79766152585376;10.634811050171718;8.731319031025064;9.090112419664289;8.758223214726724;8.45532722030456;10.072802534544207;8.700439718141093;5.0;5.554588851677638;8.584962500721156;9.974414589805528;9.63117705570398;10.665335917185176;9.113742166049189;7.86418614465428;9.036173612553483;9.221587121264806;5.584962500721156;10.57459352733761;9.12670447284319;9.79766152585376;6.78135971352466;9.623881490013458;7.971543553950772;6.9886846867721655;8.96289600533726;8.049848549450562;11.17617314910749;8.417852514885897;8.487840033823051;9.044394119358454;9.398743691938192;8.857980995127573;7.930737337562887;7.918863237274595;9.99435343685886;5.954196310386875;8.20945336562895;7.321928094887363;7.665335917185176;8.139551352398794;4.857980995127572;5.906890595608519;11.7431513941125;7.845490050944375;8.581200581924957;9.63117705570398;7.523561956057013;8.361943773735241;6.554588851677638;11.62662165235837;9.346513733165636;6.442943495848728;8.857980995127573;8.59245703726808;9.308339030139408;9.14974711950468;4.700439718141092;7.577428828035749;7.857980995127572;10.032045726930807;9.090112419664289;7.761551232444479;9.688250309133178;9.430452551665532;6.459431618637297;8.335390354693924;8.29920801838728;8.366322214245816;7.366322214245816;8.233619676759702;9.453270634010623;8.467605550082997;8.717676423066395;6.965784284662087;6.554588851677638;8.951284714966972;7.768184324776926;8.527477006060396;9.65642486327778;9.659995892429976;7.930737337562887;9.103287808412022;8.873444112515376;7.546894459887636;8.144658242831882;7.569855608330948;8.523561956057012;7.774787059601174;10.4797802640291;9.594324603924848;8.499845887083206
7.531381460516312;7.22881869049588;11.014020470314934;6.169925001442312;8.661778097771988;8.693486957499324;8.658211482751796;8.957102041562287;8.257387842692651;6.599912842187128;11.761135649828644;10.306061689428342;7.60733031374961;8.857980995127573;9.457380879072534;8.867278739709661;8.813781191217037;9.016808287686557;7.03342300153745;8.546894459887637;9.105908508571158;7.614709844115208;9.552669097514272;8.543031820255237;10.79685079526716;7.330916878114617;8.459431618637296;6.9886846867721655;7.159871336778389;8.49585502688717;10.378294855911893;7.894817763307944;9.63117705570398;7.499845887083206;8.285402218862249;8.224001674198105;9.022367813028454;6.832890014164741;8.483815777264256;9.35974956032233;8.997179480937621;12.3188252203997;7.787902559391432;8.876516946565;6.727920454563199;8.88264304936184;11.57459352733761;6.832890014164741;8.67595703294175;8.546894459887637;7.60733031374961;8.640244936222345;7.383704292474052;8.252665432450248;7.330916878114617;9.445014845868425;5.672425341971495;7.592457037268081;8.696967526234287;5.491853096329675;8.285402218862249;8.842350343413807;10.129283016944967;8.413627929024173;8.344295907915816;8.285402218862249;9.78135971352466;10.048486873992337;8.20945336562895;9.625708843064466;9.533329732305834;9.799281621521924;8.577428828035748;9.89178370321831;8.118941072723507;7.651051691178928;8.344295907915816;8.471675214392045;6.6865005271832185;9.714245517666123;9.661778097771988;9.489847960439295;8.566054038171092;7.189824558880018;9.54882190845875;7.888743248898259;9.89026427702111;8.20945336562895;8.224001674198105;6.357552004618084;9.290018846932618;7.721099188707186;9.810571634741146;6.794415866350106;10.887220615468385;8.400879436282183;7.03342300153745;7.686500527183218;9.221587121264806;8.049848549450562;7.066089190457772;9.226412192788786;8.618385502258606;8.654636028527968;8.491853096329674;7.475733430966398;7.066089190457772;9.67065624911844;9.394462694610317;7.707359132080882;8.08214904135387;9.861086905995396;7.159871336778389;10.453270634010623;8.20945336562895;10.828136484194108;10.152284842306582;8.991521846075695;9.665335917185176;10.952013164889486;9.729620743553038;9.394462694610317;10.625708843064466;10.038918989292302;9.366322214245816;10.269126679149418;8.459431618637296;10.824958740528524;9.677719641641009;9.957102041562289;10.239598529249124;9.041659151637214;9.749869427396844;8.94251450533924;8.948367231584678;10.510764167917891;8.668884984266247;9.445014845868425;9.346513733165636;9.677719641641009;8.832890014164741;10.671541066711884;10.811374693509942;10.52943055414615;9.43879185257826;7.906890595608519;10.103287808412022;9.541096615349524;10.20945336562895;8.686500527183219;9.294620748891628;11.428360172704291;9.663558104217271;8.876516946565;9.287712379549449;8.618385502258606;9.63662462054365;10.350939181546432;9.791162888555018;9.7632123668144;9.98299357469431;9.428360172704291;9.285402218862249;10.62844554013718;9.868822554775;9.036173612553483;9.731319031025064;10.968666793195208;10.524541715035848;8.285402218862249;9.285402218862249;8.447083226209653;10.960725994839056;10.381542951184583;10.758223214726724;9.824958740528524;11.095397022792556;9.776433032444732;9.487840033823051;9.642051692927977;9.707359132080883;10.318542809702723;9.935165049603697;10.409390936137704;8.90388184573618;10.380461065088973;10.659995892429976;9.324180546618742;9.330916878114618;8.918863237274595;9.0;9.721099188707186;9.552669097514272;8.807354922057604;9.13699111208023;9.022367813028454;10.814582465906277;9.108524456778168;9.00842862207058;10.537218400538595;10.7657004876511;10.569855608330949;8.774787059601174;9.194756854422248;9.955649907528374;9.207014320177532;10.672425341971495;9.027905996569883;10.453270634010623;10.790348496751914;9.016808287686557;10.73893668167614;10.513727595952435;9.467605550082997;10.084808387804362;9.709083812550343;9.204571144249204;10.52061868055628;9.002815015607053;9.221587121264806;10.466586337719244;9.807354922057604;10.539158811108033;10.154818109052105;9.52943055414615;9.782998208920414
10.224001674198105;8.951284714966972;8.603626344986193;8.94251450533924;11.220982851081777;8.870364719583405;9.216745858195306;9.594324603924848;10.24436383512051;9.162391328756906;11.016808287686557;9.285402218862249;10.140829770773;11.445014845868425;10.309476353841106;10.31628153174622;9.927777962082342;8.879583249612784;9.092757140919852;10.471675214392045;9.541096615349524;10.737247343027738;9.946906274456396;9.61654884377899;10.12023787734196;9.94104760634058;10.602698865017963;9.290018846932618;9.219168520462162;10.958552715431011;9.377210530388552;9.264442600226602;10.430452551665532;9.346513733165636;11.13699111208023;9.44086916761087;11.722380635163802;9.627533884472792;9.308339030139408;10.89026427702111;8.791162888555018;8.087462841250339;8.661778097771988;10.788718332690458;9.39231742277876;10.60177078840771;10.523561956057012;9.627533884472792;9.98584193700334;10.471675214392045;10.140829770773;9.388017285345136;8.700439718141093;11.070791809423062;9.94104760634058;6.870364719583405;10.388017285345136;8.618385502258606;10.640244936222343;9.99859042974533;9.092757140919852;9.30149619498255;10.572700226487292;9.517669388133813;9.172427508645482;11.13699111208023;11.661778097771988;9.368506461507693;9.881113960675096;9.226412192788786;9.63662462054365;9.792790294301064;9.684748620421626;10.588714635582264;10.015415052386688;11.298062567719017;10.122827994807666;9.861086905995396;9.219168520462162;10.320800548881635;10.521600439723729;9.813781191217036;10.606405212697783;8.184875342908283;10.668884984266247;10.509775004326936;10.048486873992337;9.881113960675096;10.634811050171718;9.129283016944967;9.08746284125034;9.24555270625568;10.098032082960527;10.40832974076739;10.256208688527389;9.517669388133813;7.348728154231077;9.481799431665753;9.978710459106358;10.944712061043486;9.419960177847887;9.459431618637296;9.7515440590891;11.48683502156305;10.036173612553483;9.41574176829009;9.419960177847887;11.023061249735337;9.5980525001616;9.94104760634058;9.471675214392045;9.060695931687556;9.799281621521924;7.86418614465428;8.842350343413807;9.434628227636724;8.744833837499545;8.214319120800766;9.269126679149418;9.967226258835993;8.46352437327118;8.768184324776927;10.096715154488535;8.665335917185176;10.667998535672528;8.280770770130603;8.442943495848729;8.339850002884624;8.60733031374961;8.622051819456376;8.73809225962049;7.768184324776926;9.665335917185176;9.036173612553483;9.60917873814198;9.074141462752506;8.550746785383243;7.651051691178928;9.041659151637214;9.709083812550343;9.152284842306582;9.73640193131829;9.219168520462162;8.335390354693924;8.144658242831882;9.702172685365548;9.642051692927977;10.107217075591382;8.861086905995395;7.569855608330948;8.189824558880018;9.285402218862249;10.247927513443583;7.768184324776926;8.238404739325079;7.467605550082998;7.98299357469431;8.96289600533726;9.310612781659527;8.851749041416058;8.92184093707449;8.980139577639157;10.166163082646111;10.161131882984307;9.226412192788786;8.794415866350105;8.383704292474052;8.344295907915816;8.810571634741146;8.422064766172813;8.784634845557521;7.3750394313469245;9.560332834212442;8.823367240046235;8.442943495848729;8.804131021183318;9.874981347653774;11.459431618637296;6.768184324776926;8.413627929024173;9.840777923595054;8.92184093707449;9.3151495622563;9.092757140919852;9.036173612553483;9.426264754702098;8.74819284958946;9.036173612553483;9.625708843064466;8.214319120800766;9.918863237274596;7.417852514885898;9.0;8.027905996569885;7.686500527183218;6.754887502163468;9.157346935362844;8.640244936222345;8.092757140919852;8.658211482751796;9.964340867792416;9.172427508645482;8.774787059601174;7.03342300153745;9.124121311829189;8.888743248898258;9.661778097771988;8.62935662007961;9.707359132080883;9.169925001442312;8.603626344986193;9.23840473932508;9.539158811108033;7.800899899920305;9.098032082960527;9.643856189774723;7.672425341971495;8.430452551665532;9.86573327085176;8.909893083770042;8.689997971419446;7.98299357469431;10.758223214726724;9.131856960608792;8.876516946565;9.24555270625568
8.823367240046235;9.546894459887636;8.761551232444479;8.734709620225837;12.214622686302336;9.24555270625568;8.515699838284043;10.269126679149418;8.997179480937621;7.727920454563199;10.57459352733761;10.00982861736811;9.927777962082342;8.848622940429339;7.960001932068081;10.569855608330949;8.303780748177102;9.499845887083206;7.05528243550119;9.383704292474052;9.839203788096944;9.24555270625568;9.63117705570398;8.535275376620802;8.129283016944967;8.603626344986193;10.437752072323605;9.074141462752506;8.257387842692651;9.815383295813538;8.129283016944967;10.080817527608328;9.405141463136344;11.515699838284045;9.564149489985732;9.658211482751796;8.357552004618084;8.330916878114618;8.214319120800766;9.674192268145683;10.1006623390052;12.664891669286089;9.328674927327947;9.192292814470768;9.12670447284319;10.199672344836364;10.06339508128851;8.330916878114618;9.41574176829009;9.383704292474052;9.927777962082342;10.862637357558794;8.731319031025064;10.152284842306582;8.603626344986193;8.459431618637296;8.845490050944376;8.734709620225837;8.584962500721156;9.038918989292302;9.52552080909507;9.111135670234708;9.052568050804153;8.233619676759702;9.121533517340032;9.564149489985732;9.60733031374961;9.074141462752506;10.002815015607052;8.754887502163468;12.99806148563642;8.219168520462162;10.30035256032822;9.625708843064466;8.948367231584678;9.824958740528524;8.73809225962049;8.693486957499324;8.912889336229961;8.744833837499545;9.014020470314934;9.233619676759702;9.250298417906333;7.569855608330948;8.768184324776927;8.86418614465428;9.22881869049588;10.002815015607052;9.280770770130603;7.965784284662087;10.14338321398982;7.417852514885898;9.333155350310616;8.219168520462162;8.550746785383243;8.651051691178928;7.734709620225838;9.471675214392045;8.810571634741146;9.339850002884624;7.857980995127572;8.499845887083206;11.88683970588442;9.681238411777803;10.029287226968243;8.108524456778168;7.857980995127572;9.038918989292302;9.084808387804362;10.53430288245463;8.523561956057012;9.37937836707126;9.14210705730255;10.505811553919594;10.071462362556623;10.590587049915037;10.243173983472952;8.194756854422248;9.791162888555018;9.60177078840771;8.51175265376738;10.14210705730255;9.487840033823051;9.60177078840771;9.29232163280204;10.318542809702723;9.187352073200495;10.083479327331842;8.46352437327118;9.712527000439824;9.310612781659527;10.653740778706569;9.76983784362944;8.991521846075695;10.468624042918018;9.164906926675688;9.7714894695006;9.805743872151618;9.80896417491926;10.24436383512051;9.581200581924955;9.970105890612182;10.274960472140602;10.400879436282183;9.23840473932508;9.030667136246942;10.573647187493322;9.453270634010623;9.207014320177532;9.776433032444732;10.52258153125483;10.23840473932508;10.023754353299417;9.4797802640291;9.308339030139408;8.539158811108031;10.159871336778387;9.364134655008051;10.485829308701904;10.004220466318197;11.01262453886506;9.353146825498085;9.066089190457772;10.50481898763284;9.4655664048094;10.004220466318197;10.459431618637296;10.527477006060396;9.663558104217271;10.011227255423254;10.145932145820517;9.89026427702111;9.583082767502932;10.17367713630342;9.489847960439295;10.131856960608792;10.31628153174622;10.91737207947684;9.499845887083206;8.523561956057012;10.273795599214264;8.857980995127573;10.887982133058454;9.749869427396844;10.44190670454224;9.69522829149575;9.939579214314692;9.539158811108033;9.978710459106358;11.11178773580101;8.228818690495881;10.070120944476823;9.221587121264806;8.971543553950772;10.365228849251544;8.957102041562287;10.217957697864112;10.394462694610317;9.74819284958946;9.287712379549449;9.874981347653774;10.068778277985412;9.076815597050832;10.048486873992337;9.65284497300198;10.205793249397155;9.91288933622996;9.837627933171404;10.577428828035748;9.632995197142955;9.501837184902296;9.4797802640291;10.967946705812707;9.221587121264806;10.55170826162069;9.324180546618742;9.674192268145683;9.702172685365548;8.614709844115207;9.967226258835993;9.467605550082997;9.370687406807216;11.140829770773;9.483815777264256;9.935165049603697;9.91139198784346
10.701306461958623;11.404077136241234;13.194602975157968;11.2940463132715;12.576956664706092;11.914011328541257;12.152284842306582;12.465056167831175;12.973518004703717;8.103287808412022;11.81498293642679;12.805340828416384;12.371232128369622;13.112765281885316;10.91288933622996;13.256208688527389;10.909143047339898;12.30035256032822;8.060695931687555;11.222794902868111;13.305491792110685;8.968666793195208;9.264442600226602;9.43879185257826;10.481799431665753;10.741466986401146;13.127188301043205;6.409390936137702;12.559855041513623;12.089119397915168;9.583082767502932;9.370687406807216;12.61585949358308;11.97692206785108;14.123636453803824;11.29978040285854;13.030494719749468;11.97477306788934;11.407798850221974;10.535275376620802;10.708221730038352;11.900112062977456;12.491352073563435;9.932214751968385;11.010528105886484;11.935533412950749;12.381272555711789;11.97477306788934;9.987264012072538;11.222794902868111;12.371232128369622;9.640244936222343;10.689124404913258;10.007027266893967;10.741466986401146;11.605016447911364;10.777255315191924;11.607792641919213;11.378836713210614;11.398209261466851;10.407267764244732;8.060695931687555;12.53818893205242;12.576956664706092;8.59245703726808;14.123636453803824;13.210823518780844;12.256208688527389;10.023754353299417;12.750706986224948;12.418379719364957;13.21416731409353;11.098690096673591;9.579315937580017;12.868629668212655;11.868822554775;12.129926933510394;12.054943416573323;11.38855550398256;13.885886991697456;12.66622400280318;13.80019212646908;11.965062756744627;9.079484783826816;9.933690654952231;10.038918989292302;12.326148561205557;10.023754353299417;10.95492329203032;11.179909090014934;13.360024019571876;11.837627933171404;11.895575282380683;11.220982851081777;10.892542816648552;11.127994320976391;6.247927513443585;11.163649676015824;12.260625556068227;12.66222330531784;10.69522829149575;13.828334860961816;12.157662727208448;11.200898605038445;10.554588851677638;11.891403996665025;10.69522829149575;9.509775004326936;11.119589620741122;8.994353436858859;11.578844391558205;11.758639637024576;10.083479327331842;11.794821973331224;10.81698362325538;10.370687406807216;11.597121428789569;11.611024797307351;12.165535141377925;10.731319031025064;11.220982851081777;11.401412878714178;10.9901039638575;11.766114757586722;10.492854620174748;11.82137539237254;10.00562454919388;10.852529509404196;11.180530807344482;11.047123912114026;11.81257844413538;11.517669388133813;12.0744760007345;11.40832974076739;11.394462694610317;10.79197682089869;11.314016703901355;11.828136484194108;11.544481522310791;12.04916787237217;10.488844346457336;11.064742764750257;11.131856960608792;11.988684686772164;11.098032082960527;10.77313920671969;12.161446847518008;11.461479447286155;11.211888294546004;11.809768128710411;11.594791118089264;11.273212809854334;11.791162888555018;11.22881869049588;11.407798850221974;11.271463027904376;11.919235786028349;11.281350514981035;10.090112419664289;12.011227255423254;12.099676554859643;11.549303368513575;11.553149275598548;11.91026795581084;12.019590728357882;10.657318449581288;11.898601387403938;11.52552080909507;12.71681946132995;10.62296694479051;11.102631888854969;11.007728114632254;11.159240650411672;10.84862294042934;11.059344460824423;10.470658874060552;11.253847484987404;12.025139562278508;11.038918989292302;10.96289600533726;12.112439506781552;10.932952892194717;12.083479327331842;11.192909219112012;10.481799431665753;11.815783544128184;10.162391328756906;11.090112419664289;11.611485943240922;11.724940118462358;11.3009244909763;9.722807531169549;11.396069557639867;11.086799685623452;11.641148597411233;10.83605035505807;11.581200581924955;11.845490050944376;11.336506559810257;10.808159772868375;12.540370243743569;12.827938080144987;11.079484783826816;11.909143047339898;11.83880998570856;12.147204924942228;11.779719355143405;9.874981347653774;10.7632123668144;10.81698362325538;10.974414589805528;11.51422090935813;12.303209948944776;11.583552930466483;11.724940118462358;10.562242424221072;11.339293300180094;12.06406908038551;9.489847960439295;11.50481898763284;11.157978449945432;12.14274527675153;11.860311054919482;13.254733389246674;11.934428040626804;11.215532999745657
8.475733430966399;7.930737337562887;7.20945336562895;8.471675214392045;7.754887502163468;8.238404739325079;8.233619676759702;6.768184324776926;8.43879185257826;9.403012023574997;7.330916878114617;9.618385502258606;8.826548487290914;9.43254190038826;8.826548487290914;9.060695931687556;8.761551232444479;6.845490050944375;6.442943495848728;8.707359132080883;9.513727595952435;9.900866807980748;9.531381460516313;8.787902559391432;7.266786540694901;8.348728154231077;7.988684686772165;7.988684686772165;9.422064766172811;9.543031820255235;9.936637939002573;8.707359132080883;10.249113452713727;10.397674632948268;9.820178962415188;9.111135670234708;9.06339508128851;9.060695931687556;8.861086905995395;8.467605550082997;8.870364719583405;7.721099188707186;8.88264304936184;8.689997971419446;8.39231742277876;8.672425341971495;7.483815777264256;9.060695931687556;9.144658242831882;8.707359132080883;8.826548487290914;8.108524456778168;9.167418145831736;8.569855608330947;8.348728154231077;6.266786540694901;9.071462362556623;7.499845887083206;8.20945336562895;8.92184093707449;8.717676423066395;8.027905996569885;8.918863237274595;9.13699111208023;8.550746785383243;9.820178962415188;8.900866807980748;8.599912842187127;9.792790294301064;7.971543553950772;8.870364719583405;8.044394119358454;8.379378367071261;7.851749041416057;8.50382573799575;9.89026427702111;8.92481250360578;7.714245517666122;9.54882190845875;7.977279923499917;8.59618975614441;8.011227255423254;7.851749041416057;8.584962500721156;8.700439718141093;9.00842862207058;8.951284714966972;9.792790294301064;9.712527000439824;5.321928094887363;8.915879378835774;8.276124405274238;8.74819284958946;8.573647187493322;9.64745842645492;8.366322214245816;9.066089190457772;9.505811553919594;8.751544059089099;9.098032082960527;8.754887502163468;8.098032082960527;8.906890595608518;8.499845887083206;9.252665432450248;7.900866807980749;8.754887502163468;8.640244936222345;8.194756854422248;9.491853096329674;8.654636028527968;6.321928094887363;9.471675214392045;7.86418614465428;8.888743248898258;8.20945336562895;8.778077129535358;7.741466986401146;8.0;7.78135971352466;8.055282435501189;8.643856189774725;7.845490050944375;8.087462841250339;8.50382573799575;9.26209484537018;8.92481250360578;7.417852514885898;7.912889336229962;8.098032082960527;9.233619676759702;8.640244936222345;8.290018846932618;8.164906926675688;9.515699838284045;8.20945336562895;8.312882955284355;8.870364719583405;8.800899899920305;9.3151495622563;9.179909090014934;7.820178962415188;7.800899899920305;8.813781191217037;8.174925682500678;7.22881869049588;8.787902559391432;8.271463027904375;8.294620748891628;8.194756854422248;8.426264754702098;7.554588851677638;8.665335917185176;9.111135670234708;8.499845887083206;7.523561956057013;9.264442600226602;8.285402218862249;8.845490050944376;8.842350343413807;8.611024797307353;8.707359132080883;8.294620748891628;8.727920454563199;8.118941072723507;9.098032082960527;9.00842862207058;8.89178370321831;7.392317422778761;8.81698362325538;7.614709844115208;7.672425341971495;7.483815777264256;9.527477006060396;8.539158811108031;7.894817763307944;8.375039431346925;8.515699838284043;9.121533517340032;6.977279923499917;8.897845456005511;7.321928094887363;8.820178962415188;7.894817763307944;8.447083226209653;8.539158811108031;8.276124405274238;8.584962500721156;8.43879185257826;8.543031820255237;8.361943773735241;8.071462362556623;8.228818690495881;8.31741261376487;8.344295907915816;8.784634845557521;8.577428828035748;8.727920454563199;8.098032082960527;7.366322214245816;7.366322214245816;8.791162888555018;7.539158811108031;8.219168520462162;8.60733031374961;8.703903573444663;8.90388184573618;8.696967526234287;8.400879436282183;8.164906926675688;8.312882955284355;8.672425341971495;9.306061689428342;9.124121311829189;9.417852514885896;8.581200581924957;8.88264304936184;8.581200581924957;8.303780748177102;8.266786540694902;8.375039431346925;7.734709620225838;9.074141462752506;8.851749041416058;8.247927513443585;8.558420713268664
14.079984707033974;13.940405368720752;14.608312584075923;14.14569337467702;16.046441948007313;13.638435913990472;14.430517889635285;13.721953612801386;15.687813062564931;14.049252974571925;14.624624131362356;15.18429424367745;14.951284714966972;15.22622401599265;15.285980105928212;15.26469915427573;14.174925682500678;14.491101496916537;12.253256579781151;14.80019212646908;14.28828934218097;14.080151309614088;14.684145910800442;14.574238722636666;13.805441599906723;14.276342538234491;16.60549398660915;15.36043561057107;14.210823518780844;15.812177305514448;13.94800213097767;14.159398347853037;15.252924089212918;14.126543160712323;14.989616244829245;14.786780117389076;15.291566436278066;15.981790233122128;15.280045761300384;14.63990591729448;15.106685613379009;15.255729381720398;15.720137356354217;14.224830744327743;14.344712009935012;14.564149489985732;15.794644315593024;15.981790233122128;15.06048484780041;14.80019212646908;14.951284714966972;14.5285762023352;14.433781021038394;15.809617421496366;14.276342538234491;13.478769619475765;14.337203749714552;13.890929222895348;15.236761663571585;14.892353075734109;13.362354817483942;13.362628781601911;15.685186796595348;15.672425341971495;14.055451915095029;14.989616244829245;14.90190393807474;15.147085649588444;14.870461050170752;14.484948734468157;15.507980414858151;14.233544784084891;14.589534115888812;14.810370800183728;15.387411549273724;14.582965202817142;14.186810651653532;14.524051918717824;14.796648041413844;15.11129871425826;14.609986679703654;15.814507365306357;13.80896417491926;14.281278059613976;14.829227219010129;14.604958553690327;15.605942439625368;14.870461050170752;14.739094955802669;14.850870509952257;14.41673156527878;14.266493756312183;15.403378244755723;14.441193478063148;14.69631555889282;14.842006522992188;12.850186837645774;15.110972607782893;15.733333154264642;15.459143409467544;15.08534796907945;16.539537493092077;14.72328763823338;15.616692416953304;14.41038509837359;14.124686773651495;15.08534796907945;14.537703747907644;14.646783691837792;14.016808287686557;14.172818133574328;15.472278327873514;15.345058669965248;15.423214415640684;14.813330278557986;14.26136038776592;15.812553376238958;14.750340614067264;15.663502512246056;14.092757140919852;14.836888658217545;15.338214076996175;14.281278059613976;15.45011579365922;13.936085781679678;15.50326673442109;14.214546800915006;14.176251079967246;14.49866225224872;15.067644430364023;15.228593251782884;15.802061917315704;15.451951591099233;15.627049332983116;15.599128302916348;14.543454800521978;15.675488477802894;15.331756712255473;14.978129475081916;15.794695077179211;13.95701132599393;14.180142265411972;14.370823606480757;15.126341495181183;14.841564347730577;14.918117851031772;16.025355881089116;14.64593982955815;14.704173837217375;15.379649117760035;15.97172316117676;14.627761852402616;15.853601963952638;15.38949690371638;15.650715202538128;14.443979542601252;15.213104219641906;14.6660020326449;13.888077294500452;15.663419120272492;15.968824264411325;15.507299124122763;14.696695908980187;15.144857364337296;15.6963427300819;14.773345291291273;15.960816477139623;15.05904865773655;15.786065381163962;14.814031637366591;14.288073008232963;14.74897898803824;14.661945066702316;14.621822947394202;14.715586686342135;13.392585756275468;14.565697126849214;16.065374058262666;14.989970965927848;15.269638078840112;15.596917676803711;14.38498605851085;15.520587989814569;14.757181632816716;14.977995368612962;14.460199895059583;13.857980995127573;15.036001852919863;15.664752813758891;15.93544133093119;15.16753575204684;13.171489577065657;14.826498834211773;15.099306712078496;16.11774454746234;15.605537391381006;14.85934065396752;16.06573166867087;14.825604786440406;14.508970809227256;15.553209286623323;15.964611618481191;14.750078862693847;14.80473605161403;15.022757912187137;15.783791186648823;15.227277490055496;14.251926157496388;14.513789269353788;14.520495913671905;14.723500967876427;14.911345170655972;15.682884885545228;15.502023728234784;15.467510029505554;14.138191790464695;15.427149130343736;15.998325981932126;13.536732889835417;14.927639092298246;14.425609311939068;16.219660127012876;15.254216677875489;15.794085820233253;15.552248810548477;14.824958740528524
9.092757140919852;9.068778277985412;7.118941072723508;8.67595703294175;8.330916878114618;7.622051819456376;8.103287808412022;5.392317422778761;9.46352437327118;7.011227255423254;9.3151495622563;8.939579214314692;7.584962500721156;9.539158811108033;9.328674927327947;10.189824558880018;9.057991722759176;7.383704292474052;8.129283016944967;9.445014845868425;7.960001932068081;8.060695931687555;10.367414751246828;8.413627929024173;6.6293566200796095;8.499845887083206;9.098032082960527;9.407267764244732;9.3151495622563;9.5980525001616;9.057991722759176;8.499845887083206;10.791162888555018;12.237508748172656;9.398743691938192;9.066089190457772;9.61286849729104;9.409390936137704;8.768184324776927;8.813781191217037;9.995767150877802;5.584962500721156;4.700439718141092;7.832890014164741;9.37937836707126;10.705632387361415;7.584962500721156;9.409390936137704;8.879583249612784;9.445014845868425;7.584962500721156;8.857980995127573;8.820178962415188;8.980139577639157;8.499845887083206;4.584962500721156;9.294620748891628;8.829722735086058;8.523561956057012;9.103287808412022;8.087462841250339;8.51175265376738;10.029287226968243;8.988684686772165;6.108524456778169;9.398743691938192;10.715104009236168;7.189824558880018;7.584962500721156;9.06339508128851;11.498849206531723;8.134426320220927;8.375039431346925;6.108524456778169;9.319672120946995;8.751544059089099;9.154818109052105;9.381542951184583;8.909893083770042;7.754887502163468;8.447083226209653;9.564149489985732;7.321928094887363;8.599912842187127;9.840777923595054;9.546894459887636;8.912889336229961;7.584962500721156;10.321928094887362;6.0;9.03342300153745;5.247927513443585;10.015415052386688;9.531381460516313;9.233619676759702;9.59245703726808;6.539158811108031;9.449148645375436;9.821773981970567;9.756556322524087;9.703903573444665;9.152284842306582;9.623881490013458;8.945443836377912;9.810571634741146;8.744833837499545;9.703903573444665;8.857980995127573;8.839203788096944;10.836839359748716;8.519636252843213;7.2384047393250786;8.974414589805527;10.80896417491926;8.7714894695006;9.857980995127573;9.861086905995396;8.643856189774725;9.977279923499916;10.251482410620213;8.784634845557521;9.108524456778168;9.306061689428342;9.887220615468385;8.98299357469431;10.61378946447258;9.25502856981873;10.164906926675688;8.721099188707186;9.50382573799575;10.188588845707349;9.707359132080883;9.381542951184583;9.36194377373524;9.722807531169549;8.78135971352466;10.121533517340032;9.76983784362944;9.06339508128851;10.594324603924848;9.634811050171718;9.226412192788786;8.791162888555018;9.829722735086058;8.861086905995395;9.787902559391432;10.492854620174748;9.873444112515376;9.027905996569883;8.774787059601174;9.654636028527968;10.047123912114026;10.681238411777803;9.517669388133813;9.541096615349524;9.08214904135387;9.346513733165636;9.584962500721156;10.635718120331047;10.546894459887636;9.91737207947684;8.76487159073609;9.324180546618742;10.872674880270605;9.071462362556623;10.124121311829189;10.501837184902296;9.988684686772164;9.23840473932508;8.658211482751796;8.67595703294175;9.005624549193879;9.35974956032233;9.60733031374961;10.585901449690772;8.682994583681683;10.30035256032822;10.563196272216738;9.226412192788786;9.337621901992508;10.169925001442312;9.036173612553483;10.563196272216738;9.7714894695006;9.068778277985412;9.3151495622563;9.776433032444732;9.34207466799914;9.91737207947684;10.445014845868425;8.588714635582264;7.924812503605781;9.276124405274238;9.326429487122304;9.394462694610317;8.546894459887637;9.965784284662089;9.733015321685963;8.625708843064466;9.326429487122304;9.820178962415188;10.591522346570734;8.89178370321831;8.977279923499916;9.663558104217271;9.906890595608518;9.594324603924848;9.084808387804362;10.049848549450562;8.64745842645492;9.768184324776929;9.729620743553038;10.279610581052484;9.29232163280204;10.17617314910749;9.674192268145683;10.405141463136344;10.227615943414223;8.682994583681683;9.753216749178955;9.403012023574997;9.627533884472792;10.287712379549449;10.4241662888181;9.509775004326936;8.971543553950772
10.887220615468385;12.523806958187327;12.835260918627489;10.94178124227853;12.298062567719017;11.086136225027309;11.95383268214528;10.814582465906277;11.85096815098244;10.207014320177532;12.092426815780255;12.332875731152674;12.003869231979056;12.673309075561695;11.205182326228645;12.701089824817158;10.71853287606922;11.365775635326267;8.430452551665532;11.166163082646111;11.762382038710392;10.757390009366638;11.33147682185962;11.11504365016171;11.025139562278508;10.655530723155644;11.636171441635922;11.54061240824953;10.951284714966972;11.98655314975666;11.664447284547972;10.943247395901553;11.528942415064895;12.34318571544788;11.847840355630714;11.03960451795376;11.203959703239462;11.287135186086704;12.028251428162791;11.51668494930961;10.980853606379736;11.076815597050832;12.0877943047879;11.127349541059118;11.186733289128869;11.58261245126702;12.515946179109518;11.287135186086704;11.330356716957944;11.166163082646111;12.003869231979056;10.854089179870574;11.419960177847887;11.596655667674662;10.655530723155644;10.591522346570734;11.067434360756522;10.090112419664289;11.65284497300198;11.037546953962178;11.569380959522295;10.791162888555018;12.328674927327947;11.810973220002165;10.806549621985962;11.847840355630714;11.714674827308002;11.467605550082997;11.273212809854334;11.735132884139947;13.07028868996168;10.893301530860564;11.38424412224308;12.58777751632821;12.247927513443583;11.719816603018126;11.160501747555688;11.443979542601252;11.205182326228645;11.586370695113963;11.583082767502932;12.480790201095816;10.555547771647063;11.502831804066744;11.749031382040204;11.480790201095816;11.715104009236168;11.273212809854334;10.86418614465428;10.947636937951827;11.857980995127573;11.505811553919594;12.021327032624372;11.001408194392807;11.25797705856398;11.35424938194524;8.98299357469431;10.918117851031772;12.023754353299417;11.939579214314692;11.04916787237217;11.956013078088098;11.945077995107816;11.372865060112588;11.699138625275914;11.262682142362165;11.04916787237217;10.977995368612962;10.854089179870574;10.99859042974533;11.892542816648552;11.4757334309664;11.421012855779226;11.655977862486942;10.646558710154547;12.84097456982188;11.592924155627635;10.997885127829113;11.588714635582264;12.270587340447513;11.028596777067108;11.186733289128869;12.241387363998935;11.232420927176076;11.385323176175872;12.101647450030766;10.606405212697783;11.43567026093655;11.453785055496157;11.393926675640415;11.562242424221072;11.13827180017222;11.81977993183848;10.897089128312755;11.53430288245463;11.861086905995396;10.7047682393626;10.837627933171404;11.44449728710381;11.57790083688697;11.113742166049189;12.215836309962455;11.914011328541257;11.830911279742782;11.186114239541643;10.263269200372662;11.720671786825555;11.358101707440849;11.665335917185176;10.97513145692134;11.451726268074506;12.509775004326936;11.659103963473662;11.171176797651771;10.884170519108435;10.862637357558794;11.117643101389092;11.699138625275914;11.73893668167614;11.43567026093655;12.053925881531104;11.618385502258606;11.092096414990792;12.233919208586975;11.602698865017963;11.421538906848276;11.526988205432009;11.894817763307945;12.14274527675153;10.971543553950772;11.191059214531656;10.767356854125683;12.252961036393684;12.36112133473479;11.929998062609029;11.978352958165145;12.763419874192088;11.651051691178928;10.977995368612962;11.388017285345136;11.375582512490508;12.058668250340572;11.946540803893104;12.159240650411672;10.728770849542665;11.98584193700334;12.428883552010191;11.199672344836364;10.816183681432342;10.905387005018133;11.265615046484458;11.33706433868474;11.101319154423276;10.981567281903017;10.906890595608518;10.813781191217036;12.690652799348484;11.12670447284319;10.92481250360578;12.639114563179414;12.644757592516257;12.023061249735337;11.134426320220928;11.573647187493322;11.984418458801136;11.386401423640775;11.925554439873554;11.54061240824953;12.196294745028265;12.26766453750112;10.817783121774534;12.049848549450562;11.9947069952581;11.396069557639867;12.192909219112012;12.242578689451346;10.905387005018133;11.53818893205242;12.374496145691516;11.782179193831208;11.67065624911844;11.137631598235428;12.868243817704636;12.214319120800766;11.16804526822409;12.347621368568134
3.700439718141092;7.011227255423254;3.807354922057604;4.321928094887363;7.066089190457772;4.643856189774724;5.357552004618084;8.139551352398794;3.700439718141092;4.392317422778761;3.0;6.266786540694901;6.044394119358453;8.03342300153745;2.807354922057604;4.321928094887363;5.20945336562895;7.076815597050831;3.0;5.357552004618084;6.0;6.6865005271832185;4.0;3.584962500721156;0.0;5.392317422778761;6.303780748177103;3.0;3.807354922057604;4.087462841250339;4.754887502163468;3.169925001442312;5.044394119358453;3.321928094887362;2.584962500721156;3.807354922057604;5.321928094887363;2.807354922057604;5.321928094887363;3.807354922057604;5.285402218862249;4.0;3.584962500721156;3.584962500721156;3.169925001442312;4.807354922057604;3.807354922057604;2.807354922057604;4.0;5.357552004618084;6.044394119358453;6.714245517666122;4.643856189774724;1.0;5.392317422778761;3.169925001442312;4.459431618637297;1.584962500721156;4.754887502163468;6.554588851677638;5.954196310386875;4.584962500721156;4.459431618637297;4.584962500721156;5.930737337562887;2.584962500721156;3.584962500721156;6.906890595608519;4.169925001442312;5.807354922057604;5.129283016944966;4.954196310386875;7.727920454563199;4.700439718141092;5.807354922057604;5.491853096329675;4.087462841250339;5.584962500721156;3.0;7.569855608330948;3.906890595608519;3.906890595608519;4.321928094887363;6.584962500721156;3.584962500721156;5.285402218862249;4.0;4.169925001442312;5.832890014164741;3.321928094887362;3.169925001442312;6.794415866350106;4.584962500721156;2.0;5.357552004618084;3.4594316186372973;5.754887502163468;3.321928094887362;5.357552004618084;3.807354922057604;2.0;4.906890595608519;5.584962500721156;6.044394119358453;5.491853096329675;3.906890595608519;2.0;3.700439718141092;5.807354922057604;7.960001932068081;7.383704292474052;5.087462841250339;4.0;4.247927513443585;4.087462841250339;7.483815777264256;5.672425341971495;4.807354922057604;6.247927513443585;7.426264754702098;5.087462841250339;4.321928094887363;6.614709844115208;7.592457037268081;8.149747119504681;8.31741261376487;6.189824558880018;6.0;5.129283016944966;3.0;5.614709844115208;5.169925001442312;8.0;5.0;5.643856189774724;3.584962500721156;6.044394119358453;5.044394119358453;6.894817763307944;6.266786540694901;7.614709844115208;7.383704292474052;6.9886846867721655;5.491853096329675;4.169925001442312;3.807354922057604;4.247927513443585;4.321928094887363;6.066089190457772;4.700439718141092;4.321928094887363;4.0;5.906890595608519;3.4594316186372973;5.357552004618084;5.285402218862249;5.672425341971495;6.658211482751795;9.734709620225836;5.554588851677638;7.0;5.247927513443585;7.622051819456376;7.794415866350106;4.807354922057604;5.357552004618084;4.459431618637297;4.247927513443585;6.266786540694901;6.0;4.584962500721156;5.754887502163468;8.29920801838728;6.870364719583405;6.044394119358453;5.614709844115208;7.679480099505446;5.584962500721156;3.169925001442312;5.247927513443585;5.672425341971495;7.851749041416057;6.700439718141092;6.918863237274595;4.321928094887363;6.658211482751795;7.118941072723508;6.303780748177103;3.584962500721156;4.087462841250339;7.554588851677638;6.285402218862249;5.584962500721156;4.584962500721156;5.554588851677638;2.0;6.6293566200796095;5.523561956057013;5.357552004618084;8.523561956057012;6.539158811108031;4.459431618637297;6.475733430966398;2.0;4.754887502163468;5.129283016944966;5.247927513443585;8.194756854422248;7.108524456778169;7.199672344836364;4.584962500721156;6.820178962415188;5.129283016944966;3.0;8.266786540694902;9.339850002884624;5.584962500721156;5.491853096329675;6.539158811108031;6.321928094887363;2.807354922057604;5.426264754702098;9.63117705570398;6.569855608330948;5.930737337562887;5.672425341971495
12.846861527286707;11.055960234452296;11.28424574982967;12.041316915829444;12.658880895047878;13.080484457067568;10.430452551665532;9.167418145831736;14.64374347482167;10.485829308701904;13.463141170371706;13.746199379523777;13.429929741353272;12.45917543555203;11.93110683302934;12.886077584873094;14.422984559025702;12.531868775177552;13.061371192659813;15.034455095327186;9.51175265376738;13.829326335841666;14.296127555079316;14.349004718027745;10.215532999745657;12.917931444281608;11.237209960755022;13.006326078524934;11.915879378835774;14.886601586313526;10.296916206879288;11.868050853745158;15.242243728588;12.105253779700885;11.65508344519798;11.573173784686484;11.673750739438065;12.543031820255235;13.549303368513575;14.53339057342512;9.930737337562888;10.659995892429976;11.152918576136624;12.613329054371054;15.939372601770993;12.977816540594027;11.400879436282183;12.543031820255235;13.12751076305637;15.034455095327186;13.429929741353272;14.035400533116809;13.114067647165264;11.829722735086058;12.917931444281608;11.742309436084;10.873444112515376;10.792790294301064;13.803727526553114;12.092096414990792;9.51175265376738;11.617926556798752;12.224303209373389;10.79197682089869;12.952923210362728;11.65508344519798;12.597121428789569;11.096056239180946;12.846273911349906;11.7657004876511;11.80896417491926;15.61226379291488;12.184255495405347;14.091600671887274;14.681897226786235;13.33413359079816;11.639792893279312;12.87843414955929;11.635264656539514;13.576956664706092;9.162391328756906;11.6640027628865;11.78463484555752;12.47218311618954;13.307912302492948;15.529522061839456;14.197139886602148;12.846273911349906;13.303780748177102;10.25502856981873;14.464928580385513;13.153552031708111;14.421341660174951;14.61004437250517;16.492134845191206;12.7858611057596;10.096715154488535;14.57790083688697;14.530772085621978;13.08131698928577;14.309121036488156;12.401946123976536;13.392854039872873;14.495105510007784;13.556386304097808;13.29304050024473;14.309121036488156;12.482807956726669;13.716926609389034;10.52552080909507;11.965062756744627;10.00842862207058;11.820178962415188;16.597659777700937;15.29652193486904;17.007914220097838;17.293615336407687;14.992938336165814;15.568074869523228;16.576882875224918;14.87238631240468;14.531137741444716;17.40294542791681;14.553629293916364;16.722233860482643;15.66300208808487;16.464130903108007;17.16173222474427;15.681814891361128;15.889456430504008;16.090794725845264;16.1539280143971;18.42471169164924;13.999823879015723;14.983884292164657;15.87067777047774;13.338875632131565;15.883836523264629;16.89478224484024;14.536125771600268;18.02971319916904;17.413305626789693;16.502754124132583;17.421218367308157;14.866168101329022;12.167418145831736;17.93494628935686;15.833952463570231;13.87872151038902;16.242597296108094;11.783816759320182;16.317854201936544;16.373884704681775;16.083977868501655;13.833977162388804;15.33758706059805;12.917185576336395;16.91186007617724;15.13270053623206;16.174769673304432;16.696369900759255;16.577325555510956;18.19060598715835;15.308801176032144;14.434823666219248;15.115328193371182;15.552549028017228;17.37741390351215;13.945626722229823;15.532173263273256;15.921190090204544;15.31153547057158;17.25831758924578;15.610419319489647;15.1741064459453;17.33848395848824;14.61769702930787;13.463013413449692;16.95402587106028;14.356864581418872;16.2864494687846;15.538219250644415;15.464928580385513;14.67656317260843;14.47307151430745;15.625965629058635;16.65954999687987;16.99995597176956;16.81037080018373;14.556685661897916;14.722167139781853;15.962286019717736;16.558555242135515;16.05775909311349;12.655754310144218;13.347759763219388;14.904493506096962;14.981165882862848;13.523194374830966;16.547978966547017;14.416005780559267;17.18624967933851;15.428229298205096;18.53652042751375;15.610794169053182;14.271171191139771;17.724280685977856;16.30524239122629;14.929027188980914;12.318260343712415;15.50711326170769;17.557433784751453;17.995065989342095;16.108994007649976;15.609380765954986;16.256282413904458;14.99147755834286;13.789941128390916;17.58620207760848;14.507670777134368;16.63157496997929;15.287676311722578;18.1492559115752;17.44686521655423;15.75243291716542;16.72446056109546
9.564149489985732;9.90839262077375;10.517669388133813;9.7714894695006;10.668884984266247;9.505811553919594;11.617467465294196;9.778077129535358;11.396069557639867;8.768184324776927;9.90839262077375;11.452241240430816;10.27029532647204;10.29117069932186;8.81698362325538;8.988684686772165;10.084808387804362;10.44604940671655;8.262094845370179;9.810571634741146;7.651051691178928;11.896710815726117;10.026523442519766;9.348728154231075;8.603626344986193;10.0566377151132;10.16867211813223;8.179909090014934;8.447083226209653;10.506803437795648;8.727920454563199;8.016808287686555;11.682994583681683;8.459431618637296;8.573647187493322;9.457380879072534;9.20945336562895;8.98299357469431;11.462502272597265;10.174925682500678;10.668884984266247;9.29232163280204;9.372865060112588;9.066089190457772;9.505811553919594;9.733015321685963;11.38855550398256;8.98299357469431;9.34207466799914;9.810571634741146;10.27029532647204;10.985130373466898;11.72749506902543;9.095397022792556;10.0566377151132;8.475733430966399;9.57553924683453;8.266786540694902;10.62844554013718;8.94251450533924;8.20945336562895;10.014020470314934;11.145295334933598;9.842350343413807;11.414685235807214;8.573647187493322;9.113742166049189;9.002815015607053;9.388017285345136;10.091435386323608;12.326991174900815;8.679480099505446;11.818981539432444;10.098032082960527;10.134426320220928;8.64745842645492;9.296916206879288;10.894817763307945;9.103287808412022;10.554588851677638;9.776433032444732;9.906890595608518;8.894817763307943;12.440609666748422;9.14974711950468;11.083479327331842;10.092757140919852;9.388017285345136;8.88264304936184;7.857980995127572;8.679480099505446;9.954196310386877;11.939211882666395;8.400879436282183;10.091435386323608;8.927777962082342;10.052568050804153;9.346513733165636;10.399811959325683;9.894817763307945;9.51175265376738;11.799281621521924;10.231221180711186;9.839203788096944;8.689997971419446;10.044394119358454;9.51175265376738;9.398743691938192;10.709083812550343;8.487840033823051;11.56652978262417;10.524541715035848;10.352043425795433;10.393390457443989;9.447083226209651;8.810571634741146;10.65284497300198;9.981567281903017;10.654636028527968;9.411510988012072;9.91737207947684;10.200898605038445;8.948367231584678;10.103287808412022;9.52943055414615;11.21006248324023;10.294620748891628;9.569855608330949;10.075479149488016;10.352043425795433;11.078817949961978;10.760719947465624;10.721099188707186;9.581200581924955;10.371776644337924;9.497851836951115;10.926295994781112;10.16867211813223;12.162391328756906;10.603626344986193;10.573647187493322;9.539158811108033;9.527477006060396;10.436711542137214;9.840777923595054;9.707359132080883;11.382624026574916;10.332036548361652;9.93810932621924;10.088788238716909;10.370687406807216;9.368506461507693;10.50084187955693;10.471675214392045;10.169925001442312;9.605479518061667;9.64565843240871;10.051208940914766;10.388017285345136;10.75905593916017;10.715961990255144;9.804131021183318;10.199672344836364;10.690871009292314;9.661778097771988;10.294620748891628;10.858758099935422;10.019590728357882;10.032045726930807;10.552669097514272;9.489847960439295;9.22881869049588;9.36194377373524;10.676838606474153;10.719388820942084;8.396604781181859;9.874981347653774;11.255618749839597;10.443979542601252;10.384783750093352;10.672425341971495;9.79603960882977;11.103287808412022;10.24555270625568;9.89633240390994;9.022367813028454;9.74819284958946;9.984418458801136;10.585901449690772;10.064742764750257;9.73809225962049;8.744833837499545;10.08214904135387;10.333155350310616;10.447083226209651;9.4757334309664;10.393390457443989;10.824163209744158;10.247927513443583;9.3151495622563;10.049848549450562;10.95637615724967;9.929258408636972;9.038918989292302;10.610102062999664;10.685624839726357;10.869593843240784;10.755722153642282;10.14338321398982;9.507794640198696;10.172427508645482;10.456354415108288;11.139551352398794;10.442943495848729;10.91214085629572;10.14210705730255;10.721099188707186;10.89633240390994;7.199672344836364;9.643856189774723;9.721099188707186;10.428360172704291;10.9901039638575;10.788718332690458;9.758223214726724;10.20212382383046
11.984062369686436;11.183015000882756;10.698704666770343;11.442425193331609;12.307485448589476;12.067434360756522;12.638209626633582;13.03977584923368;13.7343920907779;11.535761377986656;12.495105510007784;13.50444659914958;11.406205005418856;12.805542364358724;13.142585748356288;12.536247215688128;12.002463438892535;10.634811050171718;11.211279947482009;12.657765035265363;9.192292814470768;12.081483438093674;12.202429966015352;10.276124405274238;11.531868775177552;11.984418458801136;12.155450731312138;12.396069557639867;12.41415667927414;13.237508748172656;12.573883830656468;11.1331422124006;12.857592285697526;12.85856386297237;12.715747542831355;12.99770874846085;12.340684654363438;13.34637521892801;12.693486957499324;12.521600439723729;10.861862340059153;12.529186505250893;11.957102041562289;11.998237821888049;12.825753832883112;13.307058468354262;12.974593839981678;13.34637521892801;12.038918989292302;12.657765035265363;11.406205005418856;11.443461612227392;12.433846208442825;13.12751076305637;11.984418458801136;12.959277505720502;12.014369242235135;12.338457843130849;13.214622686302336;11.636171441635922;11.779308973959898;12.462757865660365;13.682226521505408;12.70606426733497;11.65687172561398;12.715747542831355;12.788106545965244;12.042343379793692;13.021327032624372;11.950920352030098;13.85691179208387;12.62067804213541;12.151650829973422;12.610102062999664;12.253847484987404;12.643630751061728;12.950738136047423;12.649929757036618;12.751334836401345;13.64779567546278;12.683433292835405;12.652396861477678;11.390168956200185;12.605710997410885;13.696098170955864;12.588246152044816;13.760719947465624;13.021327032624372;12.392854039872873;12.24852060493843;12.673088192909365;11.443461612227392;13.79380649145577;11.99964773652837;12.347621368568134;13.027733249752831;10.61286849729104;12.970645182266663;13.697510607377868;12.99541385222515;12.800899899920305;12.992407315348498;13.003693582737847;13.45917543555203;13.097373768990222;12.208539206738363;12.800899899920305;13.581671358578143;12.828929827651486;11.608254821977908;11.88340698638837;12.566054038171092;12.829326335841666;13.7124195251136;12.391780606013166;13.748821794614704;13.496229639354992;12.526499239136566;13.577310801689638;13.47218311618954;12.727282329212189;12.871520262329112;13.640809790793162;13.659215484753885;12.695880750257556;13.961901822341002;12.321646290991382;13.66077587818261;12.588480412829758;12.942697762886755;13.140670030415102;12.997532347526366;13.307912302492948;13.083313108650756;13.035658272294071;13.032906677628253;12.925183519434208;13.17195861907712;12.929628283024565;13.761031735466885;12.340406490853294;13.220831743981256;14.637700350270975;14.022194401760634;13.222493052246469;12.341240820538747;13.80564312177336;13.02894204332241;12.700439718141093;12.9901039638575;13.00105627463478;14.618270779580252;13.675736555361906;13.151967870968187;13.088788238716909;12.713171684314805;12.59245703726808;13.057145616910695;13.026869205263395;13.496229639354992;14.190364850745532;13.206098613995795;13.058668250340572;13.90190393807474;13.040803409847555;12.697619199078714;13.45236995480311;14.079818085212354;14.075646273153524;12.349004718027745;12.182083929510725;12.609640474436812;13.940130036481444;12.903693590364233;12.86978660094578;12.896710815726117;13.809466698537456;13.189670152603751;12.464800981655417;12.802718295983178;13.555907202377874;12.986197587206274;13.565935077540978;13.819280988364412;12.322209843748894;13.066089190457772;12.940130036481444;12.332875731152674;12.823964258486738;13.016634206836764;12.607792641919213;13.548581118165128;12.7402023887679;12.606636543579526;13.016982347533649;12.5262546938286;13.695119519675222;13.24555270625568;12.42783660345852;14.42816385650311;14.085389466973655;14.30370941062222;12.53503231452927;13.781052288362956;13.295768934420508;13.49210354247923;14.105090051046009;12.478769619475765;12.74188827273525;14.313875034039125;12.4189067312579;13.043539998771736;13.975041868009528;12.874981347653774;13.418774996331916;13.091600671887274;12.809768128710411;13.490098754884238;11.50084187955693;13.090277856857394;13.429668265133094;13.868050853745158;13.960364008877834;14.131696223597777;13.151016538892248;12.875557388803728
10.064742764750257;11.059344460824423;10.687375683437468;9.894817763307945;12.128638812852598;11.06204613772049;11.41574176829009;9.756556322524087;8.985841937003341;11.20212382383046;10.29117069932186;11.8668925276766;11.655530723155644;11.007027266893967;10.611024797307351;11.052568050804153;10.232420927176076;11.870750003346114;5.044394119358453;9.800899899920305;11.801708358916462;11.871905237659186;10.363039630256514;11.86418614465428;10.881113960675096;10.159871336778387;11.922955991908475;10.090112419664289;12.144020869266893;10.515699838284045;11.734709620225836;11.129926933510394;11.057991722759176;12.84136778188234;10.644757592516257;9.905387005018133;10.721099188707186;11.018200178813226;11.222794902868111;10.051208940914766;10.485829308701904;10.721099188707186;10.625708843064466;10.501837184902296;11.406205005418856;11.825753832883112;9.368506461507693;11.018200178813226;11.04507705193494;9.800899899920305;11.655530723155644;9.799281621521924;10.526499239136566;10.152284842306582;10.159871336778387;5.954196310386875;11.144020869266893;9.12670447284319;10.448116305409464;11.22881869049588;10.586839787961829;10.29117069932186;11.09077405464075;10.533329732305834;9.94251450533924;10.644757592516257;10.30720080914081;11.659103963473662;11.442425193331609;11.212496385193948;10.490850876740298;9.939579214314692;10.191059214531656;9.749869427396844;11.987264012072538;12.084476237453892;10.878817284614229;9.839203788096944;11.384783750093352;9.453270634010623;11.115693952197011;11.19537220740274;9.674192268145683;9.194756854422248;10.048486873992337;10.859534786382651;10.568906154502084;11.442425193331609;11.806146803320525;10.280770770130603;10.611024797307351;11.790348496751914;9.84862294042934;10.66622400280318;11.690434556395054;8.703903573444663;11.035486451292154;12.051208940914766;10.498849206531723;10.561287945164828;9.567956075415466;10.29920801838728;12.251482410620213;10.083479327331842;11.389631339260522;9.36194377373524;9.567956075415466;11.419433550705378;10.904634621668151;13.382083590141969;10.221587121264806;11.488342277532524;10.47269083924278;9.233619676759702;10.407267764244732;10.339850002884624;9.76155123244448;10.045759661382682;10.022367813028454;10.0566377151132;9.873444112515376;10.484822894262146;10.037546953962178;8.804131021183318;9.554588851677638;9.79603960882977;11.295194955880657;8.467605550082997;10.007027266893967;9.381542951184583;10.26209484537018;9.69522829149575;10.469641817239516;9.453270634010623;11.188588845707349;9.826548487290914;9.471675214392045;10.041659151637214;9.428360172704291;10.366322214245816;11.369052007001388;10.051208940914766;8.700439718141093;10.332036548361652;9.774787059601174;9.328674927327947;8.945443836377912;10.24198314969433;10.460455896309636;9.731319031025064;10.521600439723729;8.778077129535358;10.1331422124006;10.52258153125483;9.746514321138465;8.459431618637296;10.972261848733291;10.205793249397155;9.375039431346924;10.048486873992337;9.810571634741146;10.632086412835182;9.543031820255235;10.560332834212442;10.298062567719017;11.078817949961978;10.541096615349524;9.383704292474052;8.243173983472952;11.758223214726724;9.1006623390052;8.960001932068081;9.815383295813538;10.802516365121225;10.373952655370193;10.673309075561695;10.337621901992508;10.578372691360803;10.22881869049588;9.800899899920305;10.221587121264806;9.853309555403674;10.167418145831736;9.65284497300198;10.948367231584678;9.868822554775;9.744833837499543;10.214319120800766;9.845490050944376;10.210671343785622;10.296916206879288;9.766528908598865;9.271463027904376;9.419960177847887;9.975847968006784;9.778077129535358;10.523561956057012;10.045759661382682;9.992938336165814;8.813781191217037;8.686500527183219;9.41574176829009;9.14974711950468;7.20945336562895;10.353146825498085;9.554588851677638;10.308339030139408;10.62296694479051;9.159871336778387;9.668884984266247;9.774787059601174;9.521600439723729;10.414685235807214;10.193525360501216;10.217957697864112;10.00562454919388;10.125413470483316;10.363039630256514;10.230020435705637;10.075479149488016;9.642051692927977;8.060695931687555;11.1357092861044;10.052568050804153;9.800899899920305;9.696967526234287
11.324180546618742;10.22881869049588;9.634811050171718;9.995767150877802;10.269126679149418;10.508785162064513;11.323617763291578;10.231221180711186;11.698704666770343;10.498849206531723;11.016111838220512;10.93147623388679;10.450180247164754;10.927777962082342;10.287712379549449;10.20212382383046;11.604553229079038;10.113742166049189;10.63390340934852;12.06406908038551;10.43879185257826;11.838416075797335;10.675074920385445;10.269126679149418;10.17367713630342;10.55170826162069;11.076147528022505;10.249113452713727;10.731319031025064;10.960725994839056;12.493355121494906;11.817783121774534;12.325305455089682;10.1331422124006;11.17367713630342;11.094077685671904;11.41415667927414;10.989394499844732;10.77561028075954;11.831307243802051;10.14338321398982;11.556984957594462;9.477758266443889;12.080817527608328;11.152918576136624;11.594791118089264;12.019243216603607;10.989394499844732;11.42259043389256;12.06406908038551;10.450180247164754;11.276706019892432;10.178664851006472;11.91176647065955;10.55170826162069;10.515699838284045;10.515699838284045;9.278449458220482;11.164906926675688;9.60733031374961;8.867278739709661;11.41732511767992;12.064405961891042;10.535275376620802;11.997885127829113;11.17367713630342;11.872674880270605;10.823367240046236;12.58096513597733;8.968666793195208;12.015415052386688;10.965784284662089;9.544964432789238;11.614709844115207;9.984418458801136;11.3009244909763;10.50084187955693;10.655530723155644;10.8193807908646;12.746094383705463;12.739358707433396;12.96289600533726;10.857203471508166;11.86611979330307;11.4893462407191;11.766942940755785;12.01297364837454;12.58096513597733;11.013322673425447;8.876516946565;11.152284842306582;9.527477006060396;12.645208082774683;9.961449694398196;9.521600439723729;10.779719355143405;10.43879185257826;11.3009244909763;11.839203788096944;11.46096776257042;10.578372691360803;10.88340698638837;10.961449694398196;12.650827374138768;10.405141463136344;10.977995368612962;10.578372691360803;11.929998062609029;11.092096414990792;10.769011321097016;10.825753832883112;9.169925001442312;12.191676146352428;14.733492044300329;12.006676715308988;15.74025510247311;14.240269602231637;12.11504365016171;13.590119174107176;15.254954780337554;13.055112935995515;12.143702076857933;14.855987751337729;13.454813348512523;14.1524433018642;14.638775278489836;12.156399144871584;15.198176429605104;13.656536591838602;13.57553924683453;13.514097596819836;12.744413410557655;13.022020969646356;12.76632184795396;12.721099188707186;14.37218489648635;12.011576703176177;12.694140204076431;12.139551352398794;12.7638347994296;13.41903845415604;15.07485226326233;16.281096905274673;14.46601271418369;13.376261076559688;10.497851836951115;13.488593333835407;13.87315569848565;13.092096414990792;11.873444112515376;12.373137035802127;15.634442389953064;13.2659080092311;11.386401423640775;11.900112062977456;12.838022058304546;12.390706372872774;13.965243172556892;14.216745858195306;13.008253527096048;14.256356135514164;12.137951734715358;13.568312428397611;15.37937836707126;11.47269083924278;13.862831046897997;12.897467341721892;15.44782582664769;13.92740761294903;11.691743519171276;13.170238052336648;12.784430367484626;15.300888751952558;14.61114009761038;14.399077610477097;14.588656083459004;15.894509907532845;12.60130652612184;11.636171441635922;12.943247395901553;11.63026712502677;14.559974504523746;14.061286802320756;14.876085224549907;11.203959703239462;15.047975914170848;15.313414510885552;12.852919585123995;11.429929741353272;11.545929769085468;11.812979471251484;14.012013393872037;12.669992279616398;12.127349541059118;11.046441948007311;10.162391328756906;15.407400554068646;12.080151309614088;11.890644283619087;15.590002181442724;14.838022058304546;14.4697689885597;12.340406490853294;13.218260498797305;13.94982671075911;12.744833837499543;15.124202105660077;13.419433550705378;15.106317563279417;15.280770770130603;12.796242448203165;14.646277433703425;14.498225931349918;12.584727667963922;14.541459664055266;14.632143228628864;12.216442739160492;11.726643921483994;12.52135506255826;13.427443801793194;14.93304513317431;12.285402218862249;14.93258386928929;14.044479503612074;12.852919585123995;14.977592974394254
10.539158811108033;11.776433032444732;10.733015321685963;10.373952655370193;12.155766938445652;11.373408960228696;11.904634621668151;10.071462362556623;11.01262453886506;11.12347479824414;12.136350341454156;11.824958740528524;11.98655314975666;11.00982861736811;10.50084187955693;11.468114886378098;10.86418614465428;11.449664538476192;8.134426320220927;10.79685079526716;12.232420927176076;11.972979786066292;12.700222950799256;12.250594507192316;11.323054760341646;10.62662165235837;11.617926556798752;11.691743519171276;11.743572188935634;11.281930026955443;12.395801871389748;11.21006248324023;11.419433550705378;13.096385734452651;10.448116305409464;12.06339508128851;12.184565452446156;11.473705749619416;11.894059846274022;11.047805554007589;12.368779260041338;11.3292357417338;12.07815080773465;11.355901638328415;11.026523442519766;11.71338651493703;10.932952892194717;11.473705749619416;11.26209484537018;10.79685079526716;11.98655314975666;11.280770770130603;11.364134655008051;10.815383295813538;10.62662165235837;6.768184324776926;11.469641817239516;8.876516946565;10.83368074865474;11.177419537989236;12.107544031975989;11.924070185585345;11.165535141377925;12.191059214531656;11.38747886584238;10.448116305409464;11.105253779700885;10.24436383512051;11.224001674198105;12.215229625747924;11.135067945777816;9.759888183221834;11.355901638328415;11.311180660053354;11.940680648424092;12.186423797538945;11.958915156091347;11.724940118462358;11.338736382573916;10.970105890612182;11.117643101389092;11.321364432039449;10.69522829149575;11.081483438093674;10.335390354693924;11.266786540694902;12.606867837374152;11.224001674198105;11.365228849251544;11.567956075415466;10.568906154502084;11.49235394515987;10.89026427702111;10.845490050944376;11.96974625081451;11.96289600533726;10.325305455089682;11.51865315567339;11.347067657165873;10.874212934830874;10.754887502163468;11.59105477403678;11.769011321097016;10.265615046484458;12.37232095486726;11.314583244274194;10.754887502163468;11.26209484537018;11.232420927176076;12.543515216152167;11.144020869266893;11.39231742277876;10.64745842645492;9.930737337562888;10.7047682393626;10.020979938904212;10.572700226487292;10.409390936137704;10.676838606474153;9.831307243802051;10.192292814470768;10.729620743553038;10.055282435501187;9.86727873970966;9.688250309133178;10.264442600226602;10.853309555403674;9.164906926675688;10.302638923787551;10.053925881531104;10.526499239136566;10.225207436943505;10.658211482751796;10.0566377151132;11.034798962577268;9.843921051289035;10.671541066711884;10.443979542601252;10.594324603924848;10.467605550082997;10.634811050171718;10.139551352398794;9.758223214726724;10.650154213675094;10.28886607416582;10.071462362556623;10.496853777388042;10.508785162064513;10.817783121774534;10.129283016944967;10.793603309279408;9.278449458220482;10.5401280385821;10.22881869049588;10.471675214392045;9.348728154231075;10.778077129535358;10.308339030139408;9.61654884377899;10.66266837551754;10.309476353841106;11.094077685671904;9.76155123244448;10.755722153642282;10.541096615349524;10.567956075415466;10.557463701597824;10.090112419664289;9.972979786066292;11.496853777388042;9.946906274456396;9.688250309133178;9.873444112515376;10.749031382040204;10.59245703726808;9.684748620421626;10.108524456778168;11.134426320220928;10.188588845707349;10.44604940671655;10.676838606474153;9.879583249612784;10.483815777264256;9.734709620225836;10.893301530860564;10.052568050804153;9.546894459887636;10.30035256032822;10.177419537989236;10.52943055414615;10.634811050171718;9.481799431665753;9.876516946565;10.25502856981873;10.550746785383245;10.391243589427445;10.256208688527389;10.955649907528374;10.569855608330949;9.409390936137704;9.93810932621924;10.506803437795648;10.124121311829189;9.074141462752506;10.664447284547972;10.36194377373524;10.778898476008376;10.86573327085176;9.700439718141093;9.642051692927977;9.899356922923111;10.345405246717796;10.667111542075029;10.50481898763284;10.776433032444732;10.004220466318197;10.54399845013454;10.967946705812707;10.536247215688128;9.968666793195208;10.034798962577268;10.029287226968243;11.081483438093674;10.897089128312755;10.51865315567339;10.095397022792556
9.700439718141093;9.011227255423254;8.92184093707449;8.867278739709661;11.133784409179908;9.995767150877802;9.62935662007961;9.0;9.344295907915816;8.672425341971495;7.651051691178928;8.098032082960527;9.159871336778387;9.211888294546004;11.223398414711628;8.271463027904375;10.473705749619416;9.741466986401146;8.243173983472952;12.876325086063236;6.78135971352466;10.451211111832327;9.449148645375436;9.442943495848729;6.794415866350106;9.422064766172811;10.841564347730577;7.011227255423254;9.569855608330949;10.772314573921651;7.882643049361842;9.057991722759176;12.127349541059118;10.210671343785622;8.055282435501189;8.027905996569885;9.541096615349524;10.163649676015824;12.954014507722544;9.782998208920414;11.879583249612784;4.954196310386875;9.951284714966972;10.332036548361652;9.640244936222343;10.552669097514272;10.022367813028454;10.163649676015824;9.978710459106358;12.876325086063236;9.159871336778387;8.573647187493322;9.851749041416058;9.214319120800766;9.422064766172811;6.20945336562895;9.91288933622996;7.971543553950772;10.733862719678545;8.778077129535358;12.589651146514786;9.240791332161956;9.381542951184583;8.238404739325079;8.731319031025064;8.055282435501189;9.366322214245816;8.491853096329674;11.124767535822471;11.667555107041132;9.049848549450562;7.3750394313469245;10.834471049984222;9.83605035505807;9.090112419664289;9.749869427396844;8.224001674198105;8.044394119358454;12.094077685671904;8.800899899920305;9.845490050944376;10.478769619475765;8.848622940429339;10.278449458220482;8.430452551665532;10.095397022792556;10.161131882984307;11.124767535822471;12.537703747907644;10.52258153125483;9.34207466799914;10.571752643503546;10.020979938904212;7.276124405274237;8.703903573444663;8.661778097771988;7.139551352398794;11.26502894245816;8.804131021183318;11.19598729802851;8.832890014164741;10.533329732305834;9.08746284125034;9.829722735086058;9.280770770130603;8.499845887083206;8.832890014164741;10.260919533662904;9.364134655008051;8.434628227636725;10.207014320177532;8.894817763307943;12.846469809923212;10.90312867681232;10.776433032444732;8.243173983472952;10.19598729802851;9.89178370321831;10.618385502258606;9.679480099505446;10.083479327331842;10.448116305409464;9.157346935362844;11.43149760425805;9.131856960608792;9.954196310386877;10.3297963382207;8.442943495848729;9.7632123668144;10.200898605038445;10.4757334309664;10.346513733165636;10.476746203939468;10.276124405274238;10.564149489985732;9.533329732305834;10.4189067312579;10.44086916761087;10.263269200372662;11.208234358339787;11.855257827193196;9.467605550082997;9.333155350310616;10.186114239541643;10.835260918627489;8.507794640198696;11.640244936222343;10.095397022792556;9.91139198784346;11.018200178813226;9.786269627648466;9.18239435340453;10.397674632948268;12.076815597050832;9.813781191217036;9.722807531169549;10.252665432450248;9.878050912728536;8.558420713268664;10.824958740528524;10.388017285345136;10.793603309279408;10.210671343785622;10.806549621985962;9.842350343413807;10.993646060016596;12.282798858683533;10.11504365016171;9.49585502688717;10.661778097771988;9.86573327085176;9.958552715431011;9.357552004618084;10.4542992936199;10.658211482751796;10.369597346278676;9.65642486327778;10.591522346570734;11.40886043602476;9.353146825498085;10.48683502156305;9.400879436282183;11.589182967039353;9.779719355143405;10.871905237659186;9.682994583681683;8.417852514885897;10.271463027904376;10.726218159332198;10.8193807908646;10.398743691938192;8.252665432450248;11.037546953962178;10.61378946447258;10.550746785383245;9.560332834212442;10.044394119358454;9.442943495848729;9.818582177480858;9.319672120946995;10.377210530388552;10.389093521904474;9.533329732305834;11.140190703191836;10.220378327695228;10.816183681432342;10.332036548361652;10.074141462752506;9.868822554775;9.543031820255235;10.400879436282183;10.505811553919594;11.009128789539256;10.893301530860564;11.097373768990222;9.29232163280204;10.277287400130357;10.319672120946995;8.823367240046235;10.271463027904376;10.619302955415687;9.94104760634058;10.79197682089869;10.029287226968243;10.17617314910749;9.453270634010623
12.563672959827514;12.151016538892248;12.842153884634872;13.520741436994632;14.095067301607054;13.2246046815385;12.644757592516257;11.090112419664289;13.66478058593351;11.526988205432009;14.179986819334792;14.396337194231098;14.264589208126823;12.543031820255235;13.3151495622563;13.184255495405347;14.2895866650808;13.373001054366435;12.223096690347695;14.194602975157968;13.42324724931064;14.282364508223864;13.10000522442272;14.411841964874862;12.790755750118311;13.987530495164307;12.47395936569476;12.27029532647204;14.767512041028528;15.398008798988927;13.339710847346453;12.487840033823051;14.110075434706532;11.51717725268954;11.588246152044816;12.191059214531656;13.629128904028171;13.327973602613884;13.582730044700748;13.419433550705378;11.756973226165448;12.339850002884624;11.720244258287568;13.627305880514848;15.093458830818388;13.896710815726117;13.11178773580101;13.327973602613884;14.578313717990635;14.194602975157968;14.264589208126823;13.364408281379832;12.646558710154547;12.051208940914766;13.987530495164307;10.940313597145968;13.193679354741729;11.282509306240836;13.57116008792743;12.825753832883112;12.535275376620802;13.303352669926332;13.233919208586975;12.213104219641906;13.730788530912122;11.588246152044816;13.654636028527968;12.499845887083206;11.769424641552751;13.693704739225286;11.35974956032233;14.205029555005872;12.66644593881483;12.995943767764953;14.816133670338104;12.642954223480332;13.555068391333338;12.91288933622996;14.239673108330578;13.330076554797458;12.104271128936894;13.28583565586142;11.849405100947758;12.484571180915806;12.927963101003469;15.476619646192038;14.082648042352986;11.769424641552751;13.530893981193922;11.496853777388042;12.764664292073348;14.23534113611886;12.414685235807214;13.543031820255235;15.959979299249976;13.506803437795648;10.213104219641906;14.602698865017963;13.939028181763254;13.10000522442272;14.614594828765291;13.663224520253191;12.585901449690772;13.16788851318065;11.546894459887636;12.782179193831208;14.614594828765291;12.786678033890652;14.132419399160442;11.87843414955929;13.023061249735337;13.02150054817463;13.461351543120028;14.52545963517936;15.243583105672416;14.914431850797984;15.293399799686451;14.172740017049366;14.671375204743752;14.765027045188145;14.601190437202776;15.414354910667615;15.920911065923454;12.535275376620802;15.061539958530144;14.302210506548802;15.33552992757082;14.872193901756102;15.271754805646474;14.356520746950054;14.906373913076834;14.829970429316369;16.52689653687417;14.898790308381212;14.782230395898216;14.867230468859272;12.342630298678408;15.779129395477964;15.464832882395966;14.589182967039353;16.585432051592964;15.49928533899974;13.683433292835405;15.785963247077277;13.621822947394202;13.45930353278105;15.697402007502708;14.694466716478162;15.458566818342678;14.54248780619755;14.54803919301975;14.287135186086704;16.33152930544516;15.41481734468885;14.764042217306589;13.16427843830117;14.099347810403192;15.43420468652664;13.66211201631089;15.433846208442825;14.441128621804696;15.89732552331253;15.894201986050575;13.90275194485016;15.104680648097409;14.791773380858745;15.103533701383254;15.297955135077196;14.035572364351038;14.809064693647112;13.642051692927977;14.25214797976178;15.442003935385111;14.82172416429274;14.070372555390618;15.602321905896732;13.354662623474075;13.248668839723136;15.77151526115794;15.336401952259116;15.781001044466423;15.220378327695228;14.565578136784328;13.248224089668474;14.567540218990333;14.246740598493144;15.082107450145482;15.239225576001203;16.173247698871794;14.394529682980812;14.281278059613976;13.978352958165145;14.850382205652153;14.730735470170254;15.250816534285;15.16298131569552;13.783919045472931;15.266164302842398;14.74850735637577;13.763419874192088;13.314866431053176;14.987752526813004;14.193217322699065;15.314229182613673;15.434302437819635;14.050698944430026;16.34644447770918;14.753321227945042;12.964340867792416;12.14242620231898;14.7795141791435;15.08592883100414;16.425166719675538;14.954196310386877;14.324954015405382;14.341032283347769;14.381272555711789;15.48198858382487;15.354800344350595;15.191599044300682;15.169846728103668;14.819730045255342;15.14835741191725;15.602437903809587;14.81272884236756;15.191599044300682
13.291314616229643;14.337203749714552;13.83180204609825;12.80916520537188;13.804534402995223;13.87872151038902;13.803929287974446;12.038918989292302;14.074726853322876;13.521232358323363;13.458022048382626;14.14950897897083;13.268980531649836;15.195910426040165;13.57258181264548;14.830713256951874;13.090443275081606;13.52466413813753;11.014020470314934;13.600261389410296;13.901998185668496;13.56724310527944;13.82137539237254;14.034369115706737;13.729195859132094;13.193987293919182;13.325024310191417;13.00105627463478;13.542427347526369;13.30249613217652;14.157425889804832;13.587660333609476;13.83101028094652;13.571634151857069;14.89002672205838;13.346513733165636;14.237135254230868;13.505811553919594;14.389631339260522;13.156241119235752;13.77427230773469;13.798269274949693;13.682336269711378;12.85934065396752;13.341518823245243;13.814582465906277;13.649368462612198;13.505811553919594;14.141787841671004;13.600261389410296;13.268980531649836;13.35933777352322;14.003517912108602;14.13016832814676;13.193987293919182;11.432019846812493;12.89273253261186;14.156004048322249;13.820677595483051;13.656201380194553;14.824013998873266;13.632654470109475;14.654580091686718;13.539280000157696;13.312599378862627;14.89002672205838;14.264442600226602;13.775301627870313;14.93069114397497;14.197600664325927;14.591347024628458;13.156873117949567;13.210671343785622;13.561765263627708;14.157978449945432;14.92346677082721;13.479906544832794;13.884170519108435;13.564387696052629;13.947180316634237;14.223247560417468;14.17882043957938;13.430713885791938;14.631006487411886;13.858660984722777;13.480790201095816;13.482051629033911;14.93069114397497;13.805139264316736;12.31174831500496;14.237359362198834;13.598634114779792;14.239374768870096;13.257240501116575;13.299923463500324;14.263635990357828;12.458662932867815;13.541459664055266;13.870075689222649;14.347690567553247;13.189670152603751;13.87536540064177;14.230545884619389;13.481547190203289;14.563970809621267;12.701523066574437;13.189670152603751;13.750916299978076;13.336785476203756;14.820677595483051;13.964160339100337;13.485451985555803;14.538007007119004;12.887220615468385;12.844117269587995;13.147681927770476;13.22881869049588;12.559616085812724;13.369188361147408;12.940313597145968;12.748821794614704;12.97172316117676;13.12395971059229;12.849209600569264;12.35837648032824;13.365092120346462;12.622051819456376;12.263269200372662;12.971543553950772;12.6965329140783;13.286124541533368;12.897656411251145;13.1722712290547;12.544240006441658;13.435800462194786;12.545688495560212;12.6373041221062;12.679480099505446;13.447212401572669;13.31415835985325;12.90651484484695;13.003166506665169;12.926110641785304;13.359063183678291;12.71488943423155;12.029632328044135;13.442425193331609;12.732167425663384;12.915692682615404;13.400612641082;13.336506559810257;13.269126679149418;13.437492010125352;12.742940950666588;12.719816603018126;12.234817431117325;13.13024878405069;12.911204709977175;13.033939140726387;13.24555270625568;13.457380879072534;13.579551652806565;12.565102078360312;13.536854282829797;13.207929445511668;12.99735592502038;13.345543854110025;13.285546712331335;13.355488751597942;13.52172311265785;12.71789058398728;12.392049039364183;12.992938336165814;13.46735081448758;13.19598729802851;12.466331422082767;13.43514933836693;13.631972774534868;12.846665681899738;12.797864137333749;13.147363943409283;13.024620264759832;13.301353290218836;13.162233958149615;12.958915156091347;13.33105688442662;12.883597907455398;12.7255792804196;12.81257844413538;12.785452468158542;13.133784409179908;11.862249900851513;12.835260918627489;12.763627351727628;12.592924155627635;12.491101496916537;13.630494661505578;13.100498088416886;12.786473845221302;12.962173031109709;13.260919533662904;13.40832974076739;12.651051691178928;12.107217075591382;13.37218489648635;13.415213598765286;13.338875632131565;13.238852526315656;13.101811569824005;12.999471572532684;12.41204051455165;13.382624026574916;13.623767203560284;13.28424574982967;13.545447181678094;13.126543160712323;12.764664292073348;13.255766257128808;12.092757140919852;12.791773380858745;12.889884170302828;12.731743290707842;14.001672077887289;14.321153001682084;12.973518004703717;12.868050853745158
1.0;0.0;0.0;0.0;0.0;1.584962500721156;0.0;0.0;2.584962500721156;0.0;1.0;2.321928094887362;0.0;2.321928094887362;2.0;0.0;1.0;1.0;0.0;0.0;0.0;2.321928094887362;1.0;0.0;0.0;1.0;1.0;1.0;0.0;1.584962500721156;1.584962500721156;0.0;1.584962500721156;0.0;2.0;2.321928094887362;0.0;1.0;1.0;0.0;0.0;1.584962500721156;1.0;0.0;1.0;2.0;0.0;1.0;2.321928094887362;0.0;0.0;0.0;0.0;2.321928094887362;1.0;1.584962500721156;0.0;1.0;1.584962500721156;0.0;1.0;0.0;1.584962500721156;1.0;1.0;2.0;2.0;0.0;2.584962500721156;0.0;3.4594316186372973;0.0;1.0;0.0;1.0;1.0;1.0;1.0;0.0;0.0;1.0;0.0;0.0;0.0;1.0;0.0;1.0;2.584962500721156;0.0;0.0;1.584962500721156;0.0;1.0;0.0;0.0;0.0;1.584962500721156;0.0;1.0;1.0;1.0;1.0;1.584962500721156;1.584962500721156;1.0;0.0;1.0;0.0;0.0;2.0;1.0;0.0;2.321928094887362;2.0;0.0;1.584962500721156;1.0;1.0;2.321928094887362;1.584962500721156;0.0;2.321928094887362;1.584962500721156;2.0;0.0;2.584962500721156;0.0;1.0;0.0;0.0;2.0;2.321928094887362;1.0;2.321928094887362;1.584962500721156;0.0;0.0;1.584962500721156;2.321928094887362;2.0;0.0;2.0;2.584962500721156;1.584962500721156;1.0;1.584962500721156;1.584962500721156;1.584962500721156;1.584962500721156;1.584962500721156;2.584962500721156;2.0;1.584962500721156;1.0;0.0;1.0;2.321928094887362;0.0;2.321928094887362;0.0;1.0;1.0;1.0;2.0;2.0;1.0;2.321928094887362;1.584962500721156;2.0;1.0;1.0;0.0;1.584962500721156;1.0;1.0;0.0;2.0;1.0;2.0;1.584962500721156;2.0;2.0;2.0;0.0;2.0;0.0;0.0;3.0;0.0;1.0;0.0;1.0;1.0;1.584962500721156;2.321928094887362;2.0;1.584962500721156;1.0;2.0;2.584962500721156;3.0;2.584962500721156;2.584962500721156;2.807354922057604;1.584962500721156;1.584962500721156;2.584962500721156;0.0;0.0;1.0;1.0;1.0;2.584962500721156;1.0;1.584962500721156;1.0;2.0;3.321928094887362;0.0;2.0;1.584962500721156;2.807354922057604;3.0;1.0;2.807354922057604;2.321928094887362
8.164906926675688;9.7279204545632;7.499845887083206;9.113742166049189;9.34207466799914;8.066089190457772;8.784634845557521;6.409390936137702;8.829722735086058;8.584962500721156;7.988684686772165;9.726218159332198;10.025139562278508;10.428360172704291;8.848622940429339;9.787902559391432;7.906890595608519;8.467605550082997;5.491853096329675;8.276124405274238;8.960001932068081;9.4241662888181;10.037546953962178;9.7714894695006;4.857980995127572;8.62935662007961;9.105908508571158;9.422064766172811;9.407267764244732;8.184875342908283;7.087462841250339;10.644757592516257;9.627533884472792;5.614709844115208;8.784634845557521;6.6293566200796095;6.584962500721156;7.409390936137702;9.870364719583405;8.744833837499545;9.620219825507489;6.727920454563199;5.672425341971495;7.754887502163468;7.936637939002571;8.939579214314692;7.076815597050831;7.409390936137702;8.214319120800766;8.276124405274238;10.025139562278508;8.280770770130603;9.221587121264806;8.599912842187127;8.62935662007961;4.321928094887363;8.400879436282183;7.294620748891627;9.74819284958946;9.310612781659527;8.842350343413807;7.426264754702098;10.22881869049588;9.820178962415188;7.870364719583405;8.784634845557521;8.113742166049189;9.074141462752506;8.562242424221072;9.792790294301064;8.194756854422248;7.622051819456376;9.002815015607053;8.076815597050832;9.579315937580017;9.14210705730255;8.375039431346925;8.997179480937621;10.166163082646111;8.88264304936184;8.174925682500678;9.29920801838728;8.361943773735241;9.280770770130603;6.266786540694901;9.390168956200185;7.700439718141092;8.562242424221072;10.427312844134963;9.312882955284357;6.700439718141092;9.111135670234708;8.005624549193879;9.366322214245816;10.125413470483316;7.266786540694901;10.14338321398982;8.20945336562895;9.131856960608792;10.059344460824423;7.179909090014935;8.339850002884624;10.925554439873554;8.174925682500678;8.357552004618084;8.361943773735241;7.179909090014935;10.425215903299383;8.951284714966972;9.681238411777803;8.276124405274238;7.266786540694901;9.60733031374961;7.491853096329675;7.539158811108031;6.189824558880018;7.651051691178928;6.754887502163468;7.643856189774724;6.768184324776926;6.20945336562895;7.665335917185176;6.285402218862249;8.044394119358454;6.94251450533924;7.800899899920305;7.977279923499917;6.303780748177103;6.087462841250339;8.005624549193879;7.658211482751795;7.507794640198696;7.60733031374961;7.022367813028454;8.20945336562895;5.977279923499917;8.51175265376738;7.011227255423254;7.954196310386875;9.038918989292302;8.721099188707186;6.754887502163468;6.569855608330948;6.832890014164741;7.0;7.807354922057604;8.603626344986193;7.6293566200796095;6.870364719583405;7.651051691178928;7.257387842692652;5.727920454563199;8.643856189774725;7.826548487290915;6.977279923499917;6.285402218862249;7.930737337562887;7.011227255423254;8.204571144249204;7.826548487290915;7.507794640198696;7.672425341971495;7.129283016944966;7.721099188707186;5.930737337562887;8.154818109052105;8.339850002884624;6.78135971352466;6.700439718141092;8.294620748891628;5.882643049361842;7.044394119358453;6.794415866350106;7.965784284662087;8.321928094887362;6.491853096329675;7.483815777264256;9.698704666770343;7.357552004618084;7.139551352398794;8.353146825498083;6.169925001442312;8.39231742277876;7.294620748891627;8.339850002884624;6.3750394313469245;6.022367813028454;7.03342300153745;7.876516946564999;8.29920801838728;6.727920454563199;6.266786540694901;8.016808287686555;7.409390936137702;7.22881869049588;6.906890595608519;7.276124405274237;7.467605550082998;7.118941072723508;6.149747119504682;7.189824558880018;7.826548487290915;6.426264754702098;6.108524456778169;7.483815777264256;7.189824558880018;7.734709620225838;8.39231742277876;7.592457037268081;6.727920454563199;6.930737337562887;6.894817763307944;7.714245517666122;7.011227255423254;8.326429487122303;7.507794640198696;7.539158811108031;7.3750394313469245;5.700439718141092;7.467605550082998;7.22881869049588;7.276124405274237;8.330916878114618;7.741466986401146;6.658211482751795;7.2384047393250786
9.372865060112588;9.250298417906333;8.679480099505446;9.366322214245816;10.90613899619538;9.744833837499543;9.346513733165636;10.979425195331473;10.655530723155644;10.044394119358454;9.94982671075911;11.96108788999733;10.94982671075911;10.271463027904376;10.088788238716909;10.358651200892886;9.469641817239516;10.436711542137214;7.159871336778389;9.96289600533726;11.95673914505908;10.020979938904212;10.611024797307351;11.076147528022505;10.103287808412022;9.071462362556623;10.266786540694902;8.159871336778389;11.277287400130357;10.50382573799575;11.794415866350104;9.810571634741146;10.579315937580017;10.709083812550343;9.971543553950772;9.829722735086058;9.988684686772164;11.11178773580101;10.700439718141093;9.73640193131829;12.106890045092218;10.328674927327947;12.525276097867126;10.38586240064146;9.614709844115207;10.5980525001616;10.336506559810257;11.11178773580101;10.192292814470768;9.96289600533726;10.94982671075911;9.139551352398794;10.103287808412022;9.840777923595054;9.071462362556623;8.791162888555018;10.269126679149418;8.888743248898258;10.103287808412022;10.226412192788786;10.193525360501216;9.710806433699352;10.026523442519766;9.96289600533726;10.863411958941638;9.971543553950772;10.293471648838134;10.184875342908285;10.836839359748716;9.843921051289035;10.5401280385821;9.709083812550343;10.654636028527968;10.326429487122304;10.227615943414223;10.367414751246828;10.055282435501187;9.92481250360578;10.515699838284045;11.098032082960527;9.477758266443889;10.30149619498255;8.721099188707186;10.14974711950468;10.233619676759702;10.1006623390052;10.075479149488016;10.836839359748716;10.494855584491198;9.605479518061667;9.894817763307945;10.671541066711884;10.043027283594547;9.658211482751796;11.199672344836364;10.14210705730255;9.791162888555018;10.523561956057012;9.702172685365548;10.265615046484458;10.368506461507693;11.101319154423276;9.86727873970966;9.370687406807216;10.41679752760606;9.584962500721156;10.368506461507693;10.335390354693924;9.688250309133178;10.508785162064513;10.498849206531723;9.829722735086058;10.26795708440284;9.377210530388552;9.99859042974533;8.179909090014934;9.546894459887636;8.535275376620802;8.640244936222345;8.228818690495881;8.531381460516313;9.221587121264806;7.554588851677638;9.893301530860564;8.118941072723507;10.545929769085468;9.590587049915037;7.794415866350106;7.734709620225838;9.434628227636724;10.148476582178278;9.837627933171404;8.581200581924957;9.368506461507693;10.246740598493144;8.523561956057012;10.15608307628868;10.221587121264806;9.885696373339394;10.457380879072534;9.89633240390994;7.870364719583405;8.434628227636725;9.550746785383245;9.54882190845875;9.61286849729104;10.578372691360803;8.554588851677638;8.96289600533726;9.12670447284319;9.862637357558794;8.906890595608518;10.139551352398794;9.905387005018133;9.96289600533726;8.778077129535358;10.230020435705637;8.271463027904375;8.693486957499324;9.283088353024002;9.975847968006784;9.569855608330949;8.199672344836364;9.707359132080883;9.016808287686557;9.679480099505446;10.227615943414223;9.25974326369078;8.159871336778389;9.489847960439295;9.060695931687556;8.64745842645492;7.826548487290915;9.388017285345136;9.45532722030456;8.219168520462162;9.098032082960527;10.461479447286155;9.774787059601174;8.113742166049189;9.99859042974533;7.672425341971495;10.296916206879288;9.172427508645482;9.888743248898258;9.388017285345136;8.144658242831882;10.094077685671904;10.040289721025715;10.473705749619416;8.727920454563199;7.857980995127572;9.12670447284319;9.134426320220928;10.124121311829189;10.469641817239516;9.489847960439295;10.162391328756906;9.179909090014934;8.169925001442312;8.471675214392045;9.965784284662089;8.233619676759702;10.243173983472952;8.731319031025064;10.328674927327947;9.204571144249204;9.677719641641009;8.800899899920305;8.918863237274595;8.751544059089099;9.044394119358454;10.30149619498255;9.89026427702111;10.14210705730255;8.618385502258606;10.296916206879288;9.980139577639155;8.820178962415188;8.784634845557521;8.539158811108031;9.560332834212442;9.870364719583405;10.287712379549449;9.194756854422248;9.61286849729104
10.251482410620213;11.257387842692651;10.436711542137214;10.778077129535358;11.816183681432342;8.965784284662087;9.707359132080883;10.478769619475765;9.859534786382651;10.689124404913258;10.766528908598865;11.347067657165873;12.130892269806624;12.41758884038258;9.63662462054365;10.181152256865566;11.9762060901486;11.449664538476192;6.794415866350106;11.034798962577268;11.627077840517394;11.51668494930961;11.220982851081777;11.269126679149418;10.677719641641009;11.480285320936373;12.099347810403192;10.620219825507489;10.878817284614229;10.94397991434374;10.821773981970567;11.044394119358454;11.861862340059153;10.523561956057012;10.507794640198696;10.230020435705637;11.982637133669424;9.829722735086058;10.034798962577268;11.226412192788786;10.78135971352466;10.411510988012072;10.03342300153745;11.047123912114026;9.487840033823051;10.375039431346924;10.508785162064513;9.829722735086058;11.223398414711628;11.034798962577268;12.130892269806624;10.815383295813538;10.84313591111135;10.325305455089682;11.480285320936373;6.94251450533924;10.642954223480332;8.686500527183219;10.61286849729104;11.145932145820517;10.967946705812707;9.649256177517314;10.249113452713727;10.715104009236168;9.871905237659186;10.507794640198696;11.566054038171092;10.524541715035848;10.62662165235837;12.031356596255709;10.391243589427445;10.89633240390994;11.924070185585345;10.899356922923111;11.03342300153745;11.91214085629572;10.326429487122304;10.286557761607956;11.573647187493322;11.11309098344238;11.657765035265363;10.547858506058416;10.700439718141093;9.226412192788786;10.263269200372662;11.439830883981392;10.91288933622996;10.62662165235837;11.26795708440284;10.588714635582264;9.90839262077375;11.720244258287568;10.35974956032233;9.430452551665532;11.527965641133957;10.014020470314934;9.782998208920414;12.304921669581672;11.84901407369482;11.0;10.67595703294175;12.207319426457804;11.366868586167094;11.54061240824953;9.688250309133178;9.632995197142955;10.67595703294175;11.256208688527389;10.060695931687556;12.67661826358852;10.353146825498085;11.202736043250168;10.706496018061188;11.520127550324853;11.77313920671969;10.782998208920414;11.590587049915037;11.625708843064466;12.155134454857755;11.273212809854334;11.572226512793694;12.44190670454224;10.685624839726357;11.278449458220482;10.462502272597265;11.199672344836364;11.79644525906185;9.871905237659186;11.31797782240712;11.352043425795433;11.627533884472792;11.841171189248543;12.189515729800194;11.131856960608792;12.756347825516588;11.505811553919594;11.913637428049103;12.134747168669016;11.726218159332198;12.044735626056909;12.804937672051908;11.029287226968243;10.688250309133178;11.782588759494963;11.625708843064466;10.902375114486023;11.70173963867435;11.579315937580017;11.771902080697716;11.715533063526584;12.014717929860009;10.585901449690772;12.157031074378354;13.199672344836364;11.88264304936184;10.564149489985732;11.82137539237254;11.521600439723729;10.59618975614441;12.067098185748383;11.603162679534382;11.30890780406394;11.476746203939468;12.002111776479852;11.781769511863132;12.545447181678094;12.735556023911537;11.203348002979762;10.49585502688717;12.072802534544207;11.072802534544207;11.171176797651771;11.096715154488535;11.737669863177452;11.929998062609029;11.203348002979762;11.119589620741122;12.068442416025826;11.531868775177552;11.513234113806051;11.962534563511271;11.007728114632254;12.32333628928017;11.094737505048093;12.01262453886506;11.27029532647204;10.177419537989236;11.888362741170644;11.776021715252812;12.326148561205557;11.955649907528374;10.674192268145683;11.121533517340032;11.179287104646004;12.39419471001943;11.725366257895642;11.382624026574916;11.486332252768664;11.63026712502677;10.025139562278508;11.227014193649133;11.501339618061396;11.525031345124;10.46352437327118;11.89822347121556;11.724087461793989;12.201511344500146;11.639340708652233;11.10459875356437;11.152284842306582;11.829722735086058;11.366868586167094;12.262682142362165;12.097373768990222;12.268249571994492;10.861086905995396;12.055282435501187;11.858758099935422;10.28424574982967;11.560332834212442;11.314583244274194;11.334831928118;11.729620743553038;11.418379719364957;11.936637939002573;11.42574042431621
12.62113611327464;13.1527601687754;12.999471572532684;12.416533660199583;12.942697762886755;12.715533063526584;13.169142076887963;12.058668250340572;14.121209716409284;11.86534664481678;12.177108041703692;14.006326078524934;12.663113308455806;13.908767882849189;13.745989380245254;13.62445278651674;12.71789058398728;12.773551346428505;12.532599438672984;13.480032814583948;13.69859615674503;12.532842910961282;13.831307243802051;12.908955477289462;12.777255315191924;12.599912842187129;13.09226162484392;12.81678367937856;13.274669342073851;13.825853188624407;13.64565843240871;13.140989493445831;14.009478745888066;12.91625269881221;13.57116008792743;13.241089378860856;14.162233958149615;13.92035285541508;13.056129634445549;12.62067804213541;11.935533412950749;13.554468941854116;12.990635833003022;12.437231901039478;13.416665599935456;13.85671730636763;13.222794902868111;13.92035285541508;13.730151673173312;13.480032814583948;12.663113308455806;11.673309075561695;12.857592285697526;13.728133100306216;12.599912842187129;12.806549621985962;12.97960382407446;12.420486612825774;13.543152684414894;12.684529482418489;12.483563888125094;13.032734528586714;14.117724258818354;13.528820354483504;12.570330101030798;13.57116008792743;13.373544903224404;13.511134929484388;13.762693467754428;12.801304186049023;13.944986520293032;13.115531404166768;11.893680738390907;12.521600439723729;13.24272753598652;13.102139753410698;12.882452001882136;13.2940463132715;13.496229639354992;13.892353075734109;13.094077685671904;13.807354922057604;12.053247125912426;13.213711798105672;13.8317030992143;13.005098178239706;13.7737573721398;13.762693467754428;13.080984034047532;11.809768128710411;13.363997822358366;12.274086905634414;13.871520262329112;12.749031382040204;12.958733947142935;13.655754310144218;11.157978449945432;12.608023750456493;14.110972607782893;13.6884688827327;13.700222950799256;13.638662165859657;13.1641212734183;13.4526273491019;13.020459141699511;12.40992124124968;13.700222950799256;13.333574677458138;13.011401989880063;11.61056350392504;13.024273962540002;12.418379719364957;13.37937836707126;13.85047987973505;12.796648041413844;12.940680648424092;13.967586527296072;13.188125180255538;14.051123954019456;13.233170262382703;13.124606006959192;13.23212108408222;13.660998653822476;13.84960057483748;12.39419471001943;14.075061255605394;12.42259043389256;13.30435132166324;12.928148216169037;13.268249571994492;13.71831881047926;13.701956178268135;13.507051302247916;13.456611099574918;12.996296936687374;12.828929827651486;13.578018814974364;13.4806639976193;13.32558654521057;14.0515488384404;12.50457073932441;13.22022715726067;13.733545003757078;13.556506054671928;13.4231159101471;12.611024797307351;13.93737382019215;13.214622686302336;13.483941705343671;13.39110930404168;13.542548262335211;13.51422090935813;13.860408059124657;13.302781701267095;13.632086412835182;13.106890045092218;13.047123912114026;13.152284842306582;12.76632184795396;14.011489349172887;13.809366207816078;13.716176405807428;13.157662727208448;13.715211284771843;13.867375276565458;12.924998023446696;13.885601054714876;13.581200581924955;14.276560638218411;12.317695245765163;12.391243589427445;12.56724310527944;13.548219857354203;12.838416075797335;13.24198314969433;11.943247395901553;13.48708634027127;13.845392038441137;13.192909219112012;13.14194745831562;14.074392373511284;13.132660377147287;13.814582465906277;13.430844535105216;12.57530287507339;13.001760028327215;12.947454306767218;13.088125692188209;13.50519128001998;13.372457000417915;12.985486199104637;12.466841208321602;12.924441392339196;13.04882741336389;13.673529924401144;13.112928141855113;13.66478058593351;14.035486451292154;13.07865119332527;13.446824840780309;14.062299160732609;14.33336502911934;12.654636028527968;13.445144206553636;13.746094383705463;14.06373212019692;14.19136771341894;12.307485448589476;12.81257844413538;13.309618456283072;13.198598511485049;13.414024509878152;14.337900602860929;13.7279204545632;13.512493573945038;13.08530646999156;13.62296694479051;14.295266715687722;12.53503231452927;13.125252013928852;13.52061868055628;14.28828934218097;13.48708634027127;14.46735081448758;13.659661483688078;13.054773877229938
5.285402218862249;3.0;10.1006623390052;5.882643049361842;13.90048948483465;3.700439718141092;5.357552004618084;10.20945336562895;9.066089190457772;4.523561956057013;8.154818109052105;5.614709844115208;11.208234358339787;9.095397022792556;4.857980995127572;5.614709844115208;5.285402218862249;10.349834091457248;5.285402218862249;7.03342300153745;9.970105890612182;6.129283016944966;8.344295907915816;5.357552004618084;8.189824558880018;5.977279923499917;13.294477161427873;3.584962500721156;4.906890595608519;7.066089190457772;4.807354922057604;3.169925001442312;5.426264754702098;6.426264754702098;8.290018846932618;6.807354922057604;5.491853096329675;3.0;4.247927513443585;5.930737337562887;5.044394119358453;10.954196310386877;11.66622400280318;6.087462841250339;3.807354922057604;7.714245517666122;11.9947069952581;3.0;7.924812503605781;7.03342300153745;11.208234358339787;10.50481898763284;4.459431618637297;6.882643049361842;5.977279923499917;11.816183681432342;7.05528243550119;10.732167425663384;5.459431618637297;5.727920454563199;7.569855608330948;3.584962500721156;7.442943495848728;4.392317422778761;4.321928094887363;8.290018846932618;6.0;3.169925001442312;6.169925001442312;8.308339030139408;10.733862719678545;4.459431618637297;9.86727873970966;5.459431618637297;4.392317422778761;6.459431618637297;4.857980995127572;6.087462841250339;4.523561956057013;5.523561956057013;3.584962500721156;5.614709844115208;5.614709844115208;5.523561956057013;13.096385734452651;4.392317422778761;9.187352073200495;6.169925001442312;8.134426320220927;6.357552004618084;4.0;9.079484783826816;7.076815597050831;3.321928094887362;4.321928094887363;7.05528243550119;3.584962500721156;10.611024797307351;7.276124405274237;6.807354922057604;5.672425341971495;14.556506054671928;11.157346935362844;5.169925001442312;6.0;6.20945336562895;5.672425341971495;5.523561956057013;5.584962500721156;3.4594316186372973;5.044394119358453;11.4231159101471;6.022367813028454;8.92481250360578;9.726218159332198;5.247927513443585;8.81698362325538;8.417852514885897;8.527477006060396;5.0;5.882643049361842;10.03342300153745;7.483815777264256;8.643856189774725;7.851749041416057;7.845490050944375;7.087462841250339;6.599912842187128;7.78135971352466;8.651051691178928;9.068778277985412;8.471675214392045;8.124121311829187;10.492854620174748;9.67595703294175;7.139551352398794;9.674192268145683;10.439830883981392;9.216745858195306;10.583082767502932;5.700439718141092;5.087462841250339;5.247927513443585;8.900866807980748;10.923327485419192;9.493855449240822;8.59245703726808;7.721099188707186;6.554588851677638;9.108524456778168;8.519636252843213;5.087462841250339;10.019590728357882;8.479780264029099;9.826548487290914;7.539158811108031;8.483815777264256;8.507794640198696;4.169925001442312;9.94104760634058;9.467605550082997;10.43567026093655;8.29920801838728;7.531381460516312;9.390168956200185;8.577428828035748;8.588714635582264;7.426264754702098;7.851749041416057;8.426264754702098;6.794415866350106;7.60733031374961;6.459431618637297;6.569855608330948;5.247927513443585;4.087462841250339;6.20945336562895;10.068778277985412;8.73809225962049;7.129283016944966;11.165535141377925;5.247927513443585;8.022367813028454;7.087462841250339;9.129283016944967;6.507794640198696;4.857980995127572;6.965784284662087;8.930737337562887;9.162391328756906;6.870364719583405;3.321928094887362;7.651051691178928;9.068778277985412;11.000704269011246;8.848622940429339;6.303780748177103;10.166163082646111;8.569855608330947;4.643856189774724;9.129283016944967;8.055282435501189;7.03342300153745;7.169925001442312;8.184875342908283;9.65284497300198;9.108524456778168;6.357552004618084;7.2384047393250786;6.658211482751795;9.59245703726808;6.794415866350106;8.087462841250339;9.729620743553038;7.266786540694901;4.807354922057604;9.51175265376738;9.174925682500678;5.321928094887363;7.499845887083206;7.845490050944375;9.63117705570398;6.22881869049588;9.505811553919594;10.152284842306582;7.076815597050831
10.546894459887636;10.071462362556623;10.513727595952435;10.25502856981873;9.885696373339394;9.467605550082997;11.047123912114026;6.459431618637297;11.760719947465624;8.383704292474052;11.905387005018133;9.933690654952231;8.321928094887362;10.109830654278792;10.33427328530719;9.14210705730255;10.324180546618742;7.330916878114617;5.0;8.758223214726724;4.857980995127572;7.807354922057604;8.820178962415188;10.043027283594547;6.108524456778169;8.754887502163468;10.726218159332198;9.870364719583405;8.930737337562887;10.002815015607052;9.269126679149418;12.62067804213541;9.954196310386877;5.906890595608519;9.792790294301064;6.599912842187128;10.230020435705637;9.287712379549449;10.053925881531104;9.527477006060396;7.219168520462161;7.266786540694901;8.870364719583405;11.166163082646111;11.570330101030798;8.693486957499324;7.679480099505446;9.287712379549449;7.800899899920305;8.758223214726724;8.321928094887362;8.011227255423254;10.91288933622996;8.991521846075695;8.754887502163468;4.0;7.266786540694901;9.129283016944967;9.76487159073609;7.900866807980749;10.91139198784346;4.392317422778761;10.555547771647063;11.347067657165873;10.545929769085468;9.792790294301064;8.939579214314692;12.3151495622563;12.083146870816742;9.535275376620802;8.184875342908283;9.103287808412022;7.813781191217037;8.199672344836364;11.857592285697526;6.6293566200796095;8.734709620225837;10.57459352733761;9.700439718141093;11.44190670454224;10.184875342908285;9.776433032444732;9.61286849729104;7.303780748177103;8.839203788096944;10.72451385311995;9.074141462752506;12.083146870816742;12.397674632948268;6.727920454563199;11.65954999687987;6.066089190457772;8.807354922057604;10.646558710154547;11.809366207816078;11.249706056969703;10.77066389291676;8.475733430966399;11.316847183602473;11.92740761294903;7.826548487290915;7.960001932068081;8.848622940429339;9.366322214245816;10.546894459887636;8.682994583681683;7.826548487290915;11.908017261062804;10.092757140919852;12.746304367701304;9.665335917185176;10.702172685365548;10.927037168720297;7.562242424221073;8.974414589805527;0.0;8.426264754702098;8.784634845557521;9.35974956032233;5.044394119358453;8.566054038171092;9.139551352398794;1.584962500721156;8.348728154231077;3.321928094887362;6.930737337562887;8.405141463136344;3.4594316186372973;9.729620743553038;8.20945336562895;9.247927513443583;7.870364719583405;9.216745858195306;9.221587121264806;9.377210530388552;7.826548487290915;7.930737337562887;8.768184324776927;9.573647187493322;8.344295907915816;9.537218400538595;5.285402218862249;0.0;9.457380879072534;6.672425341971495;6.189824558880018;8.405141463136344;8.778077129535358;9.194756854422248;9.842350343413807;9.236014191900084;5.523561956057013;8.588714635582264;9.264442600226602;7.665335917185176;8.459431618637296;10.531381460516313;7.906890595608519;4.857980995127572;9.233619676759702;7.845490050944375;9.805743872151618;8.81698362325538;8.588714635582264;9.768184324776929;8.276124405274238;8.7714894695006;9.49585502688717;9.092757140919852;10.375039431346924;9.29920801838728;8.189824558880018;6.169925001442312;9.312882955284357;9.620219825507489;1.0;2.0;9.409390936137704;8.483815777264256;8.948367231584678;8.906890595608518;7.179909090014935;9.266786540694902;5.672425341971495;9.78463484555752;8.63662462054365;5.357552004618084;9.364134655008051;9.541096615349524;7.294620748891627;10.324180546618742;1.584962500721156;8.531381460516313;9.3151495622563;6.870364719583405;7.622051819456376;7.800899899920305;8.0;9.810571634741146;0.0;8.049848549450562;10.60733031374961;8.813781191217037;7.774787059601174;8.62935662007961;9.487840033823051;8.199672344836364;7.539158811108031;7.357552004618084;5.321928094887363;8.113742166049189;8.149747119504681;9.016808287686557;9.368506461507693;7.870364719583405;1.0;7.857980995127572;9.240791332161956;0.0;8.103287808412022;7.693486957499325;6.845490050944375;0.0;9.098032082960527;10.17367713630342;7.693486957499325
2.584962500721156;3.807354922057604;9.224001674198105;2.807354922057604;9.54882190845875;3.584962500721156;5.087462841250339;5.426264754702098;2.321928094887362;2.321928094887362;8.375039431346925;4.954196310386875;8.876516946565;4.754887502163468;0.0;4.807354922057604;3.169925001442312;7.459431618637297;0.0;2.807354922057604;9.177419537989236;4.321928094887363;0.0;2.321928094887362;10.295768934420508;3.4594316186372973;6.906890595608519;2.807354922057604;4.906890595608519;4.321928094887363;4.754887502163468;5.357552004618084;5.20945336562895;2.0;2.321928094887362;1.584962500721156;3.4594316186372973;2.584962500721156;3.584962500721156;5.247927513443585;6.700439718141092;11.285980105928212;9.731319031025064;11.057314877782703;1.584962500721156;2.321928094887362;7.294620748891627;2.584962500721156;4.0;2.807354922057604;8.876516946565;6.087462841250339;2.807354922057604;2.0;3.4594316186372973;3.906890595608519;4.169925001442312;2.584962500721156;2.0;2.321928094887362;2.807354922057604;4.0;4.584962500721156;4.523561956057013;4.321928094887363;2.321928094887362;3.4594316186372973;2.0;3.4594316186372973;8.271463027904375;5.930737337562887;0.0;9.036173612553483;6.78135971352466;5.321928094887363;5.087462841250339;3.0;2.807354922057604;2.321928094887362;2.584962500721156;3.4594316186372973;4.169925001442312;3.321928094887362;2.584962500721156;2.0;5.169925001442312;3.906890595608519;3.4594316186372973;4.087462841250339;7.851749041416057;3.700439718141092;8.823367240046235;3.0;3.169925001442312;4.087462841250339;2.321928094887362;1.0;3.807354922057604;1.584962500721156;4.169925001442312;1.0;9.86727873970966;2.584962500721156;3.169925001442312;0.0;2.0;1.0;4.459431618637297;4.584962500721156;3.807354922057604;1.584962500721156;7.366322214245816;3.906890595608519;5.169925001442312;6.022367813028454;6.339850002884624;6.491853096329675;5.392317422778761;5.285402218862249;6.894817763307944;4.906890595608519;4.459431618637297;6.714245517666122;5.20945336562895;7.276124405274237;7.276124405274237;5.954196310386875;7.247927513443585;3.700439718141092;5.491853096329675;5.672425341971495;5.321928094887363;6.3750394313469245;4.807354922057604;5.459431618637297;6.321928094887363;4.169925001442312;5.700439718141092;6.554588851677638;4.700439718141092;6.108524456778169;6.426264754702098;6.3750394313469245;5.727920454563199;5.0;5.20945336562895;6.0;5.554588851677638;5.087462841250339;4.169925001442312;5.459431618637297;5.906890595608519;5.392317422778761;5.247927513443585;5.044394119358453;3.584962500721156;6.169925001442312;5.700439718141092;6.7414669864011465;5.247927513443585;4.906890595608519;3.0;5.044394119358453;6.285402218862249;2.0;5.087462841250339;4.700439718141092;6.066089190457772;4.459431618637297;5.78135971352466;4.392317422778761;4.0;6.108524456778169;6.066089190457772;5.954196310386875;7.392317422778761;6.882643049361842;5.459431618637297;4.169925001442312;5.087462841250339;3.906890595608519;5.554588851677638;5.882643049361842;6.266786540694901;5.754887502163468;5.523561956057013;5.832890014164741;5.247927513443585;5.554588851677638;6.044394119358453;5.285402218862249;6.857980995127572;4.523561956057013;4.523561956057013;5.169925001442312;4.954196310386875;6.357552004618084;5.285402218862249;3.584962500721156;5.20945336562895;5.087462841250339;4.857980995127572;5.491853096329675;3.169925001442312;5.554588851677638;4.584962500721156;6.857980995127572;5.954196310386875;5.459431618637297;6.247927513443585;4.247927513443585;4.700439718141092;5.954196310386875;3.700439718141092;6.0;6.820178962415188;4.754887502163468;5.700439718141092;8.370687406807217;4.700439718141092;6.149747119504682;5.087462841250339;7.098032082960526;4.857980995127572;3.807354922057604;5.700439718141092
4.247927513443585;1.0;2.807354922057604;4.807354922057604;1.584962500721156;4.392317422778761;3.321928094887362;0.0;5.169925001442312;2.321928094887362;3.584962500721156;2.0;2.584962500721156;3.4594316186372973;0.0;2.584962500721156;3.169925001442312;0.0;1.0;2.807354922057604;0.0;4.392317422778761;3.0;1.584962500721156;0.0;4.169925001442312;2.807354922057604;1.0;2.321928094887362;4.087462841250339;0.0;4.087462841250339;1.584962500721156;1.0;1.0;2.0;0.0;4.584962500721156;4.857980995127572;6.339850002884624;4.321928094887363;1.0;0.0;3.807354922057604;4.807354922057604;2.584962500721156;2.0;4.584962500721156;0.0;2.807354922057604;2.584962500721156;3.0;3.700439718141092;1.0;4.169925001442312;3.321928094887362;3.0;4.700439718141092;5.523561956057013;1.0;1.0;1.584962500721156;6.129283016944966;4.754887502163468;2.321928094887362;1.0;3.0;2.584962500721156;5.129283016944966;3.0;1.0;3.169925001442312;2.584962500721156;3.584962500721156;5.459431618637297;0.0;3.169925001442312;5.0;3.321928094887362;5.247927513443585;4.321928094887363;3.700439718141092;1.584962500721156;5.129283016944966;3.169925001442312;5.584962500721156;5.523561956057013;5.129283016944966;4.169925001442312;0.0;5.20945336562895;1.584962500721156;3.321928094887362;7.139551352398794;7.321928094887363;3.584962500721156;2.0;3.321928094887362;5.491853096329675;7.348728154231077;1.0;2.0;1.584962500721156;5.129283016944966;1.584962500721156;6.523561956057013;1.0;4.087462841250339;4.087462841250339;3.321928094887362;4.584962500721156;2.321928094887362;4.459431618637297;3.584962500721156;1.0;6.22881869049588;5.523561956057013;3.321928094887362;5.832890014164741;4.643856189774724;4.087462841250339;3.700439718141092;6.754887502163468;7.948367231584678;6.977279923499917;7.139551352398794;5.247927513443585;6.0;3.169925001442312;3.700439718141092;3.4594316186372973;2.584962500721156;6.6865005271832185;0.0;3.906890595608519;3.169925001442312;2.321928094887362;2.807354922057604;4.247927513443585;3.807354922057604;7.918863237274595;7.276124405274237;6.303780748177103;5.491853096329675;2.807354922057604;2.0;4.584962500721156;4.321928094887363;2.584962500721156;2.807354922057604;2.584962500721156;4.0;3.4594316186372973;0.0;2.321928094887362;5.459431618637297;2.321928094887362;6.392317422778761;7.569855608330948;5.087462841250339;5.754887502163468;4.523561956057013;6.523561956057013;6.754887502163468;3.584962500721156;4.0;2.807354922057604;2.321928094887362;5.700439718141092;4.0;2.321928094887362;5.643856189774724;7.554588851677638;5.930737337562887;3.321928094887362;6.409390936137702;6.643856189774724;2.321928094887362;1.584962500721156;2.321928094887362;5.044394119358453;6.714245517666122;4.906890595608519;7.366322214245816;1.0;4.807354922057604;6.870364719583405;4.392317422778761;3.4594316186372973;1.584962500721156;6.285402218862249;5.169925001442312;6.247927513443585;3.169925001442312;1.584962500721156;1.584962500721156;6.954196310386875;2.807354922057604;3.169925001442312;7.330916878114617;6.20945336562895;5.285402218862249;6.022367813028454;3.0;4.0;3.169925001442312;5.426264754702098;6.918863237274595;5.832890014164741;7.108524456778169;3.807354922057604;6.491853096329675;3.0;4.857980995127572;7.483815777264256;7.531381460516312;2.584962500721156;1.584962500721156;6.169925001442312;6.066089190457772;1.584962500721156;2.584962500721156;10.10459875356437;3.807354922057604;3.700439718141092;5.672425341971495
2.321928094887362;3.0;0.0;1.584962500721156;4.392317422778761;1.0;3.807354922057604;2.0;2.0;2.807354922057604;0.0;2.584962500721156;3.700439718141092;3.4594316186372973;2.321928094887362;2.0;4.169925001442312;2.584962500721156;1.0;2.807354922057604;2.0;2.807354922057604;2.807354922057604;4.169925001442312;1.584962500721156;2.321928094887362;1.0;2.584962500721156;1.0;4.087462841250339;2.807354922057604;3.0;3.584962500721156;3.807354922057604;2.0;2.0;1.0;4.0;1.584962500721156;2.0;3.169925001442312;0.0;1.584962500721156;3.321928094887362;3.0;0.0;5.0;4.0;2.0;2.807354922057604;3.700439718141092;2.807354922057604;3.0;1.584962500721156;2.321928094887362;1.584962500721156;3.4594316186372973;1.0;3.0;2.321928094887362;2.584962500721156;1.584962500721156;2.807354922057604;1.0;1.0;2.0;3.700439718141092;0.0;3.584962500721156;2.321928094887362;3.0;2.0;0.0;2.807354922057604;3.0;4.247927513443585;0.0;2.0;0.0;2.0;3.169925001442312;1.584962500721156;3.4594316186372973;1.584962500721156;4.584962500721156;4.807354922057604;2.321928094887362;3.584962500721156;4.523561956057013;2.0;1.584962500721156;2.0;3.321928094887362;1.0;0.0;2.584962500721156;1.584962500721156;1.584962500721156;1.0;3.584962500721156;1.584962500721156;1.584962500721156;3.807354922057604;3.0;0.0;4.247927513443585;1.584962500721156;3.906890595608519;1.0;2.584962500721156;1.584962500721156;3.0;4.169925001442312;3.906890595608519;1.0;2.0;2.321928094887362;2.321928094887362;2.807354922057604;2.807354922057604;1.584962500721156;1.584962500721156;1.0;2.807354922057604;2.321928094887362;3.169925001442312;2.0;0.0;2.807354922057604;1.0;3.807354922057604;0.0;1.0;0.0;3.0;1.0;0.0;1.0;1.0;3.4594316186372973;4.754887502163468;3.0;2.0;2.0;2.584962500721156;1.0;3.4594316186372973;1.0;3.169925001442312;3.584962500721156;2.0;4.169925001442312;3.0;3.0;2.0;3.0;1.0;2.0;0.0;3.906890595608519;4.247927513443585;2.0;1.584962500721156;5.554588851677638;0.0;3.169925001442312;3.584962500721156;2.0;2.0;3.700439718141092;2.584962500721156;2.807354922057604;2.321928094887362;1.584962500721156;3.0;4.754887502163468;2.584962500721156;4.321928094887363;2.0;2.0;1.0;3.321928094887362;2.584962500721156;3.4594316186372973;3.0;2.584962500721156;2.0;2.807354922057604;1.584962500721156;2.321928094887362;0.0;2.584962500721156;2.807354922057604;2.321928094887362;1.584962500721156;0.0;4.754887502163468;1.584962500721156;2.0;2.584962500721156;2.0;0.0;2.0;1.584962500721156;1.584962500721156;1.584962500721156;3.0;0.0;2.0;3.321928094887362;2.807354922057604;2.321928094887362;3.321928094887362;2.584962500721156;2.0;3.169925001442312;2.584962500721156;3.169925001442312;2.0;2.584962500721156;3.0;0.0;5.321928094887363;2.321928094887362;1.584962500721156;1.0
9.049848549450562;7.169925001442312;6.832890014164741;8.988684686772165;8.409390936137703;7.129283016944966;8.174925682500678;6.554588851677638;8.46352437327118;8.804131021183318;9.94397991434374;8.413627929024173;8.807354922057604;9.08214904135387;7.179909090014935;6.507794640198696;9.640244936222343;9.011227255423254;4.247927513443585;10.129283016944967;7.417852514885898;9.69522829149575;8.876516946565;8.88264304936184;8.957102041562287;9.08746284125034;9.632995197142955;6.658211482751795;7.592457037268081;9.39660478118186;10.405141463136344;7.294620748891627;9.23840473932508;7.312882955284356;8.64745842645492;9.20212382383046;8.139551352398794;7.03342300153745;7.912889336229962;8.658211482751796;6.189824558880018;9.236014191900084;7.321928094887363;8.76487159073609;7.467605550082998;8.618385502258606;8.011227255423254;7.03342300153745;8.78135971352466;10.129283016944967;8.807354922057604;9.052568050804153;8.569855608330947;9.54882190845875;9.08746284125034;4.807354922057604;8.400879436282183;7.894817763307944;8.842350343413807;8.854868383260236;9.586839787961829;6.894817763307944;8.076815597050832;8.238404739325079;7.312882955284356;8.64745842645492;9.840777923595054;7.6293566200796095;10.3409627642517;9.813781191217036;7.03342300153745;8.038918989292302;8.693486957499324;7.845490050944375;8.531381460516313;9.99859042974533;7.741466986401146;7.813781191217037;8.768184324776927;8.08214904135387;9.394462694610317;7.954196310386875;7.727920454563199;7.20945336562895;7.826548487290915;9.46352437327118;9.44086916761087;10.3409627642517;8.98299357469431;8.353146825498083;7.768184324776926;6.794415866350106;7.672425341971495;7.562242424221073;8.550746785383243;6.965784284662087;5.129283016944966;9.047123912114026;8.778077129535358;9.14210705730255;7.707359132080882;8.661778097771988;7.622051819456376;8.721099188707186;7.22881869049588;7.383704292474052;7.707359132080882;9.537218400538595;8.164906926675688;7.965784284662087;6.977279923499917;7.870364719583405;10.11504365016171;9.499845887083206;8.721099188707186;8.826548487290914;9.939579214314692;9.108524456778168;9.659995892429976;9.20945336562895;9.25974326369078;9.501837184902296;8.618385502258606;8.271463027904375;9.39231742277876;8.96289600533726;9.459431618637296;8.531381460516313;9.449148645375436;9.134426320220928;9.489847960439295;9.44086916761087;10.586839787961829;8.700439718141093;10.260919533662904;10.03342300153745;9.473705749619416;9.157346935362844;9.857980995127573;10.140829770773;10.811374693509942;10.256208688527389;8.434628227636725;9.409390936137704;9.005624549193879;8.531381460516313;9.46352437327118;9.638435913990472;10.094077685671904;8.721099188707186;9.187352073200495;8.59245703726808;10.382624026574916;9.900866807980748;9.49585502688717;7.721099188707186;9.310612781659527;9.537218400538595;8.62935662007961;9.550746785383245;9.523561956057012;9.25974326369078;9.632995197142955;9.968666793195208;9.348728154231075;9.65284497300198;9.992938336165814;9.471675214392045;8.483815777264256;9.303780748177102;8.78135971352466;8.562242424221072;9.169925001442312;9.197216693110052;9.69522829149575;9.324180546618742;8.7714894695006;10.740624044489412;9.014020470314934;9.546894459887636;9.611024797307351;9.269126679149418;10.01262453886506;9.197216693110052;9.339850002884624;9.550746785383245;8.761551232444479;9.493855449240822;9.552669097514272;9.092757140919852;9.116343961237469;9.614709844115207;9.280770770130603;9.00842862207058;9.481799431665753;9.162391328756906;9.717676423066395;9.981567281903017;9.661778097771988;8.643856189774725;8.714245517666123;10.053925881531104;8.672425341971495;8.339850002884624;10.178664851006472;8.700439718141093;10.011227255423254;9.036173612553483;8.622051819456376;9.0;9.047123912114026;9.813781191217036;10.29920801838728;9.43879185257826;9.854868383260236;8.611024797307353;9.661778097771988;9.696967526234287;8.144658242831882;9.584962500721156;9.13699111208023;8.994353436858859;9.897845456005513;10.34207466799914;9.131856960608792;9.86418614465428
12.490349505739289;11.868822554775;12.975310618056731;11.733439082899434;11.5473765634981;11.016808287686557;12.214622686302336;12.466586337719244;13.199672344836364;10.837627933171404;11.38316426063511;13.408197036444903;11.467605550082997;13.151650829973422;12.39231742277876;12.496354488564617;12.214622686302336;13.413760134755387;10.557463701597824;12.521109643651332;11.446566409066069;10.910642730469624;12.044394119358454;12.097702963524654;12.410716333604269;11.782179193831208;12.743361806865863;11.86379910372885;11.557942286787448;12.118941072723509;12.576248129843252;11.647008638441648;13.063900610128892;12.312599378862627;12.308054559066637;12.083146870816742;13.165064005998712;12.538673953082668;12.467860240707878;11.988329649231089;11.671983272091865;12.34485068394299;12.243173983472952;11.885696373339394;12.04678297035635;12.014369242235135;12.414420981746416;12.538673953082668;12.479275030250204;12.521109643651332;11.467605550082997;11.404077136241234;11.567480801143043;12.693051295397;11.782179193831208;10.881113960675096;12.421012855779226;11.256208688527389;12.775198728897983;12.30206767252652;11.890644283619087;12.086799685623452;13.4360608294651;12.153552031708111;11.235415935602528;12.308054559066637;12.940864139049571;12.29920801838728;12.384513961398618;12.650154213675094;12.886077584873094;12.048486873992337;12.065752701816972;11.675516044082778;12.49210354247923;11.886458695703706;11.654188473059545;12.19506456372082;11.82097669262124;12.615399743725495;12.43827205612483;13.035830072835015;10.737247343027738;12.518898992777316;13.11423036019097;11.65508344519798;12.556026992724677;12.384513961398618;11.215532999745657;11.262682142362165;11.733862719678545;12.926851910929878;12.663558104217271;11.602698865017963;11.17804232886482;12.468878553819426;9.447083226209651;12.026869205263395;12.891973519025557;12.614939847310737;12.559616085812724;13.394462694610317;12.666667840690357;12.230921088137896;12.94379681959879;12.040289721025715;12.559616085812724;12.587074277201008;11.839597483021176;10.733015321685963;12.45763738099176;11.89822347121556;12.232420927176076;12.59898297103609;12.147522944350744;12.242578689451346;12.64745842645492;12.129605011152504;12.81818270494864;12.205793249397155;12.364134655008051;12.40992124124968;12.50332885662666;12.464800981655417;11.66222330531784;12.739991514684226;11.43827205612483;11.559855041513623;11.858758099935422;12.114067647165264;12.390168956200185;12.292896755409172;12.31938987600021;12.579080183834757;12.428098411832506;12.167731741103244;12.290882822429577;12.3395716783847;12.285402218862249;12.915879378835774;11.41204051455165;12.386670859637618;12.30862344513114;12.325305455089682;12.54399845013454;11.800899899920305;12.344295907915816;12.139231570719351;12.95655766257052;12.257093144491057;12.332596057789214;12.368779260041338;12.701306461958623;12.264442600226602;12.33119687715303;11.918863237274596;12.085140461701762;12.075479149488016;11.748612176736982;12.700656452918167;12.82137539237254;13.29920801838728;11.998942951443086;12.543515216152167;12.958915156091347;12.166163082646111;12.895007180368662;12.36112133473479;12.447083226209651;11.33371442609397;11.282509306240836;11.371776644337924;12.177108041703692;12.058330026205653;12.564625862795372;10.76155123244448;12.590353130978018;12.993822936745916;11.983349927676455;12.054265139625764;12.962353808635276;12.006326078524934;12.905198945962804;12.342630298678408;11.817383427897232;12.122504484313904;12.013671614058635;12.107544031975989;12.324180546618742;12.38505348834615;12.471167133724393;11.216139556425135;11.7431513941125;11.876133200043016;12.288000889707574;11.89026427702111;12.521600439723729;12.71037597120447;12.43149760425805;12.249706056969703;12.84901407369482;12.949279579076595;11.347067657165873;11.545929769085468;12.68057929578025;12.676397887044764;12.709083812550343;11.403544678202014;12.169611882604212;12.268542000300124;12.121209716409284;12.561287945164828;12.945626722229823;12.89954574499535;12.505811553919594;12.169611882604212;12.301210371298426;12.82456102997028;12.726643921483994;11.921097088106793;12.393122273589531;12.295768934420508;12.164592716712368;13.33552992757082;12.60177078840771;12.097373768990222
10.37937836707126;9.377210530388552;9.49585502688717;10.823367240046236;10.544964432789238;9.090112419664289;9.092757140919852;9.400879436282183;10.997885127829113;9.577428828035748;10.65642486327778;10.338736382573916;11.181773438808808;10.348728154231075;10.181152256865566;10.144658242831882;11.350939181546432;9.552669097514272;8.682994583681683;10.750706986224948;10.208234358339787;10.925554439873554;10.159871336778387;10.210671343785622;9.91288933622996;10.7657004876511;10.915879378835774;10.239598529249124;10.109830654278792;10.805743872151618;10.044394119358454;10.029287226968243;12.059682447247638;10.447083226209651;11.257387842692651;10.152284842306582;11.441388029346689;9.99717948093762;9.978710459106358;10.818582177480858;9.935165049603697;8.88264304936184;9.273795599214264;11.653292945382814;10.117643101389092;10.116343961237469;11.844313461203296;9.99717948093762;10.561287945164828;10.750706986224948;11.181773438808808;11.020979938904212;9.94251450533924;10.741466986401146;10.7657004876511;8.038918989292302;10.664447284547972;8.375039431346925;10.683871868622605;10.294620748891628;9.714245517666123;9.89026427702111;10.653740778706569;10.684748620421626;9.638435913990472;11.257387842692651;11.811374693509942;9.36194377373524;10.512740462803498;9.507794640198696;9.505811553919594;10.832098846039134;9.49585502688717;10.447083226209651;9.98584193700334;11.545929769085468;10.03342300153745;10.389093521904474;10.295768934420508;10.703038388986418;10.967226258835993;10.582141981658776;10.632086412835182;9.390168956200185;10.661778097771988;11.24555270625568;11.0;10.512740462803498;10.846273911349906;9.204571144249204;9.810571634741146;9.46352437327118;10.711666973564348;9.69522829149575;10.876516946565;9.92481250360578;7.98299357469431;11.564625862795372;10.161131882984307;10.701306461958623;9.357552004618084;10.471675214392045;10.60177078840771;11.325305455089682;9.571752643503546;9.67595703294175;9.357552004618084;10.787086324551616;9.67065624911844;10.030667136246942;10.037546953962178;8.876516946565;10.92851837525789;12.214015491410844;10.75905593916017;12.34734453943155;11.6965329140783;11.348174867535556;12.03823313473178;12.46454575033394;12.30862344513114;12.302353326431202;12.739147709986453;11.388017285345136;11.244958393151132;11.942147920394849;11.414685235807214;11.632995197142955;12.189824558880018;11.059344460824423;11.480790201095816;11.096056239180946;12.62548055047108;11.350386742312844;11.780129619625306;12.54617100226735;10.543031820255235;11.693922488081014;11.840384550711669;11.2940463132715;12.502583213553354;12.971902746045467;12.858952310750938;12.411246151840444;11.785043714779723;10.015415052386688;11.409390936137704;12.050188767596437;12.45917543555203;11.31628153174622;11.192292814470768;12.517423341396473;11.909518114296617;11.641600215834355;10.88340698638837;10.935165049603697;10.651051691178928;12.32895536178133;12.322773176454564;11.923327485419192;12.716176405807428;11.092096414990792;12.13859179463752;13.294477161427873;11.473705749619416;11.980853606379736;11.809366207816078;12.002815015607052;11.397139806235604;11.047123912114026;11.808159772868375;11.697836357962377;12.719174882328078;11.861474675125772;12.285980105928212;11.7988767681333;12.948184692830605;11.683433292835405;10.460455896309636;11.419960177847887;12.002815015607052;12.179598130849836;12.65306897657993;12.4186432493759;11.098032082960527;11.693486957499324;11.808562029957525;11.645208082774683;11.003517912108602;11.237209960755022;11.4655664048094;11.795227966028678;11.667555107041132;11.148476582178278;11.330356716957944;10.339850002884624;13.070959476927566;11.256208688527389;11.136350341454156;11.58261245126702;12.436711542137214;11.836444911341369;11.246740598493144;10.051208940914766;12.375582512490508;11.26209484537018;13.098361127332096;12.14242620231898;12.002111776479852;12.112765281885316;11.7632123668144;12.830713256951874;13.610217437068332;10.714245517666123;11.750288267591651;13.051378899687522;11.498849206531723;11.561287945164828;10.45532722030456;11.963257356633047;12.37910756556115;10.936637939002573;12.845686055977064;11.698270577692032;11.52258153125483;12.159240650411672
10.90312867681232;11.532842910961282;12.959639764364184;11.159240650411672;12.183945471757246;11.592924155627635;12.438012087651131;11.692179576312538;12.99028127536032;8.614709844115207;12.240195053979924;10.90312867681232;12.004220466318197;12.784430367484626;11.804131021183318;13.069953179485545;10.854089179870574;13.274378153246364;9.7279204545632;12.075813377461454;12.51939054134796;11.16679075071818;11.922584402713664;12.463013413449692;11.467605550082997;11.029287226968243;12.465821455643775;11.16427843830117;11.661778097771988;12.304066063127284;12.11309098344238;12.116343961237469;12.065079488999862;12.929443357684196;11.830515206976838;11.386401423640775;12.758014958495272;12.565816107100892;12.35837648032824;11.65642486327778;12.812979471251484;18.120161924837248;11.787902559391432;10.011227255423254;10.774787059601174;12.84588203438406;13.972531117102672;12.565816107100892;12.304921669581672;12.075813377461454;12.004220466318197;10.944712061043486;11.230620933129869;11.751962413460854;11.029287226968243;12.081483438093674;11.406205005418856;11.237209960755022;12.678820179524028;11.406736482691723;10.98655314975666;10.450180247164754;13.493230012442156;12.214926187942435;12.185804615108458;11.830515206976838;12.47294463377961;11.943247395901553;10.901621158346112;12.52258153125483;13.508785162064513;11.367414751246828;11.91288933622996;10.749031382040204;12.154818109052105;11.93810932621924;12.38505348834615;12.114393054867309;9.364134655008051;13.250150350472438;11.790755750118311;12.829128095368542;10.968666793195208;12.47015043527436;12.414685235807214;11.64745842645492;12.609640474436812;10.901621158346112;11.684748620421626;11.518161355756956;12.316564385396942;13.519513402326607;12.986730898175647;10.92035285541508;11.29978040285854;12.556984957594462;10.032045726930807;11.310612781659527;12.76983784362944;12.44086916761087;12.233919208586975;13.54677390880832;11.728345714710976;12.069785394983302;12.405141463136344;11.744413410557655;12.233919208586975;12.521109643651332;11.927777962082342;11.395534135462302;11.992230264965889;12.061708704660624;11.977995368612962;11.988329649231089;11.16804526822409;11.405673332281866;11.860699032611988;11.627989784315703;12.271463027904376;11.394462694610317;11.349281228817452;11.573173784686484;11.501339618061396;12.077149515589731;10.61654884377899;12.109504215757006;10.913637428049103;11.153552031708111;11.409390936137704;11.507299124122763;11.977279923499916;11.886077584873094;12.114393054867309;11.787902559391432;11.660887270302569;11.340406490853294;11.405141463136344;11.707790495528824;12.25089053572334;12.129926933510394;10.689124404913258;11.107870914279614;11.752380646552892;12.273795599214264;11.216139556425135;11.174925682500678;12.735344469539005;11.64565843240871;10.995767150877802;11.869979332899964;11.60177078840771;11.848231701093818;12.256798386079389;11.3292357417338;11.825356341479337;11.127349541059118;11.62844554013718;11.358101707440849;11.419433550705378;12.009128789539256;12.287423811683524;12.115693952197011;11.4812949046311;12.07045641594465;11.842350343413807;11.02167404285837;11.798471801101618;12.093087390444218;13.253404328774154;10.854868383260236;11.152284842306582;11.591989767615123;11.909893083770042;11.360847084179664;11.595723694101627;10.373952655370193;11.667111542075029;12.383704292474052;10.927037168720297;11.268542000300124;11.974414589805528;11.735979039613404;11.99045856507371;11.687375683437468;11.269711121142782;11.619761463298424;11.03342300153745;11.546412195119352;11.616089313582115;11.783816759320182;11.912515144802397;10.023754353299417;11.488342277532524;11.567480801143043;11.642954223480332;11.293471648838134;11.884170519108435;12.23661220021575;11.23840473932508;11.734709620225836;12.61677855400014;13.085638429275328;11.852529509404196;12.275542556086725;11.80896417491926;12.221285017810471;12.019243216603607;10.989394499844732;11.353146825498085;11.3157156580222;11.269126679149418;11.66266837551754;12.403544678202014;11.522091068887065;11.997885127829113;11.41732511767992;11.519144787997414;12.281930026955443;10.20212382383046;11.29117069932186;11.281350514981035;12.56961830344664;12.678380065109115;13.148953164809123;11.90651484484695;11.256208688527389
